15:46:59.456646 POST /session [19.295532ms] OK body={"capabilities":{"platformName":"Android","deviceName":"Android SDK built for x86"}}
15:46:59.464304 POST /session/0a9752df-beae-4611-b4a6-0d792c2d3a15/appium/settings [7.318127ms] OK body={"settings":{"waitForIdleTimeout":200}}
15:46:59.471001 POST /session/0a9752df-beae-4611-b4a6-0d792c2d3a15/appium/settings [6.659777ms] OK body={"settings":{"implicitWait":100}}
15:46:59.554187 GET /session/0a9752df-beae-4611-b4a6-0d792c2d3a15/appium/device/info [42.812439ms] OK body=
15:46:59.573171 POST /session/0a9752df-beae-4611-b4a6-0d792c2d3a15/appium/settings [7.183032ms] OK body={"settings":{"waitForIdleTimeout":200}}
15:47:03.397294 POST /session/0a9752df-beae-4611-b4a6-0d792c2d3a15/appium/device/launch_app [7.774022ms] ERR:404 body={"appId":"com.tastopia.app"}
15:47:05.570155 POST /session/0a9752df-beae-4611-b4a6-0d792c2d3a15/element [976.48683ms] OK body={"strategy":"-android uiautomator","selector":"new UiSelector().resourceIdMatches(\".*welcome-sign-i...
15:47:06.472543 GET /session/0a9752df-beae-4611-b4a6-0d792c2d3a15/element/00000000-0000-0007-ffff-ffff00000023/text [902.191926ms] OK body=
15:47:06.495056 GET /session/0a9752df-beae-4611-b4a6-0d792c2d3a15/element/00000000-0000-0007-ffff-ffff00000023/rect [22.434305ms] OK body=
15:47:06.544141 POST /session/0a9752df-beae-4611-b4a6-0d792c2d3a15/element/00000000-0000-0007-ffff-ffff00000023/click [48.996029ms] OK body=
15:47:07.188253 POST /session/0a9752df-beae-4611-b4a6-0d792c2d3a15/element [588.275667ms] OK body={"strategy":"-android uiautomator","selector":"new UiSelector().resourceIdMatches(\".*login-identifi...
15:47:07.665626 POST /session/0a9752df-beae-4611-b4a6-0d792c2d3a15/element [476.82255ms] OK body={"strategy":"-android uiautomator","selector":"new UiSelector().resourceIdMatches(\".*login-identifi...
15:47:07.678537 GET /session/0a9752df-beae-4611-b4a6-0d792c2d3a15/element/00000000-0000-0007-ffff-ffff00000034/text [12.843039ms] OK body=
15:47:07.690777 GET /session/0a9752df-beae-4611-b4a6-0d792c2d3a15/element/00000000-0000-0007-ffff-ffff00000034/rect [12.181981ms] OK body=
15:47:07.724895 POST /session/0a9752df-beae-4611-b4a6-0d792c2d3a15/element/00000000-0000-0007-ffff-ffff00000034/click [34.036692ms] OK body=
15:47:09.311264 POST /session/0a9752df-beae-4611-b4a6-0d792c2d3a15/actions [1.585970285s] OK body={"actions":[{"actions":[{"type":"keyDown","value":"a"},{"type":"keyUp","value":"a"},{"type":"keyDown...
15:47:09.325004 POST /session/0a9752df-beae-4611-b4a6-0d792c2d3a15/appium/device/hide_keyboard [13.428441ms] ERR:404 body=
15:47:09.856215 POST /session/0a9752df-beae-4611-b4a6-0d792c2d3a15/element [530.901185ms] OK body={"strategy":"-android uiautomator","selector":"new UiSelector().resourceIdMatches(\".*login-password...
15:47:09.884363 POST /session/0a9752df-beae-4611-b4a6-0d792c2d3a15/element [27.84671ms] OK body={"strategy":"-android uiautomator","selector":"new UiSelector().resourceIdMatches(\".*login-password...
15:47:09.897641 GET /session/0a9752df-beae-4611-b4a6-0d792c2d3a15/element/00000000-0000-0007-ffff-ffff00000035/text [13.210906ms] OK body=
15:47:09.908372 GET /session/0a9752df-beae-4611-b4a6-0d792c2d3a15/element/00000000-0000-0007-ffff-ffff00000035/rect [10.677014ms] OK body=
15:47:10.559866 POST /session/0a9752df-beae-4611-b4a6-0d792c2d3a15/element/00000000-0000-0007-ffff-ffff00000035/click [651.417752ms] OK body=
15:47:10.722851 POST /session/0a9752df-beae-4611-b4a6-0d792c2d3a15/actions [162.648711ms] OK body={"actions":[{"actions":[{"type":"keyDown","value":"P"},{"type":"keyUp","value":"P"},{"type":"keyDown...
15:47:10.734380 POST /session/0a9752df-beae-4611-b4a6-0d792c2d3a15/appium/device/hide_keyboard [11.447828ms] ERR:404 body=
15:47:11.277936 POST /session/0a9752df-beae-4611-b4a6-0d792c2d3a15/element [543.281421ms] OK body={"strategy":"-android uiautomator","selector":"new UiSelector().resourceIdMatches(\".*login-submit-b...
15:47:11.289451 GET /session/0a9752df-beae-4611-b4a6-0d792c2d3a15/element/00000000-0000-0007-ffff-ffff00000046/text [11.455307ms] OK body=
15:47:11.301243 GET /session/0a9752df-beae-4611-b4a6-0d792c2d3a15/element/00000000-0000-0007-ffff-ffff00000046/rect [11.726882ms] OK body=
15:47:11.341724 POST /session/0a9752df-beae-4611-b4a6-0d792c2d3a15/element/00000000-0000-0007-ffff-ffff00000046/click [40.408798ms] OK body=
15:47:12.005496 POST /session/0a9752df-beae-4611-b4a6-0d792c2d3a15/element [663.706552ms] OK body={"strategy":"-android uiautomator","selector":"new UiSelector().resourceIdMatches(\".*login-submit-b...
15:47:12.017600 GET /session/0a9752df-beae-4611-b4a6-0d792c2d3a15/element/00000000-0000-0007-ffff-ffff00000046/text [12.031261ms] OK body=
15:47:12.029442 GET /session/0a9752df-beae-4611-b4a6-0d792c2d3a15/element/00000000-0000-0007-ffff-ffff00000046/rect [11.781719ms] OK body=
15:47:12.059949 POST /session/0a9752df-beae-4611-b4a6-0d792c2d3a15/element/00000000-0000-0007-ffff-ffff00000046/click [30.445888ms] OK body=
15:47:12.091973 POST /session/0a9752df-beae-4611-b4a6-0d792c2d3a15/element [31.667ms] ERR:404 body={"strategy":"-android uiautomator","selector":"new UiSelector().resourceIdMatches(\".*COMMUNITY.*\")...
15:47:12.804198 POST /session/0a9752df-beae-4611-b4a6-0d792c2d3a15/element [712.123308ms] ERR:404 body={"strategy":"-android uiautomator","selector":"new UiSelector().resourceIdMatches(\".*COMMUNITY.*\")...
15:47:12.814533 POST /session/0a9752df-beae-4611-b4a6-0d792c2d3a15/element [10.232259ms] ERR:404 body={"strategy":"-android uiautomator","selector":"new UiSelector().resourceIdMatches(\".*COMMUNITY.*\")...
15:47:12.825782 POST /session/0a9752df-beae-4611-b4a6-0d792c2d3a15/element [11.172031ms] ERR:404 body={"strategy":"-android uiautomator","selector":"new UiSelector().resourceIdMatches(\".*COMMUNITY.*\")...
15:47:12.834816 POST /session/0a9752df-beae-4611-b4a6-0d792c2d3a15/element [8.949339ms] ERR:404 body={"strategy":"-android uiautomator","selector":"new UiSelector().resourceIdMatches(\".*COMMUNITY.*\")...
15:47:12.843329 POST /session/0a9752df-beae-4611-b4a6-0d792c2d3a15/element [8.409938ms] ERR:404 body={"strategy":"-android uiautomator","selector":"new UiSelector().resourceIdMatches(\".*COMMUNITY.*\")...
15:47:12.851926 POST /session/0a9752df-beae-4611-b4a6-0d792c2d3a15/element [8.521455ms] ERR:404 body={"strategy":"-android uiautomator","selector":"new UiSelector().resourceIdMatches(\".*COMMUNITY.*\")...
15:47:12.863360 POST /session/0a9752df-beae-4611-b4a6-0d792c2d3a15/element [11.343583ms] ERR:404 body={"strategy":"-android uiautomator","selector":"new UiSelector().resourceIdMatches(\".*COMMUNITY.*\")...
15:47:12.871589 POST /session/0a9752df-beae-4611-b4a6-0d792c2d3a15/element [8.141659ms] ERR:404 body={"strategy":"-android uiautomator","selector":"new UiSelector().resourceIdMatches(\".*COMMUNITY.*\")...
15:47:12.880066 POST /session/0a9752df-beae-4611-b4a6-0d792c2d3a15/element [8.397703ms] ERR:404 body={"strategy":"-android uiautomator","selector":"new UiSelector().resourceIdMatches(\".*COMMUNITY.*\")...
15:47:12.888539 POST /session/0a9752df-beae-4611-b4a6-0d792c2d3a15/element [8.33279ms] ERR:404 body={"strategy":"-android uiautomator","selector":"new UiSelector().resourceIdMatches(\".*COMMUNITY.*\")...
15:47:12.898762 POST /session/0a9752df-beae-4611-b4a6-0d792c2d3a15/element [10.154411ms] ERR:404 body={"strategy":"-android uiautomator","selector":"new UiSelector().resourceIdMatches(\".*COMMUNITY.*\")...
15:47:12.908573 POST /session/0a9752df-beae-4611-b4a6-0d792c2d3a15/element [9.715804ms] ERR:404 body={"strategy":"-android uiautomator","selector":"new UiSelector().resourceIdMatches(\".*COMMUNITY.*\")...
15:47:12.918112 POST /session/0a9752df-beae-4611-b4a6-0d792c2d3a15/element [9.477188ms] ERR:404 body={"strategy":"-android uiautomator","selector":"new UiSelector().resourceIdMatches(\".*COMMUNITY.*\")...
15:47:12.928036 POST /session/0a9752df-beae-4611-b4a6-0d792c2d3a15/element [9.850385ms] ERR:404 body={"strategy":"-android uiautomator","selector":"new UiSelector().resourceIdMatches(\".*COMMUNITY.*\")...
15:47:12.938617 POST /session/0a9752df-beae-4611-b4a6-0d792c2d3a15/element [9.257287ms] ERR:404 body={"strategy":"-android uiautomator","selector":"new UiSelector().resourceIdMatches(\".*COMMUNITY.*\")...
15:47:12.949025 POST /session/0a9752df-beae-4611-b4a6-0d792c2d3a15/element [10.337822ms] ERR:404 body={"strategy":"-android uiautomator","selector":"new UiSelector().resourceIdMatches(\".*COMMUNITY.*\")...
15:47:12.962215 POST /session/0a9752df-beae-4611-b4a6-0d792c2d3a15/element [13.09484ms] ERR:404 body={"strategy":"-android uiautomator","selector":"new UiSelector().resourceIdMatches(\".*COMMUNITY.*\")...
15:47:12.972991 POST /session/0a9752df-beae-4611-b4a6-0d792c2d3a15/element [10.703792ms] ERR:404 body={"strategy":"-android uiautomator","selector":"new UiSelector().resourceIdMatches(\".*COMMUNITY.*\")...
15:47:12.984539 POST /session/0a9752df-beae-4611-b4a6-0d792c2d3a15/element [11.481804ms] ERR:404 body={"strategy":"-android uiautomator","selector":"new UiSelector().resourceIdMatches(\".*COMMUNITY.*\")...
15:47:12.997634 POST /session/0a9752df-beae-4611-b4a6-0d792c2d3a15/element [12.998896ms] ERR:404 body={"strategy":"-android uiautomator","selector":"new UiSelector().resourceIdMatches(\".*COMMUNITY.*\")...
15:47:13.007384 POST /session/0a9752df-beae-4611-b4a6-0d792c2d3a15/element [9.652421ms] ERR:404 body={"strategy":"-android uiautomator","selector":"new UiSelector().resourceIdMatches(\".*COMMUNITY.*\")...
15:47:13.015780 POST /session/0a9752df-beae-4611-b4a6-0d792c2d3a15/element [8.311425ms] ERR:404 body={"strategy":"-android uiautomator","selector":"new UiSelector().resourceIdMatches(\".*COMMUNITY.*\")...
15:47:13.025558 POST /session/0a9752df-beae-4611-b4a6-0d792c2d3a15/element [9.694224ms] ERR:404 body={"strategy":"-android uiautomator","selector":"new UiSelector().resourceIdMatches(\".*COMMUNITY.*\")...
15:47:13.036388 POST /session/0a9752df-beae-4611-b4a6-0d792c2d3a15/element [10.748775ms] ERR:404 body={"strategy":"-android uiautomator","selector":"new UiSelector().resourceIdMatches(\".*COMMUNITY.*\")...
15:47:13.058838 POST /session/0a9752df-beae-4611-b4a6-0d792c2d3a15/element [21.789311ms] ERR:404 body={"strategy":"-android uiautomator","selector":"new UiSelector().resourceIdMatches(\".*COMMUNITY.*\")...
15:47:13.661570 POST /session/0a9752df-beae-4611-b4a6-0d792c2d3a15/element [602.612104ms] ERR:404 body={"strategy":"-android uiautomator","selector":"new UiSelector().resourceIdMatches(\".*COMMUNITY.*\")...
15:47:13.671859 POST /session/0a9752df-beae-4611-b4a6-0d792c2d3a15/element [10.19346ms] ERR:404 body={"strategy":"-android uiautomator","selector":"new UiSelector().resourceIdMatches(\".*COMMUNITY.*\")...
15:47:13.681047 POST /session/0a9752df-beae-4611-b4a6-0d792c2d3a15/element [9.077873ms] ERR:404 body={"strategy":"-android uiautomator","selector":"new UiSelector().resourceIdMatches(\".*COMMUNITY.*\")...
15:47:13.689829 POST /session/0a9752df-beae-4611-b4a6-0d792c2d3a15/element [8.67151ms] ERR:404 body={"strategy":"-android uiautomator","selector":"new UiSelector().resourceIdMatches(\".*COMMUNITY.*\")...
15:47:13.700743 POST /session/0a9752df-beae-4611-b4a6-0d792c2d3a15/element [10.847083ms] ERR:404 body={"strategy":"-android uiautomator","selector":"new UiSelector().resourceIdMatches(\".*COMMUNITY.*\")...
15:47:13.710055 POST /session/0a9752df-beae-4611-b4a6-0d792c2d3a15/element [9.223961ms] ERR:404 body={"strategy":"-android uiautomator","selector":"new UiSelector().resourceIdMatches(\".*COMMUNITY.*\")...
15:47:13.719859 POST /session/0a9752df-beae-4611-b4a6-0d792c2d3a15/element [9.718382ms] ERR:404 body={"strategy":"-android uiautomator","selector":"new UiSelector().resourceIdMatches(\".*COMMUNITY.*\")...
15:47:13.730854 POST /session/0a9752df-beae-4611-b4a6-0d792c2d3a15/element [10.908662ms] ERR:404 body={"strategy":"-android uiautomator","selector":"new UiSelector().resourceIdMatches(\".*COMMUNITY.*\")...
15:47:13.741388 POST /session/0a9752df-beae-4611-b4a6-0d792c2d3a15/element [10.457111ms] ERR:404 body={"strategy":"-android uiautomator","selector":"new UiSelector().resourceIdMatches(\".*COMMUNITY.*\")...
15:47:13.751458 POST /session/0a9752df-beae-4611-b4a6-0d792c2d3a15/element [10.000772ms] ERR:404 body={"strategy":"-android uiautomator","selector":"new UiSelector().resourceIdMatches(\".*COMMUNITY.*\")...
15:47:13.764509 POST /session/0a9752df-beae-4611-b4a6-0d792c2d3a15/element [12.961746ms] ERR:404 body={"strategy":"-android uiautomator","selector":"new UiSelector().resourceIdMatches(\".*COMMUNITY.*\")...
15:47:13.773909 POST /session/0a9752df-beae-4611-b4a6-0d792c2d3a15/element [9.320582ms] ERR:404 body={"strategy":"-android uiautomator","selector":"new UiSelector().resourceIdMatches(\".*COMMUNITY.*\")...
15:47:13.784259 POST /session/0a9752df-beae-4611-b4a6-0d792c2d3a15/element [10.27196ms] ERR:404 body={"strategy":"-android uiautomator","selector":"new UiSelector().resourceIdMatches(\".*COMMUNITY.*\")...
15:47:13.794754 POST /session/0a9752df-beae-4611-b4a6-0d792c2d3a15/element [10.407704ms] ERR:404 body={"strategy":"-android uiautomator","selector":"new UiSelector().resourceIdMatches(\".*COMMUNITY.*\")...
15:47:13.812290 POST /session/0a9752df-beae-4611-b4a6-0d792c2d3a15/element [17.460877ms] ERR:404 body={"strategy":"-android uiautomator","selector":"new UiSelector().resourceIdMatches(\".*COMMUNITY.*\")...
15:47:13.822684 POST /session/0a9752df-beae-4611-b4a6-0d792c2d3a15/element [10.307522ms] ERR:404 body={"strategy":"-android uiautomator","selector":"new UiSelector().resourceIdMatches(\".*COMMUNITY.*\")...
15:47:13.834449 POST /session/0a9752df-beae-4611-b4a6-0d792c2d3a15/element [11.681042ms] ERR:404 body={"strategy":"-android uiautomator","selector":"new UiSelector().resourceIdMatches(\".*COMMUNITY.*\")...
15:47:13.845687 POST /session/0a9752df-beae-4611-b4a6-0d792c2d3a15/element [11.151219ms] ERR:404 body={"strategy":"-android uiautomator","selector":"new UiSelector().resourceIdMatches(\".*COMMUNITY.*\")...
15:47:13.854921 POST /session/0a9752df-beae-4611-b4a6-0d792c2d3a15/element [9.136322ms] ERR:404 body={"strategy":"-android uiautomator","selector":"new UiSelector().resourceIdMatches(\".*COMMUNITY.*\")...
15:47:13.863911 POST /session/0a9752df-beae-4611-b4a6-0d792c2d3a15/element [8.928145ms] ERR:404 body={"strategy":"-android uiautomator","selector":"new UiSelector().resourceIdMatches(\".*COMMUNITY.*\")...
15:47:13.873651 POST /session/0a9752df-beae-4611-b4a6-0d792c2d3a15/element [9.653087ms] ERR:404 body={"strategy":"-android uiautomator","selector":"new UiSelector().resourceIdMatches(\".*COMMUNITY.*\")...
15:47:13.883161 POST /session/0a9752df-beae-4611-b4a6-0d792c2d3a15/element [9.42026ms] ERR:404 body={"strategy":"-android uiautomator","selector":"new UiSelector().resourceIdMatches(\".*COMMUNITY.*\")...
15:47:13.892957 POST /session/0a9752df-beae-4611-b4a6-0d792c2d3a15/element [9.716325ms] ERR:404 body={"strategy":"-android uiautomator","selector":"new UiSelector().resourceIdMatches(\".*COMMUNITY.*\")...
15:47:13.903166 POST /session/0a9752df-beae-4611-b4a6-0d792c2d3a15/element [10.134943ms] ERR:404 body={"strategy":"-android uiautomator","selector":"new UiSelector().resourceIdMatches(\".*COMMUNITY.*\")...
15:47:13.924837 POST /session/0a9752df-beae-4611-b4a6-0d792c2d3a15/element [21.589747ms] ERR:404 body={"strategy":"-android uiautomator","selector":"new UiSelector().resourceIdMatches(\".*COMMUNITY.*\")...
15:47:13.936893 POST /session/0a9752df-beae-4611-b4a6-0d792c2d3a15/element [11.982242ms] ERR:404 body={"strategy":"-android uiautomator","selector":"new UiSelector().resourceIdMatches(\".*COMMUNITY.*\")...
15:47:13.945637 POST /session/0a9752df-beae-4611-b4a6-0d792c2d3a15/element [8.662632ms] ERR:404 body={"strategy":"-android uiautomator","selector":"new UiSelector().resourceIdMatches(\".*COMMUNITY.*\")...
15:47:13.960676 POST /session/0a9752df-beae-4611-b4a6-0d792c2d3a15/element [14.947375ms] ERR:404 body={"strategy":"-android uiautomator","selector":"new UiSelector().resourceIdMatches(\".*COMMUNITY.*\")...
15:47:13.973898 POST /session/0a9752df-beae-4611-b4a6-0d792c2d3a15/element [13.121684ms] ERR:404 body={"strategy":"-android uiautomator","selector":"new UiSelector().resourceIdMatches(\".*COMMUNITY.*\")...
15:47:13.982737 POST /session/0a9752df-beae-4611-b4a6-0d792c2d3a15/element [8.762116ms] ERR:404 body={"strategy":"-android uiautomator","selector":"new UiSelector().resourceIdMatches(\".*COMMUNITY.*\")...
15:47:13.991837 POST /session/0a9752df-beae-4611-b4a6-0d792c2d3a15/element [9.024055ms] ERR:404 body={"strategy":"-android uiautomator","selector":"new UiSelector().resourceIdMatches(\".*COMMUNITY.*\")...
15:47:14.000640 POST /session/0a9752df-beae-4611-b4a6-0d792c2d3a15/element [8.717498ms] ERR:404 body={"strategy":"-android uiautomator","selector":"new UiSelector().resourceIdMatches(\".*COMMUNITY.*\")...
15:47:14.009780 POST /session/0a9752df-beae-4611-b4a6-0d792c2d3a15/element [9.054361ms] ERR:404 body={"strategy":"-android uiautomator","selector":"new UiSelector().resourceIdMatches(\".*COMMUNITY.*\")...
15:47:14.022629 POST /session/0a9752df-beae-4611-b4a6-0d792c2d3a15/element [12.783924ms] ERR:404 body={"strategy":"-android uiautomator","selector":"new UiSelector().resourceIdMatches(\".*COMMUNITY.*\")...
15:47:14.034455 POST /session/0a9752df-beae-4611-b4a6-0d792c2d3a15/element [11.744887ms] ERR:404 body={"strategy":"-android uiautomator","selector":"new UiSelector().resourceIdMatches(\".*COMMUNITY.*\")...
15:47:14.045956 POST /session/0a9752df-beae-4611-b4a6-0d792c2d3a15/element [11.373332ms] ERR:404 body={"strategy":"-android uiautomator","selector":"new UiSelector().resourceIdMatches(\".*COMMUNITY.*\")...
15:47:14.057278 POST /session/0a9752df-beae-4611-b4a6-0d792c2d3a15/element [11.249787ms] ERR:404 body={"strategy":"-android uiautomator","selector":"new UiSelector().resourceIdMatches(\".*COMMUNITY.*\")...
15:47:14.068053 POST /session/0a9752df-beae-4611-b4a6-0d792c2d3a15/element [10.691183ms] ERR:404 body={"strategy":"-android uiautomator","selector":"new UiSelector().resourceIdMatches(\".*COMMUNITY.*\")...
15:47:14.077238 POST /session/0a9752df-beae-4611-b4a6-0d792c2d3a15/element [9.091137ms] ERR:404 body={"strategy":"-android uiautomator","selector":"new UiSelector().resourceIdMatches(\".*COMMUNITY.*\")...
15:47:14.087327 POST /session/0a9752df-beae-4611-b4a6-0d792c2d3a15/element [9.987896ms] ERR:404 body={"strategy":"-android uiautomator","selector":"new UiSelector().resourceIdMatches(\".*COMMUNITY.*\")...
15:47:14.095839 POST /session/0a9752df-beae-4611-b4a6-0d792c2d3a15/element [8.43491ms] ERR:404 body={"strategy":"-android uiautomator","selector":"new UiSelector().resourceIdMatches(\".*COMMUNITY.*\")...
15:47:14.104691 POST /session/0a9752df-beae-4611-b4a6-0d792c2d3a15/element [8.775444ms] ERR:404 body={"strategy":"-android uiautomator","selector":"new UiSelector().resourceIdMatches(\".*COMMUNITY.*\")...
15:47:14.117933 POST /session/0a9752df-beae-4611-b4a6-0d792c2d3a15/element [13.175145ms] ERR:404 body={"strategy":"-android uiautomator","selector":"new UiSelector().resourceIdMatches(\".*COMMUNITY.*\")...
15:47:14.127710 POST /session/0a9752df-beae-4611-b4a6-0d792c2d3a15/element [9.690557ms] ERR:404 body={"strategy":"-android uiautomator","selector":"new UiSelector().resourceIdMatches(\".*COMMUNITY.*\")...
15:47:14.138498 POST /session/0a9752df-beae-4611-b4a6-0d792c2d3a15/element [10.712943ms] ERR:404 body={"strategy":"-android uiautomator","selector":"new UiSelector().resourceIdMatches(\".*COMMUNITY.*\")...
15:47:14.149244 POST /session/0a9752df-beae-4611-b4a6-0d792c2d3a15/element [10.649721ms] ERR:404 body={"strategy":"-android uiautomator","selector":"new UiSelector().resourceIdMatches(\".*COMMUNITY.*\")...
15:47:14.161135 POST /session/0a9752df-beae-4611-b4a6-0d792c2d3a15/element [11.789138ms] ERR:404 body={"strategy":"-android uiautomator","selector":"new UiSelector().resourceIdMatches(\".*COMMUNITY.*\")...
15:47:14.171366 POST /session/0a9752df-beae-4611-b4a6-0d792c2d3a15/element [10.170183ms] ERR:404 body={"strategy":"-android uiautomator","selector":"new UiSelector().resourceIdMatches(\".*COMMUNITY.*\")...
15:47:14.182331 POST /session/0a9752df-beae-4611-b4a6-0d792c2d3a15/element [10.876193ms] ERR:404 body={"strategy":"-android uiautomator","selector":"new UiSelector().resourceIdMatches(\".*COMMUNITY.*\")...
15:47:14.194616 POST /session/0a9752df-beae-4611-b4a6-0d792c2d3a15/element [12.20005ms] ERR:404 body={"strategy":"-android uiautomator","selector":"new UiSelector().resourceIdMatches(\".*COMMUNITY.*\")...
15:47:14.214938 POST /session/0a9752df-beae-4611-b4a6-0d792c2d3a15/element [20.22836ms] ERR:404 body={"strategy":"-android uiautomator","selector":"new UiSelector().resourceIdMatches(\".*COMMUNITY.*\")...
15:47:14.225299 POST /session/0a9752df-beae-4611-b4a6-0d792c2d3a15/element [10.289698ms] ERR:404 body={"strategy":"-android uiautomator","selector":"new UiSelector().resourceIdMatches(\".*COMMUNITY.*\")...
15:47:14.234242 POST /session/0a9752df-beae-4611-b4a6-0d792c2d3a15/element [8.849143ms] ERR:404 body={"strategy":"-android uiautomator","selector":"new UiSelector().resourceIdMatches(\".*COMMUNITY.*\")...
15:47:14.243664 POST /session/0a9752df-beae-4611-b4a6-0d792c2d3a15/element [9.351216ms] ERR:404 body={"strategy":"-android uiautomator","selector":"new UiSelector().resourceIdMatches(\".*COMMUNITY.*\")...
15:47:14.253138 POST /session/0a9752df-beae-4611-b4a6-0d792c2d3a15/element [9.39485ms] ERR:404 body={"strategy":"-android uiautomator","selector":"new UiSelector().resourceIdMatches(\".*COMMUNITY.*\")...
15:47:14.262500 POST /session/0a9752df-beae-4611-b4a6-0d792c2d3a15/element [9.268723ms] ERR:404 body={"strategy":"-android uiautomator","selector":"new UiSelector().resourceIdMatches(\".*COMMUNITY.*\")...
15:47:14.270666 POST /session/0a9752df-beae-4611-b4a6-0d792c2d3a15/element [8.091399ms] ERR:404 body={"strategy":"-android uiautomator","selector":"new UiSelector().resourceIdMatches(\".*COMMUNITY.*\")...
15:47:14.294099 POST /session/0a9752df-beae-4611-b4a6-0d792c2d3a15/element [23.34758ms] ERR:404 body={"strategy":"-android uiautomator","selector":"new UiSelector().resourceIdMatches(\".*COMMUNITY.*\")...
15:47:14.309873 POST /session/0a9752df-beae-4611-b4a6-0d792c2d3a15/element [15.703137ms] ERR:404 body={"strategy":"-android uiautomator","selector":"new UiSelector().resourceIdMatches(\".*COMMUNITY.*\")...
15:47:14.326012 POST /session/0a9752df-beae-4611-b4a6-0d792c2d3a15/element [16.030232ms] ERR:404 body={"strategy":"-android uiautomator","selector":"new UiSelector().resourceIdMatches(\".*COMMUNITY.*\")...
15:47:15.053277 POST /session/0a9752df-beae-4611-b4a6-0d792c2d3a15/element [727.187054ms] OK body={"strategy":"-android uiautomator","selector":"new UiSelector().resourceIdMatches(\".*COMMUNITY.*\")...
15:47:17.140058 GET /session/0a9752df-beae-4611-b4a6-0d792c2d3a15/element/00000000-0000-0007-ffff-ffff00000061/text [2.086712304s] OK body=
15:47:18.059950 GET /session/0a9752df-beae-4611-b4a6-0d792c2d3a15/element/00000000-0000-0007-ffff-ffff00000061/rect [919.798453ms] OK body=
15:47:18.075824 POST /session/0a9752df-beae-4611-b4a6-0d792c2d3a15/element [14.491177ms] OK body={"strategy":"-android uiautomator","selector":"new UiSelector().textContains(\"Community\")"}
15:47:18.091302 POST /session/0a9752df-beae-4611-b4a6-0d792c2d3a15/element [14.35935ms] ERR:404 body={"strategy":"-android uiautomator","selector":"new UiSelector().resourceIdMatches(\".*COMMUNITY.*\")...
15:47:18.104910 POST /session/0a9752df-beae-4611-b4a6-0d792c2d3a15/element [13.534374ms] OK body={"strategy":"-android uiautomator","selector":"new UiSelector().resourceIdMatches(\".*COMMUNITY.*\")...
15:47:18.112379 GET /session/0a9752df-beae-4611-b4a6-0d792c2d3a15/element/00000000-0000-0007-ffff-ffff00000061/text [7.431705ms] OK body=
15:47:18.119406 GET /session/0a9752df-beae-4611-b4a6-0d792c2d3a15/element/00000000-0000-0007-ffff-ffff00000061/rect [6.986254ms] OK body=
15:47:18.143947 POST /session/0a9752df-beae-4611-b4a6-0d792c2d3a15/element/00000000-0000-0007-ffff-ffff00000061/click [24.508956ms] OK body=
15:47:18.198001 POST /session/0a9752df-beae-4611-b4a6-0d792c2d3a15/element [53.010954ms] ERR:404 body={"strategy":"-android uiautomator","selector":"new UiSelector().resourceIdMatches(\".*recipe.*\").cl...
15:47:18.237747 POST /session/0a9752df-beae-4611-b4a6-0d792c2d3a15/element [39.667168ms] OK body={"strategy":"-android uiautomator","selector":"new UiSelector().resourceIdMatches(\".*recipe.*\")"}
15:47:18.260527 GET /session/0a9752df-beae-4611-b4a6-0d792c2d3a15/element/00000000-0000-0007-ffff-ffff000000c6/text [22.739769ms] OK body=
15:47:18.270530 GET /session/0a9752df-beae-4611-b4a6-0d792c2d3a15/element/00000000-0000-0007-ffff-ffff000000c6/rect [9.957144ms] OK body=
15:47:18.304240 POST /session/0a9752df-beae-4611-b4a6-0d792c2d3a15/element/00000000-0000-0007-ffff-ffff000000c6/click [33.665249ms] OK body=
15:47:18.326095 POST /session/0a9752df-beae-4611-b4a6-0d792c2d3a15/element [20.489678ms] ERR:404 body={"strategy":"-android uiautomator","selector":"new UiSelector().resourceIdMatches(\".*recipe-comment...
15:47:18.362789 POST /session/0a9752df-beae-4611-b4a6-0d792c2d3a15/element [36.603718ms] ERR:404 body={"strategy":"-android uiautomator","selector":"new UiSelector().resourceIdMatches(\".*recipe-comment...
15:47:18.383581 POST /session/0a9752df-beae-4611-b4a6-0d792c2d3a15/element [20.716681ms] ERR:404 body={"strategy":"-android uiautomator","selector":"new UiSelector().resourceIdMatches(\".*recipe-comment...
15:47:18.396802 POST /session/0a9752df-beae-4611-b4a6-0d792c2d3a15/element [13.144319ms] ERR:404 body={"strategy":"-android uiautomator","selector":"new UiSelector().resourceIdMatches(\".*recipe-comment...
15:47:18.413967 POST /session/0a9752df-beae-4611-b4a6-0d792c2d3a15/element [17.085486ms] ERR:404 body={"strategy":"-android uiautomator","selector":"new UiSelector().resourceIdMatches(\".*recipe-comment...
15:47:18.623657 POST /session/0a9752df-beae-4611-b4a6-0d792c2d3a15/element [209.587037ms] ERR:404 body={"strategy":"-android uiautomator","selector":"new UiSelector().resourceIdMatches(\".*recipe-comment...
15:47:20.160626 POST /session/0a9752df-beae-4611-b4a6-0d792c2d3a15/element [1.536848318s] ERR:404 body={"strategy":"-android uiautomator","selector":"new UiSelector().resourceIdMatches(\".*recipe-comment...
15:47:21.663928 POST /session/0a9752df-beae-4611-b4a6-0d792c2d3a15/appium/gestures/scroll [1.503185259s] OK body={"area":{"left":0,"top":300,"width":1080,"height":1800},"direction":"down","percent":0.3}
15:47:21.984813 POST /session/0a9752df-beae-4611-b4a6-0d792c2d3a15/element [20.382479ms] ERR:404 body={"strategy":"-android uiautomator","selector":"new UiSelector().resourceIdMatches(\".*recipe-comment...
15:47:22.002498 POST /session/0a9752df-beae-4611-b4a6-0d792c2d3a15/element [17.57132ms] ERR:404 body={"strategy":"-android uiautomator","selector":"new UiSelector().resourceIdMatches(\".*recipe-comment...
15:47:22.019813 POST /session/0a9752df-beae-4611-b4a6-0d792c2d3a15/element [17.205933ms] ERR:404 body={"strategy":"-android uiautomator","selector":"new UiSelector().resourceIdMatches(\".*recipe-comment...
15:47:22.036206 POST /session/0a9752df-beae-4611-b4a6-0d792c2d3a15/element [16.320596ms] ERR:404 body={"strategy":"-android uiautomator","selector":"new UiSelector().resourceIdMatches(\".*recipe-comment...
15:47:22.068877 POST /session/0a9752df-beae-4611-b4a6-0d792c2d3a15/element [32.584943ms] ERR:404 body={"strategy":"-android uiautomator","selector":"new UiSelector().resourceIdMatches(\".*recipe-comment...
15:47:22.093479 POST /session/0a9752df-beae-4611-b4a6-0d792c2d3a15/element [24.530242ms] ERR:404 body={"strategy":"-android uiautomator","selector":"new UiSelector().resourceIdMatches(\".*recipe-comment...
15:47:22.143018 POST /session/0a9752df-beae-4611-b4a6-0d792c2d3a15/element [49.463377ms] ERR:404 body={"strategy":"-android uiautomator","selector":"new UiSelector().resourceIdMatches(\".*recipe-comment...
15:47:22.192388 POST /session/0a9752df-beae-4611-b4a6-0d792c2d3a15/element [49.267448ms] ERR:404 body={"strategy":"-android uiautomator","selector":"new UiSelector().resourceIdMatches(\".*recipe-comment...
15:47:22.231431 POST /session/0a9752df-beae-4611-b4a6-0d792c2d3a15/element [38.956745ms] ERR:404 body={"strategy":"-android uiautomator","selector":"new UiSelector().resourceIdMatches(\".*recipe-comment...
15:47:22.265250 POST /session/0a9752df-beae-4611-b4a6-0d792c2d3a15/element [33.688916ms] ERR:404 body={"strategy":"-android uiautomator","selector":"new UiSelector().resourceIdMatches(\".*recipe-comment...
15:47:22.314793 POST /session/0a9752df-beae-4611-b4a6-0d792c2d3a15/element [49.465267ms] ERR:404 body={"strategy":"-android uiautomator","selector":"new UiSelector().resourceIdMatches(\".*recipe-comment...
15:47:22.359906 POST /session/0a9752df-beae-4611-b4a6-0d792c2d3a15/element [44.979303ms] ERR:404 body={"strategy":"-android uiautomator","selector":"new UiSelector().resourceIdMatches(\".*recipe-comment...
15:47:22.409572 POST /session/0a9752df-beae-4611-b4a6-0d792c2d3a15/element [49.577095ms] ERR:404 body={"strategy":"-android uiautomator","selector":"new UiSelector().resourceIdMatches(\".*recipe-comment...
15:47:22.447031 POST /session/0a9752df-beae-4611-b4a6-0d792c2d3a15/element [37.365655ms] ERR:404 body={"strategy":"-android uiautomator","selector":"new UiSelector().resourceIdMatches(\".*recipe-comment...
15:47:22.477227 POST /session/0a9752df-beae-4611-b4a6-0d792c2d3a15/element [30.098135ms] ERR:404 body={"strategy":"-android uiautomator","selector":"new UiSelector().resourceIdMatches(\".*recipe-comment...
15:47:22.499977 POST /session/0a9752df-beae-4611-b4a6-0d792c2d3a15/element [22.665065ms] ERR:404 body={"strategy":"-android uiautomator","selector":"new UiSelector().resourceIdMatches(\".*recipe-comment...
15:47:22.522092 POST /session/0a9752df-beae-4611-b4a6-0d792c2d3a15/element [22.011415ms] ERR:404 body={"strategy":"-android uiautomator","selector":"new UiSelector().resourceIdMatches(\".*recipe-comment...
15:47:22.545840 POST /session/0a9752df-beae-4611-b4a6-0d792c2d3a15/element [23.667413ms] ERR:404 body={"strategy":"-android uiautomator","selector":"new UiSelector().resourceIdMatches(\".*recipe-comment...
15:47:22.575185 POST /session/0a9752df-beae-4611-b4a6-0d792c2d3a15/element [29.276139ms] ERR:404 body={"strategy":"-android uiautomator","selector":"new UiSelector().resourceIdMatches(\".*recipe-comment...
15:47:22.599448 POST /session/0a9752df-beae-4611-b4a6-0d792c2d3a15/element [24.187875ms] ERR:404 body={"strategy":"-android uiautomator","selector":"new UiSelector().resourceIdMatches(\".*recipe-comment...
15:47:22.628347 POST /session/0a9752df-beae-4611-b4a6-0d792c2d3a15/element [28.818202ms] ERR:404 body={"strategy":"-android uiautomator","selector":"new UiSelector().resourceIdMatches(\".*recipe-comment...
15:47:22.667553 POST /session/0a9752df-beae-4611-b4a6-0d792c2d3a15/element [39.126872ms] ERR:404 body={"strategy":"-android uiautomator","selector":"new UiSelector().resourceIdMatches(\".*recipe-comment...
15:47:22.700855 POST /session/0a9752df-beae-4611-b4a6-0d792c2d3a15/element [33.21718ms] ERR:404 body={"strategy":"-android uiautomator","selector":"new UiSelector().resourceIdMatches(\".*recipe-comment...
15:47:22.731256 POST /session/0a9752df-beae-4611-b4a6-0d792c2d3a15/element [30.326016ms] ERR:404 body={"strategy":"-android uiautomator","selector":"new UiSelector().resourceIdMatches(\".*recipe-comment...
15:47:22.759229 POST /session/0a9752df-beae-4611-b4a6-0d792c2d3a15/element [27.887144ms] ERR:404 body={"strategy":"-android uiautomator","selector":"new UiSelector().resourceIdMatches(\".*recipe-comment...
15:47:22.796382 POST /session/0a9752df-beae-4611-b4a6-0d792c2d3a15/element [37.0848ms] ERR:404 body={"strategy":"-android uiautomator","selector":"new UiSelector().resourceIdMatches(\".*recipe-comment...
15:47:22.827941 POST /session/0a9752df-beae-4611-b4a6-0d792c2d3a15/element [31.477886ms] ERR:404 body={"strategy":"-android uiautomator","selector":"new UiSelector().resourceIdMatches(\".*recipe-comment...
15:47:22.869222 POST /session/0a9752df-beae-4611-b4a6-0d792c2d3a15/element [41.202485ms] ERR:404 body={"strategy":"-android uiautomator","selector":"new UiSelector().resourceIdMatches(\".*recipe-comment...
15:47:22.907233 POST /session/0a9752df-beae-4611-b4a6-0d792c2d3a15/element [37.919895ms] ERR:404 body={"strategy":"-android uiautomator","selector":"new UiSelector().resourceIdMatches(\".*recipe-comment...
15:47:22.949988 POST /session/0a9752df-beae-4611-b4a6-0d792c2d3a15/element [42.685682ms] ERR:404 body={"strategy":"-android uiautomator","selector":"new UiSelector().resourceIdMatches(\".*recipe-comment...
15:47:22.985167 POST /session/0a9752df-beae-4611-b4a6-0d792c2d3a15/element [35.098319ms] ERR:404 body={"strategy":"-android uiautomator","selector":"new UiSelector().resourceIdMatches(\".*recipe-comment...
15:47:24.548768 POST /session/0a9752df-beae-4611-b4a6-0d792c2d3a15/appium/gestures/scroll [1.563514178s] OK body={"area":{"left":0,"top":300,"width":1080,"height":1800},"direction":"down","percent":0.3}
15:47:24.863241 POST /session/0a9752df-beae-4611-b4a6-0d792c2d3a15/element [13.955327ms] OK body={"strategy":"-android uiautomator","selector":"new UiSelector().resourceIdMatches(\".*recipe-comment...
15:47:24.870926 GET /session/0a9752df-beae-4611-b4a6-0d792c2d3a15/element/00000000-0000-0007-ffff-ffff0000010c/text [7.642173ms] OK body=
15:47:24.878731 GET /session/0a9752df-beae-4611-b4a6-0d792c2d3a15/element/00000000-0000-0007-ffff-ffff0000010c/rect [7.758343ms] OK body=
15:47:24.887699 POST /session/0a9752df-beae-4611-b4a6-0d792c2d3a15/element [7.876405ms] OK body={"strategy":"-android uiautomator","selector":"new UiSelector().resourceIdMatches(\".*recipe-comment...
15:47:24.893349 GET /session/0a9752df-beae-4611-b4a6-0d792c2d3a15/element/00000000-0000-0007-ffff-ffff0000010c/text [5.617288ms] OK body=
15:47:24.899032 GET /session/0a9752df-beae-4611-b4a6-0d792c2d3a15/element/00000000-0000-0007-ffff-ffff0000010c/rect [5.661082ms] OK body=
15:47:25.144708 POST /session/0a9752df-beae-4611-b4a6-0d792c2d3a15/element/00000000-0000-0007-ffff-ffff0000010c/click [245.620329ms] OK body=
15:47:26.560578 POST /session/0a9752df-beae-4611-b4a6-0d792c2d3a15/actions [1.41449592s] OK body={"actions":[{"actions":[{"type":"keyDown","value":"t"},{"type":"keyUp","value":"t"},{"type":"keyDown...
15:47:26.579581 POST /session/0a9752df-beae-4611-b4a6-0d792c2d3a15/appium/device/hide_keyboard [15.43139ms] ERR:404 body=
15:47:27.417581 POST /session/0a9752df-beae-4611-b4a6-0d792c2d3a15/element [836.55019ms] ERR:404 body={"strategy":"-android uiautomator","selector":"new UiSelector().resourceIdMatches(\".*submit-comment...
15:47:28.663540 POST /session/0a9752df-beae-4611-b4a6-0d792c2d3a15/element [1.245830637s] OK body={"strategy":"-android uiautomator","selector":"new UiSelector().resourceIdMatches(\".*submit-comment...
15:47:29.683224 GET /session/0a9752df-beae-4611-b4a6-0d792c2d3a15/element/00000000-0000-0007-ffff-ffff000001cb/text [1.019597526s] OK body=
15:47:30.475205 GET /session/0a9752df-beae-4611-b4a6-0d792c2d3a15/element/00000000-0000-0007-ffff-ffff000001cb/rect [791.903076ms] OK body=
15:47:31.696308 POST /session/0a9752df-beae-4611-b4a6-0d792c2d3a15/element/00000000-0000-0007-ffff-ffff000001cb/click [1.221031029s] OK body=
15:47:32.437925 POST /session/0a9752df-beae-4611-b4a6-0d792c2d3a15/element [741.523633ms] ERR:404 body={"strategy":"-android uiautomator","selector":"new UiSelector().resourceIdMatches(\".*submit-comment...
15:47:32.450392 POST /session/0a9752df-beae-4611-b4a6-0d792c2d3a15/element [12.365619ms] OK body={"strategy":"-android uiautomator","selector":"new UiSelector().resourceIdMatches(\".*submit-comment...
15:47:32.456515 GET /session/0a9752df-beae-4611-b4a6-0d792c2d3a15/element/00000000-0000-0007-ffff-ffff000001cb/text [6.068636ms] OK body=
15:47:32.466562 GET /session/0a9752df-beae-4611-b4a6-0d792c2d3a15/element/00000000-0000-0007-ffff-ffff000001cb/rect [10.003349ms] OK body=
15:47:32.493493 POST /session/0a9752df-beae-4611-b4a6-0d792c2d3a15/element/00000000-0000-0007-ffff-ffff000001cb/click [26.886656ms] OK body=
15:47:36.791643 POST /session/0a9752df-beae-4611-b4a6-0d792c2d3a15/appium/device/launch_app [4.86937ms] ERR:404 body={"appId":"com.tastopia.app"}
15:47:38.879841 POST /session/0a9752df-beae-4611-b4a6-0d792c2d3a15/element [832.776808ms] OK body={"strategy":"-android uiautomator","selector":"new UiSelector().resourceIdMatches(\".*MENU.*\")"}
15:47:39.776010 GET /session/0a9752df-beae-4611-b4a6-0d792c2d3a15/element/00000000-0000-000a-ffff-ffff0000006f/text [896.105632ms] OK body=
15:47:41.255578 GET /session/0a9752df-beae-4611-b4a6-0d792c2d3a15/element/00000000-0000-000a-ffff-ffff0000006f/rect [1.479486821s] OK body=
15:47:41.272683 POST /session/0a9752df-beae-4611-b4a6-0d792c2d3a15/element [16.803077ms] ERR:404 body={"strategy":"-android uiautomator","selector":"new UiSelector().resourceIdMatches(\".*MENU.*\").clic...
15:47:41.289465 POST /session/0a9752df-beae-4611-b4a6-0d792c2d3a15/element [16.711126ms] OK body={"strategy":"-android uiautomator","selector":"new UiSelector().resourceIdMatches(\".*MENU.*\")"}
15:47:41.297297 GET /session/0a9752df-beae-4611-b4a6-0d792c2d3a15/element/00000000-0000-000a-ffff-ffff0000006f/text [7.769092ms] OK body=
15:47:41.307373 GET /session/0a9752df-beae-4611-b4a6-0d792c2d3a15/element/00000000-0000-000a-ffff-ffff0000006f/rect [10.041999ms] OK body=
15:47:41.336274 POST /session/0a9752df-beae-4611-b4a6-0d792c2d3a15/element/00000000-0000-000a-ffff-ffff0000006f/click [28.869898ms] OK body=
15:47:41.340549 POST /session/0a9752df-beae-4611-b4a6-0d792c2d3a15/appium/device/hide_keyboard [4.201133ms] ERR:404 body=
15:47:41.482881 POST /session/0a9752df-beae-4611-b4a6-0d792c2d3a15/element [141.98673ms] ERR:404 body={"strategy":"-android uiautomator","selector":"new UiSelector().textContains(\"History\")"}
15:47:41.681626 POST /session/0a9752df-beae-4611-b4a6-0d792c2d3a15/element [198.575022ms] ERR:404 body={"strategy":"-android uiautomator","selector":"new UiSelector().descriptionContains(\"History\")"}
15:47:42.483169 POST /session/0a9752df-beae-4611-b4a6-0d792c2d3a15/element [801.45569ms] OK body={"strategy":"-android uiautomator","selector":"new UiSelector().textMatches(\"(?is).*\\QHistory\\E.*...
15:47:42.492424 POST /session/0a9752df-beae-4611-b4a6-0d792c2d3a15/element [8.950718ms] OK body={"strategy":"-android uiautomator","selector":"new UiSelector().resourceIdMatches(\".*menu-logout-bu...
15:47:42.500152 GET /session/0a9752df-beae-4611-b4a6-0d792c2d3a15/element/00000000-0000-000a-ffff-ffff000000ec/text [7.677713ms] OK body=
15:47:42.507040 GET /session/0a9752df-beae-4611-b4a6-0d792c2d3a15/element/00000000-0000-000a-ffff-ffff000000ec/rect [6.841403ms] OK body=
15:47:42.533833 POST /session/0a9752df-beae-4611-b4a6-0d792c2d3a15/element/00000000-0000-000a-ffff-ffff000000ec/click [26.748477ms] OK body=
15:47:42.550702 POST /session/0a9752df-beae-4611-b4a6-0d792c2d3a15/element [16.609525ms] ERR:404 body={"strategy":"-android uiautomator","selector":"new UiSelector().textContains(\"Welcome to\")"}
15:47:42.562472 POST /session/0a9752df-beae-4611-b4a6-0d792c2d3a15/element [11.676535ms] ERR:404 body={"strategy":"-android uiautomator","selector":"new UiSelector().descriptionContains(\"Welcome to\")"...
15:47:42.572449 POST /session/0a9752df-beae-4611-b4a6-0d792c2d3a15/element [9.915835ms] ERR:404 body={"strategy":"-android uiautomator","selector":"new UiSelector().textMatches(\"(?is).*\\QWelcome to\\...
15:47:42.580632 POST /session/0a9752df-beae-4611-b4a6-0d792c2d3a15/element [8.12172ms] ERR:404 body={"strategy":"-android uiautomator","selector":"new UiSelector().descriptionMatches(\"(?is).*\\QWelco...
15:47:42.599367 POST /session/0a9752df-beae-4611-b4a6-0d792c2d3a15/element [18.651367ms] ERR:404 body={"strategy":"-android uiautomator","selector":"new UiSelector().textContains(\"Welcome to\")"}
15:47:42.613122 POST /session/0a9752df-beae-4611-b4a6-0d792c2d3a15/element [13.680974ms] ERR:404 body={"strategy":"-android uiautomator","selector":"new UiSelector().descriptionContains(\"Welcome to\")"...
15:47:42.628613 POST /session/0a9752df-beae-4611-b4a6-0d792c2d3a15/element [15.399495ms] ERR:404 body={"strategy":"-android uiautomator","selector":"new UiSelector().textMatches(\"(?is).*\\QWelcome to\\...
15:47:42.646498 POST /session/0a9752df-beae-4611-b4a6-0d792c2d3a15/element [17.806023ms] ERR:404 body={"strategy":"-android uiautomator","selector":"new UiSelector().descriptionMatches(\"(?is).*\\QWelco...
15:47:42.662137 POST /session/0a9752df-beae-4611-b4a6-0d792c2d3a15/element [15.549404ms] ERR:404 body={"strategy":"-android uiautomator","selector":"new UiSelector().textContains(\"Welcome to\")"}
15:47:42.674914 POST /session/0a9752df-beae-4611-b4a6-0d792c2d3a15/element [12.690598ms] ERR:404 body={"strategy":"-android uiautomator","selector":"new UiSelector().descriptionContains(\"Welcome to\")"...
15:47:42.688407 POST /session/0a9752df-beae-4611-b4a6-0d792c2d3a15/element [13.396943ms] ERR:404 body={"strategy":"-android uiautomator","selector":"new UiSelector().textMatches(\"(?is).*\\QWelcome to\\...
15:47:42.702019 POST /session/0a9752df-beae-4611-b4a6-0d792c2d3a15/element [13.504482ms] ERR:404 body={"strategy":"-android uiautomator","selector":"new UiSelector().descriptionMatches(\"(?is).*\\QWelco...
15:47:42.720723 POST /session/0a9752df-beae-4611-b4a6-0d792c2d3a15/element [18.586703ms] ERR:404 body={"strategy":"-android uiautomator","selector":"new UiSelector().textContains(\"Welcome to\")"}
15:47:42.735968 POST /session/0a9752df-beae-4611-b4a6-0d792c2d3a15/element [15.168968ms] ERR:404 body={"strategy":"-android uiautomator","selector":"new UiSelector().descriptionContains(\"Welcome to\")"...
15:47:42.748793 POST /session/0a9752df-beae-4611-b4a6-0d792c2d3a15/element [12.730964ms] ERR:404 body={"strategy":"-android uiautomator","selector":"new UiSelector().textMatches(\"(?is).*\\QWelcome to\\...
15:47:42.781511 POST /session/0a9752df-beae-4611-b4a6-0d792c2d3a15/element [32.643423ms] ERR:404 body={"strategy":"-android uiautomator","selector":"new UiSelector().descriptionMatches(\"(?is).*\\QWelco...
15:47:42.794883 POST /session/0a9752df-beae-4611-b4a6-0d792c2d3a15/element [13.300057ms] ERR:404 body={"strategy":"-android uiautomator","selector":"new UiSelector().textContains(\"Welcome to\")"}
15:47:42.807367 POST /session/0a9752df-beae-4611-b4a6-0d792c2d3a15/element [12.424776ms] ERR:404 body={"strategy":"-android uiautomator","selector":"new UiSelector().descriptionContains(\"Welcome to\")"...
15:47:42.819513 POST /session/0a9752df-beae-4611-b4a6-0d792c2d3a15/element [12.069866ms] ERR:404 body={"strategy":"-android uiautomator","selector":"new UiSelector().textMatches(\"(?is).*\\QWelcome to\\...
15:47:42.842673 POST /session/0a9752df-beae-4611-b4a6-0d792c2d3a15/element [23.076808ms] ERR:404 body={"strategy":"-android uiautomator","selector":"new UiSelector().descriptionMatches(\"(?is).*\\QWelco...
15:47:43.665637 POST /session/0a9752df-beae-4611-b4a6-0d792c2d3a15/element [822.870257ms] OK body={"strategy":"-android uiautomator","selector":"new UiSelector().textContains(\"Welcome to\")"}
15:47:43.816198 POST /session/0a9752df-beae-4611-b4a6-0d792c2d3a15/element [150.104193ms] OK body={"strategy":"-android uiautomator","selector":"new UiSelector().textContains(\"Tastopia\")"}
15:47:43.834998 POST /session/0a9752df-beae-4611-b4a6-0d792c2d3a15/appium/settings [13.349492ms] OK body={"settings":{"waitForIdleTimeout":200}}
15:47:47.602128 POST /session/0a9752df-beae-4611-b4a6-0d792c2d3a15/appium/device/launch_app [4.331216ms] ERR:404 body={"appId":"com.tastopia.app"}
15:47:49.613505 POST /session/0a9752df-beae-4611-b4a6-0d792c2d3a15/element [828.720302ms] OK body={"strategy":"-android uiautomator","selector":"new UiSelector().resourceIdMatches(\".*welcome-sign-i...
15:47:50.407613 GET /session/0a9752df-beae-4611-b4a6-0d792c2d3a15/element/00000000-0000-000c-ffff-ffff00000022/text [793.99405ms] OK body=
15:47:50.415600 GET /session/0a9752df-beae-4611-b4a6-0d792c2d3a15/element/00000000-0000-000c-ffff-ffff00000022/rect [7.91731ms] OK body=
15:47:50.449155 POST /session/0a9752df-beae-4611-b4a6-0d792c2d3a15/element/00000000-0000-000c-ffff-ffff00000022/click [33.489802ms] OK body=
15:47:50.456757 POST /session/0a9752df-beae-4611-b4a6-0d792c2d3a15/element [7.358063ms] ERR:404 body={"strategy":"-android uiautomator","selector":"new UiSelector().resourceIdMatches(\".*login-identifi...
15:47:50.464004 POST /session/0a9752df-beae-4611-b4a6-0d792c2d3a15/element [6.634951ms] ERR:404 body={"strategy":"-android uiautomator","selector":"new UiSelector().resourceIdMatches(\".*login-identifi...
15:47:50.470525 POST /session/0a9752df-beae-4611-b4a6-0d792c2d3a15/element [6.41341ms] ERR:404 body={"strategy":"-android uiautomator","selector":"new UiSelector().resourceIdMatches(\".*login-identifi...
15:47:50.476666 POST /session/0a9752df-beae-4611-b4a6-0d792c2d3a15/element [6.062346ms] ERR:404 body={"strategy":"-android uiautomator","selector":"new UiSelector().resourceIdMatches(\".*login-identifi...
15:47:50.488465 POST /session/0a9752df-beae-4611-b4a6-0d792c2d3a15/element [11.66349ms] ERR:404 body={"strategy":"-android uiautomator","selector":"new UiSelector().resourceIdMatches(\".*login-identifi...
15:47:50.494240 POST /session/0a9752df-beae-4611-b4a6-0d792c2d3a15/element [5.699625ms] ERR:404 body={"strategy":"-android uiautomator","selector":"new UiSelector().resourceIdMatches(\".*login-identifi...
15:47:50.518784 POST /session/0a9752df-beae-4611-b4a6-0d792c2d3a15/element [24.462421ms] ERR:404 body={"strategy":"-android uiautomator","selector":"new UiSelector().resourceIdMatches(\".*login-identifi...
15:47:51.288104 POST /session/0a9752df-beae-4611-b4a6-0d792c2d3a15/element [769.229119ms] OK body={"strategy":"-android uiautomator","selector":"new UiSelector().resourceIdMatches(\".*login-identifi...
15:47:51.297777 POST /session/0a9752df-beae-4611-b4a6-0d792c2d3a15/element [9.352524ms] OK body={"strategy":"-android uiautomator","selector":"new UiSelector().resourceIdMatches(\".*login-identifi...
15:47:51.304911 GET /session/0a9752df-beae-4611-b4a6-0d792c2d3a15/element/00000000-0000-000c-ffff-ffff00000031/text [7.088508ms] OK body=
15:47:51.311138 GET /session/0a9752df-beae-4611-b4a6-0d792c2d3a15/element/00000000-0000-000c-ffff-ffff00000031/rect [6.182121ms] OK body=
15:47:51.334874 POST /session/0a9752df-beae-4611-b4a6-0d792c2d3a15/element/00000000-0000-000c-ffff-ffff00000031/click [23.692659ms] OK body=
15:47:51.957242 POST /session/0a9752df-beae-4611-b4a6-0d792c2d3a15/actions [622.044866ms] OK body={"actions":[{"actions":[{"type":"keyDown","value":"a"},{"type":"keyUp","value":"a"},{"type":"keyDown...
15:47:51.967765 POST /session/0a9752df-beae-4611-b4a6-0d792c2d3a15/appium/device/hide_keyboard [10.427451ms] ERR:404 body=
15:47:52.534189 POST /session/0a9752df-beae-4611-b4a6-0d792c2d3a15/element [566.124176ms] OK body={"strategy":"-android uiautomator","selector":"new UiSelector().resourceIdMatches(\".*login-password...
15:47:52.550164 POST /session/0a9752df-beae-4611-b4a6-0d792c2d3a15/element [15.671055ms] OK body={"strategy":"-android uiautomator","selector":"new UiSelector().resourceIdMatches(\".*login-password...
15:47:52.561457 GET /session/0a9752df-beae-4611-b4a6-0d792c2d3a15/element/00000000-0000-000c-ffff-ffff00000032/text [11.238771ms] OK body=
15:47:52.574032 GET /session/0a9752df-beae-4611-b4a6-0d792c2d3a15/element/00000000-0000-000c-ffff-ffff00000032/rect [12.525822ms] OK body=
15:47:52.610460 POST /session/0a9752df-beae-4611-b4a6-0d792c2d3a15/element/00000000-0000-000c-ffff-ffff00000032/click [36.360143ms] OK body=
15:47:52.876192 POST /session/0a9752df-beae-4611-b4a6-0d792c2d3a15/actions [265.419882ms] OK body={"actions":[{"actions":[{"type":"keyDown","value":"P"},{"type":"keyUp","value":"P"},{"type":"keyDown...
15:47:52.885331 POST /session/0a9752df-beae-4611-b4a6-0d792c2d3a15/appium/device/hide_keyboard [9.056877ms] ERR:404 body=
15:47:53.387546 POST /session/0a9752df-beae-4611-b4a6-0d792c2d3a15/element [501.927752ms] OK body={"strategy":"-android uiautomator","selector":"new UiSelector().resourceIdMatches(\".*login-submit-b...
15:47:53.392805 GET /session/0a9752df-beae-4611-b4a6-0d792c2d3a15/element/00000000-0000-000c-ffff-ffff00000042/text [5.190782ms] OK body=
15:47:53.398150 GET /session/0a9752df-beae-4611-b4a6-0d792c2d3a15/element/00000000-0000-000c-ffff-ffff00000042/rect [5.307696ms] OK body=
15:47:53.433876 POST /session/0a9752df-beae-4611-b4a6-0d792c2d3a15/element/00000000-0000-000c-ffff-ffff00000042/click [35.673907ms] OK body=
15:47:53.440362 POST /session/0a9752df-beae-4611-b4a6-0d792c2d3a15/element [6.444644ms] OK body={"strategy":"-android uiautomator","selector":"new UiSelector().resourceIdMatches(\".*login-submit-b...
15:47:53.448988 GET /session/0a9752df-beae-4611-b4a6-0d792c2d3a15/element/00000000-0000-000c-ffff-ffff00000042/text [8.584441ms] OK body=
15:47:54.027692 GET /session/0a9752df-beae-4611-b4a6-0d792c2d3a15/element/00000000-0000-000c-ffff-ffff00000042/rect [578.653656ms] OK body=
15:47:54.645194 POST /session/0a9752df-beae-4611-b4a6-0d792c2d3a15/element/00000000-0000-000c-ffff-ffff00000042/click [617.417197ms] OK body=
15:47:54.661038 POST /session/0a9752df-beae-4611-b4a6-0d792c2d3a15/element [15.551383ms] ERR:404 body={"strategy":"-android uiautomator","selector":"new UiSelector().resourceIdMatches(\".*COMMUNITY.*\")...
15:47:54.668402 POST /session/0a9752df-beae-4611-b4a6-0d792c2d3a15/element [7.252208ms] ERR:404 body={"strategy":"-android uiautomator","selector":"new UiSelector().resourceIdMatches(\".*COMMUNITY.*\")...
15:47:54.684163 POST /session/0a9752df-beae-4611-b4a6-0d792c2d3a15/element [15.674632ms] ERR:404 body={"strategy":"-android uiautomator","selector":"new UiSelector().resourceIdMatches(\".*COMMUNITY.*\")...
15:47:55.384677 POST /session/0a9752df-beae-4611-b4a6-0d792c2d3a15/element [700.417523ms] ERR:404 body={"strategy":"-android uiautomator","selector":"new UiSelector().resourceIdMatches(\".*COMMUNITY.*\")...
15:47:55.392615 POST /session/0a9752df-beae-4611-b4a6-0d792c2d3a15/element [7.830054ms] ERR:404 body={"strategy":"-android uiautomator","selector":"new UiSelector().resourceIdMatches(\".*COMMUNITY.*\")...
15:47:55.399304 POST /session/0a9752df-beae-4611-b4a6-0d792c2d3a15/element [6.604256ms] ERR:404 body={"strategy":"-android uiautomator","selector":"new UiSelector().resourceIdMatches(\".*COMMUNITY.*\")...
15:47:55.405579 POST /session/0a9752df-beae-4611-b4a6-0d792c2d3a15/element [6.196846ms] ERR:404 body={"strategy":"-android uiautomator","selector":"new UiSelector().resourceIdMatches(\".*COMMUNITY.*\")...
15:47:55.412389 POST /session/0a9752df-beae-4611-b4a6-0d792c2d3a15/element [6.710661ms] ERR:404 body={"strategy":"-android uiautomator","selector":"new UiSelector().resourceIdMatches(\".*COMMUNITY.*\")...
15:47:55.419150 POST /session/0a9752df-beae-4611-b4a6-0d792c2d3a15/element [6.684085ms] ERR:404 body={"strategy":"-android uiautomator","selector":"new UiSelector().resourceIdMatches(\".*COMMUNITY.*\")...
15:47:55.426750 POST /session/0a9752df-beae-4611-b4a6-0d792c2d3a15/element [7.522494ms] ERR:404 body={"strategy":"-android uiautomator","selector":"new UiSelector().resourceIdMatches(\".*COMMUNITY.*\")...
15:47:55.434903 POST /session/0a9752df-beae-4611-b4a6-0d792c2d3a15/element [8.07425ms] ERR:404 body={"strategy":"-android uiautomator","selector":"new UiSelector().resourceIdMatches(\".*COMMUNITY.*\")...
15:47:55.441956 POST /session/0a9752df-beae-4611-b4a6-0d792c2d3a15/element [6.95288ms] ERR:404 body={"strategy":"-android uiautomator","selector":"new UiSelector().resourceIdMatches(\".*COMMUNITY.*\")...
15:47:55.449472 POST /session/0a9752df-beae-4611-b4a6-0d792c2d3a15/element [7.445533ms] ERR:404 body={"strategy":"-android uiautomator","selector":"new UiSelector().resourceIdMatches(\".*COMMUNITY.*\")...
15:47:55.455978 POST /session/0a9752df-beae-4611-b4a6-0d792c2d3a15/element [6.436253ms] ERR:404 body={"strategy":"-android uiautomator","selector":"new UiSelector().resourceIdMatches(\".*COMMUNITY.*\")...
15:47:55.462537 POST /session/0a9752df-beae-4611-b4a6-0d792c2d3a15/element [6.48694ms] ERR:404 body={"strategy":"-android uiautomator","selector":"new UiSelector().resourceIdMatches(\".*COMMUNITY.*\")...
15:47:55.469635 POST /session/0a9752df-beae-4611-b4a6-0d792c2d3a15/element [7.019805ms] ERR:404 body={"strategy":"-android uiautomator","selector":"new UiSelector().resourceIdMatches(\".*COMMUNITY.*\")...
15:47:55.476155 POST /session/0a9752df-beae-4611-b4a6-0d792c2d3a15/element [6.443827ms] ERR:404 body={"strategy":"-android uiautomator","selector":"new UiSelector().resourceIdMatches(\".*COMMUNITY.*\")...
15:47:55.484414 POST /session/0a9752df-beae-4611-b4a6-0d792c2d3a15/element [8.18344ms] ERR:404 body={"strategy":"-android uiautomator","selector":"new UiSelector().resourceIdMatches(\".*COMMUNITY.*\")...
15:47:55.491429 POST /session/0a9752df-beae-4611-b4a6-0d792c2d3a15/element [6.921391ms] ERR:404 body={"strategy":"-android uiautomator","selector":"new UiSelector().resourceIdMatches(\".*COMMUNITY.*\")...
15:47:55.498343 POST /session/0a9752df-beae-4611-b4a6-0d792c2d3a15/element [6.826963ms] ERR:404 body={"strategy":"-android uiautomator","selector":"new UiSelector().resourceIdMatches(\".*COMMUNITY.*\")...
15:47:55.505023 POST /session/0a9752df-beae-4611-b4a6-0d792c2d3a15/element [6.611816ms] ERR:404 body={"strategy":"-android uiautomator","selector":"new UiSelector().resourceIdMatches(\".*COMMUNITY.*\")...
15:47:55.514731 POST /session/0a9752df-beae-4611-b4a6-0d792c2d3a15/element [9.496073ms] ERR:404 body={"strategy":"-android uiautomator","selector":"new UiSelector().resourceIdMatches(\".*COMMUNITY.*\")...
15:47:55.524408 POST /session/0a9752df-beae-4611-b4a6-0d792c2d3a15/element [9.593652ms] ERR:404 body={"strategy":"-android uiautomator","selector":"new UiSelector().resourceIdMatches(\".*COMMUNITY.*\")...
15:47:55.532285 POST /session/0a9752df-beae-4611-b4a6-0d792c2d3a15/element [7.789307ms] ERR:404 body={"strategy":"-android uiautomator","selector":"new UiSelector().resourceIdMatches(\".*COMMUNITY.*\")...
15:47:55.541271 POST /session/0a9752df-beae-4611-b4a6-0d792c2d3a15/element [8.905439ms] ERR:404 body={"strategy":"-android uiautomator","selector":"new UiSelector().resourceIdMatches(\".*COMMUNITY.*\")...
15:47:55.549256 POST /session/0a9752df-beae-4611-b4a6-0d792c2d3a15/element [7.904361ms] ERR:404 body={"strategy":"-android uiautomator","selector":"new UiSelector().resourceIdMatches(\".*COMMUNITY.*\")...
15:47:55.556935 POST /session/0a9752df-beae-4611-b4a6-0d792c2d3a15/element [7.618792ms] ERR:404 body={"strategy":"-android uiautomator","selector":"new UiSelector().resourceIdMatches(\".*COMMUNITY.*\")...
15:47:55.564476 POST /session/0a9752df-beae-4611-b4a6-0d792c2d3a15/element [7.470947ms] ERR:404 body={"strategy":"-android uiautomator","selector":"new UiSelector().resourceIdMatches(\".*COMMUNITY.*\")...
15:47:55.571177 POST /session/0a9752df-beae-4611-b4a6-0d792c2d3a15/element [6.638914ms] ERR:404 body={"strategy":"-android uiautomator","selector":"new UiSelector().resourceIdMatches(\".*COMMUNITY.*\")...
15:47:55.578950 POST /session/0a9752df-beae-4611-b4a6-0d792c2d3a15/element [7.694417ms] ERR:404 body={"strategy":"-android uiautomator","selector":"new UiSelector().resourceIdMatches(\".*COMMUNITY.*\")...
15:47:55.589147 POST /session/0a9752df-beae-4611-b4a6-0d792c2d3a15/element [10.083746ms] ERR:404 body={"strategy":"-android uiautomator","selector":"new UiSelector().resourceIdMatches(\".*COMMUNITY.*\")...
15:47:55.598744 POST /session/0a9752df-beae-4611-b4a6-0d792c2d3a15/element [9.529134ms] ERR:404 body={"strategy":"-android uiautomator","selector":"new UiSelector().resourceIdMatches(\".*COMMUNITY.*\")...
15:47:55.606303 POST /session/0a9752df-beae-4611-b4a6-0d792c2d3a15/element [7.473444ms] ERR:404 body={"strategy":"-android uiautomator","selector":"new UiSelector().resourceIdMatches(\".*COMMUNITY.*\")...
15:47:55.613399 POST /session/0a9752df-beae-4611-b4a6-0d792c2d3a15/element [7.007928ms] ERR:404 body={"strategy":"-android uiautomator","selector":"new UiSelector().resourceIdMatches(\".*COMMUNITY.*\")...
15:47:55.620984 POST /session/0a9752df-beae-4611-b4a6-0d792c2d3a15/element [7.514545ms] ERR:404 body={"strategy":"-android uiautomator","selector":"new UiSelector().resourceIdMatches(\".*COMMUNITY.*\")...
15:47:55.627089 POST /session/0a9752df-beae-4611-b4a6-0d792c2d3a15/element [6.015911ms] ERR:404 body={"strategy":"-android uiautomator","selector":"new UiSelector().resourceIdMatches(\".*COMMUNITY.*\")...
15:47:55.635147 POST /session/0a9752df-beae-4611-b4a6-0d792c2d3a15/element [7.969063ms] ERR:404 body={"strategy":"-android uiautomator","selector":"new UiSelector().resourceIdMatches(\".*COMMUNITY.*\")...
15:47:55.642736 POST /session/0a9752df-beae-4611-b4a6-0d792c2d3a15/element [7.516244ms] ERR:404 body={"strategy":"-android uiautomator","selector":"new UiSelector().resourceIdMatches(\".*COMMUNITY.*\")...
15:47:55.649340 POST /session/0a9752df-beae-4611-b4a6-0d792c2d3a15/element [6.511596ms] ERR:404 body={"strategy":"-android uiautomator","selector":"new UiSelector().resourceIdMatches(\".*COMMUNITY.*\")...
15:47:55.657240 POST /session/0a9752df-beae-4611-b4a6-0d792c2d3a15/element [7.827635ms] ERR:404 body={"strategy":"-android uiautomator","selector":"new UiSelector().resourceIdMatches(\".*COMMUNITY.*\")...
15:47:55.663659 POST /session/0a9752df-beae-4611-b4a6-0d792c2d3a15/element [6.351388ms] ERR:404 body={"strategy":"-android uiautomator","selector":"new UiSelector().resourceIdMatches(\".*COMMUNITY.*\")...
15:47:55.669667 POST /session/0a9752df-beae-4611-b4a6-0d792c2d3a15/element [5.909605ms] ERR:404 body={"strategy":"-android uiautomator","selector":"new UiSelector().resourceIdMatches(\".*COMMUNITY.*\")...
15:47:55.675778 POST /session/0a9752df-beae-4611-b4a6-0d792c2d3a15/element [6.032608ms] ERR:404 body={"strategy":"-android uiautomator","selector":"new UiSelector().resourceIdMatches(\".*COMMUNITY.*\")...
15:47:55.682188 POST /session/0a9752df-beae-4611-b4a6-0d792c2d3a15/element [6.311004ms] ERR:404 body={"strategy":"-android uiautomator","selector":"new UiSelector().resourceIdMatches(\".*COMMUNITY.*\")...
15:47:55.690968 POST /session/0a9752df-beae-4611-b4a6-0d792c2d3a15/element [8.676883ms] ERR:404 body={"strategy":"-android uiautomator","selector":"new UiSelector().resourceIdMatches(\".*COMMUNITY.*\")...
15:47:55.698636 POST /session/0a9752df-beae-4611-b4a6-0d792c2d3a15/element [7.59524ms] ERR:404 body={"strategy":"-android uiautomator","selector":"new UiSelector().resourceIdMatches(\".*COMMUNITY.*\")...
15:47:55.704971 POST /session/0a9752df-beae-4611-b4a6-0d792c2d3a15/element [6.238397ms] ERR:404 body={"strategy":"-android uiautomator","selector":"new UiSelector().resourceIdMatches(\".*COMMUNITY.*\")...
15:47:55.711282 POST /session/0a9752df-beae-4611-b4a6-0d792c2d3a15/element [6.222511ms] ERR:404 body={"strategy":"-android uiautomator","selector":"new UiSelector().resourceIdMatches(\".*COMMUNITY.*\")...
15:47:55.717975 POST /session/0a9752df-beae-4611-b4a6-0d792c2d3a15/element [6.61888ms] ERR:404 body={"strategy":"-android uiautomator","selector":"new UiSelector().resourceIdMatches(\".*COMMUNITY.*\")...
15:47:55.724541 POST /session/0a9752df-beae-4611-b4a6-0d792c2d3a15/element [6.490625ms] ERR:404 body={"strategy":"-android uiautomator","selector":"new UiSelector().resourceIdMatches(\".*COMMUNITY.*\")...
15:47:55.731847 POST /session/0a9752df-beae-4611-b4a6-0d792c2d3a15/element [7.221212ms] ERR:404 body={"strategy":"-android uiautomator","selector":"new UiSelector().resourceIdMatches(\".*COMMUNITY.*\")...
15:47:55.739100 POST /session/0a9752df-beae-4611-b4a6-0d792c2d3a15/element [7.16856ms] ERR:404 body={"strategy":"-android uiautomator","selector":"new UiSelector().resourceIdMatches(\".*COMMUNITY.*\")...
15:47:55.747360 POST /session/0a9752df-beae-4611-b4a6-0d792c2d3a15/element [8.148489ms] ERR:404 body={"strategy":"-android uiautomator","selector":"new UiSelector().resourceIdMatches(\".*COMMUNITY.*\")...
15:47:55.753403 POST /session/0a9752df-beae-4611-b4a6-0d792c2d3a15/element [5.982432ms] ERR:404 body={"strategy":"-android uiautomator","selector":"new UiSelector().resourceIdMatches(\".*COMMUNITY.*\")...
15:47:55.759707 POST /session/0a9752df-beae-4611-b4a6-0d792c2d3a15/element [6.213939ms] ERR:404 body={"strategy":"-android uiautomator","selector":"new UiSelector().resourceIdMatches(\".*COMMUNITY.*\")...
15:47:55.766376 POST /session/0a9752df-beae-4611-b4a6-0d792c2d3a15/element [6.60365ms] ERR:404 body={"strategy":"-android uiautomator","selector":"new UiSelector().resourceIdMatches(\".*COMMUNITY.*\")...
15:47:55.774728 POST /session/0a9752df-beae-4611-b4a6-0d792c2d3a15/element [8.24042ms] ERR:404 body={"strategy":"-android uiautomator","selector":"new UiSelector().resourceIdMatches(\".*COMMUNITY.*\")...
15:47:55.781826 POST /session/0a9752df-beae-4611-b4a6-0d792c2d3a15/element [7.022874ms] ERR:404 body={"strategy":"-android uiautomator","selector":"new UiSelector().resourceIdMatches(\".*COMMUNITY.*\")...
15:47:55.789136 POST /session/0a9752df-beae-4611-b4a6-0d792c2d3a15/element [7.246378ms] ERR:404 body={"strategy":"-android uiautomator","selector":"new UiSelector().resourceIdMatches(\".*COMMUNITY.*\")...
15:47:55.795674 POST /session/0a9752df-beae-4611-b4a6-0d792c2d3a15/element [6.44563ms] ERR:404 body={"strategy":"-android uiautomator","selector":"new UiSelector().resourceIdMatches(\".*COMMUNITY.*\")...
15:47:55.802588 POST /session/0a9752df-beae-4611-b4a6-0d792c2d3a15/element [6.835018ms] ERR:404 body={"strategy":"-android uiautomator","selector":"new UiSelector().resourceIdMatches(\".*COMMUNITY.*\")...
15:47:55.809151 POST /session/0a9752df-beae-4611-b4a6-0d792c2d3a15/element [6.483811ms] ERR:404 body={"strategy":"-android uiautomator","selector":"new UiSelector().resourceIdMatches(\".*COMMUNITY.*\")...
15:47:55.815816 POST /session/0a9752df-beae-4611-b4a6-0d792c2d3a15/element [6.565069ms] ERR:404 body={"strategy":"-android uiautomator","selector":"new UiSelector().resourceIdMatches(\".*COMMUNITY.*\")...
15:47:55.822141 POST /session/0a9752df-beae-4611-b4a6-0d792c2d3a15/element [6.252491ms] ERR:404 body={"strategy":"-android uiautomator","selector":"new UiSelector().resourceIdMatches(\".*COMMUNITY.*\")...
15:47:55.828919 POST /session/0a9752df-beae-4611-b4a6-0d792c2d3a15/element [6.712502ms] ERR:404 body={"strategy":"-android uiautomator","selector":"new UiSelector().resourceIdMatches(\".*COMMUNITY.*\")...
15:47:55.836979 POST /session/0a9752df-beae-4611-b4a6-0d792c2d3a15/element [7.972688ms] ERR:404 body={"strategy":"-android uiautomator","selector":"new UiSelector().resourceIdMatches(\".*COMMUNITY.*\")...
15:47:55.844864 POST /session/0a9752df-beae-4611-b4a6-0d792c2d3a15/element [7.799264ms] ERR:404 body={"strategy":"-android uiautomator","selector":"new UiSelector().resourceIdMatches(\".*COMMUNITY.*\")...
15:47:55.855032 POST /session/0a9752df-beae-4611-b4a6-0d792c2d3a15/element [10.091423ms] ERR:404 body={"strategy":"-android uiautomator","selector":"new UiSelector().resourceIdMatches(\".*COMMUNITY.*\")...
15:47:55.862505 POST /session/0a9752df-beae-4611-b4a6-0d792c2d3a15/element [7.204474ms] ERR:404 body={"strategy":"-android uiautomator","selector":"new UiSelector().resourceIdMatches(\".*COMMUNITY.*\")...
15:47:55.870112 POST /session/0a9752df-beae-4611-b4a6-0d792c2d3a15/element [7.523668ms] ERR:404 body={"strategy":"-android uiautomator","selector":"new UiSelector().resourceIdMatches(\".*COMMUNITY.*\")...
15:47:55.877836 POST /session/0a9752df-beae-4611-b4a6-0d792c2d3a15/element [7.647292ms] ERR:404 body={"strategy":"-android uiautomator","selector":"new UiSelector().resourceIdMatches(\".*COMMUNITY.*\")...
15:47:55.891181 POST /session/0a9752df-beae-4611-b4a6-0d792c2d3a15/element [13.26627ms] ERR:404 body={"strategy":"-android uiautomator","selector":"new UiSelector().resourceIdMatches(\".*COMMUNITY.*\")...
15:47:55.907414 POST /session/0a9752df-beae-4611-b4a6-0d792c2d3a15/element [16.14253ms] ERR:404 body={"strategy":"-android uiautomator","selector":"new UiSelector().resourceIdMatches(\".*COMMUNITY.*\")...
15:47:55.913760 POST /session/0a9752df-beae-4611-b4a6-0d792c2d3a15/element [6.26968ms] ERR:404 body={"strategy":"-android uiautomator","selector":"new UiSelector().resourceIdMatches(\".*COMMUNITY.*\")...
15:47:55.920262 POST /session/0a9752df-beae-4611-b4a6-0d792c2d3a15/element [6.378475ms] ERR:404 body={"strategy":"-android uiautomator","selector":"new UiSelector().resourceIdMatches(\".*COMMUNITY.*\")...
15:47:55.926190 POST /session/0a9752df-beae-4611-b4a6-0d792c2d3a15/element [5.856064ms] ERR:404 body={"strategy":"-android uiautomator","selector":"new UiSelector().resourceIdMatches(\".*COMMUNITY.*\")...
15:47:55.933089 POST /session/0a9752df-beae-4611-b4a6-0d792c2d3a15/element [6.804321ms] ERR:404 body={"strategy":"-android uiautomator","selector":"new UiSelector().resourceIdMatches(\".*COMMUNITY.*\")...
15:47:56.541332 POST /session/0a9752df-beae-4611-b4a6-0d792c2d3a15/element [608.142199ms] ERR:404 body={"strategy":"-android uiautomator","selector":"new UiSelector().resourceIdMatches(\".*COMMUNITY.*\")...
15:47:56.548568 POST /session/0a9752df-beae-4611-b4a6-0d792c2d3a15/element [7.127993ms] ERR:404 body={"strategy":"-android uiautomator","selector":"new UiSelector().resourceIdMatches(\".*COMMUNITY.*\")...
15:47:56.555617 POST /session/0a9752df-beae-4611-b4a6-0d792c2d3a15/element [6.963069ms] ERR:404 body={"strategy":"-android uiautomator","selector":"new UiSelector().resourceIdMatches(\".*COMMUNITY.*\")...
15:47:56.562463 POST /session/0a9752df-beae-4611-b4a6-0d792c2d3a15/element [6.779765ms] ERR:404 body={"strategy":"-android uiautomator","selector":"new UiSelector().resourceIdMatches(\".*COMMUNITY.*\")...
15:47:56.569493 POST /session/0a9752df-beae-4611-b4a6-0d792c2d3a15/element [6.947156ms] ERR:404 body={"strategy":"-android uiautomator","selector":"new UiSelector().resourceIdMatches(\".*COMMUNITY.*\")...
15:47:56.576036 POST /session/0a9752df-beae-4611-b4a6-0d792c2d3a15/element [6.48908ms] ERR:404 body={"strategy":"-android uiautomator","selector":"new UiSelector().resourceIdMatches(\".*COMMUNITY.*\")...
15:47:56.582639 POST /session/0a9752df-beae-4611-b4a6-0d792c2d3a15/element [6.501957ms] ERR:404 body={"strategy":"-android uiautomator","selector":"new UiSelector().resourceIdMatches(\".*COMMUNITY.*\")...
15:47:56.588619 POST /session/0a9752df-beae-4611-b4a6-0d792c2d3a15/element [5.888875ms] ERR:404 body={"strategy":"-android uiautomator","selector":"new UiSelector().resourceIdMatches(\".*COMMUNITY.*\")...
15:47:56.594887 POST /session/0a9752df-beae-4611-b4a6-0d792c2d3a15/element [6.193085ms] ERR:404 body={"strategy":"-android uiautomator","selector":"new UiSelector().resourceIdMatches(\".*COMMUNITY.*\")...
15:47:56.601573 POST /session/0a9752df-beae-4611-b4a6-0d792c2d3a15/element [6.587446ms] ERR:404 body={"strategy":"-android uiautomator","selector":"new UiSelector().resourceIdMatches(\".*COMMUNITY.*\")...
15:47:56.612050 POST /session/0a9752df-beae-4611-b4a6-0d792c2d3a15/element [10.407861ms] ERR:404 body={"strategy":"-android uiautomator","selector":"new UiSelector().resourceIdMatches(\".*COMMUNITY.*\")...
15:47:56.621108 POST /session/0a9752df-beae-4611-b4a6-0d792c2d3a15/element [8.950443ms] ERR:404 body={"strategy":"-android uiautomator","selector":"new UiSelector().resourceIdMatches(\".*COMMUNITY.*\")...
15:47:56.627889 POST /session/0a9752df-beae-4611-b4a6-0d792c2d3a15/element [6.710111ms] ERR:404 body={"strategy":"-android uiautomator","selector":"new UiSelector().resourceIdMatches(\".*COMMUNITY.*\")...
15:47:56.635336 POST /session/0a9752df-beae-4611-b4a6-0d792c2d3a15/element [7.366669ms] ERR:404 body={"strategy":"-android uiautomator","selector":"new UiSelector().resourceIdMatches(\".*COMMUNITY.*\")...
15:47:56.643627 POST /session/0a9752df-beae-4611-b4a6-0d792c2d3a15/element [8.219741ms] ERR:404 body={"strategy":"-android uiautomator","selector":"new UiSelector().resourceIdMatches(\".*COMMUNITY.*\")...
15:47:56.650110 POST /session/0a9752df-beae-4611-b4a6-0d792c2d3a15/element [6.356643ms] ERR:404 body={"strategy":"-android uiautomator","selector":"new UiSelector().resourceIdMatches(\".*COMMUNITY.*\")...
15:47:56.655972 POST /session/0a9752df-beae-4611-b4a6-0d792c2d3a15/element [5.794899ms] ERR:404 body={"strategy":"-android uiautomator","selector":"new UiSelector().resourceIdMatches(\".*COMMUNITY.*\")...
15:47:56.662339 POST /session/0a9752df-beae-4611-b4a6-0d792c2d3a15/element [6.304547ms] ERR:404 body={"strategy":"-android uiautomator","selector":"new UiSelector().resourceIdMatches(\".*COMMUNITY.*\")...
15:47:56.672548 POST /session/0a9752df-beae-4611-b4a6-0d792c2d3a15/element [10.129016ms] ERR:404 body={"strategy":"-android uiautomator","selector":"new UiSelector().resourceIdMatches(\".*COMMUNITY.*\")...
15:47:56.679433 POST /session/0a9752df-beae-4611-b4a6-0d792c2d3a15/element [6.80422ms] ERR:404 body={"strategy":"-android uiautomator","selector":"new UiSelector().resourceIdMatches(\".*COMMUNITY.*\")...
15:47:56.686183 POST /session/0a9752df-beae-4611-b4a6-0d792c2d3a15/element [6.674463ms] ERR:404 body={"strategy":"-android uiautomator","selector":"new UiSelector().resourceIdMatches(\".*COMMUNITY.*\")...
15:47:56.691848 POST /session/0a9752df-beae-4611-b4a6-0d792c2d3a15/element [5.578905ms] ERR:404 body={"strategy":"-android uiautomator","selector":"new UiSelector().resourceIdMatches(\".*COMMUNITY.*\")...
15:47:56.698308 POST /session/0a9752df-beae-4611-b4a6-0d792c2d3a15/element [6.339047ms] ERR:404 body={"strategy":"-android uiautomator","selector":"new UiSelector().resourceIdMatches(\".*COMMUNITY.*\")...
15:47:56.703714 POST /session/0a9752df-beae-4611-b4a6-0d792c2d3a15/element [5.351886ms] ERR:404 body={"strategy":"-android uiautomator","selector":"new UiSelector().resourceIdMatches(\".*COMMUNITY.*\")...
15:47:56.709486 POST /session/0a9752df-beae-4611-b4a6-0d792c2d3a15/element [5.702352ms] ERR:404 body={"strategy":"-android uiautomator","selector":"new UiSelector().resourceIdMatches(\".*COMMUNITY.*\")...
15:47:56.715941 POST /session/0a9752df-beae-4611-b4a6-0d792c2d3a15/element [6.375481ms] ERR:404 body={"strategy":"-android uiautomator","selector":"new UiSelector().resourceIdMatches(\".*COMMUNITY.*\")...
15:47:56.723544 POST /session/0a9752df-beae-4611-b4a6-0d792c2d3a15/element [7.53135ms] ERR:404 body={"strategy":"-android uiautomator","selector":"new UiSelector().resourceIdMatches(\".*COMMUNITY.*\")...
15:47:56.731361 POST /session/0a9752df-beae-4611-b4a6-0d792c2d3a15/element [7.743457ms] ERR:404 body={"strategy":"-android uiautomator","selector":"new UiSelector().resourceIdMatches(\".*COMMUNITY.*\")...
15:47:56.738123 POST /session/0a9752df-beae-4611-b4a6-0d792c2d3a15/element [6.685024ms] ERR:404 body={"strategy":"-android uiautomator","selector":"new UiSelector().resourceIdMatches(\".*COMMUNITY.*\")...
15:47:56.745922 POST /session/0a9752df-beae-4611-b4a6-0d792c2d3a15/element [7.705884ms] ERR:404 body={"strategy":"-android uiautomator","selector":"new UiSelector().resourceIdMatches(\".*COMMUNITY.*\")...
15:47:56.751946 POST /session/0a9752df-beae-4611-b4a6-0d792c2d3a15/element [5.950733ms] ERR:404 body={"strategy":"-android uiautomator","selector":"new UiSelector().resourceIdMatches(\".*COMMUNITY.*\")...
15:47:56.758694 POST /session/0a9752df-beae-4611-b4a6-0d792c2d3a15/element [6.646218ms] ERR:404 body={"strategy":"-android uiautomator","selector":"new UiSelector().resourceIdMatches(\".*COMMUNITY.*\")...
15:47:56.765107 POST /session/0a9752df-beae-4611-b4a6-0d792c2d3a15/element [6.338568ms] ERR:404 body={"strategy":"-android uiautomator","selector":"new UiSelector().resourceIdMatches(\".*COMMUNITY.*\")...
15:47:56.771599 POST /session/0a9752df-beae-4611-b4a6-0d792c2d3a15/element [6.404579ms] ERR:404 body={"strategy":"-android uiautomator","selector":"new UiSelector().resourceIdMatches(\".*COMMUNITY.*\")...
15:47:56.778987 POST /session/0a9752df-beae-4611-b4a6-0d792c2d3a15/element [7.305499ms] ERR:404 body={"strategy":"-android uiautomator","selector":"new UiSelector().resourceIdMatches(\".*COMMUNITY.*\")...
15:47:56.785130 POST /session/0a9752df-beae-4611-b4a6-0d792c2d3a15/element [6.067698ms] ERR:404 body={"strategy":"-android uiautomator","selector":"new UiSelector().resourceIdMatches(\".*COMMUNITY.*\")...
15:47:56.792742 POST /session/0a9752df-beae-4611-b4a6-0d792c2d3a15/element [7.531237ms] ERR:404 body={"strategy":"-android uiautomator","selector":"new UiSelector().resourceIdMatches(\".*COMMUNITY.*\")...
15:47:56.799806 POST /session/0a9752df-beae-4611-b4a6-0d792c2d3a15/element [6.984143ms] ERR:404 body={"strategy":"-android uiautomator","selector":"new UiSelector().resourceIdMatches(\".*COMMUNITY.*\")...
15:47:56.807553 POST /session/0a9752df-beae-4611-b4a6-0d792c2d3a15/element [7.660992ms] ERR:404 body={"strategy":"-android uiautomator","selector":"new UiSelector().resourceIdMatches(\".*COMMUNITY.*\")...
15:47:56.813845 POST /session/0a9752df-beae-4611-b4a6-0d792c2d3a15/element [6.196037ms] ERR:404 body={"strategy":"-android uiautomator","selector":"new UiSelector().resourceIdMatches(\".*COMMUNITY.*\")...
15:47:56.821305 POST /session/0a9752df-beae-4611-b4a6-0d792c2d3a15/element [7.391375ms] ERR:404 body={"strategy":"-android uiautomator","selector":"new UiSelector().resourceIdMatches(\".*COMMUNITY.*\")...
15:47:56.828977 POST /session/0a9752df-beae-4611-b4a6-0d792c2d3a15/element [7.584003ms] ERR:404 body={"strategy":"-android uiautomator","selector":"new UiSelector().resourceIdMatches(\".*COMMUNITY.*\")...
15:47:56.835288 POST /session/0a9752df-beae-4611-b4a6-0d792c2d3a15/element [6.260923ms] ERR:404 body={"strategy":"-android uiautomator","selector":"new UiSelector().resourceIdMatches(\".*COMMUNITY.*\")...
15:47:56.843219 POST /session/0a9752df-beae-4611-b4a6-0d792c2d3a15/element [7.849721ms] ERR:404 body={"strategy":"-android uiautomator","selector":"new UiSelector().resourceIdMatches(\".*COMMUNITY.*\")...
15:47:56.850611 POST /session/0a9752df-beae-4611-b4a6-0d792c2d3a15/element [7.316857ms] ERR:404 body={"strategy":"-android uiautomator","selector":"new UiSelector().resourceIdMatches(\".*COMMUNITY.*\")...
15:47:56.856645 POST /session/0a9752df-beae-4611-b4a6-0d792c2d3a15/element [5.948365ms] ERR:404 body={"strategy":"-android uiautomator","selector":"new UiSelector().resourceIdMatches(\".*COMMUNITY.*\")...
15:47:56.862135 POST /session/0a9752df-beae-4611-b4a6-0d792c2d3a15/element [5.412825ms] ERR:404 body={"strategy":"-android uiautomator","selector":"new UiSelector().resourceIdMatches(\".*COMMUNITY.*\")...
15:47:56.870964 POST /session/0a9752df-beae-4611-b4a6-0d792c2d3a15/element [8.772371ms] ERR:404 body={"strategy":"-android uiautomator","selector":"new UiSelector().resourceIdMatches(\".*COMMUNITY.*\")...
15:47:56.878948 POST /session/0a9752df-beae-4611-b4a6-0d792c2d3a15/element [7.929208ms] ERR:404 body={"strategy":"-android uiautomator","selector":"new UiSelector().resourceIdMatches(\".*COMMUNITY.*\")...
15:47:56.888535 POST /session/0a9752df-beae-4611-b4a6-0d792c2d3a15/element [9.497109ms] ERR:404 body={"strategy":"-android uiautomator","selector":"new UiSelector().resourceIdMatches(\".*COMMUNITY.*\")...
15:47:56.895010 POST /session/0a9752df-beae-4611-b4a6-0d792c2d3a15/element [6.399482ms] ERR:404 body={"strategy":"-android uiautomator","selector":"new UiSelector().resourceIdMatches(\".*COMMUNITY.*\")...
15:47:56.901003 POST /session/0a9752df-beae-4611-b4a6-0d792c2d3a15/element [5.891493ms] ERR:404 body={"strategy":"-android uiautomator","selector":"new UiSelector().resourceIdMatches(\".*COMMUNITY.*\")...
15:47:56.906964 POST /session/0a9752df-beae-4611-b4a6-0d792c2d3a15/element [5.89729ms] ERR:404 body={"strategy":"-android uiautomator","selector":"new UiSelector().resourceIdMatches(\".*COMMUNITY.*\")...
15:47:56.913832 POST /session/0a9752df-beae-4611-b4a6-0d792c2d3a15/element [6.777272ms] ERR:404 body={"strategy":"-android uiautomator","selector":"new UiSelector().resourceIdMatches(\".*COMMUNITY.*\")...
15:47:56.919574 POST /session/0a9752df-beae-4611-b4a6-0d792c2d3a15/element [5.666961ms] ERR:404 body={"strategy":"-android uiautomator","selector":"new UiSelector().resourceIdMatches(\".*COMMUNITY.*\")...
15:47:56.925856 POST /session/0a9752df-beae-4611-b4a6-0d792c2d3a15/element [6.195318ms] ERR:404 body={"strategy":"-android uiautomator","selector":"new UiSelector().resourceIdMatches(\".*COMMUNITY.*\")...
15:47:56.932798 POST /session/0a9752df-beae-4611-b4a6-0d792c2d3a15/element [6.879923ms] ERR:404 body={"strategy":"-android uiautomator","selector":"new UiSelector().resourceIdMatches(\".*COMMUNITY.*\")...
15:47:56.938620 POST /session/0a9752df-beae-4611-b4a6-0d792c2d3a15/element [5.751265ms] ERR:404 body={"strategy":"-android uiautomator","selector":"new UiSelector().resourceIdMatches(\".*COMMUNITY.*\")...
15:47:56.945600 POST /session/0a9752df-beae-4611-b4a6-0d792c2d3a15/element [6.906524ms] ERR:404 body={"strategy":"-android uiautomator","selector":"new UiSelector().resourceIdMatches(\".*COMMUNITY.*\")...
15:47:56.951652 POST /session/0a9752df-beae-4611-b4a6-0d792c2d3a15/element [5.975578ms] ERR:404 body={"strategy":"-android uiautomator","selector":"new UiSelector().resourceIdMatches(\".*COMMUNITY.*\")...
15:47:56.962792 POST /session/0a9752df-beae-4611-b4a6-0d792c2d3a15/element [11.057643ms] ERR:404 body={"strategy":"-android uiautomator","selector":"new UiSelector().resourceIdMatches(\".*COMMUNITY.*\")...
15:47:56.968924 POST /session/0a9752df-beae-4611-b4a6-0d792c2d3a15/element [6.06339ms] ERR:404 body={"strategy":"-android uiautomator","selector":"new UiSelector().resourceIdMatches(\".*COMMUNITY.*\")...
15:47:56.983590 POST /session/0a9752df-beae-4611-b4a6-0d792c2d3a15/element [14.560306ms] ERR:404 body={"strategy":"-android uiautomator","selector":"new UiSelector().resourceIdMatches(\".*COMMUNITY.*\")...
15:47:56.989927 POST /session/0a9752df-beae-4611-b4a6-0d792c2d3a15/element [6.259952ms] ERR:404 body={"strategy":"-android uiautomator","selector":"new UiSelector().resourceIdMatches(\".*COMMUNITY.*\")...
15:47:56.996644 POST /session/0a9752df-beae-4611-b4a6-0d792c2d3a15/element [6.601665ms] ERR:404 body={"strategy":"-android uiautomator","selector":"new UiSelector().resourceIdMatches(\".*COMMUNITY.*\")...
15:47:57.001764 POST /session/0a9752df-beae-4611-b4a6-0d792c2d3a15/element [5.055227ms] ERR:404 body={"strategy":"-android uiautomator","selector":"new UiSelector().resourceIdMatches(\".*COMMUNITY.*\")...
15:47:57.007196 POST /session/0a9752df-beae-4611-b4a6-0d792c2d3a15/element [5.350052ms] ERR:404 body={"strategy":"-android uiautomator","selector":"new UiSelector().resourceIdMatches(\".*COMMUNITY.*\")...
15:47:57.017042 POST /session/0a9752df-beae-4611-b4a6-0d792c2d3a15/element [9.769945ms] ERR:404 body={"strategy":"-android uiautomator","selector":"new UiSelector().resourceIdMatches(\".*COMMUNITY.*\")...
15:47:57.025597 POST /session/0a9752df-beae-4611-b4a6-0d792c2d3a15/element [8.478256ms] ERR:404 body={"strategy":"-android uiautomator","selector":"new UiSelector().resourceIdMatches(\".*COMMUNITY.*\")...
15:47:57.031878 POST /session/0a9752df-beae-4611-b4a6-0d792c2d3a15/element [6.201932ms] ERR:404 body={"strategy":"-android uiautomator","selector":"new UiSelector().resourceIdMatches(\".*COMMUNITY.*\")...
15:47:57.037817 POST /session/0a9752df-beae-4611-b4a6-0d792c2d3a15/element [5.870385ms] ERR:404 body={"strategy":"-android uiautomator","selector":"new UiSelector().resourceIdMatches(\".*COMMUNITY.*\")...
15:47:57.043701 POST /session/0a9752df-beae-4611-b4a6-0d792c2d3a15/element [5.792008ms] ERR:404 body={"strategy":"-android uiautomator","selector":"new UiSelector().resourceIdMatches(\".*COMMUNITY.*\")...
15:47:57.050485 POST /session/0a9752df-beae-4611-b4a6-0d792c2d3a15/element [6.705999ms] ERR:404 body={"strategy":"-android uiautomator","selector":"new UiSelector().resourceIdMatches(\".*COMMUNITY.*\")...
15:47:57.056733 POST /session/0a9752df-beae-4611-b4a6-0d792c2d3a15/element [6.157903ms] ERR:404 body={"strategy":"-android uiautomator","selector":"new UiSelector().resourceIdMatches(\".*COMMUNITY.*\")...
15:47:57.064348 POST /session/0a9752df-beae-4611-b4a6-0d792c2d3a15/element [7.541709ms] ERR:404 body={"strategy":"-android uiautomator","selector":"new UiSelector().resourceIdMatches(\".*COMMUNITY.*\")...
15:47:57.070516 POST /session/0a9752df-beae-4611-b4a6-0d792c2d3a15/element [6.09882ms] ERR:404 body={"strategy":"-android uiautomator","selector":"new UiSelector().resourceIdMatches(\".*COMMUNITY.*\")...
15:47:57.076371 POST /session/0a9752df-beae-4611-b4a6-0d792c2d3a15/element [5.780517ms] ERR:404 body={"strategy":"-android uiautomator","selector":"new UiSelector().resourceIdMatches(\".*COMMUNITY.*\")...
15:47:57.082519 POST /session/0a9752df-beae-4611-b4a6-0d792c2d3a15/element [6.072803ms] ERR:404 body={"strategy":"-android uiautomator","selector":"new UiSelector().resourceIdMatches(\".*COMMUNITY.*\")...
15:47:57.089174 POST /session/0a9752df-beae-4611-b4a6-0d792c2d3a15/element [6.597951ms] ERR:404 body={"strategy":"-android uiautomator","selector":"new UiSelector().resourceIdMatches(\".*COMMUNITY.*\")...
15:47:57.096144 POST /session/0a9752df-beae-4611-b4a6-0d792c2d3a15/element [6.892557ms] ERR:404 body={"strategy":"-android uiautomator","selector":"new UiSelector().resourceIdMatches(\".*COMMUNITY.*\")...
15:47:57.102136 POST /session/0a9752df-beae-4611-b4a6-0d792c2d3a15/element [5.91677ms] ERR:404 body={"strategy":"-android uiautomator","selector":"new UiSelector().resourceIdMatches(\".*COMMUNITY.*\")...
15:47:57.109060 POST /session/0a9752df-beae-4611-b4a6-0d792c2d3a15/element [6.865517ms] ERR:404 body={"strategy":"-android uiautomator","selector":"new UiSelector().resourceIdMatches(\".*COMMUNITY.*\")...
15:47:57.115491 POST /session/0a9752df-beae-4611-b4a6-0d792c2d3a15/element [6.332602ms] ERR:404 body={"strategy":"-android uiautomator","selector":"new UiSelector().resourceIdMatches(\".*COMMUNITY.*\")...
15:47:57.128097 POST /session/0a9752df-beae-4611-b4a6-0d792c2d3a15/element [12.539519ms] ERR:404 body={"strategy":"-android uiautomator","selector":"new UiSelector().resourceIdMatches(\".*COMMUNITY.*\")...
15:47:57.133831 POST /session/0a9752df-beae-4611-b4a6-0d792c2d3a15/element [5.66596ms] ERR:404 body={"strategy":"-android uiautomator","selector":"new UiSelector().resourceIdMatches(\".*COMMUNITY.*\")...
15:47:57.140632 POST /session/0a9752df-beae-4611-b4a6-0d792c2d3a15/element [6.736958ms] ERR:404 body={"strategy":"-android uiautomator","selector":"new UiSelector().resourceIdMatches(\".*COMMUNITY.*\")...
15:47:57.147820 POST /session/0a9752df-beae-4611-b4a6-0d792c2d3a15/element [7.113003ms] ERR:404 body={"strategy":"-android uiautomator","selector":"new UiSelector().resourceIdMatches(\".*COMMUNITY.*\")...
15:47:57.154920 POST /session/0a9752df-beae-4611-b4a6-0d792c2d3a15/element [7.017925ms] ERR:404 body={"strategy":"-android uiautomator","selector":"new UiSelector().resourceIdMatches(\".*COMMUNITY.*\")...
15:47:57.160507 POST /session/0a9752df-beae-4611-b4a6-0d792c2d3a15/element [5.500774ms] ERR:404 body={"strategy":"-android uiautomator","selector":"new UiSelector().resourceIdMatches(\".*COMMUNITY.*\")...
15:47:57.166629 POST /session/0a9752df-beae-4611-b4a6-0d792c2d3a15/element [6.04408ms] ERR:404 body={"strategy":"-android uiautomator","selector":"new UiSelector().resourceIdMatches(\".*COMMUNITY.*\")...
15:47:57.172863 POST /session/0a9752df-beae-4611-b4a6-0d792c2d3a15/element [6.159169ms] ERR:404 body={"strategy":"-android uiautomator","selector":"new UiSelector().resourceIdMatches(\".*COMMUNITY.*\")...
15:47:57.179137 POST /session/0a9752df-beae-4611-b4a6-0d792c2d3a15/element [6.183391ms] ERR:404 body={"strategy":"-android uiautomator","selector":"new UiSelector().resourceIdMatches(\".*COMMUNITY.*\")...
15:47:57.185281 POST /session/0a9752df-beae-4611-b4a6-0d792c2d3a15/element [6.065947ms] ERR:404 body={"strategy":"-android uiautomator","selector":"new UiSelector().resourceIdMatches(\".*COMMUNITY.*\")...
15:47:57.192310 POST /session/0a9752df-beae-4611-b4a6-0d792c2d3a15/element [6.945575ms] ERR:404 body={"strategy":"-android uiautomator","selector":"new UiSelector().resourceIdMatches(\".*COMMUNITY.*\")...
15:47:57.200433 POST /session/0a9752df-beae-4611-b4a6-0d792c2d3a15/element [8.027456ms] ERR:404 body={"strategy":"-android uiautomator","selector":"new UiSelector().resourceIdMatches(\".*COMMUNITY.*\")...
15:47:57.210187 POST /session/0a9752df-beae-4611-b4a6-0d792c2d3a15/element [9.67823ms] ERR:404 body={"strategy":"-android uiautomator","selector":"new UiSelector().resourceIdMatches(\".*COMMUNITY.*\")...
15:47:57.216859 POST /session/0a9752df-beae-4611-b4a6-0d792c2d3a15/element [6.58552ms] ERR:404 body={"strategy":"-android uiautomator","selector":"new UiSelector().resourceIdMatches(\".*COMMUNITY.*\")...
15:47:57.224519 POST /session/0a9752df-beae-4611-b4a6-0d792c2d3a15/element [7.588541ms] ERR:404 body={"strategy":"-android uiautomator","selector":"new UiSelector().resourceIdMatches(\".*COMMUNITY.*\")...
15:47:57.230348 POST /session/0a9752df-beae-4611-b4a6-0d792c2d3a15/element [5.759445ms] ERR:404 body={"strategy":"-android uiautomator","selector":"new UiSelector().resourceIdMatches(\".*COMMUNITY.*\")...
15:47:57.236152 POST /session/0a9752df-beae-4611-b4a6-0d792c2d3a15/element [5.715993ms] ERR:404 body={"strategy":"-android uiautomator","selector":"new UiSelector().resourceIdMatches(\".*COMMUNITY.*\")...
15:47:57.245947 POST /session/0a9752df-beae-4611-b4a6-0d792c2d3a15/element [9.71853ms] ERR:404 body={"strategy":"-android uiautomator","selector":"new UiSelector().resourceIdMatches(\".*COMMUNITY.*\")...
15:47:57.251466 POST /session/0a9752df-beae-4611-b4a6-0d792c2d3a15/element [5.437465ms] ERR:404 body={"strategy":"-android uiautomator","selector":"new UiSelector().resourceIdMatches(\".*COMMUNITY.*\")...
15:47:57.258090 POST /session/0a9752df-beae-4611-b4a6-0d792c2d3a15/element [6.530154ms] ERR:404 body={"strategy":"-android uiautomator","selector":"new UiSelector().resourceIdMatches(\".*COMMUNITY.*\")...
15:47:57.265154 POST /session/0a9752df-beae-4611-b4a6-0d792c2d3a15/element [6.985562ms] ERR:404 body={"strategy":"-android uiautomator","selector":"new UiSelector().resourceIdMatches(\".*COMMUNITY.*\")...
15:47:57.275789 POST /session/0a9752df-beae-4611-b4a6-0d792c2d3a15/element [10.553938ms] ERR:404 body={"strategy":"-android uiautomator","selector":"new UiSelector().resourceIdMatches(\".*COMMUNITY.*\")...
15:47:57.283216 POST /session/0a9752df-beae-4611-b4a6-0d792c2d3a15/element [7.35266ms] ERR:404 body={"strategy":"-android uiautomator","selector":"new UiSelector().resourceIdMatches(\".*COMMUNITY.*\")...
15:47:57.289652 POST /session/0a9752df-beae-4611-b4a6-0d792c2d3a15/element [6.348431ms] ERR:404 body={"strategy":"-android uiautomator","selector":"new UiSelector().resourceIdMatches(\".*COMMUNITY.*\")...
15:47:57.296897 POST /session/0a9752df-beae-4611-b4a6-0d792c2d3a15/element [7.188649ms] ERR:404 body={"strategy":"-android uiautomator","selector":"new UiSelector().resourceIdMatches(\".*COMMUNITY.*\")...
15:47:57.304005 POST /session/0a9752df-beae-4611-b4a6-0d792c2d3a15/element [7.012864ms] ERR:404 body={"strategy":"-android uiautomator","selector":"new UiSelector().resourceIdMatches(\".*COMMUNITY.*\")...
15:47:57.311404 POST /session/0a9752df-beae-4611-b4a6-0d792c2d3a15/element [7.328646ms] ERR:404 body={"strategy":"-android uiautomator","selector":"new UiSelector().resourceIdMatches(\".*COMMUNITY.*\")...
15:47:57.317326 POST /session/0a9752df-beae-4611-b4a6-0d792c2d3a15/element [5.843812ms] ERR:404 body={"strategy":"-android uiautomator","selector":"new UiSelector().resourceIdMatches(\".*COMMUNITY.*\")...
15:47:57.322824 POST /session/0a9752df-beae-4611-b4a6-0d792c2d3a15/element [5.420429ms] ERR:404 body={"strategy":"-android uiautomator","selector":"new UiSelector().resourceIdMatches(\".*COMMUNITY.*\")...
15:47:57.329128 POST /session/0a9752df-beae-4611-b4a6-0d792c2d3a15/element [6.226039ms] ERR:404 body={"strategy":"-android uiautomator","selector":"new UiSelector().resourceIdMatches(\".*COMMUNITY.*\")...
15:47:57.334822 POST /session/0a9752df-beae-4611-b4a6-0d792c2d3a15/element [5.621225ms] ERR:404 body={"strategy":"-android uiautomator","selector":"new UiSelector().resourceIdMatches(\".*COMMUNITY.*\")...
15:47:57.342442 POST /session/0a9752df-beae-4611-b4a6-0d792c2d3a15/element [7.525557ms] ERR:404 body={"strategy":"-android uiautomator","selector":"new UiSelector().resourceIdMatches(\".*COMMUNITY.*\")...
15:47:57.348779 POST /session/0a9752df-beae-4611-b4a6-0d792c2d3a15/element [6.264818ms] ERR:404 body={"strategy":"-android uiautomator","selector":"new UiSelector().resourceIdMatches(\".*COMMUNITY.*\")...
15:47:57.354526 POST /session/0a9752df-beae-4611-b4a6-0d792c2d3a15/element [5.668925ms] ERR:404 body={"strategy":"-android uiautomator","selector":"new UiSelector().resourceIdMatches(\".*COMMUNITY.*\")...
15:47:57.362069 POST /session/0a9752df-beae-4611-b4a6-0d792c2d3a15/element [6.655463ms] ERR:404 body={"strategy":"-android uiautomator","selector":"new UiSelector().resourceIdMatches(\".*COMMUNITY.*\")...
15:47:57.368390 POST /session/0a9752df-beae-4611-b4a6-0d792c2d3a15/element [6.213382ms] ERR:404 body={"strategy":"-android uiautomator","selector":"new UiSelector().resourceIdMatches(\".*COMMUNITY.*\")...
15:47:57.375297 POST /session/0a9752df-beae-4611-b4a6-0d792c2d3a15/element [6.834822ms] ERR:404 body={"strategy":"-android uiautomator","selector":"new UiSelector().resourceIdMatches(\".*COMMUNITY.*\")...
15:47:57.381735 POST /session/0a9752df-beae-4611-b4a6-0d792c2d3a15/element [6.357472ms] ERR:404 body={"strategy":"-android uiautomator","selector":"new UiSelector().resourceIdMatches(\".*COMMUNITY.*\")...
15:47:57.388452 POST /session/0a9752df-beae-4611-b4a6-0d792c2d3a15/element [6.660147ms] ERR:404 body={"strategy":"-android uiautomator","selector":"new UiSelector().resourceIdMatches(\".*COMMUNITY.*\")...
15:47:57.396242 POST /session/0a9752df-beae-4611-b4a6-0d792c2d3a15/element [7.731753ms] ERR:404 body={"strategy":"-android uiautomator","selector":"new UiSelector().resourceIdMatches(\".*COMMUNITY.*\")...
15:47:57.403600 POST /session/0a9752df-beae-4611-b4a6-0d792c2d3a15/element [7.275771ms] ERR:404 body={"strategy":"-android uiautomator","selector":"new UiSelector().resourceIdMatches(\".*COMMUNITY.*\")...
15:47:57.411781 POST /session/0a9752df-beae-4611-b4a6-0d792c2d3a15/element [8.120518ms] ERR:404 body={"strategy":"-android uiautomator","selector":"new UiSelector().resourceIdMatches(\".*COMMUNITY.*\")...
15:47:57.419798 POST /session/0a9752df-beae-4611-b4a6-0d792c2d3a15/element [7.939437ms] ERR:404 body={"strategy":"-android uiautomator","selector":"new UiSelector().resourceIdMatches(\".*COMMUNITY.*\")...
15:47:57.425057 POST /session/0a9752df-beae-4611-b4a6-0d792c2d3a15/element [5.187876ms] ERR:404 body={"strategy":"-android uiautomator","selector":"new UiSelector().resourceIdMatches(\".*COMMUNITY.*\")...
15:47:57.430409 POST /session/0a9752df-beae-4611-b4a6-0d792c2d3a15/element [5.275521ms] ERR:404 body={"strategy":"-android uiautomator","selector":"new UiSelector().resourceIdMatches(\".*COMMUNITY.*\")...
15:47:57.447417 POST /session/0a9752df-beae-4611-b4a6-0d792c2d3a15/element [16.925637ms] ERR:404 body={"strategy":"-android uiautomator","selector":"new UiSelector().resourceIdMatches(\".*COMMUNITY.*\")...
15:47:57.453654 POST /session/0a9752df-beae-4611-b4a6-0d792c2d3a15/element [6.149094ms] ERR:404 body={"strategy":"-android uiautomator","selector":"new UiSelector().resourceIdMatches(\".*COMMUNITY.*\")...
15:47:57.459207 POST /session/0a9752df-beae-4611-b4a6-0d792c2d3a15/element [5.476998ms] ERR:404 body={"strategy":"-android uiautomator","selector":"new UiSelector().resourceIdMatches(\".*COMMUNITY.*\")...
15:47:57.465700 POST /session/0a9752df-beae-4611-b4a6-0d792c2d3a15/element [6.41702ms] ERR:404 body={"strategy":"-android uiautomator","selector":"new UiSelector().resourceIdMatches(\".*COMMUNITY.*\")...
15:47:57.471309 POST /session/0a9752df-beae-4611-b4a6-0d792c2d3a15/element [5.523439ms] ERR:404 body={"strategy":"-android uiautomator","selector":"new UiSelector().resourceIdMatches(\".*COMMUNITY.*\")...
15:47:57.477033 POST /session/0a9752df-beae-4611-b4a6-0d792c2d3a15/element [5.650791ms] ERR:404 body={"strategy":"-android uiautomator","selector":"new UiSelector().resourceIdMatches(\".*COMMUNITY.*\")...
15:47:57.483788 POST /session/0a9752df-beae-4611-b4a6-0d792c2d3a15/element [6.660651ms] ERR:404 body={"strategy":"-android uiautomator","selector":"new UiSelector().resourceIdMatches(\".*COMMUNITY.*\")...
15:47:57.490460 POST /session/0a9752df-beae-4611-b4a6-0d792c2d3a15/element [6.565368ms] ERR:404 body={"strategy":"-android uiautomator","selector":"new UiSelector().resourceIdMatches(\".*COMMUNITY.*\")...
15:47:57.497261 POST /session/0a9752df-beae-4611-b4a6-0d792c2d3a15/element [6.70361ms] ERR:404 body={"strategy":"-android uiautomator","selector":"new UiSelector().resourceIdMatches(\".*COMMUNITY.*\")...
15:47:57.507692 POST /session/0a9752df-beae-4611-b4a6-0d792c2d3a15/element [10.338174ms] ERR:404 body={"strategy":"-android uiautomator","selector":"new UiSelector().resourceIdMatches(\".*COMMUNITY.*\")...
15:47:57.514396 POST /session/0a9752df-beae-4611-b4a6-0d792c2d3a15/element [6.573175ms] ERR:404 body={"strategy":"-android uiautomator","selector":"new UiSelector().resourceIdMatches(\".*COMMUNITY.*\")...
15:47:57.521561 POST /session/0a9752df-beae-4611-b4a6-0d792c2d3a15/element [7.033714ms] ERR:404 body={"strategy":"-android uiautomator","selector":"new UiSelector().resourceIdMatches(\".*COMMUNITY.*\")...
15:47:57.530861 POST /session/0a9752df-beae-4611-b4a6-0d792c2d3a15/element [9.166848ms] ERR:404 body={"strategy":"-android uiautomator","selector":"new UiSelector().resourceIdMatches(\".*COMMUNITY.*\")...
15:47:57.537843 POST /session/0a9752df-beae-4611-b4a6-0d792c2d3a15/element [6.893763ms] ERR:404 body={"strategy":"-android uiautomator","selector":"new UiSelector().resourceIdMatches(\".*COMMUNITY.*\")...
15:47:57.547553 POST /session/0a9752df-beae-4611-b4a6-0d792c2d3a15/element [9.637569ms] ERR:404 body={"strategy":"-android uiautomator","selector":"new UiSelector().resourceIdMatches(\".*COMMUNITY.*\")...
15:47:57.562615 POST /session/0a9752df-beae-4611-b4a6-0d792c2d3a15/element [14.983791ms] ERR:404 body={"strategy":"-android uiautomator","selector":"new UiSelector().resourceIdMatches(\".*COMMUNITY.*\")...
15:47:58.416814 POST /session/0a9752df-beae-4611-b4a6-0d792c2d3a15/element [854.127678ms] OK body={"strategy":"-android uiautomator","selector":"new UiSelector().resourceIdMatches(\".*COMMUNITY.*\")...
15:47:59.692342 GET /session/0a9752df-beae-4611-b4a6-0d792c2d3a15/element/00000000-0000-000c-ffff-ffff00000073/text [1.275454531s] OK body=
15:48:00.193748 GET /session/0a9752df-beae-4611-b4a6-0d792c2d3a15/element/00000000-0000-000c-ffff-ffff00000073/rect [501.333168ms] OK body=
15:48:00.205210 POST /session/0a9752df-beae-4611-b4a6-0d792c2d3a15/element [10.565147ms] OK body={"strategy":"-android uiautomator","selector":"new UiSelector().textContains(\"Community\")"}
15:48:00.220626 POST /session/0a9752df-beae-4611-b4a6-0d792c2d3a15/element [14.282961ms] ERR:404 body={"strategy":"-android uiautomator","selector":"new UiSelector().resourceIdMatches(\".*COMMUNITY.*\")...
15:48:00.228925 POST /session/0a9752df-beae-4611-b4a6-0d792c2d3a15/element [8.235945ms] OK body={"strategy":"-android uiautomator","selector":"new UiSelector().resourceIdMatches(\".*COMMUNITY.*\")...
15:48:00.234507 GET /session/0a9752df-beae-4611-b4a6-0d792c2d3a15/element/00000000-0000-000c-ffff-ffff00000073/text [5.540973ms] OK body=
15:48:00.246602 GET /session/0a9752df-beae-4611-b4a6-0d792c2d3a15/element/00000000-0000-000c-ffff-ffff00000073/rect [12.054013ms] OK body=
15:48:00.270045 POST /session/0a9752df-beae-4611-b4a6-0d792c2d3a15/element/00000000-0000-000c-ffff-ffff00000073/click [23.385898ms] OK body=
15:48:00.279767 POST /session/0a9752df-beae-4611-b4a6-0d792c2d3a15/element [8.692625ms] OK body={"strategy":"-android uiautomator","selector":"new UiSelector().resourceIdMatches(\".*recipe.*\")"}
15:48:00.291192 GET /session/0a9752df-beae-4611-b4a6-0d792c2d3a15/element/00000000-0000-000c-ffff-ffff000000cc/text [11.393261ms] OK body=
15:48:00.301644 GET /session/0a9752df-beae-4611-b4a6-0d792c2d3a15/element/00000000-0000-000c-ffff-ffff000000cc/rect [10.418604ms] OK body=
15:48:00.369616 POST /session/0a9752df-beae-4611-b4a6-0d792c2d3a15/element [61.316647ms] OK body={"strategy":"-android uiautomator","selector":"new UiSelector().resourceIdMatches(\".*community-filt...
15:48:00.961967 GET /session/0a9752df-beae-4611-b4a6-0d792c2d3a15/element/00000000-0000-000c-ffff-ffff000000d0/text [592.297438ms] OK body=
15:48:00.968063 GET /session/0a9752df-beae-4611-b4a6-0d792c2d3a15/element/00000000-0000-000c-ffff-ffff000000d0/rect [6.026096ms] OK body=
15:48:00.991442 POST /session/0a9752df-beae-4611-b4a6-0d792c2d3a15/element/00000000-0000-000c-ffff-ffff000000d0/click [23.290906ms] OK body=
15:48:01.011212 POST /session/0a9752df-beae-4611-b4a6-0d792c2d3a15/element [18.613973ms] OK body={"strategy":"-android uiautomator","selector":"new UiSelector().resourceIdMatches(\".*recipe.*\")"}
15:48:01.022700 GET /session/0a9752df-beae-4611-b4a6-0d792c2d3a15/element/00000000-0000-000c-ffff-ffff000000cc/text [11.398021ms] OK body=
15:48:01.032489 GET /session/0a9752df-beae-4611-b4a6-0d792c2d3a15/element/00000000-0000-000c-ffff-ffff000000cc/rect [9.750164ms] OK body=
15:48:01.048186 POST /session/0a9752df-beae-4611-b4a6-0d792c2d3a15/element [14.518743ms] OK body={"strategy":"-android uiautomator","selector":"new UiSelector().resourceIdMatches(\".*community-filt...
15:48:01.055962 GET /session/0a9752df-beae-4611-b4a6-0d792c2d3a15/element/00000000-0000-000c-ffff-ffff000000d1/text [7.736405ms] OK body=
15:48:01.064475 GET /session/0a9752df-beae-4611-b4a6-0d792c2d3a15/element/00000000-0000-000c-ffff-ffff000000d1/rect [8.477657ms] OK body=
15:48:01.095589 POST /session/0a9752df-beae-4611-b4a6-0d792c2d3a15/element/00000000-0000-000c-ffff-ffff000000d1/click [31.053404ms] OK body=
15:48:01.128116 POST /session/0a9752df-beae-4611-b4a6-0d792c2d3a15/element [18.225ms] OK body={"strategy":"-android uiautomator","selector":"new UiSelector().resourceIdMatches(\".*recipe.*\")"}
15:48:01.135415 GET /session/0a9752df-beae-4611-b4a6-0d792c2d3a15/element/00000000-0000-000c-ffff-ffff000000cc/text [7.251813ms] OK body=
15:48:01.141931 GET /session/0a9752df-beae-4611-b4a6-0d792c2d3a15/element/00000000-0000-000c-ffff-ffff000000cc/rect [6.474809ms] OK body=
15:48:01.151415 POST /session/0a9752df-beae-4611-b4a6-0d792c2d3a15/element [8.22926ms] OK body={"strategy":"-android uiautomator","selector":"new UiSelector().resourceIdMatches(\".*community-filt...
15:48:01.156919 GET /session/0a9752df-beae-4611-b4a6-0d792c2d3a15/element/00000000-0000-000c-ffff-ffff000000d2/text [5.465673ms] OK body=
15:48:01.162994 GET /session/0a9752df-beae-4611-b4a6-0d792c2d3a15/element/00000000-0000-000c-ffff-ffff000000d2/rect [6.043275ms] OK body=
15:48:01.486662 POST /session/0a9752df-beae-4611-b4a6-0d792c2d3a15/element/00000000-0000-000c-ffff-ffff000000d2/click [323.616417ms] OK body=
15:48:01.988975 POST /session/0a9752df-beae-4611-b4a6-0d792c2d3a15/element [499.016441ms] OK body={"strategy":"-android uiautomator","selector":"new UiSelector().resourceIdMatches(\".*recipe.*\")"}
15:48:01.995807 GET /session/0a9752df-beae-4611-b4a6-0d792c2d3a15/element/00000000-0000-000c-ffff-ffff000000cc/text [6.762091ms] OK body=
15:48:02.003207 GET /session/0a9752df-beae-4611-b4a6-0d792c2d3a15/element/00000000-0000-000c-ffff-ffff000000cc/rect [7.352306ms] OK body=
15:48:02.012766 POST /session/0a9752df-beae-4611-b4a6-0d792c2d3a15/element [8.420488ms] OK body={"strategy":"-android uiautomator","selector":"new UiSelector().resourceIdMatches(\".*community-filt...
15:48:02.018533 GET /session/0a9752df-beae-4611-b4a6-0d792c2d3a15/element/00000000-0000-000c-ffff-ffff000000d3/text [5.713549ms] OK body=
15:48:02.024201 GET /session/0a9752df-beae-4611-b4a6-0d792c2d3a15/element/00000000-0000-000c-ffff-ffff000000d3/rect [5.632341ms] OK body=
15:48:02.051140 POST /session/0a9752df-beae-4611-b4a6-0d792c2d3a15/element/00000000-0000-000c-ffff-ffff000000d3/click [26.888076ms] OK body=
15:48:02.071128 POST /session/0a9752df-beae-4611-b4a6-0d792c2d3a15/element [18.841166ms] OK body={"strategy":"-android uiautomator","selector":"new UiSelector().resourceIdMatches(\".*recipe.*\")"}
15:48:02.078828 GET /session/0a9752df-beae-4611-b4a6-0d792c2d3a15/element/00000000-0000-000c-ffff-ffff000000cc/text [7.662499ms] OK body=
15:48:02.097136 GET /session/0a9752df-beae-4611-b4a6-0d792c2d3a15/element/00000000-0000-000c-ffff-ffff000000cc/rect [18.268811ms] OK body=
15:48:02.118167 POST /session/0a9752df-beae-4611-b4a6-0d792c2d3a15/element [19.605322ms] OK body={"strategy":"-android uiautomator","selector":"new UiSelector().resourceIdMatches(\".*community-filt...
15:48:02.124789 GET /session/0a9752df-beae-4611-b4a6-0d792c2d3a15/element/00000000-0000-000c-ffff-ffff000000cf/text [6.574343ms] OK body=
15:48:02.131188 GET /session/0a9752df-beae-4611-b4a6-0d792c2d3a15/element/00000000-0000-000c-ffff-ffff000000cf/rect [6.358287ms] OK body=
15:48:02.156483 POST /session/0a9752df-beae-4611-b4a6-0d792c2d3a15/element/00000000-0000-000c-ffff-ffff000000cf/click [25.254183ms] OK body=
15:48:02.171693 POST /session/0a9752df-beae-4611-b4a6-0d792c2d3a15/element [10.558887ms] OK body={"strategy":"-android uiautomator","selector":"new UiSelector().resourceIdMatches(\".*recipe.*\")"}
15:48:02.178465 GET /session/0a9752df-beae-4611-b4a6-0d792c2d3a15/element/00000000-0000-000c-ffff-ffff000000cc/text [6.732511ms] OK body=
15:48:02.192904 GET /session/0a9752df-beae-4611-b4a6-0d792c2d3a15/element/00000000-0000-000c-ffff-ffff000000cc/rect [14.380334ms] OK body=
15:48:05.925714 POST /session/0a9752df-beae-4611-b4a6-0d792c2d3a15/appium/device/launch_app [5.555309ms] ERR:404 body={"appId":"com.tastopia.app"}
15:48:07.818374 POST /session/0a9752df-beae-4611-b4a6-0d792c2d3a15/element [813.744948ms] OK body={"strategy":"-android uiautomator","selector":"new UiSelector().resourceIdMatches(\".*MENU.*\")"}
15:48:08.735666 GET /session/0a9752df-beae-4611-b4a6-0d792c2d3a15/element/00000000-0000-000e-ffff-ffff0000006f/text [917.176377ms] OK body=
15:48:10.036163 GET /session/0a9752df-beae-4611-b4a6-0d792c2d3a15/element/00000000-0000-000e-ffff-ffff0000006f/rect [1.300410929s] OK body=
15:48:10.056813 POST /session/0a9752df-beae-4611-b4a6-0d792c2d3a15/element [20.338867ms] ERR:404 body={"strategy":"-android uiautomator","selector":"new UiSelector().resourceIdMatches(\".*MENU.*\").clic...
15:48:10.072020 POST /session/0a9752df-beae-4611-b4a6-0d792c2d3a15/element [15.134712ms] OK body={"strategy":"-android uiautomator","selector":"new UiSelector().resourceIdMatches(\".*MENU.*\")"}
15:48:10.079183 GET /session/0a9752df-beae-4611-b4a6-0d792c2d3a15/element/00000000-0000-000e-ffff-ffff0000006f/text [7.120842ms] OK body=
15:48:10.088122 GET /session/0a9752df-beae-4611-b4a6-0d792c2d3a15/element/00000000-0000-000e-ffff-ffff0000006f/rect [8.89708ms] OK body=
15:48:10.113699 POST /session/0a9752df-beae-4611-b4a6-0d792c2d3a15/element/00000000-0000-000e-ffff-ffff0000006f/click [25.513595ms] OK body=
15:48:10.116647 POST /session/0a9752df-beae-4611-b4a6-0d792c2d3a15/appium/device/hide_keyboard [2.84837ms] ERR:404 body=
15:48:10.266088 POST /session/0a9752df-beae-4611-b4a6-0d792c2d3a15/element [149.091165ms] ERR:404 body={"strategy":"-android uiautomator","selector":"new UiSelector().textContains(\"History\")"}
15:48:10.312698 POST /session/0a9752df-beae-4611-b4a6-0d792c2d3a15/element [46.523514ms] ERR:404 body={"strategy":"-android uiautomator","selector":"new UiSelector().descriptionContains(\"History\")"}
15:48:10.435279 POST /session/0a9752df-beae-4611-b4a6-0d792c2d3a15/element [122.497664ms] ERR:404 body={"strategy":"-android uiautomator","selector":"new UiSelector().textMatches(\"(?is).*\\QHistory\\E.*...
15:48:11.202843 POST /session/0a9752df-beae-4611-b4a6-0d792c2d3a15/element [767.463687ms] ERR:404 body={"strategy":"-android uiautomator","selector":"new UiSelector().descriptionMatches(\"(?is).*\\QHisto...
15:48:11.209563 POST /session/0a9752df-beae-4611-b4a6-0d792c2d3a15/element [6.634596ms] OK body={"strategy":"-android uiautomator","selector":"new UiSelector().textContains(\"History\")"}
15:48:11.217846 POST /session/0a9752df-beae-4611-b4a6-0d792c2d3a15/element [8.005307ms] OK body={"strategy":"-android uiautomator","selector":"new UiSelector().resourceIdMatches(\".*menu-logout-bu...
15:48:11.222837 GET /session/0a9752df-beae-4611-b4a6-0d792c2d3a15/element/00000000-0000-000e-ffff-ffff00000103/text [4.94396ms] OK body=
15:48:11.227884 GET /session/0a9752df-beae-4611-b4a6-0d792c2d3a15/element/00000000-0000-000e-ffff-ffff00000103/rect [5.011944ms] OK body=
15:48:11.254361 POST /session/0a9752df-beae-4611-b4a6-0d792c2d3a15/element/00000000-0000-000e-ffff-ffff00000103/click [26.437936ms] OK body=
15:48:11.264651 POST /session/0a9752df-beae-4611-b4a6-0d792c2d3a15/element [10.049546ms] ERR:404 body={"strategy":"-android uiautomator","selector":"new UiSelector().textContains(\"Welcome to\")"}
15:48:11.272838 POST /session/0a9752df-beae-4611-b4a6-0d792c2d3a15/element [8.112024ms] ERR:404 body={"strategy":"-android uiautomator","selector":"new UiSelector().descriptionContains(\"Welcome to\")"...
15:48:11.282230 POST /session/0a9752df-beae-4611-b4a6-0d792c2d3a15/element [9.330372ms] ERR:404 body={"strategy":"-android uiautomator","selector":"new UiSelector().textMatches(\"(?is).*\\QWelcome to\\...
15:48:11.292264 POST /session/0a9752df-beae-4611-b4a6-0d792c2d3a15/element [9.91878ms] ERR:404 body={"strategy":"-android uiautomator","selector":"new UiSelector().descriptionMatches(\"(?is).*\\QWelco...
15:48:11.300965 POST /session/0a9752df-beae-4611-b4a6-0d792c2d3a15/element [8.632043ms] ERR:404 body={"strategy":"-android uiautomator","selector":"new UiSelector().textContains(\"Welcome to\")"}
15:48:11.310937 POST /session/0a9752df-beae-4611-b4a6-0d792c2d3a15/element [9.899576ms] ERR:404 body={"strategy":"-android uiautomator","selector":"new UiSelector().descriptionContains(\"Welcome to\")"...
15:48:11.320663 POST /session/0a9752df-beae-4611-b4a6-0d792c2d3a15/element [9.653395ms] ERR:404 body={"strategy":"-android uiautomator","selector":"new UiSelector().textMatches(\"(?is).*\\QWelcome to\\...
15:48:11.332254 POST /session/0a9752df-beae-4611-b4a6-0d792c2d3a15/element [11.472144ms] ERR:404 body={"strategy":"-android uiautomator","selector":"new UiSelector().descriptionMatches(\"(?is).*\\QWelco...
15:48:11.343029 POST /session/0a9752df-beae-4611-b4a6-0d792c2d3a15/element [10.699509ms] ERR:404 body={"strategy":"-android uiautomator","selector":"new UiSelector().textContains(\"Welcome to\")"}
15:48:11.352318 POST /session/0a9752df-beae-4611-b4a6-0d792c2d3a15/element [9.181736ms] ERR:404 body={"strategy":"-android uiautomator","selector":"new UiSelector().descriptionContains(\"Welcome to\")"...
15:48:11.361667 POST /session/0a9752df-beae-4611-b4a6-0d792c2d3a15/element [9.271084ms] ERR:404 body={"strategy":"-android uiautomator","selector":"new UiSelector().textMatches(\"(?is).*\\QWelcome to\\...
15:48:11.370951 POST /session/0a9752df-beae-4611-b4a6-0d792c2d3a15/element [9.205089ms] ERR:404 body={"strategy":"-android uiautomator","selector":"new UiSelector().descriptionMatches(\"(?is).*\\QWelco...
15:48:11.379919 POST /session/0a9752df-beae-4611-b4a6-0d792c2d3a15/element [8.898943ms] ERR:404 body={"strategy":"-android uiautomator","selector":"new UiSelector().textContains(\"Welcome to\")"}
15:48:11.397898 POST /session/0a9752df-beae-4611-b4a6-0d792c2d3a15/element [17.894311ms] ERR:404 body={"strategy":"-android uiautomator","selector":"new UiSelector().descriptionContains(\"Welcome to\")"...
15:48:11.407614 POST /session/0a9752df-beae-4611-b4a6-0d792c2d3a15/element [9.644064ms] ERR:404 body={"strategy":"-android uiautomator","selector":"new UiSelector().textMatches(\"(?is).*\\QWelcome to\\...
15:48:11.418180 POST /session/0a9752df-beae-4611-b4a6-0d792c2d3a15/element [10.493711ms] ERR:404 body={"strategy":"-android uiautomator","selector":"new UiSelector().descriptionMatches(\"(?is).*\\QWelco...
15:48:11.428027 POST /session/0a9752df-beae-4611-b4a6-0d792c2d3a15/element [9.769546ms] ERR:404 body={"strategy":"-android uiautomator","selector":"new UiSelector().textContains(\"Welcome to\")"}
15:48:11.439222 POST /session/0a9752df-beae-4611-b4a6-0d792c2d3a15/element [11.108737ms] ERR:404 body={"strategy":"-android uiautomator","selector":"new UiSelector().descriptionContains(\"Welcome to\")"...
15:48:11.450343 POST /session/0a9752df-beae-4611-b4a6-0d792c2d3a15/element [11.031816ms] ERR:404 body={"strategy":"-android uiautomator","selector":"new UiSelector().textMatches(\"(?is).*\\QWelcome to\\...
15:48:11.459406 POST /session/0a9752df-beae-4611-b4a6-0d792c2d3a15/element [8.998721ms] ERR:404 body={"strategy":"-android uiautomator","selector":"new UiSelector().descriptionMatches(\"(?is).*\\QWelco...
15:48:11.469344 POST /session/0a9752df-beae-4611-b4a6-0d792c2d3a15/element [9.857842ms] ERR:404 body={"strategy":"-android uiautomator","selector":"new UiSelector().textContains(\"Welcome to\")"}
15:48:11.490380 POST /session/0a9752df-beae-4611-b4a6-0d792c2d3a15/element [20.953597ms] ERR:404 body={"strategy":"-android uiautomator","selector":"new UiSelector().descriptionContains(\"Welcome to\")"...
15:48:11.498304 POST /session/0a9752df-beae-4611-b4a6-0d792c2d3a15/element [7.828289ms] ERR:404 body={"strategy":"-android uiautomator","selector":"new UiSelector().textMatches(\"(?is).*\\QWelcome to\\...
15:48:11.505947 POST /session/0a9752df-beae-4611-b4a6-0d792c2d3a15/element [7.566956ms] ERR:404 body={"strategy":"-android uiautomator","selector":"new UiSelector().descriptionMatches(\"(?is).*\\QWelco...
15:48:11.516637 POST /session/0a9752df-beae-4611-b4a6-0d792c2d3a15/element [10.406347ms] ERR:404 body={"strategy":"-android uiautomator","selector":"new UiSelector().textContains(\"Welcome to\")"}
15:48:11.526361 POST /session/0a9752df-beae-4611-b4a6-0d792c2d3a15/element [9.645152ms] ERR:404 body={"strategy":"-android uiautomator","selector":"new UiSelector().descriptionContains(\"Welcome to\")"...
15:48:11.535431 POST /session/0a9752df-beae-4611-b4a6-0d792c2d3a15/element [8.978793ms] ERR:404 body={"strategy":"-android uiautomator","selector":"new UiSelector().textMatches(\"(?is).*\\QWelcome to\\...
15:48:12.418190 POST /session/0a9752df-beae-4611-b4a6-0d792c2d3a15/element [882.666755ms] ERR:404 body={"strategy":"-android uiautomator","selector":"new UiSelector().descriptionMatches(\"(?is).*\\QWelco...
15:48:13.105727 POST /session/0a9752df-beae-4611-b4a6-0d792c2d3a15/element [687.425751ms] OK body={"strategy":"-android uiautomator","selector":"new UiSelector().textContains(\"Welcome to\")"}
15:48:13.112693 POST /session/0a9752df-beae-4611-b4a6-0d792c2d3a15/element [6.624372ms] OK body={"strategy":"-android uiautomator","selector":"new UiSelector().textContains(\"Tastopia\")"}
15:48:13.116525 POST /session/0a9752df-beae-4611-b4a6-0d792c2d3a15/appium/settings [2.733737ms] OK body={"settings":{"waitForIdleTimeout":200}}
15:48:16.892856 POST /session/0a9752df-beae-4611-b4a6-0d792c2d3a15/appium/device/launch_app [3.031398ms] ERR:404 body={"appId":"com.tastopia.app"}
15:48:18.795572 POST /session/0a9752df-beae-4611-b4a6-0d792c2d3a15/element [718.293797ms] OK body={"strategy":"-android uiautomator","selector":"new UiSelector().resourceIdMatches(\".*welcome-sign-i...
15:48:19.873360 GET /session/0a9752df-beae-4611-b4a6-0d792c2d3a15/element/00000000-0000-0010-ffff-ffff00000021/text [1.077710146s] OK body=
15:48:19.880974 GET /session/0a9752df-beae-4611-b4a6-0d792c2d3a15/element/00000000-0000-0010-ffff-ffff00000021/rect [7.545388ms] OK body=
15:48:19.907290 POST /session/0a9752df-beae-4611-b4a6-0d792c2d3a15/element/00000000-0000-0010-ffff-ffff00000021/click [26.265016ms] OK body=
15:48:19.913426 POST /session/0a9752df-beae-4611-b4a6-0d792c2d3a15/element [5.857775ms] ERR:404 body={"strategy":"-android uiautomator","selector":"new UiSelector().resourceIdMatches(\".*login-identifi...
15:48:19.918316 POST /session/0a9752df-beae-4611-b4a6-0d792c2d3a15/element [4.798588ms] ERR:404 body={"strategy":"-android uiautomator","selector":"new UiSelector().resourceIdMatches(\".*login-identifi...
15:48:19.923990 POST /session/0a9752df-beae-4611-b4a6-0d792c2d3a15/element [5.466123ms] ERR:404 body={"strategy":"-android uiautomator","selector":"new UiSelector().resourceIdMatches(\".*login-identifi...
15:48:19.929194 POST /session/0a9752df-beae-4611-b4a6-0d792c2d3a15/element [5.100008ms] ERR:404 body={"strategy":"-android uiautomator","selector":"new UiSelector().resourceIdMatches(\".*login-identifi...
15:48:19.933973 POST /session/0a9752df-beae-4611-b4a6-0d792c2d3a15/element [4.682013ms] ERR:404 body={"strategy":"-android uiautomator","selector":"new UiSelector().resourceIdMatches(\".*login-identifi...
15:48:19.938290 POST /session/0a9752df-beae-4611-b4a6-0d792c2d3a15/element [4.242671ms] ERR:404 body={"strategy":"-android uiautomator","selector":"new UiSelector().resourceIdMatches(\".*login-identifi...
15:48:19.942913 POST /session/0a9752df-beae-4611-b4a6-0d792c2d3a15/element [4.549937ms] ERR:404 body={"strategy":"-android uiautomator","selector":"new UiSelector().resourceIdMatches(\".*login-identifi...
15:48:19.950453 POST /session/0a9752df-beae-4611-b4a6-0d792c2d3a15/element [7.460846ms] ERR:404 body={"strategy":"-android uiautomator","selector":"new UiSelector().resourceIdMatches(\".*login-identifi...
15:48:19.956854 POST /session/0a9752df-beae-4611-b4a6-0d792c2d3a15/element [6.330516ms] ERR:404 body={"strategy":"-android uiautomator","selector":"new UiSelector().resourceIdMatches(\".*login-identifi...
15:48:19.963325 POST /session/0a9752df-beae-4611-b4a6-0d792c2d3a15/element [6.400881ms] ERR:404 body={"strategy":"-android uiautomator","selector":"new UiSelector().resourceIdMatches(\".*login-identifi...
15:48:19.970798 POST /session/0a9752df-beae-4611-b4a6-0d792c2d3a15/element [7.412458ms] ERR:404 body={"strategy":"-android uiautomator","selector":"new UiSelector().resourceIdMatches(\".*login-identifi...
15:48:19.977369 POST /session/0a9752df-beae-4611-b4a6-0d792c2d3a15/element [6.518613ms] ERR:404 body={"strategy":"-android uiautomator","selector":"new UiSelector().resourceIdMatches(\".*login-identifi...
15:48:19.982645 POST /session/0a9752df-beae-4611-b4a6-0d792c2d3a15/element [5.186704ms] ERR:404 body={"strategy":"-android uiautomator","selector":"new UiSelector().resourceIdMatches(\".*login-identifi...
15:48:19.988947 POST /session/0a9752df-beae-4611-b4a6-0d792c2d3a15/element [6.2322ms] ERR:404 body={"strategy":"-android uiautomator","selector":"new UiSelector().resourceIdMatches(\".*login-identifi...
15:48:19.993361 POST /session/0a9752df-beae-4611-b4a6-0d792c2d3a15/element [4.326831ms] ERR:404 body={"strategy":"-android uiautomator","selector":"new UiSelector().resourceIdMatches(\".*login-identifi...
15:48:19.998097 POST /session/0a9752df-beae-4611-b4a6-0d792c2d3a15/element [4.66139ms] ERR:404 body={"strategy":"-android uiautomator","selector":"new UiSelector().resourceIdMatches(\".*login-identifi...
15:48:20.003718 POST /session/0a9752df-beae-4611-b4a6-0d792c2d3a15/element [5.55858ms] ERR:404 body={"strategy":"-android uiautomator","selector":"new UiSelector().resourceIdMatches(\".*login-identifi...
15:48:20.008987 POST /session/0a9752df-beae-4611-b4a6-0d792c2d3a15/element [5.202442ms] ERR:404 body={"strategy":"-android uiautomator","selector":"new UiSelector().resourceIdMatches(\".*login-identifi...
15:48:20.017297 POST /session/0a9752df-beae-4611-b4a6-0d792c2d3a15/element [8.24158ms] ERR:404 body={"strategy":"-android uiautomator","selector":"new UiSelector().resourceIdMatches(\".*login-identifi...
15:48:20.022057 POST /session/0a9752df-beae-4611-b4a6-0d792c2d3a15/element [4.682742ms] ERR:404 body={"strategy":"-android uiautomator","selector":"new UiSelector().resourceIdMatches(\".*login-identifi...
15:48:20.031582 POST /session/0a9752df-beae-4611-b4a6-0d792c2d3a15/element [9.45473ms] ERR:404 body={"strategy":"-android uiautomator","selector":"new UiSelector().resourceIdMatches(\".*login-identifi...
15:48:20.042518 POST /session/0a9752df-beae-4611-b4a6-0d792c2d3a15/element [10.861512ms] ERR:404 body={"strategy":"-android uiautomator","selector":"new UiSelector().resourceIdMatches(\".*login-identifi...
15:48:20.047753 POST /session/0a9752df-beae-4611-b4a6-0d792c2d3a15/element [5.153149ms] ERR:404 body={"strategy":"-android uiautomator","selector":"new UiSelector().resourceIdMatches(\".*login-identifi...
15:48:20.052744 POST /session/0a9752df-beae-4611-b4a6-0d792c2d3a15/element [4.908215ms] ERR:404 body={"strategy":"-android uiautomator","selector":"new UiSelector().resourceIdMatches(\".*login-identifi...
15:48:20.064356 POST /session/0a9752df-beae-4611-b4a6-0d792c2d3a15/element [11.516102ms] ERR:404 body={"strategy":"-android uiautomator","selector":"new UiSelector().resourceIdMatches(\".*login-identifi...
15:48:20.584291 POST /session/0a9752df-beae-4611-b4a6-0d792c2d3a15/element [519.853126ms] OK body={"strategy":"-android uiautomator","selector":"new UiSelector().resourceIdMatches(\".*login-identifi...
15:48:21.068308 POST /session/0a9752df-beae-4611-b4a6-0d792c2d3a15/element [483.721393ms] OK body={"strategy":"-android uiautomator","selector":"new UiSelector().resourceIdMatches(\".*login-identifi...
15:48:21.074297 GET /session/0a9752df-beae-4611-b4a6-0d792c2d3a15/element/00000000-0000-0010-ffff-ffff00000051/text [5.917289ms] OK body=
15:48:21.078784 GET /session/0a9752df-beae-4611-b4a6-0d792c2d3a15/element/00000000-0000-0010-ffff-ffff00000051/rect [4.420283ms] OK body=
15:48:21.321564 POST /session/0a9752df-beae-4611-b4a6-0d792c2d3a15/element/00000000-0000-0010-ffff-ffff00000051/click [242.726176ms] OK body=
15:48:22.215576 POST /session/0a9752df-beae-4611-b4a6-0d792c2d3a15/actions [893.65083ms] OK body={"actions":[{"actions":[{"type":"keyDown","value":"a"},{"type":"keyUp","value":"a"},{"type":"keyDown...
15:48:22.239618 POST /session/0a9752df-beae-4611-b4a6-0d792c2d3a15/appium/device/hide_keyboard [23.860942ms] ERR:404 body=
15:48:22.779289 POST /session/0a9752df-beae-4611-b4a6-0d792c2d3a15/element [539.358013ms] OK body={"strategy":"-android uiautomator","selector":"new UiSelector().resourceIdMatches(\".*login-password...
15:48:22.795848 POST /session/0a9752df-beae-4611-b4a6-0d792c2d3a15/element [15.948162ms] OK body={"strategy":"-android uiautomator","selector":"new UiSelector().resourceIdMatches(\".*login-password...
15:48:22.802664 GET /session/0a9752df-beae-4611-b4a6-0d792c2d3a15/element/00000000-0000-0010-ffff-ffff00000052/text [6.754022ms] OK body=
15:48:22.821400 GET /session/0a9752df-beae-4611-b4a6-0d792c2d3a15/element/00000000-0000-0010-ffff-ffff00000052/rect [18.691887ms] OK body=
15:48:22.854514 POST /session/0a9752df-beae-4611-b4a6-0d792c2d3a15/element/00000000-0000-0010-ffff-ffff00000052/click [33.07677ms] OK body=
15:48:23.299390 POST /session/0a9752df-beae-4611-b4a6-0d792c2d3a15/actions [444.578992ms] OK body={"actions":[{"actions":[{"type":"keyDown","value":"P"},{"type":"keyUp","value":"P"},{"type":"keyDown...
15:48:23.317754 POST /session/0a9752df-beae-4611-b4a6-0d792c2d3a15/appium/device/hide_keyboard [18.288771ms] ERR:404 body=
15:48:23.909280 POST /session/0a9752df-beae-4611-b4a6-0d792c2d3a15/element [591.229076ms] OK body={"strategy":"-android uiautomator","selector":"new UiSelector().resourceIdMatches(\".*login-submit-b...
15:48:23.915727 GET /session/0a9752df-beae-4611-b4a6-0d792c2d3a15/element/00000000-0000-0010-ffff-ffff00000062/text [6.383638ms] OK body=
15:48:23.924509 GET /session/0a9752df-beae-4611-b4a6-0d792c2d3a15/element/00000000-0000-0010-ffff-ffff00000062/rect [8.712344ms] OK body=
15:48:23.949682 POST /session/0a9752df-beae-4611-b4a6-0d792c2d3a15/element/00000000-0000-0010-ffff-ffff00000062/click [25.124213ms] OK body=
15:48:23.954678 POST /session/0a9752df-beae-4611-b4a6-0d792c2d3a15/element [4.954536ms] OK body={"strategy":"-android uiautomator","selector":"new UiSelector().resourceIdMatches(\".*login-submit-b...
15:48:23.965359 GET /session/0a9752df-beae-4611-b4a6-0d792c2d3a15/element/00000000-0000-0010-ffff-ffff00000062/text [10.639166ms] OK body=
15:48:24.601999 GET /session/0a9752df-beae-4611-b4a6-0d792c2d3a15/element/00000000-0000-0010-ffff-ffff00000062/rect [636.591715ms] OK body=
15:48:24.626335 POST /session/0a9752df-beae-4611-b4a6-0d792c2d3a15/element/00000000-0000-0010-ffff-ffff00000062/click [24.256847ms] OK body=
15:48:24.639449 POST /session/0a9752df-beae-4611-b4a6-0d792c2d3a15/element [12.666261ms] ERR:404 body={"strategy":"-android uiautomator","selector":"new UiSelector().resourceIdMatches(\".*COMMUNITY.*\")...
15:48:24.652447 POST /session/0a9752df-beae-4611-b4a6-0d792c2d3a15/element [12.899229ms] ERR:404 body={"strategy":"-android uiautomator","selector":"new UiSelector().resourceIdMatches(\".*COMMUNITY.*\")...
15:48:24.657929 POST /session/0a9752df-beae-4611-b4a6-0d792c2d3a15/element [5.389574ms] ERR:404 body={"strategy":"-android uiautomator","selector":"new UiSelector().resourceIdMatches(\".*COMMUNITY.*\")...
15:48:24.662736 POST /session/0a9752df-beae-4611-b4a6-0d792c2d3a15/element [4.739092ms] ERR:404 body={"strategy":"-android uiautomator","selector":"new UiSelector().resourceIdMatches(\".*COMMUNITY.*\")...
15:48:24.668357 POST /session/0a9752df-beae-4611-b4a6-0d792c2d3a15/element [5.552281ms] ERR:404 body={"strategy":"-android uiautomator","selector":"new UiSelector().resourceIdMatches(\".*COMMUNITY.*\")...
15:48:24.672961 POST /session/0a9752df-beae-4611-b4a6-0d792c2d3a15/element [4.536242ms] ERR:404 body={"strategy":"-android uiautomator","selector":"new UiSelector().resourceIdMatches(\".*COMMUNITY.*\")...
15:48:24.678280 POST /session/0a9752df-beae-4611-b4a6-0d792c2d3a15/element [5.253446ms] ERR:404 body={"strategy":"-android uiautomator","selector":"new UiSelector().resourceIdMatches(\".*COMMUNITY.*\")...
15:48:24.683022 POST /session/0a9752df-beae-4611-b4a6-0d792c2d3a15/element [4.664832ms] ERR:404 body={"strategy":"-android uiautomator","selector":"new UiSelector().resourceIdMatches(\".*COMMUNITY.*\")...
15:48:24.687478 POST /session/0a9752df-beae-4611-b4a6-0d792c2d3a15/element [4.375388ms] ERR:404 body={"strategy":"-android uiautomator","selector":"new UiSelector().resourceIdMatches(\".*COMMUNITY.*\")...
15:48:24.692786 POST /session/0a9752df-beae-4611-b4a6-0d792c2d3a15/element [5.236058ms] ERR:404 body={"strategy":"-android uiautomator","selector":"new UiSelector().resourceIdMatches(\".*COMMUNITY.*\")...
15:48:24.697927 POST /session/0a9752df-beae-4611-b4a6-0d792c2d3a15/element [5.064177ms] ERR:404 body={"strategy":"-android uiautomator","selector":"new UiSelector().resourceIdMatches(\".*COMMUNITY.*\")...
15:48:24.728482 POST /session/0a9752df-beae-4611-b4a6-0d792c2d3a15/element [30.484217ms] ERR:404 body={"strategy":"-android uiautomator","selector":"new UiSelector().resourceIdMatches(\".*COMMUNITY.*\")...
15:48:25.407401 POST /session/0a9752df-beae-4611-b4a6-0d792c2d3a15/element [678.832142ms] ERR:404 body={"strategy":"-android uiautomator","selector":"new UiSelector().resourceIdMatches(\".*COMMUNITY.*\")...
15:48:25.414315 POST /session/0a9752df-beae-4611-b4a6-0d792c2d3a15/element [6.79946ms] ERR:404 body={"strategy":"-android uiautomator","selector":"new UiSelector().resourceIdMatches(\".*COMMUNITY.*\")...
15:48:25.420304 POST /session/0a9752df-beae-4611-b4a6-0d792c2d3a15/element [5.886053ms] ERR:404 body={"strategy":"-android uiautomator","selector":"new UiSelector().resourceIdMatches(\".*COMMUNITY.*\")...
15:48:25.426054 POST /session/0a9752df-beae-4611-b4a6-0d792c2d3a15/element [5.665211ms] ERR:404 body={"strategy":"-android uiautomator","selector":"new UiSelector().resourceIdMatches(\".*COMMUNITY.*\")...
15:48:25.431712 POST /session/0a9752df-beae-4611-b4a6-0d792c2d3a15/element [5.552894ms] ERR:404 body={"strategy":"-android uiautomator","selector":"new UiSelector().resourceIdMatches(\".*COMMUNITY.*\")...
15:48:25.441092 POST /session/0a9752df-beae-4611-b4a6-0d792c2d3a15/element [9.288849ms] ERR:404 body={"strategy":"-android uiautomator","selector":"new UiSelector().resourceIdMatches(\".*COMMUNITY.*\")...
15:48:25.447810 POST /session/0a9752df-beae-4611-b4a6-0d792c2d3a15/element [6.646188ms] ERR:404 body={"strategy":"-android uiautomator","selector":"new UiSelector().resourceIdMatches(\".*COMMUNITY.*\")...
15:48:25.453634 POST /session/0a9752df-beae-4611-b4a6-0d792c2d3a15/element [5.734734ms] ERR:404 body={"strategy":"-android uiautomator","selector":"new UiSelector().resourceIdMatches(\".*COMMUNITY.*\")...
15:48:25.459892 POST /session/0a9752df-beae-4611-b4a6-0d792c2d3a15/element [6.182425ms] ERR:404 body={"strategy":"-android uiautomator","selector":"new UiSelector().resourceIdMatches(\".*COMMUNITY.*\")...
15:48:25.466315 POST /session/0a9752df-beae-4611-b4a6-0d792c2d3a15/element [6.339011ms] ERR:404 body={"strategy":"-android uiautomator","selector":"new UiSelector().resourceIdMatches(\".*COMMUNITY.*\")...
15:48:25.473867 POST /session/0a9752df-beae-4611-b4a6-0d792c2d3a15/element [7.459047ms] ERR:404 body={"strategy":"-android uiautomator","selector":"new UiSelector().resourceIdMatches(\".*COMMUNITY.*\")...
15:48:25.481695 POST /session/0a9752df-beae-4611-b4a6-0d792c2d3a15/element [7.747684ms] ERR:404 body={"strategy":"-android uiautomator","selector":"new UiSelector().resourceIdMatches(\".*COMMUNITY.*\")...
15:48:25.488411 POST /session/0a9752df-beae-4611-b4a6-0d792c2d3a15/element [6.607893ms] ERR:404 body={"strategy":"-android uiautomator","selector":"new UiSelector().resourceIdMatches(\".*COMMUNITY.*\")...
15:48:25.494832 POST /session/0a9752df-beae-4611-b4a6-0d792c2d3a15/element [6.342574ms] ERR:404 body={"strategy":"-android uiautomator","selector":"new UiSelector().resourceIdMatches(\".*COMMUNITY.*\")...
15:48:25.500520 POST /session/0a9752df-beae-4611-b4a6-0d792c2d3a15/element [5.605744ms] ERR:404 body={"strategy":"-android uiautomator","selector":"new UiSelector().resourceIdMatches(\".*COMMUNITY.*\")...
15:48:25.506605 POST /session/0a9752df-beae-4611-b4a6-0d792c2d3a15/element [6.012062ms] ERR:404 body={"strategy":"-android uiautomator","selector":"new UiSelector().resourceIdMatches(\".*COMMUNITY.*\")...
15:48:25.514263 POST /session/0a9752df-beae-4611-b4a6-0d792c2d3a15/element [7.593821ms] ERR:404 body={"strategy":"-android uiautomator","selector":"new UiSelector().resourceIdMatches(\".*COMMUNITY.*\")...
15:48:25.520573 POST /session/0a9752df-beae-4611-b4a6-0d792c2d3a15/element [6.225696ms] ERR:404 body={"strategy":"-android uiautomator","selector":"new UiSelector().resourceIdMatches(\".*COMMUNITY.*\")...
15:48:25.527007 POST /session/0a9752df-beae-4611-b4a6-0d792c2d3a15/element [6.345368ms] ERR:404 body={"strategy":"-android uiautomator","selector":"new UiSelector().resourceIdMatches(\".*COMMUNITY.*\")...
15:48:25.534164 POST /session/0a9752df-beae-4611-b4a6-0d792c2d3a15/element [7.083015ms] ERR:404 body={"strategy":"-android uiautomator","selector":"new UiSelector().resourceIdMatches(\".*COMMUNITY.*\")...
15:48:25.540891 POST /session/0a9752df-beae-4611-b4a6-0d792c2d3a15/element [6.648795ms] ERR:404 body={"strategy":"-android uiautomator","selector":"new UiSelector().resourceIdMatches(\".*COMMUNITY.*\")...
15:48:25.547157 POST /session/0a9752df-beae-4611-b4a6-0d792c2d3a15/element [6.173185ms] ERR:404 body={"strategy":"-android uiautomator","selector":"new UiSelector().resourceIdMatches(\".*COMMUNITY.*\")...
15:48:25.552835 POST /session/0a9752df-beae-4611-b4a6-0d792c2d3a15/element [5.613991ms] ERR:404 body={"strategy":"-android uiautomator","selector":"new UiSelector().resourceIdMatches(\".*COMMUNITY.*\")...
15:48:25.558304 POST /session/0a9752df-beae-4611-b4a6-0d792c2d3a15/element [5.392894ms] ERR:404 body={"strategy":"-android uiautomator","selector":"new UiSelector().resourceIdMatches(\".*COMMUNITY.*\")...
15:48:25.563878 POST /session/0a9752df-beae-4611-b4a6-0d792c2d3a15/element [5.50168ms] ERR:404 body={"strategy":"-android uiautomator","selector":"new UiSelector().resourceIdMatches(\".*COMMUNITY.*\")...
15:48:25.569545 POST /session/0a9752df-beae-4611-b4a6-0d792c2d3a15/element [5.599191ms] ERR:404 body={"strategy":"-android uiautomator","selector":"new UiSelector().resourceIdMatches(\".*COMMUNITY.*\")...
15:48:25.598313 POST /session/0a9752df-beae-4611-b4a6-0d792c2d3a15/element [28.712826ms] ERR:404 body={"strategy":"-android uiautomator","selector":"new UiSelector().resourceIdMatches(\".*COMMUNITY.*\")...
15:48:25.604049 POST /session/0a9752df-beae-4611-b4a6-0d792c2d3a15/element [5.639573ms] ERR:404 body={"strategy":"-android uiautomator","selector":"new UiSelector().resourceIdMatches(\".*COMMUNITY.*\")...
15:48:25.609919 POST /session/0a9752df-beae-4611-b4a6-0d792c2d3a15/element [5.79295ms] ERR:404 body={"strategy":"-android uiautomator","selector":"new UiSelector().resourceIdMatches(\".*COMMUNITY.*\")...
15:48:25.616003 POST /session/0a9752df-beae-4611-b4a6-0d792c2d3a15/element [6.014322ms] ERR:404 body={"strategy":"-android uiautomator","selector":"new UiSelector().resourceIdMatches(\".*COMMUNITY.*\")...
15:48:25.627869 POST /session/0a9752df-beae-4611-b4a6-0d792c2d3a15/element [11.792442ms] ERR:404 body={"strategy":"-android uiautomator","selector":"new UiSelector().resourceIdMatches(\".*COMMUNITY.*\")...
15:48:25.633779 POST /session/0a9752df-beae-4611-b4a6-0d792c2d3a15/element [5.812659ms] ERR:404 body={"strategy":"-android uiautomator","selector":"new UiSelector().resourceIdMatches(\".*COMMUNITY.*\")...
15:48:25.640726 POST /session/0a9752df-beae-4611-b4a6-0d792c2d3a15/element [6.876965ms] ERR:404 body={"strategy":"-android uiautomator","selector":"new UiSelector().resourceIdMatches(\".*COMMUNITY.*\")...
15:48:25.646699 POST /session/0a9752df-beae-4611-b4a6-0d792c2d3a15/element [5.894486ms] ERR:404 body={"strategy":"-android uiautomator","selector":"new UiSelector().resourceIdMatches(\".*COMMUNITY.*\")...
15:48:25.652727 POST /session/0a9752df-beae-4611-b4a6-0d792c2d3a15/element [5.933656ms] ERR:404 body={"strategy":"-android uiautomator","selector":"new UiSelector().resourceIdMatches(\".*COMMUNITY.*\")...
15:48:25.689206 POST /session/0a9752df-beae-4611-b4a6-0d792c2d3a15/element [36.412669ms] ERR:404 body={"strategy":"-android uiautomator","selector":"new UiSelector().resourceIdMatches(\".*COMMUNITY.*\")...
15:48:26.268400 POST /session/0a9752df-beae-4611-b4a6-0d792c2d3a15/element [579.076667ms] ERR:404 body={"strategy":"-android uiautomator","selector":"new UiSelector().resourceIdMatches(\".*COMMUNITY.*\")...
15:48:26.277575 POST /session/0a9752df-beae-4611-b4a6-0d792c2d3a15/element [9.01041ms] ERR:404 body={"strategy":"-android uiautomator","selector":"new UiSelector().resourceIdMatches(\".*COMMUNITY.*\")...
15:48:26.283236 POST /session/0a9752df-beae-4611-b4a6-0d792c2d3a15/element [5.551292ms] ERR:404 body={"strategy":"-android uiautomator","selector":"new UiSelector().resourceIdMatches(\".*COMMUNITY.*\")...
15:48:26.288762 POST /session/0a9752df-beae-4611-b4a6-0d792c2d3a15/element [5.402976ms] ERR:404 body={"strategy":"-android uiautomator","selector":"new UiSelector().resourceIdMatches(\".*COMMUNITY.*\")...
15:48:26.293413 POST /session/0a9752df-beae-4611-b4a6-0d792c2d3a15/element [4.541035ms] ERR:404 body={"strategy":"-android uiautomator","selector":"new UiSelector().resourceIdMatches(\".*COMMUNITY.*\")...
15:48:26.298534 POST /session/0a9752df-beae-4611-b4a6-0d792c2d3a15/element [4.881613ms] ERR:404 body={"strategy":"-android uiautomator","selector":"new UiSelector().resourceIdMatches(\".*COMMUNITY.*\")...
15:48:26.305126 POST /session/0a9752df-beae-4611-b4a6-0d792c2d3a15/element [6.502326ms] ERR:404 body={"strategy":"-android uiautomator","selector":"new UiSelector().resourceIdMatches(\".*COMMUNITY.*\")...
15:48:26.310182 POST /session/0a9752df-beae-4611-b4a6-0d792c2d3a15/element [4.95889ms] ERR:404 body={"strategy":"-android uiautomator","selector":"new UiSelector().resourceIdMatches(\".*COMMUNITY.*\")...
15:48:26.317323 POST /session/0a9752df-beae-4611-b4a6-0d792c2d3a15/element [7.045939ms] ERR:404 body={"strategy":"-android uiautomator","selector":"new UiSelector().resourceIdMatches(\".*COMMUNITY.*\")...
15:48:26.322633 POST /session/0a9752df-beae-4611-b4a6-0d792c2d3a15/element [5.209428ms] ERR:404 body={"strategy":"-android uiautomator","selector":"new UiSelector().resourceIdMatches(\".*COMMUNITY.*\")...
15:48:26.327410 POST /session/0a9752df-beae-4611-b4a6-0d792c2d3a15/element [4.681979ms] ERR:404 body={"strategy":"-android uiautomator","selector":"new UiSelector().resourceIdMatches(\".*COMMUNITY.*\")...
15:48:26.333284 POST /session/0a9752df-beae-4611-b4a6-0d792c2d3a15/element [5.814604ms] ERR:404 body={"strategy":"-android uiautomator","selector":"new UiSelector().resourceIdMatches(\".*COMMUNITY.*\")...
15:48:26.339032 POST /session/0a9752df-beae-4611-b4a6-0d792c2d3a15/element [5.671162ms] ERR:404 body={"strategy":"-android uiautomator","selector":"new UiSelector().resourceIdMatches(\".*COMMUNITY.*\")...
15:48:26.345193 POST /session/0a9752df-beae-4611-b4a6-0d792c2d3a15/element [6.070181ms] ERR:404 body={"strategy":"-android uiautomator","selector":"new UiSelector().resourceIdMatches(\".*COMMUNITY.*\")...
15:48:26.351567 POST /session/0a9752df-beae-4611-b4a6-0d792c2d3a15/element [6.300228ms] ERR:404 body={"strategy":"-android uiautomator","selector":"new UiSelector().resourceIdMatches(\".*COMMUNITY.*\")...
15:48:26.357204 POST /session/0a9752df-beae-4611-b4a6-0d792c2d3a15/element [5.556342ms] ERR:404 body={"strategy":"-android uiautomator","selector":"new UiSelector().resourceIdMatches(\".*COMMUNITY.*\")...
15:48:26.363744 POST /session/0a9752df-beae-4611-b4a6-0d792c2d3a15/element [6.452712ms] ERR:404 body={"strategy":"-android uiautomator","selector":"new UiSelector().resourceIdMatches(\".*COMMUNITY.*\")...
15:48:26.368656 POST /session/0a9752df-beae-4611-b4a6-0d792c2d3a15/element [4.84648ms] ERR:404 body={"strategy":"-android uiautomator","selector":"new UiSelector().resourceIdMatches(\".*COMMUNITY.*\")...
15:48:26.373462 POST /session/0a9752df-beae-4611-b4a6-0d792c2d3a15/element [4.729536ms] ERR:404 body={"strategy":"-android uiautomator","selector":"new UiSelector().resourceIdMatches(\".*COMMUNITY.*\")...
15:48:26.378542 POST /session/0a9752df-beae-4611-b4a6-0d792c2d3a15/element [5.01309ms] ERR:404 body={"strategy":"-android uiautomator","selector":"new UiSelector().resourceIdMatches(\".*COMMUNITY.*\")...
15:48:26.383911 POST /session/0a9752df-beae-4611-b4a6-0d792c2d3a15/element [5.279694ms] ERR:404 body={"strategy":"-android uiautomator","selector":"new UiSelector().resourceIdMatches(\".*COMMUNITY.*\")...
15:48:26.389048 POST /session/0a9752df-beae-4611-b4a6-0d792c2d3a15/element [5.066407ms] ERR:404 body={"strategy":"-android uiautomator","selector":"new UiSelector().resourceIdMatches(\".*COMMUNITY.*\")...
15:48:26.394019 POST /session/0a9752df-beae-4611-b4a6-0d792c2d3a15/element [4.861634ms] ERR:404 body={"strategy":"-android uiautomator","selector":"new UiSelector().resourceIdMatches(\".*COMMUNITY.*\")...
15:48:26.406732 POST /session/0a9752df-beae-4611-b4a6-0d792c2d3a15/element [12.644547ms] ERR:404 body={"strategy":"-android uiautomator","selector":"new UiSelector().resourceIdMatches(\".*COMMUNITY.*\")...
15:48:26.412259 POST /session/0a9752df-beae-4611-b4a6-0d792c2d3a15/element [5.461355ms] ERR:404 body={"strategy":"-android uiautomator","selector":"new UiSelector().resourceIdMatches(\".*COMMUNITY.*\")...
15:48:26.419544 POST /session/0a9752df-beae-4611-b4a6-0d792c2d3a15/element [7.208472ms] ERR:404 body={"strategy":"-android uiautomator","selector":"new UiSelector().resourceIdMatches(\".*COMMUNITY.*\")...
15:48:26.426723 POST /session/0a9752df-beae-4611-b4a6-0d792c2d3a15/element [7.111263ms] ERR:404 body={"strategy":"-android uiautomator","selector":"new UiSelector().resourceIdMatches(\".*COMMUNITY.*\")...
15:48:26.431993 POST /session/0a9752df-beae-4611-b4a6-0d792c2d3a15/element [5.200285ms] ERR:404 body={"strategy":"-android uiautomator","selector":"new UiSelector().resourceIdMatches(\".*COMMUNITY.*\")...
15:48:26.437857 POST /session/0a9752df-beae-4611-b4a6-0d792c2d3a15/element [5.810229ms] ERR:404 body={"strategy":"-android uiautomator","selector":"new UiSelector().resourceIdMatches(\".*COMMUNITY.*\")...
15:48:26.443100 POST /session/0a9752df-beae-4611-b4a6-0d792c2d3a15/element [5.177333ms] ERR:404 body={"strategy":"-android uiautomator","selector":"new UiSelector().resourceIdMatches(\".*COMMUNITY.*\")...
15:48:26.448883 POST /session/0a9752df-beae-4611-b4a6-0d792c2d3a15/element [5.735407ms] ERR:404 body={"strategy":"-android uiautomator","selector":"new UiSelector().resourceIdMatches(\".*COMMUNITY.*\")...
15:48:26.455040 POST /session/0a9752df-beae-4611-b4a6-0d792c2d3a15/element [6.105032ms] ERR:404 body={"strategy":"-android uiautomator","selector":"new UiSelector().resourceIdMatches(\".*COMMUNITY.*\")...
15:48:26.461238 POST /session/0a9752df-beae-4611-b4a6-0d792c2d3a15/element [6.126418ms] ERR:404 body={"strategy":"-android uiautomator","selector":"new UiSelector().resourceIdMatches(\".*COMMUNITY.*\")...
15:48:26.468162 POST /session/0a9752df-beae-4611-b4a6-0d792c2d3a15/element [6.855075ms] ERR:404 body={"strategy":"-android uiautomator","selector":"new UiSelector().resourceIdMatches(\".*COMMUNITY.*\")...
15:48:26.475991 POST /session/0a9752df-beae-4611-b4a6-0d792c2d3a15/element [7.755382ms] ERR:404 body={"strategy":"-android uiautomator","selector":"new UiSelector().resourceIdMatches(\".*COMMUNITY.*\")...
15:48:26.485545 POST /session/0a9752df-beae-4611-b4a6-0d792c2d3a15/element [9.498925ms] ERR:404 body={"strategy":"-android uiautomator","selector":"new UiSelector().resourceIdMatches(\".*COMMUNITY.*\")...
15:48:26.493243 POST /session/0a9752df-beae-4611-b4a6-0d792c2d3a15/element [7.61288ms] ERR:404 body={"strategy":"-android uiautomator","selector":"new UiSelector().resourceIdMatches(\".*COMMUNITY.*\")...
15:48:26.499879 POST /session/0a9752df-beae-4611-b4a6-0d792c2d3a15/element [6.539245ms] ERR:404 body={"strategy":"-android uiautomator","selector":"new UiSelector().resourceIdMatches(\".*COMMUNITY.*\")...
15:48:26.505167 POST /session/0a9752df-beae-4611-b4a6-0d792c2d3a15/element [5.199317ms] ERR:404 body={"strategy":"-android uiautomator","selector":"new UiSelector().resourceIdMatches(\".*COMMUNITY.*\")...
15:48:26.509567 POST /session/0a9752df-beae-4611-b4a6-0d792c2d3a15/element [4.32245ms] ERR:404 body={"strategy":"-android uiautomator","selector":"new UiSelector().resourceIdMatches(\".*COMMUNITY.*\")...
15:48:26.515570 POST /session/0a9752df-beae-4611-b4a6-0d792c2d3a15/element [5.917034ms] ERR:404 body={"strategy":"-android uiautomator","selector":"new UiSelector().resourceIdMatches(\".*COMMUNITY.*\")...
15:48:26.522328 POST /session/0a9752df-beae-4611-b4a6-0d792c2d3a15/element [6.661412ms] ERR:404 body={"strategy":"-android uiautomator","selector":"new UiSelector().resourceIdMatches(\".*COMMUNITY.*\")...
15:48:26.530339 POST /session/0a9752df-beae-4611-b4a6-0d792c2d3a15/element [7.924449ms] ERR:404 body={"strategy":"-android uiautomator","selector":"new UiSelector().resourceIdMatches(\".*COMMUNITY.*\")...
15:48:26.536508 POST /session/0a9752df-beae-4611-b4a6-0d792c2d3a15/element [6.054761ms] ERR:404 body={"strategy":"-android uiautomator","selector":"new UiSelector().resourceIdMatches(\".*COMMUNITY.*\")...
15:48:26.541918 POST /session/0a9752df-beae-4611-b4a6-0d792c2d3a15/element [5.318584ms] ERR:404 body={"strategy":"-android uiautomator","selector":"new UiSelector().resourceIdMatches(\".*COMMUNITY.*\")...
15:48:26.546979 POST /session/0a9752df-beae-4611-b4a6-0d792c2d3a15/element [4.974856ms] ERR:404 body={"strategy":"-android uiautomator","selector":"new UiSelector().resourceIdMatches(\".*COMMUNITY.*\")...
15:48:26.553485 POST /session/0a9752df-beae-4611-b4a6-0d792c2d3a15/element [6.439345ms] ERR:404 body={"strategy":"-android uiautomator","selector":"new UiSelector().resourceIdMatches(\".*COMMUNITY.*\")...
15:48:26.559679 POST /session/0a9752df-beae-4611-b4a6-0d792c2d3a15/element [6.121846ms] ERR:404 body={"strategy":"-android uiautomator","selector":"new UiSelector().resourceIdMatches(\".*COMMUNITY.*\")...
15:48:26.565657 POST /session/0a9752df-beae-4611-b4a6-0d792c2d3a15/element [5.879071ms] ERR:404 body={"strategy":"-android uiautomator","selector":"new UiSelector().resourceIdMatches(\".*COMMUNITY.*\")...
15:48:26.574036 POST /session/0a9752df-beae-4611-b4a6-0d792c2d3a15/element [8.299202ms] ERR:404 body={"strategy":"-android uiautomator","selector":"new UiSelector().resourceIdMatches(\".*COMMUNITY.*\")...
15:48:26.580230 POST /session/0a9752df-beae-4611-b4a6-0d792c2d3a15/element [6.116091ms] ERR:404 body={"strategy":"-android uiautomator","selector":"new UiSelector().resourceIdMatches(\".*COMMUNITY.*\")...
15:48:26.585628 POST /session/0a9752df-beae-4611-b4a6-0d792c2d3a15/element [5.301834ms] ERR:404 body={"strategy":"-android uiautomator","selector":"new UiSelector().resourceIdMatches(\".*COMMUNITY.*\")...
15:48:26.592651 POST /session/0a9752df-beae-4611-b4a6-0d792c2d3a15/element [6.946944ms] ERR:404 body={"strategy":"-android uiautomator","selector":"new UiSelector().resourceIdMatches(\".*COMMUNITY.*\")...
15:48:26.599148 POST /session/0a9752df-beae-4611-b4a6-0d792c2d3a15/element [6.407664ms] ERR:404 body={"strategy":"-android uiautomator","selector":"new UiSelector().resourceIdMatches(\".*COMMUNITY.*\")...
15:48:26.610587 POST /session/0a9752df-beae-4611-b4a6-0d792c2d3a15/element [11.360487ms] ERR:404 body={"strategy":"-android uiautomator","selector":"new UiSelector().resourceIdMatches(\".*COMMUNITY.*\")...
15:48:26.616476 POST /session/0a9752df-beae-4611-b4a6-0d792c2d3a15/element [5.825932ms] ERR:404 body={"strategy":"-android uiautomator","selector":"new UiSelector().resourceIdMatches(\".*COMMUNITY.*\")...
15:48:26.629823 POST /session/0a9752df-beae-4611-b4a6-0d792c2d3a15/element [13.274304ms] ERR:404 body={"strategy":"-android uiautomator","selector":"new UiSelector().resourceIdMatches(\".*COMMUNITY.*\")...
15:48:26.636117 POST /session/0a9752df-beae-4611-b4a6-0d792c2d3a15/element [6.211527ms] ERR:404 body={"strategy":"-android uiautomator","selector":"new UiSelector().resourceIdMatches(\".*COMMUNITY.*\")...
15:48:26.641964 POST /session/0a9752df-beae-4611-b4a6-0d792c2d3a15/element [5.781373ms] ERR:404 body={"strategy":"-android uiautomator","selector":"new UiSelector().resourceIdMatches(\".*COMMUNITY.*\")...
15:48:26.648492 POST /session/0a9752df-beae-4611-b4a6-0d792c2d3a15/element [6.458133ms] ERR:404 body={"strategy":"-android uiautomator","selector":"new UiSelector().resourceIdMatches(\".*COMMUNITY.*\")...
15:48:26.664566 POST /session/0a9752df-beae-4611-b4a6-0d792c2d3a15/element [15.379805ms] ERR:404 body={"strategy":"-android uiautomator","selector":"new UiSelector().resourceIdMatches(\".*COMMUNITY.*\")...
15:48:27.479624 POST /session/0a9752df-beae-4611-b4a6-0d792c2d3a15/element [814.880842ms] OK body={"strategy":"-android uiautomator","selector":"new UiSelector().resourceIdMatches(\".*COMMUNITY.*\")...
15:48:29.088640 GET /session/0a9752df-beae-4611-b4a6-0d792c2d3a15/element/00000000-0000-0010-ffff-ffff00000080/text [1.60891699s] OK body=
15:48:29.098301 GET /session/0a9752df-beae-4611-b4a6-0d792c2d3a15/element/00000000-0000-0010-ffff-ffff00000080/rect [9.582039ms] OK body=
15:48:29.112546 POST /session/0a9752df-beae-4611-b4a6-0d792c2d3a15/element [13.319434ms] OK body={"strategy":"-android uiautomator","selector":"new UiSelector().textContains(\"Community\")"}
15:48:29.129184 POST /session/0a9752df-beae-4611-b4a6-0d792c2d3a15/element [15.468767ms] ERR:404 body={"strategy":"-android uiautomator","selector":"new UiSelector().resourceIdMatches(\".*COMMUNITY.*\")...
15:48:29.150635 POST /session/0a9752df-beae-4611-b4a6-0d792c2d3a15/element [21.366844ms] OK body={"strategy":"-android uiautomator","selector":"new UiSelector().resourceIdMatches(\".*COMMUNITY.*\")...
15:48:29.156591 GET /session/0a9752df-beae-4611-b4a6-0d792c2d3a15/element/00000000-0000-0010-ffff-ffff00000080/text [5.919046ms] OK body=
15:48:29.163433 GET /session/0a9752df-beae-4611-b4a6-0d792c2d3a15/element/00000000-0000-0010-ffff-ffff00000080/rect [6.808919ms] OK body=
15:48:29.191321 POST /session/0a9752df-beae-4611-b4a6-0d792c2d3a15/element/00000000-0000-0010-ffff-ffff00000080/click [27.847018ms] OK body=
15:48:29.207434 POST /session/0a9752df-beae-4611-b4a6-0d792c2d3a15/element [14.801461ms] ERR:404 body={"strategy":"-android uiautomator","selector":"new UiSelector().resourceIdMatches(\".*recipe.*\").cl...
15:48:29.285577 POST /session/0a9752df-beae-4611-b4a6-0d792c2d3a15/element [78.011949ms] OK body={"strategy":"-android uiautomator","selector":"new UiSelector().resourceIdMatches(\".*recipe.*\")"}
15:48:29.297420 GET /session/0a9752df-beae-4611-b4a6-0d792c2d3a15/element/00000000-0000-0010-ffff-ffff000000e6/text [11.800098ms] OK body=
15:48:29.327181 GET /session/0a9752df-beae-4611-b4a6-0d792c2d3a15/element/00000000-0000-0010-ffff-ffff000000e6/rect [29.716079ms] OK body=
15:48:29.366905 POST /session/0a9752df-beae-4611-b4a6-0d792c2d3a15/element/00000000-0000-0010-ffff-ffff000000e6/click [39.676834ms] OK body=
15:48:29.420580 POST /session/0a9752df-beae-4611-b4a6-0d792c2d3a15/element [52.394116ms] ERR:404 body={"strategy":"-android uiautomator","selector":"new UiSelector().resourceIdMatches(\".*recipe-cook-bu...
15:48:29.440550 POST /session/0a9752df-beae-4611-b4a6-0d792c2d3a15/element [19.897291ms] ERR:404 body={"strategy":"-android uiautomator","selector":"new UiSelector().resourceIdMatches(\".*recipe-cook-bu...
15:48:29.454463 POST /session/0a9752df-beae-4611-b4a6-0d792c2d3a15/element [13.819227ms] ERR:404 body={"strategy":"-android uiautomator","selector":"new UiSelector().resourceIdMatches(\".*recipe-cook-bu...
15:48:29.476038 POST /session/0a9752df-beae-4611-b4a6-0d792c2d3a15/element [21.508934ms] ERR:404 body={"strategy":"-android uiautomator","selector":"new UiSelector().resourceIdMatches(\".*recipe-cook-bu...
15:48:29.489104 POST /session/0a9752df-beae-4611-b4a6-0d792c2d3a15/element [12.952886ms] ERR:404 body={"strategy":"-android uiautomator","selector":"new UiSelector().resourceIdMatches(\".*recipe-cook-bu...
15:48:29.502103 POST /session/0a9752df-beae-4611-b4a6-0d792c2d3a15/element [12.902633ms] ERR:404 body={"strategy":"-android uiautomator","selector":"new UiSelector().resourceIdMatches(\".*recipe-cook-bu...
15:48:29.517314 POST /session/0a9752df-beae-4611-b4a6-0d792c2d3a15/element [15.134401ms] ERR:404 body={"strategy":"-android uiautomator","selector":"new UiSelector().resourceIdMatches(\".*recipe-cook-bu...
15:48:29.526858 POST /session/0a9752df-beae-4611-b4a6-0d792c2d3a15/element [9.454048ms] ERR:404 body={"strategy":"-android uiautomator","selector":"new UiSelector().resourceIdMatches(\".*recipe-cook-bu...
15:48:29.915832 POST /session/0a9752df-beae-4611-b4a6-0d792c2d3a15/element [388.877658ms] ERR:404 body={"strategy":"-android uiautomator","selector":"new UiSelector().resourceIdMatches(\".*recipe-cook-bu...
15:48:30.860064 POST /session/0a9752df-beae-4611-b4a6-0d792c2d3a15/element [944.119976ms] OK body={"strategy":"-android uiautomator","selector":"new UiSelector().resourceIdMatches(\".*recipe-cook-bu...
15:48:31.115681 GET /session/0a9752df-beae-4611-b4a6-0d792c2d3a15/element/00000000-0000-0010-ffff-ffff0000013b/text [255.523944ms] OK body=
15:48:31.121573 GET /session/0a9752df-beae-4611-b4a6-0d792c2d3a15/element/00000000-0000-0010-ffff-ffff0000013b/rect [5.835277ms] OK body=
15:48:31.148408 POST /session/0a9752df-beae-4611-b4a6-0d792c2d3a15/element/00000000-0000-0010-ffff-ffff0000013b/click [26.796423ms] OK body=
15:48:31.187060 POST /session/0a9752df-beae-4611-b4a6-0d792c2d3a15/element [36.230821ms] ERR:404 body={"strategy":"-android uiautomator","selector":"new UiSelector().resourceIdMatches(\".*active-speakin...
15:48:31.208244 POST /session/0a9752df-beae-4611-b4a6-0d792c2d3a15/element [21.080346ms] ERR:404 body={"strategy":"-android uiautomator","selector":"new UiSelector().resourceIdMatches(\".*active-speakin...
15:48:31.224876 POST /session/0a9752df-beae-4611-b4a6-0d792c2d3a15/element [16.530002ms] ERR:404 body={"strategy":"-android uiautomator","selector":"new UiSelector().resourceIdMatches(\".*active-speakin...
15:48:31.262689 POST /session/0a9752df-beae-4611-b4a6-0d792c2d3a15/element [37.737009ms] ERR:404 body={"strategy":"-android uiautomator","selector":"new UiSelector().resourceIdMatches(\".*active-speakin...
15:48:31.835228 POST /session/0a9752df-beae-4611-b4a6-0d792c2d3a15/element [572.436586ms] ERR:404 body={"strategy":"-android uiautomator","selector":"new UiSelector().resourceIdMatches(\".*active-speakin...
15:48:32.317758 POST /session/0a9752df-beae-4611-b4a6-0d792c2d3a15/element [482.411562ms] OK body={"strategy":"-android uiautomator","selector":"new UiSelector().resourceIdMatches(\".*active-speakin...
15:48:32.323869 GET /session/0a9752df-beae-4611-b4a6-0d792c2d3a15/element/00000000-0000-0010-ffff-ffff000001f6/text [6.045235ms] OK body=
15:48:32.330396 GET /session/0a9752df-beae-4611-b4a6-0d792c2d3a15/element/00000000-0000-0010-ffff-ffff000001f6/rect [6.476495ms] OK body=
15:48:32.357472 POST /session/0a9752df-beae-4611-b4a6-0d792c2d3a15/element/00000000-0000-0010-ffff-ffff000001f6/click [27.024298ms] OK body=
15:48:32.545226 POST /session/0a9752df-beae-4611-b4a6-0d792c2d3a15/element [186.369277ms] ERR:404 body={"strategy":"-android uiautomator","selector":"new UiSelector().textContains(\"English\")"}
15:48:33.013577 POST /session/0a9752df-beae-4611-b4a6-0d792c2d3a15/element [468.250322ms] ERR:404 body={"strategy":"-android uiautomator","selector":"new UiSelector().descriptionContains(\"English\")"}
15:48:33.025040 POST /session/0a9752df-beae-4611-b4a6-0d792c2d3a15/element [11.355178ms] ERR:404 body={"strategy":"-android uiautomator","selector":"new UiSelector().textMatches(\"(?is).*\\QEnglish\\E.*...
15:48:33.034548 POST /session/0a9752df-beae-4611-b4a6-0d792c2d3a15/element [9.422181ms] ERR:404 body={"strategy":"-android uiautomator","selector":"new UiSelector().descriptionMatches(\"(?is).*\\QEngli...
15:48:33.050773 POST /session/0a9752df-beae-4611-b4a6-0d792c2d3a15/element [16.132473ms] ERR:404 body={"strategy":"-android uiautomator","selector":"new UiSelector().textContains(\"English\")"}
15:48:33.058146 POST /session/0a9752df-beae-4611-b4a6-0d792c2d3a15/element [7.297521ms] ERR:404 body={"strategy":"-android uiautomator","selector":"new UiSelector().descriptionContains(\"English\")"}
15:48:33.065062 POST /session/0a9752df-beae-4611-b4a6-0d792c2d3a15/element [6.842192ms] ERR:404 body={"strategy":"-android uiautomator","selector":"new UiSelector().textMatches(\"(?is).*\\QEnglish\\E.*...
15:48:33.072708 POST /session/0a9752df-beae-4611-b4a6-0d792c2d3a15/element [7.565211ms] ERR:404 body={"strategy":"-android uiautomator","selector":"new UiSelector().descriptionMatches(\"(?is).*\\QEngli...
15:48:33.081349 POST /session/0a9752df-beae-4611-b4a6-0d792c2d3a15/element [8.563611ms] ERR:404 body={"strategy":"-android uiautomator","selector":"new UiSelector().textContains(\"English\")"}
15:48:33.088138 POST /session/0a9752df-beae-4611-b4a6-0d792c2d3a15/element [6.722279ms] ERR:404 body={"strategy":"-android uiautomator","selector":"new UiSelector().descriptionContains(\"English\")"}
15:48:33.095200 POST /session/0a9752df-beae-4611-b4a6-0d792c2d3a15/element [6.992103ms] ERR:404 body={"strategy":"-android uiautomator","selector":"new UiSelector().textMatches(\"(?is).*\\QEnglish\\E.*...
15:48:33.103422 POST /session/0a9752df-beae-4611-b4a6-0d792c2d3a15/element [8.134822ms] ERR:404 body={"strategy":"-android uiautomator","selector":"new UiSelector().descriptionMatches(\"(?is).*\\QEngli...
15:48:33.111542 POST /session/0a9752df-beae-4611-b4a6-0d792c2d3a15/element [8.057489ms] ERR:404 body={"strategy":"-android uiautomator","selector":"new UiSelector().textContains(\"English\")"}
15:48:33.119314 POST /session/0a9752df-beae-4611-b4a6-0d792c2d3a15/element [7.703487ms] ERR:404 body={"strategy":"-android uiautomator","selector":"new UiSelector().descriptionContains(\"English\")"}
15:48:33.127569 POST /session/0a9752df-beae-4611-b4a6-0d792c2d3a15/element [8.187835ms] ERR:404 body={"strategy":"-android uiautomator","selector":"new UiSelector().textMatches(\"(?is).*\\QEnglish\\E.*...
15:48:33.135319 POST /session/0a9752df-beae-4611-b4a6-0d792c2d3a15/element [7.693369ms] ERR:404 body={"strategy":"-android uiautomator","selector":"new UiSelector().descriptionMatches(\"(?is).*\\QEngli...
15:48:33.143329 POST /session/0a9752df-beae-4611-b4a6-0d792c2d3a15/element [7.93395ms] ERR:404 body={"strategy":"-android uiautomator","selector":"new UiSelector().textContains(\"English\")"}
15:48:33.151204 POST /session/0a9752df-beae-4611-b4a6-0d792c2d3a15/element [7.798235ms] ERR:404 body={"strategy":"-android uiautomator","selector":"new UiSelector().descriptionContains(\"English\")"}
15:48:33.159355 POST /session/0a9752df-beae-4611-b4a6-0d792c2d3a15/element [8.087021ms] ERR:404 body={"strategy":"-android uiautomator","selector":"new UiSelector().textMatches(\"(?is).*\\QEnglish\\E.*...
15:48:33.167160 POST /session/0a9752df-beae-4611-b4a6-0d792c2d3a15/element [7.733476ms] ERR:404 body={"strategy":"-android uiautomator","selector":"new UiSelector().descriptionMatches(\"(?is).*\\QEngli...
15:48:33.178292 POST /session/0a9752df-beae-4611-b4a6-0d792c2d3a15/element [11.060952ms] ERR:404 body={"strategy":"-android uiautomator","selector":"new UiSelector().textContains(\"English\")"}
15:48:33.186300 POST /session/0a9752df-beae-4611-b4a6-0d792c2d3a15/element [7.914227ms] ERR:404 body={"strategy":"-android uiautomator","selector":"new UiSelector().descriptionContains(\"English\")"}
15:48:33.196407 POST /session/0a9752df-beae-4611-b4a6-0d792c2d3a15/element [10.012534ms] ERR:404 body={"strategy":"-android uiautomator","selector":"new UiSelector().textMatches(\"(?is).*\\QEnglish\\E.*...
15:48:33.208297 POST /session/0a9752df-beae-4611-b4a6-0d792c2d3a15/element [11.808534ms] ERR:404 body={"strategy":"-android uiautomator","selector":"new UiSelector().descriptionMatches(\"(?is).*\\QEngli...
15:48:33.219041 POST /session/0a9752df-beae-4611-b4a6-0d792c2d3a15/element [10.670613ms] ERR:404 body={"strategy":"-android uiautomator","selector":"new UiSelector().textContains(\"English\")"}
15:48:33.226387 POST /session/0a9752df-beae-4611-b4a6-0d792c2d3a15/element [7.265756ms] ERR:404 body={"strategy":"-android uiautomator","selector":"new UiSelector().descriptionContains(\"English\")"}
15:48:33.233578 POST /session/0a9752df-beae-4611-b4a6-0d792c2d3a15/element [7.097929ms] ERR:404 body={"strategy":"-android uiautomator","selector":"new UiSelector().textMatches(\"(?is).*\\QEnglish\\E.*...
15:48:33.240488 POST /session/0a9752df-beae-4611-b4a6-0d792c2d3a15/element [6.8377ms] ERR:404 body={"strategy":"-android uiautomator","selector":"new UiSelector().descriptionMatches(\"(?is).*\\QEngli...
15:48:33.249503 POST /session/0a9752df-beae-4611-b4a6-0d792c2d3a15/element [8.919106ms] ERR:404 body={"strategy":"-android uiautomator","selector":"new UiSelector().textContains(\"English\")"}
15:48:33.256702 POST /session/0a9752df-beae-4611-b4a6-0d792c2d3a15/element [7.132134ms] ERR:404 body={"strategy":"-android uiautomator","selector":"new UiSelector().descriptionContains(\"English\")"}
15:48:33.264272 POST /session/0a9752df-beae-4611-b4a6-0d792c2d3a15/element [7.501908ms] ERR:404 body={"strategy":"-android uiautomator","selector":"new UiSelector().textMatches(\"(?is).*\\QEnglish\\E.*...
15:48:33.271450 POST /session/0a9752df-beae-4611-b4a6-0d792c2d3a15/element [7.103753ms] ERR:404 body={"strategy":"-android uiautomator","selector":"new UiSelector().descriptionMatches(\"(?is).*\\QEngli...
15:48:33.619170 POST /session/0a9752df-beae-4611-b4a6-0d792c2d3a15/element [347.610285ms] ERR:404 body={"strategy":"-android uiautomator","selector":"new UiSelector().textContains(\"English\")"}
15:48:33.649779 POST /session/0a9752df-beae-4611-b4a6-0d792c2d3a15/element [30.503597ms] ERR:404 body={"strategy":"-android uiautomator","selector":"new UiSelector().descriptionContains(\"English\")"}
15:48:33.667142 POST /session/0a9752df-beae-4611-b4a6-0d792c2d3a15/element [17.284101ms] ERR:404 body={"strategy":"-android uiautomator","selector":"new UiSelector().textMatches(\"(?is).*\\QEnglish\\E.*...
15:48:33.675344 POST /session/0a9752df-beae-4611-b4a6-0d792c2d3a15/element [8.117153ms] ERR:404 body={"strategy":"-android uiautomator","selector":"new UiSelector().descriptionMatches(\"(?is).*\\QEngli...
15:48:33.686115 POST /session/0a9752df-beae-4611-b4a6-0d792c2d3a15/element [10.694031ms] ERR:404 body={"strategy":"-android uiautomator","selector":"new UiSelector().textContains(\"English\")"}
15:48:33.695586 POST /session/0a9752df-beae-4611-b4a6-0d792c2d3a15/element [9.392997ms] ERR:404 body={"strategy":"-android uiautomator","selector":"new UiSelector().descriptionContains(\"English\")"}
15:48:33.704018 POST /session/0a9752df-beae-4611-b4a6-0d792c2d3a15/element [8.353495ms] ERR:404 body={"strategy":"-android uiautomator","selector":"new UiSelector().textMatches(\"(?is).*\\QEnglish\\E.*...
15:48:33.711477 POST /session/0a9752df-beae-4611-b4a6-0d792c2d3a15/element [7.395682ms] ERR:404 body={"strategy":"-android uiautomator","selector":"new UiSelector().descriptionMatches(\"(?is).*\\QEngli...
15:48:33.719488 POST /session/0a9752df-beae-4611-b4a6-0d792c2d3a15/element [7.952257ms] ERR:404 body={"strategy":"-android uiautomator","selector":"new UiSelector().textContains(\"English\")"}
15:48:33.727601 POST /session/0a9752df-beae-4611-b4a6-0d792c2d3a15/element [8.052229ms] ERR:404 body={"strategy":"-android uiautomator","selector":"new UiSelector().descriptionContains(\"English\")"}
15:48:33.736723 POST /session/0a9752df-beae-4611-b4a6-0d792c2d3a15/element [8.769094ms] ERR:404 body={"strategy":"-android uiautomator","selector":"new UiSelector().textMatches(\"(?is).*\\QEnglish\\E.*...
15:48:33.755813 POST /session/0a9752df-beae-4611-b4a6-0d792c2d3a15/element [19.013573ms] ERR:404 body={"strategy":"-android uiautomator","selector":"new UiSelector().descriptionMatches(\"(?is).*\\QEngli...
15:48:33.765995 POST /session/0a9752df-beae-4611-b4a6-0d792c2d3a15/element [10.103963ms] ERR:404 body={"strategy":"-android uiautomator","selector":"new UiSelector().textContains(\"English\")"}
15:48:33.775269 POST /session/0a9752df-beae-4611-b4a6-0d792c2d3a15/element [9.185337ms] ERR:404 body={"strategy":"-android uiautomator","selector":"new UiSelector().descriptionContains(\"English\")"}
15:48:33.785047 POST /session/0a9752df-beae-4611-b4a6-0d792c2d3a15/element [9.725319ms] ERR:404 body={"strategy":"-android uiautomator","selector":"new UiSelector().textMatches(\"(?is).*\\QEnglish\\E.*...
15:48:33.794591 POST /session/0a9752df-beae-4611-b4a6-0d792c2d3a15/element [9.456359ms] ERR:404 body={"strategy":"-android uiautomator","selector":"new UiSelector().descriptionMatches(\"(?is).*\\QEngli...
15:48:33.805575 POST /session/0a9752df-beae-4611-b4a6-0d792c2d3a15/element [10.902622ms] ERR:404 body={"strategy":"-android uiautomator","selector":"new UiSelector().textContains(\"English\")"}
15:48:33.814755 POST /session/0a9752df-beae-4611-b4a6-0d792c2d3a15/element [9.106597ms] ERR:404 body={"strategy":"-android uiautomator","selector":"new UiSelector().descriptionContains(\"English\")"}
15:48:33.825744 POST /session/0a9752df-beae-4611-b4a6-0d792c2d3a15/element [10.915989ms] ERR:404 body={"strategy":"-android uiautomator","selector":"new UiSelector().textMatches(\"(?is).*\\QEnglish\\E.*...
15:48:33.836548 POST /session/0a9752df-beae-4611-b4a6-0d792c2d3a15/element [10.726888ms] ERR:404 body={"strategy":"-android uiautomator","selector":"new UiSelector().descriptionMatches(\"(?is).*\\QEngli...
15:48:33.844664 POST /session/0a9752df-beae-4611-b4a6-0d792c2d3a15/element [8.045082ms] ERR:404 body={"strategy":"-android uiautomator","selector":"new UiSelector().textContains(\"English\")"}
15:48:33.852147 POST /session/0a9752df-beae-4611-b4a6-0d792c2d3a15/element [7.414334ms] ERR:404 body={"strategy":"-android uiautomator","selector":"new UiSelector().descriptionContains(\"English\")"}
15:48:33.860397 POST /session/0a9752df-beae-4611-b4a6-0d792c2d3a15/element [8.182212ms] ERR:404 body={"strategy":"-android uiautomator","selector":"new UiSelector().textMatches(\"(?is).*\\QEnglish\\E.*...
15:48:33.869283 POST /session/0a9752df-beae-4611-b4a6-0d792c2d3a15/element [8.820464ms] ERR:404 body={"strategy":"-android uiautomator","selector":"new UiSelector().descriptionMatches(\"(?is).*\\QEngli...
15:48:33.877235 POST /session/0a9752df-beae-4611-b4a6-0d792c2d3a15/element [7.881302ms] ERR:404 body={"strategy":"-android uiautomator","selector":"new UiSelector().textContains(\"English\")"}
15:48:33.884703 POST /session/0a9752df-beae-4611-b4a6-0d792c2d3a15/element [7.401399ms] ERR:404 body={"strategy":"-android uiautomator","selector":"new UiSelector().descriptionContains(\"English\")"}
15:48:33.893987 POST /session/0a9752df-beae-4611-b4a6-0d792c2d3a15/element [9.219793ms] ERR:404 body={"strategy":"-android uiautomator","selector":"new UiSelector().textMatches(\"(?is).*\\QEnglish\\E.*...
15:48:33.901152 POST /session/0a9752df-beae-4611-b4a6-0d792c2d3a15/element [7.099347ms] ERR:404 body={"strategy":"-android uiautomator","selector":"new UiSelector().descriptionMatches(\"(?is).*\\QEngli...
15:48:33.909813 POST /session/0a9752df-beae-4611-b4a6-0d792c2d3a15/element [8.584968ms] ERR:404 body={"strategy":"-android uiautomator","selector":"new UiSelector().textContains(\"English\")"}
15:48:33.917356 POST /session/0a9752df-beae-4611-b4a6-0d792c2d3a15/element [7.460043ms] ERR:404 body={"strategy":"-android uiautomator","selector":"new UiSelector().descriptionContains(\"English\")"}
15:48:33.926156 POST /session/0a9752df-beae-4611-b4a6-0d792c2d3a15/element [8.696197ms] ERR:404 body={"strategy":"-android uiautomator","selector":"new UiSelector().textMatches(\"(?is).*\\QEnglish\\E.*...
15:48:33.935138 POST /session/0a9752df-beae-4611-b4a6-0d792c2d3a15/element [8.913985ms] ERR:404 body={"strategy":"-android uiautomator","selector":"new UiSelector().descriptionMatches(\"(?is).*\\QEngli...
15:48:33.948267 POST /session/0a9752df-beae-4611-b4a6-0d792c2d3a15/element [13.059838ms] ERR:404 body={"strategy":"-android uiautomator","selector":"new UiSelector().textContains(\"English\")"}
15:48:33.966587 POST /session/0a9752df-beae-4611-b4a6-0d792c2d3a15/element [18.253123ms] ERR:404 body={"strategy":"-android uiautomator","selector":"new UiSelector().descriptionContains(\"English\")"}
15:48:33.975634 POST /session/0a9752df-beae-4611-b4a6-0d792c2d3a15/element [8.979299ms] ERR:404 body={"strategy":"-android uiautomator","selector":"new UiSelector().textMatches(\"(?is).*\\QEnglish\\E.*...
15:48:33.983603 POST /session/0a9752df-beae-4611-b4a6-0d792c2d3a15/element [7.872992ms] ERR:404 body={"strategy":"-android uiautomator","selector":"new UiSelector().descriptionMatches(\"(?is).*\\QEngli...
15:48:33.992479 POST /session/0a9752df-beae-4611-b4a6-0d792c2d3a15/element [8.821531ms] ERR:404 body={"strategy":"-android uiautomator","selector":"new UiSelector().textContains(\"English\")"}
15:48:34.000930 POST /session/0a9752df-beae-4611-b4a6-0d792c2d3a15/element [8.369189ms] ERR:404 body={"strategy":"-android uiautomator","selector":"new UiSelector().descriptionContains(\"English\")"}
15:48:34.010345 POST /session/0a9752df-beae-4611-b4a6-0d792c2d3a15/element [9.35006ms] ERR:404 body={"strategy":"-android uiautomator","selector":"new UiSelector().textMatches(\"(?is).*\\QEnglish\\E.*...
15:48:34.019165 POST /session/0a9752df-beae-4611-b4a6-0d792c2d3a15/element [8.754623ms] ERR:404 body={"strategy":"-android uiautomator","selector":"new UiSelector().descriptionMatches(\"(?is).*\\QEngli...
15:48:34.027272 POST /session/0a9752df-beae-4611-b4a6-0d792c2d3a15/element [8.054428ms] ERR:404 body={"strategy":"-android uiautomator","selector":"new UiSelector().textContains(\"English\")"}
15:48:34.035293 POST /session/0a9752df-beae-4611-b4a6-0d792c2d3a15/element [7.981883ms] ERR:404 body={"strategy":"-android uiautomator","selector":"new UiSelector().descriptionContains(\"English\")"}
15:48:34.047305 POST /session/0a9752df-beae-4611-b4a6-0d792c2d3a15/element [11.959793ms] ERR:404 body={"strategy":"-android uiautomator","selector":"new UiSelector().textMatches(\"(?is).*\\QEnglish\\E.*...
15:48:34.057344 POST /session/0a9752df-beae-4611-b4a6-0d792c2d3a15/element [9.980895ms] ERR:404 body={"strategy":"-android uiautomator","selector":"new UiSelector().descriptionMatches(\"(?is).*\\QEngli...
15:48:34.066612 POST /session/0a9752df-beae-4611-b4a6-0d792c2d3a15/element [9.216387ms] ERR:404 body={"strategy":"-android uiautomator","selector":"new UiSelector().textContains(\"English\")"}
15:48:34.076128 POST /session/0a9752df-beae-4611-b4a6-0d792c2d3a15/element [9.453649ms] ERR:404 body={"strategy":"-android uiautomator","selector":"new UiSelector().descriptionContains(\"English\")"}
15:48:34.086335 POST /session/0a9752df-beae-4611-b4a6-0d792c2d3a15/element [10.142358ms] ERR:404 body={"strategy":"-android uiautomator","selector":"new UiSelector().textMatches(\"(?is).*\\QEnglish\\E.*...
15:48:34.094487 POST /session/0a9752df-beae-4611-b4a6-0d792c2d3a15/element [8.076905ms] ERR:404 body={"strategy":"-android uiautomator","selector":"new UiSelector().descriptionMatches(\"(?is).*\\QEngli...
15:48:34.102712 POST /session/0a9752df-beae-4611-b4a6-0d792c2d3a15/element [8.145682ms] ERR:404 body={"strategy":"-android uiautomator","selector":"new UiSelector().textContains(\"English\")"}
15:48:34.114613 POST /session/0a9752df-beae-4611-b4a6-0d792c2d3a15/element [11.828787ms] ERR:404 body={"strategy":"-android uiautomator","selector":"new UiSelector().descriptionContains(\"English\")"}
15:48:34.126325 POST /session/0a9752df-beae-4611-b4a6-0d792c2d3a15/element [11.641857ms] ERR:404 body={"strategy":"-android uiautomator","selector":"new UiSelector().textMatches(\"(?is).*\\QEnglish\\E.*...
15:48:34.135565 POST /session/0a9752df-beae-4611-b4a6-0d792c2d3a15/element [9.170513ms] ERR:404 body={"strategy":"-android uiautomator","selector":"new UiSelector().descriptionMatches(\"(?is).*\\QEngli...
15:48:34.145433 POST /session/0a9752df-beae-4611-b4a6-0d792c2d3a15/element [9.811601ms] ERR:404 body={"strategy":"-android uiautomator","selector":"new UiSelector().textContains(\"English\")"}
15:48:34.155133 POST /session/0a9752df-beae-4611-b4a6-0d792c2d3a15/element [9.634448ms] ERR:404 body={"strategy":"-android uiautomator","selector":"new UiSelector().descriptionContains(\"English\")"}
15:48:34.163547 POST /session/0a9752df-beae-4611-b4a6-0d792c2d3a15/element [8.340839ms] ERR:404 body={"strategy":"-android uiautomator","selector":"new UiSelector().textMatches(\"(?is).*\\QEnglish\\E.*...
15:48:34.174559 POST /session/0a9752df-beae-4611-b4a6-0d792c2d3a15/element [10.962336ms] ERR:404 body={"strategy":"-android uiautomator","selector":"new UiSelector().descriptionMatches(\"(?is).*\\QEngli...
15:48:34.184519 POST /session/0a9752df-beae-4611-b4a6-0d792c2d3a15/element [9.915162ms] ERR:404 body={"strategy":"-android uiautomator","selector":"new UiSelector().textContains(\"English\")"}
15:48:34.194948 POST /session/0a9752df-beae-4611-b4a6-0d792c2d3a15/element [10.384994ms] ERR:404 body={"strategy":"-android uiautomator","selector":"new UiSelector().descriptionContains(\"English\")"}
15:48:34.203505 POST /session/0a9752df-beae-4611-b4a6-0d792c2d3a15/element [8.471102ms] ERR:404 body={"strategy":"-android uiautomator","selector":"new UiSelector().textMatches(\"(?is).*\\QEnglish\\E.*...
15:48:34.213729 POST /session/0a9752df-beae-4611-b4a6-0d792c2d3a15/element [10.146736ms] ERR:404 body={"strategy":"-android uiautomator","selector":"new UiSelector().descriptionMatches(\"(?is).*\\QEngli...
15:48:34.222768 POST /session/0a9752df-beae-4611-b4a6-0d792c2d3a15/element [8.960009ms] ERR:404 body={"strategy":"-android uiautomator","selector":"new UiSelector().textContains(\"English\")"}
15:48:34.230748 POST /session/0a9752df-beae-4611-b4a6-0d792c2d3a15/element [7.911957ms] ERR:404 body={"strategy":"-android uiautomator","selector":"new UiSelector().descriptionContains(\"English\")"}
15:48:34.240758 POST /session/0a9752df-beae-4611-b4a6-0d792c2d3a15/element [9.950125ms] ERR:404 body={"strategy":"-android uiautomator","selector":"new UiSelector().textMatches(\"(?is).*\\QEnglish\\E.*...
15:48:34.249398 POST /session/0a9752df-beae-4611-b4a6-0d792c2d3a15/element [8.57289ms] ERR:404 body={"strategy":"-android uiautomator","selector":"new UiSelector().descriptionMatches(\"(?is).*\\QEngli...
15:48:34.257827 POST /session/0a9752df-beae-4611-b4a6-0d792c2d3a15/element [8.376543ms] ERR:404 body={"strategy":"-android uiautomator","selector":"new UiSelector().textContains(\"English\")"}
15:48:34.265900 POST /session/0a9752df-beae-4611-b4a6-0d792c2d3a15/element [7.998112ms] ERR:404 body={"strategy":"-android uiautomator","selector":"new UiSelector().descriptionContains(\"English\")"}
15:48:34.276711 POST /session/0a9752df-beae-4611-b4a6-0d792c2d3a15/element [10.744699ms] ERR:404 body={"strategy":"-android uiautomator","selector":"new UiSelector().textMatches(\"(?is).*\\QEnglish\\E.*...
15:48:34.286687 POST /session/0a9752df-beae-4611-b4a6-0d792c2d3a15/element [9.901009ms] ERR:404 body={"strategy":"-android uiautomator","selector":"new UiSelector().descriptionMatches(\"(?is).*\\QEngli...
15:48:34.296494 POST /session/0a9752df-beae-4611-b4a6-0d792c2d3a15/element [9.695901ms] ERR:404 body={"strategy":"-android uiautomator","selector":"new UiSelector().textContains(\"English\")"}
15:48:34.306213 POST /session/0a9752df-beae-4611-b4a6-0d792c2d3a15/element [9.540218ms] ERR:404 body={"strategy":"-android uiautomator","selector":"new UiSelector().descriptionContains(\"English\")"}
15:48:34.317320 POST /session/0a9752df-beae-4611-b4a6-0d792c2d3a15/element [11.00987ms] ERR:404 body={"strategy":"-android uiautomator","selector":"new UiSelector().textMatches(\"(?is).*\\QEnglish\\E.*...
15:48:34.328572 POST /session/0a9752df-beae-4611-b4a6-0d792c2d3a15/element [11.175312ms] ERR:404 body={"strategy":"-android uiautomator","selector":"new UiSelector().descriptionMatches(\"(?is).*\\QEngli...
15:48:34.336508 POST /session/0a9752df-beae-4611-b4a6-0d792c2d3a15/element [7.866293ms] ERR:404 body={"strategy":"-android uiautomator","selector":"new UiSelector().textContains(\"English\")"}
15:48:34.346868 POST /session/0a9752df-beae-4611-b4a6-0d792c2d3a15/element [10.276893ms] ERR:404 body={"strategy":"-android uiautomator","selector":"new UiSelector().descriptionContains(\"English\")"}
15:48:34.356244 POST /session/0a9752df-beae-4611-b4a6-0d792c2d3a15/element [9.306094ms] ERR:404 body={"strategy":"-android uiautomator","selector":"new UiSelector().textMatches(\"(?is).*\\QEnglish\\E.*...
15:48:34.367590 POST /session/0a9752df-beae-4611-b4a6-0d792c2d3a15/element [11.258235ms] ERR:404 body={"strategy":"-android uiautomator","selector":"new UiSelector().descriptionMatches(\"(?is).*\\QEngli...
15:48:34.377366 POST /session/0a9752df-beae-4611-b4a6-0d792c2d3a15/element [9.691494ms] ERR:404 body={"strategy":"-android uiautomator","selector":"new UiSelector().textContains(\"English\")"}
15:48:34.385711 POST /session/0a9752df-beae-4611-b4a6-0d792c2d3a15/element [8.254551ms] ERR:404 body={"strategy":"-android uiautomator","selector":"new UiSelector().descriptionContains(\"English\")"}
15:48:34.393580 POST /session/0a9752df-beae-4611-b4a6-0d792c2d3a15/element [7.793606ms] ERR:404 body={"strategy":"-android uiautomator","selector":"new UiSelector().textMatches(\"(?is).*\\QEnglish\\E.*...
15:48:34.401659 POST /session/0a9752df-beae-4611-b4a6-0d792c2d3a15/element [7.999542ms] ERR:404 body={"strategy":"-android uiautomator","selector":"new UiSelector().descriptionMatches(\"(?is).*\\QEngli...
15:48:34.410038 POST /session/0a9752df-beae-4611-b4a6-0d792c2d3a15/element [8.298789ms] ERR:404 body={"strategy":"-android uiautomator","selector":"new UiSelector().textContains(\"English\")"}
15:48:34.418183 POST /session/0a9752df-beae-4611-b4a6-0d792c2d3a15/element [8.07089ms] ERR:404 body={"strategy":"-android uiautomator","selector":"new UiSelector().descriptionContains(\"English\")"}
15:48:34.431957 POST /session/0a9752df-beae-4611-b4a6-0d792c2d3a15/element [13.702764ms] ERR:404 body={"strategy":"-android uiautomator","selector":"new UiSelector().textMatches(\"(?is).*\\QEnglish\\E.*...
15:48:34.439628 POST /session/0a9752df-beae-4611-b4a6-0d792c2d3a15/element [7.601813ms] ERR:404 body={"strategy":"-android uiautomator","selector":"new UiSelector().descriptionMatches(\"(?is).*\\QEngli...
15:48:34.447164 POST /session/0a9752df-beae-4611-b4a6-0d792c2d3a15/element [7.465883ms] ERR:404 body={"strategy":"-android uiautomator","selector":"new UiSelector().textContains(\"English\")"}
15:48:34.454451 POST /session/0a9752df-beae-4611-b4a6-0d792c2d3a15/element [7.217964ms] ERR:404 body={"strategy":"-android uiautomator","selector":"new UiSelector().descriptionContains(\"English\")"}
15:48:34.464213 POST /session/0a9752df-beae-4611-b4a6-0d792c2d3a15/element [9.6867ms] ERR:404 body={"strategy":"-android uiautomator","selector":"new UiSelector().textMatches(\"(?is).*\\QEnglish\\E.*...
15:48:34.472536 POST /session/0a9752df-beae-4611-b4a6-0d792c2d3a15/element [8.232494ms] ERR:404 body={"strategy":"-android uiautomator","selector":"new UiSelector().descriptionMatches(\"(?is).*\\QEngli...
15:48:34.485480 POST /session/0a9752df-beae-4611-b4a6-0d792c2d3a15/element [12.875359ms] ERR:404 body={"strategy":"-android uiautomator","selector":"new UiSelector().textContains(\"English\")"}
15:48:34.494049 POST /session/0a9752df-beae-4611-b4a6-0d792c2d3a15/element [8.500849ms] ERR:404 body={"strategy":"-android uiautomator","selector":"new UiSelector().descriptionContains(\"English\")"}
15:48:34.501679 POST /session/0a9752df-beae-4611-b4a6-0d792c2d3a15/element [7.541133ms] ERR:404 body={"strategy":"-android uiautomator","selector":"new UiSelector().textMatches(\"(?is).*\\QEnglish\\E.*...
15:48:34.509721 POST /session/0a9752df-beae-4611-b4a6-0d792c2d3a15/element [7.973479ms] ERR:404 body={"strategy":"-android uiautomator","selector":"new UiSelector().descriptionMatches(\"(?is).*\\QEngli...
15:48:34.517855 POST /session/0a9752df-beae-4611-b4a6-0d792c2d3a15/element [8.069715ms] ERR:404 body={"strategy":"-android uiautomator","selector":"new UiSelector().textContains(\"English\")"}
15:48:34.529243 POST /session/0a9752df-beae-4611-b4a6-0d792c2d3a15/element [11.310842ms] ERR:404 body={"strategy":"-android uiautomator","selector":"new UiSelector().descriptionContains(\"English\")"}
15:48:34.537715 POST /session/0a9752df-beae-4611-b4a6-0d792c2d3a15/element [8.387093ms] ERR:404 body={"strategy":"-android uiautomator","selector":"new UiSelector().textMatches(\"(?is).*\\QEnglish\\E.*...
15:48:34.549211 POST /session/0a9752df-beae-4611-b4a6-0d792c2d3a15/element [11.435974ms] ERR:404 body={"strategy":"-android uiautomator","selector":"new UiSelector().descriptionMatches(\"(?is).*\\QEngli...
15:48:34.556810 POST /session/0a9752df-beae-4611-b4a6-0d792c2d3a15/element [7.541776ms] ERR:404 body={"strategy":"-android uiautomator","selector":"new UiSelector().textContains(\"English\")"}
15:48:34.564259 POST /session/0a9752df-beae-4611-b4a6-0d792c2d3a15/element [7.384006ms] ERR:404 body={"strategy":"-android uiautomator","selector":"new UiSelector().descriptionContains(\"English\")"}
15:48:34.572570 POST /session/0a9752df-beae-4611-b4a6-0d792c2d3a15/element [8.253337ms] ERR:404 body={"strategy":"-android uiautomator","selector":"new UiSelector().textMatches(\"(?is).*\\QEnglish\\E.*...
15:48:34.581066 POST /session/0a9752df-beae-4611-b4a6-0d792c2d3a15/element [8.416909ms] ERR:404 body={"strategy":"-android uiautomator","selector":"new UiSelector().descriptionMatches(\"(?is).*\\QEngli...
15:48:34.594246 POST /session/0a9752df-beae-4611-b4a6-0d792c2d3a15/element [13.095786ms] ERR:404 body={"strategy":"-android uiautomator","selector":"new UiSelector().textContains(\"English\")"}
15:48:34.601888 POST /session/0a9752df-beae-4611-b4a6-0d792c2d3a15/element [7.575656ms] ERR:404 body={"strategy":"-android uiautomator","selector":"new UiSelector().descriptionContains(\"English\")"}
15:48:34.611248 POST /session/0a9752df-beae-4611-b4a6-0d792c2d3a15/element [9.293089ms] ERR:404 body={"strategy":"-android uiautomator","selector":"new UiSelector().textMatches(\"(?is).*\\QEnglish\\E.*...
15:48:34.618431 POST /session/0a9752df-beae-4611-b4a6-0d792c2d3a15/element [7.114609ms] ERR:404 body={"strategy":"-android uiautomator","selector":"new UiSelector().descriptionMatches(\"(?is).*\\QEngli...
15:48:34.626583 POST /session/0a9752df-beae-4611-b4a6-0d792c2d3a15/element [8.083392ms] ERR:404 body={"strategy":"-android uiautomator","selector":"new UiSelector().textContains(\"English\")"}
15:48:34.634858 POST /session/0a9752df-beae-4611-b4a6-0d792c2d3a15/element [8.197268ms] ERR:404 body={"strategy":"-android uiautomator","selector":"new UiSelector().descriptionContains(\"English\")"}
15:48:34.643138 POST /session/0a9752df-beae-4611-b4a6-0d792c2d3a15/element [8.195393ms] ERR:404 body={"strategy":"-android uiautomator","selector":"new UiSelector().textMatches(\"(?is).*\\QEnglish\\E.*...
15:48:34.650740 POST /session/0a9752df-beae-4611-b4a6-0d792c2d3a15/element [7.527668ms] ERR:404 body={"strategy":"-android uiautomator","selector":"new UiSelector().descriptionMatches(\"(?is).*\\QEngli...
15:48:34.657914 POST /session/0a9752df-beae-4611-b4a6-0d792c2d3a15/element [7.099556ms] ERR:404 body={"strategy":"-android uiautomator","selector":"new UiSelector().textContains(\"English\")"}
15:48:34.665879 POST /session/0a9752df-beae-4611-b4a6-0d792c2d3a15/element [7.897226ms] ERR:404 body={"strategy":"-android uiautomator","selector":"new UiSelector().descriptionContains(\"English\")"}
15:48:34.674281 POST /session/0a9752df-beae-4611-b4a6-0d792c2d3a15/element [8.33314ms] ERR:404 body={"strategy":"-android uiautomator","selector":"new UiSelector().textMatches(\"(?is).*\\QEnglish\\E.*...
15:48:34.681598 POST /session/0a9752df-beae-4611-b4a6-0d792c2d3a15/element [7.263045ms] ERR:404 body={"strategy":"-android uiautomator","selector":"new UiSelector().descriptionMatches(\"(?is).*\\QEngli...
15:48:34.689203 POST /session/0a9752df-beae-4611-b4a6-0d792c2d3a15/element [7.536669ms] ERR:404 body={"strategy":"-android uiautomator","selector":"new UiSelector().textContains(\"English\")"}
15:48:34.696137 POST /session/0a9752df-beae-4611-b4a6-0d792c2d3a15/element [6.855949ms] ERR:404 body={"strategy":"-android uiautomator","selector":"new UiSelector().descriptionContains(\"English\")"}
15:48:34.704301 POST /session/0a9752df-beae-4611-b4a6-0d792c2d3a15/element [8.095169ms] ERR:404 body={"strategy":"-android uiautomator","selector":"new UiSelector().textMatches(\"(?is).*\\QEnglish\\E.*...
15:48:34.712929 POST /session/0a9752df-beae-4611-b4a6-0d792c2d3a15/element [8.563237ms] ERR:404 body={"strategy":"-android uiautomator","selector":"new UiSelector().descriptionMatches(\"(?is).*\\QEngli...
15:48:34.720633 POST /session/0a9752df-beae-4611-b4a6-0d792c2d3a15/element [7.627445ms] ERR:404 body={"strategy":"-android uiautomator","selector":"new UiSelector().textContains(\"English\")"}
15:48:34.727791 POST /session/0a9752df-beae-4611-b4a6-0d792c2d3a15/element [7.102193ms] ERR:404 body={"strategy":"-android uiautomator","selector":"new UiSelector().descriptionContains(\"English\")"}
15:48:34.736139 POST /session/0a9752df-beae-4611-b4a6-0d792c2d3a15/element [8.268241ms] ERR:404 body={"strategy":"-android uiautomator","selector":"new UiSelector().textMatches(\"(?is).*\\QEnglish\\E.*...
15:48:34.744247 POST /session/0a9752df-beae-4611-b4a6-0d792c2d3a15/element [8.028245ms] ERR:404 body={"strategy":"-android uiautomator","selector":"new UiSelector().descriptionMatches(\"(?is).*\\QEngli...
15:48:34.751383 POST /session/0a9752df-beae-4611-b4a6-0d792c2d3a15/element [7.045972ms] ERR:404 body={"strategy":"-android uiautomator","selector":"new UiSelector().textContains(\"English\")"}
15:48:34.759134 POST /session/0a9752df-beae-4611-b4a6-0d792c2d3a15/element [7.686853ms] ERR:404 body={"strategy":"-android uiautomator","selector":"new UiSelector().descriptionContains(\"English\")"}
15:48:34.766095 POST /session/0a9752df-beae-4611-b4a6-0d792c2d3a15/element [6.873933ms] ERR:404 body={"strategy":"-android uiautomator","selector":"new UiSelector().textMatches(\"(?is).*\\QEnglish\\E.*...
15:48:34.773167 POST /session/0a9752df-beae-4611-b4a6-0d792c2d3a15/element [6.993847ms] ERR:404 body={"strategy":"-android uiautomator","selector":"new UiSelector().descriptionMatches(\"(?is).*\\QEngli...
15:48:34.780759 POST /session/0a9752df-beae-4611-b4a6-0d792c2d3a15/element [7.503979ms] ERR:404 body={"strategy":"-android uiautomator","selector":"new UiSelector().textContains(\"English\")"}
15:48:34.787951 POST /session/0a9752df-beae-4611-b4a6-0d792c2d3a15/element [7.113143ms] ERR:404 body={"strategy":"-android uiautomator","selector":"new UiSelector().descriptionContains(\"English\")"}
15:48:34.796185 POST /session/0a9752df-beae-4611-b4a6-0d792c2d3a15/element [8.053836ms] ERR:404 body={"strategy":"-android uiautomator","selector":"new UiSelector().textMatches(\"(?is).*\\QEnglish\\E.*...
15:48:34.806820 POST /session/0a9752df-beae-4611-b4a6-0d792c2d3a15/element [10.423109ms] ERR:404 body={"strategy":"-android uiautomator","selector":"new UiSelector().descriptionMatches(\"(?is).*\\QEngli...
15:48:34.814527 POST /session/0a9752df-beae-4611-b4a6-0d792c2d3a15/element [7.607738ms] ERR:404 body={"strategy":"-android uiautomator","selector":"new UiSelector().textContains(\"English\")"}
15:48:34.822401 POST /session/0a9752df-beae-4611-b4a6-0d792c2d3a15/element [7.805699ms] ERR:404 body={"strategy":"-android uiautomator","selector":"new UiSelector().descriptionContains(\"English\")"}
15:48:34.830341 POST /session/0a9752df-beae-4611-b4a6-0d792c2d3a15/element [7.876644ms] ERR:404 body={"strategy":"-android uiautomator","selector":"new UiSelector().textMatches(\"(?is).*\\QEnglish\\E.*...
15:48:34.841114 POST /session/0a9752df-beae-4611-b4a6-0d792c2d3a15/element [10.677572ms] ERR:404 body={"strategy":"-android uiautomator","selector":"new UiSelector().descriptionMatches(\"(?is).*\\QEngli...
15:48:34.851508 POST /session/0a9752df-beae-4611-b4a6-0d792c2d3a15/element [10.29839ms] ERR:404 body={"strategy":"-android uiautomator","selector":"new UiSelector().textContains(\"English\")"}
15:48:34.860925 POST /session/0a9752df-beae-4611-b4a6-0d792c2d3a15/element [9.354919ms] ERR:404 body={"strategy":"-android uiautomator","selector":"new UiSelector().descriptionContains(\"English\")"}
15:48:34.871504 POST /session/0a9752df-beae-4611-b4a6-0d792c2d3a15/element [10.502646ms] ERR:404 body={"strategy":"-android uiautomator","selector":"new UiSelector().textMatches(\"(?is).*\\QEnglish\\E.*...
15:48:34.884306 POST /session/0a9752df-beae-4611-b4a6-0d792c2d3a15/element [12.724822ms] ERR:404 body={"strategy":"-android uiautomator","selector":"new UiSelector().descriptionMatches(\"(?is).*\\QEngli...
15:48:34.895143 POST /session/0a9752df-beae-4611-b4a6-0d792c2d3a15/element [10.768201ms] ERR:404 body={"strategy":"-android uiautomator","selector":"new UiSelector().textContains(\"English\")"}
15:48:34.904169 POST /session/0a9752df-beae-4611-b4a6-0d792c2d3a15/element [8.942452ms] ERR:404 body={"strategy":"-android uiautomator","selector":"new UiSelector().descriptionContains(\"English\")"}
15:48:34.913339 POST /session/0a9752df-beae-4611-b4a6-0d792c2d3a15/element [9.108295ms] ERR:404 body={"strategy":"-android uiautomator","selector":"new UiSelector().textMatches(\"(?is).*\\QEnglish\\E.*...
15:48:34.922264 POST /session/0a9752df-beae-4611-b4a6-0d792c2d3a15/element [8.842626ms] ERR:404 body={"strategy":"-android uiautomator","selector":"new UiSelector().descriptionMatches(\"(?is).*\\QEngli...
15:48:34.930832 POST /session/0a9752df-beae-4611-b4a6-0d792c2d3a15/element [8.495546ms] ERR:404 body={"strategy":"-android uiautomator","selector":"new UiSelector().textContains(\"English\")"}
15:48:34.939088 POST /session/0a9752df-beae-4611-b4a6-0d792c2d3a15/element [8.142574ms] ERR:404 body={"strategy":"-android uiautomator","selector":"new UiSelector().descriptionContains(\"English\")"}
15:48:34.947969 POST /session/0a9752df-beae-4611-b4a6-0d792c2d3a15/element [8.803193ms] ERR:404 body={"strategy":"-android uiautomator","selector":"new UiSelector().textMatches(\"(?is).*\\QEnglish\\E.*...
15:48:34.956115 POST /session/0a9752df-beae-4611-b4a6-0d792c2d3a15/element [8.066343ms] ERR:404 body={"strategy":"-android uiautomator","selector":"new UiSelector().descriptionMatches(\"(?is).*\\QEngli...
15:48:34.963996 POST /session/0a9752df-beae-4611-b4a6-0d792c2d3a15/element [7.807703ms] ERR:404 body={"strategy":"-android uiautomator","selector":"new UiSelector().textContains(\"English\")"}
15:48:34.971813 POST /session/0a9752df-beae-4611-b4a6-0d792c2d3a15/element [7.740617ms] ERR:404 body={"strategy":"-android uiautomator","selector":"new UiSelector().descriptionContains(\"English\")"}
15:48:34.980261 POST /session/0a9752df-beae-4611-b4a6-0d792c2d3a15/element [8.383535ms] ERR:404 body={"strategy":"-android uiautomator","selector":"new UiSelector().textMatches(\"(?is).*\\QEnglish\\E.*...
15:48:34.989101 POST /session/0a9752df-beae-4611-b4a6-0d792c2d3a15/element [8.779432ms] ERR:404 body={"strategy":"-android uiautomator","selector":"new UiSelector().descriptionMatches(\"(?is).*\\QEngli...
15:48:34.999211 POST /session/0a9752df-beae-4611-b4a6-0d792c2d3a15/element [10.037748ms] ERR:404 body={"strategy":"-android uiautomator","selector":"new UiSelector().textContains(\"English\")"}
15:48:35.009657 POST /session/0a9752df-beae-4611-b4a6-0d792c2d3a15/element [10.362604ms] ERR:404 body={"strategy":"-android uiautomator","selector":"new UiSelector().descriptionContains(\"English\")"}
15:48:35.019004 POST /session/0a9752df-beae-4611-b4a6-0d792c2d3a15/element [9.233175ms] ERR:404 body={"strategy":"-android uiautomator","selector":"new UiSelector().textMatches(\"(?is).*\\QEnglish\\E.*...
15:48:35.027612 POST /session/0a9752df-beae-4611-b4a6-0d792c2d3a15/element [8.547343ms] ERR:404 body={"strategy":"-android uiautomator","selector":"new UiSelector().descriptionMatches(\"(?is).*\\QEngli...
15:48:35.036400 POST /session/0a9752df-beae-4611-b4a6-0d792c2d3a15/element [8.718343ms] ERR:404 body={"strategy":"-android uiautomator","selector":"new UiSelector().textContains(\"English\")"}
15:48:35.046675 POST /session/0a9752df-beae-4611-b4a6-0d792c2d3a15/element [10.207316ms] ERR:404 body={"strategy":"-android uiautomator","selector":"new UiSelector().descriptionContains(\"English\")"}
15:48:35.057370 POST /session/0a9752df-beae-4611-b4a6-0d792c2d3a15/element [10.625808ms] ERR:404 body={"strategy":"-android uiautomator","selector":"new UiSelector().textMatches(\"(?is).*\\QEnglish\\E.*...
15:48:35.066054 POST /session/0a9752df-beae-4611-b4a6-0d792c2d3a15/element [8.623131ms] ERR:404 body={"strategy":"-android uiautomator","selector":"new UiSelector().descriptionMatches(\"(?is).*\\QEngli...
15:48:35.073195 POST /session/0a9752df-beae-4611-b4a6-0d792c2d3a15/element [7.037964ms] ERR:404 body={"strategy":"-android uiautomator","selector":"new UiSelector().textContains(\"English\")"}
15:48:35.080273 POST /session/0a9752df-beae-4611-b4a6-0d792c2d3a15/element [7.025503ms] ERR:404 body={"strategy":"-android uiautomator","selector":"new UiSelector().descriptionContains(\"English\")"}
15:48:35.087230 POST /session/0a9752df-beae-4611-b4a6-0d792c2d3a15/element [6.880487ms] ERR:404 body={"strategy":"-android uiautomator","selector":"new UiSelector().textMatches(\"(?is).*\\QEnglish\\E.*...
15:48:35.093901 POST /session/0a9752df-beae-4611-b4a6-0d792c2d3a15/element [6.591578ms] ERR:404 body={"strategy":"-android uiautomator","selector":"new UiSelector().descriptionMatches(\"(?is).*\\QEngli...
15:48:35.100703 POST /session/0a9752df-beae-4611-b4a6-0d792c2d3a15/element [6.716669ms] ERR:404 body={"strategy":"-android uiautomator","selector":"new UiSelector().textContains(\"English\")"}
15:48:35.107578 POST /session/0a9752df-beae-4611-b4a6-0d792c2d3a15/element [6.800609ms] ERR:404 body={"strategy":"-android uiautomator","selector":"new UiSelector().descriptionContains(\"English\")"}
15:48:35.113511 POST /session/0a9752df-beae-4611-b4a6-0d792c2d3a15/element [5.868028ms] ERR:404 body={"strategy":"-android uiautomator","selector":"new UiSelector().textMatches(\"(?is).*\\QEnglish\\E.*...
15:48:35.119938 POST /session/0a9752df-beae-4611-b4a6-0d792c2d3a15/element [6.368277ms] ERR:404 body={"strategy":"-android uiautomator","selector":"new UiSelector().descriptionMatches(\"(?is).*\\QEngli...
15:48:35.127551 POST /session/0a9752df-beae-4611-b4a6-0d792c2d3a15/element [7.532535ms] ERR:404 body={"strategy":"-android uiautomator","selector":"new UiSelector().textContains(\"English\")"}
15:48:35.135402 POST /session/0a9752df-beae-4611-b4a6-0d792c2d3a15/element [7.784662ms] ERR:404 body={"strategy":"-android uiautomator","selector":"new UiSelector().descriptionContains(\"English\")"}
15:48:35.143390 POST /session/0a9752df-beae-4611-b4a6-0d792c2d3a15/element [7.917134ms] ERR:404 body={"strategy":"-android uiautomator","selector":"new UiSelector().textMatches(\"(?is).*\\QEnglish\\E.*...
15:48:35.153052 POST /session/0a9752df-beae-4611-b4a6-0d792c2d3a15/element [9.590494ms] ERR:404 body={"strategy":"-android uiautomator","selector":"new UiSelector().descriptionMatches(\"(?is).*\\QEngli...
15:48:35.165084 POST /session/0a9752df-beae-4611-b4a6-0d792c2d3a15/element [11.929598ms] ERR:404 body={"strategy":"-android uiautomator","selector":"new UiSelector().textContains(\"English\")"}
15:48:35.173424 POST /session/0a9752df-beae-4611-b4a6-0d792c2d3a15/element [8.26511ms] ERR:404 body={"strategy":"-android uiautomator","selector":"new UiSelector().descriptionContains(\"English\")"}
15:48:35.181652 POST /session/0a9752df-beae-4611-b4a6-0d792c2d3a15/element [8.167724ms] ERR:404 body={"strategy":"-android uiautomator","selector":"new UiSelector().textMatches(\"(?is).*\\QEnglish\\E.*...
15:48:35.190465 POST /session/0a9752df-beae-4611-b4a6-0d792c2d3a15/element [8.729944ms] ERR:404 body={"strategy":"-android uiautomator","selector":"new UiSelector().descriptionMatches(\"(?is).*\\QEngli...
15:48:35.198174 POST /session/0a9752df-beae-4611-b4a6-0d792c2d3a15/element [7.619314ms] ERR:404 body={"strategy":"-android uiautomator","selector":"new UiSelector().textContains(\"English\")"}
15:48:35.208481 POST /session/0a9752df-beae-4611-b4a6-0d792c2d3a15/element [10.234016ms] ERR:404 body={"strategy":"-android uiautomator","selector":"new UiSelector().descriptionContains(\"English\")"}
15:48:35.219341 POST /session/0a9752df-beae-4611-b4a6-0d792c2d3a15/element [10.797106ms] ERR:404 body={"strategy":"-android uiautomator","selector":"new UiSelector().textMatches(\"(?is).*\\QEnglish\\E.*...
15:48:35.228893 POST /session/0a9752df-beae-4611-b4a6-0d792c2d3a15/element [9.502972ms] ERR:404 body={"strategy":"-android uiautomator","selector":"new UiSelector().descriptionMatches(\"(?is).*\\QEngli...
15:48:35.239482 POST /session/0a9752df-beae-4611-b4a6-0d792c2d3a15/element [10.525549ms] ERR:404 body={"strategy":"-android uiautomator","selector":"new UiSelector().textContains(\"English\")"}
15:48:35.249115 POST /session/0a9752df-beae-4611-b4a6-0d792c2d3a15/element [9.570363ms] ERR:404 body={"strategy":"-android uiautomator","selector":"new UiSelector().descriptionContains(\"English\")"}
15:48:35.259851 POST /session/0a9752df-beae-4611-b4a6-0d792c2d3a15/element [10.661212ms] ERR:404 body={"strategy":"-android uiautomator","selector":"new UiSelector().textMatches(\"(?is).*\\QEnglish\\E.*...
15:48:35.267695 POST /session/0a9752df-beae-4611-b4a6-0d792c2d3a15/element [7.771026ms] ERR:404 body={"strategy":"-android uiautomator","selector":"new UiSelector().descriptionMatches(\"(?is).*\\QEngli...
15:48:35.275489 POST /session/0a9752df-beae-4611-b4a6-0d792c2d3a15/element [7.725507ms] ERR:404 body={"strategy":"-android uiautomator","selector":"new UiSelector().textContains(\"English\")"}
15:48:35.283160 POST /session/0a9752df-beae-4611-b4a6-0d792c2d3a15/element [7.610451ms] ERR:404 body={"strategy":"-android uiautomator","selector":"new UiSelector().descriptionContains(\"English\")"}
15:48:35.291395 POST /session/0a9752df-beae-4611-b4a6-0d792c2d3a15/element [8.167613ms] ERR:404 body={"strategy":"-android uiautomator","selector":"new UiSelector().textMatches(\"(?is).*\\QEnglish\\E.*...
15:48:35.300615 POST /session/0a9752df-beae-4611-b4a6-0d792c2d3a15/element [9.036615ms] ERR:404 body={"strategy":"-android uiautomator","selector":"new UiSelector().descriptionMatches(\"(?is).*\\QEngli...
15:48:35.309151 POST /session/0a9752df-beae-4611-b4a6-0d792c2d3a15/element [8.438687ms] ERR:404 body={"strategy":"-android uiautomator","selector":"new UiSelector().textContains(\"English\")"}
15:48:35.318888 POST /session/0a9752df-beae-4611-b4a6-0d792c2d3a15/element [9.673745ms] ERR:404 body={"strategy":"-android uiautomator","selector":"new UiSelector().descriptionContains(\"English\")"}
15:48:35.327974 POST /session/0a9752df-beae-4611-b4a6-0d792c2d3a15/element [9.031534ms] ERR:404 body={"strategy":"-android uiautomator","selector":"new UiSelector().textMatches(\"(?is).*\\QEnglish\\E.*...
15:48:35.337197 POST /session/0a9752df-beae-4611-b4a6-0d792c2d3a15/element [9.162039ms] ERR:404 body={"strategy":"-android uiautomator","selector":"new UiSelector().descriptionMatches(\"(?is).*\\QEngli...
15:48:35.344907 POST /session/0a9752df-beae-4611-b4a6-0d792c2d3a15/element [7.632532ms] ERR:404 body={"strategy":"-android uiautomator","selector":"new UiSelector().textContains(\"English\")"}
15:48:35.353880 POST /session/0a9752df-beae-4611-b4a6-0d792c2d3a15/element [8.890082ms] ERR:404 body={"strategy":"-android uiautomator","selector":"new UiSelector().descriptionContains(\"English\")"}
15:48:35.363243 POST /session/0a9752df-beae-4611-b4a6-0d792c2d3a15/element [9.300436ms] ERR:404 body={"strategy":"-android uiautomator","selector":"new UiSelector().textMatches(\"(?is).*\\QEnglish\\E.*...
15:48:35.372273 POST /session/0a9752df-beae-4611-b4a6-0d792c2d3a15/element [8.943549ms] ERR:404 body={"strategy":"-android uiautomator","selector":"new UiSelector().descriptionMatches(\"(?is).*\\QEngli...
15:48:35.382047 POST /session/0a9752df-beae-4611-b4a6-0d792c2d3a15/element [9.706649ms] ERR:404 body={"strategy":"-android uiautomator","selector":"new UiSelector().textContains(\"English\")"}
15:48:35.389591 POST /session/0a9752df-beae-4611-b4a6-0d792c2d3a15/element [7.452139ms] ERR:404 body={"strategy":"-android uiautomator","selector":"new UiSelector().descriptionContains(\"English\")"}
15:48:35.399671 POST /session/0a9752df-beae-4611-b4a6-0d792c2d3a15/element [10.016929ms] ERR:404 body={"strategy":"-android uiautomator","selector":"new UiSelector().textMatches(\"(?is).*\\QEnglish\\E.*...
15:48:35.411018 POST /session/0a9752df-beae-4611-b4a6-0d792c2d3a15/element [11.278938ms] ERR:404 body={"strategy":"-android uiautomator","selector":"new UiSelector().descriptionMatches(\"(?is).*\\QEngli...
15:48:35.419245 POST /session/0a9752df-beae-4611-b4a6-0d792c2d3a15/element [8.149098ms] ERR:404 body={"strategy":"-android uiautomator","selector":"new UiSelector().textContains(\"English\")"}
15:48:35.429086 POST /session/0a9752df-beae-4611-b4a6-0d792c2d3a15/element [9.771379ms] ERR:404 body={"strategy":"-android uiautomator","selector":"new UiSelector().descriptionContains(\"English\")"}
15:48:35.437686 POST /session/0a9752df-beae-4611-b4a6-0d792c2d3a15/element [8.539439ms] ERR:404 body={"strategy":"-android uiautomator","selector":"new UiSelector().textMatches(\"(?is).*\\QEnglish\\E.*...
15:48:35.445286 POST /session/0a9752df-beae-4611-b4a6-0d792c2d3a15/element [7.52385ms] ERR:404 body={"strategy":"-android uiautomator","selector":"new UiSelector().descriptionMatches(\"(?is).*\\QEngli...
15:48:35.453130 POST /session/0a9752df-beae-4611-b4a6-0d792c2d3a15/element [7.778101ms] ERR:404 body={"strategy":"-android uiautomator","selector":"new UiSelector().textContains(\"English\")"}
15:48:35.461608 POST /session/0a9752df-beae-4611-b4a6-0d792c2d3a15/element [8.394656ms] ERR:404 body={"strategy":"-android uiautomator","selector":"new UiSelector().descriptionContains(\"English\")"}
15:48:35.470316 POST /session/0a9752df-beae-4611-b4a6-0d792c2d3a15/element [8.630372ms] ERR:404 body={"strategy":"-android uiautomator","selector":"new UiSelector().textMatches(\"(?is).*\\QEnglish\\E.*...
15:48:35.477963 POST /session/0a9752df-beae-4611-b4a6-0d792c2d3a15/element [7.579607ms] ERR:404 body={"strategy":"-android uiautomator","selector":"new UiSelector().descriptionMatches(\"(?is).*\\QEngli...
15:48:35.485760 POST /session/0a9752df-beae-4611-b4a6-0d792c2d3a15/element [7.729237ms] ERR:404 body={"strategy":"-android uiautomator","selector":"new UiSelector().textContains(\"English\")"}
15:48:35.493297 POST /session/0a9752df-beae-4611-b4a6-0d792c2d3a15/element [7.472487ms] ERR:404 body={"strategy":"-android uiautomator","selector":"new UiSelector().descriptionContains(\"English\")"}
15:48:35.501194 POST /session/0a9752df-beae-4611-b4a6-0d792c2d3a15/element [7.818852ms] ERR:404 body={"strategy":"-android uiautomator","selector":"new UiSelector().textMatches(\"(?is).*\\QEnglish\\E.*...
15:48:35.509274 POST /session/0a9752df-beae-4611-b4a6-0d792c2d3a15/element [8.013031ms] ERR:404 body={"strategy":"-android uiautomator","selector":"new UiSelector().descriptionMatches(\"(?is).*\\QEngli...
15:48:35.518844 POST /session/0a9752df-beae-4611-b4a6-0d792c2d3a15/element [9.489421ms] ERR:404 body={"strategy":"-android uiautomator","selector":"new UiSelector().textContains(\"English\")"}
15:48:35.527350 POST /session/0a9752df-beae-4611-b4a6-0d792c2d3a15/element [8.450115ms] ERR:404 body={"strategy":"-android uiautomator","selector":"new UiSelector().descriptionContains(\"English\")"}
15:48:35.536216 POST /session/0a9752df-beae-4611-b4a6-0d792c2d3a15/element [8.819455ms] ERR:404 body={"strategy":"-android uiautomator","selector":"new UiSelector().textMatches(\"(?is).*\\QEnglish\\E.*...
15:48:35.545947 POST /session/0a9752df-beae-4611-b4a6-0d792c2d3a15/element [9.68001ms] ERR:404 body={"strategy":"-android uiautomator","selector":"new UiSelector().descriptionMatches(\"(?is).*\\QEngli...
15:48:35.554563 POST /session/0a9752df-beae-4611-b4a6-0d792c2d3a15/element [8.519234ms] ERR:404 body={"strategy":"-android uiautomator","selector":"new UiSelector().textContains(\"English\")"}
15:48:35.563122 POST /session/0a9752df-beae-4611-b4a6-0d792c2d3a15/element [8.465237ms] ERR:404 body={"strategy":"-android uiautomator","selector":"new UiSelector().descriptionContains(\"English\")"}
15:48:35.573205 POST /session/0a9752df-beae-4611-b4a6-0d792c2d3a15/element [10.013536ms] ERR:404 body={"strategy":"-android uiautomator","selector":"new UiSelector().textMatches(\"(?is).*\\QEnglish\\E.*...
15:48:35.580703 POST /session/0a9752df-beae-4611-b4a6-0d792c2d3a15/element [7.423938ms] ERR:404 body={"strategy":"-android uiautomator","selector":"new UiSelector().descriptionMatches(\"(?is).*\\QEngli...
15:48:35.588442 POST /session/0a9752df-beae-4611-b4a6-0d792c2d3a15/element [7.677129ms] ERR:404 body={"strategy":"-android uiautomator","selector":"new UiSelector().textContains(\"English\")"}
15:48:35.596934 POST /session/0a9752df-beae-4611-b4a6-0d792c2d3a15/element [8.428126ms] ERR:404 body={"strategy":"-android uiautomator","selector":"new UiSelector().descriptionContains(\"English\")"}
15:48:35.605429 POST /session/0a9752df-beae-4611-b4a6-0d792c2d3a15/element [8.425474ms] ERR:404 body={"strategy":"-android uiautomator","selector":"new UiSelector().textMatches(\"(?is).*\\QEnglish\\E.*...
15:48:35.616243 POST /session/0a9752df-beae-4611-b4a6-0d792c2d3a15/element [10.74688ms] ERR:404 body={"strategy":"-android uiautomator","selector":"new UiSelector().descriptionMatches(\"(?is).*\\QEngli...
15:48:35.625104 POST /session/0a9752df-beae-4611-b4a6-0d792c2d3a15/element [8.795663ms] ERR:404 body={"strategy":"-android uiautomator","selector":"new UiSelector().textContains(\"English\")"}
15:48:35.633759 POST /session/0a9752df-beae-4611-b4a6-0d792c2d3a15/element [8.587223ms] ERR:404 body={"strategy":"-android uiautomator","selector":"new UiSelector().descriptionContains(\"English\")"}
15:48:35.641739 POST /session/0a9752df-beae-4611-b4a6-0d792c2d3a15/element [7.890063ms] ERR:404 body={"strategy":"-android uiautomator","selector":"new UiSelector().textMatches(\"(?is).*\\QEnglish\\E.*...
15:48:35.651268 POST /session/0a9752df-beae-4611-b4a6-0d792c2d3a15/element [9.443819ms] ERR:404 body={"strategy":"-android uiautomator","selector":"new UiSelector().descriptionMatches(\"(?is).*\\QEngli...
15:48:35.659626 POST /session/0a9752df-beae-4611-b4a6-0d792c2d3a15/element [8.29482ms] ERR:404 body={"strategy":"-android uiautomator","selector":"new UiSelector().textContains(\"English\")"}
15:48:35.668857 POST /session/0a9752df-beae-4611-b4a6-0d792c2d3a15/element [9.166086ms] ERR:404 body={"strategy":"-android uiautomator","selector":"new UiSelector().descriptionContains(\"English\")"}
15:48:35.677728 POST /session/0a9752df-beae-4611-b4a6-0d792c2d3a15/element [8.800299ms] ERR:404 body={"strategy":"-android uiautomator","selector":"new UiSelector().textMatches(\"(?is).*\\QEnglish\\E.*...
15:48:35.686336 POST /session/0a9752df-beae-4611-b4a6-0d792c2d3a15/element [8.545864ms] ERR:404 body={"strategy":"-android uiautomator","selector":"new UiSelector().descriptionMatches(\"(?is).*\\QEngli...
15:48:35.694280 POST /session/0a9752df-beae-4611-b4a6-0d792c2d3a15/element [7.858858ms] ERR:404 body={"strategy":"-android uiautomator","selector":"new UiSelector().textContains(\"English\")"}
15:48:35.701711 POST /session/0a9752df-beae-4611-b4a6-0d792c2d3a15/element [7.36692ms] ERR:404 body={"strategy":"-android uiautomator","selector":"new UiSelector().descriptionContains(\"English\")"}
15:48:35.709238 POST /session/0a9752df-beae-4611-b4a6-0d792c2d3a15/element [7.465477ms] ERR:404 body={"strategy":"-android uiautomator","selector":"new UiSelector().textMatches(\"(?is).*\\QEnglish\\E.*...
15:48:35.717739 POST /session/0a9752df-beae-4611-b4a6-0d792c2d3a15/element [8.423946ms] ERR:404 body={"strategy":"-android uiautomator","selector":"new UiSelector().descriptionMatches(\"(?is).*\\QEngli...
15:48:35.727472 POST /session/0a9752df-beae-4611-b4a6-0d792c2d3a15/element [9.662607ms] ERR:404 body={"strategy":"-android uiautomator","selector":"new UiSelector().textContains(\"English\")"}
15:48:35.735899 POST /session/0a9752df-beae-4611-b4a6-0d792c2d3a15/element [8.349158ms] ERR:404 body={"strategy":"-android uiautomator","selector":"new UiSelector().descriptionContains(\"English\")"}
15:48:35.744904 POST /session/0a9752df-beae-4611-b4a6-0d792c2d3a15/element [8.93352ms] ERR:404 body={"strategy":"-android uiautomator","selector":"new UiSelector().textMatches(\"(?is).*\\QEnglish\\E.*...
15:48:35.752862 POST /session/0a9752df-beae-4611-b4a6-0d792c2d3a15/element [7.880896ms] ERR:404 body={"strategy":"-android uiautomator","selector":"new UiSelector().descriptionMatches(\"(?is).*\\QEngli...
15:48:35.761102 POST /session/0a9752df-beae-4611-b4a6-0d792c2d3a15/element [8.17117ms] ERR:404 body={"strategy":"-android uiautomator","selector":"new UiSelector().textContains(\"English\")"}
15:48:35.775344 POST /session/0a9752df-beae-4611-b4a6-0d792c2d3a15/element [14.151979ms] ERR:404 body={"strategy":"-android uiautomator","selector":"new UiSelector().descriptionContains(\"English\")"}
15:48:35.783654 POST /session/0a9752df-beae-4611-b4a6-0d792c2d3a15/element [8.23138ms] ERR:404 body={"strategy":"-android uiautomator","selector":"new UiSelector().textMatches(\"(?is).*\\QEnglish\\E.*...
15:48:35.795740 POST /session/0a9752df-beae-4611-b4a6-0d792c2d3a15/element [12.020143ms] ERR:404 body={"strategy":"-android uiautomator","selector":"new UiSelector().descriptionMatches(\"(?is).*\\QEngli...
15:48:35.803131 POST /session/0a9752df-beae-4611-b4a6-0d792c2d3a15/element [7.317427ms] ERR:404 body={"strategy":"-android uiautomator","selector":"new UiSelector().textContains(\"English\")"}
15:48:35.811949 POST /session/0a9752df-beae-4611-b4a6-0d792c2d3a15/element [8.749281ms] ERR:404 body={"strategy":"-android uiautomator","selector":"new UiSelector().descriptionContains(\"English\")"}
15:48:35.823591 POST /session/0a9752df-beae-4611-b4a6-0d792c2d3a15/element [11.579706ms] ERR:404 body={"strategy":"-android uiautomator","selector":"new UiSelector().textMatches(\"(?is).*\\QEnglish\\E.*...
15:48:35.831356 POST /session/0a9752df-beae-4611-b4a6-0d792c2d3a15/element [7.69928ms] ERR:404 body={"strategy":"-android uiautomator","selector":"new UiSelector().descriptionMatches(\"(?is).*\\QEngli...
15:48:35.839527 POST /session/0a9752df-beae-4611-b4a6-0d792c2d3a15/element [8.079684ms] ERR:404 body={"strategy":"-android uiautomator","selector":"new UiSelector().textContains(\"English\")"}
15:48:35.846838 POST /session/0a9752df-beae-4611-b4a6-0d792c2d3a15/element [7.261057ms] ERR:404 body={"strategy":"-android uiautomator","selector":"new UiSelector().descriptionContains(\"English\")"}
15:48:35.854408 POST /session/0a9752df-beae-4611-b4a6-0d792c2d3a15/element [7.512334ms] ERR:404 body={"strategy":"-android uiautomator","selector":"new UiSelector().textMatches(\"(?is).*\\QEnglish\\E.*...
15:48:35.861482 POST /session/0a9752df-beae-4611-b4a6-0d792c2d3a15/element [7.015177ms] ERR:404 body={"strategy":"-android uiautomator","selector":"new UiSelector().descriptionMatches(\"(?is).*\\QEngli...
15:48:35.869448 POST /session/0a9752df-beae-4611-b4a6-0d792c2d3a15/element [7.913463ms] ERR:404 body={"strategy":"-android uiautomator","selector":"new UiSelector().textContains(\"English\")"}
15:48:35.878324 POST /session/0a9752df-beae-4611-b4a6-0d792c2d3a15/element [8.800478ms] ERR:404 body={"strategy":"-android uiautomator","selector":"new UiSelector().descriptionContains(\"English\")"}
15:48:35.887014 POST /session/0a9752df-beae-4611-b4a6-0d792c2d3a15/element [8.616288ms] ERR:404 body={"strategy":"-android uiautomator","selector":"new UiSelector().textMatches(\"(?is).*\\QEnglish\\E.*...
15:48:35.894510 POST /session/0a9752df-beae-4611-b4a6-0d792c2d3a15/element [7.430897ms] ERR:404 body={"strategy":"-android uiautomator","selector":"new UiSelector().descriptionMatches(\"(?is).*\\QEngli...
15:48:35.903118 POST /session/0a9752df-beae-4611-b4a6-0d792c2d3a15/element [8.532743ms] ERR:404 body={"strategy":"-android uiautomator","selector":"new UiSelector().textContains(\"English\")"}
15:48:35.911357 POST /session/0a9752df-beae-4611-b4a6-0d792c2d3a15/element [8.175679ms] ERR:404 body={"strategy":"-android uiautomator","selector":"new UiSelector().descriptionContains(\"English\")"}
15:48:35.921756 POST /session/0a9752df-beae-4611-b4a6-0d792c2d3a15/element [10.344995ms] ERR:404 body={"strategy":"-android uiautomator","selector":"new UiSelector().textMatches(\"(?is).*\\QEnglish\\E.*...
15:48:35.932318 POST /session/0a9752df-beae-4611-b4a6-0d792c2d3a15/element [10.504096ms] ERR:404 body={"strategy":"-android uiautomator","selector":"new UiSelector().descriptionMatches(\"(?is).*\\QEngli...
15:48:35.942912 POST /session/0a9752df-beae-4611-b4a6-0d792c2d3a15/element [10.522007ms] ERR:404 body={"strategy":"-android uiautomator","selector":"new UiSelector().textContains(\"English\")"}
15:48:35.953424 POST /session/0a9752df-beae-4611-b4a6-0d792c2d3a15/element [10.47211ms] ERR:404 body={"strategy":"-android uiautomator","selector":"new UiSelector().descriptionContains(\"English\")"}
15:48:35.963500 POST /session/0a9752df-beae-4611-b4a6-0d792c2d3a15/element [10.016641ms] ERR:404 body={"strategy":"-android uiautomator","selector":"new UiSelector().textMatches(\"(?is).*\\QEnglish\\E.*...
15:48:35.972855 POST /session/0a9752df-beae-4611-b4a6-0d792c2d3a15/element [9.272492ms] ERR:404 body={"strategy":"-android uiautomator","selector":"new UiSelector().descriptionMatches(\"(?is).*\\QEngli...
15:48:35.982748 POST /session/0a9752df-beae-4611-b4a6-0d792c2d3a15/element [9.811766ms] ERR:404 body={"strategy":"-android uiautomator","selector":"new UiSelector().textContains(\"English\")"}
15:48:35.991593 POST /session/0a9752df-beae-4611-b4a6-0d792c2d3a15/element [8.766763ms] ERR:404 body={"strategy":"-android uiautomator","selector":"new UiSelector().descriptionContains(\"English\")"}
15:48:35.999898 POST /session/0a9752df-beae-4611-b4a6-0d792c2d3a15/element [8.219938ms] ERR:404 body={"strategy":"-android uiautomator","selector":"new UiSelector().textMatches(\"(?is).*\\QEnglish\\E.*...
15:48:36.009223 POST /session/0a9752df-beae-4611-b4a6-0d792c2d3a15/element [9.239293ms] ERR:404 body={"strategy":"-android uiautomator","selector":"new UiSelector().descriptionMatches(\"(?is).*\\QEngli...
15:48:36.018009 POST /session/0a9752df-beae-4611-b4a6-0d792c2d3a15/element [8.710184ms] ERR:404 body={"strategy":"-android uiautomator","selector":"new UiSelector().textContains(\"English\")"}
15:48:36.026915 POST /session/0a9752df-beae-4611-b4a6-0d792c2d3a15/element [8.828584ms] ERR:404 body={"strategy":"-android uiautomator","selector":"new UiSelector().descriptionContains(\"English\")"}
15:48:36.035347 POST /session/0a9752df-beae-4611-b4a6-0d792c2d3a15/element [8.347031ms] ERR:404 body={"strategy":"-android uiautomator","selector":"new UiSelector().textMatches(\"(?is).*\\QEnglish\\E.*...
15:48:36.043289 POST /session/0a9752df-beae-4611-b4a6-0d792c2d3a15/element [7.872537ms] ERR:404 body={"strategy":"-android uiautomator","selector":"new UiSelector().descriptionMatches(\"(?is).*\\QEngli...
15:48:36.051755 POST /session/0a9752df-beae-4611-b4a6-0d792c2d3a15/element [8.381655ms] ERR:404 body={"strategy":"-android uiautomator","selector":"new UiSelector().textContains(\"English\")"}
15:48:36.060162 POST /session/0a9752df-beae-4611-b4a6-0d792c2d3a15/element [8.341541ms] ERR:404 body={"strategy":"-android uiautomator","selector":"new UiSelector().descriptionContains(\"English\")"}
15:48:36.068537 POST /session/0a9752df-beae-4611-b4a6-0d792c2d3a15/element [8.291788ms] ERR:404 body={"strategy":"-android uiautomator","selector":"new UiSelector().textMatches(\"(?is).*\\QEnglish\\E.*...
15:48:36.077178 POST /session/0a9752df-beae-4611-b4a6-0d792c2d3a15/element [8.570258ms] ERR:404 body={"strategy":"-android uiautomator","selector":"new UiSelector().descriptionMatches(\"(?is).*\\QEngli...
15:48:36.087210 POST /session/0a9752df-beae-4611-b4a6-0d792c2d3a15/element [9.949104ms] ERR:404 body={"strategy":"-android uiautomator","selector":"new UiSelector().textContains(\"English\")"}
15:48:36.096184 POST /session/0a9752df-beae-4611-b4a6-0d792c2d3a15/element [8.901082ms] ERR:404 body={"strategy":"-android uiautomator","selector":"new UiSelector().descriptionContains(\"English\")"}
15:48:36.104981 POST /session/0a9752df-beae-4611-b4a6-0d792c2d3a15/element [8.702826ms] ERR:404 body={"strategy":"-android uiautomator","selector":"new UiSelector().textMatches(\"(?is).*\\QEnglish\\E.*...
15:48:36.113661 POST /session/0a9752df-beae-4611-b4a6-0d792c2d3a15/element [8.59578ms] ERR:404 body={"strategy":"-android uiautomator","selector":"new UiSelector().descriptionMatches(\"(?is).*\\QEngli...
15:48:36.122685 POST /session/0a9752df-beae-4611-b4a6-0d792c2d3a15/element [8.934194ms] ERR:404 body={"strategy":"-android uiautomator","selector":"new UiSelector().textContains(\"English\")"}
15:48:36.132400 POST /session/0a9752df-beae-4611-b4a6-0d792c2d3a15/element [9.641935ms] ERR:404 body={"strategy":"-android uiautomator","selector":"new UiSelector().descriptionContains(\"English\")"}
15:48:36.140697 POST /session/0a9752df-beae-4611-b4a6-0d792c2d3a15/element [8.218635ms] ERR:404 body={"strategy":"-android uiautomator","selector":"new UiSelector().textMatches(\"(?is).*\\QEnglish\\E.*...
15:48:36.148651 POST /session/0a9752df-beae-4611-b4a6-0d792c2d3a15/element [7.887546ms] ERR:404 body={"strategy":"-android uiautomator","selector":"new UiSelector().descriptionMatches(\"(?is).*\\QEngli...
15:48:36.156608 POST /session/0a9752df-beae-4611-b4a6-0d792c2d3a15/element [7.872942ms] ERR:404 body={"strategy":"-android uiautomator","selector":"new UiSelector().textContains(\"English\")"}
15:48:36.164358 POST /session/0a9752df-beae-4611-b4a6-0d792c2d3a15/element [7.684542ms] ERR:404 body={"strategy":"-android uiautomator","selector":"new UiSelector().descriptionContains(\"English\")"}
15:48:36.175868 POST /session/0a9752df-beae-4611-b4a6-0d792c2d3a15/element [11.423192ms] ERR:404 body={"strategy":"-android uiautomator","selector":"new UiSelector().textMatches(\"(?is).*\\QEnglish\\E.*...
15:48:36.188689 POST /session/0a9752df-beae-4611-b4a6-0d792c2d3a15/element [12.742951ms] ERR:404 body={"strategy":"-android uiautomator","selector":"new UiSelector().descriptionMatches(\"(?is).*\\QEngli...
15:48:36.197797 POST /session/0a9752df-beae-4611-b4a6-0d792c2d3a15/element [9.008835ms] ERR:404 body={"strategy":"-android uiautomator","selector":"new UiSelector().textContains(\"English\")"}
15:48:36.206736 POST /session/0a9752df-beae-4611-b4a6-0d792c2d3a15/element [8.862845ms] ERR:404 body={"strategy":"-android uiautomator","selector":"new UiSelector().descriptionContains(\"English\")"}
15:48:36.215722 POST /session/0a9752df-beae-4611-b4a6-0d792c2d3a15/element [8.906658ms] ERR:404 body={"strategy":"-android uiautomator","selector":"new UiSelector().textMatches(\"(?is).*\\QEnglish\\E.*...
15:48:36.224378 POST /session/0a9752df-beae-4611-b4a6-0d792c2d3a15/element [8.598171ms] ERR:404 body={"strategy":"-android uiautomator","selector":"new UiSelector().descriptionMatches(\"(?is).*\\QEngli...
15:48:36.232723 POST /session/0a9752df-beae-4611-b4a6-0d792c2d3a15/element [8.275411ms] ERR:404 body={"strategy":"-android uiautomator","selector":"new UiSelector().textContains(\"English\")"}
15:48:36.242858 POST /session/0a9752df-beae-4611-b4a6-0d792c2d3a15/element [10.066704ms] ERR:404 body={"strategy":"-android uiautomator","selector":"new UiSelector().descriptionContains(\"English\")"}
15:48:36.251136 POST /session/0a9752df-beae-4611-b4a6-0d792c2d3a15/element [8.205988ms] ERR:404 body={"strategy":"-android uiautomator","selector":"new UiSelector().textMatches(\"(?is).*\\QEnglish\\E.*...
15:48:36.259234 POST /session/0a9752df-beae-4611-b4a6-0d792c2d3a15/element [8.031189ms] ERR:404 body={"strategy":"-android uiautomator","selector":"new UiSelector().descriptionMatches(\"(?is).*\\QEngli...
15:48:36.268220 POST /session/0a9752df-beae-4611-b4a6-0d792c2d3a15/element [8.912105ms] ERR:404 body={"strategy":"-android uiautomator","selector":"new UiSelector().textContains(\"English\")"}
15:48:36.276904 POST /session/0a9752df-beae-4611-b4a6-0d792c2d3a15/element [8.603543ms] ERR:404 body={"strategy":"-android uiautomator","selector":"new UiSelector().descriptionContains(\"English\")"}
15:48:36.287096 POST /session/0a9752df-beae-4611-b4a6-0d792c2d3a15/element [10.116858ms] ERR:404 body={"strategy":"-android uiautomator","selector":"new UiSelector().textMatches(\"(?is).*\\QEnglish\\E.*...
15:48:36.297795 POST /session/0a9752df-beae-4611-b4a6-0d792c2d3a15/element [10.630051ms] ERR:404 body={"strategy":"-android uiautomator","selector":"new UiSelector().descriptionMatches(\"(?is).*\\QEngli...
15:48:36.308051 POST /session/0a9752df-beae-4611-b4a6-0d792c2d3a15/element [10.157249ms] ERR:404 body={"strategy":"-android uiautomator","selector":"new UiSelector().textContains(\"English\")"}
15:48:36.316370 POST /session/0a9752df-beae-4611-b4a6-0d792c2d3a15/element [8.23922ms] ERR:404 body={"strategy":"-android uiautomator","selector":"new UiSelector().descriptionContains(\"English\")"}
15:48:36.324193 POST /session/0a9752df-beae-4611-b4a6-0d792c2d3a15/element [7.754427ms] ERR:404 body={"strategy":"-android uiautomator","selector":"new UiSelector().textMatches(\"(?is).*\\QEnglish\\E.*...
15:48:36.334386 POST /session/0a9752df-beae-4611-b4a6-0d792c2d3a15/element [10.135943ms] ERR:404 body={"strategy":"-android uiautomator","selector":"new UiSelector().descriptionMatches(\"(?is).*\\QEngli...
15:48:36.343230 POST /session/0a9752df-beae-4611-b4a6-0d792c2d3a15/element [8.771522ms] ERR:404 body={"strategy":"-android uiautomator","selector":"new UiSelector().textContains(\"English\")"}
15:48:36.351771 POST /session/0a9752df-beae-4611-b4a6-0d792c2d3a15/element [8.483431ms] ERR:404 body={"strategy":"-android uiautomator","selector":"new UiSelector().descriptionContains(\"English\")"}
15:48:36.361609 POST /session/0a9752df-beae-4611-b4a6-0d792c2d3a15/element [9.761107ms] ERR:404 body={"strategy":"-android uiautomator","selector":"new UiSelector().textMatches(\"(?is).*\\QEnglish\\E.*...
15:48:36.377966 POST /session/0a9752df-beae-4611-b4a6-0d792c2d3a15/element [16.277328ms] ERR:404 body={"strategy":"-android uiautomator","selector":"new UiSelector().descriptionMatches(\"(?is).*\\QEngli...
15:48:36.387737 POST /session/0a9752df-beae-4611-b4a6-0d792c2d3a15/element [9.682409ms] ERR:404 body={"strategy":"-android uiautomator","selector":"new UiSelector().textContains(\"English\")"}
15:48:36.405592 POST /session/0a9752df-beae-4611-b4a6-0d792c2d3a15/element [17.784879ms] ERR:404 body={"strategy":"-android uiautomator","selector":"new UiSelector().descriptionContains(\"English\")"}
15:48:36.416128 POST /session/0a9752df-beae-4611-b4a6-0d792c2d3a15/element [10.48837ms] ERR:404 body={"strategy":"-android uiautomator","selector":"new UiSelector().textMatches(\"(?is).*\\QEnglish\\E.*...
15:48:36.426757 POST /session/0a9752df-beae-4611-b4a6-0d792c2d3a15/element [10.585231ms] ERR:404 body={"strategy":"-android uiautomator","selector":"new UiSelector().descriptionMatches(\"(?is).*\\QEngli...
15:48:36.434713 POST /session/0a9752df-beae-4611-b4a6-0d792c2d3a15/element [7.880439ms] ERR:404 body={"strategy":"-android uiautomator","selector":"new UiSelector().textContains(\"English\")"}
15:48:36.441723 POST /session/0a9752df-beae-4611-b4a6-0d792c2d3a15/element [6.944948ms] ERR:404 body={"strategy":"-android uiautomator","selector":"new UiSelector().descriptionContains(\"English\")"}
15:48:36.448981 POST /session/0a9752df-beae-4611-b4a6-0d792c2d3a15/element [7.191466ms] ERR:404 body={"strategy":"-android uiautomator","selector":"new UiSelector().textMatches(\"(?is).*\\QEnglish\\E.*...
15:48:36.457659 POST /session/0a9752df-beae-4611-b4a6-0d792c2d3a15/element [8.585268ms] ERR:404 body={"strategy":"-android uiautomator","selector":"new UiSelector().descriptionMatches(\"(?is).*\\QEngli...
15:48:36.465403 POST /session/0a9752df-beae-4611-b4a6-0d792c2d3a15/element [7.66157ms] ERR:404 body={"strategy":"-android uiautomator","selector":"new UiSelector().textContains(\"English\")"}
15:48:36.476706 POST /session/0a9752df-beae-4611-b4a6-0d792c2d3a15/element [11.235326ms] ERR:404 body={"strategy":"-android uiautomator","selector":"new UiSelector().descriptionContains(\"English\")"}
15:48:36.484927 POST /session/0a9752df-beae-4611-b4a6-0d792c2d3a15/element [8.152792ms] ERR:404 body={"strategy":"-android uiautomator","selector":"new UiSelector().textMatches(\"(?is).*\\QEnglish\\E.*...
15:48:36.494581 POST /session/0a9752df-beae-4611-b4a6-0d792c2d3a15/element [9.571461ms] ERR:404 body={"strategy":"-android uiautomator","selector":"new UiSelector().descriptionMatches(\"(?is).*\\QEngli...
15:48:36.503751 POST /session/0a9752df-beae-4611-b4a6-0d792c2d3a15/element [9.099489ms] ERR:404 body={"strategy":"-android uiautomator","selector":"new UiSelector().textContains(\"English\")"}
15:48:36.513978 POST /session/0a9752df-beae-4611-b4a6-0d792c2d3a15/element [10.157068ms] ERR:404 body={"strategy":"-android uiautomator","selector":"new UiSelector().descriptionContains(\"English\")"}
15:48:36.526035 POST /session/0a9752df-beae-4611-b4a6-0d792c2d3a15/element [11.958812ms] ERR:404 body={"strategy":"-android uiautomator","selector":"new UiSelector().textMatches(\"(?is).*\\QEnglish\\E.*...
15:48:36.536570 POST /session/0a9752df-beae-4611-b4a6-0d792c2d3a15/element [10.454195ms] ERR:404 body={"strategy":"-android uiautomator","selector":"new UiSelector().descriptionMatches(\"(?is).*\\QEngli...
15:48:36.549436 POST /session/0a9752df-beae-4611-b4a6-0d792c2d3a15/element [12.770027ms] ERR:404 body={"strategy":"-android uiautomator","selector":"new UiSelector().textContains(\"English\")"}
15:48:36.560434 POST /session/0a9752df-beae-4611-b4a6-0d792c2d3a15/element [10.922083ms] ERR:404 body={"strategy":"-android uiautomator","selector":"new UiSelector().descriptionContains(\"English\")"}
15:48:36.570220 POST /session/0a9752df-beae-4611-b4a6-0d792c2d3a15/element [9.387316ms] ERR:404 body={"strategy":"-android uiautomator","selector":"new UiSelector().textMatches(\"(?is).*\\QEnglish\\E.*...
15:48:36.579230 POST /session/0a9752df-beae-4611-b4a6-0d792c2d3a15/element [8.414897ms] ERR:404 body={"strategy":"-android uiautomator","selector":"new UiSelector().descriptionMatches(\"(?is).*\\QEngli...
15:48:36.588182 POST /session/0a9752df-beae-4611-b4a6-0d792c2d3a15/element [8.852816ms] ERR:404 body={"strategy":"-android uiautomator","selector":"new UiSelector().textContains(\"English\")"}
15:48:36.595470 POST /session/0a9752df-beae-4611-b4a6-0d792c2d3a15/element [7.223419ms] ERR:404 body={"strategy":"-android uiautomator","selector":"new UiSelector().descriptionContains(\"English\")"}
15:48:36.602839 POST /session/0a9752df-beae-4611-b4a6-0d792c2d3a15/element [7.295439ms] ERR:404 body={"strategy":"-android uiautomator","selector":"new UiSelector().textMatches(\"(?is).*\\QEnglish\\E.*...
15:48:36.611453 POST /session/0a9752df-beae-4611-b4a6-0d792c2d3a15/element [8.546431ms] ERR:404 body={"strategy":"-android uiautomator","selector":"new UiSelector().descriptionMatches(\"(?is).*\\QEngli...
15:48:36.619158 POST /session/0a9752df-beae-4611-b4a6-0d792c2d3a15/element [7.621878ms] ERR:404 body={"strategy":"-android uiautomator","selector":"new UiSelector().textContains(\"English\")"}
15:48:36.626300 POST /session/0a9752df-beae-4611-b4a6-0d792c2d3a15/element [7.063933ms] ERR:404 body={"strategy":"-android uiautomator","selector":"new UiSelector().descriptionContains(\"English\")"}
15:48:36.633505 POST /session/0a9752df-beae-4611-b4a6-0d792c2d3a15/element [7.116293ms] ERR:404 body={"strategy":"-android uiautomator","selector":"new UiSelector().textMatches(\"(?is).*\\QEnglish\\E.*...
15:48:36.640347 POST /session/0a9752df-beae-4611-b4a6-0d792c2d3a15/element [6.780775ms] ERR:404 body={"strategy":"-android uiautomator","selector":"new UiSelector().descriptionMatches(\"(?is).*\\QEngli...
15:48:36.647144 POST /session/0a9752df-beae-4611-b4a6-0d792c2d3a15/element [6.727729ms] ERR:404 body={"strategy":"-android uiautomator","selector":"new UiSelector().textContains(\"English\")"}
15:48:36.653905 POST /session/0a9752df-beae-4611-b4a6-0d792c2d3a15/element [6.701434ms] ERR:404 body={"strategy":"-android uiautomator","selector":"new UiSelector().descriptionContains(\"English\")"}
15:48:36.660736 POST /session/0a9752df-beae-4611-b4a6-0d792c2d3a15/element [6.745855ms] ERR:404 body={"strategy":"-android uiautomator","selector":"new UiSelector().textMatches(\"(?is).*\\QEnglish\\E.*...
15:48:36.667733 POST /session/0a9752df-beae-4611-b4a6-0d792c2d3a15/element [6.927817ms] ERR:404 body={"strategy":"-android uiautomator","selector":"new UiSelector().descriptionMatches(\"(?is).*\\QEngli...
15:48:36.676782 POST /session/0a9752df-beae-4611-b4a6-0d792c2d3a15/element [8.97849ms] ERR:404 body={"strategy":"-android uiautomator","selector":"new UiSelector().textContains(\"English\")"}
15:48:36.684624 POST /session/0a9752df-beae-4611-b4a6-0d792c2d3a15/element [7.772787ms] ERR:404 body={"strategy":"-android uiautomator","selector":"new UiSelector().descriptionContains(\"English\")"}
15:48:36.691596 POST /session/0a9752df-beae-4611-b4a6-0d792c2d3a15/element [6.896817ms] ERR:404 body={"strategy":"-android uiautomator","selector":"new UiSelector().textMatches(\"(?is).*\\QEnglish\\E.*...
15:48:36.708254 POST /session/0a9752df-beae-4611-b4a6-0d792c2d3a15/element [16.591884ms] ERR:404 body={"strategy":"-android uiautomator","selector":"new UiSelector().descriptionMatches(\"(?is).*\\QEngli...
15:48:36.717410 POST /session/0a9752df-beae-4611-b4a6-0d792c2d3a15/element [9.079795ms] ERR:404 body={"strategy":"-android uiautomator","selector":"new UiSelector().textContains(\"English\")"}
15:48:36.725332 POST /session/0a9752df-beae-4611-b4a6-0d792c2d3a15/element [7.846876ms] ERR:404 body={"strategy":"-android uiautomator","selector":"new UiSelector().descriptionContains(\"English\")"}
15:48:36.733063 POST /session/0a9752df-beae-4611-b4a6-0d792c2d3a15/element [7.657371ms] ERR:404 body={"strategy":"-android uiautomator","selector":"new UiSelector().textMatches(\"(?is).*\\QEnglish\\E.*...
15:48:36.741921 POST /session/0a9752df-beae-4611-b4a6-0d792c2d3a15/element [8.769779ms] ERR:404 body={"strategy":"-android uiautomator","selector":"new UiSelector().descriptionMatches(\"(?is).*\\QEngli...
15:48:36.749931 POST /session/0a9752df-beae-4611-b4a6-0d792c2d3a15/element [7.94097ms] ERR:404 body={"strategy":"-android uiautomator","selector":"new UiSelector().textContains(\"English\")"}
15:48:36.757864 POST /session/0a9752df-beae-4611-b4a6-0d792c2d3a15/element [7.839706ms] ERR:404 body={"strategy":"-android uiautomator","selector":"new UiSelector().descriptionContains(\"English\")"}
15:48:36.766786 POST /session/0a9752df-beae-4611-b4a6-0d792c2d3a15/element [8.852061ms] ERR:404 body={"strategy":"-android uiautomator","selector":"new UiSelector().textMatches(\"(?is).*\\QEnglish\\E.*...
15:48:36.775469 POST /session/0a9752df-beae-4611-b4a6-0d792c2d3a15/element [8.608323ms] ERR:404 body={"strategy":"-android uiautomator","selector":"new UiSelector().descriptionMatches(\"(?is).*\\QEngli...
15:48:36.782012 POST /session/0a9752df-beae-4611-b4a6-0d792c2d3a15/element [6.471364ms] ERR:404 body={"strategy":"-android uiautomator","selector":"new UiSelector().textContains(\"English\")"}
15:48:36.791259 POST /session/0a9752df-beae-4611-b4a6-0d792c2d3a15/element [9.175874ms] ERR:404 body={"strategy":"-android uiautomator","selector":"new UiSelector().descriptionContains(\"English\")"}
15:48:36.801786 POST /session/0a9752df-beae-4611-b4a6-0d792c2d3a15/element [10.449672ms] ERR:404 body={"strategy":"-android uiautomator","selector":"new UiSelector().textMatches(\"(?is).*\\QEnglish\\E.*...
15:48:36.810119 POST /session/0a9752df-beae-4611-b4a6-0d792c2d3a15/element [8.258372ms] ERR:404 body={"strategy":"-android uiautomator","selector":"new UiSelector().descriptionMatches(\"(?is).*\\QEngli...
15:48:36.818221 POST /session/0a9752df-beae-4611-b4a6-0d792c2d3a15/element [8.019105ms] ERR:404 body={"strategy":"-android uiautomator","selector":"new UiSelector().textContains(\"English\")"}
15:48:36.827466 POST /session/0a9752df-beae-4611-b4a6-0d792c2d3a15/element [9.171744ms] ERR:404 body={"strategy":"-android uiautomator","selector":"new UiSelector().descriptionContains(\"English\")"}
15:48:36.834427 POST /session/0a9752df-beae-4611-b4a6-0d792c2d3a15/element [6.877636ms] ERR:404 body={"strategy":"-android uiautomator","selector":"new UiSelector().textMatches(\"(?is).*\\QEnglish\\E.*...
15:48:36.841770 POST /session/0a9752df-beae-4611-b4a6-0d792c2d3a15/element [7.276678ms] ERR:404 body={"strategy":"-android uiautomator","selector":"new UiSelector().descriptionMatches(\"(?is).*\\QEngli...
15:48:36.848443 POST /session/0a9752df-beae-4611-b4a6-0d792c2d3a15/element [6.610781ms] ERR:404 body={"strategy":"-android uiautomator","selector":"new UiSelector().textContains(\"English\")"}
15:48:36.859158 POST /session/0a9752df-beae-4611-b4a6-0d792c2d3a15/element [10.625097ms] ERR:404 body={"strategy":"-android uiautomator","selector":"new UiSelector().descriptionContains(\"English\")"}
15:48:36.867430 POST /session/0a9752df-beae-4611-b4a6-0d792c2d3a15/element [8.19914ms] ERR:404 body={"strategy":"-android uiautomator","selector":"new UiSelector().textMatches(\"(?is).*\\QEnglish\\E.*...
15:48:36.873969 POST /session/0a9752df-beae-4611-b4a6-0d792c2d3a15/element [6.472593ms] ERR:404 body={"strategy":"-android uiautomator","selector":"new UiSelector().descriptionMatches(\"(?is).*\\QEngli...
15:48:36.881182 POST /session/0a9752df-beae-4611-b4a6-0d792c2d3a15/element [7.138488ms] ERR:404 body={"strategy":"-android uiautomator","selector":"new UiSelector().textContains(\"English\")"}
15:48:36.890024 POST /session/0a9752df-beae-4611-b4a6-0d792c2d3a15/element [8.764895ms] ERR:404 body={"strategy":"-android uiautomator","selector":"new UiSelector().descriptionContains(\"English\")"}
15:48:36.896841 POST /session/0a9752df-beae-4611-b4a6-0d792c2d3a15/element [6.721666ms] ERR:404 body={"strategy":"-android uiautomator","selector":"new UiSelector().textMatches(\"(?is).*\\QEnglish\\E.*...
15:48:36.903273 POST /session/0a9752df-beae-4611-b4a6-0d792c2d3a15/element [6.365095ms] ERR:404 body={"strategy":"-android uiautomator","selector":"new UiSelector().descriptionMatches(\"(?is).*\\QEngli...
15:48:36.910553 POST /session/0a9752df-beae-4611-b4a6-0d792c2d3a15/element [7.205478ms] ERR:404 body={"strategy":"-android uiautomator","selector":"new UiSelector().textContains(\"English\")"}
15:48:36.918242 POST /session/0a9752df-beae-4611-b4a6-0d792c2d3a15/element [7.600842ms] ERR:404 body={"strategy":"-android uiautomator","selector":"new UiSelector().descriptionContains(\"English\")"}
15:48:36.928536 POST /session/0a9752df-beae-4611-b4a6-0d792c2d3a15/element [10.204233ms] ERR:404 body={"strategy":"-android uiautomator","selector":"new UiSelector().textMatches(\"(?is).*\\QEnglish\\E.*...
15:48:36.936408 POST /session/0a9752df-beae-4611-b4a6-0d792c2d3a15/element [7.803528ms] ERR:404 body={"strategy":"-android uiautomator","selector":"new UiSelector().descriptionMatches(\"(?is).*\\QEngli...
15:48:36.945010 POST /session/0a9752df-beae-4611-b4a6-0d792c2d3a15/element [8.539766ms] ERR:404 body={"strategy":"-android uiautomator","selector":"new UiSelector().textContains(\"English\")"}
15:48:36.952555 POST /session/0a9752df-beae-4611-b4a6-0d792c2d3a15/element [7.486794ms] ERR:404 body={"strategy":"-android uiautomator","selector":"new UiSelector().descriptionContains(\"English\")"}
15:48:36.960149 POST /session/0a9752df-beae-4611-b4a6-0d792c2d3a15/element [7.507216ms] ERR:404 body={"strategy":"-android uiautomator","selector":"new UiSelector().textMatches(\"(?is).*\\QEnglish\\E.*...
15:48:36.966749 POST /session/0a9752df-beae-4611-b4a6-0d792c2d3a15/element [6.519091ms] ERR:404 body={"strategy":"-android uiautomator","selector":"new UiSelector().descriptionMatches(\"(?is).*\\QEngli...
15:48:36.974170 POST /session/0a9752df-beae-4611-b4a6-0d792c2d3a15/element [7.342545ms] ERR:404 body={"strategy":"-android uiautomator","selector":"new UiSelector().textContains(\"English\")"}
15:48:36.988067 POST /session/0a9752df-beae-4611-b4a6-0d792c2d3a15/element [13.821317ms] ERR:404 body={"strategy":"-android uiautomator","selector":"new UiSelector().descriptionContains(\"English\")"}
15:48:36.995904 POST /session/0a9752df-beae-4611-b4a6-0d792c2d3a15/element [7.754051ms] ERR:404 body={"strategy":"-android uiautomator","selector":"new UiSelector().textMatches(\"(?is).*\\QEnglish\\E.*...
15:48:37.003163 POST /session/0a9752df-beae-4611-b4a6-0d792c2d3a15/element [7.179799ms] ERR:404 body={"strategy":"-android uiautomator","selector":"new UiSelector().descriptionMatches(\"(?is).*\\QEngli...
15:48:37.012992 POST /session/0a9752df-beae-4611-b4a6-0d792c2d3a15/element [9.745276ms] ERR:404 body={"strategy":"-android uiautomator","selector":"new UiSelector().textContains(\"English\")"}
15:48:37.022340 POST /session/0a9752df-beae-4611-b4a6-0d792c2d3a15/element [9.271816ms] ERR:404 body={"strategy":"-android uiautomator","selector":"new UiSelector().descriptionContains(\"English\")"}
15:48:37.031339 POST /session/0a9752df-beae-4611-b4a6-0d792c2d3a15/element [8.908892ms] ERR:404 body={"strategy":"-android uiautomator","selector":"new UiSelector().textMatches(\"(?is).*\\QEnglish\\E.*...
15:48:37.038454 POST /session/0a9752df-beae-4611-b4a6-0d792c2d3a15/element [7.023732ms] ERR:404 body={"strategy":"-android uiautomator","selector":"new UiSelector().descriptionMatches(\"(?is).*\\QEngli...
15:48:37.046889 POST /session/0a9752df-beae-4611-b4a6-0d792c2d3a15/element [8.352165ms] ERR:404 body={"strategy":"-android uiautomator","selector":"new UiSelector().textContains(\"English\")"}
15:48:37.054274 POST /session/0a9752df-beae-4611-b4a6-0d792c2d3a15/element [7.320997ms] ERR:404 body={"strategy":"-android uiautomator","selector":"new UiSelector().descriptionContains(\"English\")"}
15:48:37.061000 POST /session/0a9752df-beae-4611-b4a6-0d792c2d3a15/element [6.663315ms] ERR:404 body={"strategy":"-android uiautomator","selector":"new UiSelector().textMatches(\"(?is).*\\QEnglish\\E.*...
15:48:37.068156 POST /session/0a9752df-beae-4611-b4a6-0d792c2d3a15/element [7.070475ms] ERR:404 body={"strategy":"-android uiautomator","selector":"new UiSelector().descriptionMatches(\"(?is).*\\QEngli...
15:48:37.075107 POST /session/0a9752df-beae-4611-b4a6-0d792c2d3a15/element [6.879676ms] ERR:404 body={"strategy":"-android uiautomator","selector":"new UiSelector().textContains(\"English\")"}
15:48:37.082400 POST /session/0a9752df-beae-4611-b4a6-0d792c2d3a15/element [7.234896ms] ERR:404 body={"strategy":"-android uiautomator","selector":"new UiSelector().descriptionContains(\"English\")"}
15:48:37.089806 POST /session/0a9752df-beae-4611-b4a6-0d792c2d3a15/element [7.325839ms] ERR:404 body={"strategy":"-android uiautomator","selector":"new UiSelector().textMatches(\"(?is).*\\QEnglish\\E.*...
15:48:37.098311 POST /session/0a9752df-beae-4611-b4a6-0d792c2d3a15/element [8.426012ms] ERR:404 body={"strategy":"-android uiautomator","selector":"new UiSelector().descriptionMatches(\"(?is).*\\QEngli...
15:48:37.105802 POST /session/0a9752df-beae-4611-b4a6-0d792c2d3a15/element [7.411027ms] ERR:404 body={"strategy":"-android uiautomator","selector":"new UiSelector().textContains(\"English\")"}
15:48:37.112533 POST /session/0a9752df-beae-4611-b4a6-0d792c2d3a15/element [6.639166ms] ERR:404 body={"strategy":"-android uiautomator","selector":"new UiSelector().descriptionContains(\"English\")"}
15:48:37.120355 POST /session/0a9752df-beae-4611-b4a6-0d792c2d3a15/element [7.750852ms] ERR:404 body={"strategy":"-android uiautomator","selector":"new UiSelector().textMatches(\"(?is).*\\QEnglish\\E.*...
15:48:37.128251 POST /session/0a9752df-beae-4611-b4a6-0d792c2d3a15/element [7.806549ms] ERR:404 body={"strategy":"-android uiautomator","selector":"new UiSelector().descriptionMatches(\"(?is).*\\QEngli...
15:48:37.138188 POST /session/0a9752df-beae-4611-b4a6-0d792c2d3a15/element [9.863897ms] ERR:404 body={"strategy":"-android uiautomator","selector":"new UiSelector().textContains(\"English\")"}
15:48:37.146121 POST /session/0a9752df-beae-4611-b4a6-0d792c2d3a15/element [7.860956ms] ERR:404 body={"strategy":"-android uiautomator","selector":"new UiSelector().descriptionContains(\"English\")"}
15:48:37.153057 POST /session/0a9752df-beae-4611-b4a6-0d792c2d3a15/element [6.86458ms] ERR:404 body={"strategy":"-android uiautomator","selector":"new UiSelector().textMatches(\"(?is).*\\QEnglish\\E.*...
15:48:37.162492 POST /session/0a9752df-beae-4611-b4a6-0d792c2d3a15/element [9.346197ms] ERR:404 body={"strategy":"-android uiautomator","selector":"new UiSelector().descriptionMatches(\"(?is).*\\QEngli...
15:48:37.172008 POST /session/0a9752df-beae-4611-b4a6-0d792c2d3a15/element [9.44728ms] ERR:404 body={"strategy":"-android uiautomator","selector":"new UiSelector().textContains(\"English\")"}
15:48:37.180057 POST /session/0a9752df-beae-4611-b4a6-0d792c2d3a15/element [7.981066ms] ERR:404 body={"strategy":"-android uiautomator","selector":"new UiSelector().descriptionContains(\"English\")"}
15:48:37.187989 POST /session/0a9752df-beae-4611-b4a6-0d792c2d3a15/element [7.840131ms] ERR:404 body={"strategy":"-android uiautomator","selector":"new UiSelector().textMatches(\"(?is).*\\QEnglish\\E.*...
15:48:37.199900 POST /session/0a9752df-beae-4611-b4a6-0d792c2d3a15/element [11.85292ms] ERR:404 body={"strategy":"-android uiautomator","selector":"new UiSelector().descriptionMatches(\"(?is).*\\QEngli...
15:48:37.210751 POST /session/0a9752df-beae-4611-b4a6-0d792c2d3a15/element [10.797082ms] ERR:404 body={"strategy":"-android uiautomator","selector":"new UiSelector().textContains(\"English\")"}
15:48:37.219897 POST /session/0a9752df-beae-4611-b4a6-0d792c2d3a15/element [9.097918ms] ERR:404 body={"strategy":"-android uiautomator","selector":"new UiSelector().descriptionContains(\"English\")"}
15:48:37.229919 POST /session/0a9752df-beae-4611-b4a6-0d792c2d3a15/element [9.953235ms] ERR:404 body={"strategy":"-android uiautomator","selector":"new UiSelector().textMatches(\"(?is).*\\QEnglish\\E.*...
15:48:37.238845 POST /session/0a9752df-beae-4611-b4a6-0d792c2d3a15/element [8.851201ms] ERR:404 body={"strategy":"-android uiautomator","selector":"new UiSelector().descriptionMatches(\"(?is).*\\QEngli...
15:48:37.253160 POST /session/0a9752df-beae-4611-b4a6-0d792c2d3a15/element [14.232021ms] ERR:404 body={"strategy":"-android uiautomator","selector":"new UiSelector().textContains(\"English\")"}
15:48:37.264793 POST /session/0a9752df-beae-4611-b4a6-0d792c2d3a15/element [11.56789ms] ERR:404 body={"strategy":"-android uiautomator","selector":"new UiSelector().descriptionContains(\"English\")"}
15:48:37.274456 POST /session/0a9752df-beae-4611-b4a6-0d792c2d3a15/element [9.57633ms] ERR:404 body={"strategy":"-android uiautomator","selector":"new UiSelector().textMatches(\"(?is).*\\QEnglish\\E.*...
15:48:37.284123 POST /session/0a9752df-beae-4611-b4a6-0d792c2d3a15/element [9.613707ms] ERR:404 body={"strategy":"-android uiautomator","selector":"new UiSelector().descriptionMatches(\"(?is).*\\QEngli...
15:48:37.301040 POST /session/0a9752df-beae-4611-b4a6-0d792c2d3a15/element [16.851732ms] ERR:404 body={"strategy":"-android uiautomator","selector":"new UiSelector().textContains(\"English\")"}
15:48:37.307997 POST /session/0a9752df-beae-4611-b4a6-0d792c2d3a15/element [6.882966ms] ERR:404 body={"strategy":"-android uiautomator","selector":"new UiSelector().descriptionContains(\"English\")"}
15:48:37.315217 POST /session/0a9752df-beae-4611-b4a6-0d792c2d3a15/element [7.138289ms] ERR:404 body={"strategy":"-android uiautomator","selector":"new UiSelector().textMatches(\"(?is).*\\QEnglish\\E.*...
15:48:37.322043 POST /session/0a9752df-beae-4611-b4a6-0d792c2d3a15/element [6.755023ms] ERR:404 body={"strategy":"-android uiautomator","selector":"new UiSelector().descriptionMatches(\"(?is).*\\QEngli...
15:48:37.329625 POST /session/0a9752df-beae-4611-b4a6-0d792c2d3a15/element [7.505397ms] ERR:404 body={"strategy":"-android uiautomator","selector":"new UiSelector().textContains(\"English\")"}
15:48:37.340690 POST /session/0a9752df-beae-4611-b4a6-0d792c2d3a15/element [10.97433ms] ERR:404 body={"strategy":"-android uiautomator","selector":"new UiSelector().descriptionContains(\"English\")"}
15:48:37.349055 POST /session/0a9752df-beae-4611-b4a6-0d792c2d3a15/element [8.316043ms] ERR:404 body={"strategy":"-android uiautomator","selector":"new UiSelector().textMatches(\"(?is).*\\QEnglish\\E.*...
15:48:37.357800 POST /session/0a9752df-beae-4611-b4a6-0d792c2d3a15/element [8.690407ms] ERR:404 body={"strategy":"-android uiautomator","selector":"new UiSelector().descriptionMatches(\"(?is).*\\QEngli...
15:48:37.366002 POST /session/0a9752df-beae-4611-b4a6-0d792c2d3a15/element [8.143276ms] ERR:404 body={"strategy":"-android uiautomator","selector":"new UiSelector().textContains(\"English\")"}
15:48:37.373135 POST /session/0a9752df-beae-4611-b4a6-0d792c2d3a15/element [7.066289ms] ERR:404 body={"strategy":"-android uiautomator","selector":"new UiSelector().descriptionContains(\"English\")"}
15:48:37.382348 POST /session/0a9752df-beae-4611-b4a6-0d792c2d3a15/element [9.140926ms] ERR:404 body={"strategy":"-android uiautomator","selector":"new UiSelector().textMatches(\"(?is).*\\QEnglish\\E.*...
15:48:37.394236 POST /session/0a9752df-beae-4611-b4a6-0d792c2d3a15/element [11.837655ms] ERR:404 body={"strategy":"-android uiautomator","selector":"new UiSelector().descriptionMatches(\"(?is).*\\QEngli...
15:48:37.402550 POST /session/0a9752df-beae-4611-b4a6-0d792c2d3a15/element [8.241714ms] ERR:404 body={"strategy":"-android uiautomator","selector":"new UiSelector().textContains(\"English\")"}
15:48:37.410626 POST /session/0a9752df-beae-4611-b4a6-0d792c2d3a15/element [8.007039ms] ERR:404 body={"strategy":"-android uiautomator","selector":"new UiSelector().descriptionContains(\"English\")"}
15:48:37.419489 POST /session/0a9752df-beae-4611-b4a6-0d792c2d3a15/element [8.801507ms] ERR:404 body={"strategy":"-android uiautomator","selector":"new UiSelector().textMatches(\"(?is).*\\QEnglish\\E.*...
15:48:37.426430 POST /session/0a9752df-beae-4611-b4a6-0d792c2d3a15/element [6.880155ms] ERR:404 body={"strategy":"-android uiautomator","selector":"new UiSelector().descriptionMatches(\"(?is).*\\QEngli...
15:48:37.433617 POST /session/0a9752df-beae-4611-b4a6-0d792c2d3a15/element [7.094885ms] ERR:404 body={"strategy":"-android uiautomator","selector":"new UiSelector().textContains(\"English\")"}
15:48:37.441881 POST /session/0a9752df-beae-4611-b4a6-0d792c2d3a15/element [8.194371ms] ERR:404 body={"strategy":"-android uiautomator","selector":"new UiSelector().descriptionContains(\"English\")"}
15:48:37.449450 POST /session/0a9752df-beae-4611-b4a6-0d792c2d3a15/element [7.478892ms] ERR:404 body={"strategy":"-android uiautomator","selector":"new UiSelector().textMatches(\"(?is).*\\QEnglish\\E.*...
15:48:37.457477 POST /session/0a9752df-beae-4611-b4a6-0d792c2d3a15/element [7.951857ms] ERR:404 body={"strategy":"-android uiautomator","selector":"new UiSelector().descriptionMatches(\"(?is).*\\QEngli...
15:48:37.464465 POST /session/0a9752df-beae-4611-b4a6-0d792c2d3a15/element [6.919444ms] ERR:404 body={"strategy":"-android uiautomator","selector":"new UiSelector().textContains(\"English\")"}
15:48:37.471085 POST /session/0a9752df-beae-4611-b4a6-0d792c2d3a15/element [6.529624ms] ERR:404 body={"strategy":"-android uiautomator","selector":"new UiSelector().descriptionContains(\"English\")"}
15:48:37.478201 POST /session/0a9752df-beae-4611-b4a6-0d792c2d3a15/element [7.038437ms] ERR:404 body={"strategy":"-android uiautomator","selector":"new UiSelector().textMatches(\"(?is).*\\QEnglish\\E.*...
15:48:37.485532 POST /session/0a9752df-beae-4611-b4a6-0d792c2d3a15/element [7.262052ms] ERR:404 body={"strategy":"-android uiautomator","selector":"new UiSelector().descriptionMatches(\"(?is).*\\QEngli...
15:48:37.492552 POST /session/0a9752df-beae-4611-b4a6-0d792c2d3a15/element [6.939379ms] ERR:404 body={"strategy":"-android uiautomator","selector":"new UiSelector().textContains(\"English\")"}
15:48:37.499235 POST /session/0a9752df-beae-4611-b4a6-0d792c2d3a15/element [6.60931ms] ERR:404 body={"strategy":"-android uiautomator","selector":"new UiSelector().descriptionContains(\"English\")"}
15:48:37.506428 POST /session/0a9752df-beae-4611-b4a6-0d792c2d3a15/element [7.12727ms] ERR:404 body={"strategy":"-android uiautomator","selector":"new UiSelector().textMatches(\"(?is).*\\QEnglish\\E.*...
15:48:37.513418 POST /session/0a9752df-beae-4611-b4a6-0d792c2d3a15/element [6.927374ms] ERR:404 body={"strategy":"-android uiautomator","selector":"new UiSelector().descriptionMatches(\"(?is).*\\QEngli...
15:48:37.520325 POST /session/0a9752df-beae-4611-b4a6-0d792c2d3a15/element [6.830561ms] ERR:404 body={"strategy":"-android uiautomator","selector":"new UiSelector().textContains(\"English\")"}
15:48:37.527850 POST /session/0a9752df-beae-4611-b4a6-0d792c2d3a15/element [7.461728ms] ERR:404 body={"strategy":"-android uiautomator","selector":"new UiSelector().descriptionContains(\"English\")"}
15:48:37.534954 POST /session/0a9752df-beae-4611-b4a6-0d792c2d3a15/element [7.021912ms] ERR:404 body={"strategy":"-android uiautomator","selector":"new UiSelector().textMatches(\"(?is).*\\QEnglish\\E.*...
15:48:37.543403 POST /session/0a9752df-beae-4611-b4a6-0d792c2d3a15/element [8.375074ms] ERR:404 body={"strategy":"-android uiautomator","selector":"new UiSelector().descriptionMatches(\"(?is).*\\QEngli...
15:48:37.554998 POST /session/0a9752df-beae-4611-b4a6-0d792c2d3a15/element [11.522217ms] ERR:404 body={"strategy":"-android uiautomator","selector":"new UiSelector().textContains(\"English\")"}
15:48:37.564134 POST /session/0a9752df-beae-4611-b4a6-0d792c2d3a15/element [9.052529ms] ERR:404 body={"strategy":"-android uiautomator","selector":"new UiSelector().descriptionContains(\"English\")"}
15:48:37.571173 POST /session/0a9752df-beae-4611-b4a6-0d792c2d3a15/element [6.973312ms] ERR:404 body={"strategy":"-android uiautomator","selector":"new UiSelector().textMatches(\"(?is).*\\QEnglish\\E.*...
15:48:37.578243 POST /session/0a9752df-beae-4611-b4a6-0d792c2d3a15/element [6.987624ms] ERR:404 body={"strategy":"-android uiautomator","selector":"new UiSelector().descriptionMatches(\"(?is).*\\QEngli...
15:48:37.585187 POST /session/0a9752df-beae-4611-b4a6-0d792c2d3a15/element [6.883477ms] ERR:404 body={"strategy":"-android uiautomator","selector":"new UiSelector().textContains(\"English\")"}
15:48:37.596143 POST /session/0a9752df-beae-4611-b4a6-0d792c2d3a15/element [10.894385ms] ERR:404 body={"strategy":"-android uiautomator","selector":"new UiSelector().descriptionContains(\"English\")"}
15:48:37.604279 POST /session/0a9752df-beae-4611-b4a6-0d792c2d3a15/element [8.048557ms] ERR:404 body={"strategy":"-android uiautomator","selector":"new UiSelector().textMatches(\"(?is).*\\QEnglish\\E.*...
15:48:37.611644 POST /session/0a9752df-beae-4611-b4a6-0d792c2d3a15/element [7.295375ms] ERR:404 body={"strategy":"-android uiautomator","selector":"new UiSelector().descriptionMatches(\"(?is).*\\QEngli...
15:48:37.619387 POST /session/0a9752df-beae-4611-b4a6-0d792c2d3a15/element [7.661086ms] ERR:404 body={"strategy":"-android uiautomator","selector":"new UiSelector().textContains(\"English\")"}
15:48:37.626695 POST /session/0a9752df-beae-4611-b4a6-0d792c2d3a15/element [7.239592ms] ERR:404 body={"strategy":"-android uiautomator","selector":"new UiSelector().descriptionContains(\"English\")"}
15:48:37.634022 POST /session/0a9752df-beae-4611-b4a6-0d792c2d3a15/element [7.264817ms] ERR:404 body={"strategy":"-android uiautomator","selector":"new UiSelector().textMatches(\"(?is).*\\QEnglish\\E.*...
15:48:37.641508 POST /session/0a9752df-beae-4611-b4a6-0d792c2d3a15/element [7.418781ms] ERR:404 body={"strategy":"-android uiautomator","selector":"new UiSelector().descriptionMatches(\"(?is).*\\QEngli...
15:48:37.649639 POST /session/0a9752df-beae-4611-b4a6-0d792c2d3a15/element [8.036623ms] ERR:404 body={"strategy":"-android uiautomator","selector":"new UiSelector().textContains(\"English\")"}
15:48:37.656957 POST /session/0a9752df-beae-4611-b4a6-0d792c2d3a15/element [7.244541ms] ERR:404 body={"strategy":"-android uiautomator","selector":"new UiSelector().descriptionContains(\"English\")"}
15:48:37.664138 POST /session/0a9752df-beae-4611-b4a6-0d792c2d3a15/element [7.098708ms] ERR:404 body={"strategy":"-android uiautomator","selector":"new UiSelector().textMatches(\"(?is).*\\QEnglish\\E.*...
15:48:37.671304 POST /session/0a9752df-beae-4611-b4a6-0d792c2d3a15/element [7.101313ms] ERR:404 body={"strategy":"-android uiautomator","selector":"new UiSelector().descriptionMatches(\"(?is).*\\QEngli...
15:48:37.678319 POST /session/0a9752df-beae-4611-b4a6-0d792c2d3a15/element [6.928606ms] ERR:404 body={"strategy":"-android uiautomator","selector":"new UiSelector().textContains(\"English\")"}
15:48:37.685347 POST /session/0a9752df-beae-4611-b4a6-0d792c2d3a15/element [6.962659ms] ERR:404 body={"strategy":"-android uiautomator","selector":"new UiSelector().descriptionContains(\"English\")"}
15:48:37.692229 POST /session/0a9752df-beae-4611-b4a6-0d792c2d3a15/element [6.817686ms] ERR:404 body={"strategy":"-android uiautomator","selector":"new UiSelector().textMatches(\"(?is).*\\QEnglish\\E.*...
15:48:37.699295 POST /session/0a9752df-beae-4611-b4a6-0d792c2d3a15/element [7.00387ms] ERR:404 body={"strategy":"-android uiautomator","selector":"new UiSelector().descriptionMatches(\"(?is).*\\QEngli...
15:48:37.710232 POST /session/0a9752df-beae-4611-b4a6-0d792c2d3a15/element [10.856946ms] ERR:404 body={"strategy":"-android uiautomator","selector":"new UiSelector().textContains(\"English\")"}
15:48:37.718909 POST /session/0a9752df-beae-4611-b4a6-0d792c2d3a15/element [8.598721ms] ERR:404 body={"strategy":"-android uiautomator","selector":"new UiSelector().descriptionContains(\"English\")"}
15:48:37.726581 POST /session/0a9752df-beae-4611-b4a6-0d792c2d3a15/element [7.583523ms] ERR:404 body={"strategy":"-android uiautomator","selector":"new UiSelector().textMatches(\"(?is).*\\QEnglish\\E.*...
15:48:37.735740 POST /session/0a9752df-beae-4611-b4a6-0d792c2d3a15/element [9.096352ms] ERR:404 body={"strategy":"-android uiautomator","selector":"new UiSelector().descriptionMatches(\"(?is).*\\QEngli...
15:48:37.744358 POST /session/0a9752df-beae-4611-b4a6-0d792c2d3a15/element [8.566082ms] ERR:404 body={"strategy":"-android uiautomator","selector":"new UiSelector().textContains(\"English\")"}
15:48:37.754448 POST /session/0a9752df-beae-4611-b4a6-0d792c2d3a15/element [10.029192ms] ERR:404 body={"strategy":"-android uiautomator","selector":"new UiSelector().descriptionContains(\"English\")"}
15:48:37.763719 POST /session/0a9752df-beae-4611-b4a6-0d792c2d3a15/element [9.215986ms] ERR:404 body={"strategy":"-android uiautomator","selector":"new UiSelector().textMatches(\"(?is).*\\QEnglish\\E.*...
15:48:37.773601 POST /session/0a9752df-beae-4611-b4a6-0d792c2d3a15/element [9.816021ms] ERR:404 body={"strategy":"-android uiautomator","selector":"new UiSelector().descriptionMatches(\"(?is).*\\QEngli...
15:48:37.781729 POST /session/0a9752df-beae-4611-b4a6-0d792c2d3a15/element [8.037103ms] ERR:404 body={"strategy":"-android uiautomator","selector":"new UiSelector().textContains(\"English\")"}
15:48:37.789926 POST /session/0a9752df-beae-4611-b4a6-0d792c2d3a15/element [8.12857ms] ERR:404 body={"strategy":"-android uiautomator","selector":"new UiSelector().descriptionContains(\"English\")"}
15:48:37.799400 POST /session/0a9752df-beae-4611-b4a6-0d792c2d3a15/element [9.398953ms] ERR:404 body={"strategy":"-android uiautomator","selector":"new UiSelector().textMatches(\"(?is).*\\QEnglish\\E.*...
15:48:37.809150 POST /session/0a9752df-beae-4611-b4a6-0d792c2d3a15/element [9.682033ms] ERR:404 body={"strategy":"-android uiautomator","selector":"new UiSelector().descriptionMatches(\"(?is).*\\QEngli...
15:48:37.817280 POST /session/0a9752df-beae-4611-b4a6-0d792c2d3a15/element [8.050955ms] ERR:404 body={"strategy":"-android uiautomator","selector":"new UiSelector().textContains(\"English\")"}
15:48:37.825132 POST /session/0a9752df-beae-4611-b4a6-0d792c2d3a15/element [7.794672ms] ERR:404 body={"strategy":"-android uiautomator","selector":"new UiSelector().descriptionContains(\"English\")"}
15:48:37.831962 POST /session/0a9752df-beae-4611-b4a6-0d792c2d3a15/element [6.762049ms] ERR:404 body={"strategy":"-android uiautomator","selector":"new UiSelector().textMatches(\"(?is).*\\QEnglish\\E.*...
15:48:37.839157 POST /session/0a9752df-beae-4611-b4a6-0d792c2d3a15/element [7.132389ms] ERR:404 body={"strategy":"-android uiautomator","selector":"new UiSelector().descriptionMatches(\"(?is).*\\QEngli...
15:48:37.845714 POST /session/0a9752df-beae-4611-b4a6-0d792c2d3a15/element [6.4761ms] ERR:404 body={"strategy":"-android uiautomator","selector":"new UiSelector().textContains(\"English\")"}
15:48:37.854678 POST /session/0a9752df-beae-4611-b4a6-0d792c2d3a15/element [8.883044ms] ERR:404 body={"strategy":"-android uiautomator","selector":"new UiSelector().descriptionContains(\"English\")"}
15:48:37.862719 POST /session/0a9752df-beae-4611-b4a6-0d792c2d3a15/element [7.938109ms] ERR:404 body={"strategy":"-android uiautomator","selector":"new UiSelector().textMatches(\"(?is).*\\QEnglish\\E.*...
15:48:37.869873 POST /session/0a9752df-beae-4611-b4a6-0d792c2d3a15/element [7.083503ms] ERR:404 body={"strategy":"-android uiautomator","selector":"new UiSelector().descriptionMatches(\"(?is).*\\QEngli...
15:48:37.877052 POST /session/0a9752df-beae-4611-b4a6-0d792c2d3a15/element [7.107158ms] ERR:404 body={"strategy":"-android uiautomator","selector":"new UiSelector().textContains(\"English\")"}
15:48:37.886961 POST /session/0a9752df-beae-4611-b4a6-0d792c2d3a15/element [9.828237ms] ERR:404 body={"strategy":"-android uiautomator","selector":"new UiSelector().descriptionContains(\"English\")"}
15:48:37.896891 POST /session/0a9752df-beae-4611-b4a6-0d792c2d3a15/element [9.857612ms] ERR:404 body={"strategy":"-android uiautomator","selector":"new UiSelector().textMatches(\"(?is).*\\QEnglish\\E.*...
15:48:37.904043 POST /session/0a9752df-beae-4611-b4a6-0d792c2d3a15/element [7.089811ms] ERR:404 body={"strategy":"-android uiautomator","selector":"new UiSelector().descriptionMatches(\"(?is).*\\QEngli...
15:48:37.910836 POST /session/0a9752df-beae-4611-b4a6-0d792c2d3a15/element [6.718452ms] ERR:404 body={"strategy":"-android uiautomator","selector":"new UiSelector().textContains(\"English\")"}
15:48:37.917704 POST /session/0a9752df-beae-4611-b4a6-0d792c2d3a15/element [6.774199ms] ERR:404 body={"strategy":"-android uiautomator","selector":"new UiSelector().descriptionContains(\"English\")"}
15:48:37.924922 POST /session/0a9752df-beae-4611-b4a6-0d792c2d3a15/element [7.153105ms] ERR:404 body={"strategy":"-android uiautomator","selector":"new UiSelector().textMatches(\"(?is).*\\QEnglish\\E.*...
15:48:37.931662 POST /session/0a9752df-beae-4611-b4a6-0d792c2d3a15/element [6.655145ms] ERR:404 body={"strategy":"-android uiautomator","selector":"new UiSelector().descriptionMatches(\"(?is).*\\QEngli...
15:48:37.938578 POST /session/0a9752df-beae-4611-b4a6-0d792c2d3a15/element [6.843422ms] ERR:404 body={"strategy":"-android uiautomator","selector":"new UiSelector().textContains(\"English\")"}
15:48:37.945616 POST /session/0a9752df-beae-4611-b4a6-0d792c2d3a15/element [6.957046ms] ERR:404 body={"strategy":"-android uiautomator","selector":"new UiSelector().descriptionContains(\"English\")"}
15:48:37.952754 POST /session/0a9752df-beae-4611-b4a6-0d792c2d3a15/element [7.07216ms] ERR:404 body={"strategy":"-android uiautomator","selector":"new UiSelector().textMatches(\"(?is).*\\QEnglish\\E.*...
15:48:37.960770 POST /session/0a9752df-beae-4611-b4a6-0d792c2d3a15/element [7.924331ms] ERR:404 body={"strategy":"-android uiautomator","selector":"new UiSelector().descriptionMatches(\"(?is).*\\QEngli...
15:48:37.968030 POST /session/0a9752df-beae-4611-b4a6-0d792c2d3a15/element [7.183365ms] ERR:404 body={"strategy":"-android uiautomator","selector":"new UiSelector().textContains(\"English\")"}
15:48:37.975014 POST /session/0a9752df-beae-4611-b4a6-0d792c2d3a15/element [6.900694ms] ERR:404 body={"strategy":"-android uiautomator","selector":"new UiSelector().descriptionContains(\"English\")"}
15:48:37.982379 POST /session/0a9752df-beae-4611-b4a6-0d792c2d3a15/element [7.271959ms] ERR:404 body={"strategy":"-android uiautomator","selector":"new UiSelector().textMatches(\"(?is).*\\QEnglish\\E.*...
15:48:37.990407 POST /session/0a9752df-beae-4611-b4a6-0d792c2d3a15/element [7.443746ms] ERR:404 body={"strategy":"-android uiautomator","selector":"new UiSelector().descriptionMatches(\"(?is).*\\QEngli...
15:48:37.997638 POST /session/0a9752df-beae-4611-b4a6-0d792c2d3a15/element [7.157262ms] ERR:404 body={"strategy":"-android uiautomator","selector":"new UiSelector().textContains(\"English\")"}
15:48:38.004869 POST /session/0a9752df-beae-4611-b4a6-0d792c2d3a15/element [7.146041ms] ERR:404 body={"strategy":"-android uiautomator","selector":"new UiSelector().descriptionContains(\"English\")"}
15:48:38.013580 POST /session/0a9752df-beae-4611-b4a6-0d792c2d3a15/element [8.648557ms] ERR:404 body={"strategy":"-android uiautomator","selector":"new UiSelector().textMatches(\"(?is).*\\QEnglish\\E.*...
15:48:38.020631 POST /session/0a9752df-beae-4611-b4a6-0d792c2d3a15/element [6.995468ms] ERR:404 body={"strategy":"-android uiautomator","selector":"new UiSelector().descriptionMatches(\"(?is).*\\QEngli...
15:48:38.027280 POST /session/0a9752df-beae-4611-b4a6-0d792c2d3a15/element [6.586426ms] ERR:404 body={"strategy":"-android uiautomator","selector":"new UiSelector().textContains(\"English\")"}
15:48:38.034215 POST /session/0a9752df-beae-4611-b4a6-0d792c2d3a15/element [6.865283ms] ERR:404 body={"strategy":"-android uiautomator","selector":"new UiSelector().descriptionContains(\"English\")"}
15:48:38.040982 POST /session/0a9752df-beae-4611-b4a6-0d792c2d3a15/element [6.698686ms] ERR:404 body={"strategy":"-android uiautomator","selector":"new UiSelector().textMatches(\"(?is).*\\QEnglish\\E.*...
15:48:38.054185 POST /session/0a9752df-beae-4611-b4a6-0d792c2d3a15/element [13.136118ms] ERR:404 body={"strategy":"-android uiautomator","selector":"new UiSelector().descriptionMatches(\"(?is).*\\QEngli...
15:48:38.062303 POST /session/0a9752df-beae-4611-b4a6-0d792c2d3a15/element [8.045677ms] ERR:404 body={"strategy":"-android uiautomator","selector":"new UiSelector().textContains(\"English\")"}
15:48:38.069906 POST /session/0a9752df-beae-4611-b4a6-0d792c2d3a15/element [7.528994ms] ERR:404 body={"strategy":"-android uiautomator","selector":"new UiSelector().descriptionContains(\"English\")"}
15:48:38.079533 POST /session/0a9752df-beae-4611-b4a6-0d792c2d3a15/element [9.568416ms] ERR:404 body={"strategy":"-android uiautomator","selector":"new UiSelector().textMatches(\"(?is).*\\QEnglish\\E.*...
15:48:38.087600 POST /session/0a9752df-beae-4611-b4a6-0d792c2d3a15/element [8.02302ms] ERR:404 body={"strategy":"-android uiautomator","selector":"new UiSelector().descriptionMatches(\"(?is).*\\QEngli...
15:48:38.096905 POST /session/0a9752df-beae-4611-b4a6-0d792c2d3a15/element [9.227128ms] ERR:404 body={"strategy":"-android uiautomator","selector":"new UiSelector().textContains(\"English\")"}
15:48:38.104693 POST /session/0a9752df-beae-4611-b4a6-0d792c2d3a15/element [7.721304ms] ERR:404 body={"strategy":"-android uiautomator","selector":"new UiSelector().descriptionContains(\"English\")"}
15:48:38.113188 POST /session/0a9752df-beae-4611-b4a6-0d792c2d3a15/element [8.431085ms] ERR:404 body={"strategy":"-android uiautomator","selector":"new UiSelector().textMatches(\"(?is).*\\QEnglish\\E.*...
15:48:38.121324 POST /session/0a9752df-beae-4611-b4a6-0d792c2d3a15/element [8.077902ms] ERR:404 body={"strategy":"-android uiautomator","selector":"new UiSelector().descriptionMatches(\"(?is).*\\QEngli...
15:48:38.130359 POST /session/0a9752df-beae-4611-b4a6-0d792c2d3a15/element [8.970295ms] ERR:404 body={"strategy":"-android uiautomator","selector":"new UiSelector().textContains(\"English\")"}
15:48:38.138655 POST /session/0a9752df-beae-4611-b4a6-0d792c2d3a15/element [8.2533ms] ERR:404 body={"strategy":"-android uiautomator","selector":"new UiSelector().descriptionContains(\"English\")"}
15:48:38.147532 POST /session/0a9752df-beae-4611-b4a6-0d792c2d3a15/element [8.834885ms] ERR:404 body={"strategy":"-android uiautomator","selector":"new UiSelector().textMatches(\"(?is).*\\QEnglish\\E.*...
15:48:38.155241 POST /session/0a9752df-beae-4611-b4a6-0d792c2d3a15/element [7.630479ms] ERR:404 body={"strategy":"-android uiautomator","selector":"new UiSelector().descriptionMatches(\"(?is).*\\QEngli...
15:48:38.163611 POST /session/0a9752df-beae-4611-b4a6-0d792c2d3a15/element [8.303468ms] ERR:404 body={"strategy":"-android uiautomator","selector":"new UiSelector().textContains(\"English\")"}
15:48:38.177467 POST /session/0a9752df-beae-4611-b4a6-0d792c2d3a15/element [13.766463ms] ERR:404 body={"strategy":"-android uiautomator","selector":"new UiSelector().descriptionContains(\"English\")"}
15:48:38.184376 POST /session/0a9752df-beae-4611-b4a6-0d792c2d3a15/element [6.841219ms] ERR:404 body={"strategy":"-android uiautomator","selector":"new UiSelector().textMatches(\"(?is).*\\QEnglish\\E.*...
15:48:38.190738 POST /session/0a9752df-beae-4611-b4a6-0d792c2d3a15/element [6.283885ms] ERR:404 body={"strategy":"-android uiautomator","selector":"new UiSelector().descriptionMatches(\"(?is).*\\QEngli...
15:48:38.199428 POST /session/0a9752df-beae-4611-b4a6-0d792c2d3a15/element [8.605675ms] ERR:404 body={"strategy":"-android uiautomator","selector":"new UiSelector().textContains(\"English\")"}
15:48:38.207491 POST /session/0a9752df-beae-4611-b4a6-0d792c2d3a15/element [7.988118ms] ERR:404 body={"strategy":"-android uiautomator","selector":"new UiSelector().descriptionContains(\"English\")"}
15:48:38.214930 POST /session/0a9752df-beae-4611-b4a6-0d792c2d3a15/element [7.364029ms] ERR:404 body={"strategy":"-android uiautomator","selector":"new UiSelector().textMatches(\"(?is).*\\QEnglish\\E.*...
15:48:38.222905 POST /session/0a9752df-beae-4611-b4a6-0d792c2d3a15/element [7.905574ms] ERR:404 body={"strategy":"-android uiautomator","selector":"new UiSelector().descriptionMatches(\"(?is).*\\QEngli...
15:48:38.229638 POST /session/0a9752df-beae-4611-b4a6-0d792c2d3a15/element [6.653716ms] ERR:404 body={"strategy":"-android uiautomator","selector":"new UiSelector().textContains(\"English\")"}
15:48:38.236327 POST /session/0a9752df-beae-4611-b4a6-0d792c2d3a15/element [6.610966ms] ERR:404 body={"strategy":"-android uiautomator","selector":"new UiSelector().descriptionContains(\"English\")"}
15:48:38.243358 POST /session/0a9752df-beae-4611-b4a6-0d792c2d3a15/element [6.943423ms] ERR:404 body={"strategy":"-android uiautomator","selector":"new UiSelector().textMatches(\"(?is).*\\QEnglish\\E.*...
15:48:38.249963 POST /session/0a9752df-beae-4611-b4a6-0d792c2d3a15/element [6.536186ms] ERR:404 body={"strategy":"-android uiautomator","selector":"new UiSelector().descriptionMatches(\"(?is).*\\QEngli...
15:48:38.256619 POST /session/0a9752df-beae-4611-b4a6-0d792c2d3a15/element [6.577919ms] ERR:404 body={"strategy":"-android uiautomator","selector":"new UiSelector().textContains(\"English\")"}
15:48:38.263572 POST /session/0a9752df-beae-4611-b4a6-0d792c2d3a15/element [6.860709ms] ERR:404 body={"strategy":"-android uiautomator","selector":"new UiSelector().descriptionContains(\"English\")"}
15:48:38.271939 POST /session/0a9752df-beae-4611-b4a6-0d792c2d3a15/element [8.291844ms] ERR:404 body={"strategy":"-android uiautomator","selector":"new UiSelector().textMatches(\"(?is).*\\QEnglish\\E.*...
15:48:38.280656 POST /session/0a9752df-beae-4611-b4a6-0d792c2d3a15/element [8.625242ms] ERR:404 body={"strategy":"-android uiautomator","selector":"new UiSelector().descriptionMatches(\"(?is).*\\QEngli...
15:48:38.287475 POST /session/0a9752df-beae-4611-b4a6-0d792c2d3a15/element [6.741261ms] ERR:404 body={"strategy":"-android uiautomator","selector":"new UiSelector().textContains(\"English\")"}
15:48:38.294539 POST /session/0a9752df-beae-4611-b4a6-0d792c2d3a15/element [6.999111ms] ERR:404 body={"strategy":"-android uiautomator","selector":"new UiSelector().descriptionContains(\"English\")"}
15:48:38.302416 POST /session/0a9752df-beae-4611-b4a6-0d792c2d3a15/element [7.807026ms] ERR:404 body={"strategy":"-android uiautomator","selector":"new UiSelector().textMatches(\"(?is).*\\QEnglish\\E.*...
15:48:38.309139 POST /session/0a9752df-beae-4611-b4a6-0d792c2d3a15/element [6.650398ms] ERR:404 body={"strategy":"-android uiautomator","selector":"new UiSelector().descriptionMatches(\"(?is).*\\QEngli...
15:48:38.315685 POST /session/0a9752df-beae-4611-b4a6-0d792c2d3a15/element [6.463567ms] ERR:404 body={"strategy":"-android uiautomator","selector":"new UiSelector().textContains(\"English\")"}
15:48:38.322298 POST /session/0a9752df-beae-4611-b4a6-0d792c2d3a15/element [6.545389ms] ERR:404 body={"strategy":"-android uiautomator","selector":"new UiSelector().descriptionContains(\"English\")"}
15:48:38.329433 POST /session/0a9752df-beae-4611-b4a6-0d792c2d3a15/element [7.056811ms] ERR:404 body={"strategy":"-android uiautomator","selector":"new UiSelector().textMatches(\"(?is).*\\QEnglish\\E.*...
15:48:38.336185 POST /session/0a9752df-beae-4611-b4a6-0d792c2d3a15/element [6.682381ms] ERR:404 body={"strategy":"-android uiautomator","selector":"new UiSelector().descriptionMatches(\"(?is).*\\QEngli...
15:48:38.344045 POST /session/0a9752df-beae-4611-b4a6-0d792c2d3a15/element [7.798833ms] ERR:404 body={"strategy":"-android uiautomator","selector":"new UiSelector().textContains(\"English\")"}
15:48:38.352028 POST /session/0a9752df-beae-4611-b4a6-0d792c2d3a15/element [7.886375ms] ERR:404 body={"strategy":"-android uiautomator","selector":"new UiSelector().descriptionContains(\"English\")"}
15:48:38.360030 POST /session/0a9752df-beae-4611-b4a6-0d792c2d3a15/element [7.923345ms] ERR:404 body={"strategy":"-android uiautomator","selector":"new UiSelector().textMatches(\"(?is).*\\QEnglish\\E.*...
15:48:38.371645 POST /session/0a9752df-beae-4611-b4a6-0d792c2d3a15/element [11.534842ms] ERR:404 body={"strategy":"-android uiautomator","selector":"new UiSelector().descriptionMatches(\"(?is).*\\QEngli...
15:48:38.379716 POST /session/0a9752df-beae-4611-b4a6-0d792c2d3a15/element [7.974044ms] ERR:404 body={"strategy":"-android uiautomator","selector":"new UiSelector().textContains(\"English\")"}
15:48:38.387721 POST /session/0a9752df-beae-4611-b4a6-0d792c2d3a15/element [7.920969ms] ERR:404 body={"strategy":"-android uiautomator","selector":"new UiSelector().descriptionContains(\"English\")"}
15:48:38.395152 POST /session/0a9752df-beae-4611-b4a6-0d792c2d3a15/element [7.357304ms] ERR:404 body={"strategy":"-android uiautomator","selector":"new UiSelector().textMatches(\"(?is).*\\QEnglish\\E.*...
15:48:38.402782 POST /session/0a9752df-beae-4611-b4a6-0d792c2d3a15/element [7.550834ms] ERR:404 body={"strategy":"-android uiautomator","selector":"new UiSelector().descriptionMatches(\"(?is).*\\QEngli...
15:48:38.409952 POST /session/0a9752df-beae-4611-b4a6-0d792c2d3a15/element [7.092591ms] ERR:404 body={"strategy":"-android uiautomator","selector":"new UiSelector().textContains(\"English\")"}
15:48:38.417498 POST /session/0a9752df-beae-4611-b4a6-0d792c2d3a15/element [7.457022ms] ERR:404 body={"strategy":"-android uiautomator","selector":"new UiSelector().descriptionContains(\"English\")"}
15:48:38.424461 POST /session/0a9752df-beae-4611-b4a6-0d792c2d3a15/element [6.897131ms] ERR:404 body={"strategy":"-android uiautomator","selector":"new UiSelector().textMatches(\"(?is).*\\QEnglish\\E.*...
15:48:38.431235 POST /session/0a9752df-beae-4611-b4a6-0d792c2d3a15/element [6.683129ms] ERR:404 body={"strategy":"-android uiautomator","selector":"new UiSelector().descriptionMatches(\"(?is).*\\QEngli...
15:48:38.439434 POST /session/0a9752df-beae-4611-b4a6-0d792c2d3a15/element [8.129869ms] ERR:404 body={"strategy":"-android uiautomator","selector":"new UiSelector().textContains(\"English\")"}
15:48:38.446354 POST /session/0a9752df-beae-4611-b4a6-0d792c2d3a15/element [6.840269ms] ERR:404 body={"strategy":"-android uiautomator","selector":"new UiSelector().descriptionContains(\"English\")"}
15:48:38.453217 POST /session/0a9752df-beae-4611-b4a6-0d792c2d3a15/element [6.788358ms] ERR:404 body={"strategy":"-android uiautomator","selector":"new UiSelector().textMatches(\"(?is).*\\QEnglish\\E.*...
15:48:38.459611 POST /session/0a9752df-beae-4611-b4a6-0d792c2d3a15/element [6.314177ms] ERR:404 body={"strategy":"-android uiautomator","selector":"new UiSelector().descriptionMatches(\"(?is).*\\QEngli...
15:48:38.466347 POST /session/0a9752df-beae-4611-b4a6-0d792c2d3a15/element [6.666572ms] ERR:404 body={"strategy":"-android uiautomator","selector":"new UiSelector().textContains(\"English\")"}
15:48:38.473586 POST /session/0a9752df-beae-4611-b4a6-0d792c2d3a15/element [7.129741ms] ERR:404 body={"strategy":"-android uiautomator","selector":"new UiSelector().descriptionContains(\"English\")"}
15:48:38.481713 POST /session/0a9752df-beae-4611-b4a6-0d792c2d3a15/element [8.051884ms] ERR:404 body={"strategy":"-android uiautomator","selector":"new UiSelector().textMatches(\"(?is).*\\QEnglish\\E.*...
15:48:38.488765 POST /session/0a9752df-beae-4611-b4a6-0d792c2d3a15/element [6.951916ms] ERR:404 body={"strategy":"-android uiautomator","selector":"new UiSelector().descriptionMatches(\"(?is).*\\QEngli...
15:48:38.495502 POST /session/0a9752df-beae-4611-b4a6-0d792c2d3a15/element [6.667892ms] ERR:404 body={"strategy":"-android uiautomator","selector":"new UiSelector().textContains(\"English\")"}
15:48:38.502247 POST /session/0a9752df-beae-4611-b4a6-0d792c2d3a15/element [6.661629ms] ERR:404 body={"strategy":"-android uiautomator","selector":"new UiSelector().descriptionContains(\"English\")"}
15:48:38.509314 POST /session/0a9752df-beae-4611-b4a6-0d792c2d3a15/element [6.986878ms] ERR:404 body={"strategy":"-android uiautomator","selector":"new UiSelector().textMatches(\"(?is).*\\QEnglish\\E.*...
15:48:38.516335 POST /session/0a9752df-beae-4611-b4a6-0d792c2d3a15/element [6.95232ms] ERR:404 body={"strategy":"-android uiautomator","selector":"new UiSelector().descriptionMatches(\"(?is).*\\QEngli...
15:48:38.523015 POST /session/0a9752df-beae-4611-b4a6-0d792c2d3a15/element [6.596391ms] ERR:404 body={"strategy":"-android uiautomator","selector":"new UiSelector().textContains(\"English\")"}
15:48:38.535891 POST /session/0a9752df-beae-4611-b4a6-0d792c2d3a15/element [12.779609ms] ERR:404 body={"strategy":"-android uiautomator","selector":"new UiSelector().descriptionContains(\"English\")"}
15:48:38.542863 POST /session/0a9752df-beae-4611-b4a6-0d792c2d3a15/element [6.897658ms] ERR:404 body={"strategy":"-android uiautomator","selector":"new UiSelector().textMatches(\"(?is).*\\QEnglish\\E.*...
15:48:38.549308 POST /session/0a9752df-beae-4611-b4a6-0d792c2d3a15/element [6.361942ms] ERR:404 body={"strategy":"-android uiautomator","selector":"new UiSelector().descriptionMatches(\"(?is).*\\QEngli...
15:48:38.557029 POST /session/0a9752df-beae-4611-b4a6-0d792c2d3a15/element [7.64261ms] ERR:404 body={"strategy":"-android uiautomator","selector":"new UiSelector().textContains(\"English\")"}
15:48:38.563812 POST /session/0a9752df-beae-4611-b4a6-0d792c2d3a15/element [6.693016ms] ERR:404 body={"strategy":"-android uiautomator","selector":"new UiSelector().descriptionContains(\"English\")"}
15:48:38.570707 POST /session/0a9752df-beae-4611-b4a6-0d792c2d3a15/element [6.826893ms] ERR:404 body={"strategy":"-android uiautomator","selector":"new UiSelector().textMatches(\"(?is).*\\QEnglish\\E.*...
15:48:38.577730 POST /session/0a9752df-beae-4611-b4a6-0d792c2d3a15/element [6.957007ms] ERR:404 body={"strategy":"-android uiautomator","selector":"new UiSelector().descriptionMatches(\"(?is).*\\QEngli...
15:48:38.585850 POST /session/0a9752df-beae-4611-b4a6-0d792c2d3a15/element [8.026152ms] ERR:404 body={"strategy":"-android uiautomator","selector":"new UiSelector().textContains(\"English\")"}
15:48:38.593243 POST /session/0a9752df-beae-4611-b4a6-0d792c2d3a15/element [7.296083ms] ERR:404 body={"strategy":"-android uiautomator","selector":"new UiSelector().descriptionContains(\"English\")"}
15:48:38.600036 POST /session/0a9752df-beae-4611-b4a6-0d792c2d3a15/element [6.683008ms] ERR:404 body={"strategy":"-android uiautomator","selector":"new UiSelector().textMatches(\"(?is).*\\QEnglish\\E.*...
15:48:38.607304 POST /session/0a9752df-beae-4611-b4a6-0d792c2d3a15/element [7.187992ms] ERR:404 body={"strategy":"-android uiautomator","selector":"new UiSelector().descriptionMatches(\"(?is).*\\QEngli...
15:48:38.616401 POST /session/0a9752df-beae-4611-b4a6-0d792c2d3a15/element [9.016047ms] ERR:404 body={"strategy":"-android uiautomator","selector":"new UiSelector().textContains(\"English\")"}
15:48:38.624544 POST /session/0a9752df-beae-4611-b4a6-0d792c2d3a15/element [8.082199ms] ERR:404 body={"strategy":"-android uiautomator","selector":"new UiSelector().descriptionContains(\"English\")"}
15:48:38.632978 POST /session/0a9752df-beae-4611-b4a6-0d792c2d3a15/element [8.35574ms] ERR:404 body={"strategy":"-android uiautomator","selector":"new UiSelector().textMatches(\"(?is).*\\QEnglish\\E.*...
15:48:38.642143 POST /session/0a9752df-beae-4611-b4a6-0d792c2d3a15/element [9.110239ms] ERR:404 body={"strategy":"-android uiautomator","selector":"new UiSelector().descriptionMatches(\"(?is).*\\QEngli...
15:48:38.650272 POST /session/0a9752df-beae-4611-b4a6-0d792c2d3a15/element [8.030295ms] ERR:404 body={"strategy":"-android uiautomator","selector":"new UiSelector().textContains(\"English\")"}
15:48:38.658117 POST /session/0a9752df-beae-4611-b4a6-0d792c2d3a15/element [7.785301ms] ERR:404 body={"strategy":"-android uiautomator","selector":"new UiSelector().descriptionContains(\"English\")"}
15:48:38.666646 POST /session/0a9752df-beae-4611-b4a6-0d792c2d3a15/element [8.468594ms] ERR:404 body={"strategy":"-android uiautomator","selector":"new UiSelector().textMatches(\"(?is).*\\QEnglish\\E.*...
15:48:38.682308 POST /session/0a9752df-beae-4611-b4a6-0d792c2d3a15/element [15.57445ms] ERR:404 body={"strategy":"-android uiautomator","selector":"new UiSelector().descriptionMatches(\"(?is).*\\QEngli...
15:48:38.690216 POST /session/0a9752df-beae-4611-b4a6-0d792c2d3a15/element [7.82951ms] ERR:404 body={"strategy":"-android uiautomator","selector":"new UiSelector().textContains(\"English\")"}
15:48:38.699874 POST /session/0a9752df-beae-4611-b4a6-0d792c2d3a15/element [9.594429ms] ERR:404 body={"strategy":"-android uiautomator","selector":"new UiSelector().descriptionContains(\"English\")"}
15:48:38.707877 POST /session/0a9752df-beae-4611-b4a6-0d792c2d3a15/element [7.929486ms] ERR:404 body={"strategy":"-android uiautomator","selector":"new UiSelector().textMatches(\"(?is).*\\QEnglish\\E.*...
15:48:38.715963 POST /session/0a9752df-beae-4611-b4a6-0d792c2d3a15/element [8.038972ms] ERR:404 body={"strategy":"-android uiautomator","selector":"new UiSelector().descriptionMatches(\"(?is).*\\QEngli...
15:48:38.722933 POST /session/0a9752df-beae-4611-b4a6-0d792c2d3a15/element [6.903372ms] ERR:404 body={"strategy":"-android uiautomator","selector":"new UiSelector().textContains(\"English\")"}
15:48:38.734134 POST /session/0a9752df-beae-4611-b4a6-0d792c2d3a15/element [11.121715ms] ERR:404 body={"strategy":"-android uiautomator","selector":"new UiSelector().descriptionContains(\"English\")"}
15:48:38.743319 POST /session/0a9752df-beae-4611-b4a6-0d792c2d3a15/element [9.102719ms] ERR:404 body={"strategy":"-android uiautomator","selector":"new UiSelector().textMatches(\"(?is).*\\QEnglish\\E.*...
15:48:38.750656 POST /session/0a9752df-beae-4611-b4a6-0d792c2d3a15/element [7.274033ms] ERR:404 body={"strategy":"-android uiautomator","selector":"new UiSelector().descriptionMatches(\"(?is).*\\QEngli...
15:48:38.759209 POST /session/0a9752df-beae-4611-b4a6-0d792c2d3a15/element [8.471476ms] ERR:404 body={"strategy":"-android uiautomator","selector":"new UiSelector().textContains(\"English\")"}
15:48:38.769033 POST /session/0a9752df-beae-4611-b4a6-0d792c2d3a15/element [9.745839ms] ERR:404 body={"strategy":"-android uiautomator","selector":"new UiSelector().descriptionContains(\"English\")"}
15:48:38.778812 POST /session/0a9752df-beae-4611-b4a6-0d792c2d3a15/element [9.682299ms] ERR:404 body={"strategy":"-android uiautomator","selector":"new UiSelector().textMatches(\"(?is).*\\QEnglish\\E.*...
15:48:38.788589 POST /session/0a9752df-beae-4611-b4a6-0d792c2d3a15/element [9.713952ms] ERR:404 body={"strategy":"-android uiautomator","selector":"new UiSelector().descriptionMatches(\"(?is).*\\QEngli...
15:48:38.798958 POST /session/0a9752df-beae-4611-b4a6-0d792c2d3a15/element [10.301905ms] ERR:404 body={"strategy":"-android uiautomator","selector":"new UiSelector().textContains(\"English\")"}
15:48:38.807999 POST /session/0a9752df-beae-4611-b4a6-0d792c2d3a15/element [8.983325ms] ERR:404 body={"strategy":"-android uiautomator","selector":"new UiSelector().descriptionContains(\"English\")"}
15:48:38.817447 POST /session/0a9752df-beae-4611-b4a6-0d792c2d3a15/element [9.402846ms] ERR:404 body={"strategy":"-android uiautomator","selector":"new UiSelector().textMatches(\"(?is).*\\QEnglish\\E.*...
15:48:38.826491 POST /session/0a9752df-beae-4611-b4a6-0d792c2d3a15/element [8.972548ms] ERR:404 body={"strategy":"-android uiautomator","selector":"new UiSelector().descriptionMatches(\"(?is).*\\QEngli...
15:48:38.835451 POST /session/0a9752df-beae-4611-b4a6-0d792c2d3a15/element [8.905674ms] ERR:404 body={"strategy":"-android uiautomator","selector":"new UiSelector().textContains(\"English\")"}
15:48:38.851167 POST /session/0a9752df-beae-4611-b4a6-0d792c2d3a15/element [15.646969ms] ERR:404 body={"strategy":"-android uiautomator","selector":"new UiSelector().descriptionContains(\"English\")"}
15:48:38.859256 POST /session/0a9752df-beae-4611-b4a6-0d792c2d3a15/element [8.031851ms] ERR:404 body={"strategy":"-android uiautomator","selector":"new UiSelector().textMatches(\"(?is).*\\QEnglish\\E.*...
15:48:38.867889 POST /session/0a9752df-beae-4611-b4a6-0d792c2d3a15/element [8.56325ms] ERR:404 body={"strategy":"-android uiautomator","selector":"new UiSelector().descriptionMatches(\"(?is).*\\QEngli...
15:48:38.874620 POST /session/0a9752df-beae-4611-b4a6-0d792c2d3a15/element [6.659617ms] ERR:404 body={"strategy":"-android uiautomator","selector":"new UiSelector().textContains(\"English\")"}
15:48:38.881244 POST /session/0a9752df-beae-4611-b4a6-0d792c2d3a15/element [6.556771ms] ERR:404 body={"strategy":"-android uiautomator","selector":"new UiSelector().descriptionContains(\"English\")"}
15:48:38.888634 POST /session/0a9752df-beae-4611-b4a6-0d792c2d3a15/element [7.320667ms] ERR:404 body={"strategy":"-android uiautomator","selector":"new UiSelector().textMatches(\"(?is).*\\QEnglish\\E.*...
15:48:38.896390 POST /session/0a9752df-beae-4611-b4a6-0d792c2d3a15/element [7.675219ms] ERR:404 body={"strategy":"-android uiautomator","selector":"new UiSelector().descriptionMatches(\"(?is).*\\QEngli...
15:48:38.904248 POST /session/0a9752df-beae-4611-b4a6-0d792c2d3a15/element [7.784373ms] ERR:404 body={"strategy":"-android uiautomator","selector":"new UiSelector().textContains(\"English\")"}
15:48:38.910902 POST /session/0a9752df-beae-4611-b4a6-0d792c2d3a15/element [6.581466ms] ERR:404 body={"strategy":"-android uiautomator","selector":"new UiSelector().descriptionContains(\"English\")"}
15:48:38.917801 POST /session/0a9752df-beae-4611-b4a6-0d792c2d3a15/element [6.830607ms] ERR:404 body={"strategy":"-android uiautomator","selector":"new UiSelector().textMatches(\"(?is).*\\QEnglish\\E.*...
15:48:38.925638 POST /session/0a9752df-beae-4611-b4a6-0d792c2d3a15/element [7.77335ms] ERR:404 body={"strategy":"-android uiautomator","selector":"new UiSelector().descriptionMatches(\"(?is).*\\QEngli...
15:48:38.932006 POST /session/0a9752df-beae-4611-b4a6-0d792c2d3a15/element [6.295959ms] ERR:404 body={"strategy":"-android uiautomator","selector":"new UiSelector().textContains(\"English\")"}
15:48:38.938841 POST /session/0a9752df-beae-4611-b4a6-0d792c2d3a15/element [6.763889ms] ERR:404 body={"strategy":"-android uiautomator","selector":"new UiSelector().descriptionContains(\"English\")"}
15:48:38.945687 POST /session/0a9752df-beae-4611-b4a6-0d792c2d3a15/element [6.777734ms] ERR:404 body={"strategy":"-android uiautomator","selector":"new UiSelector().textMatches(\"(?is).*\\QEnglish\\E.*...
15:48:38.952540 POST /session/0a9752df-beae-4611-b4a6-0d792c2d3a15/element [6.776698ms] ERR:404 body={"strategy":"-android uiautomator","selector":"new UiSelector().descriptionMatches(\"(?is).*\\QEngli...
15:48:38.959030 POST /session/0a9752df-beae-4611-b4a6-0d792c2d3a15/element [6.418919ms] ERR:404 body={"strategy":"-android uiautomator","selector":"new UiSelector().textContains(\"English\")"}
15:48:38.966245 POST /session/0a9752df-beae-4611-b4a6-0d792c2d3a15/element [7.123563ms] ERR:404 body={"strategy":"-android uiautomator","selector":"new UiSelector().descriptionContains(\"English\")"}
15:48:38.973631 POST /session/0a9752df-beae-4611-b4a6-0d792c2d3a15/element [7.325407ms] ERR:404 body={"strategy":"-android uiautomator","selector":"new UiSelector().textMatches(\"(?is).*\\QEnglish\\E.*...
15:48:38.986821 POST /session/0a9752df-beae-4611-b4a6-0d792c2d3a15/element [13.118763ms] ERR:404 body={"strategy":"-android uiautomator","selector":"new UiSelector().descriptionMatches(\"(?is).*\\QEngli...
15:48:38.993964 POST /session/0a9752df-beae-4611-b4a6-0d792c2d3a15/element [7.058991ms] ERR:404 body={"strategy":"-android uiautomator","selector":"new UiSelector().textContains(\"English\")"}
15:48:39.004689 POST /session/0a9752df-beae-4611-b4a6-0d792c2d3a15/element [10.643841ms] ERR:404 body={"strategy":"-android uiautomator","selector":"new UiSelector().descriptionContains(\"English\")"}
15:48:39.012684 POST /session/0a9752df-beae-4611-b4a6-0d792c2d3a15/element [7.933121ms] ERR:404 body={"strategy":"-android uiautomator","selector":"new UiSelector().textMatches(\"(?is).*\\QEnglish\\E.*...
15:48:39.021773 POST /session/0a9752df-beae-4611-b4a6-0d792c2d3a15/element [9.010849ms] ERR:404 body={"strategy":"-android uiautomator","selector":"new UiSelector().descriptionMatches(\"(?is).*\\QEngli...
15:48:39.029629 POST /session/0a9752df-beae-4611-b4a6-0d792c2d3a15/element [7.777978ms] ERR:404 body={"strategy":"-android uiautomator","selector":"new UiSelector().textContains(\"English\")"}
15:48:39.036331 POST /session/0a9752df-beae-4611-b4a6-0d792c2d3a15/element [6.637842ms] ERR:404 body={"strategy":"-android uiautomator","selector":"new UiSelector().descriptionContains(\"English\")"}
15:48:39.043050 POST /session/0a9752df-beae-4611-b4a6-0d792c2d3a15/element [6.633855ms] ERR:404 body={"strategy":"-android uiautomator","selector":"new UiSelector().textMatches(\"(?is).*\\QEnglish\\E.*...
15:48:39.051683 POST /session/0a9752df-beae-4611-b4a6-0d792c2d3a15/element [8.551958ms] ERR:404 body={"strategy":"-android uiautomator","selector":"new UiSelector().descriptionMatches(\"(?is).*\\QEngli...
15:48:39.059211 POST /session/0a9752df-beae-4611-b4a6-0d792c2d3a15/element [7.459987ms] ERR:404 body={"strategy":"-android uiautomator","selector":"new UiSelector().textContains(\"English\")"}
15:48:39.068124 POST /session/0a9752df-beae-4611-b4a6-0d792c2d3a15/element [8.85671ms] ERR:404 body={"strategy":"-android uiautomator","selector":"new UiSelector().descriptionContains(\"English\")"}
15:48:39.077960 POST /session/0a9752df-beae-4611-b4a6-0d792c2d3a15/element [9.764683ms] ERR:404 body={"strategy":"-android uiautomator","selector":"new UiSelector().textMatches(\"(?is).*\\QEnglish\\E.*...
15:48:39.085879 POST /session/0a9752df-beae-4611-b4a6-0d792c2d3a15/element [7.867252ms] ERR:404 body={"strategy":"-android uiautomator","selector":"new UiSelector().descriptionMatches(\"(?is).*\\QEngli...
15:48:39.093711 POST /session/0a9752df-beae-4611-b4a6-0d792c2d3a15/element [7.752097ms] ERR:404 body={"strategy":"-android uiautomator","selector":"new UiSelector().textContains(\"English\")"}
15:48:39.102463 POST /session/0a9752df-beae-4611-b4a6-0d792c2d3a15/element [8.687895ms] ERR:404 body={"strategy":"-android uiautomator","selector":"new UiSelector().descriptionContains(\"English\")"}
15:48:39.111689 POST /session/0a9752df-beae-4611-b4a6-0d792c2d3a15/element [9.157023ms] ERR:404 body={"strategy":"-android uiautomator","selector":"new UiSelector().textMatches(\"(?is).*\\QEnglish\\E.*...
15:48:39.119762 POST /session/0a9752df-beae-4611-b4a6-0d792c2d3a15/element [7.973813ms] ERR:404 body={"strategy":"-android uiautomator","selector":"new UiSelector().descriptionMatches(\"(?is).*\\QEngli...
15:48:39.127495 POST /session/0a9752df-beae-4611-b4a6-0d792c2d3a15/element [7.686797ms] ERR:404 body={"strategy":"-android uiautomator","selector":"new UiSelector().textContains(\"English\")"}
15:48:39.142332 POST /session/0a9752df-beae-4611-b4a6-0d792c2d3a15/element [14.784794ms] ERR:404 body={"strategy":"-android uiautomator","selector":"new UiSelector().descriptionContains(\"English\")"}
15:48:39.150242 POST /session/0a9752df-beae-4611-b4a6-0d792c2d3a15/element [7.841574ms] ERR:404 body={"strategy":"-android uiautomator","selector":"new UiSelector().textMatches(\"(?is).*\\QEnglish\\E.*...
15:48:39.158286 POST /session/0a9752df-beae-4611-b4a6-0d792c2d3a15/element [7.988904ms] ERR:404 body={"strategy":"-android uiautomator","selector":"new UiSelector().descriptionMatches(\"(?is).*\\QEngli...
15:48:39.165543 POST /session/0a9752df-beae-4611-b4a6-0d792c2d3a15/element [7.189305ms] ERR:404 body={"strategy":"-android uiautomator","selector":"new UiSelector().textContains(\"English\")"}
15:48:39.172370 POST /session/0a9752df-beae-4611-b4a6-0d792c2d3a15/element [6.755027ms] ERR:404 body={"strategy":"-android uiautomator","selector":"new UiSelector().descriptionContains(\"English\")"}
15:48:39.179579 POST /session/0a9752df-beae-4611-b4a6-0d792c2d3a15/element [7.123596ms] ERR:404 body={"strategy":"-android uiautomator","selector":"new UiSelector().textMatches(\"(?is).*\\QEnglish\\E.*...
15:48:39.186358 POST /session/0a9752df-beae-4611-b4a6-0d792c2d3a15/element [6.707362ms] ERR:404 body={"strategy":"-android uiautomator","selector":"new UiSelector().descriptionMatches(\"(?is).*\\QEngli...
15:48:39.194923 POST /session/0a9752df-beae-4611-b4a6-0d792c2d3a15/element [8.483958ms] ERR:404 body={"strategy":"-android uiautomator","selector":"new UiSelector().textContains(\"English\")"}
15:48:39.203853 POST /session/0a9752df-beae-4611-b4a6-0d792c2d3a15/element [8.860202ms] ERR:404 body={"strategy":"-android uiautomator","selector":"new UiSelector().descriptionContains(\"English\")"}
15:48:39.212110 POST /session/0a9752df-beae-4611-b4a6-0d792c2d3a15/element [8.146792ms] ERR:404 body={"strategy":"-android uiautomator","selector":"new UiSelector().textMatches(\"(?is).*\\QEnglish\\E.*...
15:48:39.218830 POST /session/0a9752df-beae-4611-b4a6-0d792c2d3a15/element [6.644012ms] ERR:404 body={"strategy":"-android uiautomator","selector":"new UiSelector().descriptionMatches(\"(?is).*\\QEngli...
15:48:39.225440 POST /session/0a9752df-beae-4611-b4a6-0d792c2d3a15/element [6.525801ms] ERR:404 body={"strategy":"-android uiautomator","selector":"new UiSelector().textContains(\"English\")"}
15:48:39.231704 POST /session/0a9752df-beae-4611-b4a6-0d792c2d3a15/element [6.197038ms] ERR:404 body={"strategy":"-android uiautomator","selector":"new UiSelector().descriptionContains(\"English\")"}
15:48:39.238324 POST /session/0a9752df-beae-4611-b4a6-0d792c2d3a15/element [6.53907ms] ERR:404 body={"strategy":"-android uiautomator","selector":"new UiSelector().textMatches(\"(?is).*\\QEnglish\\E.*...
15:48:39.244933 POST /session/0a9752df-beae-4611-b4a6-0d792c2d3a15/element [6.527647ms] ERR:404 body={"strategy":"-android uiautomator","selector":"new UiSelector().descriptionMatches(\"(?is).*\\QEngli...
15:48:39.253028 POST /session/0a9752df-beae-4611-b4a6-0d792c2d3a15/element [8.030617ms] ERR:404 body={"strategy":"-android uiautomator","selector":"new UiSelector().textContains(\"English\")"}
15:48:39.259670 POST /session/0a9752df-beae-4611-b4a6-0d792c2d3a15/element [6.5598ms] ERR:404 body={"strategy":"-android uiautomator","selector":"new UiSelector().descriptionContains(\"English\")"}
15:48:39.266748 POST /session/0a9752df-beae-4611-b4a6-0d792c2d3a15/element [7.015983ms] ERR:404 body={"strategy":"-android uiautomator","selector":"new UiSelector().textMatches(\"(?is).*\\QEnglish\\E.*...
15:48:39.278142 POST /session/0a9752df-beae-4611-b4a6-0d792c2d3a15/element [11.320345ms] ERR:404 body={"strategy":"-android uiautomator","selector":"new UiSelector().descriptionMatches(\"(?is).*\\QEngli...
15:48:39.284923 POST /session/0a9752df-beae-4611-b4a6-0d792c2d3a15/element [6.71606ms] ERR:404 body={"strategy":"-android uiautomator","selector":"new UiSelector().textContains(\"English\")"}
15:48:39.291832 POST /session/0a9752df-beae-4611-b4a6-0d792c2d3a15/element [6.833778ms] ERR:404 body={"strategy":"-android uiautomator","selector":"new UiSelector().descriptionContains(\"English\")"}
15:48:39.298179 POST /session/0a9752df-beae-4611-b4a6-0d792c2d3a15/element [6.267891ms] ERR:404 body={"strategy":"-android uiautomator","selector":"new UiSelector().textMatches(\"(?is).*\\QEnglish\\E.*...
15:48:39.304827 POST /session/0a9752df-beae-4611-b4a6-0d792c2d3a15/element [6.562983ms] ERR:404 body={"strategy":"-android uiautomator","selector":"new UiSelector().descriptionMatches(\"(?is).*\\QEngli...
15:48:39.314941 POST /session/0a9752df-beae-4611-b4a6-0d792c2d3a15/element [10.027993ms] ERR:404 body={"strategy":"-android uiautomator","selector":"new UiSelector().textContains(\"English\")"}
15:48:39.325009 POST /session/0a9752df-beae-4611-b4a6-0d792c2d3a15/element [9.993298ms] ERR:404 body={"strategy":"-android uiautomator","selector":"new UiSelector().descriptionContains(\"English\")"}
15:48:39.332665 POST /session/0a9752df-beae-4611-b4a6-0d792c2d3a15/element [7.589765ms] ERR:404 body={"strategy":"-android uiautomator","selector":"new UiSelector().textMatches(\"(?is).*\\QEnglish\\E.*...
15:48:39.339741 POST /session/0a9752df-beae-4611-b4a6-0d792c2d3a15/element [7.012383ms] ERR:404 body={"strategy":"-android uiautomator","selector":"new UiSelector().descriptionMatches(\"(?is).*\\QEngli...
15:48:39.346860 POST /session/0a9752df-beae-4611-b4a6-0d792c2d3a15/element [7.046682ms] ERR:404 body={"strategy":"-android uiautomator","selector":"new UiSelector().textContains(\"English\")"}
15:48:39.354296 POST /session/0a9752df-beae-4611-b4a6-0d792c2d3a15/element [7.365089ms] ERR:404 body={"strategy":"-android uiautomator","selector":"new UiSelector().descriptionContains(\"English\")"}
15:48:39.361576 POST /session/0a9752df-beae-4611-b4a6-0d792c2d3a15/element [7.21334ms] ERR:404 body={"strategy":"-android uiautomator","selector":"new UiSelector().textMatches(\"(?is).*\\QEnglish\\E.*...
15:48:39.368922 POST /session/0a9752df-beae-4611-b4a6-0d792c2d3a15/element [7.27686ms] ERR:404 body={"strategy":"-android uiautomator","selector":"new UiSelector().descriptionMatches(\"(?is).*\\QEngli...
15:48:39.444135 GET /session/0a9752df-beae-4611-b4a6-0d792c2d3a15/source [74.309159ms] OK body=
15:48:39.453578 POST /session/0a9752df-beae-4611-b4a6-0d792c2d3a15/element [6.670758ms] ERR:404 body={"strategy":"-android uiautomator","selector":"new UiSelector().textContains(\"Tiếng Anh\")"}
15:48:39.460567 POST /session/0a9752df-beae-4611-b4a6-0d792c2d3a15/element [6.918839ms] ERR:404 body={"strategy":"-android uiautomator","selector":"new UiSelector().descriptionContains(\"Tiếng Anh\")...
15:48:39.468667 POST /session/0a9752df-beae-4611-b4a6-0d792c2d3a15/element [8.007492ms] ERR:404 body={"strategy":"-android uiautomator","selector":"new UiSelector().textMatches(\"(?is).*\\QTiếng Anh\...
15:48:39.476065 POST /session/0a9752df-beae-4611-b4a6-0d792c2d3a15/element [7.298332ms] ERR:404 body={"strategy":"-android uiautomator","selector":"new UiSelector().descriptionMatches(\"(?is).*\\QTiế...
15:48:39.482663 POST /session/0a9752df-beae-4611-b4a6-0d792c2d3a15/element [6.48702ms] ERR:404 body={"strategy":"-android uiautomator","selector":"new UiSelector().textContains(\"Tiếng Anh\")"}
15:48:39.489672 POST /session/0a9752df-beae-4611-b4a6-0d792c2d3a15/element [6.939566ms] ERR:404 body={"strategy":"-android uiautomator","selector":"new UiSelector().descriptionContains(\"Tiếng Anh\")...
15:48:39.498794 POST /session/0a9752df-beae-4611-b4a6-0d792c2d3a15/element [9.039588ms] ERR:404 body={"strategy":"-android uiautomator","selector":"new UiSelector().textMatches(\"(?is).*\\QTiếng Anh\...
15:48:39.506701 POST /session/0a9752df-beae-4611-b4a6-0d792c2d3a15/element [7.794776ms] ERR:404 body={"strategy":"-android uiautomator","selector":"new UiSelector().descriptionMatches(\"(?is).*\\QTiế...
15:48:39.513852 POST /session/0a9752df-beae-4611-b4a6-0d792c2d3a15/element [7.083126ms] ERR:404 body={"strategy":"-android uiautomator","selector":"new UiSelector().textContains(\"Tiếng Anh\")"}
15:48:39.521479 POST /session/0a9752df-beae-4611-b4a6-0d792c2d3a15/element [7.530088ms] ERR:404 body={"strategy":"-android uiautomator","selector":"new UiSelector().descriptionContains(\"Tiếng Anh\")...
15:48:39.529017 POST /session/0a9752df-beae-4611-b4a6-0d792c2d3a15/element [7.458787ms] ERR:404 body={"strategy":"-android uiautomator","selector":"new UiSelector().textMatches(\"(?is).*\\QTiếng Anh\...
15:48:39.535860 POST /session/0a9752df-beae-4611-b4a6-0d792c2d3a15/element [6.771126ms] ERR:404 body={"strategy":"-android uiautomator","selector":"new UiSelector().descriptionMatches(\"(?is).*\\QTiế...
15:48:39.542637 POST /session/0a9752df-beae-4611-b4a6-0d792c2d3a15/element [6.708944ms] ERR:404 body={"strategy":"-android uiautomator","selector":"new UiSelector().textContains(\"Tiếng Anh\")"}
15:48:39.553343 POST /session/0a9752df-beae-4611-b4a6-0d792c2d3a15/element [10.622615ms] ERR:404 body={"strategy":"-android uiautomator","selector":"new UiSelector().descriptionContains(\"Tiếng Anh\")...
15:48:39.561516 POST /session/0a9752df-beae-4611-b4a6-0d792c2d3a15/element [8.109649ms] ERR:404 body={"strategy":"-android uiautomator","selector":"new UiSelector().textMatches(\"(?is).*\\QTiếng Anh\...
15:48:39.569142 POST /session/0a9752df-beae-4611-b4a6-0d792c2d3a15/element [7.553763ms] ERR:404 body={"strategy":"-android uiautomator","selector":"new UiSelector().descriptionMatches(\"(?is).*\\QTiế...
15:48:39.575631 POST /session/0a9752df-beae-4611-b4a6-0d792c2d3a15/element [6.404092ms] ERR:404 body={"strategy":"-android uiautomator","selector":"new UiSelector().textContains(\"Tiếng Anh\")"}
15:48:39.582762 POST /session/0a9752df-beae-4611-b4a6-0d792c2d3a15/element [7.068881ms] ERR:404 body={"strategy":"-android uiautomator","selector":"new UiSelector().descriptionContains(\"Tiếng Anh\")...
15:48:39.589301 POST /session/0a9752df-beae-4611-b4a6-0d792c2d3a15/element [6.463066ms] ERR:404 body={"strategy":"-android uiautomator","selector":"new UiSelector().textMatches(\"(?is).*\\QTiếng Anh\...
15:48:39.596218 POST /session/0a9752df-beae-4611-b4a6-0d792c2d3a15/element [6.849212ms] ERR:404 body={"strategy":"-android uiautomator","selector":"new UiSelector().descriptionMatches(\"(?is).*\\QTiế...
15:48:39.605230 POST /session/0a9752df-beae-4611-b4a6-0d792c2d3a15/element [8.946575ms] ERR:404 body={"strategy":"-android uiautomator","selector":"new UiSelector().textContains(\"Tiếng Anh\")"}
15:48:39.612643 POST /session/0a9752df-beae-4611-b4a6-0d792c2d3a15/element [7.346277ms] ERR:404 body={"strategy":"-android uiautomator","selector":"new UiSelector().descriptionContains(\"Tiếng Anh\")...
15:48:39.622764 POST /session/0a9752df-beae-4611-b4a6-0d792c2d3a15/element [10.063994ms] ERR:404 body={"strategy":"-android uiautomator","selector":"new UiSelector().textMatches(\"(?is).*\\QTiếng Anh\...
15:48:39.631310 POST /session/0a9752df-beae-4611-b4a6-0d792c2d3a15/element [8.470116ms] ERR:404 body={"strategy":"-android uiautomator","selector":"new UiSelector().descriptionMatches(\"(?is).*\\QTiế...
15:48:39.637670 POST /session/0a9752df-beae-4611-b4a6-0d792c2d3a15/element [6.29118ms] ERR:404 body={"strategy":"-android uiautomator","selector":"new UiSelector().textContains(\"Tiếng Anh\")"}
15:48:39.644232 POST /session/0a9752df-beae-4611-b4a6-0d792c2d3a15/element [6.495432ms] ERR:404 body={"strategy":"-android uiautomator","selector":"new UiSelector().descriptionContains(\"Tiếng Anh\")...
15:48:39.650870 POST /session/0a9752df-beae-4611-b4a6-0d792c2d3a15/element [6.571592ms] ERR:404 body={"strategy":"-android uiautomator","selector":"new UiSelector().textMatches(\"(?is).*\\QTiếng Anh\...
15:48:39.659245 POST /session/0a9752df-beae-4611-b4a6-0d792c2d3a15/element [8.310375ms] ERR:404 body={"strategy":"-android uiautomator","selector":"new UiSelector().descriptionMatches(\"(?is).*\\QTiế...
15:48:39.667621 POST /session/0a9752df-beae-4611-b4a6-0d792c2d3a15/element [8.063393ms] ERR:404 body={"strategy":"-android uiautomator","selector":"new UiSelector().textContains(\"Tiếng Anh\")"}
15:48:39.674760 POST /session/0a9752df-beae-4611-b4a6-0d792c2d3a15/element [7.027354ms] ERR:404 body={"strategy":"-android uiautomator","selector":"new UiSelector().descriptionContains(\"Tiếng Anh\")...
15:48:39.681918 POST /session/0a9752df-beae-4611-b4a6-0d792c2d3a15/element [7.052564ms] ERR:404 body={"strategy":"-android uiautomator","selector":"new UiSelector().textMatches(\"(?is).*\\QTiếng Anh\...
15:48:39.688409 POST /session/0a9752df-beae-4611-b4a6-0d792c2d3a15/element [6.410696ms] ERR:404 body={"strategy":"-android uiautomator","selector":"new UiSelector().descriptionMatches(\"(?is).*\\QTiế...
15:48:39.695919 POST /session/0a9752df-beae-4611-b4a6-0d792c2d3a15/element [7.43837ms] ERR:404 body={"strategy":"-android uiautomator","selector":"new UiSelector().textContains(\"Tiếng Anh\")"}
15:48:39.702316 POST /session/0a9752df-beae-4611-b4a6-0d792c2d3a15/element [6.331048ms] ERR:404 body={"strategy":"-android uiautomator","selector":"new UiSelector().descriptionContains(\"Tiếng Anh\")...
15:48:39.709569 POST /session/0a9752df-beae-4611-b4a6-0d792c2d3a15/element [7.172145ms] ERR:404 body={"strategy":"-android uiautomator","selector":"new UiSelector().textMatches(\"(?is).*\\QTiếng Anh\...
15:48:39.716309 POST /session/0a9752df-beae-4611-b4a6-0d792c2d3a15/element [6.679819ms] ERR:404 body={"strategy":"-android uiautomator","selector":"new UiSelector().descriptionMatches(\"(?is).*\\QTiế...
15:48:39.725132 POST /session/0a9752df-beae-4611-b4a6-0d792c2d3a15/element [8.706446ms] ERR:404 body={"strategy":"-android uiautomator","selector":"new UiSelector().textContains(\"Tiếng Anh\")"}
15:48:39.734775 POST /session/0a9752df-beae-4611-b4a6-0d792c2d3a15/element [9.566506ms] ERR:404 body={"strategy":"-android uiautomator","selector":"new UiSelector().descriptionContains(\"Tiếng Anh\")...
15:48:39.741984 POST /session/0a9752df-beae-4611-b4a6-0d792c2d3a15/element [7.141511ms] ERR:404 body={"strategy":"-android uiautomator","selector":"new UiSelector().textMatches(\"(?is).*\\QTiếng Anh\...
15:48:39.748476 POST /session/0a9752df-beae-4611-b4a6-0d792c2d3a15/element [6.428833ms] ERR:404 body={"strategy":"-android uiautomator","selector":"new UiSelector().descriptionMatches(\"(?is).*\\QTiế...
15:48:39.755604 POST /session/0a9752df-beae-4611-b4a6-0d792c2d3a15/element [7.052781ms] ERR:404 body={"strategy":"-android uiautomator","selector":"new UiSelector().textContains(\"Tiếng Anh\")"}
15:48:39.762264 POST /session/0a9752df-beae-4611-b4a6-0d792c2d3a15/element [6.594318ms] ERR:404 body={"strategy":"-android uiautomator","selector":"new UiSelector().descriptionContains(\"Tiếng Anh\")...
15:48:39.768741 POST /session/0a9752df-beae-4611-b4a6-0d792c2d3a15/element [6.412433ms] ERR:404 body={"strategy":"-android uiautomator","selector":"new UiSelector().textMatches(\"(?is).*\\QTiếng Anh\...
15:48:39.775366 POST /session/0a9752df-beae-4611-b4a6-0d792c2d3a15/element [6.54895ms] ERR:404 body={"strategy":"-android uiautomator","selector":"new UiSelector().descriptionMatches(\"(?is).*\\QTiế...
15:48:39.783994 POST /session/0a9752df-beae-4611-b4a6-0d792c2d3a15/element [8.560307ms] ERR:404 body={"strategy":"-android uiautomator","selector":"new UiSelector().textContains(\"Tiếng Anh\")"}
15:48:39.791542 POST /session/0a9752df-beae-4611-b4a6-0d792c2d3a15/element [7.487813ms] ERR:404 body={"strategy":"-android uiautomator","selector":"new UiSelector().descriptionContains(\"Tiếng Anh\")...
15:48:39.799820 POST /session/0a9752df-beae-4611-b4a6-0d792c2d3a15/element [8.226864ms] ERR:404 body={"strategy":"-android uiautomator","selector":"new UiSelector().textMatches(\"(?is).*\\QTiếng Anh\...
15:48:39.807688 POST /session/0a9752df-beae-4611-b4a6-0d792c2d3a15/element [7.81ms] ERR:404 body={"strategy":"-android uiautomator","selector":"new UiSelector().descriptionMatches(\"(?is).*\\QTiế...
15:48:39.815541 POST /session/0a9752df-beae-4611-b4a6-0d792c2d3a15/element [7.810231ms] ERR:404 body={"strategy":"-android uiautomator","selector":"new UiSelector().textContains(\"Tiếng Anh\")"}
15:48:39.823910 POST /session/0a9752df-beae-4611-b4a6-0d792c2d3a15/element [8.282709ms] ERR:404 body={"strategy":"-android uiautomator","selector":"new UiSelector().descriptionContains(\"Tiếng Anh\")...
15:48:39.831879 POST /session/0a9752df-beae-4611-b4a6-0d792c2d3a15/element [7.883011ms] ERR:404 body={"strategy":"-android uiautomator","selector":"new UiSelector().textMatches(\"(?is).*\\QTiếng Anh\...
15:48:39.839033 POST /session/0a9752df-beae-4611-b4a6-0d792c2d3a15/element [7.076373ms] ERR:404 body={"strategy":"-android uiautomator","selector":"new UiSelector().descriptionMatches(\"(?is).*\\QTiế...
15:48:39.847838 POST /session/0a9752df-beae-4611-b4a6-0d792c2d3a15/element [8.743473ms] ERR:404 body={"strategy":"-android uiautomator","selector":"new UiSelector().textContains(\"Tiếng Anh\")"}
15:48:39.855730 POST /session/0a9752df-beae-4611-b4a6-0d792c2d3a15/element [7.840031ms] ERR:404 body={"strategy":"-android uiautomator","selector":"new UiSelector().descriptionContains(\"Tiếng Anh\")...
15:48:39.864428 POST /session/0a9752df-beae-4611-b4a6-0d792c2d3a15/element [8.657765ms] ERR:404 body={"strategy":"-android uiautomator","selector":"new UiSelector().textMatches(\"(?is).*\\QTiếng Anh\...
15:48:39.872049 POST /session/0a9752df-beae-4611-b4a6-0d792c2d3a15/element [7.544968ms] ERR:404 body={"strategy":"-android uiautomator","selector":"new UiSelector().descriptionMatches(\"(?is).*\\QTiế...
15:48:39.885963 POST /session/0a9752df-beae-4611-b4a6-0d792c2d3a15/element [13.829011ms] ERR:404 body={"strategy":"-android uiautomator","selector":"new UiSelector().textContains(\"Tiếng Anh\")"}
15:48:39.892644 POST /session/0a9752df-beae-4611-b4a6-0d792c2d3a15/element [6.615641ms] ERR:404 body={"strategy":"-android uiautomator","selector":"new UiSelector().descriptionContains(\"Tiếng Anh\")...
15:48:39.899334 POST /session/0a9752df-beae-4611-b4a6-0d792c2d3a15/element [6.605374ms] ERR:404 body={"strategy":"-android uiautomator","selector":"new UiSelector().textMatches(\"(?is).*\\QTiếng Anh\...
15:48:39.906104 POST /session/0a9752df-beae-4611-b4a6-0d792c2d3a15/element [6.685692ms] ERR:404 body={"strategy":"-android uiautomator","selector":"new UiSelector().descriptionMatches(\"(?is).*\\QTiế...
15:48:39.912873 POST /session/0a9752df-beae-4611-b4a6-0d792c2d3a15/element [6.700216ms] ERR:404 body={"strategy":"-android uiautomator","selector":"new UiSelector().textContains(\"Tiếng Anh\")"}
15:48:39.921014 POST /session/0a9752df-beae-4611-b4a6-0d792c2d3a15/element [8.068409ms] ERR:404 body={"strategy":"-android uiautomator","selector":"new UiSelector().descriptionContains(\"Tiếng Anh\")...
15:48:39.931120 POST /session/0a9752df-beae-4611-b4a6-0d792c2d3a15/element [10.040905ms] ERR:404 body={"strategy":"-android uiautomator","selector":"new UiSelector().textMatches(\"(?is).*\\QTiếng Anh\...
15:48:39.940030 POST /session/0a9752df-beae-4611-b4a6-0d792c2d3a15/element [8.844951ms] ERR:404 body={"strategy":"-android uiautomator","selector":"new UiSelector().descriptionMatches(\"(?is).*\\QTiế...
15:48:39.947995 POST /session/0a9752df-beae-4611-b4a6-0d792c2d3a15/element [7.916644ms] ERR:404 body={"strategy":"-android uiautomator","selector":"new UiSelector().textContains(\"Tiếng Anh\")"}
15:48:39.966304 POST /session/0a9752df-beae-4611-b4a6-0d792c2d3a15/element [18.268666ms] ERR:404 body={"strategy":"-android uiautomator","selector":"new UiSelector().descriptionContains(\"Tiếng Anh\")...
15:48:39.974815 POST /session/0a9752df-beae-4611-b4a6-0d792c2d3a15/element [8.420445ms] ERR:404 body={"strategy":"-android uiautomator","selector":"new UiSelector().textMatches(\"(?is).*\\QTiếng Anh\...
15:48:39.983713 POST /session/0a9752df-beae-4611-b4a6-0d792c2d3a15/element [8.838328ms] ERR:404 body={"strategy":"-android uiautomator","selector":"new UiSelector().descriptionMatches(\"(?is).*\\QTiế...
15:48:39.992069 POST /session/0a9752df-beae-4611-b4a6-0d792c2d3a15/element [8.304657ms] ERR:404 body={"strategy":"-android uiautomator","selector":"new UiSelector().textContains(\"Tiếng Anh\")"}
15:48:39.998656 POST /session/0a9752df-beae-4611-b4a6-0d792c2d3a15/element [6.502482ms] ERR:404 body={"strategy":"-android uiautomator","selector":"new UiSelector().descriptionContains(\"Tiếng Anh\")...
15:48:40.007093 POST /session/0a9752df-beae-4611-b4a6-0d792c2d3a15/element [8.345057ms] ERR:404 body={"strategy":"-android uiautomator","selector":"new UiSelector().textMatches(\"(?is).*\\QTiếng Anh\...
15:48:40.014517 POST /session/0a9752df-beae-4611-b4a6-0d792c2d3a15/element [7.361889ms] ERR:404 body={"strategy":"-android uiautomator","selector":"new UiSelector().descriptionMatches(\"(?is).*\\QTiế...
15:48:40.021104 POST /session/0a9752df-beae-4611-b4a6-0d792c2d3a15/element [6.520238ms] ERR:404 body={"strategy":"-android uiautomator","selector":"new UiSelector().textContains(\"Tiếng Anh\")"}
15:48:40.027655 POST /session/0a9752df-beae-4611-b4a6-0d792c2d3a15/element [6.478797ms] ERR:404 body={"strategy":"-android uiautomator","selector":"new UiSelector().descriptionContains(\"Tiếng Anh\")...
15:48:40.036123 POST /session/0a9752df-beae-4611-b4a6-0d792c2d3a15/element [8.392948ms] ERR:404 body={"strategy":"-android uiautomator","selector":"new UiSelector().textMatches(\"(?is).*\\QTiếng Anh\...
15:48:40.044933 POST /session/0a9752df-beae-4611-b4a6-0d792c2d3a15/element [8.73861ms] ERR:404 body={"strategy":"-android uiautomator","selector":"new UiSelector().descriptionMatches(\"(?is).*\\QTiế...
15:48:40.051602 POST /session/0a9752df-beae-4611-b4a6-0d792c2d3a15/element [6.600041ms] ERR:404 body={"strategy":"-android uiautomator","selector":"new UiSelector().textContains(\"Tiếng Anh\")"}
15:48:40.057981 POST /session/0a9752df-beae-4611-b4a6-0d792c2d3a15/element [6.302292ms] ERR:404 body={"strategy":"-android uiautomator","selector":"new UiSelector().descriptionContains(\"Tiếng Anh\")...
15:48:40.064901 POST /session/0a9752df-beae-4611-b4a6-0d792c2d3a15/element [6.856198ms] ERR:404 body={"strategy":"-android uiautomator","selector":"new UiSelector().textMatches(\"(?is).*\\QTiếng Anh\...
15:48:40.071442 POST /session/0a9752df-beae-4611-b4a6-0d792c2d3a15/element [6.473976ms] ERR:404 body={"strategy":"-android uiautomator","selector":"new UiSelector().descriptionMatches(\"(?is).*\\QTiế...
15:48:40.077930 POST /session/0a9752df-beae-4611-b4a6-0d792c2d3a15/element [6.400351ms] ERR:404 body={"strategy":"-android uiautomator","selector":"new UiSelector().textContains(\"Tiếng Anh\")"}
15:48:40.084162 POST /session/0a9752df-beae-4611-b4a6-0d792c2d3a15/element [6.177674ms] ERR:404 body={"strategy":"-android uiautomator","selector":"new UiSelector().descriptionContains(\"Tiếng Anh\")...
15:48:40.090611 POST /session/0a9752df-beae-4611-b4a6-0d792c2d3a15/element [6.375915ms] ERR:404 body={"strategy":"-android uiautomator","selector":"new UiSelector().textMatches(\"(?is).*\\QTiếng Anh\...
15:48:40.098226 POST /session/0a9752df-beae-4611-b4a6-0d792c2d3a15/element [7.52952ms] ERR:404 body={"strategy":"-android uiautomator","selector":"new UiSelector().descriptionMatches(\"(?is).*\\QTiế...
15:48:40.104881 POST /session/0a9752df-beae-4611-b4a6-0d792c2d3a15/element [6.55749ms] ERR:404 body={"strategy":"-android uiautomator","selector":"new UiSelector().textContains(\"Tiếng Anh\")"}
15:48:40.111069 POST /session/0a9752df-beae-4611-b4a6-0d792c2d3a15/element [6.122785ms] ERR:404 body={"strategy":"-android uiautomator","selector":"new UiSelector().descriptionContains(\"Tiếng Anh\")...
15:48:40.117774 POST /session/0a9752df-beae-4611-b4a6-0d792c2d3a15/element [6.626713ms] ERR:404 body={"strategy":"-android uiautomator","selector":"new UiSelector().textMatches(\"(?is).*\\QTiếng Anh\...
15:48:40.124913 POST /session/0a9752df-beae-4611-b4a6-0d792c2d3a15/element [7.069088ms] ERR:404 body={"strategy":"-android uiautomator","selector":"new UiSelector().descriptionMatches(\"(?is).*\\QTiế...
15:48:40.131632 POST /session/0a9752df-beae-4611-b4a6-0d792c2d3a15/element [6.650536ms] ERR:404 body={"strategy":"-android uiautomator","selector":"new UiSelector().textContains(\"Tiếng Anh\")"}
15:48:40.138617 POST /session/0a9752df-beae-4611-b4a6-0d792c2d3a15/element [6.903449ms] ERR:404 body={"strategy":"-android uiautomator","selector":"new UiSelector().descriptionContains(\"Tiếng Anh\")...
15:48:40.146488 POST /session/0a9752df-beae-4611-b4a6-0d792c2d3a15/element [7.793125ms] ERR:404 body={"strategy":"-android uiautomator","selector":"new UiSelector().textMatches(\"(?is).*\\QTiếng Anh\...
15:48:40.153402 POST /session/0a9752df-beae-4611-b4a6-0d792c2d3a15/element [6.843073ms] ERR:404 body={"strategy":"-android uiautomator","selector":"new UiSelector().descriptionMatches(\"(?is).*\\QTiế...
15:48:40.159980 POST /session/0a9752df-beae-4611-b4a6-0d792c2d3a15/element [6.485048ms] ERR:404 body={"strategy":"-android uiautomator","selector":"new UiSelector().textContains(\"Tiếng Anh\")"}
15:48:40.168315 POST /session/0a9752df-beae-4611-b4a6-0d792c2d3a15/element [8.246527ms] ERR:404 body={"strategy":"-android uiautomator","selector":"new UiSelector().descriptionContains(\"Tiếng Anh\")...
15:48:40.183183 POST /session/0a9752df-beae-4611-b4a6-0d792c2d3a15/element [14.803856ms] ERR:404 body={"strategy":"-android uiautomator","selector":"new UiSelector().textMatches(\"(?is).*\\QTiếng Anh\...
15:48:40.190931 POST /session/0a9752df-beae-4611-b4a6-0d792c2d3a15/element [7.687601ms] ERR:404 body={"strategy":"-android uiautomator","selector":"new UiSelector().descriptionMatches(\"(?is).*\\QTiế...
15:48:40.197265 POST /session/0a9752df-beae-4611-b4a6-0d792c2d3a15/element [6.247624ms] ERR:404 body={"strategy":"-android uiautomator","selector":"new UiSelector().textContains(\"Tiếng Anh\")"}
15:48:40.203628 POST /session/0a9752df-beae-4611-b4a6-0d792c2d3a15/element [6.282856ms] ERR:404 body={"strategy":"-android uiautomator","selector":"new UiSelector().descriptionContains(\"Tiếng Anh\")...
15:48:40.210993 POST /session/0a9752df-beae-4611-b4a6-0d792c2d3a15/element [7.288524ms] ERR:404 body={"strategy":"-android uiautomator","selector":"new UiSelector().textMatches(\"(?is).*\\QTiếng Anh\...
15:48:40.217815 POST /session/0a9752df-beae-4611-b4a6-0d792c2d3a15/element [6.748824ms] ERR:404 body={"strategy":"-android uiautomator","selector":"new UiSelector().descriptionMatches(\"(?is).*\\QTiế...
15:48:40.224231 POST /session/0a9752df-beae-4611-b4a6-0d792c2d3a15/element [6.313555ms] ERR:404 body={"strategy":"-android uiautomator","selector":"new UiSelector().textContains(\"Tiếng Anh\")"}
15:48:40.232674 POST /session/0a9752df-beae-4611-b4a6-0d792c2d3a15/element [8.373176ms] ERR:404 body={"strategy":"-android uiautomator","selector":"new UiSelector().descriptionContains(\"Tiếng Anh\")...
15:48:40.240774 POST /session/0a9752df-beae-4611-b4a6-0d792c2d3a15/element [8.033242ms] ERR:404 body={"strategy":"-android uiautomator","selector":"new UiSelector().textMatches(\"(?is).*\\QTiếng Anh\...
15:48:40.250217 POST /session/0a9752df-beae-4611-b4a6-0d792c2d3a15/element [9.375806ms] ERR:404 body={"strategy":"-android uiautomator","selector":"new UiSelector().descriptionMatches(\"(?is).*\\QTiế...
15:48:40.258433 POST /session/0a9752df-beae-4611-b4a6-0d792c2d3a15/element [8.145475ms] ERR:404 body={"strategy":"-android uiautomator","selector":"new UiSelector().textContains(\"Tiếng Anh\")"}
15:48:40.266026 POST /session/0a9752df-beae-4611-b4a6-0d792c2d3a15/element [7.524464ms] ERR:404 body={"strategy":"-android uiautomator","selector":"new UiSelector().descriptionContains(\"Tiếng Anh\")...
15:48:40.274353 POST /session/0a9752df-beae-4611-b4a6-0d792c2d3a15/element [8.272223ms] ERR:404 body={"strategy":"-android uiautomator","selector":"new UiSelector().textMatches(\"(?is).*\\QTiếng Anh\...
15:48:40.282278 POST /session/0a9752df-beae-4611-b4a6-0d792c2d3a15/element [7.865532ms] ERR:404 body={"strategy":"-android uiautomator","selector":"new UiSelector().descriptionMatches(\"(?is).*\\QTiế...
15:48:40.289703 POST /session/0a9752df-beae-4611-b4a6-0d792c2d3a15/element [7.374889ms] ERR:404 body={"strategy":"-android uiautomator","selector":"new UiSelector().textContains(\"Tiếng Anh\")"}
15:48:40.295867 POST /session/0a9752df-beae-4611-b4a6-0d792c2d3a15/element [6.098985ms] ERR:404 body={"strategy":"-android uiautomator","selector":"new UiSelector().descriptionContains(\"Tiếng Anh\")...
15:48:40.302361 POST /session/0a9752df-beae-4611-b4a6-0d792c2d3a15/element [6.425074ms] ERR:404 body={"strategy":"-android uiautomator","selector":"new UiSelector().textMatches(\"(?is).*\\QTiếng Anh\...
15:48:40.313708 POST /session/0a9752df-beae-4611-b4a6-0d792c2d3a15/element [11.283612ms] ERR:404 body={"strategy":"-android uiautomator","selector":"new UiSelector().descriptionMatches(\"(?is).*\\QTiế...
15:48:40.320973 POST /session/0a9752df-beae-4611-b4a6-0d792c2d3a15/element [7.19731ms] ERR:404 body={"strategy":"-android uiautomator","selector":"new UiSelector().textContains(\"Tiếng Anh\")"}
15:48:40.328198 POST /session/0a9752df-beae-4611-b4a6-0d792c2d3a15/element [7.159254ms] ERR:404 body={"strategy":"-android uiautomator","selector":"new UiSelector().descriptionContains(\"Tiếng Anh\")...
15:48:40.335743 POST /session/0a9752df-beae-4611-b4a6-0d792c2d3a15/element [7.482777ms] ERR:404 body={"strategy":"-android uiautomator","selector":"new UiSelector().textMatches(\"(?is).*\\QTiếng Anh\...
15:48:40.342203 POST /session/0a9752df-beae-4611-b4a6-0d792c2d3a15/element [6.383586ms] ERR:404 body={"strategy":"-android uiautomator","selector":"new UiSelector().descriptionMatches(\"(?is).*\\QTiế...
15:48:40.349593 POST /session/0a9752df-beae-4611-b4a6-0d792c2d3a15/element [7.325071ms] ERR:404 body={"strategy":"-android uiautomator","selector":"new UiSelector().textContains(\"Tiếng Anh\")"}
15:48:40.357026 POST /session/0a9752df-beae-4611-b4a6-0d792c2d3a15/element [7.350313ms] ERR:404 body={"strategy":"-android uiautomator","selector":"new UiSelector().descriptionContains(\"Tiếng Anh\")...
15:48:40.363850 POST /session/0a9752df-beae-4611-b4a6-0d792c2d3a15/element [6.740417ms] ERR:404 body={"strategy":"-android uiautomator","selector":"new UiSelector().textMatches(\"(?is).*\\QTiếng Anh\...
15:48:40.371680 POST /session/0a9752df-beae-4611-b4a6-0d792c2d3a15/element [7.753278ms] ERR:404 body={"strategy":"-android uiautomator","selector":"new UiSelector().descriptionMatches(\"(?is).*\\QTiế...
15:48:40.378022 POST /session/0a9752df-beae-4611-b4a6-0d792c2d3a15/element [6.277395ms] ERR:404 body={"strategy":"-android uiautomator","selector":"new UiSelector().textContains(\"Tiếng Anh\")"}
15:48:40.385172 POST /session/0a9752df-beae-4611-b4a6-0d792c2d3a15/element [7.062431ms] ERR:404 body={"strategy":"-android uiautomator","selector":"new UiSelector().descriptionContains(\"Tiếng Anh\")...
15:48:40.391828 POST /session/0a9752df-beae-4611-b4a6-0d792c2d3a15/element [6.58636ms] ERR:404 body={"strategy":"-android uiautomator","selector":"new UiSelector().textMatches(\"(?is).*\\QTiếng Anh\...
15:48:40.398237 POST /session/0a9752df-beae-4611-b4a6-0d792c2d3a15/element [6.341357ms] ERR:404 body={"strategy":"-android uiautomator","selector":"new UiSelector().descriptionMatches(\"(?is).*\\QTiế...
15:48:40.405465 POST /session/0a9752df-beae-4611-b4a6-0d792c2d3a15/element [7.147861ms] ERR:404 body={"strategy":"-android uiautomator","selector":"new UiSelector().textContains(\"Tiếng Anh\")"}
15:48:40.412555 POST /session/0a9752df-beae-4611-b4a6-0d792c2d3a15/element [7.009423ms] ERR:404 body={"strategy":"-android uiautomator","selector":"new UiSelector().descriptionContains(\"Tiếng Anh\")...
15:48:40.421533 POST /session/0a9752df-beae-4611-b4a6-0d792c2d3a15/element [8.904911ms] ERR:404 body={"strategy":"-android uiautomator","selector":"new UiSelector().textMatches(\"(?is).*\\QTiếng Anh\...
15:48:40.428765 POST /session/0a9752df-beae-4611-b4a6-0d792c2d3a15/element [7.14961ms] ERR:404 body={"strategy":"-android uiautomator","selector":"new UiSelector().descriptionMatches(\"(?is).*\\QTiế...
15:48:40.436000 POST /session/0a9752df-beae-4611-b4a6-0d792c2d3a15/element [7.158875ms] ERR:404 body={"strategy":"-android uiautomator","selector":"new UiSelector().textContains(\"Tiếng Anh\")"}
15:48:40.444748 POST /session/0a9752df-beae-4611-b4a6-0d792c2d3a15/element [8.667989ms] ERR:404 body={"strategy":"-android uiautomator","selector":"new UiSelector().descriptionContains(\"Tiếng Anh\")...
15:48:40.453356 POST /session/0a9752df-beae-4611-b4a6-0d792c2d3a15/element [8.522741ms] ERR:404 body={"strategy":"-android uiautomator","selector":"new UiSelector().textMatches(\"(?is).*\\QTiếng Anh\...
15:48:40.468604 POST /session/0a9752df-beae-4611-b4a6-0d792c2d3a15/element [15.17326ms] ERR:404 body={"strategy":"-android uiautomator","selector":"new UiSelector().descriptionMatches(\"(?is).*\\QTiế...
15:48:40.476300 POST /session/0a9752df-beae-4611-b4a6-0d792c2d3a15/element [7.638111ms] ERR:404 body={"strategy":"-android uiautomator","selector":"new UiSelector().textContains(\"Tiếng Anh\")"}
15:48:40.483876 POST /session/0a9752df-beae-4611-b4a6-0d792c2d3a15/element [7.514843ms] ERR:404 body={"strategy":"-android uiautomator","selector":"new UiSelector().descriptionContains(\"Tiếng Anh\")...
15:48:40.494665 POST /session/0a9752df-beae-4611-b4a6-0d792c2d3a15/element [10.710109ms] ERR:404 body={"strategy":"-android uiautomator","selector":"new UiSelector().textMatches(\"(?is).*\\QTiếng Anh\...
15:48:40.502001 POST /session/0a9752df-beae-4611-b4a6-0d792c2d3a15/element [7.273393ms] ERR:404 body={"strategy":"-android uiautomator","selector":"new UiSelector().descriptionMatches(\"(?is).*\\QTiế...
15:48:40.509022 POST /session/0a9752df-beae-4611-b4a6-0d792c2d3a15/element [6.939855ms] ERR:404 body={"strategy":"-android uiautomator","selector":"new UiSelector().textContains(\"Tiếng Anh\")"}
15:48:40.516689 POST /session/0a9752df-beae-4611-b4a6-0d792c2d3a15/element [7.585573ms] ERR:404 body={"strategy":"-android uiautomator","selector":"new UiSelector().descriptionContains(\"Tiếng Anh\")...
15:48:40.524244 POST /session/0a9752df-beae-4611-b4a6-0d792c2d3a15/element [7.483012ms] ERR:404 body={"strategy":"-android uiautomator","selector":"new UiSelector().textMatches(\"(?is).*\\QTiếng Anh\...
15:48:40.531333 POST /session/0a9752df-beae-4611-b4a6-0d792c2d3a15/element [7.014738ms] ERR:404 body={"strategy":"-android uiautomator","selector":"new UiSelector().descriptionMatches(\"(?is).*\\QTiế...
15:48:40.537738 POST /session/0a9752df-beae-4611-b4a6-0d792c2d3a15/element [6.339678ms] ERR:404 body={"strategy":"-android uiautomator","selector":"new UiSelector().textContains(\"Tiếng Anh\")"}
15:48:40.544214 POST /session/0a9752df-beae-4611-b4a6-0d792c2d3a15/element [6.402805ms] ERR:404 body={"strategy":"-android uiautomator","selector":"new UiSelector().descriptionContains(\"Tiếng Anh\")...
15:48:40.551054 POST /session/0a9752df-beae-4611-b4a6-0d792c2d3a15/element [6.775937ms] ERR:404 body={"strategy":"-android uiautomator","selector":"new UiSelector().textMatches(\"(?is).*\\QTiếng Anh\...
15:48:40.558907 POST /session/0a9752df-beae-4611-b4a6-0d792c2d3a15/element [7.766708ms] ERR:404 body={"strategy":"-android uiautomator","selector":"new UiSelector().descriptionMatches(\"(?is).*\\QTiế...
15:48:40.566283 POST /session/0a9752df-beae-4611-b4a6-0d792c2d3a15/element [7.287912ms] ERR:404 body={"strategy":"-android uiautomator","selector":"new UiSelector().textContains(\"Tiếng Anh\")"}
15:48:40.572675 POST /session/0a9752df-beae-4611-b4a6-0d792c2d3a15/element [6.329096ms] ERR:404 body={"strategy":"-android uiautomator","selector":"new UiSelector().descriptionContains(\"Tiếng Anh\")...
15:48:40.579185 POST /session/0a9752df-beae-4611-b4a6-0d792c2d3a15/element [6.427357ms] ERR:404 body={"strategy":"-android uiautomator","selector":"new UiSelector().textMatches(\"(?is).*\\QTiếng Anh\...
15:48:40.587693 POST /session/0a9752df-beae-4611-b4a6-0d792c2d3a15/element [8.444568ms] ERR:404 body={"strategy":"-android uiautomator","selector":"new UiSelector().descriptionMatches(\"(?is).*\\QTiế...
15:48:40.594174 POST /session/0a9752df-beae-4611-b4a6-0d792c2d3a15/element [6.408952ms] ERR:404 body={"strategy":"-android uiautomator","selector":"new UiSelector().textContains(\"Tiếng Anh\")"}
15:48:40.606661 POST /session/0a9752df-beae-4611-b4a6-0d792c2d3a15/element [12.403044ms] ERR:404 body={"strategy":"-android uiautomator","selector":"new UiSelector().descriptionContains(\"Tiếng Anh\")...
15:48:40.613639 POST /session/0a9752df-beae-4611-b4a6-0d792c2d3a15/element [6.922212ms] ERR:404 body={"strategy":"-android uiautomator","selector":"new UiSelector().textMatches(\"(?is).*\\QTiếng Anh\...
15:48:40.620054 POST /session/0a9752df-beae-4611-b4a6-0d792c2d3a15/element [6.347071ms] ERR:404 body={"strategy":"-android uiautomator","selector":"new UiSelector().descriptionMatches(\"(?is).*\\QTiế...
15:48:40.626546 POST /session/0a9752df-beae-4611-b4a6-0d792c2d3a15/element [6.40889ms] ERR:404 body={"strategy":"-android uiautomator","selector":"new UiSelector().textContains(\"Tiếng Anh\")"}
15:48:40.633251 POST /session/0a9752df-beae-4611-b4a6-0d792c2d3a15/element [6.618695ms] ERR:404 body={"strategy":"-android uiautomator","selector":"new UiSelector().descriptionContains(\"Tiếng Anh\")...
15:48:40.640048 POST /session/0a9752df-beae-4611-b4a6-0d792c2d3a15/element [6.731905ms] ERR:404 body={"strategy":"-android uiautomator","selector":"new UiSelector().textMatches(\"(?is).*\\QTiếng Anh\...
15:48:40.647301 POST /session/0a9752df-beae-4611-b4a6-0d792c2d3a15/element [7.174166ms] ERR:404 body={"strategy":"-android uiautomator","selector":"new UiSelector().descriptionMatches(\"(?is).*\\QTiế...
15:48:40.654043 POST /session/0a9752df-beae-4611-b4a6-0d792c2d3a15/element [6.676352ms] ERR:404 body={"strategy":"-android uiautomator","selector":"new UiSelector().textContains(\"Tiếng Anh\")"}
15:48:40.661695 POST /session/0a9752df-beae-4611-b4a6-0d792c2d3a15/element [7.567585ms] ERR:404 body={"strategy":"-android uiautomator","selector":"new UiSelector().descriptionContains(\"Tiếng Anh\")...
15:48:40.669673 POST /session/0a9752df-beae-4611-b4a6-0d792c2d3a15/element [7.900858ms] ERR:404 body={"strategy":"-android uiautomator","selector":"new UiSelector().textMatches(\"(?is).*\\QTiếng Anh\...
15:48:40.676254 POST /session/0a9752df-beae-4611-b4a6-0d792c2d3a15/element [6.506266ms] ERR:404 body={"strategy":"-android uiautomator","selector":"new UiSelector().descriptionMatches(\"(?is).*\\QTiế...
15:48:40.682800 POST /session/0a9752df-beae-4611-b4a6-0d792c2d3a15/element [6.468884ms] ERR:404 body={"strategy":"-android uiautomator","selector":"new UiSelector().textContains(\"Tiếng Anh\")"}
15:48:40.689562 POST /session/0a9752df-beae-4611-b4a6-0d792c2d3a15/element [6.665743ms] ERR:404 body={"strategy":"-android uiautomator","selector":"new UiSelector().descriptionContains(\"Tiếng Anh\")...
15:48:40.698259 POST /session/0a9752df-beae-4611-b4a6-0d792c2d3a15/element [8.635835ms] ERR:404 body={"strategy":"-android uiautomator","selector":"new UiSelector().textMatches(\"(?is).*\\QTiếng Anh\...
15:48:40.705949 POST /session/0a9752df-beae-4611-b4a6-0d792c2d3a15/element [7.62825ms] ERR:404 body={"strategy":"-android uiautomator","selector":"new UiSelector().descriptionMatches(\"(?is).*\\QTiế...
15:48:40.713788 POST /session/0a9752df-beae-4611-b4a6-0d792c2d3a15/element [7.781595ms] ERR:404 body={"strategy":"-android uiautomator","selector":"new UiSelector().textContains(\"Tiếng Anh\")"}
15:48:40.721393 POST /session/0a9752df-beae-4611-b4a6-0d792c2d3a15/element [7.534296ms] ERR:404 body={"strategy":"-android uiautomator","selector":"new UiSelector().descriptionContains(\"Tiếng Anh\")...
15:48:40.727958 POST /session/0a9752df-beae-4611-b4a6-0d792c2d3a15/element [6.47967ms] ERR:404 body={"strategy":"-android uiautomator","selector":"new UiSelector().textMatches(\"(?is).*\\QTiếng Anh\...
15:48:40.737801 POST /session/0a9752df-beae-4611-b4a6-0d792c2d3a15/element [9.758439ms] ERR:404 body={"strategy":"-android uiautomator","selector":"new UiSelector().descriptionMatches(\"(?is).*\\QTiế...
15:48:40.746014 POST /session/0a9752df-beae-4611-b4a6-0d792c2d3a15/element [8.148649ms] ERR:404 body={"strategy":"-android uiautomator","selector":"new UiSelector().textContains(\"Tiếng Anh\")"}
15:48:40.755585 POST /session/0a9752df-beae-4611-b4a6-0d792c2d3a15/element [9.465934ms] ERR:404 body={"strategy":"-android uiautomator","selector":"new UiSelector().descriptionContains(\"Tiếng Anh\")...
15:48:40.765326 POST /session/0a9752df-beae-4611-b4a6-0d792c2d3a15/element [9.659307ms] ERR:404 body={"strategy":"-android uiautomator","selector":"new UiSelector().textMatches(\"(?is).*\\QTiếng Anh\...
15:48:40.774933 POST /session/0a9752df-beae-4611-b4a6-0d792c2d3a15/element [9.537219ms] ERR:404 body={"strategy":"-android uiautomator","selector":"new UiSelector().descriptionMatches(\"(?is).*\\QTiế...
15:48:40.782692 POST /session/0a9752df-beae-4611-b4a6-0d792c2d3a15/element [7.688763ms] ERR:404 body={"strategy":"-android uiautomator","selector":"new UiSelector().textContains(\"Tiếng Anh\")"}
15:48:40.789499 POST /session/0a9752df-beae-4611-b4a6-0d792c2d3a15/element [6.743779ms] ERR:404 body={"strategy":"-android uiautomator","selector":"new UiSelector().descriptionContains(\"Tiếng Anh\")...
15:48:40.796140 POST /session/0a9752df-beae-4611-b4a6-0d792c2d3a15/element [6.575773ms] ERR:404 body={"strategy":"-android uiautomator","selector":"new UiSelector().textMatches(\"(?is).*\\QTiếng Anh\...
15:48:40.805028 POST /session/0a9752df-beae-4611-b4a6-0d792c2d3a15/element [8.789395ms] ERR:404 body={"strategy":"-android uiautomator","selector":"new UiSelector().descriptionMatches(\"(?is).*\\QTiế...
15:48:40.813122 POST /session/0a9752df-beae-4611-b4a6-0d792c2d3a15/element [8.010525ms] ERR:404 body={"strategy":"-android uiautomator","selector":"new UiSelector().textContains(\"Tiếng Anh\")"}
15:48:40.820400 POST /session/0a9752df-beae-4611-b4a6-0d792c2d3a15/element [7.218927ms] ERR:404 body={"strategy":"-android uiautomator","selector":"new UiSelector().descriptionContains(\"Tiếng Anh\")...
15:48:40.827088 POST /session/0a9752df-beae-4611-b4a6-0d792c2d3a15/element [6.622832ms] ERR:404 body={"strategy":"-android uiautomator","selector":"new UiSelector().textMatches(\"(?is).*\\QTiếng Anh\...
15:48:40.835435 POST /session/0a9752df-beae-4611-b4a6-0d792c2d3a15/element [8.21696ms] ERR:404 body={"strategy":"-android uiautomator","selector":"new UiSelector().descriptionMatches(\"(?is).*\\QTiế...
15:48:40.843622 POST /session/0a9752df-beae-4611-b4a6-0d792c2d3a15/element [8.108147ms] ERR:404 body={"strategy":"-android uiautomator","selector":"new UiSelector().textContains(\"Tiếng Anh\")"}
15:48:40.851213 POST /session/0a9752df-beae-4611-b4a6-0d792c2d3a15/element [7.514381ms] ERR:404 body={"strategy":"-android uiautomator","selector":"new UiSelector().descriptionContains(\"Tiếng Anh\")...
15:48:40.859272 POST /session/0a9752df-beae-4611-b4a6-0d792c2d3a15/element [8.004813ms] ERR:404 body={"strategy":"-android uiautomator","selector":"new UiSelector().textMatches(\"(?is).*\\QTiếng Anh\...
15:48:40.867246 POST /session/0a9752df-beae-4611-b4a6-0d792c2d3a15/element [7.919857ms] ERR:404 body={"strategy":"-android uiautomator","selector":"new UiSelector().descriptionMatches(\"(?is).*\\QTiế...
15:48:40.877204 POST /session/0a9752df-beae-4611-b4a6-0d792c2d3a15/element [9.904618ms] ERR:404 body={"strategy":"-android uiautomator","selector":"new UiSelector().textContains(\"Tiếng Anh\")"}
15:48:40.884620 POST /session/0a9752df-beae-4611-b4a6-0d792c2d3a15/element [7.333182ms] ERR:404 body={"strategy":"-android uiautomator","selector":"new UiSelector().descriptionContains(\"Tiếng Anh\")...
15:48:40.892246 POST /session/0a9752df-beae-4611-b4a6-0d792c2d3a15/element [7.561369ms] ERR:404 body={"strategy":"-android uiautomator","selector":"new UiSelector().textMatches(\"(?is).*\\QTiếng Anh\...
15:48:40.905290 POST /session/0a9752df-beae-4611-b4a6-0d792c2d3a15/element [12.987331ms] ERR:404 body={"strategy":"-android uiautomator","selector":"new UiSelector().descriptionMatches(\"(?is).*\\QTiế...
15:48:40.914484 POST /session/0a9752df-beae-4611-b4a6-0d792c2d3a15/element [9.13139ms] ERR:404 body={"strategy":"-android uiautomator","selector":"new UiSelector().textContains(\"Tiếng Anh\")"}
15:48:40.922284 POST /session/0a9752df-beae-4611-b4a6-0d792c2d3a15/element [7.741982ms] ERR:404 body={"strategy":"-android uiautomator","selector":"new UiSelector().descriptionContains(\"Tiếng Anh\")...
15:48:40.929835 POST /session/0a9752df-beae-4611-b4a6-0d792c2d3a15/element [7.496745ms] ERR:404 body={"strategy":"-android uiautomator","selector":"new UiSelector().textMatches(\"(?is).*\\QTiếng Anh\...
15:48:40.938890 POST /session/0a9752df-beae-4611-b4a6-0d792c2d3a15/element [8.999486ms] ERR:404 body={"strategy":"-android uiautomator","selector":"new UiSelector().descriptionMatches(\"(?is).*\\QTiế...
15:48:40.946826 POST /session/0a9752df-beae-4611-b4a6-0d792c2d3a15/element [7.869729ms] ERR:404 body={"strategy":"-android uiautomator","selector":"new UiSelector().textContains(\"Tiếng Anh\")"}
15:48:40.954803 POST /session/0a9752df-beae-4611-b4a6-0d792c2d3a15/element [7.933089ms] ERR:404 body={"strategy":"-android uiautomator","selector":"new UiSelector().descriptionContains(\"Tiếng Anh\")...
15:48:40.962873 POST /session/0a9752df-beae-4611-b4a6-0d792c2d3a15/element [8.03281ms] ERR:404 body={"strategy":"-android uiautomator","selector":"new UiSelector().textMatches(\"(?is).*\\QTiếng Anh\...
15:48:40.972408 POST /session/0a9752df-beae-4611-b4a6-0d792c2d3a15/element [9.474442ms] ERR:404 body={"strategy":"-android uiautomator","selector":"new UiSelector().descriptionMatches(\"(?is).*\\QTiế...
15:48:40.980335 POST /session/0a9752df-beae-4611-b4a6-0d792c2d3a15/element [7.849578ms] ERR:404 body={"strategy":"-android uiautomator","selector":"new UiSelector().textContains(\"Tiếng Anh\")"}
15:48:40.987056 POST /session/0a9752df-beae-4611-b4a6-0d792c2d3a15/element [6.649197ms] ERR:404 body={"strategy":"-android uiautomator","selector":"new UiSelector().descriptionContains(\"Tiếng Anh\")...
15:48:40.993774 POST /session/0a9752df-beae-4611-b4a6-0d792c2d3a15/element [6.642489ms] ERR:404 body={"strategy":"-android uiautomator","selector":"new UiSelector().textMatches(\"(?is).*\\QTiếng Anh\...
15:48:41.000092 POST /session/0a9752df-beae-4611-b4a6-0d792c2d3a15/element [6.241631ms] ERR:404 body={"strategy":"-android uiautomator","selector":"new UiSelector().descriptionMatches(\"(?is).*\\QTiế...
15:48:41.006650 POST /session/0a9752df-beae-4611-b4a6-0d792c2d3a15/element [6.493473ms] ERR:404 body={"strategy":"-android uiautomator","selector":"new UiSelector().textContains(\"Tiếng Anh\")"}
15:48:41.012873 POST /session/0a9752df-beae-4611-b4a6-0d792c2d3a15/element [6.151748ms] ERR:404 body={"strategy":"-android uiautomator","selector":"new UiSelector().descriptionContains(\"Tiếng Anh\")...
15:48:41.018784 POST /session/0a9752df-beae-4611-b4a6-0d792c2d3a15/element [5.832989ms] ERR:404 body={"strategy":"-android uiautomator","selector":"new UiSelector().textMatches(\"(?is).*\\QTiếng Anh\...
15:48:41.025169 POST /session/0a9752df-beae-4611-b4a6-0d792c2d3a15/element [6.316724ms] ERR:404 body={"strategy":"-android uiautomator","selector":"new UiSelector().descriptionMatches(\"(?is).*\\QTiế...
15:48:41.031641 POST /session/0a9752df-beae-4611-b4a6-0d792c2d3a15/element [6.405218ms] ERR:404 body={"strategy":"-android uiautomator","selector":"new UiSelector().textContains(\"Tiếng Anh\")"}
15:48:41.041713 POST /session/0a9752df-beae-4611-b4a6-0d792c2d3a15/element [9.991155ms] ERR:404 body={"strategy":"-android uiautomator","selector":"new UiSelector().descriptionContains(\"Tiếng Anh\")...
15:48:41.053190 POST /session/0a9752df-beae-4611-b4a6-0d792c2d3a15/element [11.410224ms] ERR:404 body={"strategy":"-android uiautomator","selector":"new UiSelector().textMatches(\"(?is).*\\QTiếng Anh\...
15:48:41.060580 POST /session/0a9752df-beae-4611-b4a6-0d792c2d3a15/element [7.327273ms] ERR:404 body={"strategy":"-android uiautomator","selector":"new UiSelector().descriptionMatches(\"(?is).*\\QTiế...
15:48:41.073609 POST /session/0a9752df-beae-4611-b4a6-0d792c2d3a15/element [12.943591ms] ERR:404 body={"strategy":"-android uiautomator","selector":"new UiSelector().textContains(\"Tiếng Anh\")"}
15:48:41.083721 POST /session/0a9752df-beae-4611-b4a6-0d792c2d3a15/element [10.013758ms] ERR:404 body={"strategy":"-android uiautomator","selector":"new UiSelector().descriptionContains(\"Tiếng Anh\")...
15:48:41.090864 POST /session/0a9752df-beae-4611-b4a6-0d792c2d3a15/element [7.068718ms] ERR:404 body={"strategy":"-android uiautomator","selector":"new UiSelector().textMatches(\"(?is).*\\QTiếng Anh\...
15:48:41.097425 POST /session/0a9752df-beae-4611-b4a6-0d792c2d3a15/element [6.503379ms] ERR:404 body={"strategy":"-android uiautomator","selector":"new UiSelector().descriptionMatches(\"(?is).*\\QTiế...
15:48:41.104094 POST /session/0a9752df-beae-4611-b4a6-0d792c2d3a15/element [6.603266ms] ERR:404 body={"strategy":"-android uiautomator","selector":"new UiSelector().textContains(\"Tiếng Anh\")"}
15:48:41.110717 POST /session/0a9752df-beae-4611-b4a6-0d792c2d3a15/element [6.567719ms] ERR:404 body={"strategy":"-android uiautomator","selector":"new UiSelector().descriptionContains(\"Tiếng Anh\")...
15:48:41.117469 POST /session/0a9752df-beae-4611-b4a6-0d792c2d3a15/element [6.670959ms] ERR:404 body={"strategy":"-android uiautomator","selector":"new UiSelector().textMatches(\"(?is).*\\QTiếng Anh\...
15:48:41.123909 POST /session/0a9752df-beae-4611-b4a6-0d792c2d3a15/element [6.368757ms] ERR:404 body={"strategy":"-android uiautomator","selector":"new UiSelector().descriptionMatches(\"(?is).*\\QTiế...
15:48:41.130646 POST /session/0a9752df-beae-4611-b4a6-0d792c2d3a15/element [6.66897ms] ERR:404 body={"strategy":"-android uiautomator","selector":"new UiSelector().textContains(\"Tiếng Anh\")"}
15:48:41.137737 POST /session/0a9752df-beae-4611-b4a6-0d792c2d3a15/element [7.028022ms] ERR:404 body={"strategy":"-android uiautomator","selector":"new UiSelector().descriptionContains(\"Tiếng Anh\")...
15:48:41.145128 POST /session/0a9752df-beae-4611-b4a6-0d792c2d3a15/element [7.297893ms] ERR:404 body={"strategy":"-android uiautomator","selector":"new UiSelector().textMatches(\"(?is).*\\QTiếng Anh\...
15:48:41.152582 POST /session/0a9752df-beae-4611-b4a6-0d792c2d3a15/element [7.38477ms] ERR:404 body={"strategy":"-android uiautomator","selector":"new UiSelector().descriptionMatches(\"(?is).*\\QTiế...
15:48:41.159781 POST /session/0a9752df-beae-4611-b4a6-0d792c2d3a15/element [7.127256ms] ERR:404 body={"strategy":"-android uiautomator","selector":"new UiSelector().textContains(\"Tiếng Anh\")"}
15:48:41.167162 POST /session/0a9752df-beae-4611-b4a6-0d792c2d3a15/element [7.317063ms] ERR:404 body={"strategy":"-android uiautomator","selector":"new UiSelector().descriptionContains(\"Tiếng Anh\")...
15:48:41.174701 POST /session/0a9752df-beae-4611-b4a6-0d792c2d3a15/element [7.443594ms] ERR:404 body={"strategy":"-android uiautomator","selector":"new UiSelector().textMatches(\"(?is).*\\QTiếng Anh\...
15:48:41.183634 POST /session/0a9752df-beae-4611-b4a6-0d792c2d3a15/element [8.851281ms] ERR:404 body={"strategy":"-android uiautomator","selector":"new UiSelector().descriptionMatches(\"(?is).*\\QTiế...
15:48:41.191840 POST /session/0a9752df-beae-4611-b4a6-0d792c2d3a15/element [8.12675ms] ERR:404 body={"strategy":"-android uiautomator","selector":"new UiSelector().textContains(\"Tiếng Anh\")"}
15:48:41.199038 POST /session/0a9752df-beae-4611-b4a6-0d792c2d3a15/element [7.120324ms] ERR:404 body={"strategy":"-android uiautomator","selector":"new UiSelector().descriptionContains(\"Tiếng Anh\")...
15:48:41.205906 POST /session/0a9752df-beae-4611-b4a6-0d792c2d3a15/element [6.792129ms] ERR:404 body={"strategy":"-android uiautomator","selector":"new UiSelector().textMatches(\"(?is).*\\QTiếng Anh\...
15:48:41.213386 POST /session/0a9752df-beae-4611-b4a6-0d792c2d3a15/element [7.411752ms] ERR:404 body={"strategy":"-android uiautomator","selector":"new UiSelector().descriptionMatches(\"(?is).*\\QTiế...
15:48:41.220101 POST /session/0a9752df-beae-4611-b4a6-0d792c2d3a15/element [6.641336ms] ERR:404 body={"strategy":"-android uiautomator","selector":"new UiSelector().textContains(\"Tiếng Anh\")"}
15:48:41.234240 POST /session/0a9752df-beae-4611-b4a6-0d792c2d3a15/element [14.072374ms] ERR:404 body={"strategy":"-android uiautomator","selector":"new UiSelector().descriptionContains(\"Tiếng Anh\")...
15:48:41.241177 POST /session/0a9752df-beae-4611-b4a6-0d792c2d3a15/element [6.882349ms] ERR:404 body={"strategy":"-android uiautomator","selector":"new UiSelector().textMatches(\"(?is).*\\QTiếng Anh\...
15:48:41.248853 POST /session/0a9752df-beae-4611-b4a6-0d792c2d3a15/element [7.617414ms] ERR:404 body={"strategy":"-android uiautomator","selector":"new UiSelector().descriptionMatches(\"(?is).*\\QTiế...
15:48:41.255606 POST /session/0a9752df-beae-4611-b4a6-0d792c2d3a15/element [6.688329ms] ERR:404 body={"strategy":"-android uiautomator","selector":"new UiSelector().textContains(\"Tiếng Anh\")"}
15:48:41.262154 POST /session/0a9752df-beae-4611-b4a6-0d792c2d3a15/element [6.472328ms] ERR:404 body={"strategy":"-android uiautomator","selector":"new UiSelector().descriptionContains(\"Tiếng Anh\")...
15:48:41.268898 POST /session/0a9752df-beae-4611-b4a6-0d792c2d3a15/element [6.675537ms] ERR:404 body={"strategy":"-android uiautomator","selector":"new UiSelector().textMatches(\"(?is).*\\QTiếng Anh\...
15:48:41.276821 POST /session/0a9752df-beae-4611-b4a6-0d792c2d3a15/element [7.856411ms] ERR:404 body={"strategy":"-android uiautomator","selector":"new UiSelector().descriptionMatches(\"(?is).*\\QTiế...
15:48:41.285146 POST /session/0a9752df-beae-4611-b4a6-0d792c2d3a15/element [8.236522ms] ERR:404 body={"strategy":"-android uiautomator","selector":"new UiSelector().textContains(\"Tiếng Anh\")"}
15:48:41.293596 POST /session/0a9752df-beae-4611-b4a6-0d792c2d3a15/element [8.381499ms] ERR:404 body={"strategy":"-android uiautomator","selector":"new UiSelector().descriptionContains(\"Tiếng Anh\")...
15:48:41.300442 POST /session/0a9752df-beae-4611-b4a6-0d792c2d3a15/element [6.69047ms] ERR:404 body={"strategy":"-android uiautomator","selector":"new UiSelector().textMatches(\"(?is).*\\QTiếng Anh\...
15:48:41.307701 POST /session/0a9752df-beae-4611-b4a6-0d792c2d3a15/element [7.180965ms] ERR:404 body={"strategy":"-android uiautomator","selector":"new UiSelector().descriptionMatches(\"(?is).*\\QTiế...
15:48:41.316842 POST /session/0a9752df-beae-4611-b4a6-0d792c2d3a15/element [9.063302ms] ERR:404 body={"strategy":"-android uiautomator","selector":"new UiSelector().textContains(\"Tiếng Anh\")"}
15:48:41.324459 POST /session/0a9752df-beae-4611-b4a6-0d792c2d3a15/element [7.552481ms] ERR:404 body={"strategy":"-android uiautomator","selector":"new UiSelector().descriptionContains(\"Tiếng Anh\")...
15:48:41.331258 POST /session/0a9752df-beae-4611-b4a6-0d792c2d3a15/element [6.733171ms] ERR:404 body={"strategy":"-android uiautomator","selector":"new UiSelector().textMatches(\"(?is).*\\QTiếng Anh\...
15:48:41.338820 POST /session/0a9752df-beae-4611-b4a6-0d792c2d3a15/element [7.498539ms] ERR:404 body={"strategy":"-android uiautomator","selector":"new UiSelector().descriptionMatches(\"(?is).*\\QTiế...
15:48:41.346409 POST /session/0a9752df-beae-4611-b4a6-0d792c2d3a15/element [7.511029ms] ERR:404 body={"strategy":"-android uiautomator","selector":"new UiSelector().textContains(\"Tiếng Anh\")"}
15:48:41.353822 POST /session/0a9752df-beae-4611-b4a6-0d792c2d3a15/element [7.320793ms] ERR:404 body={"strategy":"-android uiautomator","selector":"new UiSelector().descriptionContains(\"Tiếng Anh\")...
15:48:41.361038 POST /session/0a9752df-beae-4611-b4a6-0d792c2d3a15/element [7.149542ms] ERR:404 body={"strategy":"-android uiautomator","selector":"new UiSelector().textMatches(\"(?is).*\\QTiếng Anh\...
15:48:41.372871 POST /session/0a9752df-beae-4611-b4a6-0d792c2d3a15/element [11.731886ms] ERR:404 body={"strategy":"-android uiautomator","selector":"new UiSelector().descriptionMatches(\"(?is).*\\QTiế...
15:48:41.381044 POST /session/0a9752df-beae-4611-b4a6-0d792c2d3a15/element [8.108062ms] ERR:404 body={"strategy":"-android uiautomator","selector":"new UiSelector().textContains(\"Tiếng Anh\")"}
15:48:41.389325 POST /session/0a9752df-beae-4611-b4a6-0d792c2d3a15/element [8.175121ms] ERR:404 body={"strategy":"-android uiautomator","selector":"new UiSelector().descriptionContains(\"Tiếng Anh\")...
15:48:41.397151 POST /session/0a9752df-beae-4611-b4a6-0d792c2d3a15/element [7.761802ms] ERR:404 body={"strategy":"-android uiautomator","selector":"new UiSelector().textMatches(\"(?is).*\\QTiếng Anh\...
15:48:41.405069 POST /session/0a9752df-beae-4611-b4a6-0d792c2d3a15/element [7.838126ms] ERR:404 body={"strategy":"-android uiautomator","selector":"new UiSelector().descriptionMatches(\"(?is).*\\QTiế...
15:48:41.413859 POST /session/0a9752df-beae-4611-b4a6-0d792c2d3a15/element [8.704928ms] ERR:404 body={"strategy":"-android uiautomator","selector":"new UiSelector().textContains(\"Tiếng Anh\")"}
15:48:41.422253 POST /session/0a9752df-beae-4611-b4a6-0d792c2d3a15/element [8.326043ms] ERR:404 body={"strategy":"-android uiautomator","selector":"new UiSelector().descriptionContains(\"Tiếng Anh\")...
15:48:41.429915 POST /session/0a9752df-beae-4611-b4a6-0d792c2d3a15/element [7.586214ms] ERR:404 body={"strategy":"-android uiautomator","selector":"new UiSelector().textMatches(\"(?is).*\\QTiếng Anh\...
15:48:41.436993 POST /session/0a9752df-beae-4611-b4a6-0d792c2d3a15/element [7.000803ms] ERR:404 body={"strategy":"-android uiautomator","selector":"new UiSelector().descriptionMatches(\"(?is).*\\QTiế...
15:48:41.445468 POST /session/0a9752df-beae-4611-b4a6-0d792c2d3a15/element [8.399969ms] ERR:404 body={"strategy":"-android uiautomator","selector":"new UiSelector().textContains(\"Tiếng Anh\")"}
15:48:41.453285 POST /session/0a9752df-beae-4611-b4a6-0d792c2d3a15/element [7.742045ms] ERR:404 body={"strategy":"-android uiautomator","selector":"new UiSelector().descriptionContains(\"Tiếng Anh\")...
15:48:41.462161 POST /session/0a9752df-beae-4611-b4a6-0d792c2d3a15/element [8.802742ms] ERR:404 body={"strategy":"-android uiautomator","selector":"new UiSelector().textMatches(\"(?is).*\\QTiếng Anh\...
15:48:41.469829 POST /session/0a9752df-beae-4611-b4a6-0d792c2d3a15/element [7.60999ms] ERR:404 body={"strategy":"-android uiautomator","selector":"new UiSelector().descriptionMatches(\"(?is).*\\QTiế...
15:48:41.478008 POST /session/0a9752df-beae-4611-b4a6-0d792c2d3a15/element [8.1089ms] ERR:404 body={"strategy":"-android uiautomator","selector":"new UiSelector().textContains(\"Tiếng Anh\")"}
15:48:41.486979 POST /session/0a9752df-beae-4611-b4a6-0d792c2d3a15/element [8.883292ms] ERR:404 body={"strategy":"-android uiautomator","selector":"new UiSelector().descriptionContains(\"Tiếng Anh\")...
15:48:41.496013 POST /session/0a9752df-beae-4611-b4a6-0d792c2d3a15/element [8.954648ms] ERR:404 body={"strategy":"-android uiautomator","selector":"new UiSelector().textMatches(\"(?is).*\\QTiếng Anh\...
15:48:41.505751 POST /session/0a9752df-beae-4611-b4a6-0d792c2d3a15/element [9.640383ms] ERR:404 body={"strategy":"-android uiautomator","selector":"new UiSelector().descriptionMatches(\"(?is).*\\QTiế...
15:48:41.516017 POST /session/0a9752df-beae-4611-b4a6-0d792c2d3a15/element [10.192093ms] ERR:404 body={"strategy":"-android uiautomator","selector":"new UiSelector().textContains(\"Tiếng Anh\")"}
15:48:41.523726 POST /session/0a9752df-beae-4611-b4a6-0d792c2d3a15/element [7.633799ms] ERR:404 body={"strategy":"-android uiautomator","selector":"new UiSelector().descriptionContains(\"Tiếng Anh\")...
15:48:41.532289 POST /session/0a9752df-beae-4611-b4a6-0d792c2d3a15/element [8.457078ms] ERR:404 body={"strategy":"-android uiautomator","selector":"new UiSelector().textMatches(\"(?is).*\\QTiếng Anh\...
15:48:41.540550 POST /session/0a9752df-beae-4611-b4a6-0d792c2d3a15/element [8.171536ms] ERR:404 body={"strategy":"-android uiautomator","selector":"new UiSelector().descriptionMatches(\"(?is).*\\QTiế...
15:48:41.548808 POST /session/0a9752df-beae-4611-b4a6-0d792c2d3a15/element [8.158662ms] ERR:404 body={"strategy":"-android uiautomator","selector":"new UiSelector().textContains(\"Tiếng Anh\")"}
15:48:41.555616 POST /session/0a9752df-beae-4611-b4a6-0d792c2d3a15/element [6.731558ms] ERR:404 body={"strategy":"-android uiautomator","selector":"new UiSelector().descriptionContains(\"Tiếng Anh\")...
15:48:41.562325 POST /session/0a9752df-beae-4611-b4a6-0d792c2d3a15/element [6.634207ms] ERR:404 body={"strategy":"-android uiautomator","selector":"new UiSelector().textMatches(\"(?is).*\\QTiếng Anh\...
15:48:41.569699 POST /session/0a9752df-beae-4611-b4a6-0d792c2d3a15/element [7.303755ms] ERR:404 body={"strategy":"-android uiautomator","selector":"new UiSelector().descriptionMatches(\"(?is).*\\QTiế...
15:48:41.578930 POST /session/0a9752df-beae-4611-b4a6-0d792c2d3a15/element [9.170245ms] ERR:404 body={"strategy":"-android uiautomator","selector":"new UiSelector().textContains(\"Tiếng Anh\")"}
15:48:41.586458 POST /session/0a9752df-beae-4611-b4a6-0d792c2d3a15/element [7.485343ms] ERR:404 body={"strategy":"-android uiautomator","selector":"new UiSelector().descriptionContains(\"Tiếng Anh\")...
15:48:41.594774 POST /session/0a9752df-beae-4611-b4a6-0d792c2d3a15/element [8.263773ms] ERR:404 body={"strategy":"-android uiautomator","selector":"new UiSelector().textMatches(\"(?is).*\\QTiếng Anh\...
15:48:41.614242 POST /session/0a9752df-beae-4611-b4a6-0d792c2d3a15/element [19.424354ms] ERR:404 body={"strategy":"-android uiautomator","selector":"new UiSelector().descriptionMatches(\"(?is).*\\QTiế...
15:48:41.622421 POST /session/0a9752df-beae-4611-b4a6-0d792c2d3a15/element [8.115613ms] ERR:404 body={"strategy":"-android uiautomator","selector":"new UiSelector().textContains(\"Tiếng Anh\")"}
15:48:41.627692 POST /session/0a9752df-beae-4611-b4a6-0d792c2d3a15/element [5.194158ms] ERR:404 body={"strategy":"-android uiautomator","selector":"new UiSelector().descriptionContains(\"Tiếng Anh\")...
15:48:41.632925 POST /session/0a9752df-beae-4611-b4a6-0d792c2d3a15/element [5.155193ms] ERR:404 body={"strategy":"-android uiautomator","selector":"new UiSelector().textMatches(\"(?is).*\\QTiếng Anh\...
15:48:41.638211 POST /session/0a9752df-beae-4611-b4a6-0d792c2d3a15/element [5.248793ms] ERR:404 body={"strategy":"-android uiautomator","selector":"new UiSelector().descriptionMatches(\"(?is).*\\QTiế...
15:48:41.645958 POST /session/0a9752df-beae-4611-b4a6-0d792c2d3a15/element [7.700014ms] ERR:404 body={"strategy":"-android uiautomator","selector":"new UiSelector().textContains(\"Tiếng Anh\")"}
15:48:41.652526 POST /session/0a9752df-beae-4611-b4a6-0d792c2d3a15/element [6.493859ms] ERR:404 body={"strategy":"-android uiautomator","selector":"new UiSelector().descriptionContains(\"Tiếng Anh\")...
15:48:41.660819 POST /session/0a9752df-beae-4611-b4a6-0d792c2d3a15/element [8.230263ms] ERR:404 body={"strategy":"-android uiautomator","selector":"new UiSelector().textMatches(\"(?is).*\\QTiếng Anh\...
15:48:41.668993 POST /session/0a9752df-beae-4611-b4a6-0d792c2d3a15/element [8.132815ms] ERR:404 body={"strategy":"-android uiautomator","selector":"new UiSelector().descriptionMatches(\"(?is).*\\QTiế...
15:48:41.677057 POST /session/0a9752df-beae-4611-b4a6-0d792c2d3a15/element [8.010319ms] ERR:404 body={"strategy":"-android uiautomator","selector":"new UiSelector().textContains(\"Tiếng Anh\")"}
15:48:41.684862 POST /session/0a9752df-beae-4611-b4a6-0d792c2d3a15/element [7.749353ms] ERR:404 body={"strategy":"-android uiautomator","selector":"new UiSelector().descriptionContains(\"Tiếng Anh\")...
15:48:41.696928 POST /session/0a9752df-beae-4611-b4a6-0d792c2d3a15/element [12.025254ms] ERR:404 body={"strategy":"-android uiautomator","selector":"new UiSelector().textMatches(\"(?is).*\\QTiếng Anh\...
15:48:41.707851 POST /session/0a9752df-beae-4611-b4a6-0d792c2d3a15/element [10.865236ms] ERR:404 body={"strategy":"-android uiautomator","selector":"new UiSelector().descriptionMatches(\"(?is).*\\QTiế...
15:48:41.714746 POST /session/0a9752df-beae-4611-b4a6-0d792c2d3a15/element [6.808377ms] ERR:404 body={"strategy":"-android uiautomator","selector":"new UiSelector().textContains(\"Tiếng Anh\")"}
15:48:41.721469 POST /session/0a9752df-beae-4611-b4a6-0d792c2d3a15/element [6.657084ms] ERR:404 body={"strategy":"-android uiautomator","selector":"new UiSelector().descriptionContains(\"Tiếng Anh\")...
15:48:41.729435 POST /session/0a9752df-beae-4611-b4a6-0d792c2d3a15/element [7.894768ms] ERR:404 body={"strategy":"-android uiautomator","selector":"new UiSelector().textMatches(\"(?is).*\\QTiếng Anh\...
15:48:41.736393 POST /session/0a9752df-beae-4611-b4a6-0d792c2d3a15/element [6.873966ms] ERR:404 body={"strategy":"-android uiautomator","selector":"new UiSelector().descriptionMatches(\"(?is).*\\QTiế...
15:48:41.745006 POST /session/0a9752df-beae-4611-b4a6-0d792c2d3a15/element [8.51516ms] ERR:404 body={"strategy":"-android uiautomator","selector":"new UiSelector().textContains(\"Tiếng Anh\")"}
15:48:41.752857 POST /session/0a9752df-beae-4611-b4a6-0d792c2d3a15/element [7.781485ms] ERR:404 body={"strategy":"-android uiautomator","selector":"new UiSelector().descriptionContains(\"Tiếng Anh\")...
15:48:41.760419 POST /session/0a9752df-beae-4611-b4a6-0d792c2d3a15/element [7.525568ms] ERR:404 body={"strategy":"-android uiautomator","selector":"new UiSelector().textMatches(\"(?is).*\\QTiếng Anh\...
15:48:41.768788 POST /session/0a9752df-beae-4611-b4a6-0d792c2d3a15/element [8.320677ms] ERR:404 body={"strategy":"-android uiautomator","selector":"new UiSelector().descriptionMatches(\"(?is).*\\QTiế...
15:48:41.778960 POST /session/0a9752df-beae-4611-b4a6-0d792c2d3a15/element [10.107238ms] ERR:404 body={"strategy":"-android uiautomator","selector":"new UiSelector().textContains(\"Tiếng Anh\")"}
15:48:41.788437 POST /session/0a9752df-beae-4611-b4a6-0d792c2d3a15/element [9.408547ms] ERR:404 body={"strategy":"-android uiautomator","selector":"new UiSelector().descriptionContains(\"Tiếng Anh\")...
15:48:41.797308 POST /session/0a9752df-beae-4611-b4a6-0d792c2d3a15/element [8.774458ms] ERR:404 body={"strategy":"-android uiautomator","selector":"new UiSelector().textMatches(\"(?is).*\\QTiếng Anh\...
15:48:41.807063 POST /session/0a9752df-beae-4611-b4a6-0d792c2d3a15/element [9.678457ms] ERR:404 body={"strategy":"-android uiautomator","selector":"new UiSelector().descriptionMatches(\"(?is).*\\QTiế...
15:48:41.817036 POST /session/0a9752df-beae-4611-b4a6-0d792c2d3a15/element [9.892814ms] ERR:404 body={"strategy":"-android uiautomator","selector":"new UiSelector().textContains(\"Tiếng Anh\")"}
15:48:41.825244 POST /session/0a9752df-beae-4611-b4a6-0d792c2d3a15/element [8.13926ms] ERR:404 body={"strategy":"-android uiautomator","selector":"new UiSelector().descriptionContains(\"Tiếng Anh\")...
15:48:41.833594 POST /session/0a9752df-beae-4611-b4a6-0d792c2d3a15/element [8.293231ms] ERR:404 body={"strategy":"-android uiautomator","selector":"new UiSelector().textMatches(\"(?is).*\\QTiếng Anh\...
15:48:41.841741 POST /session/0a9752df-beae-4611-b4a6-0d792c2d3a15/element [8.092512ms] ERR:404 body={"strategy":"-android uiautomator","selector":"new UiSelector().descriptionMatches(\"(?is).*\\QTiế...
15:48:41.848592 POST /session/0a9752df-beae-4611-b4a6-0d792c2d3a15/element [6.777647ms] ERR:404 body={"strategy":"-android uiautomator","selector":"new UiSelector().textContains(\"Tiếng Anh\")"}
15:48:41.862382 POST /session/0a9752df-beae-4611-b4a6-0d792c2d3a15/element [13.706618ms] ERR:404 body={"strategy":"-android uiautomator","selector":"new UiSelector().descriptionContains(\"Tiếng Anh\")...
15:48:41.871793 POST /session/0a9752df-beae-4611-b4a6-0d792c2d3a15/element [9.324937ms] ERR:404 body={"strategy":"-android uiautomator","selector":"new UiSelector().textMatches(\"(?is).*\\QTiếng Anh\...
15:48:41.880222 POST /session/0a9752df-beae-4611-b4a6-0d792c2d3a15/element [8.33848ms] ERR:404 body={"strategy":"-android uiautomator","selector":"new UiSelector().descriptionMatches(\"(?is).*\\QTiế...
15:48:41.887894 POST /session/0a9752df-beae-4611-b4a6-0d792c2d3a15/element [7.607681ms] ERR:404 body={"strategy":"-android uiautomator","selector":"new UiSelector().textContains(\"Tiếng Anh\")"}
15:48:41.897210 POST /session/0a9752df-beae-4611-b4a6-0d792c2d3a15/element [9.226774ms] ERR:404 body={"strategy":"-android uiautomator","selector":"new UiSelector().descriptionContains(\"Tiếng Anh\")...
15:48:41.907181 POST /session/0a9752df-beae-4611-b4a6-0d792c2d3a15/element [9.921581ms] ERR:404 body={"strategy":"-android uiautomator","selector":"new UiSelector().textMatches(\"(?is).*\\QTiếng Anh\...
15:48:41.919545 POST /session/0a9752df-beae-4611-b4a6-0d792c2d3a15/element [12.28483ms] ERR:404 body={"strategy":"-android uiautomator","selector":"new UiSelector().descriptionMatches(\"(?is).*\\QTiế...
15:48:41.930269 POST /session/0a9752df-beae-4611-b4a6-0d792c2d3a15/element [10.649805ms] ERR:404 body={"strategy":"-android uiautomator","selector":"new UiSelector().textContains(\"Tiếng Anh\")"}
15:48:41.938963 POST /session/0a9752df-beae-4611-b4a6-0d792c2d3a15/element [8.617077ms] ERR:404 body={"strategy":"-android uiautomator","selector":"new UiSelector().descriptionContains(\"Tiếng Anh\")...
15:48:41.947820 POST /session/0a9752df-beae-4611-b4a6-0d792c2d3a15/element [8.78701ms] ERR:404 body={"strategy":"-android uiautomator","selector":"new UiSelector().textMatches(\"(?is).*\\QTiếng Anh\...
15:48:41.954657 POST /session/0a9752df-beae-4611-b4a6-0d792c2d3a15/element [6.770068ms] ERR:404 body={"strategy":"-android uiautomator","selector":"new UiSelector().descriptionMatches(\"(?is).*\\QTiế...
15:48:41.961156 POST /session/0a9752df-beae-4611-b4a6-0d792c2d3a15/element [6.428178ms] ERR:404 body={"strategy":"-android uiautomator","selector":"new UiSelector().textContains(\"Tiếng Anh\")"}
15:48:41.967724 POST /session/0a9752df-beae-4611-b4a6-0d792c2d3a15/element [6.499494ms] ERR:404 body={"strategy":"-android uiautomator","selector":"new UiSelector().descriptionContains(\"Tiếng Anh\")...
15:48:41.976914 POST /session/0a9752df-beae-4611-b4a6-0d792c2d3a15/element [9.126674ms] ERR:404 body={"strategy":"-android uiautomator","selector":"new UiSelector().textMatches(\"(?is).*\\QTiếng Anh\...
15:48:41.985116 POST /session/0a9752df-beae-4611-b4a6-0d792c2d3a15/element [8.12323ms] ERR:404 body={"strategy":"-android uiautomator","selector":"new UiSelector().descriptionMatches(\"(?is).*\\QTiế...
15:48:41.992671 POST /session/0a9752df-beae-4611-b4a6-0d792c2d3a15/element [7.503055ms] ERR:404 body={"strategy":"-android uiautomator","selector":"new UiSelector().textContains(\"Tiếng Anh\")"}
15:48:42.000250 POST /session/0a9752df-beae-4611-b4a6-0d792c2d3a15/element [7.513705ms] ERR:404 body={"strategy":"-android uiautomator","selector":"new UiSelector().descriptionContains(\"Tiếng Anh\")...
15:48:42.006879 POST /session/0a9752df-beae-4611-b4a6-0d792c2d3a15/element [6.56037ms] ERR:404 body={"strategy":"-android uiautomator","selector":"new UiSelector().textMatches(\"(?is).*\\QTiếng Anh\...
15:48:42.022985 POST /session/0a9752df-beae-4611-b4a6-0d792c2d3a15/element [16.036933ms] ERR:404 body={"strategy":"-android uiautomator","selector":"new UiSelector().descriptionMatches(\"(?is).*\\QTiế...
15:48:42.030361 POST /session/0a9752df-beae-4611-b4a6-0d792c2d3a15/element [7.308188ms] ERR:404 body={"strategy":"-android uiautomator","selector":"new UiSelector().textContains(\"Tiếng Anh\")"}
15:48:42.036904 POST /session/0a9752df-beae-4611-b4a6-0d792c2d3a15/element [6.457318ms] ERR:404 body={"strategy":"-android uiautomator","selector":"new UiSelector().descriptionContains(\"Tiếng Anh\")...
15:48:42.043818 POST /session/0a9752df-beae-4611-b4a6-0d792c2d3a15/element [6.815471ms] ERR:404 body={"strategy":"-android uiautomator","selector":"new UiSelector().textMatches(\"(?is).*\\QTiếng Anh\...
15:48:42.052350 POST /session/0a9752df-beae-4611-b4a6-0d792c2d3a15/element [8.458737ms] ERR:404 body={"strategy":"-android uiautomator","selector":"new UiSelector().descriptionMatches(\"(?is).*\\QTiế...
15:48:42.059692 POST /session/0a9752df-beae-4611-b4a6-0d792c2d3a15/element [7.262303ms] ERR:404 body={"strategy":"-android uiautomator","selector":"new UiSelector().textContains(\"Tiếng Anh\")"}
15:48:42.066687 POST /session/0a9752df-beae-4611-b4a6-0d792c2d3a15/element [6.924504ms] ERR:404 body={"strategy":"-android uiautomator","selector":"new UiSelector().descriptionContains(\"Tiếng Anh\")...
15:48:42.075366 POST /session/0a9752df-beae-4611-b4a6-0d792c2d3a15/element [8.59063ms] ERR:404 body={"strategy":"-android uiautomator","selector":"new UiSelector().textMatches(\"(?is).*\\QTiếng Anh\...
15:48:42.082796 POST /session/0a9752df-beae-4611-b4a6-0d792c2d3a15/element [7.371705ms] ERR:404 body={"strategy":"-android uiautomator","selector":"new UiSelector().descriptionMatches(\"(?is).*\\QTiế...
15:48:42.089423 POST /session/0a9752df-beae-4611-b4a6-0d792c2d3a15/element [6.554036ms] ERR:404 body={"strategy":"-android uiautomator","selector":"new UiSelector().textContains(\"Tiếng Anh\")"}
15:48:42.095724 POST /session/0a9752df-beae-4611-b4a6-0d792c2d3a15/element [6.240356ms] ERR:404 body={"strategy":"-android uiautomator","selector":"new UiSelector().descriptionContains(\"Tiếng Anh\")...
15:48:42.102652 POST /session/0a9752df-beae-4611-b4a6-0d792c2d3a15/element [6.862769ms] ERR:404 body={"strategy":"-android uiautomator","selector":"new UiSelector().textMatches(\"(?is).*\\QTiếng Anh\...
15:48:42.109620 POST /session/0a9752df-beae-4611-b4a6-0d792c2d3a15/element [6.897951ms] ERR:404 body={"strategy":"-android uiautomator","selector":"new UiSelector().descriptionMatches(\"(?is).*\\QTiế...
15:48:42.117050 POST /session/0a9752df-beae-4611-b4a6-0d792c2d3a15/element [7.355803ms] ERR:404 body={"strategy":"-android uiautomator","selector":"new UiSelector().textContains(\"Tiếng Anh\")"}
15:48:42.125585 POST /session/0a9752df-beae-4611-b4a6-0d792c2d3a15/element [8.446611ms] ERR:404 body={"strategy":"-android uiautomator","selector":"new UiSelector().descriptionContains(\"Tiếng Anh\")...
15:48:42.134245 POST /session/0a9752df-beae-4611-b4a6-0d792c2d3a15/element [8.576154ms] ERR:404 body={"strategy":"-android uiautomator","selector":"new UiSelector().textMatches(\"(?is).*\\QTiếng Anh\...
15:48:42.141592 POST /session/0a9752df-beae-4611-b4a6-0d792c2d3a15/element [7.298573ms] ERR:404 body={"strategy":"-android uiautomator","selector":"new UiSelector().descriptionMatches(\"(?is).*\\QTiế...
15:48:42.148645 POST /session/0a9752df-beae-4611-b4a6-0d792c2d3a15/element [6.975804ms] ERR:404 body={"strategy":"-android uiautomator","selector":"new UiSelector().textContains(\"Tiếng Anh\")"}
15:48:42.157295 POST /session/0a9752df-beae-4611-b4a6-0d792c2d3a15/element [8.578217ms] ERR:404 body={"strategy":"-android uiautomator","selector":"new UiSelector().descriptionContains(\"Tiếng Anh\")...
15:48:42.165001 POST /session/0a9752df-beae-4611-b4a6-0d792c2d3a15/element [7.643454ms] ERR:404 body={"strategy":"-android uiautomator","selector":"new UiSelector().textMatches(\"(?is).*\\QTiếng Anh\...
15:48:42.177454 POST /session/0a9752df-beae-4611-b4a6-0d792c2d3a15/element [12.402367ms] ERR:404 body={"strategy":"-android uiautomator","selector":"new UiSelector().descriptionMatches(\"(?is).*\\QTiế...
15:48:42.184447 POST /session/0a9752df-beae-4611-b4a6-0d792c2d3a15/element [6.93051ms] ERR:404 body={"strategy":"-android uiautomator","selector":"new UiSelector().textContains(\"Tiếng Anh\")"}
15:48:42.191873 POST /session/0a9752df-beae-4611-b4a6-0d792c2d3a15/element [7.348759ms] ERR:404 body={"strategy":"-android uiautomator","selector":"new UiSelector().descriptionContains(\"Tiếng Anh\")...
15:48:42.200748 POST /session/0a9752df-beae-4611-b4a6-0d792c2d3a15/element [8.821018ms] ERR:404 body={"strategy":"-android uiautomator","selector":"new UiSelector().textMatches(\"(?is).*\\QTiếng Anh\...
15:48:42.208849 POST /session/0a9752df-beae-4611-b4a6-0d792c2d3a15/element [8.050807ms] ERR:404 body={"strategy":"-android uiautomator","selector":"new UiSelector().descriptionMatches(\"(?is).*\\QTiế...
15:48:42.215954 POST /session/0a9752df-beae-4611-b4a6-0d792c2d3a15/element [7.01566ms] ERR:404 body={"strategy":"-android uiautomator","selector":"new UiSelector().textContains(\"Tiếng Anh\")"}
15:48:42.227140 POST /session/0a9752df-beae-4611-b4a6-0d792c2d3a15/element [11.086121ms] ERR:404 body={"strategy":"-android uiautomator","selector":"new UiSelector().descriptionContains(\"Tiếng Anh\")...
15:48:42.237901 POST /session/0a9752df-beae-4611-b4a6-0d792c2d3a15/element [10.701402ms] ERR:404 body={"strategy":"-android uiautomator","selector":"new UiSelector().textMatches(\"(?is).*\\QTiếng Anh\...
15:48:42.246000 POST /session/0a9752df-beae-4611-b4a6-0d792c2d3a15/element [8.030346ms] ERR:404 body={"strategy":"-android uiautomator","selector":"new UiSelector().descriptionMatches(\"(?is).*\\QTiế...
15:48:42.253544 POST /session/0a9752df-beae-4611-b4a6-0d792c2d3a15/element [7.479718ms] ERR:404 body={"strategy":"-android uiautomator","selector":"new UiSelector().textContains(\"Tiếng Anh\")"}
15:48:42.260791 POST /session/0a9752df-beae-4611-b4a6-0d792c2d3a15/element [7.186764ms] ERR:404 body={"strategy":"-android uiautomator","selector":"new UiSelector().descriptionContains(\"Tiếng Anh\")...
15:48:42.269213 POST /session/0a9752df-beae-4611-b4a6-0d792c2d3a15/element [8.360748ms] ERR:404 body={"strategy":"-android uiautomator","selector":"new UiSelector().textMatches(\"(?is).*\\QTiếng Anh\...
15:48:42.278821 POST /session/0a9752df-beae-4611-b4a6-0d792c2d3a15/element [9.540636ms] ERR:404 body={"strategy":"-android uiautomator","selector":"new UiSelector().descriptionMatches(\"(?is).*\\QTiế...
15:48:42.287631 POST /session/0a9752df-beae-4611-b4a6-0d792c2d3a15/element [8.766725ms] ERR:404 body={"strategy":"-android uiautomator","selector":"new UiSelector().textContains(\"Tiếng Anh\")"}
15:48:42.296679 POST /session/0a9752df-beae-4611-b4a6-0d792c2d3a15/element [9.011731ms] ERR:404 body={"strategy":"-android uiautomator","selector":"new UiSelector().descriptionContains(\"Tiếng Anh\")...
15:48:42.305749 POST /session/0a9752df-beae-4611-b4a6-0d792c2d3a15/element [9.017269ms] ERR:404 body={"strategy":"-android uiautomator","selector":"new UiSelector().textMatches(\"(?is).*\\QTiếng Anh\...
15:48:42.315242 POST /session/0a9752df-beae-4611-b4a6-0d792c2d3a15/element [9.445107ms] ERR:404 body={"strategy":"-android uiautomator","selector":"new UiSelector().descriptionMatches(\"(?is).*\\QTiế...
15:48:42.324431 POST /session/0a9752df-beae-4611-b4a6-0d792c2d3a15/element [9.10365ms] ERR:404 body={"strategy":"-android uiautomator","selector":"new UiSelector().textContains(\"Tiếng Anh\")"}
15:48:42.332934 POST /session/0a9752df-beae-4611-b4a6-0d792c2d3a15/element [8.419318ms] ERR:404 body={"strategy":"-android uiautomator","selector":"new UiSelector().descriptionContains(\"Tiếng Anh\")...
15:48:42.340294 POST /session/0a9752df-beae-4611-b4a6-0d792c2d3a15/element [7.27137ms] ERR:404 body={"strategy":"-android uiautomator","selector":"new UiSelector().textMatches(\"(?is).*\\QTiếng Anh\...
15:48:42.349134 POST /session/0a9752df-beae-4611-b4a6-0d792c2d3a15/element [8.769836ms] ERR:404 body={"strategy":"-android uiautomator","selector":"new UiSelector().descriptionMatches(\"(?is).*\\QTiế...
15:48:42.357702 POST /session/0a9752df-beae-4611-b4a6-0d792c2d3a15/element [8.489949ms] ERR:404 body={"strategy":"-android uiautomator","selector":"new UiSelector().textContains(\"Tiếng Anh\")"}
15:48:42.364500 POST /session/0a9752df-beae-4611-b4a6-0d792c2d3a15/element [6.729702ms] ERR:404 body={"strategy":"-android uiautomator","selector":"new UiSelector().descriptionContains(\"Tiếng Anh\")...
15:48:42.372907 POST /session/0a9752df-beae-4611-b4a6-0d792c2d3a15/element [8.320018ms] ERR:404 body={"strategy":"-android uiautomator","selector":"new UiSelector().textMatches(\"(?is).*\\QTiếng Anh\...
15:48:42.381084 POST /session/0a9752df-beae-4611-b4a6-0d792c2d3a15/element [8.104029ms] ERR:404 body={"strategy":"-android uiautomator","selector":"new UiSelector().descriptionMatches(\"(?is).*\\QTiế...
15:48:42.388863 POST /session/0a9752df-beae-4611-b4a6-0d792c2d3a15/element [7.719486ms] ERR:404 body={"strategy":"-android uiautomator","selector":"new UiSelector().textContains(\"Tiếng Anh\")"}
15:48:42.396636 POST /session/0a9752df-beae-4611-b4a6-0d792c2d3a15/element [7.727253ms] ERR:404 body={"strategy":"-android uiautomator","selector":"new UiSelector().descriptionContains(\"Tiếng Anh\")...
15:48:42.403713 POST /session/0a9752df-beae-4611-b4a6-0d792c2d3a15/element [6.988951ms] ERR:404 body={"strategy":"-android uiautomator","selector":"new UiSelector().textMatches(\"(?is).*\\QTiếng Anh\...
15:48:42.410748 POST /session/0a9752df-beae-4611-b4a6-0d792c2d3a15/element [6.962217ms] ERR:404 body={"strategy":"-android uiautomator","selector":"new UiSelector().descriptionMatches(\"(?is).*\\QTiế...
15:48:42.417517 POST /session/0a9752df-beae-4611-b4a6-0d792c2d3a15/element [6.691849ms] ERR:404 body={"strategy":"-android uiautomator","selector":"new UiSelector().textContains(\"Tiếng Anh\")"}
15:48:42.425018 POST /session/0a9752df-beae-4611-b4a6-0d792c2d3a15/element [7.426014ms] ERR:404 body={"strategy":"-android uiautomator","selector":"new UiSelector().descriptionContains(\"Tiếng Anh\")...
15:48:42.435894 POST /session/0a9752df-beae-4611-b4a6-0d792c2d3a15/element [10.766813ms] ERR:404 body={"strategy":"-android uiautomator","selector":"new UiSelector().textMatches(\"(?is).*\\QTiếng Anh\...
15:48:42.444406 POST /session/0a9752df-beae-4611-b4a6-0d792c2d3a15/element [8.429034ms] ERR:404 body={"strategy":"-android uiautomator","selector":"new UiSelector().descriptionMatches(\"(?is).*\\QTiế...
15:48:42.452815 POST /session/0a9752df-beae-4611-b4a6-0d792c2d3a15/element [8.346687ms] ERR:404 body={"strategy":"-android uiautomator","selector":"new UiSelector().textContains(\"Tiếng Anh\")"}
15:48:42.460497 POST /session/0a9752df-beae-4611-b4a6-0d792c2d3a15/element [7.629571ms] ERR:404 body={"strategy":"-android uiautomator","selector":"new UiSelector().descriptionContains(\"Tiếng Anh\")...
15:48:42.467379 POST /session/0a9752df-beae-4611-b4a6-0d792c2d3a15/element [6.821639ms] ERR:404 body={"strategy":"-android uiautomator","selector":"new UiSelector().textMatches(\"(?is).*\\QTiếng Anh\...
15:48:42.474962 POST /session/0a9752df-beae-4611-b4a6-0d792c2d3a15/element [7.513234ms] ERR:404 body={"strategy":"-android uiautomator","selector":"new UiSelector().descriptionMatches(\"(?is).*\\QTiế...
15:48:42.483007 POST /session/0a9752df-beae-4611-b4a6-0d792c2d3a15/element [7.978582ms] ERR:404 body={"strategy":"-android uiautomator","selector":"new UiSelector().textContains(\"Tiếng Anh\")"}
15:48:42.489875 POST /session/0a9752df-beae-4611-b4a6-0d792c2d3a15/element [6.808351ms] ERR:404 body={"strategy":"-android uiautomator","selector":"new UiSelector().descriptionContains(\"Tiếng Anh\")...
15:48:42.498982 POST /session/0a9752df-beae-4611-b4a6-0d792c2d3a15/element [9.023889ms] ERR:404 body={"strategy":"-android uiautomator","selector":"new UiSelector().textMatches(\"(?is).*\\QTiếng Anh\...
15:48:42.506204 POST /session/0a9752df-beae-4611-b4a6-0d792c2d3a15/element [7.157236ms] ERR:404 body={"strategy":"-android uiautomator","selector":"new UiSelector().descriptionMatches(\"(?is).*\\QTiế...
15:48:42.514967 POST /session/0a9752df-beae-4611-b4a6-0d792c2d3a15/element [8.7023ms] ERR:404 body={"strategy":"-android uiautomator","selector":"new UiSelector().textContains(\"Tiếng Anh\")"}
15:48:42.522712 POST /session/0a9752df-beae-4611-b4a6-0d792c2d3a15/element [7.698863ms] ERR:404 body={"strategy":"-android uiautomator","selector":"new UiSelector().descriptionContains(\"Tiếng Anh\")...
15:48:42.530043 POST /session/0a9752df-beae-4611-b4a6-0d792c2d3a15/element [7.210895ms] ERR:404 body={"strategy":"-android uiautomator","selector":"new UiSelector().textMatches(\"(?is).*\\QTiếng Anh\...
15:48:42.538355 POST /session/0a9752df-beae-4611-b4a6-0d792c2d3a15/element [8.223635ms] ERR:404 body={"strategy":"-android uiautomator","selector":"new UiSelector().descriptionMatches(\"(?is).*\\QTiế...
15:48:42.547452 POST /session/0a9752df-beae-4611-b4a6-0d792c2d3a15/element [9.013284ms] ERR:404 body={"strategy":"-android uiautomator","selector":"new UiSelector().textContains(\"Tiếng Anh\")"}
15:48:42.555395 POST /session/0a9752df-beae-4611-b4a6-0d792c2d3a15/element [7.899155ms] ERR:404 body={"strategy":"-android uiautomator","selector":"new UiSelector().descriptionContains(\"Tiếng Anh\")...
15:48:42.563146 POST /session/0a9752df-beae-4611-b4a6-0d792c2d3a15/element [7.67476ms] ERR:404 body={"strategy":"-android uiautomator","selector":"new UiSelector().textMatches(\"(?is).*\\QTiếng Anh\...
15:48:42.571484 POST /session/0a9752df-beae-4611-b4a6-0d792c2d3a15/element [8.274334ms] ERR:404 body={"strategy":"-android uiautomator","selector":"new UiSelector().descriptionMatches(\"(?is).*\\QTiế...
15:48:42.579216 POST /session/0a9752df-beae-4611-b4a6-0d792c2d3a15/element [7.653395ms] ERR:404 body={"strategy":"-android uiautomator","selector":"new UiSelector().textContains(\"Tiếng Anh\")"}
15:48:42.586525 POST /session/0a9752df-beae-4611-b4a6-0d792c2d3a15/element [7.242632ms] ERR:404 body={"strategy":"-android uiautomator","selector":"new UiSelector().descriptionContains(\"Tiếng Anh\")...
15:48:42.594156 POST /session/0a9752df-beae-4611-b4a6-0d792c2d3a15/element [7.557882ms] ERR:404 body={"strategy":"-android uiautomator","selector":"new UiSelector().textMatches(\"(?is).*\\QTiếng Anh\...
15:48:42.602064 POST /session/0a9752df-beae-4611-b4a6-0d792c2d3a15/element [7.82638ms] ERR:404 body={"strategy":"-android uiautomator","selector":"new UiSelector().descriptionMatches(\"(?is).*\\QTiế...
15:48:42.609542 POST /session/0a9752df-beae-4611-b4a6-0d792c2d3a15/element [7.391566ms] ERR:404 body={"strategy":"-android uiautomator","selector":"new UiSelector().textContains(\"Tiếng Anh\")"}
15:48:42.617600 POST /session/0a9752df-beae-4611-b4a6-0d792c2d3a15/element [7.994836ms] ERR:404 body={"strategy":"-android uiautomator","selector":"new UiSelector().descriptionContains(\"Tiếng Anh\")...
15:48:42.625332 POST /session/0a9752df-beae-4611-b4a6-0d792c2d3a15/element [7.664044ms] ERR:404 body={"strategy":"-android uiautomator","selector":"new UiSelector().textMatches(\"(?is).*\\QTiếng Anh\...
15:48:42.634597 POST /session/0a9752df-beae-4611-b4a6-0d792c2d3a15/element [9.197785ms] ERR:404 body={"strategy":"-android uiautomator","selector":"new UiSelector().descriptionMatches(\"(?is).*\\QTiế...
15:48:42.643647 POST /session/0a9752df-beae-4611-b4a6-0d792c2d3a15/element [8.965823ms] ERR:404 body={"strategy":"-android uiautomator","selector":"new UiSelector().textContains(\"Tiếng Anh\")"}
15:48:42.653271 POST /session/0a9752df-beae-4611-b4a6-0d792c2d3a15/element [9.529449ms] ERR:404 body={"strategy":"-android uiautomator","selector":"new UiSelector().descriptionContains(\"Tiếng Anh\")...
15:48:42.661915 POST /session/0a9752df-beae-4611-b4a6-0d792c2d3a15/element [8.577346ms] ERR:404 body={"strategy":"-android uiautomator","selector":"new UiSelector().textMatches(\"(?is).*\\QTiếng Anh\...
15:48:42.670684 POST /session/0a9752df-beae-4611-b4a6-0d792c2d3a15/element [8.697495ms] ERR:404 body={"strategy":"-android uiautomator","selector":"new UiSelector().descriptionMatches(\"(?is).*\\QTiế...
15:48:42.679331 POST /session/0a9752df-beae-4611-b4a6-0d792c2d3a15/element [8.584093ms] ERR:404 body={"strategy":"-android uiautomator","selector":"new UiSelector().textContains(\"Tiếng Anh\")"}
15:48:42.687289 POST /session/0a9752df-beae-4611-b4a6-0d792c2d3a15/element [7.895239ms] ERR:404 body={"strategy":"-android uiautomator","selector":"new UiSelector().descriptionContains(\"Tiếng Anh\")...
15:48:42.695760 POST /session/0a9752df-beae-4611-b4a6-0d792c2d3a15/element [8.409412ms] ERR:404 body={"strategy":"-android uiautomator","selector":"new UiSelector().textMatches(\"(?is).*\\QTiếng Anh\...
15:48:42.703677 POST /session/0a9752df-beae-4611-b4a6-0d792c2d3a15/element [7.849699ms] ERR:404 body={"strategy":"-android uiautomator","selector":"new UiSelector().descriptionMatches(\"(?is).*\\QTiế...
15:48:42.713635 POST /session/0a9752df-beae-4611-b4a6-0d792c2d3a15/element [9.889213ms] ERR:404 body={"strategy":"-android uiautomator","selector":"new UiSelector().textContains(\"Tiếng Anh\")"}
15:48:42.722223 POST /session/0a9752df-beae-4611-b4a6-0d792c2d3a15/element [8.525721ms] ERR:404 body={"strategy":"-android uiautomator","selector":"new UiSelector().descriptionContains(\"Tiếng Anh\")...
15:48:42.730484 POST /session/0a9752df-beae-4611-b4a6-0d792c2d3a15/element [8.207563ms] ERR:404 body={"strategy":"-android uiautomator","selector":"new UiSelector().textMatches(\"(?is).*\\QTiếng Anh\...
15:48:42.742400 POST /session/0a9752df-beae-4611-b4a6-0d792c2d3a15/element [11.844151ms] ERR:404 body={"strategy":"-android uiautomator","selector":"new UiSelector().descriptionMatches(\"(?is).*\\QTiế...
15:48:42.754598 POST /session/0a9752df-beae-4611-b4a6-0d792c2d3a15/element [12.136751ms] ERR:404 body={"strategy":"-android uiautomator","selector":"new UiSelector().textContains(\"Tiếng Anh\")"}
15:48:42.764823 POST /session/0a9752df-beae-4611-b4a6-0d792c2d3a15/element [10.180225ms] ERR:404 body={"strategy":"-android uiautomator","selector":"new UiSelector().descriptionContains(\"Tiếng Anh\")...
15:48:42.774712 POST /session/0a9752df-beae-4611-b4a6-0d792c2d3a15/element [9.839798ms] ERR:404 body={"strategy":"-android uiautomator","selector":"new UiSelector().textMatches(\"(?is).*\\QTiếng Anh\...
15:48:42.784443 POST /session/0a9752df-beae-4611-b4a6-0d792c2d3a15/element [9.638859ms] ERR:404 body={"strategy":"-android uiautomator","selector":"new UiSelector().descriptionMatches(\"(?is).*\\QTiế...
15:48:42.793055 POST /session/0a9752df-beae-4611-b4a6-0d792c2d3a15/element [8.537916ms] ERR:404 body={"strategy":"-android uiautomator","selector":"new UiSelector().textContains(\"Tiếng Anh\")"}
15:48:42.801705 POST /session/0a9752df-beae-4611-b4a6-0d792c2d3a15/element [8.566134ms] ERR:404 body={"strategy":"-android uiautomator","selector":"new UiSelector().descriptionContains(\"Tiếng Anh\")...
15:48:42.810670 POST /session/0a9752df-beae-4611-b4a6-0d792c2d3a15/element [8.91869ms] ERR:404 body={"strategy":"-android uiautomator","selector":"new UiSelector().textMatches(\"(?is).*\\QTiếng Anh\...
15:48:42.818782 POST /session/0a9752df-beae-4611-b4a6-0d792c2d3a15/element [8.05185ms] ERR:404 body={"strategy":"-android uiautomator","selector":"new UiSelector().descriptionMatches(\"(?is).*\\QTiế...
15:48:42.834395 POST /session/0a9752df-beae-4611-b4a6-0d792c2d3a15/element [15.540154ms] ERR:404 body={"strategy":"-android uiautomator","selector":"new UiSelector().textContains(\"Tiếng Anh\")"}
15:48:42.843892 POST /session/0a9752df-beae-4611-b4a6-0d792c2d3a15/element [9.434538ms] ERR:404 body={"strategy":"-android uiautomator","selector":"new UiSelector().descriptionContains(\"Tiếng Anh\")...
15:48:42.853725 POST /session/0a9752df-beae-4611-b4a6-0d792c2d3a15/element [9.735239ms] ERR:404 body={"strategy":"-android uiautomator","selector":"new UiSelector().textMatches(\"(?is).*\\QTiếng Anh\...
15:48:42.861321 POST /session/0a9752df-beae-4611-b4a6-0d792c2d3a15/element [7.54688ms] ERR:404 body={"strategy":"-android uiautomator","selector":"new UiSelector().descriptionMatches(\"(?is).*\\QTiế...
15:48:42.870443 POST /session/0a9752df-beae-4611-b4a6-0d792c2d3a15/element [9.043384ms] ERR:404 body={"strategy":"-android uiautomator","selector":"new UiSelector().textContains(\"Tiếng Anh\")"}
15:48:42.879799 POST /session/0a9752df-beae-4611-b4a6-0d792c2d3a15/element [9.285675ms] ERR:404 body={"strategy":"-android uiautomator","selector":"new UiSelector().descriptionContains(\"Tiếng Anh\")...
15:48:42.889195 POST /session/0a9752df-beae-4611-b4a6-0d792c2d3a15/element [9.305951ms] ERR:404 body={"strategy":"-android uiautomator","selector":"new UiSelector().textMatches(\"(?is).*\\QTiếng Anh\...
15:48:42.898679 POST /session/0a9752df-beae-4611-b4a6-0d792c2d3a15/element [9.416694ms] ERR:404 body={"strategy":"-android uiautomator","selector":"new UiSelector().descriptionMatches(\"(?is).*\\QTiế...
15:48:42.906573 POST /session/0a9752df-beae-4611-b4a6-0d792c2d3a15/element [7.843644ms] ERR:404 body={"strategy":"-android uiautomator","selector":"new UiSelector().textContains(\"Tiếng Anh\")"}
15:48:42.915228 POST /session/0a9752df-beae-4611-b4a6-0d792c2d3a15/element [8.595271ms] ERR:404 body={"strategy":"-android uiautomator","selector":"new UiSelector().descriptionContains(\"Tiếng Anh\")...
15:48:42.923247 POST /session/0a9752df-beae-4611-b4a6-0d792c2d3a15/element [7.967447ms] ERR:404 body={"strategy":"-android uiautomator","selector":"new UiSelector().textMatches(\"(?is).*\\QTiếng Anh\...
15:48:42.931663 POST /session/0a9752df-beae-4611-b4a6-0d792c2d3a15/element [8.369423ms] ERR:404 body={"strategy":"-android uiautomator","selector":"new UiSelector().descriptionMatches(\"(?is).*\\QTiế...
15:48:42.939880 POST /session/0a9752df-beae-4611-b4a6-0d792c2d3a15/element [8.164329ms] ERR:404 body={"strategy":"-android uiautomator","selector":"new UiSelector().textContains(\"Tiếng Anh\")"}
15:48:42.947183 POST /session/0a9752df-beae-4611-b4a6-0d792c2d3a15/element [7.23848ms] ERR:404 body={"strategy":"-android uiautomator","selector":"new UiSelector().descriptionContains(\"Tiếng Anh\")...
15:48:42.956047 POST /session/0a9752df-beae-4611-b4a6-0d792c2d3a15/element [8.774259ms] ERR:404 body={"strategy":"-android uiautomator","selector":"new UiSelector().textMatches(\"(?is).*\\QTiếng Anh\...
15:48:42.965170 POST /session/0a9752df-beae-4611-b4a6-0d792c2d3a15/element [9.031708ms] ERR:404 body={"strategy":"-android uiautomator","selector":"new UiSelector().descriptionMatches(\"(?is).*\\QTiế...
15:48:42.972877 POST /session/0a9752df-beae-4611-b4a6-0d792c2d3a15/element [7.641618ms] ERR:404 body={"strategy":"-android uiautomator","selector":"new UiSelector().textContains(\"Tiếng Anh\")"}
15:48:42.980112 POST /session/0a9752df-beae-4611-b4a6-0d792c2d3a15/element [7.170125ms] ERR:404 body={"strategy":"-android uiautomator","selector":"new UiSelector().descriptionContains(\"Tiếng Anh\")...
15:48:42.988724 POST /session/0a9752df-beae-4611-b4a6-0d792c2d3a15/element [8.54651ms] ERR:404 body={"strategy":"-android uiautomator","selector":"new UiSelector().textMatches(\"(?is).*\\QTiếng Anh\...
15:48:42.995676 POST /session/0a9752df-beae-4611-b4a6-0d792c2d3a15/element [6.868702ms] ERR:404 body={"strategy":"-android uiautomator","selector":"new UiSelector().descriptionMatches(\"(?is).*\\QTiế...
15:48:43.002489 POST /session/0a9752df-beae-4611-b4a6-0d792c2d3a15/element [6.747771ms] ERR:404 body={"strategy":"-android uiautomator","selector":"new UiSelector().textContains(\"Tiếng Anh\")"}
15:48:43.008956 POST /session/0a9752df-beae-4611-b4a6-0d792c2d3a15/element [6.406965ms] ERR:404 body={"strategy":"-android uiautomator","selector":"new UiSelector().descriptionContains(\"Tiếng Anh\")...
15:48:43.017608 POST /session/0a9752df-beae-4611-b4a6-0d792c2d3a15/element [8.567123ms] ERR:404 body={"strategy":"-android uiautomator","selector":"new UiSelector().textMatches(\"(?is).*\\QTiếng Anh\...
15:48:43.025145 POST /session/0a9752df-beae-4611-b4a6-0d792c2d3a15/element [7.45496ms] ERR:404 body={"strategy":"-android uiautomator","selector":"new UiSelector().descriptionMatches(\"(?is).*\\QTiế...
15:48:43.032638 POST /session/0a9752df-beae-4611-b4a6-0d792c2d3a15/element [7.127538ms] ERR:404 body={"strategy":"-android uiautomator","selector":"new UiSelector().textContains(\"Tiếng Anh\")"}
15:48:43.041195 POST /session/0a9752df-beae-4611-b4a6-0d792c2d3a15/element [8.482325ms] ERR:404 body={"strategy":"-android uiautomator","selector":"new UiSelector().descriptionContains(\"Tiếng Anh\")...
15:48:43.048835 POST /session/0a9752df-beae-4611-b4a6-0d792c2d3a15/element [7.558467ms] ERR:404 body={"strategy":"-android uiautomator","selector":"new UiSelector().textMatches(\"(?is).*\\QTiếng Anh\...
15:48:43.058029 POST /session/0a9752df-beae-4611-b4a6-0d792c2d3a15/element [9.105041ms] ERR:404 body={"strategy":"-android uiautomator","selector":"new UiSelector().descriptionMatches(\"(?is).*\\QTiế...
15:48:43.067553 POST /session/0a9752df-beae-4611-b4a6-0d792c2d3a15/element [9.441248ms] ERR:404 body={"strategy":"-android uiautomator","selector":"new UiSelector().textContains(\"Tiếng Anh\")"}
15:48:43.075014 POST /session/0a9752df-beae-4611-b4a6-0d792c2d3a15/element [7.392815ms] ERR:404 body={"strategy":"-android uiautomator","selector":"new UiSelector().descriptionContains(\"Tiếng Anh\")...
15:48:43.081930 POST /session/0a9752df-beae-4611-b4a6-0d792c2d3a15/element [6.821798ms] ERR:404 body={"strategy":"-android uiautomator","selector":"new UiSelector().textMatches(\"(?is).*\\QTiếng Anh\...
15:48:43.088856 POST /session/0a9752df-beae-4611-b4a6-0d792c2d3a15/element [6.861232ms] ERR:404 body={"strategy":"-android uiautomator","selector":"new UiSelector().descriptionMatches(\"(?is).*\\QTiế...
15:48:43.096453 POST /session/0a9752df-beae-4611-b4a6-0d792c2d3a15/element [7.515995ms] ERR:404 body={"strategy":"-android uiautomator","selector":"new UiSelector().textContains(\"Tiếng Anh\")"}
15:48:43.103617 POST /session/0a9752df-beae-4611-b4a6-0d792c2d3a15/element [7.101068ms] ERR:404 body={"strategy":"-android uiautomator","selector":"new UiSelector().descriptionContains(\"Tiếng Anh\")...
15:48:43.110436 POST /session/0a9752df-beae-4611-b4a6-0d792c2d3a15/element [6.761344ms] ERR:404 body={"strategy":"-android uiautomator","selector":"new UiSelector().textMatches(\"(?is).*\\QTiếng Anh\...
15:48:43.117083 POST /session/0a9752df-beae-4611-b4a6-0d792c2d3a15/element [6.566785ms] ERR:404 body={"strategy":"-android uiautomator","selector":"new UiSelector().descriptionMatches(\"(?is).*\\QTiế...
15:48:43.123926 POST /session/0a9752df-beae-4611-b4a6-0d792c2d3a15/element [6.779729ms] ERR:404 body={"strategy":"-android uiautomator","selector":"new UiSelector().textContains(\"Tiếng Anh\")"}
15:48:43.132038 POST /session/0a9752df-beae-4611-b4a6-0d792c2d3a15/element [8.040608ms] ERR:404 body={"strategy":"-android uiautomator","selector":"new UiSelector().descriptionContains(\"Tiếng Anh\")...
15:48:43.139890 POST /session/0a9752df-beae-4611-b4a6-0d792c2d3a15/element [7.777085ms] ERR:404 body={"strategy":"-android uiautomator","selector":"new UiSelector().textMatches(\"(?is).*\\QTiếng Anh\...
15:48:43.147887 POST /session/0a9752df-beae-4611-b4a6-0d792c2d3a15/element [7.932595ms] ERR:404 body={"strategy":"-android uiautomator","selector":"new UiSelector().descriptionMatches(\"(?is).*\\QTiế...
15:48:43.155560 POST /session/0a9752df-beae-4611-b4a6-0d792c2d3a15/element [7.601104ms] ERR:404 body={"strategy":"-android uiautomator","selector":"new UiSelector().textContains(\"Tiếng Anh\")"}
15:48:43.164172 POST /session/0a9752df-beae-4611-b4a6-0d792c2d3a15/element [8.505334ms] ERR:404 body={"strategy":"-android uiautomator","selector":"new UiSelector().descriptionContains(\"Tiếng Anh\")...
15:48:43.171870 POST /session/0a9752df-beae-4611-b4a6-0d792c2d3a15/element [7.611354ms] ERR:404 body={"strategy":"-android uiautomator","selector":"new UiSelector().textMatches(\"(?is).*\\QTiếng Anh\...
15:48:43.179224 POST /session/0a9752df-beae-4611-b4a6-0d792c2d3a15/element [7.288794ms] ERR:404 body={"strategy":"-android uiautomator","selector":"new UiSelector().descriptionMatches(\"(?is).*\\QTiế...
15:48:43.186182 POST /session/0a9752df-beae-4611-b4a6-0d792c2d3a15/element [6.883126ms] ERR:404 body={"strategy":"-android uiautomator","selector":"new UiSelector().textContains(\"Tiếng Anh\")"}
15:48:43.195327 POST /session/0a9752df-beae-4611-b4a6-0d792c2d3a15/element [9.07726ms] ERR:404 body={"strategy":"-android uiautomator","selector":"new UiSelector().descriptionContains(\"Tiếng Anh\")...
15:48:43.202763 POST /session/0a9752df-beae-4611-b4a6-0d792c2d3a15/element [7.360555ms] ERR:404 body={"strategy":"-android uiautomator","selector":"new UiSelector().textMatches(\"(?is).*\\QTiếng Anh\...
15:48:43.209867 POST /session/0a9752df-beae-4611-b4a6-0d792c2d3a15/element [7.034965ms] ERR:404 body={"strategy":"-android uiautomator","selector":"new UiSelector().descriptionMatches(\"(?is).*\\QTiế...
15:48:43.216816 POST /session/0a9752df-beae-4611-b4a6-0d792c2d3a15/element [6.881211ms] ERR:404 body={"strategy":"-android uiautomator","selector":"new UiSelector().textContains(\"Tiếng Anh\")"}
15:48:43.223487 POST /session/0a9752df-beae-4611-b4a6-0d792c2d3a15/element [6.609263ms] ERR:404 body={"strategy":"-android uiautomator","selector":"new UiSelector().descriptionContains(\"Tiếng Anh\")...
15:48:43.232221 POST /session/0a9752df-beae-4611-b4a6-0d792c2d3a15/element [8.66506ms] ERR:404 body={"strategy":"-android uiautomator","selector":"new UiSelector().textMatches(\"(?is).*\\QTiếng Anh\...
15:48:43.239935 POST /session/0a9752df-beae-4611-b4a6-0d792c2d3a15/element [7.674358ms] ERR:404 body={"strategy":"-android uiautomator","selector":"new UiSelector().descriptionMatches(\"(?is).*\\QTiế...
15:48:43.247484 POST /session/0a9752df-beae-4611-b4a6-0d792c2d3a15/element [7.495402ms] ERR:404 body={"strategy":"-android uiautomator","selector":"new UiSelector().textContains(\"Tiếng Anh\")"}
15:48:43.256068 POST /session/0a9752df-beae-4611-b4a6-0d792c2d3a15/element [8.508727ms] ERR:404 body={"strategy":"-android uiautomator","selector":"new UiSelector().descriptionContains(\"Tiếng Anh\")...
15:48:43.265300 POST /session/0a9752df-beae-4611-b4a6-0d792c2d3a15/element [9.166942ms] ERR:404 body={"strategy":"-android uiautomator","selector":"new UiSelector().textMatches(\"(?is).*\\QTiếng Anh\...
15:48:43.273433 POST /session/0a9752df-beae-4611-b4a6-0d792c2d3a15/element [8.093741ms] ERR:404 body={"strategy":"-android uiautomator","selector":"new UiSelector().descriptionMatches(\"(?is).*\\QTiế...
15:48:43.283208 POST /session/0a9752df-beae-4611-b4a6-0d792c2d3a15/element [9.725509ms] ERR:404 body={"strategy":"-android uiautomator","selector":"new UiSelector().textContains(\"Tiếng Anh\")"}
15:48:43.291650 POST /session/0a9752df-beae-4611-b4a6-0d792c2d3a15/element [8.383404ms] ERR:404 body={"strategy":"-android uiautomator","selector":"new UiSelector().descriptionContains(\"Tiếng Anh\")...
15:48:43.298887 POST /session/0a9752df-beae-4611-b4a6-0d792c2d3a15/element [7.154546ms] ERR:404 body={"strategy":"-android uiautomator","selector":"new UiSelector().textMatches(\"(?is).*\\QTiếng Anh\...
15:48:43.315563 POST /session/0a9752df-beae-4611-b4a6-0d792c2d3a15/element [16.610623ms] ERR:404 body={"strategy":"-android uiautomator","selector":"new UiSelector().descriptionMatches(\"(?is).*\\QTiế...
15:48:43.322810 POST /session/0a9752df-beae-4611-b4a6-0d792c2d3a15/element [7.183934ms] ERR:404 body={"strategy":"-android uiautomator","selector":"new UiSelector().textContains(\"Tiếng Anh\")"}
15:48:43.329277 POST /session/0a9752df-beae-4611-b4a6-0d792c2d3a15/element [6.40117ms] ERR:404 body={"strategy":"-android uiautomator","selector":"new UiSelector().descriptionContains(\"Tiếng Anh\")...
15:48:43.336691 POST /session/0a9752df-beae-4611-b4a6-0d792c2d3a15/element [7.331984ms] ERR:404 body={"strategy":"-android uiautomator","selector":"new UiSelector().textMatches(\"(?is).*\\QTiếng Anh\...
15:48:43.344512 POST /session/0a9752df-beae-4611-b4a6-0d792c2d3a15/element [7.753443ms] ERR:404 body={"strategy":"-android uiautomator","selector":"new UiSelector().descriptionMatches(\"(?is).*\\QTiế...
15:48:43.352750 POST /session/0a9752df-beae-4611-b4a6-0d792c2d3a15/element [8.167963ms] ERR:404 body={"strategy":"-android uiautomator","selector":"new UiSelector().textContains(\"Tiếng Anh\")"}
15:48:43.359624 POST /session/0a9752df-beae-4611-b4a6-0d792c2d3a15/element [6.802856ms] ERR:404 body={"strategy":"-android uiautomator","selector":"new UiSelector().descriptionContains(\"Tiếng Anh\")...
15:48:43.367998 POST /session/0a9752df-beae-4611-b4a6-0d792c2d3a15/element [8.301322ms] ERR:404 body={"strategy":"-android uiautomator","selector":"new UiSelector().textMatches(\"(?is).*\\QTiếng Anh\...
15:48:43.375966 POST /session/0a9752df-beae-4611-b4a6-0d792c2d3a15/element [7.888905ms] ERR:404 body={"strategy":"-android uiautomator","selector":"new UiSelector().descriptionMatches(\"(?is).*\\QTiế...
15:48:43.382750 POST /session/0a9752df-beae-4611-b4a6-0d792c2d3a15/element [6.716484ms] ERR:404 body={"strategy":"-android uiautomator","selector":"new UiSelector().textContains(\"Tiếng Anh\")"}
15:48:43.389329 POST /session/0a9752df-beae-4611-b4a6-0d792c2d3a15/element [6.513201ms] ERR:404 body={"strategy":"-android uiautomator","selector":"new UiSelector().descriptionContains(\"Tiếng Anh\")...
15:48:43.395974 POST /session/0a9752df-beae-4611-b4a6-0d792c2d3a15/element [6.579486ms] ERR:404 body={"strategy":"-android uiautomator","selector":"new UiSelector().textMatches(\"(?is).*\\QTiếng Anh\...
15:48:43.402860 POST /session/0a9752df-beae-4611-b4a6-0d792c2d3a15/element [6.820325ms] ERR:404 body={"strategy":"-android uiautomator","selector":"new UiSelector().descriptionMatches(\"(?is).*\\QTiế...
15:48:43.409974 POST /session/0a9752df-beae-4611-b4a6-0d792c2d3a15/element [7.044874ms] ERR:404 body={"strategy":"-android uiautomator","selector":"new UiSelector().textContains(\"Tiếng Anh\")"}
15:48:43.416712 POST /session/0a9752df-beae-4611-b4a6-0d792c2d3a15/element [6.650968ms] ERR:404 body={"strategy":"-android uiautomator","selector":"new UiSelector().descriptionContains(\"Tiếng Anh\")...
15:48:43.430483 POST /session/0a9752df-beae-4611-b4a6-0d792c2d3a15/element [13.702084ms] ERR:404 body={"strategy":"-android uiautomator","selector":"new UiSelector().textMatches(\"(?is).*\\QTiếng Anh\...
15:48:43.439576 POST /session/0a9752df-beae-4611-b4a6-0d792c2d3a15/element [9.012281ms] ERR:404 body={"strategy":"-android uiautomator","selector":"new UiSelector().descriptionMatches(\"(?is).*\\QTiế...
15:48:43.446932 POST /session/0a9752df-beae-4611-b4a6-0d792c2d3a15/element [7.261182ms] ERR:404 body={"strategy":"-android uiautomator","selector":"new UiSelector().textContains(\"Tiếng Anh\")"}
15:48:43.453820 POST /session/0a9752df-beae-4611-b4a6-0d792c2d3a15/element [6.788986ms] ERR:404 body={"strategy":"-android uiautomator","selector":"new UiSelector().descriptionContains(\"Tiếng Anh\")...
15:48:43.462008 POST /session/0a9752df-beae-4611-b4a6-0d792c2d3a15/element [8.129221ms] ERR:404 body={"strategy":"-android uiautomator","selector":"new UiSelector().textMatches(\"(?is).*\\QTiếng Anh\...
15:48:43.471985 POST /session/0a9752df-beae-4611-b4a6-0d792c2d3a15/element [9.916964ms] ERR:404 body={"strategy":"-android uiautomator","selector":"new UiSelector().descriptionMatches(\"(?is).*\\QTiế...
15:48:43.480527 POST /session/0a9752df-beae-4611-b4a6-0d792c2d3a15/element [8.463403ms] ERR:404 body={"strategy":"-android uiautomator","selector":"new UiSelector().textContains(\"Tiếng Anh\")"}
15:48:43.488771 POST /session/0a9752df-beae-4611-b4a6-0d792c2d3a15/element [8.152365ms] ERR:404 body={"strategy":"-android uiautomator","selector":"new UiSelector().descriptionContains(\"Tiếng Anh\")...
15:48:43.495717 POST /session/0a9752df-beae-4611-b4a6-0d792c2d3a15/element [6.871765ms] ERR:404 body={"strategy":"-android uiautomator","selector":"new UiSelector().textMatches(\"(?is).*\\QTiếng Anh\...
15:48:43.504737 POST /session/0a9752df-beae-4611-b4a6-0d792c2d3a15/element [8.933013ms] ERR:404 body={"strategy":"-android uiautomator","selector":"new UiSelector().descriptionMatches(\"(?is).*\\QTiế...
15:48:43.512567 POST /session/0a9752df-beae-4611-b4a6-0d792c2d3a15/element [7.782062ms] ERR:404 body={"strategy":"-android uiautomator","selector":"new UiSelector().textContains(\"Tiếng Anh\")"}
15:48:43.520218 POST /session/0a9752df-beae-4611-b4a6-0d792c2d3a15/element [7.598116ms] ERR:404 body={"strategy":"-android uiautomator","selector":"new UiSelector().descriptionContains(\"Tiếng Anh\")...
15:48:43.527552 POST /session/0a9752df-beae-4611-b4a6-0d792c2d3a15/element [7.243626ms] ERR:404 body={"strategy":"-android uiautomator","selector":"new UiSelector().textMatches(\"(?is).*\\QTiếng Anh\...
15:48:43.534487 POST /session/0a9752df-beae-4611-b4a6-0d792c2d3a15/element [6.866407ms] ERR:404 body={"strategy":"-android uiautomator","selector":"new UiSelector().descriptionMatches(\"(?is).*\\QTiế...
15:48:43.542201 POST /session/0a9752df-beae-4611-b4a6-0d792c2d3a15/element [7.651085ms] ERR:404 body={"strategy":"-android uiautomator","selector":"new UiSelector().textContains(\"Tiếng Anh\")"}
15:48:43.548945 POST /session/0a9752df-beae-4611-b4a6-0d792c2d3a15/element [6.645423ms] ERR:404 body={"strategy":"-android uiautomator","selector":"new UiSelector().descriptionContains(\"Tiếng Anh\")...
15:48:43.555977 POST /session/0a9752df-beae-4611-b4a6-0d792c2d3a15/element [6.97186ms] ERR:404 body={"strategy":"-android uiautomator","selector":"new UiSelector().textMatches(\"(?is).*\\QTiếng Anh\...
15:48:43.562620 POST /session/0a9752df-beae-4611-b4a6-0d792c2d3a15/element [6.572393ms] ERR:404 body={"strategy":"-android uiautomator","selector":"new UiSelector().descriptionMatches(\"(?is).*\\QTiế...
15:48:43.577612 POST /session/0a9752df-beae-4611-b4a6-0d792c2d3a15/element [14.93424ms] ERR:404 body={"strategy":"-android uiautomator","selector":"new UiSelector().textContains(\"Tiếng Anh\")"}
15:48:43.585672 POST /session/0a9752df-beae-4611-b4a6-0d792c2d3a15/element [7.979502ms] ERR:404 body={"strategy":"-android uiautomator","selector":"new UiSelector().descriptionContains(\"Tiếng Anh\")...
15:48:43.592510 POST /session/0a9752df-beae-4611-b4a6-0d792c2d3a15/element [6.76222ms] ERR:404 body={"strategy":"-android uiautomator","selector":"new UiSelector().textMatches(\"(?is).*\\QTiếng Anh\...
15:48:43.599374 POST /session/0a9752df-beae-4611-b4a6-0d792c2d3a15/element [6.794452ms] ERR:404 body={"strategy":"-android uiautomator","selector":"new UiSelector().descriptionMatches(\"(?is).*\\QTiế...
15:48:43.605955 POST /session/0a9752df-beae-4611-b4a6-0d792c2d3a15/element [6.508363ms] ERR:404 body={"strategy":"-android uiautomator","selector":"new UiSelector().textContains(\"Tiếng Anh\")"}
15:48:43.613617 POST /session/0a9752df-beae-4611-b4a6-0d792c2d3a15/element [7.367137ms] ERR:404 body={"strategy":"-android uiautomator","selector":"new UiSelector().descriptionContains(\"Tiếng Anh\")...
15:48:43.622955 POST /session/0a9752df-beae-4611-b4a6-0d792c2d3a15/element [9.26344ms] ERR:404 body={"strategy":"-android uiautomator","selector":"new UiSelector().textMatches(\"(?is).*\\QTiếng Anh\...
15:48:43.629904 POST /session/0a9752df-beae-4611-b4a6-0d792c2d3a15/element [6.873039ms] ERR:404 body={"strategy":"-android uiautomator","selector":"new UiSelector().descriptionMatches(\"(?is).*\\QTiế...
15:48:43.636956 POST /session/0a9752df-beae-4611-b4a6-0d792c2d3a15/element [6.982257ms] ERR:404 body={"strategy":"-android uiautomator","selector":"new UiSelector().textContains(\"Tiếng Anh\")"}
15:48:43.643627 POST /session/0a9752df-beae-4611-b4a6-0d792c2d3a15/element [6.602549ms] ERR:404 body={"strategy":"-android uiautomator","selector":"new UiSelector().descriptionContains(\"Tiếng Anh\")...
15:48:43.652524 POST /session/0a9752df-beae-4611-b4a6-0d792c2d3a15/element [8.835359ms] ERR:404 body={"strategy":"-android uiautomator","selector":"new UiSelector().textMatches(\"(?is).*\\QTiếng Anh\...
15:48:43.660339 POST /session/0a9752df-beae-4611-b4a6-0d792c2d3a15/element [7.742858ms] ERR:404 body={"strategy":"-android uiautomator","selector":"new UiSelector().descriptionMatches(\"(?is).*\\QTiế...
15:48:43.668102 POST /session/0a9752df-beae-4611-b4a6-0d792c2d3a15/element [7.715334ms] ERR:404 body={"strategy":"-android uiautomator","selector":"new UiSelector().textContains(\"Tiếng Anh\")"}
15:48:43.676630 POST /session/0a9752df-beae-4611-b4a6-0d792c2d3a15/element [8.454947ms] ERR:404 body={"strategy":"-android uiautomator","selector":"new UiSelector().descriptionContains(\"Tiếng Anh\")...
15:48:43.684715 POST /session/0a9752df-beae-4611-b4a6-0d792c2d3a15/element [8.008216ms] ERR:404 body={"strategy":"-android uiautomator","selector":"new UiSelector().textMatches(\"(?is).*\\QTiếng Anh\...
15:48:43.691795 POST /session/0a9752df-beae-4611-b4a6-0d792c2d3a15/element [7.004248ms] ERR:404 body={"strategy":"-android uiautomator","selector":"new UiSelector().descriptionMatches(\"(?is).*\\QTiế...
15:48:43.698391 POST /session/0a9752df-beae-4611-b4a6-0d792c2d3a15/element [6.530824ms] ERR:404 body={"strategy":"-android uiautomator","selector":"new UiSelector().textContains(\"Tiếng Anh\")"}
15:48:43.713128 POST /session/0a9752df-beae-4611-b4a6-0d792c2d3a15/element [14.674826ms] ERR:404 body={"strategy":"-android uiautomator","selector":"new UiSelector().descriptionContains(\"Tiếng Anh\")...
15:48:43.720331 POST /session/0a9752df-beae-4611-b4a6-0d792c2d3a15/element [7.140277ms] ERR:404 body={"strategy":"-android uiautomator","selector":"new UiSelector().textMatches(\"(?is).*\\QTiếng Anh\...
15:48:43.728047 POST /session/0a9752df-beae-4611-b4a6-0d792c2d3a15/element [7.642295ms] ERR:404 body={"strategy":"-android uiautomator","selector":"new UiSelector().descriptionMatches(\"(?is).*\\QTiế...
15:48:43.734802 POST /session/0a9752df-beae-4611-b4a6-0d792c2d3a15/element [6.678238ms] ERR:404 body={"strategy":"-android uiautomator","selector":"new UiSelector().textContains(\"Tiếng Anh\")"}
15:48:43.741444 POST /session/0a9752df-beae-4611-b4a6-0d792c2d3a15/element [6.560989ms] ERR:404 body={"strategy":"-android uiautomator","selector":"new UiSelector().descriptionContains(\"Tiếng Anh\")...
15:48:43.748214 POST /session/0a9752df-beae-4611-b4a6-0d792c2d3a15/element [6.694451ms] ERR:404 body={"strategy":"-android uiautomator","selector":"new UiSelector().textMatches(\"(?is).*\\QTiếng Anh\...
15:48:43.755180 POST /session/0a9752df-beae-4611-b4a6-0d792c2d3a15/element [6.897486ms] ERR:404 body={"strategy":"-android uiautomator","selector":"new UiSelector().descriptionMatches(\"(?is).*\\QTiế...
15:48:43.761634 POST /session/0a9752df-beae-4611-b4a6-0d792c2d3a15/element [6.385302ms] ERR:404 body={"strategy":"-android uiautomator","selector":"new UiSelector().textContains(\"Tiếng Anh\")"}
15:48:43.768016 POST /session/0a9752df-beae-4611-b4a6-0d792c2d3a15/element [6.311609ms] ERR:404 body={"strategy":"-android uiautomator","selector":"new UiSelector().descriptionContains(\"Tiếng Anh\")...
15:48:43.774440 POST /session/0a9752df-beae-4611-b4a6-0d792c2d3a15/element [6.337216ms] ERR:404 body={"strategy":"-android uiautomator","selector":"new UiSelector().textMatches(\"(?is).*\\QTiếng Anh\...
15:48:43.781905 POST /session/0a9752df-beae-4611-b4a6-0d792c2d3a15/element [7.401243ms] ERR:404 body={"strategy":"-android uiautomator","selector":"new UiSelector().descriptionMatches(\"(?is).*\\QTiế...
15:48:43.789530 POST /session/0a9752df-beae-4611-b4a6-0d792c2d3a15/element [7.55317ms] ERR:404 body={"strategy":"-android uiautomator","selector":"new UiSelector().textContains(\"Tiếng Anh\")"}
15:48:43.795788 POST /session/0a9752df-beae-4611-b4a6-0d792c2d3a15/element [6.191381ms] ERR:404 body={"strategy":"-android uiautomator","selector":"new UiSelector().descriptionContains(\"Tiếng Anh\")...
15:48:43.802434 POST /session/0a9752df-beae-4611-b4a6-0d792c2d3a15/element [6.569285ms] ERR:404 body={"strategy":"-android uiautomator","selector":"new UiSelector().textMatches(\"(?is).*\\QTiếng Anh\...
15:48:43.808809 POST /session/0a9752df-beae-4611-b4a6-0d792c2d3a15/element [6.309686ms] ERR:404 body={"strategy":"-android uiautomator","selector":"new UiSelector().descriptionMatches(\"(?is).*\\QTiế...
15:48:43.815139 POST /session/0a9752df-beae-4611-b4a6-0d792c2d3a15/element [6.252974ms] ERR:404 body={"strategy":"-android uiautomator","selector":"new UiSelector().textContains(\"Tiếng Anh\")"}
15:48:43.821638 POST /session/0a9752df-beae-4611-b4a6-0d792c2d3a15/element [6.428313ms] ERR:404 body={"strategy":"-android uiautomator","selector":"new UiSelector().descriptionContains(\"Tiếng Anh\")...
15:48:43.828234 POST /session/0a9752df-beae-4611-b4a6-0d792c2d3a15/element [6.529721ms] ERR:404 body={"strategy":"-android uiautomator","selector":"new UiSelector().textMatches(\"(?is).*\\QTiếng Anh\...
15:48:43.839624 POST /session/0a9752df-beae-4611-b4a6-0d792c2d3a15/element [11.326835ms] ERR:404 body={"strategy":"-android uiautomator","selector":"new UiSelector().descriptionMatches(\"(?is).*\\QTiế...
15:48:43.846763 POST /session/0a9752df-beae-4611-b4a6-0d792c2d3a15/element [7.070481ms] ERR:404 body={"strategy":"-android uiautomator","selector":"new UiSelector().textContains(\"Tiếng Anh\")"}
15:48:43.854513 POST /session/0a9752df-beae-4611-b4a6-0d792c2d3a15/element [7.672213ms] ERR:404 body={"strategy":"-android uiautomator","selector":"new UiSelector().descriptionContains(\"Tiếng Anh\")...
15:48:43.862472 POST /session/0a9752df-beae-4611-b4a6-0d792c2d3a15/element [7.885926ms] ERR:404 body={"strategy":"-android uiautomator","selector":"new UiSelector().textMatches(\"(?is).*\\QTiếng Anh\...
15:48:43.872105 POST /session/0a9752df-beae-4611-b4a6-0d792c2d3a15/element [9.569984ms] ERR:404 body={"strategy":"-android uiautomator","selector":"new UiSelector().descriptionMatches(\"(?is).*\\QTiế...
15:48:43.881403 POST /session/0a9752df-beae-4611-b4a6-0d792c2d3a15/element [9.242758ms] ERR:404 body={"strategy":"-android uiautomator","selector":"new UiSelector().textContains(\"Tiếng Anh\")"}
15:48:43.890337 POST /session/0a9752df-beae-4611-b4a6-0d792c2d3a15/element [8.867601ms] ERR:404 body={"strategy":"-android uiautomator","selector":"new UiSelector().descriptionContains(\"Tiếng Anh\")...
15:48:43.898299 POST /session/0a9752df-beae-4611-b4a6-0d792c2d3a15/element [7.891057ms] ERR:404 body={"strategy":"-android uiautomator","selector":"new UiSelector().textMatches(\"(?is).*\\QTiếng Anh\...
15:48:43.906386 POST /session/0a9752df-beae-4611-b4a6-0d792c2d3a15/element [8.01259ms] ERR:404 body={"strategy":"-android uiautomator","selector":"new UiSelector().descriptionMatches(\"(?is).*\\QTiế...
15:48:43.913666 POST /session/0a9752df-beae-4611-b4a6-0d792c2d3a15/element [7.232231ms] ERR:404 body={"strategy":"-android uiautomator","selector":"new UiSelector().textContains(\"Tiếng Anh\")"}
15:48:43.920284 POST /session/0a9752df-beae-4611-b4a6-0d792c2d3a15/element [6.554126ms] ERR:404 body={"strategy":"-android uiautomator","selector":"new UiSelector().descriptionContains(\"Tiếng Anh\")...
15:48:43.926718 POST /session/0a9752df-beae-4611-b4a6-0d792c2d3a15/element [6.366613ms] ERR:404 body={"strategy":"-android uiautomator","selector":"new UiSelector().textMatches(\"(?is).*\\QTiếng Anh\...
15:48:43.935413 POST /session/0a9752df-beae-4611-b4a6-0d792c2d3a15/element [8.605317ms] ERR:404 body={"strategy":"-android uiautomator","selector":"new UiSelector().descriptionMatches(\"(?is).*\\QTiế...
15:48:43.944193 POST /session/0a9752df-beae-4611-b4a6-0d792c2d3a15/element [8.715703ms] ERR:404 body={"strategy":"-android uiautomator","selector":"new UiSelector().textContains(\"Tiếng Anh\")"}
15:48:43.952046 POST /session/0a9752df-beae-4611-b4a6-0d792c2d3a15/element [7.794069ms] ERR:404 body={"strategy":"-android uiautomator","selector":"new UiSelector().descriptionContains(\"Tiếng Anh\")...
15:48:43.959514 POST /session/0a9752df-beae-4611-b4a6-0d792c2d3a15/element [7.388004ms] ERR:404 body={"strategy":"-android uiautomator","selector":"new UiSelector().textMatches(\"(?is).*\\QTiếng Anh\...
15:48:43.965828 POST /session/0a9752df-beae-4611-b4a6-0d792c2d3a15/element [6.244788ms] ERR:404 body={"strategy":"-android uiautomator","selector":"new UiSelector().descriptionMatches(\"(?is).*\\QTiế...
15:48:43.974335 POST /session/0a9752df-beae-4611-b4a6-0d792c2d3a15/element [8.410387ms] ERR:404 body={"strategy":"-android uiautomator","selector":"new UiSelector().textContains(\"Tiếng Anh\")"}
15:48:43.981977 POST /session/0a9752df-beae-4611-b4a6-0d792c2d3a15/element [7.590533ms] ERR:404 body={"strategy":"-android uiautomator","selector":"new UiSelector().descriptionContains(\"Tiếng Anh\")...
15:48:43.990822 POST /session/0a9752df-beae-4611-b4a6-0d792c2d3a15/element [8.782409ms] ERR:404 body={"strategy":"-android uiautomator","selector":"new UiSelector().textMatches(\"(?is).*\\QTiếng Anh\...
15:48:43.998151 POST /session/0a9752df-beae-4611-b4a6-0d792c2d3a15/element [7.248871ms] ERR:404 body={"strategy":"-android uiautomator","selector":"new UiSelector().descriptionMatches(\"(?is).*\\QTiế...
15:48:44.011065 POST /session/0a9752df-beae-4611-b4a6-0d792c2d3a15/element [12.837938ms] ERR:404 body={"strategy":"-android uiautomator","selector":"new UiSelector().textContains(\"Tiếng Anh\")"}
15:48:44.019196 POST /session/0a9752df-beae-4611-b4a6-0d792c2d3a15/element [8.054612ms] ERR:404 body={"strategy":"-android uiautomator","selector":"new UiSelector().descriptionContains(\"Tiếng Anh\")...
15:48:44.025931 POST /session/0a9752df-beae-4611-b4a6-0d792c2d3a15/element [6.670716ms] ERR:404 body={"strategy":"-android uiautomator","selector":"new UiSelector().textMatches(\"(?is).*\\QTiếng Anh\...
15:48:44.032153 POST /session/0a9752df-beae-4611-b4a6-0d792c2d3a15/element [6.148032ms] ERR:404 body={"strategy":"-android uiautomator","selector":"new UiSelector().descriptionMatches(\"(?is).*\\QTiế...
15:48:44.038555 POST /session/0a9752df-beae-4611-b4a6-0d792c2d3a15/element [6.333992ms] ERR:404 body={"strategy":"-android uiautomator","selector":"new UiSelector().textContains(\"Tiếng Anh\")"}
15:48:44.044847 POST /session/0a9752df-beae-4611-b4a6-0d792c2d3a15/element [6.228878ms] ERR:404 body={"strategy":"-android uiautomator","selector":"new UiSelector().descriptionContains(\"Tiếng Anh\")...
15:48:44.051103 POST /session/0a9752df-beae-4611-b4a6-0d792c2d3a15/element [6.173158ms] ERR:404 body={"strategy":"-android uiautomator","selector":"new UiSelector().textMatches(\"(?is).*\\QTiếng Anh\...
15:48:44.057361 POST /session/0a9752df-beae-4611-b4a6-0d792c2d3a15/element [6.189908ms] ERR:404 body={"strategy":"-android uiautomator","selector":"new UiSelector().descriptionMatches(\"(?is).*\\QTiế...
15:48:44.063376 POST /session/0a9752df-beae-4611-b4a6-0d792c2d3a15/element [5.9496ms] ERR:404 body={"strategy":"-android uiautomator","selector":"new UiSelector().textContains(\"Tiếng Anh\")"}
15:48:44.070725 POST /session/0a9752df-beae-4611-b4a6-0d792c2d3a15/element [7.278405ms] ERR:404 body={"strategy":"-android uiautomator","selector":"new UiSelector().descriptionContains(\"Tiếng Anh\")...
15:48:44.079492 POST /session/0a9752df-beae-4611-b4a6-0d792c2d3a15/element [8.702582ms] ERR:404 body={"strategy":"-android uiautomator","selector":"new UiSelector().textMatches(\"(?is).*\\QTiếng Anh\...
15:48:44.086791 POST /session/0a9752df-beae-4611-b4a6-0d792c2d3a15/element [7.244686ms] ERR:404 body={"strategy":"-android uiautomator","selector":"new UiSelector().descriptionMatches(\"(?is).*\\QTiế...
15:48:44.094580 POST /session/0a9752df-beae-4611-b4a6-0d792c2d3a15/element [7.719978ms] ERR:404 body={"strategy":"-android uiautomator","selector":"new UiSelector().textContains(\"Tiếng Anh\")"}
15:48:44.104432 POST /session/0a9752df-beae-4611-b4a6-0d792c2d3a15/element [9.756812ms] ERR:404 body={"strategy":"-android uiautomator","selector":"new UiSelector().descriptionContains(\"Tiếng Anh\")...
15:48:44.112806 POST /session/0a9752df-beae-4611-b4a6-0d792c2d3a15/element [8.315678ms] ERR:404 body={"strategy":"-android uiautomator","selector":"new UiSelector().textMatches(\"(?is).*\\QTiếng Anh\...
15:48:44.121458 POST /session/0a9752df-beae-4611-b4a6-0d792c2d3a15/element [8.569783ms] ERR:404 body={"strategy":"-android uiautomator","selector":"new UiSelector().descriptionMatches(\"(?is).*\\QTiế...
15:48:44.128582 POST /session/0a9752df-beae-4611-b4a6-0d792c2d3a15/element [7.061598ms] ERR:404 body={"strategy":"-android uiautomator","selector":"new UiSelector().textContains(\"Tiếng Anh\")"}
15:48:44.135111 POST /session/0a9752df-beae-4611-b4a6-0d792c2d3a15/element [6.466062ms] ERR:404 body={"strategy":"-android uiautomator","selector":"new UiSelector().descriptionContains(\"Tiếng Anh\")...
15:48:44.148380 POST /session/0a9752df-beae-4611-b4a6-0d792c2d3a15/element [13.17219ms] ERR:404 body={"strategy":"-android uiautomator","selector":"new UiSelector().textMatches(\"(?is).*\\QTiếng Anh\...
15:48:44.155003 POST /session/0a9752df-beae-4611-b4a6-0d792c2d3a15/element [6.546275ms] ERR:404 body={"strategy":"-android uiautomator","selector":"new UiSelector().descriptionMatches(\"(?is).*\\QTiế...
15:48:44.163693 POST /session/0a9752df-beae-4611-b4a6-0d792c2d3a15/element [8.620578ms] ERR:404 body={"strategy":"-android uiautomator","selector":"new UiSelector().textContains(\"Tiếng Anh\")"}
15:48:44.171332 POST /session/0a9752df-beae-4611-b4a6-0d792c2d3a15/element [7.576745ms] ERR:404 body={"strategy":"-android uiautomator","selector":"new UiSelector().descriptionContains(\"Tiếng Anh\")...
15:48:44.179008 POST /session/0a9752df-beae-4611-b4a6-0d792c2d3a15/element [7.610414ms] ERR:404 body={"strategy":"-android uiautomator","selector":"new UiSelector().textMatches(\"(?is).*\\QTiếng Anh\...
15:48:44.188440 POST /session/0a9752df-beae-4611-b4a6-0d792c2d3a15/element [9.215803ms] ERR:404 body={"strategy":"-android uiautomator","selector":"new UiSelector().descriptionMatches(\"(?is).*\\QTiế...
15:48:44.204407 POST /session/0a9752df-beae-4611-b4a6-0d792c2d3a15/element [15.88623ms] ERR:404 body={"strategy":"-android uiautomator","selector":"new UiSelector().textContains(\"Tiếng Anh\")"}
15:48:44.211067 POST /session/0a9752df-beae-4611-b4a6-0d792c2d3a15/element [6.581631ms] ERR:404 body={"strategy":"-android uiautomator","selector":"new UiSelector().descriptionContains(\"Tiếng Anh\")...
15:48:44.220654 POST /session/0a9752df-beae-4611-b4a6-0d792c2d3a15/element [9.513584ms] ERR:404 body={"strategy":"-android uiautomator","selector":"new UiSelector().textMatches(\"(?is).*\\QTiếng Anh\...
15:48:44.227591 POST /session/0a9752df-beae-4611-b4a6-0d792c2d3a15/element [6.860172ms] ERR:404 body={"strategy":"-android uiautomator","selector":"new UiSelector().descriptionMatches(\"(?is).*\\QTiế...
15:48:44.234538 POST /session/0a9752df-beae-4611-b4a6-0d792c2d3a15/element [6.879176ms] ERR:404 body={"strategy":"-android uiautomator","selector":"new UiSelector().textContains(\"Tiếng Anh\")"}
15:48:44.244618 POST /session/0a9752df-beae-4611-b4a6-0d792c2d3a15/element [10.02041ms] ERR:404 body={"strategy":"-android uiautomator","selector":"new UiSelector().descriptionContains(\"Tiếng Anh\")...
15:48:44.252010 POST /session/0a9752df-beae-4611-b4a6-0d792c2d3a15/element [7.329521ms] ERR:404 body={"strategy":"-android uiautomator","selector":"new UiSelector().textMatches(\"(?is).*\\QTiếng Anh\...
15:48:44.258563 POST /session/0a9752df-beae-4611-b4a6-0d792c2d3a15/element [6.488457ms] ERR:404 body={"strategy":"-android uiautomator","selector":"new UiSelector().descriptionMatches(\"(?is).*\\QTiế...
15:48:44.264917 POST /session/0a9752df-beae-4611-b4a6-0d792c2d3a15/element [6.287334ms] ERR:404 body={"strategy":"-android uiautomator","selector":"new UiSelector().textContains(\"Tiếng Anh\")"}
15:48:44.273675 POST /session/0a9752df-beae-4611-b4a6-0d792c2d3a15/element [8.694443ms] ERR:404 body={"strategy":"-android uiautomator","selector":"new UiSelector().descriptionContains(\"Tiếng Anh\")...
15:48:44.281606 POST /session/0a9752df-beae-4611-b4a6-0d792c2d3a15/element [7.839591ms] ERR:404 body={"strategy":"-android uiautomator","selector":"new UiSelector().textMatches(\"(?is).*\\QTiếng Anh\...
15:48:44.289034 POST /session/0a9752df-beae-4611-b4a6-0d792c2d3a15/element [7.379483ms] ERR:404 body={"strategy":"-android uiautomator","selector":"new UiSelector().descriptionMatches(\"(?is).*\\QTiế...
15:48:44.302547 POST /session/0a9752df-beae-4611-b4a6-0d792c2d3a15/element [13.453168ms] ERR:404 body={"strategy":"-android uiautomator","selector":"new UiSelector().textContains(\"Tiếng Anh\")"}
15:48:44.312456 POST /session/0a9752df-beae-4611-b4a6-0d792c2d3a15/element [9.833177ms] ERR:404 body={"strategy":"-android uiautomator","selector":"new UiSelector().descriptionContains(\"Tiếng Anh\")...
15:48:44.319986 POST /session/0a9752df-beae-4611-b4a6-0d792c2d3a15/element [7.465922ms] ERR:404 body={"strategy":"-android uiautomator","selector":"new UiSelector().textMatches(\"(?is).*\\QTiếng Anh\...
15:48:44.327816 POST /session/0a9752df-beae-4611-b4a6-0d792c2d3a15/element [7.768ms] ERR:404 body={"strategy":"-android uiautomator","selector":"new UiSelector().descriptionMatches(\"(?is).*\\QTiế...
15:48:44.334444 POST /session/0a9752df-beae-4611-b4a6-0d792c2d3a15/element [6.551355ms] ERR:404 body={"strategy":"-android uiautomator","selector":"new UiSelector().textContains(\"Tiếng Anh\")"}
15:48:44.341954 POST /session/0a9752df-beae-4611-b4a6-0d792c2d3a15/element [7.432647ms] ERR:404 body={"strategy":"-android uiautomator","selector":"new UiSelector().descriptionContains(\"Tiếng Anh\")...
15:48:44.348815 POST /session/0a9752df-beae-4611-b4a6-0d792c2d3a15/element [6.796471ms] ERR:404 body={"strategy":"-android uiautomator","selector":"new UiSelector().textMatches(\"(?is).*\\QTiếng Anh\...
15:48:44.355259 POST /session/0a9752df-beae-4611-b4a6-0d792c2d3a15/element [6.383294ms] ERR:404 body={"strategy":"-android uiautomator","selector":"new UiSelector().descriptionMatches(\"(?is).*\\QTiế...
15:48:44.361757 POST /session/0a9752df-beae-4611-b4a6-0d792c2d3a15/element [6.428351ms] ERR:404 body={"strategy":"-android uiautomator","selector":"new UiSelector().textContains(\"Tiếng Anh\")"}
15:48:44.369124 POST /session/0a9752df-beae-4611-b4a6-0d792c2d3a15/element [7.299809ms] ERR:404 body={"strategy":"-android uiautomator","selector":"new UiSelector().descriptionContains(\"Tiếng Anh\")...
15:48:44.376035 POST /session/0a9752df-beae-4611-b4a6-0d792c2d3a15/element [6.836762ms] ERR:404 body={"strategy":"-android uiautomator","selector":"new UiSelector().textMatches(\"(?is).*\\QTiếng Anh\...
15:48:44.382238 POST /session/0a9752df-beae-4611-b4a6-0d792c2d3a15/element [6.122234ms] ERR:404 body={"strategy":"-android uiautomator","selector":"new UiSelector().descriptionMatches(\"(?is).*\\QTiế...
15:48:44.388794 POST /session/0a9752df-beae-4611-b4a6-0d792c2d3a15/element [6.484176ms] ERR:404 body={"strategy":"-android uiautomator","selector":"new UiSelector().textContains(\"Tiếng Anh\")"}
15:48:44.395570 POST /session/0a9752df-beae-4611-b4a6-0d792c2d3a15/element [6.7046ms] ERR:404 body={"strategy":"-android uiautomator","selector":"new UiSelector().descriptionContains(\"Tiếng Anh\")...
15:48:44.406710 POST /session/0a9752df-beae-4611-b4a6-0d792c2d3a15/element [11.061631ms] ERR:404 body={"strategy":"-android uiautomator","selector":"new UiSelector().textMatches(\"(?is).*\\QTiếng Anh\...
15:48:44.417956 POST /session/0a9752df-beae-4611-b4a6-0d792c2d3a15/element [11.172141ms] ERR:404 body={"strategy":"-android uiautomator","selector":"new UiSelector().descriptionMatches(\"(?is).*\\QTiế...
15:48:44.427868 POST /session/0a9752df-beae-4611-b4a6-0d792c2d3a15/element [9.845851ms] ERR:404 body={"strategy":"-android uiautomator","selector":"new UiSelector().textContains(\"Tiếng Anh\")"}
15:48:44.435394 POST /session/0a9752df-beae-4611-b4a6-0d792c2d3a15/element [7.457607ms] ERR:404 body={"strategy":"-android uiautomator","selector":"new UiSelector().descriptionContains(\"Tiếng Anh\")...
15:48:44.443809 POST /session/0a9752df-beae-4611-b4a6-0d792c2d3a15/element [8.33343ms] ERR:404 body={"strategy":"-android uiautomator","selector":"new UiSelector().textMatches(\"(?is).*\\QTiếng Anh\...
15:48:44.453185 POST /session/0a9752df-beae-4611-b4a6-0d792c2d3a15/element [9.295663ms] ERR:404 body={"strategy":"-android uiautomator","selector":"new UiSelector().descriptionMatches(\"(?is).*\\QTiế...
15:48:44.463859 POST /session/0a9752df-beae-4611-b4a6-0d792c2d3a15/element [10.60891ms] ERR:404 body={"strategy":"-android uiautomator","selector":"new UiSelector().textContains(\"Tiếng Anh\")"}
15:48:44.470842 POST /session/0a9752df-beae-4611-b4a6-0d792c2d3a15/element [6.920021ms] ERR:404 body={"strategy":"-android uiautomator","selector":"new UiSelector().descriptionContains(\"Tiếng Anh\")...
15:48:44.477404 POST /session/0a9752df-beae-4611-b4a6-0d792c2d3a15/element [6.483523ms] ERR:404 body={"strategy":"-android uiautomator","selector":"new UiSelector().textMatches(\"(?is).*\\QTiếng Anh\...
15:48:44.484987 POST /session/0a9752df-beae-4611-b4a6-0d792c2d3a15/element [7.497461ms] ERR:404 body={"strategy":"-android uiautomator","selector":"new UiSelector().descriptionMatches(\"(?is).*\\QTiế...
15:48:44.491883 POST /session/0a9752df-beae-4611-b4a6-0d792c2d3a15/element [6.824309ms] ERR:404 body={"strategy":"-android uiautomator","selector":"new UiSelector().textContains(\"Tiếng Anh\")"}
15:48:44.498323 POST /session/0a9752df-beae-4611-b4a6-0d792c2d3a15/element [6.357041ms] ERR:404 body={"strategy":"-android uiautomator","selector":"new UiSelector().descriptionContains(\"Tiếng Anh\")...
15:48:44.504843 POST /session/0a9752df-beae-4611-b4a6-0d792c2d3a15/element [6.446834ms] ERR:404 body={"strategy":"-android uiautomator","selector":"new UiSelector().textMatches(\"(?is).*\\QTiếng Anh\...
15:48:44.512654 POST /session/0a9752df-beae-4611-b4a6-0d792c2d3a15/element [7.738654ms] ERR:404 body={"strategy":"-android uiautomator","selector":"new UiSelector().descriptionMatches(\"(?is).*\\QTiế...
15:48:44.519795 POST /session/0a9752df-beae-4611-b4a6-0d792c2d3a15/element [7.049615ms] ERR:404 body={"strategy":"-android uiautomator","selector":"new UiSelector().textContains(\"Tiếng Anh\")"}
15:48:44.527334 POST /session/0a9752df-beae-4611-b4a6-0d792c2d3a15/element [7.457178ms] ERR:404 body={"strategy":"-android uiautomator","selector":"new UiSelector().descriptionContains(\"Tiếng Anh\")...
15:48:44.534090 POST /session/0a9752df-beae-4611-b4a6-0d792c2d3a15/element [6.677343ms] ERR:404 body={"strategy":"-android uiautomator","selector":"new UiSelector().textMatches(\"(?is).*\\QTiếng Anh\...
15:48:44.540354 POST /session/0a9752df-beae-4611-b4a6-0d792c2d3a15/element [6.2009ms] ERR:404 body={"strategy":"-android uiautomator","selector":"new UiSelector().descriptionMatches(\"(?is).*\\QTiế...
15:48:44.547322 POST /session/0a9752df-beae-4611-b4a6-0d792c2d3a15/element [6.87577ms] ERR:404 body={"strategy":"-android uiautomator","selector":"new UiSelector().textContains(\"Tiếng Anh\")"}
15:48:44.556006 POST /session/0a9752df-beae-4611-b4a6-0d792c2d3a15/element [8.618813ms] ERR:404 body={"strategy":"-android uiautomator","selector":"new UiSelector().descriptionContains(\"Tiếng Anh\")...
15:48:44.563859 POST /session/0a9752df-beae-4611-b4a6-0d792c2d3a15/element [7.800032ms] ERR:404 body={"strategy":"-android uiautomator","selector":"new UiSelector().textMatches(\"(?is).*\\QTiếng Anh\...
15:48:44.570996 POST /session/0a9752df-beae-4611-b4a6-0d792c2d3a15/element [7.07122ms] ERR:404 body={"strategy":"-android uiautomator","selector":"new UiSelector().descriptionMatches(\"(?is).*\\QTiế...
15:48:44.577486 POST /session/0a9752df-beae-4611-b4a6-0d792c2d3a15/element [6.405411ms] ERR:404 body={"strategy":"-android uiautomator","selector":"new UiSelector().textContains(\"Tiếng Anh\")"}
15:48:44.583992 POST /session/0a9752df-beae-4611-b4a6-0d792c2d3a15/element [6.424434ms] ERR:404 body={"strategy":"-android uiautomator","selector":"new UiSelector().descriptionContains(\"Tiếng Anh\")...
15:48:44.595631 POST /session/0a9752df-beae-4611-b4a6-0d792c2d3a15/element [11.575828ms] ERR:404 body={"strategy":"-android uiautomator","selector":"new UiSelector().textMatches(\"(?is).*\\QTiếng Anh\...
15:48:44.601928 POST /session/0a9752df-beae-4611-b4a6-0d792c2d3a15/element [6.230758ms] ERR:404 body={"strategy":"-android uiautomator","selector":"new UiSelector().descriptionMatches(\"(?is).*\\QTiế...
15:48:44.609955 POST /session/0a9752df-beae-4611-b4a6-0d792c2d3a15/element [7.94315ms] ERR:404 body={"strategy":"-android uiautomator","selector":"new UiSelector().textContains(\"Tiếng Anh\")"}
15:48:44.618110 POST /session/0a9752df-beae-4611-b4a6-0d792c2d3a15/element [8.058224ms] ERR:404 body={"strategy":"-android uiautomator","selector":"new UiSelector().descriptionContains(\"Tiếng Anh\")...
15:48:44.625938 POST /session/0a9752df-beae-4611-b4a6-0d792c2d3a15/element [7.753059ms] ERR:404 body={"strategy":"-android uiautomator","selector":"new UiSelector().textMatches(\"(?is).*\\QTiếng Anh\...
15:48:44.632357 POST /session/0a9752df-beae-4611-b4a6-0d792c2d3a15/element [6.342747ms] ERR:404 body={"strategy":"-android uiautomator","selector":"new UiSelector().descriptionMatches(\"(?is).*\\QTiế...
15:48:44.638956 POST /session/0a9752df-beae-4611-b4a6-0d792c2d3a15/element [6.511451ms] ERR:404 body={"strategy":"-android uiautomator","selector":"new UiSelector().textContains(\"Tiếng Anh\")"}
15:48:44.645500 POST /session/0a9752df-beae-4611-b4a6-0d792c2d3a15/element [6.468389ms] ERR:404 body={"strategy":"-android uiautomator","selector":"new UiSelector().descriptionContains(\"Tiếng Anh\")...
15:48:44.651877 POST /session/0a9752df-beae-4611-b4a6-0d792c2d3a15/element [6.29198ms] ERR:404 body={"strategy":"-android uiautomator","selector":"new UiSelector().textMatches(\"(?is).*\\QTiếng Anh\...
15:48:44.658164 POST /session/0a9752df-beae-4611-b4a6-0d792c2d3a15/element [6.220871ms] ERR:404 body={"strategy":"-android uiautomator","selector":"new UiSelector().descriptionMatches(\"(?is).*\\QTiế...
15:48:44.665545 POST /session/0a9752df-beae-4611-b4a6-0d792c2d3a15/element [7.314929ms] ERR:404 body={"strategy":"-android uiautomator","selector":"new UiSelector().textContains(\"Tiếng Anh\")"}
15:48:44.671858 POST /session/0a9752df-beae-4611-b4a6-0d792c2d3a15/element [6.245221ms] ERR:404 body={"strategy":"-android uiautomator","selector":"new UiSelector().descriptionContains(\"Tiếng Anh\")...
15:48:44.678569 POST /session/0a9752df-beae-4611-b4a6-0d792c2d3a15/element [6.647113ms] ERR:404 body={"strategy":"-android uiautomator","selector":"new UiSelector().textMatches(\"(?is).*\\QTiếng Anh\...
15:48:44.684944 POST /session/0a9752df-beae-4611-b4a6-0d792c2d3a15/element [6.298092ms] ERR:404 body={"strategy":"-android uiautomator","selector":"new UiSelector().descriptionMatches(\"(?is).*\\QTiế...
15:48:44.691397 POST /session/0a9752df-beae-4611-b4a6-0d792c2d3a15/element [6.384414ms] ERR:404 body={"strategy":"-android uiautomator","selector":"new UiSelector().textContains(\"Tiếng Anh\")"}
15:48:44.697959 POST /session/0a9752df-beae-4611-b4a6-0d792c2d3a15/element [6.493235ms] ERR:404 body={"strategy":"-android uiautomator","selector":"new UiSelector().descriptionContains(\"Tiếng Anh\")...
15:48:44.704345 POST /session/0a9752df-beae-4611-b4a6-0d792c2d3a15/element [6.317753ms] ERR:404 body={"strategy":"-android uiautomator","selector":"new UiSelector().textMatches(\"(?is).*\\QTiếng Anh\...
15:48:44.714245 POST /session/0a9752df-beae-4611-b4a6-0d792c2d3a15/element [9.823101ms] ERR:404 body={"strategy":"-android uiautomator","selector":"new UiSelector().descriptionMatches(\"(?is).*\\QTiế...
15:48:44.723426 POST /session/0a9752df-beae-4611-b4a6-0d792c2d3a15/element [9.091994ms] ERR:404 body={"strategy":"-android uiautomator","selector":"new UiSelector().textContains(\"Tiếng Anh\")"}
15:48:44.733454 POST /session/0a9752df-beae-4611-b4a6-0d792c2d3a15/element [9.944411ms] ERR:404 body={"strategy":"-android uiautomator","selector":"new UiSelector().descriptionContains(\"Tiếng Anh\")...
15:48:44.742600 POST /session/0a9752df-beae-4611-b4a6-0d792c2d3a15/element [9.079145ms] ERR:404 body={"strategy":"-android uiautomator","selector":"new UiSelector().textMatches(\"(?is).*\\QTiếng Anh\...
15:48:44.750284 POST /session/0a9752df-beae-4611-b4a6-0d792c2d3a15/element [7.619785ms] ERR:404 body={"strategy":"-android uiautomator","selector":"new UiSelector().descriptionMatches(\"(?is).*\\QTiế...
15:48:44.759054 POST /session/0a9752df-beae-4611-b4a6-0d792c2d3a15/element [8.684337ms] ERR:404 body={"strategy":"-android uiautomator","selector":"new UiSelector().textContains(\"Tiếng Anh\")"}
15:48:44.767287 POST /session/0a9752df-beae-4611-b4a6-0d792c2d3a15/element [8.160457ms] ERR:404 body={"strategy":"-android uiautomator","selector":"new UiSelector().descriptionContains(\"Tiếng Anh\")...
15:48:44.773741 POST /session/0a9752df-beae-4611-b4a6-0d792c2d3a15/element [6.386038ms] ERR:404 body={"strategy":"-android uiautomator","selector":"new UiSelector().textMatches(\"(?is).*\\QTiếng Anh\...
15:48:44.780108 POST /session/0a9752df-beae-4611-b4a6-0d792c2d3a15/element [6.262765ms] ERR:404 body={"strategy":"-android uiautomator","selector":"new UiSelector().descriptionMatches(\"(?is).*\\QTiế...
15:48:44.786585 POST /session/0a9752df-beae-4611-b4a6-0d792c2d3a15/element [6.415579ms] ERR:404 body={"strategy":"-android uiautomator","selector":"new UiSelector().textContains(\"Tiếng Anh\")"}
15:48:44.792860 POST /session/0a9752df-beae-4611-b4a6-0d792c2d3a15/element [6.190777ms] ERR:404 body={"strategy":"-android uiautomator","selector":"new UiSelector().descriptionContains(\"Tiếng Anh\")...
15:48:44.801232 POST /session/0a9752df-beae-4611-b4a6-0d792c2d3a15/element [8.305934ms] ERR:404 body={"strategy":"-android uiautomator","selector":"new UiSelector().textMatches(\"(?is).*\\QTiếng Anh\...
15:48:44.808640 POST /session/0a9752df-beae-4611-b4a6-0d792c2d3a15/element [7.351787ms] ERR:404 body={"strategy":"-android uiautomator","selector":"new UiSelector().descriptionMatches(\"(?is).*\\QTiế...
15:48:44.815390 POST /session/0a9752df-beae-4611-b4a6-0d792c2d3a15/element [6.682936ms] ERR:404 body={"strategy":"-android uiautomator","selector":"new UiSelector().textContains(\"Tiếng Anh\")"}
15:48:44.822989 POST /session/0a9752df-beae-4611-b4a6-0d792c2d3a15/element [7.507464ms] ERR:404 body={"strategy":"-android uiautomator","selector":"new UiSelector().descriptionContains(\"Tiếng Anh\")...
15:48:44.830846 POST /session/0a9752df-beae-4611-b4a6-0d792c2d3a15/element [7.790358ms] ERR:404 body={"strategy":"-android uiautomator","selector":"new UiSelector().textMatches(\"(?is).*\\QTiếng Anh\...
15:48:44.837179 POST /session/0a9752df-beae-4611-b4a6-0d792c2d3a15/element [6.282436ms] ERR:404 body={"strategy":"-android uiautomator","selector":"new UiSelector().descriptionMatches(\"(?is).*\\QTiế...
15:48:44.844611 POST /session/0a9752df-beae-4611-b4a6-0d792c2d3a15/element [7.366919ms] ERR:404 body={"strategy":"-android uiautomator","selector":"new UiSelector().textContains(\"Tiếng Anh\")"}
15:48:44.886657 POST /session/0a9752df-beae-4611-b4a6-0d792c2d3a15/element [41.977364ms] ERR:404 body={"strategy":"-android uiautomator","selector":"new UiSelector().descriptionContains(\"Tiếng Anh\")...
15:48:44.901123 POST /session/0a9752df-beae-4611-b4a6-0d792c2d3a15/element [14.405906ms] ERR:404 body={"strategy":"-android uiautomator","selector":"new UiSelector().textMatches(\"(?is).*\\QTiếng Anh\...
15:48:44.927368 POST /session/0a9752df-beae-4611-b4a6-0d792c2d3a15/element [25.975021ms] ERR:404 body={"strategy":"-android uiautomator","selector":"new UiSelector().descriptionMatches(\"(?is).*\\QTiế...
15:48:44.941195 POST /session/0a9752df-beae-4611-b4a6-0d792c2d3a15/element [13.588407ms] ERR:404 body={"strategy":"-android uiautomator","selector":"new UiSelector().textContains(\"Tiếng Anh\")"}
15:48:44.949138 POST /session/0a9752df-beae-4611-b4a6-0d792c2d3a15/element [7.859102ms] ERR:404 body={"strategy":"-android uiautomator","selector":"new UiSelector().descriptionContains(\"Tiếng Anh\")...
15:48:44.956617 POST /session/0a9752df-beae-4611-b4a6-0d792c2d3a15/element [7.405472ms] ERR:404 body={"strategy":"-android uiautomator","selector":"new UiSelector().textMatches(\"(?is).*\\QTiếng Anh\...
15:48:44.964612 POST /session/0a9752df-beae-4611-b4a6-0d792c2d3a15/element [7.919049ms] ERR:404 body={"strategy":"-android uiautomator","selector":"new UiSelector().descriptionMatches(\"(?is).*\\QTiế...
15:48:44.970588 POST /session/0a9752df-beae-4611-b4a6-0d792c2d3a15/element [5.915668ms] ERR:404 body={"strategy":"-android uiautomator","selector":"new UiSelector().textContains(\"Tiếng Anh\")"}
15:48:44.976805 POST /session/0a9752df-beae-4611-b4a6-0d792c2d3a15/element [6.136569ms] ERR:404 body={"strategy":"-android uiautomator","selector":"new UiSelector().descriptionContains(\"Tiếng Anh\")...
15:48:44.984146 POST /session/0a9752df-beae-4611-b4a6-0d792c2d3a15/element [7.273229ms] ERR:404 body={"strategy":"-android uiautomator","selector":"new UiSelector().textMatches(\"(?is).*\\QTiếng Anh\...
15:48:44.990676 POST /session/0a9752df-beae-4611-b4a6-0d792c2d3a15/element [6.471967ms] ERR:404 body={"strategy":"-android uiautomator","selector":"new UiSelector().descriptionMatches(\"(?is).*\\QTiế...
15:48:44.998991 POST /session/0a9752df-beae-4611-b4a6-0d792c2d3a15/element [8.253514ms] ERR:404 body={"strategy":"-android uiautomator","selector":"new UiSelector().textContains(\"Tiếng Anh\")"}
15:48:45.007354 POST /session/0a9752df-beae-4611-b4a6-0d792c2d3a15/element [8.29161ms] ERR:404 body={"strategy":"-android uiautomator","selector":"new UiSelector().descriptionContains(\"Tiếng Anh\")...
15:48:45.013879 POST /session/0a9752df-beae-4611-b4a6-0d792c2d3a15/element [6.451281ms] ERR:404 body={"strategy":"-android uiautomator","selector":"new UiSelector().textMatches(\"(?is).*\\QTiếng Anh\...
15:48:45.020396 POST /session/0a9752df-beae-4611-b4a6-0d792c2d3a15/element [6.446352ms] ERR:404 body={"strategy":"-android uiautomator","selector":"new UiSelector().descriptionMatches(\"(?is).*\\QTiế...
15:48:45.027485 POST /session/0a9752df-beae-4611-b4a6-0d792c2d3a15/element [7.016628ms] ERR:404 body={"strategy":"-android uiautomator","selector":"new UiSelector().textContains(\"Tiếng Anh\")"}
15:48:45.036362 POST /session/0a9752df-beae-4611-b4a6-0d792c2d3a15/element [8.802273ms] ERR:404 body={"strategy":"-android uiautomator","selector":"new UiSelector().descriptionContains(\"Tiếng Anh\")...
15:48:45.044522 POST /session/0a9752df-beae-4611-b4a6-0d792c2d3a15/element [8.078066ms] ERR:404 body={"strategy":"-android uiautomator","selector":"new UiSelector().textMatches(\"(?is).*\\QTiếng Anh\...
15:48:45.051894 POST /session/0a9752df-beae-4611-b4a6-0d792c2d3a15/element [7.301996ms] ERR:404 body={"strategy":"-android uiautomator","selector":"new UiSelector().descriptionMatches(\"(?is).*\\QTiế...
15:48:45.058442 POST /session/0a9752df-beae-4611-b4a6-0d792c2d3a15/element [6.479067ms] ERR:404 body={"strategy":"-android uiautomator","selector":"new UiSelector().textContains(\"Tiếng Anh\")"}
15:48:45.064785 POST /session/0a9752df-beae-4611-b4a6-0d792c2d3a15/element [6.279938ms] ERR:404 body={"strategy":"-android uiautomator","selector":"new UiSelector().descriptionContains(\"Tiếng Anh\")...
15:48:45.070905 POST /session/0a9752df-beae-4611-b4a6-0d792c2d3a15/element [6.043345ms] ERR:404 body={"strategy":"-android uiautomator","selector":"new UiSelector().textMatches(\"(?is).*\\QTiếng Anh\...
15:48:45.077582 POST /session/0a9752df-beae-4611-b4a6-0d792c2d3a15/element [6.58331ms] ERR:404 body={"strategy":"-android uiautomator","selector":"new UiSelector().descriptionMatches(\"(?is).*\\QTiế...
15:48:45.084307 POST /session/0a9752df-beae-4611-b4a6-0d792c2d3a15/element [6.661914ms] ERR:404 body={"strategy":"-android uiautomator","selector":"new UiSelector().textContains(\"Tiếng Anh\")"}
15:48:45.091132 POST /session/0a9752df-beae-4611-b4a6-0d792c2d3a15/element [6.755606ms] ERR:404 body={"strategy":"-android uiautomator","selector":"new UiSelector().descriptionContains(\"Tiếng Anh\")...
15:48:45.099456 POST /session/0a9752df-beae-4611-b4a6-0d792c2d3a15/element [8.256812ms] ERR:404 body={"strategy":"-android uiautomator","selector":"new UiSelector().textMatches(\"(?is).*\\QTiếng Anh\...
15:48:45.113617 POST /session/0a9752df-beae-4611-b4a6-0d792c2d3a15/element [14.086173ms] ERR:404 body={"strategy":"-android uiautomator","selector":"new UiSelector().descriptionMatches(\"(?is).*\\QTiế...
15:48:45.119669 POST /session/0a9752df-beae-4611-b4a6-0d792c2d3a15/element [5.990891ms] ERR:404 body={"strategy":"-android uiautomator","selector":"new UiSelector().textContains(\"Tiếng Anh\")"}
15:48:45.127133 POST /session/0a9752df-beae-4611-b4a6-0d792c2d3a15/element [7.38987ms] ERR:404 body={"strategy":"-android uiautomator","selector":"new UiSelector().descriptionContains(\"Tiếng Anh\")...
15:48:45.134865 POST /session/0a9752df-beae-4611-b4a6-0d792c2d3a15/element [7.628954ms] ERR:404 body={"strategy":"-android uiautomator","selector":"new UiSelector().textMatches(\"(?is).*\\QTiếng Anh\...
15:48:45.144851 POST /session/0a9752df-beae-4611-b4a6-0d792c2d3a15/element [9.923585ms] ERR:404 body={"strategy":"-android uiautomator","selector":"new UiSelector().descriptionMatches(\"(?is).*\\QTiế...
15:48:45.152499 POST /session/0a9752df-beae-4611-b4a6-0d792c2d3a15/element [7.569658ms] ERR:404 body={"strategy":"-android uiautomator","selector":"new UiSelector().textContains(\"Tiếng Anh\")"}
15:48:45.159186 POST /session/0a9752df-beae-4611-b4a6-0d792c2d3a15/element [6.615232ms] ERR:404 body={"strategy":"-android uiautomator","selector":"new UiSelector().descriptionContains(\"Tiếng Anh\")...
15:48:45.166556 POST /session/0a9752df-beae-4611-b4a6-0d792c2d3a15/element [7.291986ms] ERR:404 body={"strategy":"-android uiautomator","selector":"new UiSelector().textMatches(\"(?is).*\\QTiếng Anh\...
15:48:45.173140 POST /session/0a9752df-beae-4611-b4a6-0d792c2d3a15/element [6.516639ms] ERR:404 body={"strategy":"-android uiautomator","selector":"new UiSelector().descriptionMatches(\"(?is).*\\QTiế...
15:48:45.180670 POST /session/0a9752df-beae-4611-b4a6-0d792c2d3a15/element [7.469482ms] ERR:404 body={"strategy":"-android uiautomator","selector":"new UiSelector().textContains(\"Tiếng Anh\")"}
15:48:45.187715 POST /session/0a9752df-beae-4611-b4a6-0d792c2d3a15/element [6.969635ms] ERR:404 body={"strategy":"-android uiautomator","selector":"new UiSelector().descriptionContains(\"Tiếng Anh\")...
15:48:45.196130 POST /session/0a9752df-beae-4611-b4a6-0d792c2d3a15/element [8.333109ms] ERR:404 body={"strategy":"-android uiautomator","selector":"new UiSelector().textMatches(\"(?is).*\\QTiếng Anh\...
15:48:45.204010 POST /session/0a9752df-beae-4611-b4a6-0d792c2d3a15/element [7.813309ms] ERR:404 body={"strategy":"-android uiautomator","selector":"new UiSelector().descriptionMatches(\"(?is).*\\QTiế...
15:48:45.210681 POST /session/0a9752df-beae-4611-b4a6-0d792c2d3a15/element [6.608648ms] ERR:404 body={"strategy":"-android uiautomator","selector":"new UiSelector().textContains(\"Tiếng Anh\")"}
15:48:45.217136 POST /session/0a9752df-beae-4611-b4a6-0d792c2d3a15/element [6.394681ms] ERR:404 body={"strategy":"-android uiautomator","selector":"new UiSelector().descriptionContains(\"Tiếng Anh\")...
15:48:45.223474 POST /session/0a9752df-beae-4611-b4a6-0d792c2d3a15/element [6.271397ms] ERR:404 body={"strategy":"-android uiautomator","selector":"new UiSelector().textMatches(\"(?is).*\\QTiếng Anh\...
15:48:45.229800 POST /session/0a9752df-beae-4611-b4a6-0d792c2d3a15/element [6.239542ms] ERR:404 body={"strategy":"-android uiautomator","selector":"new UiSelector().descriptionMatches(\"(?is).*\\QTiế...
15:48:45.237463 POST /session/0a9752df-beae-4611-b4a6-0d792c2d3a15/element [7.580728ms] ERR:404 body={"strategy":"-android uiautomator","selector":"new UiSelector().textContains(\"Tiếng Anh\")"}
15:48:45.250653 POST /session/0a9752df-beae-4611-b4a6-0d792c2d3a15/element [13.109009ms] ERR:404 body={"strategy":"-android uiautomator","selector":"new UiSelector().descriptionContains(\"Tiếng Anh\")...
15:48:45.256943 POST /session/0a9752df-beae-4611-b4a6-0d792c2d3a15/element [6.209739ms] ERR:404 body={"strategy":"-android uiautomator","selector":"new UiSelector().textMatches(\"(?is).*\\QTiếng Anh\...
15:48:45.263561 POST /session/0a9752df-beae-4611-b4a6-0d792c2d3a15/element [6.557231ms] ERR:404 body={"strategy":"-android uiautomator","selector":"new UiSelector().descriptionMatches(\"(?is).*\\QTiế...
15:48:45.272088 POST /session/0a9752df-beae-4611-b4a6-0d792c2d3a15/element [8.452905ms] ERR:404 body={"strategy":"-android uiautomator","selector":"new UiSelector().textContains(\"Tiếng Anh\")"}
15:48:45.278529 POST /session/0a9752df-beae-4611-b4a6-0d792c2d3a15/element [6.3712ms] ERR:404 body={"strategy":"-android uiautomator","selector":"new UiSelector().descriptionContains(\"Tiếng Anh\")...
15:48:45.284831 POST /session/0a9752df-beae-4611-b4a6-0d792c2d3a15/element [6.242512ms] ERR:404 body={"strategy":"-android uiautomator","selector":"new UiSelector().textMatches(\"(?is).*\\QTiếng Anh\...
15:48:45.291340 POST /session/0a9752df-beae-4611-b4a6-0d792c2d3a15/element [6.434535ms] ERR:404 body={"strategy":"-android uiautomator","selector":"new UiSelector().descriptionMatches(\"(?is).*\\QTiế...
15:48:45.297881 POST /session/0a9752df-beae-4611-b4a6-0d792c2d3a15/element [6.476072ms] ERR:404 body={"strategy":"-android uiautomator","selector":"new UiSelector().textContains(\"Tiếng Anh\")"}
15:48:45.304710 POST /session/0a9752df-beae-4611-b4a6-0d792c2d3a15/element [6.741516ms] ERR:404 body={"strategy":"-android uiautomator","selector":"new UiSelector().descriptionContains(\"Tiếng Anh\")...
15:48:45.312789 POST /session/0a9752df-beae-4611-b4a6-0d792c2d3a15/element [8.016462ms] ERR:404 body={"strategy":"-android uiautomator","selector":"new UiSelector().textMatches(\"(?is).*\\QTiếng Anh\...
15:48:45.319474 POST /session/0a9752df-beae-4611-b4a6-0d792c2d3a15/element [6.60785ms] ERR:404 body={"strategy":"-android uiautomator","selector":"new UiSelector().descriptionMatches(\"(?is).*\\QTiế...
15:48:45.325976 POST /session/0a9752df-beae-4611-b4a6-0d792c2d3a15/element [6.439469ms] ERR:404 body={"strategy":"-android uiautomator","selector":"new UiSelector().textContains(\"Tiếng Anh\")"}
15:48:45.332186 POST /session/0a9752df-beae-4611-b4a6-0d792c2d3a15/element [6.145266ms] ERR:404 body={"strategy":"-android uiautomator","selector":"new UiSelector().descriptionContains(\"Tiếng Anh\")...
15:48:45.339921 POST /session/0a9752df-beae-4611-b4a6-0d792c2d3a15/element [7.660812ms] ERR:404 body={"strategy":"-android uiautomator","selector":"new UiSelector().textMatches(\"(?is).*\\QTiếng Anh\...
15:48:45.347814 POST /session/0a9752df-beae-4611-b4a6-0d792c2d3a15/element [7.803833ms] ERR:404 body={"strategy":"-android uiautomator","selector":"new UiSelector().descriptionMatches(\"(?is).*\\QTiế...
15:48:45.354740 POST /session/0a9752df-beae-4611-b4a6-0d792c2d3a15/element [6.864823ms] ERR:404 body={"strategy":"-android uiautomator","selector":"new UiSelector().textContains(\"Tiếng Anh\")"}
15:48:45.361027 POST /session/0a9752df-beae-4611-b4a6-0d792c2d3a15/element [6.214776ms] ERR:404 body={"strategy":"-android uiautomator","selector":"new UiSelector().descriptionContains(\"Tiếng Anh\")...
15:48:45.367576 POST /session/0a9752df-beae-4611-b4a6-0d792c2d3a15/element [6.471303ms] ERR:404 body={"strategy":"-android uiautomator","selector":"new UiSelector().textMatches(\"(?is).*\\QTiếng Anh\...
15:48:45.374129 POST /session/0a9752df-beae-4611-b4a6-0d792c2d3a15/element [6.478867ms] ERR:404 body={"strategy":"-android uiautomator","selector":"new UiSelector().descriptionMatches(\"(?is).*\\QTiế...
15:48:45.384224 POST /session/0a9752df-beae-4611-b4a6-0d792c2d3a15/element [10.031082ms] ERR:404 body={"strategy":"-android uiautomator","selector":"new UiSelector().textContains(\"Tiếng Anh\")"}
15:48:45.391826 POST /session/0a9752df-beae-4611-b4a6-0d792c2d3a15/element [7.52969ms] ERR:404 body={"strategy":"-android uiautomator","selector":"new UiSelector().descriptionContains(\"Tiếng Anh\")...
15:48:45.398375 POST /session/0a9752df-beae-4611-b4a6-0d792c2d3a15/element [6.482093ms] ERR:404 body={"strategy":"-android uiautomator","selector":"new UiSelector().textMatches(\"(?is).*\\QTiếng Anh\...
15:48:45.405162 POST /session/0a9752df-beae-4611-b4a6-0d792c2d3a15/element [6.723395ms] ERR:404 body={"strategy":"-android uiautomator","selector":"new UiSelector().descriptionMatches(\"(?is).*\\QTiế...
15:48:45.413951 POST /session/0a9752df-beae-4611-b4a6-0d792c2d3a15/element [8.730515ms] ERR:404 body={"strategy":"-android uiautomator","selector":"new UiSelector().textContains(\"Tiếng Anh\")"}
15:48:45.425111 POST /session/0a9752df-beae-4611-b4a6-0d792c2d3a15/element [11.096781ms] ERR:404 body={"strategy":"-android uiautomator","selector":"new UiSelector().descriptionContains(\"Tiếng Anh\")...
15:48:45.433480 POST /session/0a9752df-beae-4611-b4a6-0d792c2d3a15/element [8.284808ms] ERR:404 body={"strategy":"-android uiautomator","selector":"new UiSelector().textMatches(\"(?is).*\\QTiếng Anh\...
15:48:45.440631 POST /session/0a9752df-beae-4611-b4a6-0d792c2d3a15/element [7.085276ms] ERR:404 body={"strategy":"-android uiautomator","selector":"new UiSelector().descriptionMatches(\"(?is).*\\QTiế...
15:48:45.448694 POST /session/0a9752df-beae-4611-b4a6-0d792c2d3a15/element [7.977373ms] ERR:404 body={"strategy":"-android uiautomator","selector":"new UiSelector().textContains(\"Tiếng Anh\")"}
15:48:45.456676 POST /session/0a9752df-beae-4611-b4a6-0d792c2d3a15/element [7.886867ms] ERR:404 body={"strategy":"-android uiautomator","selector":"new UiSelector().descriptionContains(\"Tiếng Anh\")...
15:48:45.463747 POST /session/0a9752df-beae-4611-b4a6-0d792c2d3a15/element [6.996046ms] ERR:404 body={"strategy":"-android uiautomator","selector":"new UiSelector().textMatches(\"(?is).*\\QTiếng Anh\...
15:48:45.471997 POST /session/0a9752df-beae-4611-b4a6-0d792c2d3a15/element [8.177137ms] ERR:404 body={"strategy":"-android uiautomator","selector":"new UiSelector().descriptionMatches(\"(?is).*\\QTiế...
15:48:45.478466 POST /session/0a9752df-beae-4611-b4a6-0d792c2d3a15/element [6.396968ms] ERR:404 body={"strategy":"-android uiautomator","selector":"new UiSelector().textContains(\"Tiếng Anh\")"}
15:48:45.484838 POST /session/0a9752df-beae-4611-b4a6-0d792c2d3a15/element [6.296481ms] ERR:404 body={"strategy":"-android uiautomator","selector":"new UiSelector().descriptionContains(\"Tiếng Anh\")...
15:48:45.491875 POST /session/0a9752df-beae-4611-b4a6-0d792c2d3a15/element [6.966893ms] ERR:404 body={"strategy":"-android uiautomator","selector":"new UiSelector().textMatches(\"(?is).*\\QTiếng Anh\...
15:48:45.498697 POST /session/0a9752df-beae-4611-b4a6-0d792c2d3a15/element [6.76495ms] ERR:404 body={"strategy":"-android uiautomator","selector":"new UiSelector().descriptionMatches(\"(?is).*\\QTiế...
15:48:45.506198 POST /session/0a9752df-beae-4611-b4a6-0d792c2d3a15/element [7.437185ms] ERR:404 body={"strategy":"-android uiautomator","selector":"new UiSelector().textContains(\"Tiếng Anh\")"}
15:48:45.512732 POST /session/0a9752df-beae-4611-b4a6-0d792c2d3a15/element [6.466159ms] ERR:404 body={"strategy":"-android uiautomator","selector":"new UiSelector().descriptionContains(\"Tiếng Anh\")...
15:48:45.520753 POST /session/0a9752df-beae-4611-b4a6-0d792c2d3a15/element [7.944727ms] ERR:404 body={"strategy":"-android uiautomator","selector":"new UiSelector().textMatches(\"(?is).*\\QTiếng Anh\...
15:48:45.527120 POST /session/0a9752df-beae-4611-b4a6-0d792c2d3a15/element [6.301793ms] ERR:404 body={"strategy":"-android uiautomator","selector":"new UiSelector().descriptionMatches(\"(?is).*\\QTiế...
15:48:45.537141 POST /session/0a9752df-beae-4611-b4a6-0d792c2d3a15/element [9.941171ms] ERR:404 body={"strategy":"-android uiautomator","selector":"new UiSelector().textContains(\"Tiếng Anh\")"}
15:48:45.544243 POST /session/0a9752df-beae-4611-b4a6-0d792c2d3a15/element [7.031908ms] ERR:404 body={"strategy":"-android uiautomator","selector":"new UiSelector().descriptionContains(\"Tiếng Anh\")...
15:48:45.553580 POST /session/0a9752df-beae-4611-b4a6-0d792c2d3a15/element [9.244822ms] ERR:404 body={"strategy":"-android uiautomator","selector":"new UiSelector().textMatches(\"(?is).*\\QTiếng Anh\...
15:48:45.560831 POST /session/0a9752df-beae-4611-b4a6-0d792c2d3a15/element [7.163501ms] ERR:404 body={"strategy":"-android uiautomator","selector":"new UiSelector().descriptionMatches(\"(?is).*\\QTiế...
15:48:45.569971 POST /session/0a9752df-beae-4611-b4a6-0d792c2d3a15/element [9.038489ms] ERR:404 body={"strategy":"-android uiautomator","selector":"new UiSelector().textContains(\"Tiếng Anh\")"}
15:48:45.577434 POST /session/0a9752df-beae-4611-b4a6-0d792c2d3a15/element [7.396553ms] ERR:404 body={"strategy":"-android uiautomator","selector":"new UiSelector().descriptionContains(\"Tiếng Anh\")...
15:48:45.583982 POST /session/0a9752df-beae-4611-b4a6-0d792c2d3a15/element [6.479186ms] ERR:404 body={"strategy":"-android uiautomator","selector":"new UiSelector().textMatches(\"(?is).*\\QTiếng Anh\...
15:48:45.590615 POST /session/0a9752df-beae-4611-b4a6-0d792c2d3a15/element [6.553182ms] ERR:404 body={"strategy":"-android uiautomator","selector":"new UiSelector().descriptionMatches(\"(?is).*\\QTiế...
15:48:45.598849 POST /session/0a9752df-beae-4611-b4a6-0d792c2d3a15/element [7.804665ms] ERR:404 body={"strategy":"-android uiautomator","selector":"new UiSelector().textContains(\"Tiếng Anh\")"}
15:48:45.606915 POST /session/0a9752df-beae-4611-b4a6-0d792c2d3a15/element [7.978314ms] ERR:404 body={"strategy":"-android uiautomator","selector":"new UiSelector().descriptionContains(\"Tiếng Anh\")...
15:48:45.613279 POST /session/0a9752df-beae-4611-b4a6-0d792c2d3a15/element [6.293856ms] ERR:404 body={"strategy":"-android uiautomator","selector":"new UiSelector().textMatches(\"(?is).*\\QTiếng Anh\...
15:48:45.619776 POST /session/0a9752df-beae-4611-b4a6-0d792c2d3a15/element [6.406351ms] ERR:404 body={"strategy":"-android uiautomator","selector":"new UiSelector().descriptionMatches(\"(?is).*\\QTiế...
15:48:45.626510 POST /session/0a9752df-beae-4611-b4a6-0d792c2d3a15/element [6.670346ms] ERR:404 body={"strategy":"-android uiautomator","selector":"new UiSelector().textContains(\"Tiếng Anh\")"}
15:48:45.633762 POST /session/0a9752df-beae-4611-b4a6-0d792c2d3a15/element [7.182701ms] ERR:404 body={"strategy":"-android uiautomator","selector":"new UiSelector().descriptionContains(\"Tiếng Anh\")...
15:48:45.641221 POST /session/0a9752df-beae-4611-b4a6-0d792c2d3a15/element [7.389481ms] ERR:404 body={"strategy":"-android uiautomator","selector":"new UiSelector().textMatches(\"(?is).*\\QTiếng Anh\...
15:48:45.648697 POST /session/0a9752df-beae-4611-b4a6-0d792c2d3a15/element [7.40365ms] ERR:404 body={"strategy":"-android uiautomator","selector":"new UiSelector().descriptionMatches(\"(?is).*\\QTiế...
15:48:45.657541 POST /session/0a9752df-beae-4611-b4a6-0d792c2d3a15/element [8.740448ms] ERR:404 body={"strategy":"-android uiautomator","selector":"new UiSelector().textContains(\"Tiếng Anh\")"}
15:48:45.665405 POST /session/0a9752df-beae-4611-b4a6-0d792c2d3a15/element [7.788749ms] ERR:404 body={"strategy":"-android uiautomator","selector":"new UiSelector().descriptionContains(\"Tiếng Anh\")...
15:48:45.671949 POST /session/0a9752df-beae-4611-b4a6-0d792c2d3a15/element [6.460341ms] ERR:404 body={"strategy":"-android uiautomator","selector":"new UiSelector().textMatches(\"(?is).*\\QTiếng Anh\...
15:48:45.678167 POST /session/0a9752df-beae-4611-b4a6-0d792c2d3a15/element [6.144521ms] ERR:404 body={"strategy":"-android uiautomator","selector":"new UiSelector().descriptionMatches(\"(?is).*\\QTiế...
15:48:45.684637 POST /session/0a9752df-beae-4611-b4a6-0d792c2d3a15/element [6.377051ms] ERR:404 body={"strategy":"-android uiautomator","selector":"new UiSelector().textContains(\"Tiếng Anh\")"}
15:48:45.691188 POST /session/0a9752df-beae-4611-b4a6-0d792c2d3a15/element [6.489598ms] ERR:404 body={"strategy":"-android uiautomator","selector":"new UiSelector().descriptionContains(\"Tiếng Anh\")...
15:48:45.704412 POST /session/0a9752df-beae-4611-b4a6-0d792c2d3a15/element [13.152915ms] ERR:404 body={"strategy":"-android uiautomator","selector":"new UiSelector().textMatches(\"(?is).*\\QTiếng Anh\...
15:48:45.710852 POST /session/0a9752df-beae-4611-b4a6-0d792c2d3a15/element [6.367869ms] ERR:404 body={"strategy":"-android uiautomator","selector":"new UiSelector().descriptionMatches(\"(?is).*\\QTiế...
15:48:45.717028 POST /session/0a9752df-beae-4611-b4a6-0d792c2d3a15/element [6.095459ms] ERR:404 body={"strategy":"-android uiautomator","selector":"new UiSelector().textContains(\"Tiếng Anh\")"}
15:48:45.723521 POST /session/0a9752df-beae-4611-b4a6-0d792c2d3a15/element [6.43746ms] ERR:404 body={"strategy":"-android uiautomator","selector":"new UiSelector().descriptionContains(\"Tiếng Anh\")...
15:48:45.730778 POST /session/0a9752df-beae-4611-b4a6-0d792c2d3a15/element [7.177197ms] ERR:404 body={"strategy":"-android uiautomator","selector":"new UiSelector().textMatches(\"(?is).*\\QTiếng Anh\...
15:48:45.737487 POST /session/0a9752df-beae-4611-b4a6-0d792c2d3a15/element [6.641621ms] ERR:404 body={"strategy":"-android uiautomator","selector":"new UiSelector().descriptionMatches(\"(?is).*\\QTiế...
15:48:45.744120 POST /session/0a9752df-beae-4611-b4a6-0d792c2d3a15/element [6.555279ms] ERR:404 body={"strategy":"-android uiautomator","selector":"new UiSelector().textContains(\"Tiếng Anh\")"}
15:48:45.750519 POST /session/0a9752df-beae-4611-b4a6-0d792c2d3a15/element [6.330277ms] ERR:404 body={"strategy":"-android uiautomator","selector":"new UiSelector().descriptionContains(\"Tiếng Anh\")...
15:48:45.758285 POST /session/0a9752df-beae-4611-b4a6-0d792c2d3a15/element [7.674753ms] ERR:404 body={"strategy":"-android uiautomator","selector":"new UiSelector().textMatches(\"(?is).*\\QTiếng Anh\...
15:48:45.765950 POST /session/0a9752df-beae-4611-b4a6-0d792c2d3a15/element [7.583458ms] ERR:404 body={"strategy":"-android uiautomator","selector":"new UiSelector().descriptionMatches(\"(?is).*\\QTiế...
15:48:45.775034 POST /session/0a9752df-beae-4611-b4a6-0d792c2d3a15/element [8.961797ms] ERR:404 body={"strategy":"-android uiautomator","selector":"new UiSelector().textContains(\"Tiếng Anh\")"}
15:48:45.782744 POST /session/0a9752df-beae-4611-b4a6-0d792c2d3a15/element [7.646465ms] ERR:404 body={"strategy":"-android uiautomator","selector":"new UiSelector().descriptionContains(\"Tiếng Anh\")...
15:48:45.791129 POST /session/0a9752df-beae-4611-b4a6-0d792c2d3a15/element [8.331063ms] ERR:404 body={"strategy":"-android uiautomator","selector":"new UiSelector().textMatches(\"(?is).*\\QTiếng Anh\...
15:48:45.798559 POST /session/0a9752df-beae-4611-b4a6-0d792c2d3a15/element [7.37925ms] ERR:404 body={"strategy":"-android uiautomator","selector":"new UiSelector().descriptionMatches(\"(?is).*\\QTiế...
15:48:45.806351 POST /session/0a9752df-beae-4611-b4a6-0d792c2d3a15/element [7.727434ms] ERR:404 body={"strategy":"-android uiautomator","selector":"new UiSelector().textContains(\"Tiếng Anh\")"}
15:48:45.812767 POST /session/0a9752df-beae-4611-b4a6-0d792c2d3a15/element [6.351549ms] ERR:404 body={"strategy":"-android uiautomator","selector":"new UiSelector().descriptionContains(\"Tiếng Anh\")...
15:48:45.820056 POST /session/0a9752df-beae-4611-b4a6-0d792c2d3a15/element [7.220915ms] ERR:404 body={"strategy":"-android uiautomator","selector":"new UiSelector().textMatches(\"(?is).*\\QTiếng Anh\...
15:48:45.827306 POST /session/0a9752df-beae-4611-b4a6-0d792c2d3a15/element [7.166363ms] ERR:404 body={"strategy":"-android uiautomator","selector":"new UiSelector().descriptionMatches(\"(?is).*\\QTiế...
15:48:45.840421 POST /session/0a9752df-beae-4611-b4a6-0d792c2d3a15/element [13.016616ms] ERR:404 body={"strategy":"-android uiautomator","selector":"new UiSelector().textContains(\"Tiếng Anh\")"}
15:48:45.846913 POST /session/0a9752df-beae-4611-b4a6-0d792c2d3a15/element [6.412744ms] ERR:404 body={"strategy":"-android uiautomator","selector":"new UiSelector().descriptionContains(\"Tiếng Anh\")...
15:48:45.853337 POST /session/0a9752df-beae-4611-b4a6-0d792c2d3a15/element [6.354067ms] ERR:404 body={"strategy":"-android uiautomator","selector":"new UiSelector().textMatches(\"(?is).*\\QTiếng Anh\...
15:48:45.862017 POST /session/0a9752df-beae-4611-b4a6-0d792c2d3a15/element [8.600383ms] ERR:404 body={"strategy":"-android uiautomator","selector":"new UiSelector().descriptionMatches(\"(?is).*\\QTiế...
15:48:45.870408 POST /session/0a9752df-beae-4611-b4a6-0d792c2d3a15/element [8.304833ms] ERR:404 body={"strategy":"-android uiautomator","selector":"new UiSelector().textContains(\"Tiếng Anh\")"}
15:48:45.876868 POST /session/0a9752df-beae-4611-b4a6-0d792c2d3a15/element [6.386133ms] ERR:404 body={"strategy":"-android uiautomator","selector":"new UiSelector().descriptionContains(\"Tiếng Anh\")...
15:48:45.884051 POST /session/0a9752df-beae-4611-b4a6-0d792c2d3a15/element [7.113532ms] ERR:404 body={"strategy":"-android uiautomator","selector":"new UiSelector().textMatches(\"(?is).*\\QTiếng Anh\...
15:48:45.890645 POST /session/0a9752df-beae-4611-b4a6-0d792c2d3a15/element [6.484437ms] ERR:404 body={"strategy":"-android uiautomator","selector":"new UiSelector().descriptionMatches(\"(?is).*\\QTiế...
15:48:45.897250 POST /session/0a9752df-beae-4611-b4a6-0d792c2d3a15/element [6.52546ms] ERR:404 body={"strategy":"-android uiautomator","selector":"new UiSelector().textContains(\"Tiếng Anh\")"}
15:48:45.903817 POST /session/0a9752df-beae-4611-b4a6-0d792c2d3a15/element [6.500192ms] ERR:404 body={"strategy":"-android uiautomator","selector":"new UiSelector().descriptionContains(\"Tiếng Anh\")...
15:48:45.910200 POST /session/0a9752df-beae-4611-b4a6-0d792c2d3a15/element [6.310318ms] ERR:404 body={"strategy":"-android uiautomator","selector":"new UiSelector().textMatches(\"(?is).*\\QTiếng Anh\...
15:48:45.917471 POST /session/0a9752df-beae-4611-b4a6-0d792c2d3a15/element [7.196006ms] ERR:404 body={"strategy":"-android uiautomator","selector":"new UiSelector().descriptionMatches(\"(?is).*\\QTiế...
15:48:45.924260 POST /session/0a9752df-beae-4611-b4a6-0d792c2d3a15/element [6.722263ms] ERR:404 body={"strategy":"-android uiautomator","selector":"new UiSelector().textContains(\"Tiếng Anh\")"}
15:48:45.930768 POST /session/0a9752df-beae-4611-b4a6-0d792c2d3a15/element [6.440194ms] ERR:404 body={"strategy":"-android uiautomator","selector":"new UiSelector().descriptionContains(\"Tiếng Anh\")...
15:48:45.938206 POST /session/0a9752df-beae-4611-b4a6-0d792c2d3a15/element [7.342178ms] ERR:404 body={"strategy":"-android uiautomator","selector":"new UiSelector().textMatches(\"(?is).*\\QTiếng Anh\...
15:48:45.944473 POST /session/0a9752df-beae-4611-b4a6-0d792c2d3a15/element [6.206936ms] ERR:404 body={"strategy":"-android uiautomator","selector":"new UiSelector().descriptionMatches(\"(?is).*\\QTiế...
15:48:45.951969 POST /session/0a9752df-beae-4611-b4a6-0d792c2d3a15/element [7.426831ms] ERR:404 body={"strategy":"-android uiautomator","selector":"new UiSelector().textContains(\"Tiếng Anh\")"}
15:48:45.964120 POST /session/0a9752df-beae-4611-b4a6-0d792c2d3a15/element [12.076198ms] ERR:404 body={"strategy":"-android uiautomator","selector":"new UiSelector().descriptionContains(\"Tiếng Anh\")...
15:48:45.978936 POST /session/0a9752df-beae-4611-b4a6-0d792c2d3a15/element [14.73598ms] ERR:404 body={"strategy":"-android uiautomator","selector":"new UiSelector().textMatches(\"(?is).*\\QTiếng Anh\...
15:48:45.987521 POST /session/0a9752df-beae-4611-b4a6-0d792c2d3a15/element [8.504789ms] ERR:404 body={"strategy":"-android uiautomator","selector":"new UiSelector().descriptionMatches(\"(?is).*\\QTiế...
15:48:45.994879 POST /session/0a9752df-beae-4611-b4a6-0d792c2d3a15/element [7.273976ms] ERR:404 body={"strategy":"-android uiautomator","selector":"new UiSelector().textContains(\"Tiếng Anh\")"}
15:48:46.001955 POST /session/0a9752df-beae-4611-b4a6-0d792c2d3a15/element [7.005154ms] ERR:404 body={"strategy":"-android uiautomator","selector":"new UiSelector().descriptionContains(\"Tiếng Anh\")...
15:48:46.008945 POST /session/0a9752df-beae-4611-b4a6-0d792c2d3a15/element [6.922808ms] ERR:404 body={"strategy":"-android uiautomator","selector":"new UiSelector().textMatches(\"(?is).*\\QTiếng Anh\...
15:48:46.015775 POST /session/0a9752df-beae-4611-b4a6-0d792c2d3a15/element [6.764425ms] ERR:404 body={"strategy":"-android uiautomator","selector":"new UiSelector().descriptionMatches(\"(?is).*\\QTiế...
15:48:46.021989 POST /session/0a9752df-beae-4611-b4a6-0d792c2d3a15/element [6.150971ms] ERR:404 body={"strategy":"-android uiautomator","selector":"new UiSelector().textContains(\"Tiếng Anh\")"}
15:48:46.028755 POST /session/0a9752df-beae-4611-b4a6-0d792c2d3a15/element [6.695491ms] ERR:404 body={"strategy":"-android uiautomator","selector":"new UiSelector().descriptionContains(\"Tiếng Anh\")...
15:48:46.035288 POST /session/0a9752df-beae-4611-b4a6-0d792c2d3a15/element [6.454096ms] ERR:404 body={"strategy":"-android uiautomator","selector":"new UiSelector().textMatches(\"(?is).*\\QTiếng Anh\...
15:48:46.041808 POST /session/0a9752df-beae-4611-b4a6-0d792c2d3a15/element [6.459348ms] ERR:404 body={"strategy":"-android uiautomator","selector":"new UiSelector().descriptionMatches(\"(?is).*\\QTiế...
15:48:46.048177 POST /session/0a9752df-beae-4611-b4a6-0d792c2d3a15/element [6.303709ms] ERR:404 body={"strategy":"-android uiautomator","selector":"new UiSelector().textContains(\"Tiếng Anh\")"}
15:48:46.054441 POST /session/0a9752df-beae-4611-b4a6-0d792c2d3a15/element [6.187002ms] ERR:404 body={"strategy":"-android uiautomator","selector":"new UiSelector().descriptionContains(\"Tiếng Anh\")...
15:48:46.061123 POST /session/0a9752df-beae-4611-b4a6-0d792c2d3a15/element [6.607115ms] ERR:404 body={"strategy":"-android uiautomator","selector":"new UiSelector().textMatches(\"(?is).*\\QTiếng Anh\...
15:48:46.068496 POST /session/0a9752df-beae-4611-b4a6-0d792c2d3a15/element [7.272593ms] ERR:404 body={"strategy":"-android uiautomator","selector":"new UiSelector().descriptionMatches(\"(?is).*\\QTiế...
15:48:46.076283 POST /session/0a9752df-beae-4611-b4a6-0d792c2d3a15/element [7.717489ms] ERR:404 body={"strategy":"-android uiautomator","selector":"new UiSelector().textContains(\"Tiếng Anh\")"}
15:48:46.082855 POST /session/0a9752df-beae-4611-b4a6-0d792c2d3a15/element [6.498925ms] ERR:404 body={"strategy":"-android uiautomator","selector":"new UiSelector().descriptionContains(\"Tiếng Anh\")...
15:48:46.090305 POST /session/0a9752df-beae-4611-b4a6-0d792c2d3a15/element [7.369942ms] ERR:404 body={"strategy":"-android uiautomator","selector":"new UiSelector().textMatches(\"(?is).*\\QTiếng Anh\...
15:48:46.097540 POST /session/0a9752df-beae-4611-b4a6-0d792c2d3a15/element [7.168321ms] ERR:404 body={"strategy":"-android uiautomator","selector":"new UiSelector().descriptionMatches(\"(?is).*\\QTiế...
15:48:46.105411 POST /session/0a9752df-beae-4611-b4a6-0d792c2d3a15/element [7.793806ms] ERR:404 body={"strategy":"-android uiautomator","selector":"new UiSelector().textContains(\"Tiếng Anh\")"}
15:48:46.111922 POST /session/0a9752df-beae-4611-b4a6-0d792c2d3a15/element [6.448456ms] ERR:404 body={"strategy":"-android uiautomator","selector":"new UiSelector().descriptionContains(\"Tiếng Anh\")...
15:48:46.125812 POST /session/0a9752df-beae-4611-b4a6-0d792c2d3a15/element [13.813581ms] ERR:404 body={"strategy":"-android uiautomator","selector":"new UiSelector().textMatches(\"(?is).*\\QTiếng Anh\...
15:48:46.132408 POST /session/0a9752df-beae-4611-b4a6-0d792c2d3a15/element [6.524292ms] ERR:404 body={"strategy":"-android uiautomator","selector":"new UiSelector().descriptionMatches(\"(?is).*\\QTiế...
15:48:46.139504 POST /session/0a9752df-beae-4611-b4a6-0d792c2d3a15/element [7.029824ms] ERR:404 body={"strategy":"-android uiautomator","selector":"new UiSelector().textContains(\"Tiếng Anh\")"}
15:48:46.147649 POST /session/0a9752df-beae-4611-b4a6-0d792c2d3a15/element [8.048912ms] ERR:404 body={"strategy":"-android uiautomator","selector":"new UiSelector().descriptionContains(\"Tiếng Anh\")...
15:48:46.154191 POST /session/0a9752df-beae-4611-b4a6-0d792c2d3a15/element [6.458182ms] ERR:404 body={"strategy":"-android uiautomator","selector":"new UiSelector().textMatches(\"(?is).*\\QTiếng Anh\...
15:48:46.161016 POST /session/0a9752df-beae-4611-b4a6-0d792c2d3a15/element [6.770795ms] ERR:404 body={"strategy":"-android uiautomator","selector":"new UiSelector().descriptionMatches(\"(?is).*\\QTiế...
15:48:46.167412 POST /session/0a9752df-beae-4611-b4a6-0d792c2d3a15/element [6.323927ms] ERR:404 body={"strategy":"-android uiautomator","selector":"new UiSelector().textContains(\"Tiếng Anh\")"}
15:48:46.177664 POST /session/0a9752df-beae-4611-b4a6-0d792c2d3a15/element [10.191116ms] ERR:404 body={"strategy":"-android uiautomator","selector":"new UiSelector().descriptionContains(\"Tiếng Anh\")...
15:48:46.185916 POST /session/0a9752df-beae-4611-b4a6-0d792c2d3a15/element [8.177359ms] ERR:404 body={"strategy":"-android uiautomator","selector":"new UiSelector().textMatches(\"(?is).*\\QTiếng Anh\...
15:48:46.193992 POST /session/0a9752df-beae-4611-b4a6-0d792c2d3a15/element [8.018393ms] ERR:404 body={"strategy":"-android uiautomator","selector":"new UiSelector().descriptionMatches(\"(?is).*\\QTiế...
15:48:46.201850 POST /session/0a9752df-beae-4611-b4a6-0d792c2d3a15/element [7.802471ms] ERR:404 body={"strategy":"-android uiautomator","selector":"new UiSelector().textContains(\"Tiếng Anh\")"}
15:48:46.209761 POST /session/0a9752df-beae-4611-b4a6-0d792c2d3a15/element [7.825682ms] ERR:404 body={"strategy":"-android uiautomator","selector":"new UiSelector().descriptionContains(\"Tiếng Anh\")...
15:48:46.217337 POST /session/0a9752df-beae-4611-b4a6-0d792c2d3a15/element [7.519645ms] ERR:404 body={"strategy":"-android uiautomator","selector":"new UiSelector().textMatches(\"(?is).*\\QTiếng Anh\...
15:48:46.225211 POST /session/0a9752df-beae-4611-b4a6-0d792c2d3a15/element [7.806599ms] ERR:404 body={"strategy":"-android uiautomator","selector":"new UiSelector().descriptionMatches(\"(?is).*\\QTiế...
15:48:46.232858 POST /session/0a9752df-beae-4611-b4a6-0d792c2d3a15/element [7.578446ms] ERR:404 body={"strategy":"-android uiautomator","selector":"new UiSelector().textContains(\"Tiếng Anh\")"}
15:48:46.240683 POST /session/0a9752df-beae-4611-b4a6-0d792c2d3a15/element [7.762626ms] ERR:404 body={"strategy":"-android uiautomator","selector":"new UiSelector().descriptionContains(\"Tiếng Anh\")...
15:48:46.247865 POST /session/0a9752df-beae-4611-b4a6-0d792c2d3a15/element [7.114822ms] ERR:404 body={"strategy":"-android uiautomator","selector":"new UiSelector().textMatches(\"(?is).*\\QTiếng Anh\...
15:48:46.254403 POST /session/0a9752df-beae-4611-b4a6-0d792c2d3a15/element [6.463081ms] ERR:404 body={"strategy":"-android uiautomator","selector":"new UiSelector().descriptionMatches(\"(?is).*\\QTiế...
15:48:46.268089 POST /session/0a9752df-beae-4611-b4a6-0d792c2d3a15/element [13.104242ms] ERR:404 body={"strategy":"-android uiautomator","selector":"new UiSelector().textContains(\"Tiếng Anh\")"}
15:48:46.275969 POST /session/0a9752df-beae-4611-b4a6-0d792c2d3a15/element [7.798463ms] ERR:404 body={"strategy":"-android uiautomator","selector":"new UiSelector().descriptionContains(\"Tiếng Anh\")...
15:48:46.286129 POST /session/0a9752df-beae-4611-b4a6-0d792c2d3a15/element [10.086681ms] ERR:404 body={"strategy":"-android uiautomator","selector":"new UiSelector().textMatches(\"(?is).*\\QTiếng Anh\...
15:48:46.293753 POST /session/0a9752df-beae-4611-b4a6-0d792c2d3a15/element [7.569168ms] ERR:404 body={"strategy":"-android uiautomator","selector":"new UiSelector().descriptionMatches(\"(?is).*\\QTiế...
15:48:46.301413 POST /session/0a9752df-beae-4611-b4a6-0d792c2d3a15/element [7.597309ms] ERR:404 body={"strategy":"-android uiautomator","selector":"new UiSelector().textContains(\"Tiếng Anh\")"}
15:48:46.310025 POST /session/0a9752df-beae-4611-b4a6-0d792c2d3a15/element [8.560095ms] ERR:404 body={"strategy":"-android uiautomator","selector":"new UiSelector().descriptionContains(\"Tiếng Anh\")...
15:48:46.317881 POST /session/0a9752df-beae-4611-b4a6-0d792c2d3a15/element [7.796165ms] ERR:404 body={"strategy":"-android uiautomator","selector":"new UiSelector().textMatches(\"(?is).*\\QTiếng Anh\...
15:48:46.325811 POST /session/0a9752df-beae-4611-b4a6-0d792c2d3a15/element [7.885508ms] ERR:404 body={"strategy":"-android uiautomator","selector":"new UiSelector().descriptionMatches(\"(?is).*\\QTiế...
15:48:46.333330 POST /session/0a9752df-beae-4611-b4a6-0d792c2d3a15/element [7.464926ms] ERR:404 body={"strategy":"-android uiautomator","selector":"new UiSelector().textContains(\"Tiếng Anh\")"}
15:48:46.339616 POST /session/0a9752df-beae-4611-b4a6-0d792c2d3a15/element [6.225596ms] ERR:404 body={"strategy":"-android uiautomator","selector":"new UiSelector().descriptionContains(\"Tiếng Anh\")...
15:48:46.346086 POST /session/0a9752df-beae-4611-b4a6-0d792c2d3a15/element [6.346366ms] ERR:404 body={"strategy":"-android uiautomator","selector":"new UiSelector().textMatches(\"(?is).*\\QTiếng Anh\...
15:48:46.352960 POST /session/0a9752df-beae-4611-b4a6-0d792c2d3a15/element [6.792135ms] ERR:404 body={"strategy":"-android uiautomator","selector":"new UiSelector().descriptionMatches(\"(?is).*\\QTiế...
15:48:46.361653 POST /session/0a9752df-beae-4611-b4a6-0d792c2d3a15/element [8.618025ms] ERR:404 body={"strategy":"-android uiautomator","selector":"new UiSelector().textContains(\"Tiếng Anh\")"}
15:48:46.368981 POST /session/0a9752df-beae-4611-b4a6-0d792c2d3a15/element [7.236392ms] ERR:404 body={"strategy":"-android uiautomator","selector":"new UiSelector().descriptionContains(\"Tiếng Anh\")...
15:48:46.376870 POST /session/0a9752df-beae-4611-b4a6-0d792c2d3a15/element [7.804167ms] ERR:404 body={"strategy":"-android uiautomator","selector":"new UiSelector().textMatches(\"(?is).*\\QTiếng Anh\...
15:48:46.386207 POST /session/0a9752df-beae-4611-b4a6-0d792c2d3a15/element [9.255259ms] ERR:404 body={"strategy":"-android uiautomator","selector":"new UiSelector().descriptionMatches(\"(?is).*\\QTiế...
15:48:46.394833 POST /session/0a9752df-beae-4611-b4a6-0d792c2d3a15/element [8.562835ms] ERR:404 body={"strategy":"-android uiautomator","selector":"new UiSelector().textContains(\"Tiếng Anh\")"}
15:48:46.401549 POST /session/0a9752df-beae-4611-b4a6-0d792c2d3a15/element [6.652067ms] ERR:404 body={"strategy":"-android uiautomator","selector":"new UiSelector().descriptionContains(\"Tiếng Anh\")...
15:48:46.408864 POST /session/0a9752df-beae-4611-b4a6-0d792c2d3a15/element [7.250742ms] ERR:404 body={"strategy":"-android uiautomator","selector":"new UiSelector().textMatches(\"(?is).*\\QTiếng Anh\...
15:48:46.417507 POST /session/0a9752df-beae-4611-b4a6-0d792c2d3a15/element [8.577755ms] ERR:404 body={"strategy":"-android uiautomator","selector":"new UiSelector().descriptionMatches(\"(?is).*\\QTiế...
15:48:46.428320 POST /session/0a9752df-beae-4611-b4a6-0d792c2d3a15/element [10.725611ms] ERR:404 body={"strategy":"-android uiautomator","selector":"new UiSelector().textContains(\"Tiếng Anh\")"}
15:48:46.436450 POST /session/0a9752df-beae-4611-b4a6-0d792c2d3a15/element [8.056167ms] ERR:404 body={"strategy":"-android uiautomator","selector":"new UiSelector().descriptionContains(\"Tiếng Anh\")...
15:48:46.444372 POST /session/0a9752df-beae-4611-b4a6-0d792c2d3a15/element [7.859267ms] ERR:404 body={"strategy":"-android uiautomator","selector":"new UiSelector().textMatches(\"(?is).*\\QTiếng Anh\...
15:48:46.454290 POST /session/0a9752df-beae-4611-b4a6-0d792c2d3a15/element [9.839858ms] ERR:404 body={"strategy":"-android uiautomator","selector":"new UiSelector().descriptionMatches(\"(?is).*\\QTiế...
15:48:46.512760 GET /session/0a9752df-beae-4611-b4a6-0d792c2d3a15/source [58.347964ms] OK body=
15:48:46.522086 POST /session/0a9752df-beae-4611-b4a6-0d792c2d3a15/element [5.832895ms] OK body={"strategy":"-android uiautomator","selector":"new UiSelector().resourceIdMatches(\".*active-speakin...
15:48:46.526734 GET /session/0a9752df-beae-4611-b4a6-0d792c2d3a15/element/00000000-0000-0010-ffff-ffff000001f6/text [4.612194ms] OK body=
15:48:46.530964 GET /session/0a9752df-beae-4611-b4a6-0d792c2d3a15/element/00000000-0000-0010-ffff-ffff000001f6/rect [4.194391ms] OK body=
15:48:46.555568 POST /session/0a9752df-beae-4611-b4a6-0d792c2d3a15/element/00000000-0000-0010-ffff-ffff000001f6/click [24.568726ms] OK body=
15:48:47.053920 POST /session/0a9752df-beae-4611-b4a6-0d792c2d3a15/element [497.081599ms] OK body={"strategy":"-android uiautomator","selector":"new UiSelector().resourceIdMatches(\".*cooking-next-b...
15:48:47.059494 GET /session/0a9752df-beae-4611-b4a6-0d792c2d3a15/element/00000000-0000-0010-ffff-ffff0000020b/text [5.521071ms] OK body=
15:48:47.064142 GET /session/0a9752df-beae-4611-b4a6-0d792c2d3a15/element/00000000-0000-0010-ffff-ffff0000020b/rect [4.614703ms] OK body=
15:48:47.089106 POST /session/0a9752df-beae-4611-b4a6-0d792c2d3a15/element/00000000-0000-0010-ffff-ffff0000020b/click [24.927734ms] OK body=
15:48:47.103696 POST /session/0a9752df-beae-4611-b4a6-0d792c2d3a15/element [13.451154ms] OK body={"strategy":"-android uiautomator","selector":"new UiSelector().resourceIdMatches(\".*cooking-back-b...
15:48:47.110212 GET /session/0a9752df-beae-4611-b4a6-0d792c2d3a15/element/00000000-0000-0010-ffff-ffff00000209/text [6.48702ms] OK body=
15:48:47.118102 GET /session/0a9752df-beae-4611-b4a6-0d792c2d3a15/element/00000000-0000-0010-ffff-ffff00000209/rect [7.838972ms] OK body=
15:48:47.737838 POST /session/0a9752df-beae-4611-b4a6-0d792c2d3a15/element/00000000-0000-0010-ffff-ffff00000209/click [619.67084ms] OK body=
15:48:51.445897 POST /session/0a9752df-beae-4611-b4a6-0d792c2d3a15/appium/device/launch_app [1.700829ms] ERR:404 body={"appId":"com.tastopia.app"}
15:48:53.520008 POST /session/0a9752df-beae-4611-b4a6-0d792c2d3a15/element [949.27853ms] OK body={"strategy":"-android uiautomator","selector":"new UiSelector().resourceIdMatches(\".*MENU.*\")"}
15:48:54.849273 GET /session/0a9752df-beae-4611-b4a6-0d792c2d3a15/element/00000000-0000-0012-ffff-ffff0000008f/text [1.32915274s] OK body=
15:48:55.257895 GET /session/0a9752df-beae-4611-b4a6-0d792c2d3a15/element/00000000-0000-0012-ffff-ffff0000008f/rect [408.540399ms] OK body=
15:48:55.272851 POST /session/0a9752df-beae-4611-b4a6-0d792c2d3a15/element [14.632544ms] ERR:404 body={"strategy":"-android uiautomator","selector":"new UiSelector().resourceIdMatches(\".*MENU.*\").clic...
15:48:55.285226 POST /session/0a9752df-beae-4611-b4a6-0d792c2d3a15/element [12.275394ms] OK body={"strategy":"-android uiautomator","selector":"new UiSelector().resourceIdMatches(\".*MENU.*\")"}
15:48:55.291915 GET /session/0a9752df-beae-4611-b4a6-0d792c2d3a15/element/00000000-0000-0012-ffff-ffff0000008f/text [6.648126ms] OK body=
15:48:55.299454 GET /session/0a9752df-beae-4611-b4a6-0d792c2d3a15/element/00000000-0000-0012-ffff-ffff0000008f/rect [7.502444ms] OK body=
15:48:55.334885 POST /session/0a9752df-beae-4611-b4a6-0d792c2d3a15/element/00000000-0000-0012-ffff-ffff0000008f/click [35.387081ms] OK body=
15:48:55.336559 POST /session/0a9752df-beae-4611-b4a6-0d792c2d3a15/appium/device/hide_keyboard [1.586369ms] ERR:404 body=
15:48:55.447882 POST /session/0a9752df-beae-4611-b4a6-0d792c2d3a15/element [111.022687ms] ERR:404 body={"strategy":"-android uiautomator","selector":"new UiSelector().textContains(\"History\")"}
15:48:55.481353 POST /session/0a9752df-beae-4611-b4a6-0d792c2d3a15/element [33.389089ms] ERR:404 body={"strategy":"-android uiautomator","selector":"new UiSelector().descriptionContains(\"History\")"}
15:48:55.615289 POST /session/0a9752df-beae-4611-b4a6-0d792c2d3a15/element [133.844348ms] ERR:404 body={"strategy":"-android uiautomator","selector":"new UiSelector().textMatches(\"(?is).*\\QHistory\\E.*...
15:48:56.407727 POST /session/0a9752df-beae-4611-b4a6-0d792c2d3a15/element [792.300849ms] ERR:404 body={"strategy":"-android uiautomator","selector":"new UiSelector().descriptionMatches(\"(?is).*\\QHisto...
15:48:56.415124 POST /session/0a9752df-beae-4611-b4a6-0d792c2d3a15/element [7.306702ms] OK body={"strategy":"-android uiautomator","selector":"new UiSelector().textContains(\"History\")"}
15:48:56.423913 POST /session/0a9752df-beae-4611-b4a6-0d792c2d3a15/element [8.546024ms] OK body={"strategy":"-android uiautomator","selector":"new UiSelector().resourceIdMatches(\".*menu-logout-bu...
15:48:56.428852 GET /session/0a9752df-beae-4611-b4a6-0d792c2d3a15/element/00000000-0000-0012-ffff-ffff000000e9/text [4.895755ms] OK body=
15:48:56.435856 GET /session/0a9752df-beae-4611-b4a6-0d792c2d3a15/element/00000000-0000-0012-ffff-ffff000000e9/rect [6.978446ms] OK body=
15:48:56.461241 POST /session/0a9752df-beae-4611-b4a6-0d792c2d3a15/element/00000000-0000-0012-ffff-ffff000000e9/click [25.356562ms] OK body=
15:48:56.482767 POST /session/0a9752df-beae-4611-b4a6-0d792c2d3a15/element [21.281167ms] ERR:404 body={"strategy":"-android uiautomator","selector":"new UiSelector().textContains(\"Welcome to\")"}
15:48:56.492734 POST /session/0a9752df-beae-4611-b4a6-0d792c2d3a15/element [9.884227ms] ERR:404 body={"strategy":"-android uiautomator","selector":"new UiSelector().descriptionContains(\"Welcome to\")"...
15:48:56.501905 POST /session/0a9752df-beae-4611-b4a6-0d792c2d3a15/element [9.097891ms] ERR:404 body={"strategy":"-android uiautomator","selector":"new UiSelector().textMatches(\"(?is).*\\QWelcome to\\...
15:48:56.514963 POST /session/0a9752df-beae-4611-b4a6-0d792c2d3a15/element [12.97926ms] ERR:404 body={"strategy":"-android uiautomator","selector":"new UiSelector().descriptionMatches(\"(?is).*\\QWelco...
15:48:56.523787 POST /session/0a9752df-beae-4611-b4a6-0d792c2d3a15/element [8.741567ms] ERR:404 body={"strategy":"-android uiautomator","selector":"new UiSelector().textContains(\"Welcome to\")"}
15:48:56.535055 POST /session/0a9752df-beae-4611-b4a6-0d792c2d3a15/element [11.19061ms] ERR:404 body={"strategy":"-android uiautomator","selector":"new UiSelector().descriptionContains(\"Welcome to\")"...
15:48:56.546327 POST /session/0a9752df-beae-4611-b4a6-0d792c2d3a15/element [11.18007ms] ERR:404 body={"strategy":"-android uiautomator","selector":"new UiSelector().textMatches(\"(?is).*\\QWelcome to\\...
15:48:56.557056 POST /session/0a9752df-beae-4611-b4a6-0d792c2d3a15/element [10.665125ms] ERR:404 body={"strategy":"-android uiautomator","selector":"new UiSelector().descriptionMatches(\"(?is).*\\QWelco...
15:48:56.567044 POST /session/0a9752df-beae-4611-b4a6-0d792c2d3a15/element [9.914055ms] ERR:404 body={"strategy":"-android uiautomator","selector":"new UiSelector().textContains(\"Welcome to\")"}
15:48:56.577331 POST /session/0a9752df-beae-4611-b4a6-0d792c2d3a15/element [10.20439ms] ERR:404 body={"strategy":"-android uiautomator","selector":"new UiSelector().descriptionContains(\"Welcome to\")"...
15:48:56.588112 POST /session/0a9752df-beae-4611-b4a6-0d792c2d3a15/element [10.683621ms] ERR:404 body={"strategy":"-android uiautomator","selector":"new UiSelector().textMatches(\"(?is).*\\QWelcome to\\...
15:48:56.597545 POST /session/0a9752df-beae-4611-b4a6-0d792c2d3a15/element [9.352159ms] ERR:404 body={"strategy":"-android uiautomator","selector":"new UiSelector().descriptionMatches(\"(?is).*\\QWelco...
15:48:56.609699 POST /session/0a9752df-beae-4611-b4a6-0d792c2d3a15/element [12.090618ms] ERR:404 body={"strategy":"-android uiautomator","selector":"new UiSelector().textContains(\"Welcome to\")"}
15:48:56.624898 POST /session/0a9752df-beae-4611-b4a6-0d792c2d3a15/element [15.135894ms] ERR:404 body={"strategy":"-android uiautomator","selector":"new UiSelector().descriptionContains(\"Welcome to\")"...
15:48:56.634267 POST /session/0a9752df-beae-4611-b4a6-0d792c2d3a15/element [9.298193ms] ERR:404 body={"strategy":"-android uiautomator","selector":"new UiSelector().textMatches(\"(?is).*\\QWelcome to\\...
15:48:56.643552 POST /session/0a9752df-beae-4611-b4a6-0d792c2d3a15/element [9.204551ms] ERR:404 body={"strategy":"-android uiautomator","selector":"new UiSelector().descriptionMatches(\"(?is).*\\QWelco...
15:48:56.652181 POST /session/0a9752df-beae-4611-b4a6-0d792c2d3a15/element [8.554739ms] ERR:404 body={"strategy":"-android uiautomator","selector":"new UiSelector().textContains(\"Welcome to\")"}
15:48:56.661741 POST /session/0a9752df-beae-4611-b4a6-0d792c2d3a15/element [9.48736ms] ERR:404 body={"strategy":"-android uiautomator","selector":"new UiSelector().descriptionContains(\"Welcome to\")"...
15:48:56.672464 POST /session/0a9752df-beae-4611-b4a6-0d792c2d3a15/element [10.64712ms] ERR:404 body={"strategy":"-android uiautomator","selector":"new UiSelector().textMatches(\"(?is).*\\QWelcome to\\...
15:48:56.684056 POST /session/0a9752df-beae-4611-b4a6-0d792c2d3a15/element [11.516667ms] ERR:404 body={"strategy":"-android uiautomator","selector":"new UiSelector().descriptionMatches(\"(?is).*\\QWelco...
15:48:56.694259 POST /session/0a9752df-beae-4611-b4a6-0d792c2d3a15/element [10.100299ms] ERR:404 body={"strategy":"-android uiautomator","selector":"new UiSelector().textContains(\"Welcome to\")"}
15:48:56.703603 POST /session/0a9752df-beae-4611-b4a6-0d792c2d3a15/element [9.278606ms] ERR:404 body={"strategy":"-android uiautomator","selector":"new UiSelector().descriptionContains(\"Welcome to\")"...
15:48:56.728217 POST /session/0a9752df-beae-4611-b4a6-0d792c2d3a15/element [24.552782ms] ERR:404 body={"strategy":"-android uiautomator","selector":"new UiSelector().textMatches(\"(?is).*\\QWelcome to\\...
15:48:56.738051 POST /session/0a9752df-beae-4611-b4a6-0d792c2d3a15/element [9.767441ms] ERR:404 body={"strategy":"-android uiautomator","selector":"new UiSelector().descriptionMatches(\"(?is).*\\QWelco...
15:48:56.747482 POST /session/0a9752df-beae-4611-b4a6-0d792c2d3a15/element [9.340032ms] ERR:404 body={"strategy":"-android uiautomator","selector":"new UiSelector().textContains(\"Welcome to\")"}
15:48:56.757737 POST /session/0a9752df-beae-4611-b4a6-0d792c2d3a15/element [10.190374ms] ERR:404 body={"strategy":"-android uiautomator","selector":"new UiSelector().descriptionContains(\"Welcome to\")"...
15:48:56.767211 POST /session/0a9752df-beae-4611-b4a6-0d792c2d3a15/element [9.393888ms] ERR:404 body={"strategy":"-android uiautomator","selector":"new UiSelector().textMatches(\"(?is).*\\QWelcome to\\...
15:48:56.777944 POST /session/0a9752df-beae-4611-b4a6-0d792c2d3a15/element [10.649095ms] ERR:404 body={"strategy":"-android uiautomator","selector":"new UiSelector().descriptionMatches(\"(?is).*\\QWelco...
15:48:56.790710 POST /session/0a9752df-beae-4611-b4a6-0d792c2d3a15/element [12.664997ms] ERR:404 body={"strategy":"-android uiautomator","selector":"new UiSelector().textContains(\"Welcome to\")"}
15:48:56.800277 POST /session/0a9752df-beae-4611-b4a6-0d792c2d3a15/element [9.479087ms] ERR:404 body={"strategy":"-android uiautomator","selector":"new UiSelector().descriptionContains(\"Welcome to\")"...
15:48:56.815784 POST /session/0a9752df-beae-4611-b4a6-0d792c2d3a15/element [15.429318ms] ERR:404 body={"strategy":"-android uiautomator","selector":"new UiSelector().textMatches(\"(?is).*\\QWelcome to\\...
15:48:56.855330 POST /session/0a9752df-beae-4611-b4a6-0d792c2d3a15/element [39.455133ms] ERR:404 body={"strategy":"-android uiautomator","selector":"new UiSelector().descriptionMatches(\"(?is).*\\QWelco...
15:48:57.675956 POST /session/0a9752df-beae-4611-b4a6-0d792c2d3a15/element [820.550773ms] OK body={"strategy":"-android uiautomator","selector":"new UiSelector().textContains(\"Welcome to\")"}
15:48:57.681803 POST /session/0a9752df-beae-4611-b4a6-0d792c2d3a15/element [5.57187ms] OK body={"strategy":"-android uiautomator","selector":"new UiSelector().textContains(\"Tastopia\")"}
15:48:57.684523 POST /session/0a9752df-beae-4611-b4a6-0d792c2d3a15/appium/settings [1.807813ms] OK body={"settings":{"waitForIdleTimeout":200}}
15:49:01.474179 POST /session/0a9752df-beae-4611-b4a6-0d792c2d3a15/appium/device/launch_app [2.0856ms] ERR:404 body={"appId":"com.tastopia.app"}
15:49:03.461193 POST /session/0a9752df-beae-4611-b4a6-0d792c2d3a15/element [846.947006ms] OK body={"strategy":"-android uiautomator","selector":"new UiSelector().resourceIdMatches(\".*welcome-sign-i...
15:49:04.135338 GET /session/0a9752df-beae-4611-b4a6-0d792c2d3a15/element/00000000-0000-0014-ffff-ffff00000022/text [674.066389ms] OK body=
15:49:04.636529 GET /session/0a9752df-beae-4611-b4a6-0d792c2d3a15/element/00000000-0000-0014-ffff-ffff00000022/rect [501.11025ms] OK body=
15:49:04.659746 POST /session/0a9752df-beae-4611-b4a6-0d792c2d3a15/element/00000000-0000-0014-ffff-ffff00000022/click [23.157936ms] OK body=
15:49:04.665594 POST /session/0a9752df-beae-4611-b4a6-0d792c2d3a15/element [5.57082ms] ERR:404 body={"strategy":"-android uiautomator","selector":"new UiSelector().resourceIdMatches(\".*login-identifi...
15:49:04.669903 POST /session/0a9752df-beae-4611-b4a6-0d792c2d3a15/element [4.215372ms] ERR:404 body={"strategy":"-android uiautomator","selector":"new UiSelector().resourceIdMatches(\".*login-identifi...
15:49:04.673915 POST /session/0a9752df-beae-4611-b4a6-0d792c2d3a15/element [3.939758ms] ERR:404 body={"strategy":"-android uiautomator","selector":"new UiSelector().resourceIdMatches(\".*login-identifi...
15:49:04.677730 POST /session/0a9752df-beae-4611-b4a6-0d792c2d3a15/element [3.73768ms] ERR:404 body={"strategy":"-android uiautomator","selector":"new UiSelector().resourceIdMatches(\".*login-identifi...
15:49:04.682089 POST /session/0a9752df-beae-4611-b4a6-0d792c2d3a15/element [4.277511ms] ERR:404 body={"strategy":"-android uiautomator","selector":"new UiSelector().resourceIdMatches(\".*login-identifi...
15:49:04.686548 POST /session/0a9752df-beae-4611-b4a6-0d792c2d3a15/element [4.368763ms] ERR:404 body={"strategy":"-android uiautomator","selector":"new UiSelector().resourceIdMatches(\".*login-identifi...
15:49:04.691055 POST /session/0a9752df-beae-4611-b4a6-0d792c2d3a15/element [4.405892ms] ERR:404 body={"strategy":"-android uiautomator","selector":"new UiSelector().resourceIdMatches(\".*login-identifi...
15:49:04.695377 POST /session/0a9752df-beae-4611-b4a6-0d792c2d3a15/element [4.213424ms] ERR:404 body={"strategy":"-android uiautomator","selector":"new UiSelector().resourceIdMatches(\".*login-identifi...
15:49:04.701895 POST /session/0a9752df-beae-4611-b4a6-0d792c2d3a15/element [6.448828ms] ERR:404 body={"strategy":"-android uiautomator","selector":"new UiSelector().resourceIdMatches(\".*login-identifi...
15:49:04.705767 POST /session/0a9752df-beae-4611-b4a6-0d792c2d3a15/element [3.783978ms] ERR:404 body={"strategy":"-android uiautomator","selector":"new UiSelector().resourceIdMatches(\".*login-identifi...
15:49:04.709165 POST /session/0a9752df-beae-4611-b4a6-0d792c2d3a15/element [3.312903ms] ERR:404 body={"strategy":"-android uiautomator","selector":"new UiSelector().resourceIdMatches(\".*login-identifi...
15:49:04.713279 POST /session/0a9752df-beae-4611-b4a6-0d792c2d3a15/element [3.404661ms] ERR:404 body={"strategy":"-android uiautomator","selector":"new UiSelector().resourceIdMatches(\".*login-identifi...
15:49:04.717411 POST /session/0a9752df-beae-4611-b4a6-0d792c2d3a15/element [3.972734ms] ERR:404 body={"strategy":"-android uiautomator","selector":"new UiSelector().resourceIdMatches(\".*login-identifi...
15:49:04.720747 POST /session/0a9752df-beae-4611-b4a6-0d792c2d3a15/element [3.219084ms] ERR:404 body={"strategy":"-android uiautomator","selector":"new UiSelector().resourceIdMatches(\".*login-identifi...
15:49:04.724092 POST /session/0a9752df-beae-4611-b4a6-0d792c2d3a15/element [3.251305ms] ERR:404 body={"strategy":"-android uiautomator","selector":"new UiSelector().resourceIdMatches(\".*login-identifi...
15:49:04.729843 POST /session/0a9752df-beae-4611-b4a6-0d792c2d3a15/element [5.682982ms] ERR:404 body={"strategy":"-android uiautomator","selector":"new UiSelector().resourceIdMatches(\".*login-identifi...
15:49:04.740785 POST /session/0a9752df-beae-4611-b4a6-0d792c2d3a15/element [10.877862ms] ERR:404 body={"strategy":"-android uiautomator","selector":"new UiSelector().resourceIdMatches(\".*login-identifi...
15:49:04.746320 POST /session/0a9752df-beae-4611-b4a6-0d792c2d3a15/element [5.466743ms] ERR:404 body={"strategy":"-android uiautomator","selector":"new UiSelector().resourceIdMatches(\".*login-identifi...
15:49:04.753563 POST /session/0a9752df-beae-4611-b4a6-0d792c2d3a15/element [7.178991ms] ERR:404 body={"strategy":"-android uiautomator","selector":"new UiSelector().resourceIdMatches(\".*login-identifi...
15:49:04.757434 POST /session/0a9752df-beae-4611-b4a6-0d792c2d3a15/element [3.80063ms] ERR:404 body={"strategy":"-android uiautomator","selector":"new UiSelector().resourceIdMatches(\".*login-identifi...
15:49:04.761465 POST /session/0a9752df-beae-4611-b4a6-0d792c2d3a15/element [3.939551ms] ERR:404 body={"strategy":"-android uiautomator","selector":"new UiSelector().resourceIdMatches(\".*login-identifi...
15:49:04.771470 POST /session/0a9752df-beae-4611-b4a6-0d792c2d3a15/element [9.91695ms] ERR:404 body={"strategy":"-android uiautomator","selector":"new UiSelector().resourceIdMatches(\".*login-identifi...
15:49:04.955736 POST /session/0a9752df-beae-4611-b4a6-0d792c2d3a15/element [184.195798ms] OK body={"strategy":"-android uiautomator","selector":"new UiSelector().resourceIdMatches(\".*login-identifi...
15:49:05.786734 POST /session/0a9752df-beae-4611-b4a6-0d792c2d3a15/element [830.715656ms] OK body={"strategy":"-android uiautomator","selector":"new UiSelector().resourceIdMatches(\".*login-identifi...
15:49:05.791865 GET /session/0a9752df-beae-4611-b4a6-0d792c2d3a15/element/00000000-0000-0014-ffff-ffff00000031/text [5.057493ms] OK body=
15:49:05.796803 GET /session/0a9752df-beae-4611-b4a6-0d792c2d3a15/element/00000000-0000-0014-ffff-ffff00000031/rect [4.913745ms] OK body=
15:49:05.822627 POST /session/0a9752df-beae-4611-b4a6-0d792c2d3a15/element/00000000-0000-0014-ffff-ffff00000031/click [25.785171ms] OK body=
15:49:06.795755 POST /session/0a9752df-beae-4611-b4a6-0d792c2d3a15/actions [972.826672ms] OK body={"actions":[{"actions":[{"type":"keyDown","value":"a"},{"type":"keyUp","value":"a"},{"type":"keyDown...
15:49:06.798060 POST /session/0a9752df-beae-4611-b4a6-0d792c2d3a15/appium/device/hide_keyboard [2.209645ms] ERR:404 body=
15:49:07.358770 POST /session/0a9752df-beae-4611-b4a6-0d792c2d3a15/element [560.398429ms] OK body={"strategy":"-android uiautomator","selector":"new UiSelector().resourceIdMatches(\".*login-password...
15:49:07.368149 POST /session/0a9752df-beae-4611-b4a6-0d792c2d3a15/element [9.088925ms] OK body={"strategy":"-android uiautomator","selector":"new UiSelector().resourceIdMatches(\".*login-password...
15:49:07.385484 GET /session/0a9752df-beae-4611-b4a6-0d792c2d3a15/element/00000000-0000-0014-ffff-ffff00000032/text [17.291301ms] OK body=
15:49:07.392948 GET /session/0a9752df-beae-4611-b4a6-0d792c2d3a15/element/00000000-0000-0014-ffff-ffff00000032/rect [7.410904ms] OK body=
15:49:07.418306 POST /session/0a9752df-beae-4611-b4a6-0d792c2d3a15/element/00000000-0000-0014-ffff-ffff00000032/click [25.295873ms] OK body=
15:49:07.834409 POST /session/0a9752df-beae-4611-b4a6-0d792c2d3a15/actions [415.856401ms] OK body={"actions":[{"actions":[{"type":"keyDown","value":"P"},{"type":"keyUp","value":"P"},{"type":"keyDown...
15:49:07.836885 POST /session/0a9752df-beae-4611-b4a6-0d792c2d3a15/appium/device/hide_keyboard [2.417057ms] ERR:404 body=
15:49:08.370048 POST /session/0a9752df-beae-4611-b4a6-0d792c2d3a15/element [532.918292ms] OK body={"strategy":"-android uiautomator","selector":"new UiSelector().resourceIdMatches(\".*login-submit-b...
15:49:08.374855 GET /session/0a9752df-beae-4611-b4a6-0d792c2d3a15/element/00000000-0000-0014-ffff-ffff00000042/text [4.722208ms] OK body=
15:49:08.380008 GET /session/0a9752df-beae-4611-b4a6-0d792c2d3a15/element/00000000-0000-0014-ffff-ffff00000042/rect [5.109892ms] OK body=
15:49:08.402560 POST /session/0a9752df-beae-4611-b4a6-0d792c2d3a15/element/00000000-0000-0014-ffff-ffff00000042/click [22.512775ms] OK body=
15:49:08.406346 POST /session/0a9752df-beae-4611-b4a6-0d792c2d3a15/element [3.757441ms] OK body={"strategy":"-android uiautomator","selector":"new UiSelector().resourceIdMatches(\".*login-submit-b...
15:49:08.410316 GET /session/0a9752df-beae-4611-b4a6-0d792c2d3a15/element/00000000-0000-0014-ffff-ffff00000042/text [3.933264ms] OK body=
15:49:08.414821 GET /session/0a9752df-beae-4611-b4a6-0d792c2d3a15/element/00000000-0000-0014-ffff-ffff00000042/rect [4.480608ms] OK body=
15:49:08.718174 POST /session/0a9752df-beae-4611-b4a6-0d792c2d3a15/element/00000000-0000-0014-ffff-ffff00000042/click [303.303513ms] OK body=
15:49:09.425885 POST /session/0a9752df-beae-4611-b4a6-0d792c2d3a15/element [707.423255ms] ERR:404 body={"strategy":"-android uiautomator","selector":"new UiSelector().resourceIdMatches(\".*COMMUNITY.*\")...
15:49:09.430977 POST /session/0a9752df-beae-4611-b4a6-0d792c2d3a15/element [4.990682ms] ERR:404 body={"strategy":"-android uiautomator","selector":"new UiSelector().resourceIdMatches(\".*COMMUNITY.*\")...
15:49:09.438774 POST /session/0a9752df-beae-4611-b4a6-0d792c2d3a15/element [7.732539ms] ERR:404 body={"strategy":"-android uiautomator","selector":"new UiSelector().resourceIdMatches(\".*COMMUNITY.*\")...
15:49:09.445115 POST /session/0a9752df-beae-4611-b4a6-0d792c2d3a15/element [6.229515ms] ERR:404 body={"strategy":"-android uiautomator","selector":"new UiSelector().resourceIdMatches(\".*COMMUNITY.*\")...
15:49:09.453952 POST /session/0a9752df-beae-4611-b4a6-0d792c2d3a15/element [8.760467ms] ERR:404 body={"strategy":"-android uiautomator","selector":"new UiSelector().resourceIdMatches(\".*COMMUNITY.*\")...
15:49:09.460151 POST /session/0a9752df-beae-4611-b4a6-0d792c2d3a15/element [6.108192ms] ERR:404 body={"strategy":"-android uiautomator","selector":"new UiSelector().resourceIdMatches(\".*COMMUNITY.*\")...
15:49:09.465308 POST /session/0a9752df-beae-4611-b4a6-0d792c2d3a15/element [5.087216ms] ERR:404 body={"strategy":"-android uiautomator","selector":"new UiSelector().resourceIdMatches(\".*COMMUNITY.*\")...
15:49:09.893433 POST /session/0a9752df-beae-4611-b4a6-0d792c2d3a15/element [428.038018ms] ERR:404 body={"strategy":"-android uiautomator","selector":"new UiSelector().resourceIdMatches(\".*COMMUNITY.*\")...
15:49:10.442341 POST /session/0a9752df-beae-4611-b4a6-0d792c2d3a15/element [548.821931ms] OK body={"strategy":"-android uiautomator","selector":"new UiSelector().resourceIdMatches(\".*COMMUNITY.*\")...
15:49:12.070851 GET /session/0a9752df-beae-4611-b4a6-0d792c2d3a15/element/00000000-0000-0014-ffff-ffff0000006d/text [1.628356213s] OK body=
15:49:12.080631 GET /session/0a9752df-beae-4611-b4a6-0d792c2d3a15/element/00000000-0000-0014-ffff-ffff0000006d/rect [9.736818ms] OK body=
15:49:12.095607 POST /session/0a9752df-beae-4611-b4a6-0d792c2d3a15/element [14.046283ms] ERR:404 body={"strategy":"-android uiautomator","selector":"new UiSelector().resourceIdMatches(\".*SEARCH.*\").cl...
15:49:12.106098 POST /session/0a9752df-beae-4611-b4a6-0d792c2d3a15/element [10.407145ms] OK body={"strategy":"-android uiautomator","selector":"new UiSelector().resourceIdMatches(\".*SEARCH.*\")"}
15:49:12.110950 GET /session/0a9752df-beae-4611-b4a6-0d792c2d3a15/element/00000000-0000-0014-ffff-ffff00000078/text [4.814242ms] OK body=
15:49:12.117655 GET /session/0a9752df-beae-4611-b4a6-0d792c2d3a15/element/00000000-0000-0014-ffff-ffff00000078/rect [6.667271ms] OK body=
15:49:12.150393 POST /session/0a9752df-beae-4611-b4a6-0d792c2d3a15/element/00000000-0000-0014-ffff-ffff00000078/click [32.704237ms] OK body=
15:49:12.233648 POST /session/0a9752df-beae-4611-b4a6-0d792c2d3a15/element [81.574179ms] ERR:404 body={"strategy":"-android uiautomator","selector":"new UiSelector().resourceIdMatches(\".*search-recipe-...
15:49:12.254786 POST /session/0a9752df-beae-4611-b4a6-0d792c2d3a15/element [21.059564ms] ERR:404 body={"strategy":"-android uiautomator","selector":"new UiSelector().resourceIdMatches(\".*search-recipe-...
15:49:12.355014 POST /session/0a9752df-beae-4611-b4a6-0d792c2d3a15/element [100.134518ms] ERR:404 body={"strategy":"-android uiautomator","selector":"new UiSelector().resourceIdMatches(\".*search-recipe-...
15:49:13.132119 POST /session/0a9752df-beae-4611-b4a6-0d792c2d3a15/element [777.0024ms] OK body={"strategy":"-android uiautomator","selector":"new UiSelector().resourceIdMatches(\".*search-recipe-...
15:49:13.140138 GET /session/0a9752df-beae-4611-b4a6-0d792c2d3a15/element/00000000-0000-0014-ffff-ffff00000108/text [7.946914ms] OK body=
15:49:13.148223 GET /session/0a9752df-beae-4611-b4a6-0d792c2d3a15/element/00000000-0000-0014-ffff-ffff00000108/rect [8.055321ms] OK body=
15:49:13.184840 POST /session/0a9752df-beae-4611-b4a6-0d792c2d3a15/element/00000000-0000-0014-ffff-ffff00000108/click [36.580313ms] OK body=
15:49:13.278767 POST /session/0a9752df-beae-4611-b4a6-0d792c2d3a15/actions [87.976602ms] OK body={"actions":[{"actions":[{"type":"keyDown","value":"a"},{"type":"keyUp","value":"a"}],"id":"keyboard"...
15:49:13.299210 POST /session/0a9752df-beae-4611-b4a6-0d792c2d3a15/appium/device/hide_keyboard [19.291007ms] ERR:404 body=
15:49:13.901220 POST /session/0a9752df-beae-4611-b4a6-0d792c2d3a15/element [589.282915ms] ERR:404 body={"strategy":"-android uiautomator","selector":"new UiSelector().resourceIdMatches(\".*search-recipe-...
15:49:13.906398 POST /session/0a9752df-beae-4611-b4a6-0d792c2d3a15/element [5.045744ms] ERR:404 body={"strategy":"-android uiautomator","selector":"new UiSelector().resourceIdMatches(\".*search-recipe-...
15:49:13.911827 POST /session/0a9752df-beae-4611-b4a6-0d792c2d3a15/element [5.345707ms] ERR:404 body={"strategy":"-android uiautomator","selector":"new UiSelector().resourceIdMatches(\".*search-recipe-...
15:49:13.916602 POST /session/0a9752df-beae-4611-b4a6-0d792c2d3a15/element [4.708605ms] ERR:404 body={"strategy":"-android uiautomator","selector":"new UiSelector().resourceIdMatches(\".*search-recipe-...
15:49:13.922386 POST /session/0a9752df-beae-4611-b4a6-0d792c2d3a15/element [5.716382ms] ERR:404 body={"strategy":"-android uiautomator","selector":"new UiSelector().resourceIdMatches(\".*search-recipe-...
15:49:13.928810 POST /session/0a9752df-beae-4611-b4a6-0d792c2d3a15/element [6.357673ms] ERR:404 body={"strategy":"-android uiautomator","selector":"new UiSelector().resourceIdMatches(\".*search-recipe-...
15:49:13.934438 POST /session/0a9752df-beae-4611-b4a6-0d792c2d3a15/element [5.551117ms] ERR:404 body={"strategy":"-android uiautomator","selector":"new UiSelector().resourceIdMatches(\".*search-recipe-...
15:49:13.941176 POST /session/0a9752df-beae-4611-b4a6-0d792c2d3a15/element [6.659654ms] ERR:404 body={"strategy":"-android uiautomator","selector":"new UiSelector().resourceIdMatches(\".*search-recipe-...
15:49:13.947308 POST /session/0a9752df-beae-4611-b4a6-0d792c2d3a15/element [6.05584ms] ERR:404 body={"strategy":"-android uiautomator","selector":"new UiSelector().resourceIdMatches(\".*search-recipe-...
15:49:13.952280 POST /session/0a9752df-beae-4611-b4a6-0d792c2d3a15/element [4.901063ms] ERR:404 body={"strategy":"-android uiautomator","selector":"new UiSelector().resourceIdMatches(\".*search-recipe-...
15:49:13.958294 POST /session/0a9752df-beae-4611-b4a6-0d792c2d3a15/element [5.938583ms] ERR:404 body={"strategy":"-android uiautomator","selector":"new UiSelector().resourceIdMatches(\".*search-recipe-...
15:49:13.964501 POST /session/0a9752df-beae-4611-b4a6-0d792c2d3a15/element [6.128292ms] ERR:404 body={"strategy":"-android uiautomator","selector":"new UiSelector().resourceIdMatches(\".*search-recipe-...
15:49:13.970648 POST /session/0a9752df-beae-4611-b4a6-0d792c2d3a15/element [6.078873ms] ERR:404 body={"strategy":"-android uiautomator","selector":"new UiSelector().resourceIdMatches(\".*search-recipe-...
15:49:13.977954 POST /session/0a9752df-beae-4611-b4a6-0d792c2d3a15/element [7.23774ms] ERR:404 body={"strategy":"-android uiautomator","selector":"new UiSelector().resourceIdMatches(\".*search-recipe-...
15:49:13.983941 POST /session/0a9752df-beae-4611-b4a6-0d792c2d3a15/element [5.926646ms] ERR:404 body={"strategy":"-android uiautomator","selector":"new UiSelector().resourceIdMatches(\".*search-recipe-...
15:49:13.989727 POST /session/0a9752df-beae-4611-b4a6-0d792c2d3a15/element [5.701455ms] ERR:404 body={"strategy":"-android uiautomator","selector":"new UiSelector().resourceIdMatches(\".*search-recipe-...
15:49:13.996646 POST /session/0a9752df-beae-4611-b4a6-0d792c2d3a15/element [6.859287ms] ERR:404 body={"strategy":"-android uiautomator","selector":"new UiSelector().resourceIdMatches(\".*search-recipe-...
15:49:14.003952 POST /session/0a9752df-beae-4611-b4a6-0d792c2d3a15/element [7.237919ms] ERR:404 body={"strategy":"-android uiautomator","selector":"new UiSelector().resourceIdMatches(\".*search-recipe-...
15:49:14.009991 POST /session/0a9752df-beae-4611-b4a6-0d792c2d3a15/element [5.959498ms] ERR:404 body={"strategy":"-android uiautomator","selector":"new UiSelector().resourceIdMatches(\".*search-recipe-...
15:49:14.016110 POST /session/0a9752df-beae-4611-b4a6-0d792c2d3a15/element [6.025219ms] ERR:404 body={"strategy":"-android uiautomator","selector":"new UiSelector().resourceIdMatches(\".*search-recipe-...
15:49:14.021033 POST /session/0a9752df-beae-4611-b4a6-0d792c2d3a15/element [4.853852ms] ERR:404 body={"strategy":"-android uiautomator","selector":"new UiSelector().resourceIdMatches(\".*search-recipe-...
15:49:14.029369 POST /session/0a9752df-beae-4611-b4a6-0d792c2d3a15/element [8.231984ms] ERR:404 body={"strategy":"-android uiautomator","selector":"new UiSelector().resourceIdMatches(\".*search-recipe-...
15:49:14.035849 POST /session/0a9752df-beae-4611-b4a6-0d792c2d3a15/element [6.42827ms] ERR:404 body={"strategy":"-android uiautomator","selector":"new UiSelector().resourceIdMatches(\".*search-recipe-...
15:49:14.042537 POST /session/0a9752df-beae-4611-b4a6-0d792c2d3a15/element [6.619525ms] ERR:404 body={"strategy":"-android uiautomator","selector":"new UiSelector().resourceIdMatches(\".*search-recipe-...
15:49:14.055936 POST /session/0a9752df-beae-4611-b4a6-0d792c2d3a15/element [13.318352ms] ERR:404 body={"strategy":"-android uiautomator","selector":"new UiSelector().resourceIdMatches(\".*search-recipe-...
15:49:14.062019 POST /session/0a9752df-beae-4611-b4a6-0d792c2d3a15/element [6.011827ms] ERR:404 body={"strategy":"-android uiautomator","selector":"new UiSelector().resourceIdMatches(\".*search-recipe-...
15:49:14.068239 POST /session/0a9752df-beae-4611-b4a6-0d792c2d3a15/element [6.135109ms] ERR:404 body={"strategy":"-android uiautomator","selector":"new UiSelector().resourceIdMatches(\".*search-recipe-...
15:49:14.074605 POST /session/0a9752df-beae-4611-b4a6-0d792c2d3a15/element [6.272723ms] ERR:404 body={"strategy":"-android uiautomator","selector":"new UiSelector().resourceIdMatches(\".*search-recipe-...
15:49:14.083658 POST /session/0a9752df-beae-4611-b4a6-0d792c2d3a15/element [8.975995ms] ERR:404 body={"strategy":"-android uiautomator","selector":"new UiSelector().resourceIdMatches(\".*search-recipe-...
15:49:14.089191 POST /session/0a9752df-beae-4611-b4a6-0d792c2d3a15/element [5.453707ms] ERR:404 body={"strategy":"-android uiautomator","selector":"new UiSelector().resourceIdMatches(\".*search-recipe-...
15:49:14.097527 POST /session/0a9752df-beae-4611-b4a6-0d792c2d3a15/element [8.271406ms] ERR:404 body={"strategy":"-android uiautomator","selector":"new UiSelector().resourceIdMatches(\".*search-recipe-...
15:49:14.102894 POST /session/0a9752df-beae-4611-b4a6-0d792c2d3a15/element [5.301125ms] ERR:404 body={"strategy":"-android uiautomator","selector":"new UiSelector().resourceIdMatches(\".*search-recipe-...
15:49:14.114350 POST /session/0a9752df-beae-4611-b4a6-0d792c2d3a15/element [11.364474ms] ERR:404 body={"strategy":"-android uiautomator","selector":"new UiSelector().resourceIdMatches(\".*search-recipe-...
15:49:14.121422 POST /session/0a9752df-beae-4611-b4a6-0d792c2d3a15/element [6.99678ms] ERR:404 body={"strategy":"-android uiautomator","selector":"new UiSelector().resourceIdMatches(\".*search-recipe-...
15:49:14.152203 POST /session/0a9752df-beae-4611-b4a6-0d792c2d3a15/element [30.712335ms] ERR:404 body={"strategy":"-android uiautomator","selector":"new UiSelector().resourceIdMatches(\".*search-recipe-...
15:49:14.914782 POST /session/0a9752df-beae-4611-b4a6-0d792c2d3a15/element [762.501279ms] OK body={"strategy":"-android uiautomator","selector":"new UiSelector().resourceIdMatches(\".*search-recipe-...
15:49:15.374502 GET /session/0a9752df-beae-4611-b4a6-0d792c2d3a15/element/00000000-0000-0014-ffff-ffff00000129/text [459.652717ms] OK body=
15:49:15.385141 GET /session/0a9752df-beae-4611-b4a6-0d792c2d3a15/element/00000000-0000-0014-ffff-ffff00000129/rect [10.567871ms] OK body=
15:49:19.078051 POST /session/0a9752df-beae-4611-b4a6-0d792c2d3a15/appium/device/launch_app [1.983027ms] ERR:404 body={"appId":"com.tastopia.app"}
15:49:21.051367 POST /session/0a9752df-beae-4611-b4a6-0d792c2d3a15/element [873.221518ms] OK body={"strategy":"-android uiautomator","selector":"new UiSelector().resourceIdMatches(\".*MENU.*\")"}
15:49:21.886275 GET /session/0a9752df-beae-4611-b4a6-0d792c2d3a15/element/00000000-0000-0016-ffff-ffff0000003c/text [834.826171ms] OK body=
15:49:23.017689 GET /session/0a9752df-beae-4611-b4a6-0d792c2d3a15/element/00000000-0000-0016-ffff-ffff0000003c/rect [1.131342726s] OK body=
15:49:23.430312 POST /session/0a9752df-beae-4611-b4a6-0d792c2d3a15/element [412.290702ms] ERR:404 body={"strategy":"-android uiautomator","selector":"new UiSelector().resourceIdMatches(\".*MENU.*\").clic...
15:49:23.444503 POST /session/0a9752df-beae-4611-b4a6-0d792c2d3a15/element [14.104686ms] OK body={"strategy":"-android uiautomator","selector":"new UiSelector().resourceIdMatches(\".*MENU.*\")"}
15:49:23.449768 GET /session/0a9752df-beae-4611-b4a6-0d792c2d3a15/element/00000000-0000-0016-ffff-ffff0000003c/text [5.211993ms] OK body=
15:49:23.455878 GET /session/0a9752df-beae-4611-b4a6-0d792c2d3a15/element/00000000-0000-0016-ffff-ffff0000003c/rect [6.066185ms] OK body=
15:49:23.478965 POST /session/0a9752df-beae-4611-b4a6-0d792c2d3a15/element/00000000-0000-0016-ffff-ffff0000003c/click [23.048608ms] OK body=
15:49:23.480688 POST /session/0a9752df-beae-4611-b4a6-0d792c2d3a15/appium/device/hide_keyboard [1.643849ms] ERR:404 body=
15:49:23.566200 POST /session/0a9752df-beae-4611-b4a6-0d792c2d3a15/element [85.238593ms] ERR:404 body={"strategy":"-android uiautomator","selector":"new UiSelector().textContains(\"History\")"}
15:49:23.746201 POST /session/0a9752df-beae-4611-b4a6-0d792c2d3a15/element [179.890459ms] ERR:404 body={"strategy":"-android uiautomator","selector":"new UiSelector().descriptionContains(\"History\")"}
15:49:24.498060 POST /session/0a9752df-beae-4611-b4a6-0d792c2d3a15/element [751.756662ms] OK body={"strategy":"-android uiautomator","selector":"new UiSelector().textMatches(\"(?is).*\\QHistory\\E.*...
15:49:24.505515 POST /session/0a9752df-beae-4611-b4a6-0d792c2d3a15/element [7.145426ms] OK body={"strategy":"-android uiautomator","selector":"new UiSelector().resourceIdMatches(\".*menu-logout-bu...
15:49:24.510271 GET /session/0a9752df-beae-4611-b4a6-0d792c2d3a15/element/00000000-0000-0016-ffff-ffff000000e8/text [4.709142ms] OK body=
15:49:24.514712 GET /session/0a9752df-beae-4611-b4a6-0d792c2d3a15/element/00000000-0000-0016-ffff-ffff000000e8/rect [4.408827ms] OK body=
15:49:24.536416 POST /session/0a9752df-beae-4611-b4a6-0d792c2d3a15/element/00000000-0000-0016-ffff-ffff000000e8/click [21.658245ms] OK body=
15:49:24.544112 POST /session/0a9752df-beae-4611-b4a6-0d792c2d3a15/element [7.420617ms] ERR:404 body={"strategy":"-android uiautomator","selector":"new UiSelector().textContains(\"Welcome to\")"}
15:49:24.555781 POST /session/0a9752df-beae-4611-b4a6-0d792c2d3a15/element [11.590772ms] ERR:404 body={"strategy":"-android uiautomator","selector":"new UiSelector().descriptionContains(\"Welcome to\")"...
15:49:24.564232 POST /session/0a9752df-beae-4611-b4a6-0d792c2d3a15/element [8.373078ms] ERR:404 body={"strategy":"-android uiautomator","selector":"new UiSelector().textMatches(\"(?is).*\\QWelcome to\\...
15:49:24.571739 POST /session/0a9752df-beae-4611-b4a6-0d792c2d3a15/element [7.430023ms] ERR:404 body={"strategy":"-android uiautomator","selector":"new UiSelector().descriptionMatches(\"(?is).*\\QWelco...
15:49:24.579326 POST /session/0a9752df-beae-4611-b4a6-0d792c2d3a15/element [7.521196ms] ERR:404 body={"strategy":"-android uiautomator","selector":"new UiSelector().textContains(\"Welcome to\")"}
15:49:24.586477 POST /session/0a9752df-beae-4611-b4a6-0d792c2d3a15/element [7.088101ms] ERR:404 body={"strategy":"-android uiautomator","selector":"new UiSelector().descriptionContains(\"Welcome to\")"...
15:49:24.593876 POST /session/0a9752df-beae-4611-b4a6-0d792c2d3a15/element [7.331299ms] ERR:404 body={"strategy":"-android uiautomator","selector":"new UiSelector().textMatches(\"(?is).*\\QWelcome to\\...
15:49:24.601251 POST /session/0a9752df-beae-4611-b4a6-0d792c2d3a15/element [7.308537ms] ERR:404 body={"strategy":"-android uiautomator","selector":"new UiSelector().descriptionMatches(\"(?is).*\\QWelco...
15:49:24.607671 POST /session/0a9752df-beae-4611-b4a6-0d792c2d3a15/element [6.349112ms] ERR:404 body={"strategy":"-android uiautomator","selector":"new UiSelector().textContains(\"Welcome to\")"}
15:49:24.613801 POST /session/0a9752df-beae-4611-b4a6-0d792c2d3a15/element [6.048002ms] ERR:404 body={"strategy":"-android uiautomator","selector":"new UiSelector().descriptionContains(\"Welcome to\")"...
15:49:24.621259 POST /session/0a9752df-beae-4611-b4a6-0d792c2d3a15/element [7.386487ms] ERR:404 body={"strategy":"-android uiautomator","selector":"new UiSelector().textMatches(\"(?is).*\\QWelcome to\\...
15:49:24.628667 POST /session/0a9752df-beae-4611-b4a6-0d792c2d3a15/element [7.341354ms] ERR:404 body={"strategy":"-android uiautomator","selector":"new UiSelector().descriptionMatches(\"(?is).*\\QWelco...
15:49:24.636449 POST /session/0a9752df-beae-4611-b4a6-0d792c2d3a15/element [7.701032ms] ERR:404 body={"strategy":"-android uiautomator","selector":"new UiSelector().textContains(\"Welcome to\")"}
15:49:24.644963 POST /session/0a9752df-beae-4611-b4a6-0d792c2d3a15/element [8.435289ms] ERR:404 body={"strategy":"-android uiautomator","selector":"new UiSelector().descriptionContains(\"Welcome to\")"...
15:49:24.653862 POST /session/0a9752df-beae-4611-b4a6-0d792c2d3a15/element [8.832203ms] ERR:404 body={"strategy":"-android uiautomator","selector":"new UiSelector().textMatches(\"(?is).*\\QWelcome to\\...
15:49:24.662895 POST /session/0a9752df-beae-4611-b4a6-0d792c2d3a15/element [8.935338ms] ERR:404 body={"strategy":"-android uiautomator","selector":"new UiSelector().descriptionMatches(\"(?is).*\\QWelco...
15:49:24.670681 POST /session/0a9752df-beae-4611-b4a6-0d792c2d3a15/element [7.713726ms] ERR:404 body={"strategy":"-android uiautomator","selector":"new UiSelector().textContains(\"Welcome to\")"}
15:49:24.677707 POST /session/0a9752df-beae-4611-b4a6-0d792c2d3a15/element [6.955649ms] ERR:404 body={"strategy":"-android uiautomator","selector":"new UiSelector().descriptionContains(\"Welcome to\")"...
15:49:24.685457 POST /session/0a9752df-beae-4611-b4a6-0d792c2d3a15/element [7.664521ms] ERR:404 body={"strategy":"-android uiautomator","selector":"new UiSelector().textMatches(\"(?is).*\\QWelcome to\\...
15:49:24.695666 POST /session/0a9752df-beae-4611-b4a6-0d792c2d3a15/element [10.139315ms] ERR:404 body={"strategy":"-android uiautomator","selector":"new UiSelector().descriptionMatches(\"(?is).*\\QWelco...
15:49:24.704116 POST /session/0a9752df-beae-4611-b4a6-0d792c2d3a15/element [8.387046ms] ERR:404 body={"strategy":"-android uiautomator","selector":"new UiSelector().textContains(\"Welcome to\")"}
15:49:24.711469 POST /session/0a9752df-beae-4611-b4a6-0d792c2d3a15/element [7.265507ms] ERR:404 body={"strategy":"-android uiautomator","selector":"new UiSelector().descriptionContains(\"Welcome to\")"...
15:49:24.719254 POST /session/0a9752df-beae-4611-b4a6-0d792c2d3a15/element [7.722492ms] ERR:404 body={"strategy":"-android uiautomator","selector":"new UiSelector().textMatches(\"(?is).*\\QWelcome to\\...
15:49:24.727192 POST /session/0a9752df-beae-4611-b4a6-0d792c2d3a15/element [7.87553ms] ERR:404 body={"strategy":"-android uiautomator","selector":"new UiSelector().descriptionMatches(\"(?is).*\\QWelco...
15:49:24.735053 POST /session/0a9752df-beae-4611-b4a6-0d792c2d3a15/element [7.781274ms] ERR:404 body={"strategy":"-android uiautomator","selector":"new UiSelector().textContains(\"Welcome to\")"}
15:49:24.742676 POST /session/0a9752df-beae-4611-b4a6-0d792c2d3a15/element [7.535933ms] ERR:404 body={"strategy":"-android uiautomator","selector":"new UiSelector().descriptionContains(\"Welcome to\")"...
15:49:24.750311 POST /session/0a9752df-beae-4611-b4a6-0d792c2d3a15/element [7.565142ms] ERR:404 body={"strategy":"-android uiautomator","selector":"new UiSelector().textMatches(\"(?is).*\\QWelcome to\\...
15:49:24.759200 POST /session/0a9752df-beae-4611-b4a6-0d792c2d3a15/element [8.805164ms] ERR:404 body={"strategy":"-android uiautomator","selector":"new UiSelector().descriptionMatches(\"(?is).*\\QWelco...
15:49:24.779956 POST /session/0a9752df-beae-4611-b4a6-0d792c2d3a15/element [20.6247ms] ERR:404 body={"strategy":"-android uiautomator","selector":"new UiSelector().textContains(\"Welcome to\")"}
15:49:24.788419 POST /session/0a9752df-beae-4611-b4a6-0d792c2d3a15/element [8.384464ms] ERR:404 body={"strategy":"-android uiautomator","selector":"new UiSelector().descriptionContains(\"Welcome to\")"...
15:49:24.796548 POST /session/0a9752df-beae-4611-b4a6-0d792c2d3a15/element [8.066508ms] ERR:404 body={"strategy":"-android uiautomator","selector":"new UiSelector().textMatches(\"(?is).*\\QWelcome to\\...
15:49:24.803816 POST /session/0a9752df-beae-4611-b4a6-0d792c2d3a15/element [7.192659ms] ERR:404 body={"strategy":"-android uiautomator","selector":"new UiSelector().descriptionMatches(\"(?is).*\\QWelco...
15:49:24.811564 POST /session/0a9752df-beae-4611-b4a6-0d792c2d3a15/element [7.676876ms] ERR:404 body={"strategy":"-android uiautomator","selector":"new UiSelector().textContains(\"Welcome to\")"}
15:49:24.818935 POST /session/0a9752df-beae-4611-b4a6-0d792c2d3a15/element [7.290083ms] ERR:404 body={"strategy":"-android uiautomator","selector":"new UiSelector().descriptionContains(\"Welcome to\")"...
15:49:24.827304 POST /session/0a9752df-beae-4611-b4a6-0d792c2d3a15/element [8.306585ms] ERR:404 body={"strategy":"-android uiautomator","selector":"new UiSelector().textMatches(\"(?is).*\\QWelcome to\\...
15:49:24.834883 POST /session/0a9752df-beae-4611-b4a6-0d792c2d3a15/element [7.515342ms] ERR:404 body={"strategy":"-android uiautomator","selector":"new UiSelector().descriptionMatches(\"(?is).*\\QWelco...
15:49:24.846266 POST /session/0a9752df-beae-4611-b4a6-0d792c2d3a15/element [11.308705ms] ERR:404 body={"strategy":"-android uiautomator","selector":"new UiSelector().textContains(\"Welcome to\")"}
15:49:25.798450 POST /session/0a9752df-beae-4611-b4a6-0d792c2d3a15/element [952.075537ms] ERR:404 body={"strategy":"-android uiautomator","selector":"new UiSelector().descriptionContains(\"Welcome to\")"...
15:49:26.418991 POST /session/0a9752df-beae-4611-b4a6-0d792c2d3a15/element [620.436196ms] OK body={"strategy":"-android uiautomator","selector":"new UiSelector().textMatches(\"(?is).*\\QWelcome to\\...
15:49:26.424325 POST /session/0a9752df-beae-4611-b4a6-0d792c2d3a15/element [4.989268ms] OK body={"strategy":"-android uiautomator","selector":"new UiSelector().textContains(\"Tastopia\")"}
15:49:26.430058 POST /session/0a9752df-beae-4611-b4a6-0d792c2d3a15/appium/settings [2.43753ms] OK body={"settings":{"waitForIdleTimeout":200}}
15:49:30.017344 POST /session/0a9752df-beae-4611-b4a6-0d792c2d3a15/appium/device/launch_app [2.019ms] ERR:404 body={"appId":"com.tastopia.app"}
15:49:32.068015 POST /session/0a9752df-beae-4611-b4a6-0d792c2d3a15/element [853.89444ms] OK body={"strategy":"-android uiautomator","selector":"new UiSelector().resourceIdMatches(\".*welcome-sign-i...
15:49:32.563508 GET /session/0a9752df-beae-4611-b4a6-0d792c2d3a15/element/00000000-0000-0018-ffff-ffff00000023/text [495.402549ms] OK body=
15:49:32.572440 GET /session/0a9752df-beae-4611-b4a6-0d792c2d3a15/element/00000000-0000-0018-ffff-ffff00000023/rect [8.840619ms] OK body=
15:49:32.597227 POST /session/0a9752df-beae-4611-b4a6-0d792c2d3a15/element/00000000-0000-0018-ffff-ffff00000023/click [24.733435ms] OK body=
15:49:32.601621 POST /session/0a9752df-beae-4611-b4a6-0d792c2d3a15/element [4.09398ms] ERR:404 body={"strategy":"-android uiautomator","selector":"new UiSelector().resourceIdMatches(\".*login-identifi...
15:49:32.614482 POST /session/0a9752df-beae-4611-b4a6-0d792c2d3a15/element [12.779839ms] ERR:404 body={"strategy":"-android uiautomator","selector":"new UiSelector().resourceIdMatches(\".*login-identifi...
15:49:32.619561 POST /session/0a9752df-beae-4611-b4a6-0d792c2d3a15/element [4.997561ms] ERR:404 body={"strategy":"-android uiautomator","selector":"new UiSelector().resourceIdMatches(\".*login-identifi...
15:49:32.634397 POST /session/0a9752df-beae-4611-b4a6-0d792c2d3a15/element [14.765436ms] ERR:404 body={"strategy":"-android uiautomator","selector":"new UiSelector().resourceIdMatches(\".*login-identifi...
15:49:32.638869 POST /session/0a9752df-beae-4611-b4a6-0d792c2d3a15/element [4.397154ms] ERR:404 body={"strategy":"-android uiautomator","selector":"new UiSelector().resourceIdMatches(\".*login-identifi...
15:49:32.647799 POST /session/0a9752df-beae-4611-b4a6-0d792c2d3a15/element [8.853804ms] ERR:404 body={"strategy":"-android uiautomator","selector":"new UiSelector().resourceIdMatches(\".*login-identifi...
15:49:32.652218 POST /session/0a9752df-beae-4611-b4a6-0d792c2d3a15/element [4.347091ms] ERR:404 body={"strategy":"-android uiautomator","selector":"new UiSelector().resourceIdMatches(\".*login-identifi...
15:49:32.656113 POST /session/0a9752df-beae-4611-b4a6-0d792c2d3a15/element [3.820007ms] ERR:404 body={"strategy":"-android uiautomator","selector":"new UiSelector().resourceIdMatches(\".*login-identifi...
15:49:32.665153 POST /session/0a9752df-beae-4611-b4a6-0d792c2d3a15/element [8.966746ms] ERR:404 body={"strategy":"-android uiautomator","selector":"new UiSelector().resourceIdMatches(\".*login-identifi...
15:49:32.670285 POST /session/0a9752df-beae-4611-b4a6-0d792c2d3a15/element [5.045315ms] ERR:404 body={"strategy":"-android uiautomator","selector":"new UiSelector().resourceIdMatches(\".*login-identifi...
15:49:32.685889 POST /session/0a9752df-beae-4611-b4a6-0d792c2d3a15/element [15.531077ms] ERR:404 body={"strategy":"-android uiautomator","selector":"new UiSelector().resourceIdMatches(\".*login-identifi...
15:49:33.930326 POST /session/0a9752df-beae-4611-b4a6-0d792c2d3a15/element [1.244343399s] OK body={"strategy":"-android uiautomator","selector":"new UiSelector().resourceIdMatches(\".*login-identifi...
15:49:33.935904 POST /session/0a9752df-beae-4611-b4a6-0d792c2d3a15/element [5.312746ms] OK body={"strategy":"-android uiautomator","selector":"new UiSelector().resourceIdMatches(\".*login-identifi...
15:49:33.942091 GET /session/0a9752df-beae-4611-b4a6-0d792c2d3a15/element/00000000-0000-0018-ffff-ffff00000031/text [6.129835ms] OK body=
15:49:33.947855 GET /session/0a9752df-beae-4611-b4a6-0d792c2d3a15/element/00000000-0000-0018-ffff-ffff00000031/rect [5.725391ms] OK body=
15:49:34.194086 POST /session/0a9752df-beae-4611-b4a6-0d792c2d3a15/element/00000000-0000-0018-ffff-ffff00000031/click [246.16476ms] OK body=
15:49:34.841313 POST /session/0a9752df-beae-4611-b4a6-0d792c2d3a15/actions [646.988628ms] OK body={"actions":[{"actions":[{"type":"keyDown","value":"a"},{"type":"keyUp","value":"a"},{"type":"keyDown...
15:49:34.845482 POST /session/0a9752df-beae-4611-b4a6-0d792c2d3a15/appium/device/hide_keyboard [4.087923ms] ERR:404 body=
15:49:35.415403 POST /session/0a9752df-beae-4611-b4a6-0d792c2d3a15/element [569.602987ms] OK body={"strategy":"-android uiautomator","selector":"new UiSelector().resourceIdMatches(\".*login-password...
15:49:35.432678 POST /session/0a9752df-beae-4611-b4a6-0d792c2d3a15/element [16.990728ms] OK body={"strategy":"-android uiautomator","selector":"new UiSelector().resourceIdMatches(\".*login-password...
15:49:35.437584 GET /session/0a9752df-beae-4611-b4a6-0d792c2d3a15/element/00000000-0000-0018-ffff-ffff00000032/text [4.856342ms] OK body=
15:49:35.444049 GET /session/0a9752df-beae-4611-b4a6-0d792c2d3a15/element/00000000-0000-0018-ffff-ffff00000032/rect [6.421943ms] OK body=
15:49:35.470064 POST /session/0a9752df-beae-4611-b4a6-0d792c2d3a15/element/00000000-0000-0018-ffff-ffff00000032/click [25.960868ms] OK body=
15:49:35.817015 POST /session/0a9752df-beae-4611-b4a6-0d792c2d3a15/actions [346.594427ms] OK body={"actions":[{"actions":[{"type":"keyDown","value":"P"},{"type":"keyUp","value":"P"},{"type":"keyDown...
15:49:35.834681 POST /session/0a9752df-beae-4611-b4a6-0d792c2d3a15/appium/device/hide_keyboard [17.594549ms] ERR:404 body=
15:49:36.414441 POST /session/0a9752df-beae-4611-b4a6-0d792c2d3a15/element [579.423729ms] OK body={"strategy":"-android uiautomator","selector":"new UiSelector().resourceIdMatches(\".*login-submit-b...
15:49:36.419905 GET /session/0a9752df-beae-4611-b4a6-0d792c2d3a15/element/00000000-0000-0018-ffff-ffff00000042/text [5.41192ms] OK body=
15:49:36.426016 GET /session/0a9752df-beae-4611-b4a6-0d792c2d3a15/element/00000000-0000-0018-ffff-ffff00000042/rect [6.082161ms] OK body=
15:49:36.451264 POST /session/0a9752df-beae-4611-b4a6-0d792c2d3a15/element/00000000-0000-0018-ffff-ffff00000042/click [25.215293ms] OK body=
15:49:36.457279 POST /session/0a9752df-beae-4611-b4a6-0d792c2d3a15/element [5.962207ms] OK body={"strategy":"-android uiautomator","selector":"new UiSelector().resourceIdMatches(\".*login-submit-b...
15:49:36.462137 GET /session/0a9752df-beae-4611-b4a6-0d792c2d3a15/element/00000000-0000-0018-ffff-ffff00000042/text [4.81273ms] OK body=
15:49:37.229686 GET /session/0a9752df-beae-4611-b4a6-0d792c2d3a15/element/00000000-0000-0018-ffff-ffff00000042/rect [767.461412ms] OK body=
15:49:37.260810 POST /session/0a9752df-beae-4611-b4a6-0d792c2d3a15/element/00000000-0000-0018-ffff-ffff00000042/click [31.058137ms] OK body=
15:49:37.266166 POST /session/0a9752df-beae-4611-b4a6-0d792c2d3a15/element [5.115491ms] ERR:404 body={"strategy":"-android uiautomator","selector":"new UiSelector().resourceIdMatches(\".*COMMUNITY.*\")...
15:49:37.273577 POST /session/0a9752df-beae-4611-b4a6-0d792c2d3a15/element [7.308652ms] ERR:404 body={"strategy":"-android uiautomator","selector":"new UiSelector().resourceIdMatches(\".*COMMUNITY.*\")...
15:49:37.279541 POST /session/0a9752df-beae-4611-b4a6-0d792c2d3a15/element [5.883101ms] ERR:404 body={"strategy":"-android uiautomator","selector":"new UiSelector().resourceIdMatches(\".*COMMUNITY.*\")...
15:49:37.284961 POST /session/0a9752df-beae-4611-b4a6-0d792c2d3a15/element [5.328238ms] ERR:404 body={"strategy":"-android uiautomator","selector":"new UiSelector().resourceIdMatches(\".*COMMUNITY.*\")...
15:49:37.990064 POST /session/0a9752df-beae-4611-b4a6-0d792c2d3a15/element [704.992304ms] ERR:404 body={"strategy":"-android uiautomator","selector":"new UiSelector().resourceIdMatches(\".*COMMUNITY.*\")...
15:49:37.995557 POST /session/0a9752df-beae-4611-b4a6-0d792c2d3a15/element [5.368102ms] ERR:404 body={"strategy":"-android uiautomator","selector":"new UiSelector().resourceIdMatches(\".*COMMUNITY.*\")...
15:49:38.000740 POST /session/0a9752df-beae-4611-b4a6-0d792c2d3a15/element [5.081042ms] ERR:404 body={"strategy":"-android uiautomator","selector":"new UiSelector().resourceIdMatches(\".*COMMUNITY.*\")...
15:49:38.006065 POST /session/0a9752df-beae-4611-b4a6-0d792c2d3a15/element [5.251055ms] ERR:404 body={"strategy":"-android uiautomator","selector":"new UiSelector().resourceIdMatches(\".*COMMUNITY.*\")...
15:49:38.011257 POST /session/0a9752df-beae-4611-b4a6-0d792c2d3a15/element [5.100789ms] ERR:404 body={"strategy":"-android uiautomator","selector":"new UiSelector().resourceIdMatches(\".*COMMUNITY.*\")...
15:49:38.016652 POST /session/0a9752df-beae-4611-b4a6-0d792c2d3a15/element [5.311426ms] ERR:404 body={"strategy":"-android uiautomator","selector":"new UiSelector().resourceIdMatches(\".*COMMUNITY.*\")...
15:49:38.023736 POST /session/0a9752df-beae-4611-b4a6-0d792c2d3a15/element [7.012366ms] ERR:404 body={"strategy":"-android uiautomator","selector":"new UiSelector().resourceIdMatches(\".*COMMUNITY.*\")...
15:49:38.030139 POST /session/0a9752df-beae-4611-b4a6-0d792c2d3a15/element [6.324189ms] ERR:404 body={"strategy":"-android uiautomator","selector":"new UiSelector().resourceIdMatches(\".*COMMUNITY.*\")...
15:49:38.034939 POST /session/0a9752df-beae-4611-b4a6-0d792c2d3a15/element [4.724539ms] ERR:404 body={"strategy":"-android uiautomator","selector":"new UiSelector().resourceIdMatches(\".*COMMUNITY.*\")...
15:49:38.039953 POST /session/0a9752df-beae-4611-b4a6-0d792c2d3a15/element [4.932499ms] ERR:404 body={"strategy":"-android uiautomator","selector":"new UiSelector().resourceIdMatches(\".*COMMUNITY.*\")...
15:49:38.045554 POST /session/0a9752df-beae-4611-b4a6-0d792c2d3a15/element [5.525089ms] ERR:404 body={"strategy":"-android uiautomator","selector":"new UiSelector().resourceIdMatches(\".*COMMUNITY.*\")...
15:49:38.055983 POST /session/0a9752df-beae-4611-b4a6-0d792c2d3a15/element [10.354973ms] ERR:404 body={"strategy":"-android uiautomator","selector":"new UiSelector().resourceIdMatches(\".*COMMUNITY.*\")...
15:49:38.060738 POST /session/0a9752df-beae-4611-b4a6-0d792c2d3a15/element [4.681126ms] ERR:404 body={"strategy":"-android uiautomator","selector":"new UiSelector().resourceIdMatches(\".*COMMUNITY.*\")...
15:49:38.065766 POST /session/0a9752df-beae-4611-b4a6-0d792c2d3a15/element [4.943715ms] ERR:404 body={"strategy":"-android uiautomator","selector":"new UiSelector().resourceIdMatches(\".*COMMUNITY.*\")...
15:49:38.071618 POST /session/0a9752df-beae-4611-b4a6-0d792c2d3a15/element [5.770636ms] ERR:404 body={"strategy":"-android uiautomator","selector":"new UiSelector().resourceIdMatches(\".*COMMUNITY.*\")...
15:49:38.078115 POST /session/0a9752df-beae-4611-b4a6-0d792c2d3a15/element [6.405544ms] ERR:404 body={"strategy":"-android uiautomator","selector":"new UiSelector().resourceIdMatches(\".*COMMUNITY.*\")...
15:49:38.083484 POST /session/0a9752df-beae-4611-b4a6-0d792c2d3a15/element [5.286988ms] ERR:404 body={"strategy":"-android uiautomator","selector":"new UiSelector().resourceIdMatches(\".*COMMUNITY.*\")...
15:49:38.090301 POST /session/0a9752df-beae-4611-b4a6-0d792c2d3a15/element [6.744201ms] ERR:404 body={"strategy":"-android uiautomator","selector":"new UiSelector().resourceIdMatches(\".*COMMUNITY.*\")...
15:49:38.096558 POST /session/0a9752df-beae-4611-b4a6-0d792c2d3a15/element [6.169339ms] ERR:404 body={"strategy":"-android uiautomator","selector":"new UiSelector().resourceIdMatches(\".*COMMUNITY.*\")...
15:49:38.102498 POST /session/0a9752df-beae-4611-b4a6-0d792c2d3a15/element [5.86234ms] ERR:404 body={"strategy":"-android uiautomator","selector":"new UiSelector().resourceIdMatches(\".*COMMUNITY.*\")...
15:49:38.107841 POST /session/0a9752df-beae-4611-b4a6-0d792c2d3a15/element [5.271165ms] ERR:404 body={"strategy":"-android uiautomator","selector":"new UiSelector().resourceIdMatches(\".*COMMUNITY.*\")...
15:49:38.114665 POST /session/0a9752df-beae-4611-b4a6-0d792c2d3a15/element [6.740774ms] ERR:404 body={"strategy":"-android uiautomator","selector":"new UiSelector().resourceIdMatches(\".*COMMUNITY.*\")...
15:49:38.120439 POST /session/0a9752df-beae-4611-b4a6-0d792c2d3a15/element [5.700829ms] ERR:404 body={"strategy":"-android uiautomator","selector":"new UiSelector().resourceIdMatches(\".*COMMUNITY.*\")...
15:49:38.125792 POST /session/0a9752df-beae-4611-b4a6-0d792c2d3a15/element [5.281465ms] ERR:404 body={"strategy":"-android uiautomator","selector":"new UiSelector().resourceIdMatches(\".*COMMUNITY.*\")...
15:49:38.132660 POST /session/0a9752df-beae-4611-b4a6-0d792c2d3a15/element [6.786201ms] ERR:404 body={"strategy":"-android uiautomator","selector":"new UiSelector().resourceIdMatches(\".*COMMUNITY.*\")...
15:49:38.138357 POST /session/0a9752df-beae-4611-b4a6-0d792c2d3a15/element [5.628444ms] ERR:404 body={"strategy":"-android uiautomator","selector":"new UiSelector().resourceIdMatches(\".*COMMUNITY.*\")...
15:49:38.143786 POST /session/0a9752df-beae-4611-b4a6-0d792c2d3a15/element [5.365583ms] ERR:404 body={"strategy":"-android uiautomator","selector":"new UiSelector().resourceIdMatches(\".*COMMUNITY.*\")...
15:49:38.149164 POST /session/0a9752df-beae-4611-b4a6-0d792c2d3a15/element [5.292243ms] ERR:404 body={"strategy":"-android uiautomator","selector":"new UiSelector().resourceIdMatches(\".*COMMUNITY.*\")...
15:49:38.154571 POST /session/0a9752df-beae-4611-b4a6-0d792c2d3a15/element [5.335591ms] ERR:404 body={"strategy":"-android uiautomator","selector":"new UiSelector().resourceIdMatches(\".*COMMUNITY.*\")...
15:49:38.159670 POST /session/0a9752df-beae-4611-b4a6-0d792c2d3a15/element [5.021014ms] ERR:404 body={"strategy":"-android uiautomator","selector":"new UiSelector().resourceIdMatches(\".*COMMUNITY.*\")...
15:49:38.165273 POST /session/0a9752df-beae-4611-b4a6-0d792c2d3a15/element [5.539771ms] ERR:404 body={"strategy":"-android uiautomator","selector":"new UiSelector().resourceIdMatches(\".*COMMUNITY.*\")...
15:49:38.171492 POST /session/0a9752df-beae-4611-b4a6-0d792c2d3a15/element [6.136317ms] ERR:404 body={"strategy":"-android uiautomator","selector":"new UiSelector().resourceIdMatches(\".*COMMUNITY.*\")...
15:49:38.177880 POST /session/0a9752df-beae-4611-b4a6-0d792c2d3a15/element [6.311918ms] ERR:404 body={"strategy":"-android uiautomator","selector":"new UiSelector().resourceIdMatches(\".*COMMUNITY.*\")...
15:49:38.189421 POST /session/0a9752df-beae-4611-b4a6-0d792c2d3a15/element [11.454596ms] ERR:404 body={"strategy":"-android uiautomator","selector":"new UiSelector().resourceIdMatches(\".*COMMUNITY.*\")...
15:49:38.195861 POST /session/0a9752df-beae-4611-b4a6-0d792c2d3a15/element [6.367458ms] ERR:404 body={"strategy":"-android uiautomator","selector":"new UiSelector().resourceIdMatches(\".*COMMUNITY.*\")...
15:49:38.201616 POST /session/0a9752df-beae-4611-b4a6-0d792c2d3a15/element [5.686927ms] ERR:404 body={"strategy":"-android uiautomator","selector":"new UiSelector().resourceIdMatches(\".*COMMUNITY.*\")...
15:49:38.206954 POST /session/0a9752df-beae-4611-b4a6-0d792c2d3a15/element [5.256089ms] ERR:404 body={"strategy":"-android uiautomator","selector":"new UiSelector().resourceIdMatches(\".*COMMUNITY.*\")...
15:49:38.212328 POST /session/0a9752df-beae-4611-b4a6-0d792c2d3a15/element [5.30455ms] ERR:404 body={"strategy":"-android uiautomator","selector":"new UiSelector().resourceIdMatches(\".*COMMUNITY.*\")...
15:49:38.217859 POST /session/0a9752df-beae-4611-b4a6-0d792c2d3a15/element [5.450722ms] ERR:404 body={"strategy":"-android uiautomator","selector":"new UiSelector().resourceIdMatches(\".*COMMUNITY.*\")...
15:49:38.224993 POST /session/0a9752df-beae-4611-b4a6-0d792c2d3a15/element [7.059168ms] ERR:404 body={"strategy":"-android uiautomator","selector":"new UiSelector().resourceIdMatches(\".*COMMUNITY.*\")...
15:49:38.230873 POST /session/0a9752df-beae-4611-b4a6-0d792c2d3a15/element [5.8326ms] ERR:404 body={"strategy":"-android uiautomator","selector":"new UiSelector().resourceIdMatches(\".*COMMUNITY.*\")...
15:49:38.239243 POST /session/0a9752df-beae-4611-b4a6-0d792c2d3a15/element [8.295002ms] ERR:404 body={"strategy":"-android uiautomator","selector":"new UiSelector().resourceIdMatches(\".*COMMUNITY.*\")...
15:49:38.245618 POST /session/0a9752df-beae-4611-b4a6-0d792c2d3a15/element [6.327595ms] ERR:404 body={"strategy":"-android uiautomator","selector":"new UiSelector().resourceIdMatches(\".*COMMUNITY.*\")...
15:49:38.251531 POST /session/0a9752df-beae-4611-b4a6-0d792c2d3a15/element [5.872764ms] ERR:404 body={"strategy":"-android uiautomator","selector":"new UiSelector().resourceIdMatches(\".*COMMUNITY.*\")...
15:49:38.257419 POST /session/0a9752df-beae-4611-b4a6-0d792c2d3a15/element [5.842097ms] ERR:404 body={"strategy":"-android uiautomator","selector":"new UiSelector().resourceIdMatches(\".*COMMUNITY.*\")...
15:49:38.264270 POST /session/0a9752df-beae-4611-b4a6-0d792c2d3a15/element [6.803147ms] ERR:404 body={"strategy":"-android uiautomator","selector":"new UiSelector().resourceIdMatches(\".*COMMUNITY.*\")...
15:49:38.269792 POST /session/0a9752df-beae-4611-b4a6-0d792c2d3a15/element [5.436199ms] ERR:404 body={"strategy":"-android uiautomator","selector":"new UiSelector().resourceIdMatches(\".*COMMUNITY.*\")...
15:49:38.275748 POST /session/0a9752df-beae-4611-b4a6-0d792c2d3a15/element [5.888689ms] ERR:404 body={"strategy":"-android uiautomator","selector":"new UiSelector().resourceIdMatches(\".*COMMUNITY.*\")...
15:49:38.284047 POST /session/0a9752df-beae-4611-b4a6-0d792c2d3a15/element [8.203645ms] ERR:404 body={"strategy":"-android uiautomator","selector":"new UiSelector().resourceIdMatches(\".*COMMUNITY.*\")...
15:49:38.290086 POST /session/0a9752df-beae-4611-b4a6-0d792c2d3a15/element [5.936168ms] ERR:404 body={"strategy":"-android uiautomator","selector":"new UiSelector().resourceIdMatches(\".*COMMUNITY.*\")...
15:49:38.296437 POST /session/0a9752df-beae-4611-b4a6-0d792c2d3a15/element [6.299068ms] ERR:404 body={"strategy":"-android uiautomator","selector":"new UiSelector().resourceIdMatches(\".*COMMUNITY.*\")...
15:49:38.302376 POST /session/0a9752df-beae-4611-b4a6-0d792c2d3a15/element [5.901769ms] ERR:404 body={"strategy":"-android uiautomator","selector":"new UiSelector().resourceIdMatches(\".*COMMUNITY.*\")...
15:49:38.308439 POST /session/0a9752df-beae-4611-b4a6-0d792c2d3a15/element [6.009639ms] ERR:404 body={"strategy":"-android uiautomator","selector":"new UiSelector().resourceIdMatches(\".*COMMUNITY.*\")...
15:49:38.314804 POST /session/0a9752df-beae-4611-b4a6-0d792c2d3a15/element [6.321023ms] ERR:404 body={"strategy":"-android uiautomator","selector":"new UiSelector().resourceIdMatches(\".*COMMUNITY.*\")...
15:49:38.323119 POST /session/0a9752df-beae-4611-b4a6-0d792c2d3a15/element [8.263844ms] ERR:404 body={"strategy":"-android uiautomator","selector":"new UiSelector().resourceIdMatches(\".*COMMUNITY.*\")...
15:49:38.329629 POST /session/0a9752df-beae-4611-b4a6-0d792c2d3a15/element [6.411846ms] ERR:404 body={"strategy":"-android uiautomator","selector":"new UiSelector().resourceIdMatches(\".*COMMUNITY.*\")...
15:49:38.335678 POST /session/0a9752df-beae-4611-b4a6-0d792c2d3a15/element [5.983865ms] ERR:404 body={"strategy":"-android uiautomator","selector":"new UiSelector().resourceIdMatches(\".*COMMUNITY.*\")...
15:49:38.340389 POST /session/0a9752df-beae-4611-b4a6-0d792c2d3a15/element [4.642169ms] ERR:404 body={"strategy":"-android uiautomator","selector":"new UiSelector().resourceIdMatches(\".*COMMUNITY.*\")...
15:49:38.345681 POST /session/0a9752df-beae-4611-b4a6-0d792c2d3a15/element [5.223078ms] ERR:404 body={"strategy":"-android uiautomator","selector":"new UiSelector().resourceIdMatches(\".*COMMUNITY.*\")...
15:49:38.350505 POST /session/0a9752df-beae-4611-b4a6-0d792c2d3a15/element [4.726746ms] ERR:404 body={"strategy":"-android uiautomator","selector":"new UiSelector().resourceIdMatches(\".*COMMUNITY.*\")...
15:49:38.357173 POST /session/0a9752df-beae-4611-b4a6-0d792c2d3a15/element [6.594341ms] ERR:404 body={"strategy":"-android uiautomator","selector":"new UiSelector().resourceIdMatches(\".*COMMUNITY.*\")...
15:49:38.362429 POST /session/0a9752df-beae-4611-b4a6-0d792c2d3a15/element [5.209392ms] ERR:404 body={"strategy":"-android uiautomator","selector":"new UiSelector().resourceIdMatches(\".*COMMUNITY.*\")...
15:49:38.368386 POST /session/0a9752df-beae-4611-b4a6-0d792c2d3a15/element [5.879895ms] ERR:404 body={"strategy":"-android uiautomator","selector":"new UiSelector().resourceIdMatches(\".*COMMUNITY.*\")...
15:49:38.373879 POST /session/0a9752df-beae-4611-b4a6-0d792c2d3a15/element [5.417139ms] ERR:404 body={"strategy":"-android uiautomator","selector":"new UiSelector().resourceIdMatches(\".*COMMUNITY.*\")...
15:49:38.381228 POST /session/0a9752df-beae-4611-b4a6-0d792c2d3a15/element [7.26951ms] ERR:404 body={"strategy":"-android uiautomator","selector":"new UiSelector().resourceIdMatches(\".*COMMUNITY.*\")...
15:49:38.387651 POST /session/0a9752df-beae-4611-b4a6-0d792c2d3a15/element [6.337081ms] ERR:404 body={"strategy":"-android uiautomator","selector":"new UiSelector().resourceIdMatches(\".*COMMUNITY.*\")...
15:49:38.393339 POST /session/0a9752df-beae-4611-b4a6-0d792c2d3a15/element [5.622538ms] ERR:404 body={"strategy":"-android uiautomator","selector":"new UiSelector().resourceIdMatches(\".*COMMUNITY.*\")...
15:49:38.398294 POST /session/0a9752df-beae-4611-b4a6-0d792c2d3a15/element [4.874218ms] ERR:404 body={"strategy":"-android uiautomator","selector":"new UiSelector().resourceIdMatches(\".*COMMUNITY.*\")...
15:49:38.403582 POST /session/0a9752df-beae-4611-b4a6-0d792c2d3a15/element [5.229448ms] ERR:404 body={"strategy":"-android uiautomator","selector":"new UiSelector().resourceIdMatches(\".*COMMUNITY.*\")...
15:49:38.408825 POST /session/0a9752df-beae-4611-b4a6-0d792c2d3a15/element [5.158044ms] ERR:404 body={"strategy":"-android uiautomator","selector":"new UiSelector().resourceIdMatches(\".*COMMUNITY.*\")...
15:49:38.414355 POST /session/0a9752df-beae-4611-b4a6-0d792c2d3a15/element [5.452818ms] ERR:404 body={"strategy":"-android uiautomator","selector":"new UiSelector().resourceIdMatches(\".*COMMUNITY.*\")...
15:49:38.419144 POST /session/0a9752df-beae-4611-b4a6-0d792c2d3a15/element [4.715603ms] ERR:404 body={"strategy":"-android uiautomator","selector":"new UiSelector().resourceIdMatches(\".*COMMUNITY.*\")...
15:49:38.423749 POST /session/0a9752df-beae-4611-b4a6-0d792c2d3a15/element [4.532523ms] ERR:404 body={"strategy":"-android uiautomator","selector":"new UiSelector().resourceIdMatches(\".*COMMUNITY.*\")...
15:49:38.428705 POST /session/0a9752df-beae-4611-b4a6-0d792c2d3a15/element [4.870372ms] ERR:404 body={"strategy":"-android uiautomator","selector":"new UiSelector().resourceIdMatches(\".*COMMUNITY.*\")...
15:49:38.434520 POST /session/0a9752df-beae-4611-b4a6-0d792c2d3a15/element [5.736198ms] ERR:404 body={"strategy":"-android uiautomator","selector":"new UiSelector().resourceIdMatches(\".*COMMUNITY.*\")...
15:49:38.440473 POST /session/0a9752df-beae-4611-b4a6-0d792c2d3a15/element [5.86844ms] ERR:404 body={"strategy":"-android uiautomator","selector":"new UiSelector().resourceIdMatches(\".*COMMUNITY.*\")...
15:49:38.446411 POST /session/0a9752df-beae-4611-b4a6-0d792c2d3a15/element [5.849199ms] ERR:404 body={"strategy":"-android uiautomator","selector":"new UiSelector().resourceIdMatches(\".*COMMUNITY.*\")...
15:49:38.458225 POST /session/0a9752df-beae-4611-b4a6-0d792c2d3a15/element [11.359021ms] ERR:404 body={"strategy":"-android uiautomator","selector":"new UiSelector().resourceIdMatches(\".*COMMUNITY.*\")...
15:49:38.463482 POST /session/0a9752df-beae-4611-b4a6-0d792c2d3a15/element [5.178878ms] ERR:404 body={"strategy":"-android uiautomator","selector":"new UiSelector().resourceIdMatches(\".*COMMUNITY.*\")...
15:49:38.469862 POST /session/0a9752df-beae-4611-b4a6-0d792c2d3a15/element [6.258782ms] ERR:404 body={"strategy":"-android uiautomator","selector":"new UiSelector().resourceIdMatches(\".*COMMUNITY.*\")...
15:49:38.474959 POST /session/0a9752df-beae-4611-b4a6-0d792c2d3a15/element [5.045849ms] ERR:404 body={"strategy":"-android uiautomator","selector":"new UiSelector().resourceIdMatches(\".*COMMUNITY.*\")...
15:49:38.481203 POST /session/0a9752df-beae-4611-b4a6-0d792c2d3a15/element [6.156144ms] ERR:404 body={"strategy":"-android uiautomator","selector":"new UiSelector().resourceIdMatches(\".*COMMUNITY.*\")...
15:49:38.494249 POST /session/0a9752df-beae-4611-b4a6-0d792c2d3a15/element [12.96033ms] ERR:404 body={"strategy":"-android uiautomator","selector":"new UiSelector().resourceIdMatches(\".*COMMUNITY.*\")...
15:49:38.500314 POST /session/0a9752df-beae-4611-b4a6-0d792c2d3a15/element [5.99524ms] ERR:404 body={"strategy":"-android uiautomator","selector":"new UiSelector().resourceIdMatches(\".*COMMUNITY.*\")...
15:49:38.522482 POST /session/0a9752df-beae-4611-b4a6-0d792c2d3a15/element [22.104705ms] ERR:404 body={"strategy":"-android uiautomator","selector":"new UiSelector().resourceIdMatches(\".*COMMUNITY.*\")...
15:49:38.530227 POST /session/0a9752df-beae-4611-b4a6-0d792c2d3a15/element [7.640991ms] ERR:404 body={"strategy":"-android uiautomator","selector":"new UiSelector().resourceIdMatches(\".*COMMUNITY.*\")...
15:49:38.540286 POST /session/0a9752df-beae-4611-b4a6-0d792c2d3a15/element [9.989436ms] ERR:404 body={"strategy":"-android uiautomator","selector":"new UiSelector().resourceIdMatches(\".*COMMUNITY.*\")...
15:49:38.549736 POST /session/0a9752df-beae-4611-b4a6-0d792c2d3a15/element [9.374651ms] ERR:404 body={"strategy":"-android uiautomator","selector":"new UiSelector().resourceIdMatches(\".*COMMUNITY.*\")...
15:49:38.556911 POST /session/0a9752df-beae-4611-b4a6-0d792c2d3a15/element [7.094643ms] ERR:404 body={"strategy":"-android uiautomator","selector":"new UiSelector().resourceIdMatches(\".*COMMUNITY.*\")...
15:49:38.585789 POST /session/0a9752df-beae-4611-b4a6-0d792c2d3a15/element [28.800794ms] ERR:404 body={"strategy":"-android uiautomator","selector":"new UiSelector().resourceIdMatches(\".*COMMUNITY.*\")...
15:49:39.165620 POST /session/0a9752df-beae-4611-b4a6-0d792c2d3a15/element [579.731241ms] ERR:404 body={"strategy":"-android uiautomator","selector":"new UiSelector().resourceIdMatches(\".*COMMUNITY.*\")...
15:49:39.170393 POST /session/0a9752df-beae-4611-b4a6-0d792c2d3a15/element [4.662934ms] ERR:404 body={"strategy":"-android uiautomator","selector":"new UiSelector().resourceIdMatches(\".*COMMUNITY.*\")...
15:49:39.174886 POST /session/0a9752df-beae-4611-b4a6-0d792c2d3a15/element [4.402359ms] ERR:404 body={"strategy":"-android uiautomator","selector":"new UiSelector().resourceIdMatches(\".*COMMUNITY.*\")...
15:49:39.181511 POST /session/0a9752df-beae-4611-b4a6-0d792c2d3a15/element [6.53323ms] ERR:404 body={"strategy":"-android uiautomator","selector":"new UiSelector().resourceIdMatches(\".*COMMUNITY.*\")...
15:49:39.187502 POST /session/0a9752df-beae-4611-b4a6-0d792c2d3a15/element [5.914203ms] ERR:404 body={"strategy":"-android uiautomator","selector":"new UiSelector().resourceIdMatches(\".*COMMUNITY.*\")...
15:49:39.192861 POST /session/0a9752df-beae-4611-b4a6-0d792c2d3a15/element [5.298483ms] ERR:404 body={"strategy":"-android uiautomator","selector":"new UiSelector().resourceIdMatches(\".*COMMUNITY.*\")...
15:49:39.197925 POST /session/0a9752df-beae-4611-b4a6-0d792c2d3a15/element [4.972068ms] ERR:404 body={"strategy":"-android uiautomator","selector":"new UiSelector().resourceIdMatches(\".*COMMUNITY.*\")...
15:49:39.203953 POST /session/0a9752df-beae-4611-b4a6-0d792c2d3a15/element [5.965677ms] ERR:404 body={"strategy":"-android uiautomator","selector":"new UiSelector().resourceIdMatches(\".*COMMUNITY.*\")...
15:49:39.209283 POST /session/0a9752df-beae-4611-b4a6-0d792c2d3a15/element [5.2784ms] ERR:404 body={"strategy":"-android uiautomator","selector":"new UiSelector().resourceIdMatches(\".*COMMUNITY.*\")...
15:49:39.221453 POST /session/0a9752df-beae-4611-b4a6-0d792c2d3a15/element [12.082659ms] ERR:404 body={"strategy":"-android uiautomator","selector":"new UiSelector().resourceIdMatches(\".*COMMUNITY.*\")...
15:49:39.227387 POST /session/0a9752df-beae-4611-b4a6-0d792c2d3a15/element [5.853741ms] ERR:404 body={"strategy":"-android uiautomator","selector":"new UiSelector().resourceIdMatches(\".*COMMUNITY.*\")...
15:49:39.232382 POST /session/0a9752df-beae-4611-b4a6-0d792c2d3a15/element [4.908804ms] ERR:404 body={"strategy":"-android uiautomator","selector":"new UiSelector().resourceIdMatches(\".*COMMUNITY.*\")...
15:49:39.237412 POST /session/0a9752df-beae-4611-b4a6-0d792c2d3a15/element [4.955646ms] ERR:404 body={"strategy":"-android uiautomator","selector":"new UiSelector().resourceIdMatches(\".*COMMUNITY.*\")...
15:49:39.242612 POST /session/0a9752df-beae-4611-b4a6-0d792c2d3a15/element [5.133655ms] ERR:404 body={"strategy":"-android uiautomator","selector":"new UiSelector().resourceIdMatches(\".*COMMUNITY.*\")...
15:49:39.250245 POST /session/0a9752df-beae-4611-b4a6-0d792c2d3a15/element [7.55214ms] ERR:404 body={"strategy":"-android uiautomator","selector":"new UiSelector().resourceIdMatches(\".*COMMUNITY.*\")...
15:49:39.255245 POST /session/0a9752df-beae-4611-b4a6-0d792c2d3a15/element [4.921998ms] ERR:404 body={"strategy":"-android uiautomator","selector":"new UiSelector().resourceIdMatches(\".*COMMUNITY.*\")...
15:49:39.259980 POST /session/0a9752df-beae-4611-b4a6-0d792c2d3a15/element [4.669358ms] ERR:404 body={"strategy":"-android uiautomator","selector":"new UiSelector().resourceIdMatches(\".*COMMUNITY.*\")...
15:49:39.265490 POST /session/0a9752df-beae-4611-b4a6-0d792c2d3a15/element [5.421943ms] ERR:404 body={"strategy":"-android uiautomator","selector":"new UiSelector().resourceIdMatches(\".*COMMUNITY.*\")...
15:49:39.270046 POST /session/0a9752df-beae-4611-b4a6-0d792c2d3a15/element [4.467892ms] ERR:404 body={"strategy":"-android uiautomator","selector":"new UiSelector().resourceIdMatches(\".*COMMUNITY.*\")...
15:49:39.275083 POST /session/0a9752df-beae-4611-b4a6-0d792c2d3a15/element [4.9421ms] ERR:404 body={"strategy":"-android uiautomator","selector":"new UiSelector().resourceIdMatches(\".*COMMUNITY.*\")...
15:49:39.281657 POST /session/0a9752df-beae-4611-b4a6-0d792c2d3a15/element [6.498334ms] ERR:404 body={"strategy":"-android uiautomator","selector":"new UiSelector().resourceIdMatches(\".*COMMUNITY.*\")...
15:49:39.286246 POST /session/0a9752df-beae-4611-b4a6-0d792c2d3a15/element [4.501031ms] ERR:404 body={"strategy":"-android uiautomator","selector":"new UiSelector().resourceIdMatches(\".*COMMUNITY.*\")...
15:49:39.291476 POST /session/0a9752df-beae-4611-b4a6-0d792c2d3a15/element [5.147089ms] ERR:404 body={"strategy":"-android uiautomator","selector":"new UiSelector().resourceIdMatches(\".*COMMUNITY.*\")...
15:49:39.296222 POST /session/0a9752df-beae-4611-b4a6-0d792c2d3a15/element [4.691055ms] ERR:404 body={"strategy":"-android uiautomator","selector":"new UiSelector().resourceIdMatches(\".*COMMUNITY.*\")...
15:49:39.301923 POST /session/0a9752df-beae-4611-b4a6-0d792c2d3a15/element [5.603824ms] ERR:404 body={"strategy":"-android uiautomator","selector":"new UiSelector().resourceIdMatches(\".*COMMUNITY.*\")...
15:49:39.307819 POST /session/0a9752df-beae-4611-b4a6-0d792c2d3a15/element [5.842084ms] ERR:404 body={"strategy":"-android uiautomator","selector":"new UiSelector().resourceIdMatches(\".*COMMUNITY.*\")...
15:49:39.313609 POST /session/0a9752df-beae-4611-b4a6-0d792c2d3a15/element [5.728848ms] ERR:404 body={"strategy":"-android uiautomator","selector":"new UiSelector().resourceIdMatches(\".*COMMUNITY.*\")...
15:49:39.320131 POST /session/0a9752df-beae-4611-b4a6-0d792c2d3a15/element [6.44937ms] ERR:404 body={"strategy":"-android uiautomator","selector":"new UiSelector().resourceIdMatches(\".*COMMUNITY.*\")...
15:49:39.325869 POST /session/0a9752df-beae-4611-b4a6-0d792c2d3a15/element [5.646663ms] ERR:404 body={"strategy":"-android uiautomator","selector":"new UiSelector().resourceIdMatches(\".*COMMUNITY.*\")...
15:49:39.330557 POST /session/0a9752df-beae-4611-b4a6-0d792c2d3a15/element [4.615229ms] ERR:404 body={"strategy":"-android uiautomator","selector":"new UiSelector().resourceIdMatches(\".*COMMUNITY.*\")...
15:49:39.335532 POST /session/0a9752df-beae-4611-b4a6-0d792c2d3a15/element [4.866537ms] ERR:404 body={"strategy":"-android uiautomator","selector":"new UiSelector().resourceIdMatches(\".*COMMUNITY.*\")...
15:49:39.343792 POST /session/0a9752df-beae-4611-b4a6-0d792c2d3a15/element [8.200604ms] ERR:404 body={"strategy":"-android uiautomator","selector":"new UiSelector().resourceIdMatches(\".*COMMUNITY.*\")...
15:49:39.348983 POST /session/0a9752df-beae-4611-b4a6-0d792c2d3a15/element [5.112651ms] ERR:404 body={"strategy":"-android uiautomator","selector":"new UiSelector().resourceIdMatches(\".*COMMUNITY.*\")...
15:49:39.353848 POST /session/0a9752df-beae-4611-b4a6-0d792c2d3a15/element [4.793497ms] ERR:404 body={"strategy":"-android uiautomator","selector":"new UiSelector().resourceIdMatches(\".*COMMUNITY.*\")...
15:49:39.359026 POST /session/0a9752df-beae-4611-b4a6-0d792c2d3a15/element [5.113325ms] ERR:404 body={"strategy":"-android uiautomator","selector":"new UiSelector().resourceIdMatches(\".*COMMUNITY.*\")...
15:49:39.364632 POST /session/0a9752df-beae-4611-b4a6-0d792c2d3a15/element [5.531735ms] ERR:404 body={"strategy":"-android uiautomator","selector":"new UiSelector().resourceIdMatches(\".*COMMUNITY.*\")...
15:49:39.369213 POST /session/0a9752df-beae-4611-b4a6-0d792c2d3a15/element [4.504275ms] ERR:404 body={"strategy":"-android uiautomator","selector":"new UiSelector().resourceIdMatches(\".*COMMUNITY.*\")...
15:49:39.374418 POST /session/0a9752df-beae-4611-b4a6-0d792c2d3a15/element [5.136355ms] ERR:404 body={"strategy":"-android uiautomator","selector":"new UiSelector().resourceIdMatches(\".*COMMUNITY.*\")...
15:49:39.380610 POST /session/0a9752df-beae-4611-b4a6-0d792c2d3a15/element [6.124408ms] ERR:404 body={"strategy":"-android uiautomator","selector":"new UiSelector().resourceIdMatches(\".*COMMUNITY.*\")...
15:49:39.387188 POST /session/0a9752df-beae-4611-b4a6-0d792c2d3a15/element [6.497225ms] ERR:404 body={"strategy":"-android uiautomator","selector":"new UiSelector().resourceIdMatches(\".*COMMUNITY.*\")...
15:49:39.392238 POST /session/0a9752df-beae-4611-b4a6-0d792c2d3a15/element [4.986301ms] ERR:404 body={"strategy":"-android uiautomator","selector":"new UiSelector().resourceIdMatches(\".*COMMUNITY.*\")...
15:49:39.398295 POST /session/0a9752df-beae-4611-b4a6-0d792c2d3a15/element [5.971168ms] ERR:404 body={"strategy":"-android uiautomator","selector":"new UiSelector().resourceIdMatches(\".*COMMUNITY.*\")...
15:49:39.403667 POST /session/0a9752df-beae-4611-b4a6-0d792c2d3a15/element [5.290022ms] ERR:404 body={"strategy":"-android uiautomator","selector":"new UiSelector().resourceIdMatches(\".*COMMUNITY.*\")...
15:49:39.410312 POST /session/0a9752df-beae-4611-b4a6-0d792c2d3a15/element [5.991946ms] ERR:404 body={"strategy":"-android uiautomator","selector":"new UiSelector().resourceIdMatches(\".*COMMUNITY.*\")...
15:49:39.415568 POST /session/0a9752df-beae-4611-b4a6-0d792c2d3a15/element [5.156117ms] ERR:404 body={"strategy":"-android uiautomator","selector":"new UiSelector().resourceIdMatches(\".*COMMUNITY.*\")...
15:49:39.421479 POST /session/0a9752df-beae-4611-b4a6-0d792c2d3a15/element [5.83484ms] ERR:404 body={"strategy":"-android uiautomator","selector":"new UiSelector().resourceIdMatches(\".*COMMUNITY.*\")...
15:49:39.427391 POST /session/0a9752df-beae-4611-b4a6-0d792c2d3a15/element [5.83349ms] ERR:404 body={"strategy":"-android uiautomator","selector":"new UiSelector().resourceIdMatches(\".*COMMUNITY.*\")...
15:49:39.432876 POST /session/0a9752df-beae-4611-b4a6-0d792c2d3a15/element [5.411982ms] ERR:404 body={"strategy":"-android uiautomator","selector":"new UiSelector().resourceIdMatches(\".*COMMUNITY.*\")...
15:49:39.437939 POST /session/0a9752df-beae-4611-b4a6-0d792c2d3a15/element [4.992347ms] ERR:404 body={"strategy":"-android uiautomator","selector":"new UiSelector().resourceIdMatches(\".*COMMUNITY.*\")...
15:49:39.443289 POST /session/0a9752df-beae-4611-b4a6-0d792c2d3a15/element [5.266784ms] ERR:404 body={"strategy":"-android uiautomator","selector":"new UiSelector().resourceIdMatches(\".*COMMUNITY.*\")...
15:49:39.447949 POST /session/0a9752df-beae-4611-b4a6-0d792c2d3a15/element [4.591524ms] ERR:404 body={"strategy":"-android uiautomator","selector":"new UiSelector().resourceIdMatches(\".*COMMUNITY.*\")...
15:49:39.453131 POST /session/0a9752df-beae-4611-b4a6-0d792c2d3a15/element [5.113218ms] ERR:404 body={"strategy":"-android uiautomator","selector":"new UiSelector().resourceIdMatches(\".*COMMUNITY.*\")...
15:49:39.458368 POST /session/0a9752df-beae-4611-b4a6-0d792c2d3a15/element [5.168006ms] ERR:404 body={"strategy":"-android uiautomator","selector":"new UiSelector().resourceIdMatches(\".*COMMUNITY.*\")...
15:49:39.463383 POST /session/0a9752df-beae-4611-b4a6-0d792c2d3a15/element [4.950137ms] ERR:404 body={"strategy":"-android uiautomator","selector":"new UiSelector().resourceIdMatches(\".*COMMUNITY.*\")...
15:49:39.468584 POST /session/0a9752df-beae-4611-b4a6-0d792c2d3a15/element [5.117111ms] ERR:404 body={"strategy":"-android uiautomator","selector":"new UiSelector().resourceIdMatches(\".*COMMUNITY.*\")...
15:49:39.473694 POST /session/0a9752df-beae-4611-b4a6-0d792c2d3a15/element [5.040278ms] ERR:404 body={"strategy":"-android uiautomator","selector":"new UiSelector().resourceIdMatches(\".*COMMUNITY.*\")...
15:49:39.478594 POST /session/0a9752df-beae-4611-b4a6-0d792c2d3a15/element [4.834826ms] ERR:404 body={"strategy":"-android uiautomator","selector":"new UiSelector().resourceIdMatches(\".*COMMUNITY.*\")...
15:49:39.485132 POST /session/0a9752df-beae-4611-b4a6-0d792c2d3a15/element [6.460809ms] ERR:404 body={"strategy":"-android uiautomator","selector":"new UiSelector().resourceIdMatches(\".*COMMUNITY.*\")...
15:49:39.490221 POST /session/0a9752df-beae-4611-b4a6-0d792c2d3a15/element [5.025903ms] ERR:404 body={"strategy":"-android uiautomator","selector":"new UiSelector().resourceIdMatches(\".*COMMUNITY.*\")...
15:49:39.496058 POST /session/0a9752df-beae-4611-b4a6-0d792c2d3a15/element [5.757001ms] ERR:404 body={"strategy":"-android uiautomator","selector":"new UiSelector().resourceIdMatches(\".*COMMUNITY.*\")...
15:49:39.501180 POST /session/0a9752df-beae-4611-b4a6-0d792c2d3a15/element [5.041932ms] ERR:404 body={"strategy":"-android uiautomator","selector":"new UiSelector().resourceIdMatches(\".*COMMUNITY.*\")...
15:49:39.507573 POST /session/0a9752df-beae-4611-b4a6-0d792c2d3a15/element [6.31171ms] ERR:404 body={"strategy":"-android uiautomator","selector":"new UiSelector().resourceIdMatches(\".*COMMUNITY.*\")...
15:49:39.513428 POST /session/0a9752df-beae-4611-b4a6-0d792c2d3a15/element [5.79433ms] ERR:404 body={"strategy":"-android uiautomator","selector":"new UiSelector().resourceIdMatches(\".*COMMUNITY.*\")...
15:49:39.519599 POST /session/0a9752df-beae-4611-b4a6-0d792c2d3a15/element [6.111098ms] ERR:404 body={"strategy":"-android uiautomator","selector":"new UiSelector().resourceIdMatches(\".*COMMUNITY.*\")...
15:49:39.526153 POST /session/0a9752df-beae-4611-b4a6-0d792c2d3a15/element [6.507476ms] ERR:404 body={"strategy":"-android uiautomator","selector":"new UiSelector().resourceIdMatches(\".*COMMUNITY.*\")...
15:49:39.535086 POST /session/0a9752df-beae-4611-b4a6-0d792c2d3a15/element [8.872523ms] ERR:404 body={"strategy":"-android uiautomator","selector":"new UiSelector().resourceIdMatches(\".*COMMUNITY.*\")...
15:49:39.541386 POST /session/0a9752df-beae-4611-b4a6-0d792c2d3a15/element [6.243438ms] ERR:404 body={"strategy":"-android uiautomator","selector":"new UiSelector().resourceIdMatches(\".*COMMUNITY.*\")...
15:49:39.548821 POST /session/0a9752df-beae-4611-b4a6-0d792c2d3a15/element [7.358641ms] ERR:404 body={"strategy":"-android uiautomator","selector":"new UiSelector().resourceIdMatches(\".*COMMUNITY.*\")...
15:49:39.554499 POST /session/0a9752df-beae-4611-b4a6-0d792c2d3a15/element [5.628711ms] ERR:404 body={"strategy":"-android uiautomator","selector":"new UiSelector().resourceIdMatches(\".*COMMUNITY.*\")...
15:49:39.561272 POST /session/0a9752df-beae-4611-b4a6-0d792c2d3a15/element [6.724001ms] ERR:404 body={"strategy":"-android uiautomator","selector":"new UiSelector().resourceIdMatches(\".*COMMUNITY.*\")...
15:49:39.566464 POST /session/0a9752df-beae-4611-b4a6-0d792c2d3a15/element [5.11168ms] ERR:404 body={"strategy":"-android uiautomator","selector":"new UiSelector().resourceIdMatches(\".*COMMUNITY.*\")...
15:49:39.572160 POST /session/0a9752df-beae-4611-b4a6-0d792c2d3a15/element [5.631899ms] ERR:404 body={"strategy":"-android uiautomator","selector":"new UiSelector().resourceIdMatches(\".*COMMUNITY.*\")...
15:49:39.577279 POST /session/0a9752df-beae-4611-b4a6-0d792c2d3a15/element [5.054544ms] ERR:404 body={"strategy":"-android uiautomator","selector":"new UiSelector().resourceIdMatches(\".*COMMUNITY.*\")...
15:49:39.582180 POST /session/0a9752df-beae-4611-b4a6-0d792c2d3a15/element [4.81623ms] ERR:404 body={"strategy":"-android uiautomator","selector":"new UiSelector().resourceIdMatches(\".*COMMUNITY.*\")...
15:49:39.587631 POST /session/0a9752df-beae-4611-b4a6-0d792c2d3a15/element [5.383695ms] ERR:404 body={"strategy":"-android uiautomator","selector":"new UiSelector().resourceIdMatches(\".*COMMUNITY.*\")...
15:49:39.592475 POST /session/0a9752df-beae-4611-b4a6-0d792c2d3a15/element [4.763532ms] ERR:404 body={"strategy":"-android uiautomator","selector":"new UiSelector().resourceIdMatches(\".*COMMUNITY.*\")...
15:49:39.597653 POST /session/0a9752df-beae-4611-b4a6-0d792c2d3a15/element [5.110062ms] ERR:404 body={"strategy":"-android uiautomator","selector":"new UiSelector().resourceIdMatches(\".*COMMUNITY.*\")...
15:49:39.602907 POST /session/0a9752df-beae-4611-b4a6-0d792c2d3a15/element [5.178756ms] ERR:404 body={"strategy":"-android uiautomator","selector":"new UiSelector().resourceIdMatches(\".*COMMUNITY.*\")...
15:49:39.607922 POST /session/0a9752df-beae-4611-b4a6-0d792c2d3a15/element [4.930934ms] ERR:404 body={"strategy":"-android uiautomator","selector":"new UiSelector().resourceIdMatches(\".*COMMUNITY.*\")...
15:49:39.612771 POST /session/0a9752df-beae-4611-b4a6-0d792c2d3a15/element [4.783493ms] ERR:404 body={"strategy":"-android uiautomator","selector":"new UiSelector().resourceIdMatches(\".*COMMUNITY.*\")...
15:49:39.618060 POST /session/0a9752df-beae-4611-b4a6-0d792c2d3a15/element [5.207666ms] ERR:404 body={"strategy":"-android uiautomator","selector":"new UiSelector().resourceIdMatches(\".*COMMUNITY.*\")...
15:49:39.623210 POST /session/0a9752df-beae-4611-b4a6-0d792c2d3a15/element [5.075286ms] ERR:404 body={"strategy":"-android uiautomator","selector":"new UiSelector().resourceIdMatches(\".*COMMUNITY.*\")...
15:49:39.629540 POST /session/0a9752df-beae-4611-b4a6-0d792c2d3a15/element [6.263897ms] ERR:404 body={"strategy":"-android uiautomator","selector":"new UiSelector().resourceIdMatches(\".*COMMUNITY.*\")...
15:49:39.635472 POST /session/0a9752df-beae-4611-b4a6-0d792c2d3a15/element [5.855615ms] ERR:404 body={"strategy":"-android uiautomator","selector":"new UiSelector().resourceIdMatches(\".*COMMUNITY.*\")...
15:49:39.640456 POST /session/0a9752df-beae-4611-b4a6-0d792c2d3a15/element [4.891319ms] ERR:404 body={"strategy":"-android uiautomator","selector":"new UiSelector().resourceIdMatches(\".*COMMUNITY.*\")...
15:49:39.645416 POST /session/0a9752df-beae-4611-b4a6-0d792c2d3a15/element [4.894443ms] ERR:404 body={"strategy":"-android uiautomator","selector":"new UiSelector().resourceIdMatches(\".*COMMUNITY.*\")...
15:49:39.650637 POST /session/0a9752df-beae-4611-b4a6-0d792c2d3a15/element [5.141946ms] ERR:404 body={"strategy":"-android uiautomator","selector":"new UiSelector().resourceIdMatches(\".*COMMUNITY.*\")...
15:49:39.657513 POST /session/0a9752df-beae-4611-b4a6-0d792c2d3a15/element [6.809248ms] ERR:404 body={"strategy":"-android uiautomator","selector":"new UiSelector().resourceIdMatches(\".*COMMUNITY.*\")...
15:49:39.662508 POST /session/0a9752df-beae-4611-b4a6-0d792c2d3a15/element [4.926299ms] ERR:404 body={"strategy":"-android uiautomator","selector":"new UiSelector().resourceIdMatches(\".*COMMUNITY.*\")...
15:49:39.668246 POST /session/0a9752df-beae-4611-b4a6-0d792c2d3a15/element [5.655502ms] ERR:404 body={"strategy":"-android uiautomator","selector":"new UiSelector().resourceIdMatches(\".*COMMUNITY.*\")...
15:49:39.674105 POST /session/0a9752df-beae-4611-b4a6-0d792c2d3a15/element [5.768446ms] ERR:404 body={"strategy":"-android uiautomator","selector":"new UiSelector().resourceIdMatches(\".*COMMUNITY.*\")...
15:49:39.686411 POST /session/0a9752df-beae-4611-b4a6-0d792c2d3a15/element [12.235991ms] ERR:404 body={"strategy":"-android uiautomator","selector":"new UiSelector().resourceIdMatches(\".*COMMUNITY.*\")...
15:49:39.691789 POST /session/0a9752df-beae-4611-b4a6-0d792c2d3a15/element [5.320337ms] ERR:404 body={"strategy":"-android uiautomator","selector":"new UiSelector().resourceIdMatches(\".*COMMUNITY.*\")...
15:49:39.697415 POST /session/0a9752df-beae-4611-b4a6-0d792c2d3a15/element [5.586268ms] ERR:404 body={"strategy":"-android uiautomator","selector":"new UiSelector().resourceIdMatches(\".*COMMUNITY.*\")...
15:49:39.703133 POST /session/0a9752df-beae-4611-b4a6-0d792c2d3a15/element [5.666213ms] ERR:404 body={"strategy":"-android uiautomator","selector":"new UiSelector().resourceIdMatches(\".*COMMUNITY.*\")...
15:49:39.707960 POST /session/0a9752df-beae-4611-b4a6-0d792c2d3a15/element [4.760773ms] ERR:404 body={"strategy":"-android uiautomator","selector":"new UiSelector().resourceIdMatches(\".*COMMUNITY.*\")...
15:49:39.712869 POST /session/0a9752df-beae-4611-b4a6-0d792c2d3a15/element [4.827492ms] ERR:404 body={"strategy":"-android uiautomator","selector":"new UiSelector().resourceIdMatches(\".*COMMUNITY.*\")...
15:49:39.723273 POST /session/0a9752df-beae-4611-b4a6-0d792c2d3a15/element [10.336671ms] ERR:404 body={"strategy":"-android uiautomator","selector":"new UiSelector().resourceIdMatches(\".*COMMUNITY.*\")...
15:49:39.728522 POST /session/0a9752df-beae-4611-b4a6-0d792c2d3a15/element [5.153385ms] ERR:404 body={"strategy":"-android uiautomator","selector":"new UiSelector().resourceIdMatches(\".*COMMUNITY.*\")...
15:49:39.734606 POST /session/0a9752df-beae-4611-b4a6-0d792c2d3a15/element [6.003225ms] ERR:404 body={"strategy":"-android uiautomator","selector":"new UiSelector().resourceIdMatches(\".*COMMUNITY.*\")...
15:49:39.740764 POST /session/0a9752df-beae-4611-b4a6-0d792c2d3a15/element [6.075247ms] ERR:404 body={"strategy":"-android uiautomator","selector":"new UiSelector().resourceIdMatches(\".*COMMUNITY.*\")...
15:49:39.746161 POST /session/0a9752df-beae-4611-b4a6-0d792c2d3a15/element [5.306484ms] ERR:404 body={"strategy":"-android uiautomator","selector":"new UiSelector().resourceIdMatches(\".*COMMUNITY.*\")...
15:49:39.751217 POST /session/0a9752df-beae-4611-b4a6-0d792c2d3a15/element [4.982782ms] ERR:404 body={"strategy":"-android uiautomator","selector":"new UiSelector().resourceIdMatches(\".*COMMUNITY.*\")...
15:49:39.756605 POST /session/0a9752df-beae-4611-b4a6-0d792c2d3a15/element [5.301496ms] ERR:404 body={"strategy":"-android uiautomator","selector":"new UiSelector().resourceIdMatches(\".*COMMUNITY.*\")...
15:49:39.761768 POST /session/0a9752df-beae-4611-b4a6-0d792c2d3a15/element [5.097557ms] ERR:404 body={"strategy":"-android uiautomator","selector":"new UiSelector().resourceIdMatches(\".*COMMUNITY.*\")...
15:49:39.766969 POST /session/0a9752df-beae-4611-b4a6-0d792c2d3a15/element [5.106052ms] ERR:404 body={"strategy":"-android uiautomator","selector":"new UiSelector().resourceIdMatches(\".*COMMUNITY.*\")...
15:49:39.772214 POST /session/0a9752df-beae-4611-b4a6-0d792c2d3a15/element [5.157026ms] ERR:404 body={"strategy":"-android uiautomator","selector":"new UiSelector().resourceIdMatches(\".*COMMUNITY.*\")...
15:49:39.777363 POST /session/0a9752df-beae-4611-b4a6-0d792c2d3a15/element [5.078432ms] ERR:404 body={"strategy":"-android uiautomator","selector":"new UiSelector().resourceIdMatches(\".*COMMUNITY.*\")...
15:49:39.782477 POST /session/0a9752df-beae-4611-b4a6-0d792c2d3a15/element [5.043505ms] ERR:404 body={"strategy":"-android uiautomator","selector":"new UiSelector().resourceIdMatches(\".*COMMUNITY.*\")...
15:49:39.787458 POST /session/0a9752df-beae-4611-b4a6-0d792c2d3a15/element [4.872382ms] ERR:404 body={"strategy":"-android uiautomator","selector":"new UiSelector().resourceIdMatches(\".*COMMUNITY.*\")...
15:49:39.792219 POST /session/0a9752df-beae-4611-b4a6-0d792c2d3a15/element [4.692992ms] ERR:404 body={"strategy":"-android uiautomator","selector":"new UiSelector().resourceIdMatches(\".*COMMUNITY.*\")...
15:49:39.797225 POST /session/0a9752df-beae-4611-b4a6-0d792c2d3a15/element [4.904678ms] ERR:404 body={"strategy":"-android uiautomator","selector":"new UiSelector().resourceIdMatches(\".*COMMUNITY.*\")...
15:49:39.809944 POST /session/0a9752df-beae-4611-b4a6-0d792c2d3a15/element [12.637641ms] ERR:404 body={"strategy":"-android uiautomator","selector":"new UiSelector().resourceIdMatches(\".*COMMUNITY.*\")...
15:49:39.815458 POST /session/0a9752df-beae-4611-b4a6-0d792c2d3a15/element [5.447083ms] ERR:404 body={"strategy":"-android uiautomator","selector":"new UiSelector().resourceIdMatches(\".*COMMUNITY.*\")...
15:49:39.826967 POST /session/0a9752df-beae-4611-b4a6-0d792c2d3a15/element [11.441706ms] ERR:404 body={"strategy":"-android uiautomator","selector":"new UiSelector().resourceIdMatches(\".*COMMUNITY.*\")...
15:49:39.834577 POST /session/0a9752df-beae-4611-b4a6-0d792c2d3a15/element [7.487204ms] ERR:404 body={"strategy":"-android uiautomator","selector":"new UiSelector().resourceIdMatches(\".*COMMUNITY.*\")...
15:49:39.846020 POST /session/0a9752df-beae-4611-b4a6-0d792c2d3a15/element [11.365586ms] ERR:404 body={"strategy":"-android uiautomator","selector":"new UiSelector().resourceIdMatches(\".*COMMUNITY.*\")...
15:49:39.851055 POST /session/0a9752df-beae-4611-b4a6-0d792c2d3a15/element [4.905241ms] ERR:404 body={"strategy":"-android uiautomator","selector":"new UiSelector().resourceIdMatches(\".*COMMUNITY.*\")...
15:49:39.863240 POST /session/0a9752df-beae-4611-b4a6-0d792c2d3a15/element [12.063576ms] ERR:404 body={"strategy":"-android uiautomator","selector":"new UiSelector().resourceIdMatches(\".*COMMUNITY.*\")...
15:49:40.433752 POST /session/0a9752df-beae-4611-b4a6-0d792c2d3a15/element [570.390896ms] OK body={"strategy":"-android uiautomator","selector":"new UiSelector().resourceIdMatches(\".*COMMUNITY.*\")...
15:49:41.921845 GET /session/0a9752df-beae-4611-b4a6-0d792c2d3a15/element/00000000-0000-0018-ffff-ffff00000073/text [1.488035983s] OK body=
15:49:42.406494 GET /session/0a9752df-beae-4611-b4a6-0d792c2d3a15/element/00000000-0000-0018-ffff-ffff00000073/rect [484.588609ms] OK body=
15:49:42.420023 POST /session/0a9752df-beae-4611-b4a6-0d792c2d3a15/element [12.384182ms] ERR:404 body={"strategy":"-android uiautomator","selector":"new UiSelector().resourceIdMatches(\".*SEARCH.*\").cl...
15:49:42.432678 POST /session/0a9752df-beae-4611-b4a6-0d792c2d3a15/element [12.567851ms] OK body={"strategy":"-android uiautomator","selector":"new UiSelector().resourceIdMatches(\".*SEARCH.*\")"}
15:49:42.439884 GET /session/0a9752df-beae-4611-b4a6-0d792c2d3a15/element/00000000-0000-0018-ffff-ffff00000076/text [7.167287ms] OK body=
15:49:42.447563 GET /session/0a9752df-beae-4611-b4a6-0d792c2d3a15/element/00000000-0000-0018-ffff-ffff00000076/rect [7.645636ms] OK body=
15:49:42.476790 POST /session/0a9752df-beae-4611-b4a6-0d792c2d3a15/element/00000000-0000-0018-ffff-ffff00000076/click [29.19313ms] OK body=
15:49:42.496059 POST /session/0a9752df-beae-4611-b4a6-0d792c2d3a15/element [18.222781ms] ERR:404 body={"strategy":"-android uiautomator","selector":"new UiSelector().resourceIdMatches(\".*search-mode-to...
15:49:42.517118 POST /session/0a9752df-beae-4611-b4a6-0d792c2d3a15/element [20.982522ms] ERR:404 body={"strategy":"-android uiautomator","selector":"new UiSelector().resourceIdMatches(\".*search-mode-to...
15:49:42.528760 POST /session/0a9752df-beae-4611-b4a6-0d792c2d3a15/element [11.567702ms] ERR:404 body={"strategy":"-android uiautomator","selector":"new UiSelector().resourceIdMatches(\".*search-mode-to...
15:49:42.540967 POST /session/0a9752df-beae-4611-b4a6-0d792c2d3a15/element [12.129524ms] ERR:404 body={"strategy":"-android uiautomator","selector":"new UiSelector().resourceIdMatches(\".*search-mode-to...
15:49:42.553142 POST /session/0a9752df-beae-4611-b4a6-0d792c2d3a15/element [12.075084ms] ERR:404 body={"strategy":"-android uiautomator","selector":"new UiSelector().resourceIdMatches(\".*search-mode-to...
15:49:42.565891 POST /session/0a9752df-beae-4611-b4a6-0d792c2d3a15/element [12.66947ms] ERR:404 body={"strategy":"-android uiautomator","selector":"new UiSelector().resourceIdMatches(\".*search-mode-to...
15:49:42.577590 POST /session/0a9752df-beae-4611-b4a6-0d792c2d3a15/element [11.635995ms] ERR:404 body={"strategy":"-android uiautomator","selector":"new UiSelector().resourceIdMatches(\".*search-mode-to...
15:49:42.590215 POST /session/0a9752df-beae-4611-b4a6-0d792c2d3a15/element [12.554412ms] ERR:404 body={"strategy":"-android uiautomator","selector":"new UiSelector().resourceIdMatches(\".*search-mode-to...
15:49:42.601520 POST /session/0a9752df-beae-4611-b4a6-0d792c2d3a15/element [11.24094ms] ERR:404 body={"strategy":"-android uiautomator","selector":"new UiSelector().resourceIdMatches(\".*search-mode-to...
15:49:42.615923 POST /session/0a9752df-beae-4611-b4a6-0d792c2d3a15/element [14.338893ms] ERR:404 body={"strategy":"-android uiautomator","selector":"new UiSelector().resourceIdMatches(\".*search-mode-to...
15:49:42.689472 POST /session/0a9752df-beae-4611-b4a6-0d792c2d3a15/element [73.46713ms] ERR:404 body={"strategy":"-android uiautomator","selector":"new UiSelector().resourceIdMatches(\".*search-mode-to...
15:49:43.235048 POST /session/0a9752df-beae-4611-b4a6-0d792c2d3a15/element [545.508995ms] OK body={"strategy":"-android uiautomator","selector":"new UiSelector().resourceIdMatches(\".*search-mode-to...
15:49:43.241307 GET /session/0a9752df-beae-4611-b4a6-0d792c2d3a15/element/00000000-0000-0018-ffff-ffff00000116/text [6.177244ms] OK body=
15:49:43.246991 GET /session/0a9752df-beae-4611-b4a6-0d792c2d3a15/element/00000000-0000-0018-ffff-ffff00000116/rect [5.636689ms] OK body=
15:49:43.269957 POST /session/0a9752df-beae-4611-b4a6-0d792c2d3a15/element/00000000-0000-0018-ffff-ffff00000116/click [22.922702ms] OK body=
15:49:43.284838 POST /session/0a9752df-beae-4611-b4a6-0d792c2d3a15/element [13.279277ms] ERR:404 body={"strategy":"-android uiautomator","selector":"new UiSelector().resourceIdMatches(\".*search-user-in...
15:49:43.325217 POST /session/0a9752df-beae-4611-b4a6-0d792c2d3a15/element [40.296454ms] ERR:404 body={"strategy":"-android uiautomator","selector":"new UiSelector().resourceIdMatches(\".*search-user-in...
15:49:43.914291 POST /session/0a9752df-beae-4611-b4a6-0d792c2d3a15/element [588.996834ms] OK body={"strategy":"-android uiautomator","selector":"new UiSelector().resourceIdMatches(\".*search-user-in...
15:49:43.919372 GET /session/0a9752df-beae-4611-b4a6-0d792c2d3a15/element/00000000-0000-0018-ffff-ffff00000121/text [5.021929ms] OK body=
15:49:43.925389 GET /session/0a9752df-beae-4611-b4a6-0d792c2d3a15/element/00000000-0000-0018-ffff-ffff00000121/rect [5.965835ms] OK body=
15:49:44.638221 POST /session/0a9752df-beae-4611-b4a6-0d792c2d3a15/element/00000000-0000-0018-ffff-ffff00000121/click [712.774994ms] OK body=
15:49:44.664148 POST /session/0a9752df-beae-4611-b4a6-0d792c2d3a15/actions [24.820051ms] OK body={"actions":[{"actions":[{"type":"keyDown","value":"a"},{"type":"keyUp","value":"a"}],"id":"keyboard"...
15:49:44.681506 POST /session/0a9752df-beae-4611-b4a6-0d792c2d3a15/appium/device/hide_keyboard [14.190503ms] ERR:404 body=
15:49:45.291518 POST /session/0a9752df-beae-4611-b4a6-0d792c2d3a15/element [608.411416ms] ERR:404 body={"strategy":"-android uiautomator","selector":"new UiSelector().resourceIdMatches(\".*search-user-fo...
15:49:45.296711 POST /session/0a9752df-beae-4611-b4a6-0d792c2d3a15/element [5.078438ms] ERR:404 body={"strategy":"-android uiautomator","selector":"new UiSelector().resourceIdMatches(\".*search-user-fo...
15:49:45.301820 POST /session/0a9752df-beae-4611-b4a6-0d792c2d3a15/element [5.004414ms] ERR:404 body={"strategy":"-android uiautomator","selector":"new UiSelector().resourceIdMatches(\".*search-user-fo...
15:49:45.306385 POST /session/0a9752df-beae-4611-b4a6-0d792c2d3a15/element [4.473504ms] ERR:404 body={"strategy":"-android uiautomator","selector":"new UiSelector().resourceIdMatches(\".*search-user-fo...
15:49:45.310879 POST /session/0a9752df-beae-4611-b4a6-0d792c2d3a15/element [4.410572ms] ERR:404 body={"strategy":"-android uiautomator","selector":"new UiSelector().resourceIdMatches(\".*search-user-fo...
15:49:45.316527 POST /session/0a9752df-beae-4611-b4a6-0d792c2d3a15/element [5.578592ms] ERR:404 body={"strategy":"-android uiautomator","selector":"new UiSelector().resourceIdMatches(\".*search-user-fo...
15:49:45.323148 POST /session/0a9752df-beae-4611-b4a6-0d792c2d3a15/element [6.508335ms] ERR:404 body={"strategy":"-android uiautomator","selector":"new UiSelector().resourceIdMatches(\".*search-user-fo...
15:49:45.328731 POST /session/0a9752df-beae-4611-b4a6-0d792c2d3a15/element [5.504297ms] ERR:404 body={"strategy":"-android uiautomator","selector":"new UiSelector().resourceIdMatches(\".*search-user-fo...
15:49:45.334202 POST /session/0a9752df-beae-4611-b4a6-0d792c2d3a15/element [5.40998ms] ERR:404 body={"strategy":"-android uiautomator","selector":"new UiSelector().resourceIdMatches(\".*search-user-fo...
15:49:45.338594 POST /session/0a9752df-beae-4611-b4a6-0d792c2d3a15/element [4.315736ms] ERR:404 body={"strategy":"-android uiautomator","selector":"new UiSelector().resourceIdMatches(\".*search-user-fo...
15:49:45.343832 POST /session/0a9752df-beae-4611-b4a6-0d792c2d3a15/element [5.169692ms] ERR:404 body={"strategy":"-android uiautomator","selector":"new UiSelector().resourceIdMatches(\".*search-user-fo...
15:49:45.350118 POST /session/0a9752df-beae-4611-b4a6-0d792c2d3a15/element [6.20909ms] ERR:404 body={"strategy":"-android uiautomator","selector":"new UiSelector().resourceIdMatches(\".*search-user-fo...
15:49:45.354838 POST /session/0a9752df-beae-4611-b4a6-0d792c2d3a15/element [4.644638ms] ERR:404 body={"strategy":"-android uiautomator","selector":"new UiSelector().resourceIdMatches(\".*search-user-fo...
15:49:45.360434 POST /session/0a9752df-beae-4611-b4a6-0d792c2d3a15/element [5.503428ms] ERR:404 body={"strategy":"-android uiautomator","selector":"new UiSelector().resourceIdMatches(\".*search-user-fo...
15:49:45.365521 POST /session/0a9752df-beae-4611-b4a6-0d792c2d3a15/element [4.996151ms] ERR:404 body={"strategy":"-android uiautomator","selector":"new UiSelector().resourceIdMatches(\".*search-user-fo...
15:49:45.371993 POST /session/0a9752df-beae-4611-b4a6-0d792c2d3a15/element [6.407383ms] ERR:404 body={"strategy":"-android uiautomator","selector":"new UiSelector().resourceIdMatches(\".*search-user-fo...
15:49:45.376877 POST /session/0a9752df-beae-4611-b4a6-0d792c2d3a15/element [4.810702ms] ERR:404 body={"strategy":"-android uiautomator","selector":"new UiSelector().resourceIdMatches(\".*search-user-fo...
15:49:45.389782 POST /session/0a9752df-beae-4611-b4a6-0d792c2d3a15/element [12.845035ms] ERR:404 body={"strategy":"-android uiautomator","selector":"new UiSelector().resourceIdMatches(\".*search-user-fo...
15:49:45.394953 POST /session/0a9752df-beae-4611-b4a6-0d792c2d3a15/element [5.112282ms] ERR:404 body={"strategy":"-android uiautomator","selector":"new UiSelector().resourceIdMatches(\".*search-user-fo...
15:49:45.399187 POST /session/0a9752df-beae-4611-b4a6-0d792c2d3a15/element [4.164939ms] ERR:404 body={"strategy":"-android uiautomator","selector":"new UiSelector().resourceIdMatches(\".*search-user-fo...
15:49:45.404858 POST /session/0a9752df-beae-4611-b4a6-0d792c2d3a15/element [5.608654ms] ERR:404 body={"strategy":"-android uiautomator","selector":"new UiSelector().resourceIdMatches(\".*search-user-fo...
15:49:45.409366 POST /session/0a9752df-beae-4611-b4a6-0d792c2d3a15/element [4.446464ms] ERR:404 body={"strategy":"-android uiautomator","selector":"new UiSelector().resourceIdMatches(\".*search-user-fo...
15:49:45.415258 POST /session/0a9752df-beae-4611-b4a6-0d792c2d3a15/element [5.825674ms] ERR:404 body={"strategy":"-android uiautomator","selector":"new UiSelector().resourceIdMatches(\".*search-user-fo...
15:49:45.420535 POST /session/0a9752df-beae-4611-b4a6-0d792c2d3a15/element [5.206655ms] ERR:404 body={"strategy":"-android uiautomator","selector":"new UiSelector().resourceIdMatches(\".*search-user-fo...
15:49:45.424603 POST /session/0a9752df-beae-4611-b4a6-0d792c2d3a15/element [3.995837ms] ERR:404 body={"strategy":"-android uiautomator","selector":"new UiSelector().resourceIdMatches(\".*search-user-fo...
15:49:45.429540 POST /session/0a9752df-beae-4611-b4a6-0d792c2d3a15/element [4.862385ms] ERR:404 body={"strategy":"-android uiautomator","selector":"new UiSelector().resourceIdMatches(\".*search-user-fo...
15:49:45.433666 POST /session/0a9752df-beae-4611-b4a6-0d792c2d3a15/element [4.042737ms] ERR:404 body={"strategy":"-android uiautomator","selector":"new UiSelector().resourceIdMatches(\".*search-user-fo...
15:49:45.437197 POST /session/0a9752df-beae-4611-b4a6-0d792c2d3a15/element [3.456905ms] ERR:404 body={"strategy":"-android uiautomator","selector":"new UiSelector().resourceIdMatches(\".*search-user-fo...
15:49:45.441007 POST /session/0a9752df-beae-4611-b4a6-0d792c2d3a15/element [3.743653ms] ERR:404 body={"strategy":"-android uiautomator","selector":"new UiSelector().resourceIdMatches(\".*search-user-fo...
15:49:45.444839 POST /session/0a9752df-beae-4611-b4a6-0d792c2d3a15/element [3.766758ms] ERR:404 body={"strategy":"-android uiautomator","selector":"new UiSelector().resourceIdMatches(\".*search-user-fo...
15:49:45.449434 POST /session/0a9752df-beae-4611-b4a6-0d792c2d3a15/element [4.52618ms] ERR:404 body={"strategy":"-android uiautomator","selector":"new UiSelector().resourceIdMatches(\".*search-user-fo...
15:49:45.454510 POST /session/0a9752df-beae-4611-b4a6-0d792c2d3a15/element [5.007409ms] ERR:404 body={"strategy":"-android uiautomator","selector":"new UiSelector().resourceIdMatches(\".*search-user-fo...
15:49:45.459191 POST /session/0a9752df-beae-4611-b4a6-0d792c2d3a15/element [4.61281ms] ERR:404 body={"strategy":"-android uiautomator","selector":"new UiSelector().resourceIdMatches(\".*search-user-fo...
15:49:45.463825 POST /session/0a9752df-beae-4611-b4a6-0d792c2d3a15/element [4.550722ms] ERR:404 body={"strategy":"-android uiautomator","selector":"new UiSelector().resourceIdMatches(\".*search-user-fo...
15:49:45.468171 POST /session/0a9752df-beae-4611-b4a6-0d792c2d3a15/element [4.278806ms] ERR:404 body={"strategy":"-android uiautomator","selector":"new UiSelector().resourceIdMatches(\".*search-user-fo...
15:49:45.472630 POST /session/0a9752df-beae-4611-b4a6-0d792c2d3a15/element [4.394765ms] ERR:404 body={"strategy":"-android uiautomator","selector":"new UiSelector().resourceIdMatches(\".*search-user-fo...
15:49:45.477212 POST /session/0a9752df-beae-4611-b4a6-0d792c2d3a15/element [4.52085ms] ERR:404 body={"strategy":"-android uiautomator","selector":"new UiSelector().resourceIdMatches(\".*search-user-fo...
15:49:45.481433 POST /session/0a9752df-beae-4611-b4a6-0d792c2d3a15/element [4.135444ms] ERR:404 body={"strategy":"-android uiautomator","selector":"new UiSelector().resourceIdMatches(\".*search-user-fo...
15:49:45.485545 POST /session/0a9752df-beae-4611-b4a6-0d792c2d3a15/element [4.046195ms] ERR:404 body={"strategy":"-android uiautomator","selector":"new UiSelector().resourceIdMatches(\".*search-user-fo...
15:49:45.494878 POST /session/0a9752df-beae-4611-b4a6-0d792c2d3a15/element [9.080394ms] ERR:404 body={"strategy":"-android uiautomator","selector":"new UiSelector().resourceIdMatches(\".*search-user-fo...
15:49:45.502260 POST /session/0a9752df-beae-4611-b4a6-0d792c2d3a15/element [7.298743ms] ERR:404 body={"strategy":"-android uiautomator","selector":"new UiSelector().resourceIdMatches(\".*search-user-fo...
15:49:45.509825 POST /session/0a9752df-beae-4611-b4a6-0d792c2d3a15/element [7.459334ms] ERR:404 body={"strategy":"-android uiautomator","selector":"new UiSelector().resourceIdMatches(\".*search-user-fo...
15:49:45.517538 POST /session/0a9752df-beae-4611-b4a6-0d792c2d3a15/element [7.632159ms] ERR:404 body={"strategy":"-android uiautomator","selector":"new UiSelector().resourceIdMatches(\".*search-user-fo...
15:49:45.532229 POST /session/0a9752df-beae-4611-b4a6-0d792c2d3a15/element [14.617967ms] ERR:404 body={"strategy":"-android uiautomator","selector":"new UiSelector().resourceIdMatches(\".*search-user-fo...
15:49:46.290297 POST /session/0a9752df-beae-4611-b4a6-0d792c2d3a15/element [757.989935ms] OK body={"strategy":"-android uiautomator","selector":"new UiSelector().resourceIdMatches(\".*search-user-fo...
15:49:46.984848 POST /session/0a9752df-beae-4611-b4a6-0d792c2d3a15/element [693.104396ms] OK body={"strategy":"-android uiautomator","selector":"new UiSelector().resourceIdMatches(\".*search-user-fo...
15:49:46.992663 GET /session/0a9752df-beae-4611-b4a6-0d792c2d3a15/element/00000000-0000-0018-ffff-ffff00000140/text [7.745655ms] OK body=
15:49:46.999759 GET /session/0a9752df-beae-4611-b4a6-0d792c2d3a15/element/00000000-0000-0018-ffff-ffff00000140/rect [7.052945ms] OK body=
15:49:47.030465 POST /session/0a9752df-beae-4611-b4a6-0d792c2d3a15/element/00000000-0000-0018-ffff-ffff00000140/click [30.658398ms] OK body=
15:49:47.045143 POST /session/0a9752df-beae-4611-b4a6-0d792c2d3a15/element [12.794262ms] OK body={"strategy":"-android uiautomator","selector":"new UiSelector().textContains(\"Unfollow\")"}
15:49:47.706702 POST /session/0a9752df-beae-4611-b4a6-0d792c2d3a15/element [660.170011ms] OK body={"strategy":"-android uiautomator","selector":"new UiSelector().resourceIdMatches(\".*search-user-fo...
15:49:47.712648 GET /session/0a9752df-beae-4611-b4a6-0d792c2d3a15/element/00000000-0000-0018-ffff-ffff00000140/text [5.883447ms] OK body=
15:49:47.717964 GET /session/0a9752df-beae-4611-b4a6-0d792c2d3a15/element/00000000-0000-0018-ffff-ffff00000140/rect [5.262933ms] OK body=
15:49:47.747152 POST /session/0a9752df-beae-4611-b4a6-0d792c2d3a15/element/00000000-0000-0018-ffff-ffff00000140/click [29.144506ms] OK body=
15:49:47.768377 POST /session/0a9752df-beae-4611-b4a6-0d792c2d3a15/element [19.037493ms] OK body={"strategy":"-android uiautomator","selector":"new UiSelector().textContains(\"Follow\")"}
15:49:51.279192 POST /session/0a9752df-beae-4611-b4a6-0d792c2d3a15/appium/device/launch_app [2.123222ms] ERR:404 body={"appId":"com.tastopia.app"}
15:49:53.162513 POST /session/0a9752df-beae-4611-b4a6-0d792c2d3a15/element [798.130367ms] OK body={"strategy":"-android uiautomator","selector":"new UiSelector().resourceIdMatches(\".*MENU.*\")"}
15:49:53.991187 GET /session/0a9752df-beae-4611-b4a6-0d792c2d3a15/element/00000000-0000-001a-ffff-ffff0000003d/text [828.594678ms] OK body=
15:49:55.357874 GET /session/0a9752df-beae-4611-b4a6-0d792c2d3a15/element/00000000-0000-001a-ffff-ffff0000003d/rect [1.366622182s] OK body=
15:49:55.372045 POST /session/0a9752df-beae-4611-b4a6-0d792c2d3a15/element [13.83639ms] ERR:404 body={"strategy":"-android uiautomator","selector":"new UiSelector().resourceIdMatches(\".*MENU.*\").clic...
15:49:55.382947 POST /session/0a9752df-beae-4611-b4a6-0d792c2d3a15/element [10.807557ms] OK body={"strategy":"-android uiautomator","selector":"new UiSelector().resourceIdMatches(\".*MENU.*\")"}
15:49:55.388296 GET /session/0a9752df-beae-4611-b4a6-0d792c2d3a15/element/00000000-0000-001a-ffff-ffff0000003d/text [5.292771ms] OK body=
15:49:55.394585 GET /session/0a9752df-beae-4611-b4a6-0d792c2d3a15/element/00000000-0000-001a-ffff-ffff0000003d/rect [6.249648ms] OK body=
15:49:55.418230 POST /session/0a9752df-beae-4611-b4a6-0d792c2d3a15/element/00000000-0000-001a-ffff-ffff0000003d/click [23.601797ms] OK body=
15:49:55.420563 POST /session/0a9752df-beae-4611-b4a6-0d792c2d3a15/appium/device/hide_keyboard [2.254282ms] ERR:404 body=
15:49:55.436063 POST /session/0a9752df-beae-4611-b4a6-0d792c2d3a15/element [15.21812ms] ERR:404 body={"strategy":"-android uiautomator","selector":"new UiSelector().textContains(\"History\")"}
15:49:55.449176 POST /session/0a9752df-beae-4611-b4a6-0d792c2d3a15/element [13.02167ms] ERR:404 body={"strategy":"-android uiautomator","selector":"new UiSelector().descriptionContains(\"History\")"}
15:49:55.471925 POST /session/0a9752df-beae-4611-b4a6-0d792c2d3a15/element [22.675269ms] ERR:404 body={"strategy":"-android uiautomator","selector":"new UiSelector().textMatches(\"(?is).*\\QHistory\\E.*...
15:49:55.482549 POST /session/0a9752df-beae-4611-b4a6-0d792c2d3a15/element [10.540562ms] ERR:404 body={"strategy":"-android uiautomator","selector":"new UiSelector().descriptionMatches(\"(?is).*\\QHisto...
15:49:55.497104 POST /session/0a9752df-beae-4611-b4a6-0d792c2d3a15/element [14.472368ms] ERR:404 body={"strategy":"-android uiautomator","selector":"new UiSelector().textContains(\"History\")"}
15:49:55.511180 POST /session/0a9752df-beae-4611-b4a6-0d792c2d3a15/element [14.003437ms] ERR:404 body={"strategy":"-android uiautomator","selector":"new UiSelector().descriptionContains(\"History\")"}
15:49:55.524750 POST /session/0a9752df-beae-4611-b4a6-0d792c2d3a15/element [13.505798ms] ERR:404 body={"strategy":"-android uiautomator","selector":"new UiSelector().textMatches(\"(?is).*\\QHistory\\E.*...
15:49:55.535461 POST /session/0a9752df-beae-4611-b4a6-0d792c2d3a15/element [10.646059ms] ERR:404 body={"strategy":"-android uiautomator","selector":"new UiSelector().descriptionMatches(\"(?is).*\\QHisto...
15:49:55.548051 POST /session/0a9752df-beae-4611-b4a6-0d792c2d3a15/element [12.514197ms] ERR:404 body={"strategy":"-android uiautomator","selector":"new UiSelector().textContains(\"History\")"}
15:49:55.558530 POST /session/0a9752df-beae-4611-b4a6-0d792c2d3a15/element [10.360958ms] ERR:404 body={"strategy":"-android uiautomator","selector":"new UiSelector().descriptionContains(\"History\")"}
15:49:55.568958 POST /session/0a9752df-beae-4611-b4a6-0d792c2d3a15/element [10.356866ms] ERR:404 body={"strategy":"-android uiautomator","selector":"new UiSelector().textMatches(\"(?is).*\\QHistory\\E.*...
15:49:55.580344 POST /session/0a9752df-beae-4611-b4a6-0d792c2d3a15/element [11.311491ms] ERR:404 body={"strategy":"-android uiautomator","selector":"new UiSelector().descriptionMatches(\"(?is).*\\QHisto...
15:49:55.591111 POST /session/0a9752df-beae-4611-b4a6-0d792c2d3a15/element [10.702638ms] ERR:404 body={"strategy":"-android uiautomator","selector":"new UiSelector().textContains(\"History\")"}
15:49:55.603057 POST /session/0a9752df-beae-4611-b4a6-0d792c2d3a15/element [11.879801ms] ERR:404 body={"strategy":"-android uiautomator","selector":"new UiSelector().descriptionContains(\"History\")"}
15:49:55.709296 POST /session/0a9752df-beae-4611-b4a6-0d792c2d3a15/element [106.154654ms] ERR:404 body={"strategy":"-android uiautomator","selector":"new UiSelector().textMatches(\"(?is).*\\QHistory\\E.*...
15:49:56.495687 POST /session/0a9752df-beae-4611-b4a6-0d792c2d3a15/element [786.310027ms] ERR:404 body={"strategy":"-android uiautomator","selector":"new UiSelector().descriptionMatches(\"(?is).*\\QHisto...
15:49:56.501169 POST /session/0a9752df-beae-4611-b4a6-0d792c2d3a15/element [5.401505ms] OK body={"strategy":"-android uiautomator","selector":"new UiSelector().textContains(\"History\")"}
15:49:56.507878 POST /session/0a9752df-beae-4611-b4a6-0d792c2d3a15/element [6.35565ms] OK body={"strategy":"-android uiautomator","selector":"new UiSelector().resourceIdMatches(\".*menu-logout-bu...
15:49:56.514034 GET /session/0a9752df-beae-4611-b4a6-0d792c2d3a15/element/00000000-0000-001a-ffff-ffff000000e9/text [6.089982ms] OK body=
15:49:56.525914 GET /session/0a9752df-beae-4611-b4a6-0d792c2d3a15/element/00000000-0000-001a-ffff-ffff000000e9/rect [11.840814ms] OK body=
15:49:56.549863 POST /session/0a9752df-beae-4611-b4a6-0d792c2d3a15/element/00000000-0000-001a-ffff-ffff000000e9/click [23.906373ms] OK body=
15:49:56.560964 POST /session/0a9752df-beae-4611-b4a6-0d792c2d3a15/element [10.807241ms] ERR:404 body={"strategy":"-android uiautomator","selector":"new UiSelector().textContains(\"Welcome to\")"}
15:49:56.568376 POST /session/0a9752df-beae-4611-b4a6-0d792c2d3a15/element [7.342935ms] ERR:404 body={"strategy":"-android uiautomator","selector":"new UiSelector().descriptionContains(\"Welcome to\")"...
15:49:56.576597 POST /session/0a9752df-beae-4611-b4a6-0d792c2d3a15/element [8.136968ms] ERR:404 body={"strategy":"-android uiautomator","selector":"new UiSelector().textMatches(\"(?is).*\\QWelcome to\\...
15:49:56.585740 POST /session/0a9752df-beae-4611-b4a6-0d792c2d3a15/element [9.029892ms] ERR:404 body={"strategy":"-android uiautomator","selector":"new UiSelector().descriptionMatches(\"(?is).*\\QWelco...
15:49:56.593459 POST /session/0a9752df-beae-4611-b4a6-0d792c2d3a15/element [7.530605ms] ERR:404 body={"strategy":"-android uiautomator","selector":"new UiSelector().textContains(\"Welcome to\")"}
15:49:56.600565 POST /session/0a9752df-beae-4611-b4a6-0d792c2d3a15/element [6.977999ms] ERR:404 body={"strategy":"-android uiautomator","selector":"new UiSelector().descriptionContains(\"Welcome to\")"...
15:49:56.609328 POST /session/0a9752df-beae-4611-b4a6-0d792c2d3a15/element [8.662629ms] ERR:404 body={"strategy":"-android uiautomator","selector":"new UiSelector().textMatches(\"(?is).*\\QWelcome to\\...
15:49:56.617139 POST /session/0a9752df-beae-4611-b4a6-0d792c2d3a15/element [7.741707ms] ERR:404 body={"strategy":"-android uiautomator","selector":"new UiSelector().descriptionMatches(\"(?is).*\\QWelco...
15:49:56.624760 POST /session/0a9752df-beae-4611-b4a6-0d792c2d3a15/element [7.532305ms] ERR:404 body={"strategy":"-android uiautomator","selector":"new UiSelector().textContains(\"Welcome to\")"}
15:49:56.631869 POST /session/0a9752df-beae-4611-b4a6-0d792c2d3a15/element [7.043625ms] ERR:404 body={"strategy":"-android uiautomator","selector":"new UiSelector().descriptionContains(\"Welcome to\")"...
15:49:56.639643 POST /session/0a9752df-beae-4611-b4a6-0d792c2d3a15/element [7.696002ms] ERR:404 body={"strategy":"-android uiautomator","selector":"new UiSelector().textMatches(\"(?is).*\\QWelcome to\\...
15:49:56.649049 POST /session/0a9752df-beae-4611-b4a6-0d792c2d3a15/element [9.355421ms] ERR:404 body={"strategy":"-android uiautomator","selector":"new UiSelector().descriptionMatches(\"(?is).*\\QWelco...
15:49:56.658710 POST /session/0a9752df-beae-4611-b4a6-0d792c2d3a15/element [9.590464ms] ERR:404 body={"strategy":"-android uiautomator","selector":"new UiSelector().textContains(\"Welcome to\")"}
15:49:56.668479 POST /session/0a9752df-beae-4611-b4a6-0d792c2d3a15/element [9.712431ms] ERR:404 body={"strategy":"-android uiautomator","selector":"new UiSelector().descriptionContains(\"Welcome to\")"...
15:49:56.676063 POST /session/0a9752df-beae-4611-b4a6-0d792c2d3a15/element [7.517007ms] ERR:404 body={"strategy":"-android uiautomator","selector":"new UiSelector().textMatches(\"(?is).*\\QWelcome to\\...
15:49:56.686002 POST /session/0a9752df-beae-4611-b4a6-0d792c2d3a15/element [9.857943ms] ERR:404 body={"strategy":"-android uiautomator","selector":"new UiSelector().descriptionMatches(\"(?is).*\\QWelco...
15:49:56.695947 POST /session/0a9752df-beae-4611-b4a6-0d792c2d3a15/element [9.878641ms] ERR:404 body={"strategy":"-android uiautomator","selector":"new UiSelector().textContains(\"Welcome to\")"}
15:49:56.702908 POST /session/0a9752df-beae-4611-b4a6-0d792c2d3a15/element [6.889381ms] ERR:404 body={"strategy":"-android uiautomator","selector":"new UiSelector().descriptionContains(\"Welcome to\")"...
15:49:56.711391 POST /session/0a9752df-beae-4611-b4a6-0d792c2d3a15/element [8.412877ms] ERR:404 body={"strategy":"-android uiautomator","selector":"new UiSelector().textMatches(\"(?is).*\\QWelcome to\\...
15:49:56.718976 POST /session/0a9752df-beae-4611-b4a6-0d792c2d3a15/element [7.515579ms] ERR:404 body={"strategy":"-android uiautomator","selector":"new UiSelector().descriptionMatches(\"(?is).*\\QWelco...
15:49:56.726271 POST /session/0a9752df-beae-4611-b4a6-0d792c2d3a15/element [7.228701ms] ERR:404 body={"strategy":"-android uiautomator","selector":"new UiSelector().textContains(\"Welcome to\")"}
15:49:56.733109 POST /session/0a9752df-beae-4611-b4a6-0d792c2d3a15/element [6.774614ms] ERR:404 body={"strategy":"-android uiautomator","selector":"new UiSelector().descriptionContains(\"Welcome to\")"...
15:49:56.740735 POST /session/0a9752df-beae-4611-b4a6-0d792c2d3a15/element [7.556904ms] ERR:404 body={"strategy":"-android uiautomator","selector":"new UiSelector().textMatches(\"(?is).*\\QWelcome to\\...
15:49:56.747982 POST /session/0a9752df-beae-4611-b4a6-0d792c2d3a15/element [7.166056ms] ERR:404 body={"strategy":"-android uiautomator","selector":"new UiSelector().descriptionMatches(\"(?is).*\\QWelco...
15:49:56.755181 POST /session/0a9752df-beae-4611-b4a6-0d792c2d3a15/element [7.134901ms] ERR:404 body={"strategy":"-android uiautomator","selector":"new UiSelector().textContains(\"Welcome to\")"}
15:49:56.762503 POST /session/0a9752df-beae-4611-b4a6-0d792c2d3a15/element [7.246293ms] ERR:404 body={"strategy":"-android uiautomator","selector":"new UiSelector().descriptionContains(\"Welcome to\")"...
15:49:56.770142 POST /session/0a9752df-beae-4611-b4a6-0d792c2d3a15/element [7.565602ms] ERR:404 body={"strategy":"-android uiautomator","selector":"new UiSelector().textMatches(\"(?is).*\\QWelcome to\\...
15:49:56.777933 POST /session/0a9752df-beae-4611-b4a6-0d792c2d3a15/element [7.727704ms] ERR:404 body={"strategy":"-android uiautomator","selector":"new UiSelector().descriptionMatches(\"(?is).*\\QWelco...
15:49:56.785359 POST /session/0a9752df-beae-4611-b4a6-0d792c2d3a15/element [7.351862ms] ERR:404 body={"strategy":"-android uiautomator","selector":"new UiSelector().textContains(\"Welcome to\")"}
15:49:56.794380 POST /session/0a9752df-beae-4611-b4a6-0d792c2d3a15/element [8.949762ms] ERR:404 body={"strategy":"-android uiautomator","selector":"new UiSelector().descriptionContains(\"Welcome to\")"...
15:49:56.803508 POST /session/0a9752df-beae-4611-b4a6-0d792c2d3a15/element [9.048682ms] ERR:404 body={"strategy":"-android uiautomator","selector":"new UiSelector().textMatches(\"(?is).*\\QWelcome to\\...
15:49:56.811330 POST /session/0a9752df-beae-4611-b4a6-0d792c2d3a15/element [7.747605ms] ERR:404 body={"strategy":"-android uiautomator","selector":"new UiSelector().descriptionMatches(\"(?is).*\\QWelco...
15:49:56.819150 POST /session/0a9752df-beae-4611-b4a6-0d792c2d3a15/element [7.754634ms] ERR:404 body={"strategy":"-android uiautomator","selector":"new UiSelector().textContains(\"Welcome to\")"}
15:49:56.842417 POST /session/0a9752df-beae-4611-b4a6-0d792c2d3a15/element [23.186807ms] ERR:404 body={"strategy":"-android uiautomator","selector":"new UiSelector().descriptionContains(\"Welcome to\")"...
15:49:56.856615 POST /session/0a9752df-beae-4611-b4a6-0d792c2d3a15/element [14.122005ms] ERR:404 body={"strategy":"-android uiautomator","selector":"new UiSelector().textMatches(\"(?is).*\\QWelcome to\\...
15:49:56.863948 POST /session/0a9752df-beae-4611-b4a6-0d792c2d3a15/element [7.263973ms] ERR:404 body={"strategy":"-android uiautomator","selector":"new UiSelector().descriptionMatches(\"(?is).*\\QWelco...
15:49:56.870958 POST /session/0a9752df-beae-4611-b4a6-0d792c2d3a15/element [6.942204ms] ERR:404 body={"strategy":"-android uiautomator","selector":"new UiSelector().textContains(\"Welcome to\")"}
15:49:56.878253 POST /session/0a9752df-beae-4611-b4a6-0d792c2d3a15/element [7.21775ms] ERR:404 body={"strategy":"-android uiautomator","selector":"new UiSelector().descriptionContains(\"Welcome to\")"...
15:49:56.886427 POST /session/0a9752df-beae-4611-b4a6-0d792c2d3a15/element [8.084738ms] ERR:404 body={"strategy":"-android uiautomator","selector":"new UiSelector().textMatches(\"(?is).*\\QWelcome to\\...
15:49:56.894626 POST /session/0a9752df-beae-4611-b4a6-0d792c2d3a15/element [8.115408ms] ERR:404 body={"strategy":"-android uiautomator","selector":"new UiSelector().descriptionMatches(\"(?is).*\\QWelco...
15:49:56.902502 POST /session/0a9752df-beae-4611-b4a6-0d792c2d3a15/element [7.816501ms] ERR:404 body={"strategy":"-android uiautomator","selector":"new UiSelector().textContains(\"Welcome to\")"}
15:49:56.910154 POST /session/0a9752df-beae-4611-b4a6-0d792c2d3a15/element [7.573834ms] ERR:404 body={"strategy":"-android uiautomator","selector":"new UiSelector().descriptionContains(\"Welcome to\")"...
15:49:56.939734 POST /session/0a9752df-beae-4611-b4a6-0d792c2d3a15/element [29.524272ms] ERR:404 body={"strategy":"-android uiautomator","selector":"new UiSelector().textMatches(\"(?is).*\\QWelcome to\\...
15:49:56.966185 POST /session/0a9752df-beae-4611-b4a6-0d792c2d3a15/element [26.363104ms] ERR:404 body={"strategy":"-android uiautomator","selector":"new UiSelector().descriptionMatches(\"(?is).*\\QWelco...
15:49:57.734295 POST /session/0a9752df-beae-4611-b4a6-0d792c2d3a15/element [768.038255ms] OK body={"strategy":"-android uiautomator","selector":"new UiSelector().textContains(\"Welcome to\")"}
15:49:58.528457 POST /session/0a9752df-beae-4611-b4a6-0d792c2d3a15/element [793.867819ms] OK body={"strategy":"-android uiautomator","selector":"new UiSelector().textContains(\"Tastopia\")"}
15:49:58.545464 DELETE /session/0a9752df-beae-4611-b4a6-0d792c2d3a15 [2.27953ms] OK body=
