13:09:31.621961 POST /session [35.010936ms] OK body={"capabilities":{"platformName":"Android","deviceName":"Android SDK built for x86"}}
13:09:31.633535 POST /session/ece7b49b-6872-48c4-8671-88e157970294/appium/settings [11.195311ms] OK body={"settings":{"waitForIdleTimeout":200}}
13:09:31.643511 POST /session/ece7b49b-6872-48c4-8671-88e157970294/appium/settings [9.914977ms] OK body={"settings":{"implicitWait":100}}
13:09:31.721060 GET /session/ece7b49b-6872-48c4-8671-88e157970294/appium/device/info [57.785947ms] OK body=
13:09:31.742747 POST /session/ece7b49b-6872-48c4-8671-88e157970294/appium/settings [8.854111ms] OK body={"settings":{"waitForIdleTimeout":200}}
13:09:36.383295 POST /session/ece7b49b-6872-48c4-8671-88e157970294/appium/device/launch_app [11.802727ms] ERR:404 body={"appId":"com.tastopia.app"}
13:09:40.018984 POST /session/ece7b49b-6872-48c4-8671-88e157970294/element [1.365993879s] OK body={"strategy":"-android uiautomator","selector":"new UiSelector().resourceIdMatches(\".*welcome-sign-i...
13:09:40.932018 GET /session/ece7b49b-6872-48c4-8671-88e157970294/element/00000000-0000-0007-ffff-ffff00000021/text [912.894674ms] OK body=
13:09:41.406117 GET /session/ece7b49b-6872-48c4-8671-88e157970294/element/00000000-0000-0007-ffff-ffff00000021/rect [474.025403ms] OK body=
13:09:41.813861 POST /session/ece7b49b-6872-48c4-8671-88e157970294/element/00000000-0000-0007-ffff-ffff00000021/click [407.617076ms] OK body=
13:09:42.729857 POST /session/ece7b49b-6872-48c4-8671-88e157970294/element [857.935249ms] OK body={"strategy":"-android uiautomator","selector":"new UiSelector().resourceIdMatches(\".*login-identifi...
13:09:42.753157 POST /session/ece7b49b-6872-48c4-8671-88e157970294/element [22.089412ms] OK body={"strategy":"-android uiautomator","selector":"new UiSelector().resourceIdMatches(\".*login-identifi...
13:09:42.773956 GET /session/ece7b49b-6872-48c4-8671-88e157970294/element/00000000-0000-0007-ffff-ffff00000053/text [20.695352ms] OK body=
13:09:42.794172 GET /session/ece7b49b-6872-48c4-8671-88e157970294/element/00000000-0000-0007-ffff-ffff00000053/rect [20.164149ms] OK body=
13:09:42.836914 POST /session/ece7b49b-6872-48c4-8671-88e157970294/element/00000000-0000-0007-ffff-ffff00000053/click [42.672177ms] OK body=
13:09:44.900562 POST /session/ece7b49b-6872-48c4-8671-88e157970294/actions [2.063251801s] OK body={"actions":[{"actions":[{"type":"keyDown","value":"a"},{"type":"keyUp","value":"a"},{"type":"keyDown...
13:09:44.915729 POST /session/ece7b49b-6872-48c4-8671-88e157970294/appium/device/hide_keyboard [15.066527ms] ERR:404 body=
13:09:45.381597 POST /session/ece7b49b-6872-48c4-8671-88e157970294/element [465.500976ms] OK body={"strategy":"-android uiautomator","selector":"new UiSelector().resourceIdMatches(\".*login-password...
13:09:45.415943 POST /session/ece7b49b-6872-48c4-8671-88e157970294/element [33.76088ms] OK body={"strategy":"-android uiautomator","selector":"new UiSelector().resourceIdMatches(\".*login-password...
13:09:45.437973 GET /session/ece7b49b-6872-48c4-8671-88e157970294/element/00000000-0000-0007-ffff-ffff00000054/text [21.957689ms] OK body=
13:09:45.457938 GET /session/ece7b49b-6872-48c4-8671-88e157970294/element/00000000-0000-0007-ffff-ffff00000054/rect [19.903482ms] OK body=
13:09:45.504740 POST /session/ece7b49b-6872-48c4-8671-88e157970294/element/00000000-0000-0007-ffff-ffff00000054/click [46.723454ms] OK body=
13:09:46.089288 POST /session/ece7b49b-6872-48c4-8671-88e157970294/actions [584.134122ms] OK body={"actions":[{"actions":[{"type":"keyDown","value":"P"},{"type":"keyUp","value":"P"},{"type":"keyDown...
13:09:46.101776 POST /session/ece7b49b-6872-48c4-8671-88e157970294/appium/device/hide_keyboard [12.382681ms] ERR:404 body=
13:09:46.627818 POST /session/ece7b49b-6872-48c4-8671-88e157970294/element [525.631453ms] OK body={"strategy":"-android uiautomator","selector":"new UiSelector().resourceIdMatches(\".*login-submit-b...
13:09:46.646184 GET /session/ece7b49b-6872-48c4-8671-88e157970294/element/00000000-0000-0007-ffff-ffff00000065/text [18.273276ms] OK body=
13:09:46.663132 GET /session/ece7b49b-6872-48c4-8671-88e157970294/element/00000000-0000-0007-ffff-ffff00000065/rect [16.897391ms] OK body=
13:09:46.700793 POST /session/ece7b49b-6872-48c4-8671-88e157970294/element/00000000-0000-0007-ffff-ffff00000065/click [37.59103ms] OK body=
13:09:46.753686 POST /session/ece7b49b-6872-48c4-8671-88e157970294/element [52.816464ms] OK body={"strategy":"-android uiautomator","selector":"new UiSelector().resourceIdMatches(\".*login-submit-b...
13:09:47.380788 GET /session/ece7b49b-6872-48c4-8671-88e157970294/element/00000000-0000-0007-ffff-ffff00000065/text [627.031285ms] OK body=
13:09:47.399040 GET /session/ece7b49b-6872-48c4-8671-88e157970294/element/00000000-0000-0007-ffff-ffff00000065/rect [18.166234ms] OK body=
13:09:47.441283 POST /session/ece7b49b-6872-48c4-8671-88e157970294/element/00000000-0000-0007-ffff-ffff00000065/click [42.168749ms] OK body=
13:09:47.464439 POST /session/ece7b49b-6872-48c4-8671-88e157970294/element [22.788225ms] ERR:404 body={"strategy":"-android uiautomator","selector":"new UiSelector().resourceIdMatches(\".*COMMUNITY.*\")...
13:09:48.180775 POST /session/ece7b49b-6872-48c4-8671-88e157970294/element [716.192231ms] ERR:404 body={"strategy":"-android uiautomator","selector":"new UiSelector().resourceIdMatches(\".*COMMUNITY.*\")...
13:09:48.197470 POST /session/ece7b49b-6872-48c4-8671-88e157970294/element [16.516134ms] ERR:404 body={"strategy":"-android uiautomator","selector":"new UiSelector().resourceIdMatches(\".*COMMUNITY.*\")...
13:09:48.214275 POST /session/ece7b49b-6872-48c4-8671-88e157970294/element [16.720505ms] ERR:404 body={"strategy":"-android uiautomator","selector":"new UiSelector().resourceIdMatches(\".*COMMUNITY.*\")...
13:09:48.232450 POST /session/ece7b49b-6872-48c4-8671-88e157970294/element [18.030009ms] ERR:404 body={"strategy":"-android uiautomator","selector":"new UiSelector().resourceIdMatches(\".*COMMUNITY.*\")...
13:09:48.248121 POST /session/ece7b49b-6872-48c4-8671-88e157970294/element [15.553707ms] ERR:404 body={"strategy":"-android uiautomator","selector":"new UiSelector().resourceIdMatches(\".*COMMUNITY.*\")...
13:09:48.263858 POST /session/ece7b49b-6872-48c4-8671-88e157970294/element [15.576612ms] ERR:404 body={"strategy":"-android uiautomator","selector":"new UiSelector().resourceIdMatches(\".*COMMUNITY.*\")...
13:09:48.278907 POST /session/ece7b49b-6872-48c4-8671-88e157970294/element [14.642619ms] ERR:404 body={"strategy":"-android uiautomator","selector":"new UiSelector().resourceIdMatches(\".*COMMUNITY.*\")...
13:09:48.295420 POST /session/ece7b49b-6872-48c4-8671-88e157970294/element [16.351859ms] ERR:404 body={"strategy":"-android uiautomator","selector":"new UiSelector().resourceIdMatches(\".*COMMUNITY.*\")...
13:09:48.311638 POST /session/ece7b49b-6872-48c4-8671-88e157970294/element [16.081767ms] ERR:404 body={"strategy":"-android uiautomator","selector":"new UiSelector().resourceIdMatches(\".*COMMUNITY.*\")...
13:09:48.327567 POST /session/ece7b49b-6872-48c4-8671-88e157970294/element [15.681217ms] ERR:404 body={"strategy":"-android uiautomator","selector":"new UiSelector().resourceIdMatches(\".*COMMUNITY.*\")...
13:09:48.344958 POST /session/ece7b49b-6872-48c4-8671-88e157970294/element [17.234785ms] ERR:404 body={"strategy":"-android uiautomator","selector":"new UiSelector().resourceIdMatches(\".*COMMUNITY.*\")...
13:09:48.363151 POST /session/ece7b49b-6872-48c4-8671-88e157970294/element [18.0853ms] ERR:404 body={"strategy":"-android uiautomator","selector":"new UiSelector().resourceIdMatches(\".*COMMUNITY.*\")...
13:09:48.378769 POST /session/ece7b49b-6872-48c4-8671-88e157970294/element [15.528534ms] ERR:404 body={"strategy":"-android uiautomator","selector":"new UiSelector().resourceIdMatches(\".*COMMUNITY.*\")...
13:09:48.394563 POST /session/ece7b49b-6872-48c4-8671-88e157970294/element [15.707787ms] ERR:404 body={"strategy":"-android uiautomator","selector":"new UiSelector().resourceIdMatches(\".*COMMUNITY.*\")...
13:09:48.410488 POST /session/ece7b49b-6872-48c4-8671-88e157970294/element [15.806178ms] ERR:404 body={"strategy":"-android uiautomator","selector":"new UiSelector().resourceIdMatches(\".*COMMUNITY.*\")...
13:09:48.430570 POST /session/ece7b49b-6872-48c4-8671-88e157970294/element [19.9603ms] ERR:404 body={"strategy":"-android uiautomator","selector":"new UiSelector().resourceIdMatches(\".*COMMUNITY.*\")...
13:09:48.447430 POST /session/ece7b49b-6872-48c4-8671-88e157970294/element [16.753262ms] ERR:404 body={"strategy":"-android uiautomator","selector":"new UiSelector().resourceIdMatches(\".*COMMUNITY.*\")...
13:09:48.462396 POST /session/ece7b49b-6872-48c4-8671-88e157970294/element [14.872656ms] ERR:404 body={"strategy":"-android uiautomator","selector":"new UiSelector().resourceIdMatches(\".*COMMUNITY.*\")...
13:09:48.480203 POST /session/ece7b49b-6872-48c4-8671-88e157970294/element [17.681137ms] ERR:404 body={"strategy":"-android uiautomator","selector":"new UiSelector().resourceIdMatches(\".*COMMUNITY.*\")...
13:09:48.498606 POST /session/ece7b49b-6872-48c4-8671-88e157970294/element [18.312638ms] ERR:404 body={"strategy":"-android uiautomator","selector":"new UiSelector().resourceIdMatches(\".*COMMUNITY.*\")...
13:09:48.515054 POST /session/ece7b49b-6872-48c4-8671-88e157970294/element [16.369224ms] ERR:404 body={"strategy":"-android uiautomator","selector":"new UiSelector().resourceIdMatches(\".*COMMUNITY.*\")...
13:09:48.531234 POST /session/ece7b49b-6872-48c4-8671-88e157970294/element [16.070726ms] ERR:404 body={"strategy":"-android uiautomator","selector":"new UiSelector().resourceIdMatches(\".*COMMUNITY.*\")...
13:09:48.551638 POST /session/ece7b49b-6872-48c4-8671-88e157970294/element [20.316196ms] ERR:404 body={"strategy":"-android uiautomator","selector":"new UiSelector().resourceIdMatches(\".*COMMUNITY.*\")...
13:09:48.567332 POST /session/ece7b49b-6872-48c4-8671-88e157970294/element [15.59155ms] ERR:404 body={"strategy":"-android uiautomator","selector":"new UiSelector().resourceIdMatches(\".*COMMUNITY.*\")...
13:09:48.583707 POST /session/ece7b49b-6872-48c4-8671-88e157970294/element [16.287418ms] ERR:404 body={"strategy":"-android uiautomator","selector":"new UiSelector().resourceIdMatches(\".*COMMUNITY.*\")...
13:09:48.599202 POST /session/ece7b49b-6872-48c4-8671-88e157970294/element [15.397139ms] ERR:404 body={"strategy":"-android uiautomator","selector":"new UiSelector().resourceIdMatches(\".*COMMUNITY.*\")...
13:09:48.616821 POST /session/ece7b49b-6872-48c4-8671-88e157970294/element [17.507339ms] ERR:404 body={"strategy":"-android uiautomator","selector":"new UiSelector().resourceIdMatches(\".*COMMUNITY.*\")...
13:09:48.635795 POST /session/ece7b49b-6872-48c4-8671-88e157970294/element [18.849875ms] ERR:404 body={"strategy":"-android uiautomator","selector":"new UiSelector().resourceIdMatches(\".*COMMUNITY.*\")...
13:09:48.654911 POST /session/ece7b49b-6872-48c4-8671-88e157970294/element [18.942856ms] ERR:404 body={"strategy":"-android uiautomator","selector":"new UiSelector().resourceIdMatches(\".*COMMUNITY.*\")...
13:09:48.672578 POST /session/ece7b49b-6872-48c4-8671-88e157970294/element [17.557899ms] ERR:404 body={"strategy":"-android uiautomator","selector":"new UiSelector().resourceIdMatches(\".*COMMUNITY.*\")...
13:09:48.689380 POST /session/ece7b49b-6872-48c4-8671-88e157970294/element [16.68779ms] ERR:404 body={"strategy":"-android uiautomator","selector":"new UiSelector().resourceIdMatches(\".*COMMUNITY.*\")...
13:09:48.705945 POST /session/ece7b49b-6872-48c4-8671-88e157970294/element [16.451658ms] ERR:404 body={"strategy":"-android uiautomator","selector":"new UiSelector().resourceIdMatches(\".*COMMUNITY.*\")...
13:09:48.720247 POST /session/ece7b49b-6872-48c4-8671-88e157970294/element [14.146589ms] ERR:404 body={"strategy":"-android uiautomator","selector":"new UiSelector().resourceIdMatches(\".*COMMUNITY.*\")...
13:09:48.741255 POST /session/ece7b49b-6872-48c4-8671-88e157970294/element [20.848875ms] ERR:404 body={"strategy":"-android uiautomator","selector":"new UiSelector().resourceIdMatches(\".*COMMUNITY.*\")...
13:09:48.757889 POST /session/ece7b49b-6872-48c4-8671-88e157970294/element [16.490761ms] ERR:404 body={"strategy":"-android uiautomator","selector":"new UiSelector().resourceIdMatches(\".*COMMUNITY.*\")...
13:09:48.772564 POST /session/ece7b49b-6872-48c4-8671-88e157970294/element [14.542058ms] ERR:404 body={"strategy":"-android uiautomator","selector":"new UiSelector().resourceIdMatches(\".*COMMUNITY.*\")...
13:09:48.787687 POST /session/ece7b49b-6872-48c4-8671-88e157970294/element [15.018438ms] ERR:404 body={"strategy":"-android uiautomator","selector":"new UiSelector().resourceIdMatches(\".*COMMUNITY.*\")...
13:09:48.802808 POST /session/ece7b49b-6872-48c4-8671-88e157970294/element [15.015127ms] ERR:404 body={"strategy":"-android uiautomator","selector":"new UiSelector().resourceIdMatches(\".*COMMUNITY.*\")...
13:09:48.820484 POST /session/ece7b49b-6872-48c4-8671-88e157970294/element [17.569247ms] ERR:404 body={"strategy":"-android uiautomator","selector":"new UiSelector().resourceIdMatches(\".*COMMUNITY.*\")...
13:09:48.838411 POST /session/ece7b49b-6872-48c4-8671-88e157970294/element [17.80591ms] ERR:404 body={"strategy":"-android uiautomator","selector":"new UiSelector().resourceIdMatches(\".*COMMUNITY.*\")...
13:09:48.858001 POST /session/ece7b49b-6872-48c4-8671-88e157970294/element [19.471441ms] ERR:404 body={"strategy":"-android uiautomator","selector":"new UiSelector().resourceIdMatches(\".*COMMUNITY.*\")...
13:09:48.877989 POST /session/ece7b49b-6872-48c4-8671-88e157970294/element [19.843237ms] ERR:404 body={"strategy":"-android uiautomator","selector":"new UiSelector().resourceIdMatches(\".*COMMUNITY.*\")...
13:09:48.893869 POST /session/ece7b49b-6872-48c4-8671-88e157970294/element [15.701716ms] ERR:404 body={"strategy":"-android uiautomator","selector":"new UiSelector().resourceIdMatches(\".*COMMUNITY.*\")...
13:09:48.913172 POST /session/ece7b49b-6872-48c4-8671-88e157970294/element [19.171608ms] ERR:404 body={"strategy":"-android uiautomator","selector":"new UiSelector().resourceIdMatches(\".*COMMUNITY.*\")...
13:09:48.932551 POST /session/ece7b49b-6872-48c4-8671-88e157970294/element [19.254165ms] ERR:404 body={"strategy":"-android uiautomator","selector":"new UiSelector().resourceIdMatches(\".*COMMUNITY.*\")...
13:09:48.947570 POST /session/ece7b49b-6872-48c4-8671-88e157970294/element [14.91757ms] ERR:404 body={"strategy":"-android uiautomator","selector":"new UiSelector().resourceIdMatches(\".*COMMUNITY.*\")...
13:09:48.965661 POST /session/ece7b49b-6872-48c4-8671-88e157970294/element [17.96603ms] ERR:404 body={"strategy":"-android uiautomator","selector":"new UiSelector().resourceIdMatches(\".*COMMUNITY.*\")...
13:09:48.981435 POST /session/ece7b49b-6872-48c4-8671-88e157970294/element [15.649428ms] ERR:404 body={"strategy":"-android uiautomator","selector":"new UiSelector().resourceIdMatches(\".*COMMUNITY.*\")...
13:09:48.998331 POST /session/ece7b49b-6872-48c4-8671-88e157970294/element [16.76293ms] ERR:404 body={"strategy":"-android uiautomator","selector":"new UiSelector().resourceIdMatches(\".*COMMUNITY.*\")...
13:09:49.029132 POST /session/ece7b49b-6872-48c4-8671-88e157970294/element [30.660934ms] ERR:404 body={"strategy":"-android uiautomator","selector":"new UiSelector().resourceIdMatches(\".*COMMUNITY.*\")...
13:09:49.047366 POST /session/ece7b49b-6872-48c4-8671-88e157970294/element [18.117996ms] ERR:404 body={"strategy":"-android uiautomator","selector":"new UiSelector().resourceIdMatches(\".*COMMUNITY.*\")...
13:09:49.063159 POST /session/ece7b49b-6872-48c4-8671-88e157970294/element [15.658741ms] ERR:404 body={"strategy":"-android uiautomator","selector":"new UiSelector().resourceIdMatches(\".*COMMUNITY.*\")...
13:09:49.077128 POST /session/ece7b49b-6872-48c4-8671-88e157970294/element [13.819962ms] ERR:404 body={"strategy":"-android uiautomator","selector":"new UiSelector().resourceIdMatches(\".*COMMUNITY.*\")...
13:09:49.091824 POST /session/ece7b49b-6872-48c4-8671-88e157970294/element [14.55306ms] ERR:404 body={"strategy":"-android uiautomator","selector":"new UiSelector().resourceIdMatches(\".*COMMUNITY.*\")...
13:09:49.106547 POST /session/ece7b49b-6872-48c4-8671-88e157970294/element [14.59142ms] ERR:404 body={"strategy":"-android uiautomator","selector":"new UiSelector().resourceIdMatches(\".*COMMUNITY.*\")...
13:09:49.120964 POST /session/ece7b49b-6872-48c4-8671-88e157970294/element [14.327837ms] ERR:404 body={"strategy":"-android uiautomator","selector":"new UiSelector().resourceIdMatches(\".*COMMUNITY.*\")...
13:09:49.135608 POST /session/ece7b49b-6872-48c4-8671-88e157970294/element [14.549585ms] ERR:404 body={"strategy":"-android uiautomator","selector":"new UiSelector().resourceIdMatches(\".*COMMUNITY.*\")...
13:09:49.150555 POST /session/ece7b49b-6872-48c4-8671-88e157970294/element [14.845034ms] ERR:404 body={"strategy":"-android uiautomator","selector":"new UiSelector().resourceIdMatches(\".*COMMUNITY.*\")...
13:09:49.165488 POST /session/ece7b49b-6872-48c4-8671-88e157970294/element [14.816461ms] ERR:404 body={"strategy":"-android uiautomator","selector":"new UiSelector().resourceIdMatches(\".*COMMUNITY.*\")...
13:09:49.179817 POST /session/ece7b49b-6872-48c4-8671-88e157970294/element [14.206999ms] ERR:404 body={"strategy":"-android uiautomator","selector":"new UiSelector().resourceIdMatches(\".*COMMUNITY.*\")...
13:09:49.194373 POST /session/ece7b49b-6872-48c4-8671-88e157970294/element [14.41974ms] ERR:404 body={"strategy":"-android uiautomator","selector":"new UiSelector().resourceIdMatches(\".*COMMUNITY.*\")...
13:09:49.209920 POST /session/ece7b49b-6872-48c4-8671-88e157970294/element [15.446695ms] ERR:404 body={"strategy":"-android uiautomator","selector":"new UiSelector().resourceIdMatches(\".*COMMUNITY.*\")...
13:09:49.227296 POST /session/ece7b49b-6872-48c4-8671-88e157970294/element [17.264869ms] ERR:404 body={"strategy":"-android uiautomator","selector":"new UiSelector().resourceIdMatches(\".*COMMUNITY.*\")...
13:09:49.241789 POST /session/ece7b49b-6872-48c4-8671-88e157970294/element [14.394873ms] ERR:404 body={"strategy":"-android uiautomator","selector":"new UiSelector().resourceIdMatches(\".*COMMUNITY.*\")...
13:09:49.255948 POST /session/ece7b49b-6872-48c4-8671-88e157970294/element [14.030973ms] ERR:404 body={"strategy":"-android uiautomator","selector":"new UiSelector().resourceIdMatches(\".*COMMUNITY.*\")...
13:09:49.269859 POST /session/ece7b49b-6872-48c4-8671-88e157970294/element [13.765126ms] ERR:404 body={"strategy":"-android uiautomator","selector":"new UiSelector().resourceIdMatches(\".*COMMUNITY.*\")...
13:09:49.287865 POST /session/ece7b49b-6872-48c4-8671-88e157970294/element [17.868459ms] ERR:404 body={"strategy":"-android uiautomator","selector":"new UiSelector().resourceIdMatches(\".*COMMUNITY.*\")...
13:09:49.303105 POST /session/ece7b49b-6872-48c4-8671-88e157970294/element [15.123104ms] ERR:404 body={"strategy":"-android uiautomator","selector":"new UiSelector().resourceIdMatches(\".*COMMUNITY.*\")...
13:09:49.317829 POST /session/ece7b49b-6872-48c4-8671-88e157970294/element [14.606046ms] ERR:404 body={"strategy":"-android uiautomator","selector":"new UiSelector().resourceIdMatches(\".*COMMUNITY.*\")...
13:09:49.333792 POST /session/ece7b49b-6872-48c4-8671-88e157970294/element [15.844373ms] ERR:404 body={"strategy":"-android uiautomator","selector":"new UiSelector().resourceIdMatches(\".*COMMUNITY.*\")...
13:09:49.351103 POST /session/ece7b49b-6872-48c4-8671-88e157970294/element [17.181364ms] ERR:404 body={"strategy":"-android uiautomator","selector":"new UiSelector().resourceIdMatches(\".*COMMUNITY.*\")...
13:09:49.365728 POST /session/ece7b49b-6872-48c4-8671-88e157970294/element [14.521519ms] ERR:404 body={"strategy":"-android uiautomator","selector":"new UiSelector().resourceIdMatches(\".*COMMUNITY.*\")...
13:09:49.380937 POST /session/ece7b49b-6872-48c4-8671-88e157970294/element [15.108856ms] ERR:404 body={"strategy":"-android uiautomator","selector":"new UiSelector().resourceIdMatches(\".*COMMUNITY.*\")...
13:09:49.395897 POST /session/ece7b49b-6872-48c4-8671-88e157970294/element [14.860936ms] ERR:404 body={"strategy":"-android uiautomator","selector":"new UiSelector().resourceIdMatches(\".*COMMUNITY.*\")...
13:09:49.411949 POST /session/ece7b49b-6872-48c4-8671-88e157970294/element [15.920283ms] ERR:404 body={"strategy":"-android uiautomator","selector":"new UiSelector().resourceIdMatches(\".*COMMUNITY.*\")...
13:09:49.427988 POST /session/ece7b49b-6872-48c4-8671-88e157970294/element [15.897902ms] ERR:404 body={"strategy":"-android uiautomator","selector":"new UiSelector().resourceIdMatches(\".*COMMUNITY.*\")...
13:09:49.442383 POST /session/ece7b49b-6872-48c4-8671-88e157970294/element [14.298022ms] ERR:404 body={"strategy":"-android uiautomator","selector":"new UiSelector().resourceIdMatches(\".*COMMUNITY.*\")...
13:09:49.461059 POST /session/ece7b49b-6872-48c4-8671-88e157970294/element [18.525405ms] ERR:404 body={"strategy":"-android uiautomator","selector":"new UiSelector().resourceIdMatches(\".*COMMUNITY.*\")...
13:09:49.475580 POST /session/ece7b49b-6872-48c4-8671-88e157970294/element [14.395559ms] ERR:404 body={"strategy":"-android uiautomator","selector":"new UiSelector().resourceIdMatches(\".*COMMUNITY.*\")...
13:09:49.490158 POST /session/ece7b49b-6872-48c4-8671-88e157970294/element [14.433465ms] ERR:404 body={"strategy":"-android uiautomator","selector":"new UiSelector().resourceIdMatches(\".*COMMUNITY.*\")...
13:09:49.504083 POST /session/ece7b49b-6872-48c4-8671-88e157970294/element [13.816774ms] ERR:404 body={"strategy":"-android uiautomator","selector":"new UiSelector().resourceIdMatches(\".*COMMUNITY.*\")...
13:09:49.518577 POST /session/ece7b49b-6872-48c4-8671-88e157970294/element [14.411922ms] ERR:404 body={"strategy":"-android uiautomator","selector":"new UiSelector().resourceIdMatches(\".*COMMUNITY.*\")...
13:09:49.533813 POST /session/ece7b49b-6872-48c4-8671-88e157970294/element [15.159583ms] ERR:404 body={"strategy":"-android uiautomator","selector":"new UiSelector().resourceIdMatches(\".*COMMUNITY.*\")...
13:09:49.547882 POST /session/ece7b49b-6872-48c4-8671-88e157970294/element [13.852868ms] ERR:404 body={"strategy":"-android uiautomator","selector":"new UiSelector().resourceIdMatches(\".*COMMUNITY.*\")...
13:09:49.565596 POST /session/ece7b49b-6872-48c4-8671-88e157970294/element [17.598654ms] ERR:404 body={"strategy":"-android uiautomator","selector":"new UiSelector().resourceIdMatches(\".*COMMUNITY.*\")...
13:09:49.582515 POST /session/ece7b49b-6872-48c4-8671-88e157970294/element [16.8064ms] ERR:404 body={"strategy":"-android uiautomator","selector":"new UiSelector().resourceIdMatches(\".*COMMUNITY.*\")...
13:09:49.597663 POST /session/ece7b49b-6872-48c4-8671-88e157970294/element [15.049566ms] ERR:404 body={"strategy":"-android uiautomator","selector":"new UiSelector().resourceIdMatches(\".*COMMUNITY.*\")...
13:09:49.612088 POST /session/ece7b49b-6872-48c4-8671-88e157970294/element [14.287192ms] ERR:404 body={"strategy":"-android uiautomator","selector":"new UiSelector().resourceIdMatches(\".*COMMUNITY.*\")...
13:09:49.627001 POST /session/ece7b49b-6872-48c4-8671-88e157970294/element [14.837841ms] ERR:404 body={"strategy":"-android uiautomator","selector":"new UiSelector().resourceIdMatches(\".*COMMUNITY.*\")...
13:09:49.640261 POST /session/ece7b49b-6872-48c4-8671-88e157970294/element [13.132583ms] ERR:404 body={"strategy":"-android uiautomator","selector":"new UiSelector().resourceIdMatches(\".*COMMUNITY.*\")...
13:09:49.655455 POST /session/ece7b49b-6872-48c4-8671-88e157970294/element [15.100013ms] ERR:404 body={"strategy":"-android uiautomator","selector":"new UiSelector().resourceIdMatches(\".*COMMUNITY.*\")...
13:09:49.670091 POST /session/ece7b49b-6872-48c4-8671-88e157970294/element [14.549244ms] ERR:404 body={"strategy":"-android uiautomator","selector":"new UiSelector().resourceIdMatches(\".*COMMUNITY.*\")...
13:09:49.684134 POST /session/ece7b49b-6872-48c4-8671-88e157970294/element [13.75663ms] ERR:404 body={"strategy":"-android uiautomator","selector":"new UiSelector().resourceIdMatches(\".*COMMUNITY.*\")...
13:09:49.697141 POST /session/ece7b49b-6872-48c4-8671-88e157970294/element [12.901671ms] ERR:404 body={"strategy":"-android uiautomator","selector":"new UiSelector().resourceIdMatches(\".*COMMUNITY.*\")...
13:09:49.711169 POST /session/ece7b49b-6872-48c4-8671-88e157970294/element [13.925595ms] ERR:404 body={"strategy":"-android uiautomator","selector":"new UiSelector().resourceIdMatches(\".*COMMUNITY.*\")...
13:09:49.725260 POST /session/ece7b49b-6872-48c4-8671-88e157970294/element [13.968917ms] ERR:404 body={"strategy":"-android uiautomator","selector":"new UiSelector().resourceIdMatches(\".*COMMUNITY.*\")...
13:09:49.738952 POST /session/ece7b49b-6872-48c4-8671-88e157970294/element [13.581381ms] ERR:404 body={"strategy":"-android uiautomator","selector":"new UiSelector().resourceIdMatches(\".*COMMUNITY.*\")...
13:09:49.752517 POST /session/ece7b49b-6872-48c4-8671-88e157970294/element [13.445658ms] ERR:404 body={"strategy":"-android uiautomator","selector":"new UiSelector().resourceIdMatches(\".*COMMUNITY.*\")...
13:09:49.767016 POST /session/ece7b49b-6872-48c4-8671-88e157970294/element [14.391045ms] ERR:404 body={"strategy":"-android uiautomator","selector":"new UiSelector().resourceIdMatches(\".*COMMUNITY.*\")...
13:09:49.779934 POST /session/ece7b49b-6872-48c4-8671-88e157970294/element [12.798519ms] ERR:404 body={"strategy":"-android uiautomator","selector":"new UiSelector().resourceIdMatches(\".*COMMUNITY.*\")...
13:09:49.795666 POST /session/ece7b49b-6872-48c4-8671-88e157970294/element [15.62916ms] ERR:404 body={"strategy":"-android uiautomator","selector":"new UiSelector().resourceIdMatches(\".*COMMUNITY.*\")...
13:09:49.809595 POST /session/ece7b49b-6872-48c4-8671-88e157970294/element [13.852298ms] ERR:404 body={"strategy":"-android uiautomator","selector":"new UiSelector().resourceIdMatches(\".*COMMUNITY.*\")...
13:09:49.822488 POST /session/ece7b49b-6872-48c4-8671-88e157970294/element [12.777104ms] ERR:404 body={"strategy":"-android uiautomator","selector":"new UiSelector().resourceIdMatches(\".*COMMUNITY.*\")...
13:09:49.838615 POST /session/ece7b49b-6872-48c4-8671-88e157970294/element [16.016349ms] ERR:404 body={"strategy":"-android uiautomator","selector":"new UiSelector().resourceIdMatches(\".*COMMUNITY.*\")...
13:09:49.851672 POST /session/ece7b49b-6872-48c4-8671-88e157970294/element [12.951822ms] ERR:404 body={"strategy":"-android uiautomator","selector":"new UiSelector().resourceIdMatches(\".*COMMUNITY.*\")...
13:09:49.864726 POST /session/ece7b49b-6872-48c4-8671-88e157970294/element [12.930315ms] ERR:404 body={"strategy":"-android uiautomator","selector":"new UiSelector().resourceIdMatches(\".*COMMUNITY.*\")...
13:09:49.882274 POST /session/ece7b49b-6872-48c4-8671-88e157970294/element [17.442554ms] ERR:404 body={"strategy":"-android uiautomator","selector":"new UiSelector().resourceIdMatches(\".*COMMUNITY.*\")...
13:09:49.897333 POST /session/ece7b49b-6872-48c4-8671-88e157970294/element [14.971257ms] ERR:404 body={"strategy":"-android uiautomator","selector":"new UiSelector().resourceIdMatches(\".*COMMUNITY.*\")...
13:09:49.911712 POST /session/ece7b49b-6872-48c4-8671-88e157970294/element [14.268006ms] ERR:404 body={"strategy":"-android uiautomator","selector":"new UiSelector().resourceIdMatches(\".*COMMUNITY.*\")...
13:09:49.925816 POST /session/ece7b49b-6872-48c4-8671-88e157970294/element [14.031823ms] ERR:404 body={"strategy":"-android uiautomator","selector":"new UiSelector().resourceIdMatches(\".*COMMUNITY.*\")...
13:09:49.939208 POST /session/ece7b49b-6872-48c4-8671-88e157970294/element [13.272767ms] ERR:404 body={"strategy":"-android uiautomator","selector":"new UiSelector().resourceIdMatches(\".*COMMUNITY.*\")...
13:09:49.953586 POST /session/ece7b49b-6872-48c4-8671-88e157970294/element [14.279194ms] ERR:404 body={"strategy":"-android uiautomator","selector":"new UiSelector().resourceIdMatches(\".*COMMUNITY.*\")...
13:09:49.969219 POST /session/ece7b49b-6872-48c4-8671-88e157970294/element [15.523155ms] ERR:404 body={"strategy":"-android uiautomator","selector":"new UiSelector().resourceIdMatches(\".*COMMUNITY.*\")...
13:09:49.984440 POST /session/ece7b49b-6872-48c4-8671-88e157970294/element [15.136396ms] ERR:404 body={"strategy":"-android uiautomator","selector":"new UiSelector().resourceIdMatches(\".*COMMUNITY.*\")...
13:09:49.998392 POST /session/ece7b49b-6872-48c4-8671-88e157970294/element [13.860884ms] ERR:404 body={"strategy":"-android uiautomator","selector":"new UiSelector().resourceIdMatches(\".*COMMUNITY.*\")...
13:09:50.013246 POST /session/ece7b49b-6872-48c4-8671-88e157970294/element [14.75566ms] ERR:404 body={"strategy":"-android uiautomator","selector":"new UiSelector().resourceIdMatches(\".*COMMUNITY.*\")...
13:09:50.028144 POST /session/ece7b49b-6872-48c4-8671-88e157970294/element [14.813686ms] ERR:404 body={"strategy":"-android uiautomator","selector":"new UiSelector().resourceIdMatches(\".*COMMUNITY.*\")...
13:09:50.043114 POST /session/ece7b49b-6872-48c4-8671-88e157970294/element [14.882552ms] ERR:404 body={"strategy":"-android uiautomator","selector":"new UiSelector().resourceIdMatches(\".*COMMUNITY.*\")...
13:09:50.057160 POST /session/ece7b49b-6872-48c4-8671-88e157970294/element [13.955291ms] ERR:404 body={"strategy":"-android uiautomator","selector":"new UiSelector().resourceIdMatches(\".*COMMUNITY.*\")...
13:09:50.071544 POST /session/ece7b49b-6872-48c4-8671-88e157970294/element [14.298883ms] ERR:404 body={"strategy":"-android uiautomator","selector":"new UiSelector().resourceIdMatches(\".*COMMUNITY.*\")...
13:09:50.084627 POST /session/ece7b49b-6872-48c4-8671-88e157970294/element [12.960698ms] ERR:404 body={"strategy":"-android uiautomator","selector":"new UiSelector().resourceIdMatches(\".*COMMUNITY.*\")...
13:09:50.097852 POST /session/ece7b49b-6872-48c4-8671-88e157970294/element [13.13667ms] ERR:404 body={"strategy":"-android uiautomator","selector":"new UiSelector().resourceIdMatches(\".*COMMUNITY.*\")...
13:09:50.117953 POST /session/ece7b49b-6872-48c4-8671-88e157970294/element [19.970049ms] ERR:404 body={"strategy":"-android uiautomator","selector":"new UiSelector().resourceIdMatches(\".*COMMUNITY.*\")...
13:09:50.139822 POST /session/ece7b49b-6872-48c4-8671-88e157970294/element [21.743918ms] ERR:404 body={"strategy":"-android uiautomator","selector":"new UiSelector().resourceIdMatches(\".*COMMUNITY.*\")...
13:09:50.151399 POST /session/ece7b49b-6872-48c4-8671-88e157970294/element [11.440264ms] ERR:404 body={"strategy":"-android uiautomator","selector":"new UiSelector().resourceIdMatches(\".*COMMUNITY.*\")...
13:09:50.163300 POST /session/ece7b49b-6872-48c4-8671-88e157970294/element [11.79946ms] ERR:404 body={"strategy":"-android uiautomator","selector":"new UiSelector().resourceIdMatches(\".*COMMUNITY.*\")...
13:09:50.175061 POST /session/ece7b49b-6872-48c4-8671-88e157970294/element [11.627885ms] ERR:404 body={"strategy":"-android uiautomator","selector":"new UiSelector().resourceIdMatches(\".*COMMUNITY.*\")...
13:09:50.186672 POST /session/ece7b49b-6872-48c4-8671-88e157970294/element [11.5107ms] ERR:404 body={"strategy":"-android uiautomator","selector":"new UiSelector().resourceIdMatches(\".*COMMUNITY.*\")...
13:09:50.804153 POST /session/ece7b49b-6872-48c4-8671-88e157970294/element [617.37556ms] ERR:404 body={"strategy":"-android uiautomator","selector":"new UiSelector().resourceIdMatches(\".*COMMUNITY.*\")...
13:09:50.823021 POST /session/ece7b49b-6872-48c4-8671-88e157970294/element [18.749495ms] ERR:404 body={"strategy":"-android uiautomator","selector":"new UiSelector().resourceIdMatches(\".*COMMUNITY.*\")...
13:09:50.836057 POST /session/ece7b49b-6872-48c4-8671-88e157970294/element [12.896962ms] ERR:404 body={"strategy":"-android uiautomator","selector":"new UiSelector().resourceIdMatches(\".*COMMUNITY.*\")...
13:09:50.849395 POST /session/ece7b49b-6872-48c4-8671-88e157970294/element [13.234956ms] ERR:404 body={"strategy":"-android uiautomator","selector":"new UiSelector().resourceIdMatches(\".*COMMUNITY.*\")...
13:09:50.862945 POST /session/ece7b49b-6872-48c4-8671-88e157970294/element [13.415131ms] ERR:404 body={"strategy":"-android uiautomator","selector":"new UiSelector().resourceIdMatches(\".*COMMUNITY.*\")...
13:09:50.876942 POST /session/ece7b49b-6872-48c4-8671-88e157970294/element [13.865463ms] ERR:404 body={"strategy":"-android uiautomator","selector":"new UiSelector().resourceIdMatches(\".*COMMUNITY.*\")...
13:09:50.889909 POST /session/ece7b49b-6872-48c4-8671-88e157970294/element [12.860694ms] ERR:404 body={"strategy":"-android uiautomator","selector":"new UiSelector().resourceIdMatches(\".*COMMUNITY.*\")...
13:09:50.903516 POST /session/ece7b49b-6872-48c4-8671-88e157970294/element [13.469503ms] ERR:404 body={"strategy":"-android uiautomator","selector":"new UiSelector().resourceIdMatches(\".*COMMUNITY.*\")...
13:09:50.916276 POST /session/ece7b49b-6872-48c4-8671-88e157970294/element [12.651193ms] ERR:404 body={"strategy":"-android uiautomator","selector":"new UiSelector().resourceIdMatches(\".*COMMUNITY.*\")...
13:09:50.929315 POST /session/ece7b49b-6872-48c4-8671-88e157970294/element [12.969999ms] ERR:404 body={"strategy":"-android uiautomator","selector":"new UiSelector().resourceIdMatches(\".*COMMUNITY.*\")...
13:09:50.943658 POST /session/ece7b49b-6872-48c4-8671-88e157970294/element [14.278645ms] ERR:404 body={"strategy":"-android uiautomator","selector":"new UiSelector().resourceIdMatches(\".*COMMUNITY.*\")...
13:09:50.960722 POST /session/ece7b49b-6872-48c4-8671-88e157970294/element [16.93981ms] ERR:404 body={"strategy":"-android uiautomator","selector":"new UiSelector().resourceIdMatches(\".*COMMUNITY.*\")...
13:09:50.973872 POST /session/ece7b49b-6872-48c4-8671-88e157970294/element [13.059155ms] ERR:404 body={"strategy":"-android uiautomator","selector":"new UiSelector().resourceIdMatches(\".*COMMUNITY.*\")...
13:09:50.987257 POST /session/ece7b49b-6872-48c4-8671-88e157970294/element [13.267233ms] ERR:404 body={"strategy":"-android uiautomator","selector":"new UiSelector().resourceIdMatches(\".*COMMUNITY.*\")...
13:09:51.000592 POST /session/ece7b49b-6872-48c4-8671-88e157970294/element [13.220487ms] ERR:404 body={"strategy":"-android uiautomator","selector":"new UiSelector().resourceIdMatches(\".*COMMUNITY.*\")...
13:09:51.014625 POST /session/ece7b49b-6872-48c4-8671-88e157970294/element [13.938358ms] ERR:404 body={"strategy":"-android uiautomator","selector":"new UiSelector().resourceIdMatches(\".*COMMUNITY.*\")...
13:09:51.027551 POST /session/ece7b49b-6872-48c4-8671-88e157970294/element [12.832592ms] ERR:404 body={"strategy":"-android uiautomator","selector":"new UiSelector().resourceIdMatches(\".*COMMUNITY.*\")...
13:09:51.040769 POST /session/ece7b49b-6872-48c4-8671-88e157970294/element [13.125469ms] ERR:404 body={"strategy":"-android uiautomator","selector":"new UiSelector().resourceIdMatches(\".*COMMUNITY.*\")...
13:09:51.056299 POST /session/ece7b49b-6872-48c4-8671-88e157970294/element [15.40478ms] ERR:404 body={"strategy":"-android uiautomator","selector":"new UiSelector().resourceIdMatches(\".*COMMUNITY.*\")...
13:09:51.071038 POST /session/ece7b49b-6872-48c4-8671-88e157970294/element [14.649077ms] ERR:404 body={"strategy":"-android uiautomator","selector":"new UiSelector().resourceIdMatches(\".*COMMUNITY.*\")...
13:09:51.085457 POST /session/ece7b49b-6872-48c4-8671-88e157970294/element [14.282703ms] ERR:404 body={"strategy":"-android uiautomator","selector":"new UiSelector().resourceIdMatches(\".*COMMUNITY.*\")...
13:09:51.099040 POST /session/ece7b49b-6872-48c4-8671-88e157970294/element [13.481374ms] ERR:404 body={"strategy":"-android uiautomator","selector":"new UiSelector().resourceIdMatches(\".*COMMUNITY.*\")...
13:09:51.111962 POST /session/ece7b49b-6872-48c4-8671-88e157970294/element [12.790302ms] ERR:404 body={"strategy":"-android uiautomator","selector":"new UiSelector().resourceIdMatches(\".*COMMUNITY.*\")...
13:09:51.127267 POST /session/ece7b49b-6872-48c4-8671-88e157970294/element [15.200088ms] ERR:404 body={"strategy":"-android uiautomator","selector":"new UiSelector().resourceIdMatches(\".*COMMUNITY.*\")...
13:09:51.141753 POST /session/ece7b49b-6872-48c4-8671-88e157970294/element [14.384332ms] ERR:404 body={"strategy":"-android uiautomator","selector":"new UiSelector().resourceIdMatches(\".*COMMUNITY.*\")...
13:09:51.155150 POST /session/ece7b49b-6872-48c4-8671-88e157970294/element [13.256434ms] ERR:404 body={"strategy":"-android uiautomator","selector":"new UiSelector().resourceIdMatches(\".*COMMUNITY.*\")...
13:09:51.168643 POST /session/ece7b49b-6872-48c4-8671-88e157970294/element [13.355038ms] ERR:404 body={"strategy":"-android uiautomator","selector":"new UiSelector().resourceIdMatches(\".*COMMUNITY.*\")...
13:09:51.183433 POST /session/ece7b49b-6872-48c4-8671-88e157970294/element [14.525808ms] ERR:404 body={"strategy":"-android uiautomator","selector":"new UiSelector().resourceIdMatches(\".*COMMUNITY.*\")...
13:09:51.197426 POST /session/ece7b49b-6872-48c4-8671-88e157970294/element [13.887233ms] ERR:404 body={"strategy":"-android uiautomator","selector":"new UiSelector().resourceIdMatches(\".*COMMUNITY.*\")...
13:09:51.212451 POST /session/ece7b49b-6872-48c4-8671-88e157970294/element [14.909384ms] ERR:404 body={"strategy":"-android uiautomator","selector":"new UiSelector().resourceIdMatches(\".*COMMUNITY.*\")...
13:09:51.227026 POST /session/ece7b49b-6872-48c4-8671-88e157970294/element [14.435297ms] ERR:404 body={"strategy":"-android uiautomator","selector":"new UiSelector().resourceIdMatches(\".*COMMUNITY.*\")...
13:09:51.240712 POST /session/ece7b49b-6872-48c4-8671-88e157970294/element [13.581221ms] ERR:404 body={"strategy":"-android uiautomator","selector":"new UiSelector().resourceIdMatches(\".*COMMUNITY.*\")...
13:09:51.255110 POST /session/ece7b49b-6872-48c4-8671-88e157970294/element [14.288473ms] ERR:404 body={"strategy":"-android uiautomator","selector":"new UiSelector().resourceIdMatches(\".*COMMUNITY.*\")...
13:09:51.267600 POST /session/ece7b49b-6872-48c4-8671-88e157970294/element [12.388381ms] ERR:404 body={"strategy":"-android uiautomator","selector":"new UiSelector().resourceIdMatches(\".*COMMUNITY.*\")...
13:09:51.280329 POST /session/ece7b49b-6872-48c4-8671-88e157970294/element [12.62873ms] ERR:404 body={"strategy":"-android uiautomator","selector":"new UiSelector().resourceIdMatches(\".*COMMUNITY.*\")...
13:09:51.292524 POST /session/ece7b49b-6872-48c4-8671-88e157970294/element [12.09907ms] ERR:404 body={"strategy":"-android uiautomator","selector":"new UiSelector().resourceIdMatches(\".*COMMUNITY.*\")...
13:09:51.306651 POST /session/ece7b49b-6872-48c4-8671-88e157970294/element [14.022669ms] ERR:404 body={"strategy":"-android uiautomator","selector":"new UiSelector().resourceIdMatches(\".*COMMUNITY.*\")...
13:09:51.321873 POST /session/ece7b49b-6872-48c4-8671-88e157970294/element [15.11759ms] ERR:404 body={"strategy":"-android uiautomator","selector":"new UiSelector().resourceIdMatches(\".*COMMUNITY.*\")...
13:09:51.335889 POST /session/ece7b49b-6872-48c4-8671-88e157970294/element [13.873908ms] ERR:404 body={"strategy":"-android uiautomator","selector":"new UiSelector().resourceIdMatches(\".*COMMUNITY.*\")...
13:09:51.350354 POST /session/ece7b49b-6872-48c4-8671-88e157970294/element [14.332105ms] ERR:404 body={"strategy":"-android uiautomator","selector":"new UiSelector().resourceIdMatches(\".*COMMUNITY.*\")...
13:09:51.366822 POST /session/ece7b49b-6872-48c4-8671-88e157970294/element [16.323248ms] ERR:404 body={"strategy":"-android uiautomator","selector":"new UiSelector().resourceIdMatches(\".*COMMUNITY.*\")...
13:09:51.381027 POST /session/ece7b49b-6872-48c4-8671-88e157970294/element [14.081226ms] ERR:404 body={"strategy":"-android uiautomator","selector":"new UiSelector().resourceIdMatches(\".*COMMUNITY.*\")...
13:09:51.395052 POST /session/ece7b49b-6872-48c4-8671-88e157970294/element [13.902594ms] ERR:404 body={"strategy":"-android uiautomator","selector":"new UiSelector().resourceIdMatches(\".*COMMUNITY.*\")...
13:09:51.407954 POST /session/ece7b49b-6872-48c4-8671-88e157970294/element [12.831076ms] ERR:404 body={"strategy":"-android uiautomator","selector":"new UiSelector().resourceIdMatches(\".*COMMUNITY.*\")...
13:09:51.425304 POST /session/ece7b49b-6872-48c4-8671-88e157970294/element [17.247456ms] ERR:404 body={"strategy":"-android uiautomator","selector":"new UiSelector().resourceIdMatches(\".*COMMUNITY.*\")...
13:09:51.439284 POST /session/ece7b49b-6872-48c4-8671-88e157970294/element [13.872686ms] ERR:404 body={"strategy":"-android uiautomator","selector":"new UiSelector().resourceIdMatches(\".*COMMUNITY.*\")...
13:09:51.453529 POST /session/ece7b49b-6872-48c4-8671-88e157970294/element [14.118325ms] ERR:404 body={"strategy":"-android uiautomator","selector":"new UiSelector().resourceIdMatches(\".*COMMUNITY.*\")...
13:09:51.467064 POST /session/ece7b49b-6872-48c4-8671-88e157970294/element [13.43111ms] ERR:404 body={"strategy":"-android uiautomator","selector":"new UiSelector().resourceIdMatches(\".*COMMUNITY.*\")...
13:09:51.482728 POST /session/ece7b49b-6872-48c4-8671-88e157970294/element [15.512832ms] ERR:404 body={"strategy":"-android uiautomator","selector":"new UiSelector().resourceIdMatches(\".*COMMUNITY.*\")...
13:09:51.495972 POST /session/ece7b49b-6872-48c4-8671-88e157970294/element [13.120432ms] ERR:404 body={"strategy":"-android uiautomator","selector":"new UiSelector().resourceIdMatches(\".*COMMUNITY.*\")...
13:09:51.509696 POST /session/ece7b49b-6872-48c4-8671-88e157970294/element [13.61841ms] ERR:404 body={"strategy":"-android uiautomator","selector":"new UiSelector().resourceIdMatches(\".*COMMUNITY.*\")...
13:09:51.522155 POST /session/ece7b49b-6872-48c4-8671-88e157970294/element [12.325413ms] ERR:404 body={"strategy":"-android uiautomator","selector":"new UiSelector().resourceIdMatches(\".*COMMUNITY.*\")...
13:09:51.538540 POST /session/ece7b49b-6872-48c4-8671-88e157970294/element [16.277108ms] ERR:404 body={"strategy":"-android uiautomator","selector":"new UiSelector().resourceIdMatches(\".*COMMUNITY.*\")...
13:09:51.555442 POST /session/ece7b49b-6872-48c4-8671-88e157970294/element [16.782255ms] ERR:404 body={"strategy":"-android uiautomator","selector":"new UiSelector().resourceIdMatches(\".*COMMUNITY.*\")...
13:09:51.569665 POST /session/ece7b49b-6872-48c4-8671-88e157970294/element [14.101093ms] ERR:404 body={"strategy":"-android uiautomator","selector":"new UiSelector().resourceIdMatches(\".*COMMUNITY.*\")...
13:09:51.584391 POST /session/ece7b49b-6872-48c4-8671-88e157970294/element [14.62911ms] ERR:404 body={"strategy":"-android uiautomator","selector":"new UiSelector().resourceIdMatches(\".*COMMUNITY.*\")...
13:09:51.598570 POST /session/ece7b49b-6872-48c4-8671-88e157970294/element [14.069033ms] ERR:404 body={"strategy":"-android uiautomator","selector":"new UiSelector().resourceIdMatches(\".*COMMUNITY.*\")...
13:09:51.612448 POST /session/ece7b49b-6872-48c4-8671-88e157970294/element [13.804959ms] ERR:404 body={"strategy":"-android uiautomator","selector":"new UiSelector().resourceIdMatches(\".*COMMUNITY.*\")...
13:09:51.625461 POST /session/ece7b49b-6872-48c4-8671-88e157970294/element [12.935203ms] ERR:404 body={"strategy":"-android uiautomator","selector":"new UiSelector().resourceIdMatches(\".*COMMUNITY.*\")...
13:09:51.639459 POST /session/ece7b49b-6872-48c4-8671-88e157970294/element [13.921887ms] ERR:404 body={"strategy":"-android uiautomator","selector":"new UiSelector().resourceIdMatches(\".*COMMUNITY.*\")...
13:09:51.652808 POST /session/ece7b49b-6872-48c4-8671-88e157970294/element [13.245763ms] ERR:404 body={"strategy":"-android uiautomator","selector":"new UiSelector().resourceIdMatches(\".*COMMUNITY.*\")...
13:09:51.666385 POST /session/ece7b49b-6872-48c4-8671-88e157970294/element [13.44196ms] ERR:404 body={"strategy":"-android uiautomator","selector":"new UiSelector().resourceIdMatches(\".*COMMUNITY.*\")...
13:09:51.679538 POST /session/ece7b49b-6872-48c4-8671-88e157970294/element [13.046023ms] ERR:404 body={"strategy":"-android uiautomator","selector":"new UiSelector().resourceIdMatches(\".*COMMUNITY.*\")...
13:09:51.695352 POST /session/ece7b49b-6872-48c4-8671-88e157970294/element [15.681805ms] ERR:404 body={"strategy":"-android uiautomator","selector":"new UiSelector().resourceIdMatches(\".*COMMUNITY.*\")...
13:09:51.710860 POST /session/ece7b49b-6872-48c4-8671-88e157970294/element [15.393589ms] ERR:404 body={"strategy":"-android uiautomator","selector":"new UiSelector().resourceIdMatches(\".*COMMUNITY.*\")...
13:09:51.734057 POST /session/ece7b49b-6872-48c4-8671-88e157970294/element [23.075864ms] ERR:404 body={"strategy":"-android uiautomator","selector":"new UiSelector().resourceIdMatches(\".*COMMUNITY.*\")...
13:09:51.750136 POST /session/ece7b49b-6872-48c4-8671-88e157970294/element [15.911315ms] ERR:404 body={"strategy":"-android uiautomator","selector":"new UiSelector().resourceIdMatches(\".*COMMUNITY.*\")...
13:09:51.770790 POST /session/ece7b49b-6872-48c4-8671-88e157970294/element [20.560559ms] ERR:404 body={"strategy":"-android uiautomator","selector":"new UiSelector().resourceIdMatches(\".*COMMUNITY.*\")...
13:09:51.787905 POST /session/ece7b49b-6872-48c4-8671-88e157970294/element [16.990666ms] ERR:404 body={"strategy":"-android uiautomator","selector":"new UiSelector().resourceIdMatches(\".*COMMUNITY.*\")...
13:09:51.805579 POST /session/ece7b49b-6872-48c4-8671-88e157970294/element [17.569545ms] ERR:404 body={"strategy":"-android uiautomator","selector":"new UiSelector().resourceIdMatches(\".*COMMUNITY.*\")...
13:09:51.817004 POST /session/ece7b49b-6872-48c4-8671-88e157970294/element [11.333892ms] ERR:404 body={"strategy":"-android uiautomator","selector":"new UiSelector().resourceIdMatches(\".*COMMUNITY.*\")...
13:09:51.828762 POST /session/ece7b49b-6872-48c4-8671-88e157970294/element [11.656382ms] ERR:404 body={"strategy":"-android uiautomator","selector":"new UiSelector().resourceIdMatches(\".*COMMUNITY.*\")...
13:09:51.839808 POST /session/ece7b49b-6872-48c4-8671-88e157970294/element [10.905558ms] ERR:404 body={"strategy":"-android uiautomator","selector":"new UiSelector().resourceIdMatches(\".*COMMUNITY.*\")...
13:09:51.852905 POST /session/ece7b49b-6872-48c4-8671-88e157970294/element [12.979766ms] ERR:404 body={"strategy":"-android uiautomator","selector":"new UiSelector().resourceIdMatches(\".*COMMUNITY.*\")...
13:09:51.868784 POST /session/ece7b49b-6872-48c4-8671-88e157970294/element [15.722875ms] ERR:404 body={"strategy":"-android uiautomator","selector":"new UiSelector().resourceIdMatches(\".*COMMUNITY.*\")...
13:09:51.879446 POST /session/ece7b49b-6872-48c4-8671-88e157970294/element [10.552128ms] ERR:404 body={"strategy":"-android uiautomator","selector":"new UiSelector().resourceIdMatches(\".*COMMUNITY.*\")...
13:09:51.892037 POST /session/ece7b49b-6872-48c4-8671-88e157970294/element [12.457971ms] ERR:404 body={"strategy":"-android uiautomator","selector":"new UiSelector().resourceIdMatches(\".*COMMUNITY.*\")...
13:09:51.910078 POST /session/ece7b49b-6872-48c4-8671-88e157970294/element [17.942793ms] ERR:404 body={"strategy":"-android uiautomator","selector":"new UiSelector().resourceIdMatches(\".*COMMUNITY.*\")...
13:09:51.921602 POST /session/ece7b49b-6872-48c4-8671-88e157970294/element [11.422327ms] ERR:404 body={"strategy":"-android uiautomator","selector":"new UiSelector().resourceIdMatches(\".*COMMUNITY.*\")...
13:09:51.938158 POST /session/ece7b49b-6872-48c4-8671-88e157970294/element [16.465644ms] ERR:404 body={"strategy":"-android uiautomator","selector":"new UiSelector().resourceIdMatches(\".*COMMUNITY.*\")...
13:09:51.952088 POST /session/ece7b49b-6872-48c4-8671-88e157970294/element [13.845174ms] ERR:404 body={"strategy":"-android uiautomator","selector":"new UiSelector().resourceIdMatches(\".*COMMUNITY.*\")...
13:09:51.964825 POST /session/ece7b49b-6872-48c4-8671-88e157970294/element [12.605506ms] ERR:404 body={"strategy":"-android uiautomator","selector":"new UiSelector().resourceIdMatches(\".*COMMUNITY.*\")...
13:09:51.977899 POST /session/ece7b49b-6872-48c4-8671-88e157970294/element [12.843827ms] ERR:404 body={"strategy":"-android uiautomator","selector":"new UiSelector().resourceIdMatches(\".*COMMUNITY.*\")...
13:09:51.993547 POST /session/ece7b49b-6872-48c4-8671-88e157970294/element [15.522077ms] ERR:404 body={"strategy":"-android uiautomator","selector":"new UiSelector().resourceIdMatches(\".*COMMUNITY.*\")...
13:09:52.006865 POST /session/ece7b49b-6872-48c4-8671-88e157970294/element [13.234756ms] ERR:404 body={"strategy":"-android uiautomator","selector":"new UiSelector().resourceIdMatches(\".*COMMUNITY.*\")...
13:09:52.020117 POST /session/ece7b49b-6872-48c4-8671-88e157970294/element [13.129016ms] ERR:404 body={"strategy":"-android uiautomator","selector":"new UiSelector().resourceIdMatches(\".*COMMUNITY.*\")...
13:09:52.032789 POST /session/ece7b49b-6872-48c4-8671-88e157970294/element [12.577343ms] ERR:404 body={"strategy":"-android uiautomator","selector":"new UiSelector().resourceIdMatches(\".*COMMUNITY.*\")...
13:09:52.045126 POST /session/ece7b49b-6872-48c4-8671-88e157970294/element [12.212503ms] ERR:404 body={"strategy":"-android uiautomator","selector":"new UiSelector().resourceIdMatches(\".*COMMUNITY.*\")...
13:09:52.057690 POST /session/ece7b49b-6872-48c4-8671-88e157970294/element [12.443103ms] ERR:404 body={"strategy":"-android uiautomator","selector":"new UiSelector().resourceIdMatches(\".*COMMUNITY.*\")...
13:09:52.079247 POST /session/ece7b49b-6872-48c4-8671-88e157970294/element [21.47043ms] ERR:404 body={"strategy":"-android uiautomator","selector":"new UiSelector().resourceIdMatches(\".*COMMUNITY.*\")...
13:09:52.092633 POST /session/ece7b49b-6872-48c4-8671-88e157970294/element [13.255983ms] ERR:404 body={"strategy":"-android uiautomator","selector":"new UiSelector().resourceIdMatches(\".*COMMUNITY.*\")...
13:09:52.105127 POST /session/ece7b49b-6872-48c4-8671-88e157970294/element [12.339019ms] ERR:404 body={"strategy":"-android uiautomator","selector":"new UiSelector().resourceIdMatches(\".*COMMUNITY.*\")...
13:09:52.117760 POST /session/ece7b49b-6872-48c4-8671-88e157970294/element [12.546634ms] ERR:404 body={"strategy":"-android uiautomator","selector":"new UiSelector().resourceIdMatches(\".*COMMUNITY.*\")...
13:09:52.131186 POST /session/ece7b49b-6872-48c4-8671-88e157970294/element [13.283362ms] ERR:404 body={"strategy":"-android uiautomator","selector":"new UiSelector().resourceIdMatches(\".*COMMUNITY.*\")...
13:09:52.142228 POST /session/ece7b49b-6872-48c4-8671-88e157970294/element [10.951346ms] ERR:404 body={"strategy":"-android uiautomator","selector":"new UiSelector().resourceIdMatches(\".*COMMUNITY.*\")...
13:09:52.153439 POST /session/ece7b49b-6872-48c4-8671-88e157970294/element [11.102036ms] ERR:404 body={"strategy":"-android uiautomator","selector":"new UiSelector().resourceIdMatches(\".*COMMUNITY.*\")...
13:09:52.165012 POST /session/ece7b49b-6872-48c4-8671-88e157970294/element [11.471377ms] ERR:404 body={"strategy":"-android uiautomator","selector":"new UiSelector().resourceIdMatches(\".*COMMUNITY.*\")...
13:09:52.175796 POST /session/ece7b49b-6872-48c4-8671-88e157970294/element [10.716595ms] ERR:404 body={"strategy":"-android uiautomator","selector":"new UiSelector().resourceIdMatches(\".*COMMUNITY.*\")...
13:09:52.188114 POST /session/ece7b49b-6872-48c4-8671-88e157970294/element [12.232062ms] ERR:404 body={"strategy":"-android uiautomator","selector":"new UiSelector().resourceIdMatches(\".*COMMUNITY.*\")...
13:09:52.200878 POST /session/ece7b49b-6872-48c4-8671-88e157970294/element [12.593073ms] ERR:404 body={"strategy":"-android uiautomator","selector":"new UiSelector().resourceIdMatches(\".*COMMUNITY.*\")...
13:09:52.213704 POST /session/ece7b49b-6872-48c4-8671-88e157970294/element [12.706613ms] ERR:404 body={"strategy":"-android uiautomator","selector":"new UiSelector().resourceIdMatches(\".*COMMUNITY.*\")...
13:09:52.226670 POST /session/ece7b49b-6872-48c4-8671-88e157970294/element [12.834776ms] ERR:404 body={"strategy":"-android uiautomator","selector":"new UiSelector().resourceIdMatches(\".*COMMUNITY.*\")...
13:09:52.239415 POST /session/ece7b49b-6872-48c4-8671-88e157970294/element [12.629812ms] ERR:404 body={"strategy":"-android uiautomator","selector":"new UiSelector().resourceIdMatches(\".*COMMUNITY.*\")...
13:09:52.252329 POST /session/ece7b49b-6872-48c4-8671-88e157970294/element [12.803176ms] ERR:404 body={"strategy":"-android uiautomator","selector":"new UiSelector().resourceIdMatches(\".*COMMUNITY.*\")...
13:09:52.265488 POST /session/ece7b49b-6872-48c4-8671-88e157970294/element [13.06829ms] ERR:404 body={"strategy":"-android uiautomator","selector":"new UiSelector().resourceIdMatches(\".*COMMUNITY.*\")...
13:09:52.278530 POST /session/ece7b49b-6872-48c4-8671-88e157970294/element [12.917901ms] ERR:404 body={"strategy":"-android uiautomator","selector":"new UiSelector().resourceIdMatches(\".*COMMUNITY.*\")...
13:09:52.291563 POST /session/ece7b49b-6872-48c4-8671-88e157970294/element [12.959669ms] ERR:404 body={"strategy":"-android uiautomator","selector":"new UiSelector().resourceIdMatches(\".*COMMUNITY.*\")...
13:09:52.305844 POST /session/ece7b49b-6872-48c4-8671-88e157970294/element [14.172406ms] ERR:404 body={"strategy":"-android uiautomator","selector":"new UiSelector().resourceIdMatches(\".*COMMUNITY.*\")...
13:09:52.318582 POST /session/ece7b49b-6872-48c4-8671-88e157970294/element [12.627388ms] ERR:404 body={"strategy":"-android uiautomator","selector":"new UiSelector().resourceIdMatches(\".*COMMUNITY.*\")...
13:09:52.334734 POST /session/ece7b49b-6872-48c4-8671-88e157970294/element [16.052341ms] ERR:404 body={"strategy":"-android uiautomator","selector":"new UiSelector().resourceIdMatches(\".*COMMUNITY.*\")...
13:09:52.351210 POST /session/ece7b49b-6872-48c4-8671-88e157970294/element [16.380184ms] ERR:404 body={"strategy":"-android uiautomator","selector":"new UiSelector().resourceIdMatches(\".*COMMUNITY.*\")...
13:09:52.362571 POST /session/ece7b49b-6872-48c4-8671-88e157970294/element [11.262596ms] ERR:404 body={"strategy":"-android uiautomator","selector":"new UiSelector().resourceIdMatches(\".*COMMUNITY.*\")...
13:09:52.373833 POST /session/ece7b49b-6872-48c4-8671-88e157970294/element [11.136833ms] ERR:404 body={"strategy":"-android uiautomator","selector":"new UiSelector().resourceIdMatches(\".*COMMUNITY.*\")...
13:09:52.387097 POST /session/ece7b49b-6872-48c4-8671-88e157970294/element [13.138351ms] ERR:404 body={"strategy":"-android uiautomator","selector":"new UiSelector().resourceIdMatches(\".*COMMUNITY.*\")...
13:09:52.398169 POST /session/ece7b49b-6872-48c4-8671-88e157970294/element [10.932889ms] ERR:404 body={"strategy":"-android uiautomator","selector":"new UiSelector().resourceIdMatches(\".*COMMUNITY.*\")...
13:09:52.409229 POST /session/ece7b49b-6872-48c4-8671-88e157970294/element [10.955502ms] ERR:404 body={"strategy":"-android uiautomator","selector":"new UiSelector().resourceIdMatches(\".*COMMUNITY.*\")...
13:09:52.420170 POST /session/ece7b49b-6872-48c4-8671-88e157970294/element [10.837822ms] ERR:404 body={"strategy":"-android uiautomator","selector":"new UiSelector().resourceIdMatches(\".*COMMUNITY.*\")...
13:09:52.440712 POST /session/ece7b49b-6872-48c4-8671-88e157970294/element [20.366406ms] ERR:404 body={"strategy":"-android uiautomator","selector":"new UiSelector().resourceIdMatches(\".*COMMUNITY.*\")...
13:09:52.457427 POST /session/ece7b49b-6872-48c4-8671-88e157970294/element [16.59733ms] ERR:404 body={"strategy":"-android uiautomator","selector":"new UiSelector().resourceIdMatches(\".*COMMUNITY.*\")...
13:09:52.469396 POST /session/ece7b49b-6872-48c4-8671-88e157970294/element [11.878217ms] ERR:404 body={"strategy":"-android uiautomator","selector":"new UiSelector().resourceIdMatches(\".*COMMUNITY.*\")...
13:09:52.481126 POST /session/ece7b49b-6872-48c4-8671-88e157970294/element [11.623992ms] ERR:404 body={"strategy":"-android uiautomator","selector":"new UiSelector().resourceIdMatches(\".*COMMUNITY.*\")...
13:09:52.491769 POST /session/ece7b49b-6872-48c4-8671-88e157970294/element [10.551469ms] ERR:404 body={"strategy":"-android uiautomator","selector":"new UiSelector().resourceIdMatches(\".*COMMUNITY.*\")...
13:09:52.504471 POST /session/ece7b49b-6872-48c4-8671-88e157970294/element [12.637988ms] ERR:404 body={"strategy":"-android uiautomator","selector":"new UiSelector().resourceIdMatches(\".*COMMUNITY.*\")...
13:09:52.518001 POST /session/ece7b49b-6872-48c4-8671-88e157970294/element [13.425409ms] ERR:404 body={"strategy":"-android uiautomator","selector":"new UiSelector().resourceIdMatches(\".*COMMUNITY.*\")...
13:09:52.530538 POST /session/ece7b49b-6872-48c4-8671-88e157970294/element [12.477557ms] ERR:404 body={"strategy":"-android uiautomator","selector":"new UiSelector().resourceIdMatches(\".*COMMUNITY.*\")...
13:09:52.541538 POST /session/ece7b49b-6872-48c4-8671-88e157970294/element [10.943449ms] ERR:404 body={"strategy":"-android uiautomator","selector":"new UiSelector().resourceIdMatches(\".*COMMUNITY.*\")...
13:09:52.552348 POST /session/ece7b49b-6872-48c4-8671-88e157970294/element [10.714812ms] ERR:404 body={"strategy":"-android uiautomator","selector":"new UiSelector().resourceIdMatches(\".*COMMUNITY.*\")...
13:09:52.565153 POST /session/ece7b49b-6872-48c4-8671-88e157970294/element [12.742072ms] ERR:404 body={"strategy":"-android uiautomator","selector":"new UiSelector().resourceIdMatches(\".*COMMUNITY.*\")...
13:09:52.576483 POST /session/ece7b49b-6872-48c4-8671-88e157970294/element [11.239764ms] ERR:404 body={"strategy":"-android uiautomator","selector":"new UiSelector().resourceIdMatches(\".*COMMUNITY.*\")...
13:09:52.588647 POST /session/ece7b49b-6872-48c4-8671-88e157970294/element [12.085431ms] ERR:404 body={"strategy":"-android uiautomator","selector":"new UiSelector().resourceIdMatches(\".*COMMUNITY.*\")...
13:09:52.600220 POST /session/ece7b49b-6872-48c4-8671-88e157970294/element [11.506395ms] ERR:404 body={"strategy":"-android uiautomator","selector":"new UiSelector().resourceIdMatches(\".*COMMUNITY.*\")...
13:09:52.611608 POST /session/ece7b49b-6872-48c4-8671-88e157970294/element [11.275157ms] ERR:404 body={"strategy":"-android uiautomator","selector":"new UiSelector().resourceIdMatches(\".*COMMUNITY.*\")...
13:09:52.623171 POST /session/ece7b49b-6872-48c4-8671-88e157970294/element [11.448053ms] ERR:404 body={"strategy":"-android uiautomator","selector":"new UiSelector().resourceIdMatches(\".*COMMUNITY.*\")...
13:09:52.635953 POST /session/ece7b49b-6872-48c4-8671-88e157970294/element [12.703891ms] ERR:404 body={"strategy":"-android uiautomator","selector":"new UiSelector().resourceIdMatches(\".*COMMUNITY.*\")...
13:09:52.647863 POST /session/ece7b49b-6872-48c4-8671-88e157970294/element [11.788863ms] ERR:404 body={"strategy":"-android uiautomator","selector":"new UiSelector().resourceIdMatches(\".*COMMUNITY.*\")...
13:09:52.658754 POST /session/ece7b49b-6872-48c4-8671-88e157970294/element [10.780672ms] ERR:404 body={"strategy":"-android uiautomator","selector":"new UiSelector().resourceIdMatches(\".*COMMUNITY.*\")...
13:09:52.669554 POST /session/ece7b49b-6872-48c4-8671-88e157970294/element [10.671841ms] ERR:404 body={"strategy":"-android uiautomator","selector":"new UiSelector().resourceIdMatches(\".*COMMUNITY.*\")...
13:09:52.681157 POST /session/ece7b49b-6872-48c4-8671-88e157970294/element [11.474442ms] ERR:404 body={"strategy":"-android uiautomator","selector":"new UiSelector().resourceIdMatches(\".*COMMUNITY.*\")...
13:09:52.694024 POST /session/ece7b49b-6872-48c4-8671-88e157970294/element [12.719713ms] ERR:404 body={"strategy":"-android uiautomator","selector":"new UiSelector().resourceIdMatches(\".*COMMUNITY.*\")...
13:09:52.706262 POST /session/ece7b49b-6872-48c4-8671-88e157970294/element [12.166215ms] ERR:404 body={"strategy":"-android uiautomator","selector":"new UiSelector().resourceIdMatches(\".*COMMUNITY.*\")...
13:09:52.719365 POST /session/ece7b49b-6872-48c4-8671-88e157970294/element [13.046532ms] ERR:404 body={"strategy":"-android uiautomator","selector":"new UiSelector().resourceIdMatches(\".*COMMUNITY.*\")...
13:09:52.730698 POST /session/ece7b49b-6872-48c4-8671-88e157970294/element [11.224602ms] ERR:404 body={"strategy":"-android uiautomator","selector":"new UiSelector().resourceIdMatches(\".*COMMUNITY.*\")...
13:09:52.741705 POST /session/ece7b49b-6872-48c4-8671-88e157970294/element [10.865356ms] ERR:404 body={"strategy":"-android uiautomator","selector":"new UiSelector().resourceIdMatches(\".*COMMUNITY.*\")...
13:09:52.753160 POST /session/ece7b49b-6872-48c4-8671-88e157970294/element [11.365786ms] ERR:404 body={"strategy":"-android uiautomator","selector":"new UiSelector().resourceIdMatches(\".*COMMUNITY.*\")...
13:09:52.764909 POST /session/ece7b49b-6872-48c4-8671-88e157970294/element [11.551676ms] ERR:404 body={"strategy":"-android uiautomator","selector":"new UiSelector().resourceIdMatches(\".*COMMUNITY.*\")...
13:09:52.776671 POST /session/ece7b49b-6872-48c4-8671-88e157970294/element [11.678392ms] ERR:404 body={"strategy":"-android uiautomator","selector":"new UiSelector().resourceIdMatches(\".*COMMUNITY.*\")...
13:09:52.788878 POST /session/ece7b49b-6872-48c4-8671-88e157970294/element [12.095273ms] ERR:404 body={"strategy":"-android uiautomator","selector":"new UiSelector().resourceIdMatches(\".*COMMUNITY.*\")...
13:09:52.800091 POST /session/ece7b49b-6872-48c4-8671-88e157970294/element [11.098299ms] ERR:404 body={"strategy":"-android uiautomator","selector":"new UiSelector().resourceIdMatches(\".*COMMUNITY.*\")...
13:09:52.810922 POST /session/ece7b49b-6872-48c4-8671-88e157970294/element [10.72422ms] ERR:404 body={"strategy":"-android uiautomator","selector":"new UiSelector().resourceIdMatches(\".*COMMUNITY.*\")...
13:09:52.822500 POST /session/ece7b49b-6872-48c4-8671-88e157970294/element [11.481635ms] ERR:404 body={"strategy":"-android uiautomator","selector":"new UiSelector().resourceIdMatches(\".*COMMUNITY.*\")...
13:09:52.833948 POST /session/ece7b49b-6872-48c4-8671-88e157970294/element [11.268147ms] ERR:404 body={"strategy":"-android uiautomator","selector":"new UiSelector().resourceIdMatches(\".*COMMUNITY.*\")...
13:09:52.845668 POST /session/ece7b49b-6872-48c4-8671-88e157970294/element [11.620273ms] ERR:404 body={"strategy":"-android uiautomator","selector":"new UiSelector().resourceIdMatches(\".*COMMUNITY.*\")...
13:09:52.856993 POST /session/ece7b49b-6872-48c4-8671-88e157970294/element [11.23161ms] ERR:404 body={"strategy":"-android uiautomator","selector":"new UiSelector().resourceIdMatches(\".*COMMUNITY.*\")...
13:09:52.868528 POST /session/ece7b49b-6872-48c4-8671-88e157970294/element [11.436523ms] ERR:404 body={"strategy":"-android uiautomator","selector":"new UiSelector().resourceIdMatches(\".*COMMUNITY.*\")...
13:09:52.879659 POST /session/ece7b49b-6872-48c4-8671-88e157970294/element [10.983194ms] ERR:404 body={"strategy":"-android uiautomator","selector":"new UiSelector().resourceIdMatches(\".*COMMUNITY.*\")...
13:09:52.891226 POST /session/ece7b49b-6872-48c4-8671-88e157970294/element [11.439096ms] ERR:404 body={"strategy":"-android uiautomator","selector":"new UiSelector().resourceIdMatches(\".*COMMUNITY.*\")...
13:09:52.902752 POST /session/ece7b49b-6872-48c4-8671-88e157970294/element [11.434991ms] ERR:404 body={"strategy":"-android uiautomator","selector":"new UiSelector().resourceIdMatches(\".*COMMUNITY.*\")...
13:09:52.918935 POST /session/ece7b49b-6872-48c4-8671-88e157970294/element [16.104298ms] ERR:404 body={"strategy":"-android uiautomator","selector":"new UiSelector().resourceIdMatches(\".*COMMUNITY.*\")...
13:09:52.935954 POST /session/ece7b49b-6872-48c4-8671-88e157970294/element [16.922999ms] ERR:404 body={"strategy":"-android uiautomator","selector":"new UiSelector().resourceIdMatches(\".*COMMUNITY.*\")...
13:09:52.948766 POST /session/ece7b49b-6872-48c4-8671-88e157970294/element [12.709317ms] ERR:404 body={"strategy":"-android uiautomator","selector":"new UiSelector().resourceIdMatches(\".*COMMUNITY.*\")...
13:09:52.959840 POST /session/ece7b49b-6872-48c4-8671-88e157970294/element [10.98924ms] ERR:404 body={"strategy":"-android uiautomator","selector":"new UiSelector().resourceIdMatches(\".*COMMUNITY.*\")...
13:09:52.971415 POST /session/ece7b49b-6872-48c4-8671-88e157970294/element [11.448363ms] ERR:404 body={"strategy":"-android uiautomator","selector":"new UiSelector().resourceIdMatches(\".*COMMUNITY.*\")...
13:09:52.983581 POST /session/ece7b49b-6872-48c4-8671-88e157970294/element [12.078718ms] ERR:404 body={"strategy":"-android uiautomator","selector":"new UiSelector().resourceIdMatches(\".*COMMUNITY.*\")...
13:09:52.996488 POST /session/ece7b49b-6872-48c4-8671-88e157970294/element [12.830171ms] ERR:404 body={"strategy":"-android uiautomator","selector":"new UiSelector().resourceIdMatches(\".*COMMUNITY.*\")...
13:09:53.010253 POST /session/ece7b49b-6872-48c4-8671-88e157970294/element [13.635152ms] ERR:404 body={"strategy":"-android uiautomator","selector":"new UiSelector().resourceIdMatches(\".*COMMUNITY.*\")...
13:09:53.022930 POST /session/ece7b49b-6872-48c4-8671-88e157970294/element [12.551233ms] ERR:404 body={"strategy":"-android uiautomator","selector":"new UiSelector().resourceIdMatches(\".*COMMUNITY.*\")...
13:09:53.035403 POST /session/ece7b49b-6872-48c4-8671-88e157970294/element [12.373403ms] ERR:404 body={"strategy":"-android uiautomator","selector":"new UiSelector().resourceIdMatches(\".*COMMUNITY.*\")...
13:09:53.047074 POST /session/ece7b49b-6872-48c4-8671-88e157970294/element [11.610446ms] ERR:404 body={"strategy":"-android uiautomator","selector":"new UiSelector().resourceIdMatches(\".*COMMUNITY.*\")...
13:09:53.058592 POST /session/ece7b49b-6872-48c4-8671-88e157970294/element [11.451802ms] ERR:404 body={"strategy":"-android uiautomator","selector":"new UiSelector().resourceIdMatches(\".*COMMUNITY.*\")...
13:09:53.069685 POST /session/ece7b49b-6872-48c4-8671-88e157970294/element [11.038988ms] ERR:404 body={"strategy":"-android uiautomator","selector":"new UiSelector().resourceIdMatches(\".*COMMUNITY.*\")...
13:09:53.081937 POST /session/ece7b49b-6872-48c4-8671-88e157970294/element [12.186043ms] ERR:404 body={"strategy":"-android uiautomator","selector":"new UiSelector().resourceIdMatches(\".*COMMUNITY.*\")...
13:09:53.093507 POST /session/ece7b49b-6872-48c4-8671-88e157970294/element [11.483068ms] ERR:404 body={"strategy":"-android uiautomator","selector":"new UiSelector().resourceIdMatches(\".*COMMUNITY.*\")...
13:09:53.104320 POST /session/ece7b49b-6872-48c4-8671-88e157970294/element [10.755868ms] ERR:404 body={"strategy":"-android uiautomator","selector":"new UiSelector().resourceIdMatches(\".*COMMUNITY.*\")...
13:09:53.115911 POST /session/ece7b49b-6872-48c4-8671-88e157970294/element [11.504459ms] ERR:404 body={"strategy":"-android uiautomator","selector":"new UiSelector().resourceIdMatches(\".*COMMUNITY.*\")...
13:09:53.126830 POST /session/ece7b49b-6872-48c4-8671-88e157970294/element [10.833724ms] ERR:404 body={"strategy":"-android uiautomator","selector":"new UiSelector().resourceIdMatches(\".*COMMUNITY.*\")...
13:09:53.138243 POST /session/ece7b49b-6872-48c4-8671-88e157970294/element [11.029932ms] ERR:404 body={"strategy":"-android uiautomator","selector":"new UiSelector().resourceIdMatches(\".*COMMUNITY.*\")...
13:09:53.149502 POST /session/ece7b49b-6872-48c4-8671-88e157970294/element [11.164084ms] ERR:404 body={"strategy":"-android uiautomator","selector":"new UiSelector().resourceIdMatches(\".*COMMUNITY.*\")...
13:09:53.161809 POST /session/ece7b49b-6872-48c4-8671-88e157970294/element [12.204707ms] ERR:404 body={"strategy":"-android uiautomator","selector":"new UiSelector().resourceIdMatches(\".*COMMUNITY.*\")...
13:09:53.173111 POST /session/ece7b49b-6872-48c4-8671-88e157970294/element [11.137182ms] ERR:404 body={"strategy":"-android uiautomator","selector":"new UiSelector().resourceIdMatches(\".*COMMUNITY.*\")...
13:09:53.184578 POST /session/ece7b49b-6872-48c4-8671-88e157970294/element [11.355372ms] ERR:404 body={"strategy":"-android uiautomator","selector":"new UiSelector().resourceIdMatches(\".*COMMUNITY.*\")...
13:09:53.196759 POST /session/ece7b49b-6872-48c4-8671-88e157970294/element [12.117823ms] ERR:404 body={"strategy":"-android uiautomator","selector":"new UiSelector().resourceIdMatches(\".*COMMUNITY.*\")...
13:09:53.211111 POST /session/ece7b49b-6872-48c4-8671-88e157970294/element [14.214448ms] ERR:404 body={"strategy":"-android uiautomator","selector":"new UiSelector().resourceIdMatches(\".*COMMUNITY.*\")...
13:09:53.222746 POST /session/ece7b49b-6872-48c4-8671-88e157970294/element [11.54433ms] ERR:404 body={"strategy":"-android uiautomator","selector":"new UiSelector().resourceIdMatches(\".*COMMUNITY.*\")...
13:09:53.234148 POST /session/ece7b49b-6872-48c4-8671-88e157970294/element [11.271465ms] ERR:404 body={"strategy":"-android uiautomator","selector":"new UiSelector().resourceIdMatches(\".*COMMUNITY.*\")...
13:09:53.245760 POST /session/ece7b49b-6872-48c4-8671-88e157970294/element [11.516207ms] ERR:404 body={"strategy":"-android uiautomator","selector":"new UiSelector().resourceIdMatches(\".*COMMUNITY.*\")...
13:09:53.256565 POST /session/ece7b49b-6872-48c4-8671-88e157970294/element [10.744275ms] ERR:404 body={"strategy":"-android uiautomator","selector":"new UiSelector().resourceIdMatches(\".*COMMUNITY.*\")...
13:09:53.269379 POST /session/ece7b49b-6872-48c4-8671-88e157970294/element [12.732848ms] ERR:404 body={"strategy":"-android uiautomator","selector":"new UiSelector().resourceIdMatches(\".*COMMUNITY.*\")...
13:09:53.281138 POST /session/ece7b49b-6872-48c4-8671-88e157970294/element [11.626687ms] ERR:404 body={"strategy":"-android uiautomator","selector":"new UiSelector().resourceIdMatches(\".*COMMUNITY.*\")...
13:09:53.293751 POST /session/ece7b49b-6872-48c4-8671-88e157970294/element [12.474491ms] ERR:404 body={"strategy":"-android uiautomator","selector":"new UiSelector().resourceIdMatches(\".*COMMUNITY.*\")...
13:09:53.305581 POST /session/ece7b49b-6872-48c4-8671-88e157970294/element [11.756718ms] ERR:404 body={"strategy":"-android uiautomator","selector":"new UiSelector().resourceIdMatches(\".*COMMUNITY.*\")...
13:09:53.316808 POST /session/ece7b49b-6872-48c4-8671-88e157970294/element [11.119839ms] ERR:404 body={"strategy":"-android uiautomator","selector":"new UiSelector().resourceIdMatches(\".*COMMUNITY.*\")...
13:09:53.328396 POST /session/ece7b49b-6872-48c4-8671-88e157970294/element [11.456029ms] ERR:404 body={"strategy":"-android uiautomator","selector":"new UiSelector().resourceIdMatches(\".*COMMUNITY.*\")...
13:09:53.339222 POST /session/ece7b49b-6872-48c4-8671-88e157970294/element [10.738116ms] ERR:404 body={"strategy":"-android uiautomator","selector":"new UiSelector().resourceIdMatches(\".*COMMUNITY.*\")...
13:09:53.350294 POST /session/ece7b49b-6872-48c4-8671-88e157970294/element [10.953458ms] ERR:404 body={"strategy":"-android uiautomator","selector":"new UiSelector().resourceIdMatches(\".*COMMUNITY.*\")...
13:09:53.362814 POST /session/ece7b49b-6872-48c4-8671-88e157970294/element [12.43095ms] ERR:404 body={"strategy":"-android uiautomator","selector":"new UiSelector().resourceIdMatches(\".*COMMUNITY.*\")...
13:09:53.375589 POST /session/ece7b49b-6872-48c4-8671-88e157970294/element [12.655028ms] ERR:404 body={"strategy":"-android uiautomator","selector":"new UiSelector().resourceIdMatches(\".*COMMUNITY.*\")...
13:09:53.386835 POST /session/ece7b49b-6872-48c4-8671-88e157970294/element [11.178479ms] ERR:404 body={"strategy":"-android uiautomator","selector":"new UiSelector().resourceIdMatches(\".*COMMUNITY.*\")...
13:09:53.397533 POST /session/ece7b49b-6872-48c4-8671-88e157970294/element [10.588246ms] ERR:404 body={"strategy":"-android uiautomator","selector":"new UiSelector().resourceIdMatches(\".*COMMUNITY.*\")...
13:09:53.408978 POST /session/ece7b49b-6872-48c4-8671-88e157970294/element [11.338007ms] ERR:404 body={"strategy":"-android uiautomator","selector":"new UiSelector().resourceIdMatches(\".*COMMUNITY.*\")...
13:09:53.420975 POST /session/ece7b49b-6872-48c4-8671-88e157970294/element [11.829436ms] ERR:404 body={"strategy":"-android uiautomator","selector":"new UiSelector().resourceIdMatches(\".*COMMUNITY.*\")...
13:09:53.432430 POST /session/ece7b49b-6872-48c4-8671-88e157970294/element [11.361659ms] ERR:404 body={"strategy":"-android uiautomator","selector":"new UiSelector().resourceIdMatches(\".*COMMUNITY.*\")...
13:09:53.443880 POST /session/ece7b49b-6872-48c4-8671-88e157970294/element [11.351693ms] ERR:404 body={"strategy":"-android uiautomator","selector":"new UiSelector().resourceIdMatches(\".*COMMUNITY.*\")...
13:09:53.455555 POST /session/ece7b49b-6872-48c4-8671-88e157970294/element [11.539155ms] ERR:404 body={"strategy":"-android uiautomator","selector":"new UiSelector().resourceIdMatches(\".*COMMUNITY.*\")...
13:09:53.467507 POST /session/ece7b49b-6872-48c4-8671-88e157970294/element [11.849032ms] ERR:404 body={"strategy":"-android uiautomator","selector":"new UiSelector().resourceIdMatches(\".*COMMUNITY.*\")...
13:09:53.480804 POST /session/ece7b49b-6872-48c4-8671-88e157970294/element [13.176253ms] ERR:404 body={"strategy":"-android uiautomator","selector":"new UiSelector().resourceIdMatches(\".*COMMUNITY.*\")...
13:09:53.492660 POST /session/ece7b49b-6872-48c4-8671-88e157970294/element [11.727105ms] ERR:404 body={"strategy":"-android uiautomator","selector":"new UiSelector().resourceIdMatches(\".*COMMUNITY.*\")...
13:09:53.504781 POST /session/ece7b49b-6872-48c4-8671-88e157970294/element [11.989064ms] ERR:404 body={"strategy":"-android uiautomator","selector":"new UiSelector().resourceIdMatches(\".*COMMUNITY.*\")...
13:09:53.515650 POST /session/ece7b49b-6872-48c4-8671-88e157970294/element [10.741442ms] ERR:404 body={"strategy":"-android uiautomator","selector":"new UiSelector().resourceIdMatches(\".*COMMUNITY.*\")...
13:09:53.526772 POST /session/ece7b49b-6872-48c4-8671-88e157970294/element [11.034628ms] ERR:404 body={"strategy":"-android uiautomator","selector":"new UiSelector().resourceIdMatches(\".*COMMUNITY.*\")...
13:09:53.537545 POST /session/ece7b49b-6872-48c4-8671-88e157970294/element [10.658326ms] ERR:404 body={"strategy":"-android uiautomator","selector":"new UiSelector().resourceIdMatches(\".*COMMUNITY.*\")...
13:09:53.548546 POST /session/ece7b49b-6872-48c4-8671-88e157970294/element [10.912071ms] ERR:404 body={"strategy":"-android uiautomator","selector":"new UiSelector().resourceIdMatches(\".*COMMUNITY.*\")...
13:09:53.560206 POST /session/ece7b49b-6872-48c4-8671-88e157970294/element [11.575061ms] ERR:404 body={"strategy":"-android uiautomator","selector":"new UiSelector().resourceIdMatches(\".*COMMUNITY.*\")...
13:09:53.571331 POST /session/ece7b49b-6872-48c4-8671-88e157970294/element [11.036985ms] ERR:404 body={"strategy":"-android uiautomator","selector":"new UiSelector().resourceIdMatches(\".*COMMUNITY.*\")...
13:09:53.583347 POST /session/ece7b49b-6872-48c4-8671-88e157970294/element [11.888516ms] ERR:404 body={"strategy":"-android uiautomator","selector":"new UiSelector().resourceIdMatches(\".*COMMUNITY.*\")...
13:09:53.594619 POST /session/ece7b49b-6872-48c4-8671-88e157970294/element [11.190131ms] ERR:404 body={"strategy":"-android uiautomator","selector":"new UiSelector().resourceIdMatches(\".*COMMUNITY.*\")...
13:09:53.605888 POST /session/ece7b49b-6872-48c4-8671-88e157970294/element [11.144605ms] ERR:404 body={"strategy":"-android uiautomator","selector":"new UiSelector().resourceIdMatches(\".*COMMUNITY.*\")...
13:09:53.617302 POST /session/ece7b49b-6872-48c4-8671-88e157970294/element [11.305416ms] ERR:404 body={"strategy":"-android uiautomator","selector":"new UiSelector().resourceIdMatches(\".*COMMUNITY.*\")...
13:09:53.628055 POST /session/ece7b49b-6872-48c4-8671-88e157970294/element [10.661562ms] ERR:404 body={"strategy":"-android uiautomator","selector":"new UiSelector().resourceIdMatches(\".*COMMUNITY.*\")...
13:09:53.639769 POST /session/ece7b49b-6872-48c4-8671-88e157970294/element [11.631007ms] ERR:404 body={"strategy":"-android uiautomator","selector":"new UiSelector().resourceIdMatches(\".*COMMUNITY.*\")...
13:09:53.650283 POST /session/ece7b49b-6872-48c4-8671-88e157970294/element [10.428076ms] ERR:404 body={"strategy":"-android uiautomator","selector":"new UiSelector().resourceIdMatches(\".*COMMUNITY.*\")...
13:09:53.660527 POST /session/ece7b49b-6872-48c4-8671-88e157970294/element [10.160917ms] ERR:404 body={"strategy":"-android uiautomator","selector":"new UiSelector().resourceIdMatches(\".*COMMUNITY.*\")...
13:09:53.671370 POST /session/ece7b49b-6872-48c4-8671-88e157970294/element [10.748575ms] ERR:404 body={"strategy":"-android uiautomator","selector":"new UiSelector().resourceIdMatches(\".*COMMUNITY.*\")...
13:09:53.682361 POST /session/ece7b49b-6872-48c4-8671-88e157970294/element [10.908584ms] ERR:404 body={"strategy":"-android uiautomator","selector":"new UiSelector().resourceIdMatches(\".*COMMUNITY.*\")...
13:09:53.693492 POST /session/ece7b49b-6872-48c4-8671-88e157970294/element [11.041102ms] ERR:404 body={"strategy":"-android uiautomator","selector":"new UiSelector().resourceIdMatches(\".*COMMUNITY.*\")...
13:09:53.705137 POST /session/ece7b49b-6872-48c4-8671-88e157970294/element [11.510088ms] ERR:404 body={"strategy":"-android uiautomator","selector":"new UiSelector().resourceIdMatches(\".*COMMUNITY.*\")...
13:09:53.717138 POST /session/ece7b49b-6872-48c4-8671-88e157970294/element [11.886933ms] ERR:404 body={"strategy":"-android uiautomator","selector":"new UiSelector().resourceIdMatches(\".*COMMUNITY.*\")...
13:09:53.728353 POST /session/ece7b49b-6872-48c4-8671-88e157970294/element [11.085885ms] ERR:404 body={"strategy":"-android uiautomator","selector":"new UiSelector().resourceIdMatches(\".*COMMUNITY.*\")...
13:09:53.741074 POST /session/ece7b49b-6872-48c4-8671-88e157970294/element [12.646804ms] ERR:404 body={"strategy":"-android uiautomator","selector":"new UiSelector().resourceIdMatches(\".*COMMUNITY.*\")...
13:09:53.752148 POST /session/ece7b49b-6872-48c4-8671-88e157970294/element [10.981711ms] ERR:404 body={"strategy":"-android uiautomator","selector":"new UiSelector().resourceIdMatches(\".*COMMUNITY.*\")...
13:09:53.765167 POST /session/ece7b49b-6872-48c4-8671-88e157970294/element [12.885851ms] ERR:404 body={"strategy":"-android uiautomator","selector":"new UiSelector().resourceIdMatches(\".*COMMUNITY.*\")...
13:09:53.777096 POST /session/ece7b49b-6872-48c4-8671-88e157970294/element [11.835085ms] ERR:404 body={"strategy":"-android uiautomator","selector":"new UiSelector().resourceIdMatches(\".*COMMUNITY.*\")...
13:09:53.788513 POST /session/ece7b49b-6872-48c4-8671-88e157970294/element [11.282874ms] ERR:404 body={"strategy":"-android uiautomator","selector":"new UiSelector().resourceIdMatches(\".*COMMUNITY.*\")...
13:09:53.799358 POST /session/ece7b49b-6872-48c4-8671-88e157970294/element [10.755831ms] ERR:404 body={"strategy":"-android uiautomator","selector":"new UiSelector().resourceIdMatches(\".*COMMUNITY.*\")...
13:09:53.811642 POST /session/ece7b49b-6872-48c4-8671-88e157970294/element [12.178446ms] ERR:404 body={"strategy":"-android uiautomator","selector":"new UiSelector().resourceIdMatches(\".*COMMUNITY.*\")...
13:09:53.824895 POST /session/ece7b49b-6872-48c4-8671-88e157970294/element [13.157587ms] ERR:404 body={"strategy":"-android uiautomator","selector":"new UiSelector().resourceIdMatches(\".*COMMUNITY.*\")...
13:09:53.838358 POST /session/ece7b49b-6872-48c4-8671-88e157970294/element [13.342705ms] ERR:404 body={"strategy":"-android uiautomator","selector":"new UiSelector().resourceIdMatches(\".*COMMUNITY.*\")...
13:09:53.851167 POST /session/ece7b49b-6872-48c4-8671-88e157970294/element [12.624423ms] ERR:404 body={"strategy":"-android uiautomator","selector":"new UiSelector().resourceIdMatches(\".*COMMUNITY.*\")...
13:09:53.863119 POST /session/ece7b49b-6872-48c4-8671-88e157970294/element [11.858528ms] ERR:404 body={"strategy":"-android uiautomator","selector":"new UiSelector().resourceIdMatches(\".*COMMUNITY.*\")...
13:09:53.873838 POST /session/ece7b49b-6872-48c4-8671-88e157970294/element [10.658909ms] ERR:404 body={"strategy":"-android uiautomator","selector":"new UiSelector().resourceIdMatches(\".*COMMUNITY.*\")...
13:09:53.888175 POST /session/ece7b49b-6872-48c4-8671-88e157970294/element [14.235773ms] ERR:404 body={"strategy":"-android uiautomator","selector":"new UiSelector().resourceIdMatches(\".*COMMUNITY.*\")...
13:09:53.899043 POST /session/ece7b49b-6872-48c4-8671-88e157970294/element [10.762152ms] ERR:404 body={"strategy":"-android uiautomator","selector":"new UiSelector().resourceIdMatches(\".*COMMUNITY.*\")...
13:09:53.909541 POST /session/ece7b49b-6872-48c4-8671-88e157970294/element [10.364497ms] ERR:404 body={"strategy":"-android uiautomator","selector":"new UiSelector().resourceIdMatches(\".*COMMUNITY.*\")...
13:09:53.921132 POST /session/ece7b49b-6872-48c4-8671-88e157970294/element [11.495813ms] ERR:404 body={"strategy":"-android uiautomator","selector":"new UiSelector().resourceIdMatches(\".*COMMUNITY.*\")...
13:09:53.932018 POST /session/ece7b49b-6872-48c4-8671-88e157970294/element [10.736432ms] ERR:404 body={"strategy":"-android uiautomator","selector":"new UiSelector().resourceIdMatches(\".*COMMUNITY.*\")...
13:09:53.943230 POST /session/ece7b49b-6872-48c4-8671-88e157970294/element [11.066459ms] ERR:404 body={"strategy":"-android uiautomator","selector":"new UiSelector().resourceIdMatches(\".*COMMUNITY.*\")...
13:09:53.953906 POST /session/ece7b49b-6872-48c4-8671-88e157970294/element [10.569791ms] ERR:404 body={"strategy":"-android uiautomator","selector":"new UiSelector().resourceIdMatches(\".*COMMUNITY.*\")...
13:09:53.964585 POST /session/ece7b49b-6872-48c4-8671-88e157970294/element [10.543121ms] ERR:404 body={"strategy":"-android uiautomator","selector":"new UiSelector().resourceIdMatches(\".*COMMUNITY.*\")...
13:09:53.976765 POST /session/ece7b49b-6872-48c4-8671-88e157970294/element [12.094432ms] ERR:404 body={"strategy":"-android uiautomator","selector":"new UiSelector().resourceIdMatches(\".*COMMUNITY.*\")...
13:09:53.987461 POST /session/ece7b49b-6872-48c4-8671-88e157970294/element [10.583075ms] ERR:404 body={"strategy":"-android uiautomator","selector":"new UiSelector().resourceIdMatches(\".*COMMUNITY.*\")...
13:09:53.999325 POST /session/ece7b49b-6872-48c4-8671-88e157970294/element [11.767109ms] ERR:404 body={"strategy":"-android uiautomator","selector":"new UiSelector().resourceIdMatches(\".*COMMUNITY.*\")...
13:09:54.011835 POST /session/ece7b49b-6872-48c4-8671-88e157970294/element [12.429157ms] ERR:404 body={"strategy":"-android uiautomator","selector":"new UiSelector().resourceIdMatches(\".*COMMUNITY.*\")...
13:09:54.022532 POST /session/ece7b49b-6872-48c4-8671-88e157970294/element [10.587074ms] ERR:404 body={"strategy":"-android uiautomator","selector":"new UiSelector().resourceIdMatches(\".*COMMUNITY.*\")...
13:09:54.034756 POST /session/ece7b49b-6872-48c4-8671-88e157970294/element [12.125317ms] ERR:404 body={"strategy":"-android uiautomator","selector":"new UiSelector().resourceIdMatches(\".*COMMUNITY.*\")...
13:09:54.049437 POST /session/ece7b49b-6872-48c4-8671-88e157970294/element [14.579026ms] ERR:404 body={"strategy":"-android uiautomator","selector":"new UiSelector().resourceIdMatches(\".*COMMUNITY.*\")...
13:09:54.065473 POST /session/ece7b49b-6872-48c4-8671-88e157970294/element [15.93972ms] ERR:404 body={"strategy":"-android uiautomator","selector":"new UiSelector().resourceIdMatches(\".*COMMUNITY.*\")...
13:09:54.079393 POST /session/ece7b49b-6872-48c4-8671-88e157970294/element [13.783429ms] ERR:404 body={"strategy":"-android uiautomator","selector":"new UiSelector().resourceIdMatches(\".*COMMUNITY.*\")...
13:09:54.094784 POST /session/ece7b49b-6872-48c4-8671-88e157970294/element [15.020581ms] ERR:404 body={"strategy":"-android uiautomator","selector":"new UiSelector().resourceIdMatches(\".*COMMUNITY.*\")...
13:09:54.112188 POST /session/ece7b49b-6872-48c4-8671-88e157970294/element [17.172385ms] ERR:404 body={"strategy":"-android uiautomator","selector":"new UiSelector().resourceIdMatches(\".*COMMUNITY.*\")...
13:09:54.141316 POST /session/ece7b49b-6872-48c4-8671-88e157970294/element [28.988646ms] ERR:404 body={"strategy":"-android uiautomator","selector":"new UiSelector().resourceIdMatches(\".*COMMUNITY.*\")...
13:09:54.160538 POST /session/ece7b49b-6872-48c4-8671-88e157970294/element [19.065604ms] ERR:404 body={"strategy":"-android uiautomator","selector":"new UiSelector().resourceIdMatches(\".*COMMUNITY.*\")...
13:09:54.173434 POST /session/ece7b49b-6872-48c4-8671-88e157970294/element [12.778943ms] ERR:404 body={"strategy":"-android uiautomator","selector":"new UiSelector().resourceIdMatches(\".*COMMUNITY.*\")...
13:09:54.186271 POST /session/ece7b49b-6872-48c4-8671-88e157970294/element [12.728647ms] ERR:404 body={"strategy":"-android uiautomator","selector":"new UiSelector().resourceIdMatches(\".*COMMUNITY.*\")...
13:09:54.213454 POST /session/ece7b49b-6872-48c4-8671-88e157970294/element [27.063677ms] ERR:404 body={"strategy":"-android uiautomator","selector":"new UiSelector().resourceIdMatches(\".*COMMUNITY.*\")...
13:09:54.279254 POST /session/ece7b49b-6872-48c4-8671-88e157970294/element [65.659805ms] ERR:404 body={"strategy":"-android uiautomator","selector":"new UiSelector().resourceIdMatches(\".*COMMUNITY.*\")...
13:09:54.292644 POST /session/ece7b49b-6872-48c4-8671-88e157970294/element [13.274708ms] ERR:404 body={"strategy":"-android uiautomator","selector":"new UiSelector().resourceIdMatches(\".*COMMUNITY.*\")...
13:09:54.307492 POST /session/ece7b49b-6872-48c4-8671-88e157970294/element [14.714288ms] ERR:404 body={"strategy":"-android uiautomator","selector":"new UiSelector().resourceIdMatches(\".*COMMUNITY.*\")...
13:09:54.320855 POST /session/ece7b49b-6872-48c4-8671-88e157970294/element [13.222823ms] ERR:404 body={"strategy":"-android uiautomator","selector":"new UiSelector().resourceIdMatches(\".*COMMUNITY.*\")...
13:09:54.346562 POST /session/ece7b49b-6872-48c4-8671-88e157970294/element [25.59416ms] ERR:404 body={"strategy":"-android uiautomator","selector":"new UiSelector().resourceIdMatches(\".*COMMUNITY.*\")...
13:09:54.372941 POST /session/ece7b49b-6872-48c4-8671-88e157970294/element [26.248162ms] ERR:404 body={"strategy":"-android uiautomator","selector":"new UiSelector().resourceIdMatches(\".*COMMUNITY.*\")...
13:09:54.401219 POST /session/ece7b49b-6872-48c4-8671-88e157970294/element [28.182592ms] ERR:404 body={"strategy":"-android uiautomator","selector":"new UiSelector().resourceIdMatches(\".*COMMUNITY.*\")...
13:09:54.428466 POST /session/ece7b49b-6872-48c4-8671-88e157970294/element [27.090594ms] ERR:404 body={"strategy":"-android uiautomator","selector":"new UiSelector().resourceIdMatches(\".*COMMUNITY.*\")...
13:09:54.445630 POST /session/ece7b49b-6872-48c4-8671-88e157970294/element [17.061069ms] ERR:404 body={"strategy":"-android uiautomator","selector":"new UiSelector().resourceIdMatches(\".*COMMUNITY.*\")...
13:09:54.461356 POST /session/ece7b49b-6872-48c4-8671-88e157970294/element [15.617127ms] ERR:404 body={"strategy":"-android uiautomator","selector":"new UiSelector().resourceIdMatches(\".*COMMUNITY.*\")...
13:09:54.496705 POST /session/ece7b49b-6872-48c4-8671-88e157970294/element [35.240241ms] ERR:404 body={"strategy":"-android uiautomator","selector":"new UiSelector().resourceIdMatches(\".*COMMUNITY.*\")...
13:09:54.522777 POST /session/ece7b49b-6872-48c4-8671-88e157970294/element [25.948923ms] ERR:404 body={"strategy":"-android uiautomator","selector":"new UiSelector().resourceIdMatches(\".*COMMUNITY.*\")...
13:09:54.546338 POST /session/ece7b49b-6872-48c4-8671-88e157970294/element [23.429493ms] ERR:404 body={"strategy":"-android uiautomator","selector":"new UiSelector().resourceIdMatches(\".*COMMUNITY.*\")...
13:09:54.564645 POST /session/ece7b49b-6872-48c4-8671-88e157970294/element [18.198763ms] ERR:404 body={"strategy":"-android uiautomator","selector":"new UiSelector().resourceIdMatches(\".*COMMUNITY.*\")...
13:09:54.587182 POST /session/ece7b49b-6872-48c4-8671-88e157970294/element [22.414916ms] ERR:404 body={"strategy":"-android uiautomator","selector":"new UiSelector().resourceIdMatches(\".*COMMUNITY.*\")...
13:09:54.599023 POST /session/ece7b49b-6872-48c4-8671-88e157970294/element [11.740808ms] ERR:404 body={"strategy":"-android uiautomator","selector":"new UiSelector().resourceIdMatches(\".*COMMUNITY.*\")...
13:09:54.611708 POST /session/ece7b49b-6872-48c4-8671-88e157970294/element [12.56861ms] ERR:404 body={"strategy":"-android uiautomator","selector":"new UiSelector().resourceIdMatches(\".*COMMUNITY.*\")...
13:09:54.623383 POST /session/ece7b49b-6872-48c4-8671-88e157970294/element [11.567223ms] ERR:404 body={"strategy":"-android uiautomator","selector":"new UiSelector().resourceIdMatches(\".*COMMUNITY.*\")...
13:09:54.640360 POST /session/ece7b49b-6872-48c4-8671-88e157970294/element [16.864251ms] ERR:404 body={"strategy":"-android uiautomator","selector":"new UiSelector().resourceIdMatches(\".*COMMUNITY.*\")...
13:09:54.654966 POST /session/ece7b49b-6872-48c4-8671-88e157970294/element [14.488136ms] ERR:404 body={"strategy":"-android uiautomator","selector":"new UiSelector().resourceIdMatches(\".*COMMUNITY.*\")...
13:09:54.669995 POST /session/ece7b49b-6872-48c4-8671-88e157970294/element [14.932557ms] ERR:404 body={"strategy":"-android uiautomator","selector":"new UiSelector().resourceIdMatches(\".*COMMUNITY.*\")...
13:09:54.684874 POST /session/ece7b49b-6872-48c4-8671-88e157970294/element [14.781685ms] ERR:404 body={"strategy":"-android uiautomator","selector":"new UiSelector().resourceIdMatches(\".*COMMUNITY.*\")...
13:09:54.724742 POST /session/ece7b49b-6872-48c4-8671-88e157970294/element [39.714749ms] ERR:404 body={"strategy":"-android uiautomator","selector":"new UiSelector().resourceIdMatches(\".*COMMUNITY.*\")...
13:09:54.743352 POST /session/ece7b49b-6872-48c4-8671-88e157970294/element [18.508894ms] ERR:404 body={"strategy":"-android uiautomator","selector":"new UiSelector().resourceIdMatches(\".*COMMUNITY.*\")...
13:09:54.765346 POST /session/ece7b49b-6872-48c4-8671-88e157970294/element [21.883632ms] ERR:404 body={"strategy":"-android uiautomator","selector":"new UiSelector().resourceIdMatches(\".*COMMUNITY.*\")...
13:09:54.787361 POST /session/ece7b49b-6872-48c4-8671-88e157970294/element [21.830414ms] ERR:404 body={"strategy":"-android uiautomator","selector":"new UiSelector().resourceIdMatches(\".*COMMUNITY.*\")...
13:09:54.806439 POST /session/ece7b49b-6872-48c4-8671-88e157970294/element [18.935679ms] ERR:404 body={"strategy":"-android uiautomator","selector":"new UiSelector().resourceIdMatches(\".*COMMUNITY.*\")...
13:09:54.857933 POST /session/ece7b49b-6872-48c4-8671-88e157970294/element [51.371163ms] ERR:404 body={"strategy":"-android uiautomator","selector":"new UiSelector().resourceIdMatches(\".*COMMUNITY.*\")...
13:09:54.875626 POST /session/ece7b49b-6872-48c4-8671-88e157970294/element [17.534241ms] ERR:404 body={"strategy":"-android uiautomator","selector":"new UiSelector().resourceIdMatches(\".*COMMUNITY.*\")...
13:09:54.921698 POST /session/ece7b49b-6872-48c4-8671-88e157970294/element [45.935848ms] ERR:404 body={"strategy":"-android uiautomator","selector":"new UiSelector().resourceIdMatches(\".*COMMUNITY.*\")...
13:09:54.946282 POST /session/ece7b49b-6872-48c4-8671-88e157970294/element [24.472535ms] ERR:404 body={"strategy":"-android uiautomator","selector":"new UiSelector().resourceIdMatches(\".*COMMUNITY.*\")...
13:09:54.975719 POST /session/ece7b49b-6872-48c4-8671-88e157970294/element [29.320918ms] ERR:404 body={"strategy":"-android uiautomator","selector":"new UiSelector().resourceIdMatches(\".*COMMUNITY.*\")...
13:09:54.991174 POST /session/ece7b49b-6872-48c4-8671-88e157970294/element [15.321242ms] ERR:404 body={"strategy":"-android uiautomator","selector":"new UiSelector().resourceIdMatches(\".*COMMUNITY.*\")...
13:09:55.005157 POST /session/ece7b49b-6872-48c4-8671-88e157970294/element [13.878086ms] ERR:404 body={"strategy":"-android uiautomator","selector":"new UiSelector().resourceIdMatches(\".*COMMUNITY.*\")...
13:09:55.023684 POST /session/ece7b49b-6872-48c4-8671-88e157970294/element [18.369603ms] ERR:404 body={"strategy":"-android uiautomator","selector":"new UiSelector().resourceIdMatches(\".*COMMUNITY.*\")...
13:09:55.046465 POST /session/ece7b49b-6872-48c4-8671-88e157970294/element [22.640309ms] ERR:404 body={"strategy":"-android uiautomator","selector":"new UiSelector().resourceIdMatches(\".*COMMUNITY.*\")...
13:09:55.062794 POST /session/ece7b49b-6872-48c4-8671-88e157970294/element [16.223609ms] ERR:404 body={"strategy":"-android uiautomator","selector":"new UiSelector().resourceIdMatches(\".*COMMUNITY.*\")...
13:09:55.078506 POST /session/ece7b49b-6872-48c4-8671-88e157970294/element [15.573806ms] ERR:404 body={"strategy":"-android uiautomator","selector":"new UiSelector().resourceIdMatches(\".*COMMUNITY.*\")...
13:09:55.089900 POST /session/ece7b49b-6872-48c4-8671-88e157970294/element [11.190025ms] ERR:404 body={"strategy":"-android uiautomator","selector":"new UiSelector().resourceIdMatches(\".*COMMUNITY.*\")...
13:09:55.101946 POST /session/ece7b49b-6872-48c4-8671-88e157970294/element [11.950337ms] ERR:404 body={"strategy":"-android uiautomator","selector":"new UiSelector().resourceIdMatches(\".*COMMUNITY.*\")...
13:09:55.115658 POST /session/ece7b49b-6872-48c4-8671-88e157970294/element [13.610145ms] ERR:404 body={"strategy":"-android uiautomator","selector":"new UiSelector().resourceIdMatches(\".*COMMUNITY.*\")...
13:09:55.128791 POST /session/ece7b49b-6872-48c4-8671-88e157970294/element [13.026334ms] ERR:404 body={"strategy":"-android uiautomator","selector":"new UiSelector().resourceIdMatches(\".*COMMUNITY.*\")...
13:09:55.139875 POST /session/ece7b49b-6872-48c4-8671-88e157970294/element [10.924844ms] ERR:404 body={"strategy":"-android uiautomator","selector":"new UiSelector().resourceIdMatches(\".*COMMUNITY.*\")...
13:09:55.154238 POST /session/ece7b49b-6872-48c4-8671-88e157970294/element [14.24068ms] ERR:404 body={"strategy":"-android uiautomator","selector":"new UiSelector().resourceIdMatches(\".*COMMUNITY.*\")...
13:09:55.166893 POST /session/ece7b49b-6872-48c4-8671-88e157970294/element [12.510619ms] ERR:404 body={"strategy":"-android uiautomator","selector":"new UiSelector().resourceIdMatches(\".*COMMUNITY.*\")...
13:09:55.186355 POST /session/ece7b49b-6872-48c4-8671-88e157970294/element [19.290384ms] ERR:404 body={"strategy":"-android uiautomator","selector":"new UiSelector().resourceIdMatches(\".*COMMUNITY.*\")...
13:09:55.200182 POST /session/ece7b49b-6872-48c4-8671-88e157970294/element [13.709855ms] ERR:404 body={"strategy":"-android uiautomator","selector":"new UiSelector().resourceIdMatches(\".*COMMUNITY.*\")...
13:09:55.214431 POST /session/ece7b49b-6872-48c4-8671-88e157970294/element [14.127558ms] ERR:404 body={"strategy":"-android uiautomator","selector":"new UiSelector().resourceIdMatches(\".*COMMUNITY.*\")...
13:09:55.227954 POST /session/ece7b49b-6872-48c4-8671-88e157970294/element [13.342715ms] ERR:404 body={"strategy":"-android uiautomator","selector":"new UiSelector().resourceIdMatches(\".*COMMUNITY.*\")...
13:09:55.240723 POST /session/ece7b49b-6872-48c4-8671-88e157970294/element [12.667783ms] ERR:404 body={"strategy":"-android uiautomator","selector":"new UiSelector().resourceIdMatches(\".*COMMUNITY.*\")...
13:09:55.254327 POST /session/ece7b49b-6872-48c4-8671-88e157970294/element [13.474211ms] ERR:404 body={"strategy":"-android uiautomator","selector":"new UiSelector().resourceIdMatches(\".*COMMUNITY.*\")...
13:09:55.277573 POST /session/ece7b49b-6872-48c4-8671-88e157970294/element [23.141955ms] ERR:404 body={"strategy":"-android uiautomator","selector":"new UiSelector().resourceIdMatches(\".*COMMUNITY.*\")...
13:09:55.292200 POST /session/ece7b49b-6872-48c4-8671-88e157970294/element [14.451592ms] ERR:404 body={"strategy":"-android uiautomator","selector":"new UiSelector().resourceIdMatches(\".*COMMUNITY.*\")...
13:09:55.309059 POST /session/ece7b49b-6872-48c4-8671-88e157970294/element [16.746228ms] ERR:404 body={"strategy":"-android uiautomator","selector":"new UiSelector().resourceIdMatches(\".*COMMUNITY.*\")...
13:09:55.324900 POST /session/ece7b49b-6872-48c4-8671-88e157970294/element [15.731761ms] ERR:404 body={"strategy":"-android uiautomator","selector":"new UiSelector().resourceIdMatches(\".*COMMUNITY.*\")...
13:09:55.336392 POST /session/ece7b49b-6872-48c4-8671-88e157970294/element [11.371059ms] ERR:404 body={"strategy":"-android uiautomator","selector":"new UiSelector().resourceIdMatches(\".*COMMUNITY.*\")...
13:09:55.352462 POST /session/ece7b49b-6872-48c4-8671-88e157970294/element [15.933369ms] ERR:404 body={"strategy":"-android uiautomator","selector":"new UiSelector().resourceIdMatches(\".*COMMUNITY.*\")...
13:09:55.365595 POST /session/ece7b49b-6872-48c4-8671-88e157970294/element [12.971671ms] ERR:404 body={"strategy":"-android uiautomator","selector":"new UiSelector().resourceIdMatches(\".*COMMUNITY.*\")...
13:09:55.391607 POST /session/ece7b49b-6872-48c4-8671-88e157970294/element [25.898629ms] ERR:404 body={"strategy":"-android uiautomator","selector":"new UiSelector().resourceIdMatches(\".*COMMUNITY.*\")...
13:09:55.414033 POST /session/ece7b49b-6872-48c4-8671-88e157970294/element [22.309807ms] ERR:404 body={"strategy":"-android uiautomator","selector":"new UiSelector().resourceIdMatches(\".*COMMUNITY.*\")...
13:09:55.430359 POST /session/ece7b49b-6872-48c4-8671-88e157970294/element [16.197582ms] ERR:404 body={"strategy":"-android uiautomator","selector":"new UiSelector().resourceIdMatches(\".*COMMUNITY.*\")...
13:09:55.442422 POST /session/ece7b49b-6872-48c4-8671-88e157970294/element [11.971284ms] ERR:404 body={"strategy":"-android uiautomator","selector":"new UiSelector().resourceIdMatches(\".*COMMUNITY.*\")...
13:09:55.456535 POST /session/ece7b49b-6872-48c4-8671-88e157970294/element [13.997599ms] ERR:404 body={"strategy":"-android uiautomator","selector":"new UiSelector().resourceIdMatches(\".*COMMUNITY.*\")...
13:09:55.467633 POST /session/ece7b49b-6872-48c4-8671-88e157970294/element [10.939282ms] ERR:404 body={"strategy":"-android uiautomator","selector":"new UiSelector().resourceIdMatches(\".*COMMUNITY.*\")...
13:09:55.478198 POST /session/ece7b49b-6872-48c4-8671-88e157970294/element [10.465245ms] ERR:404 body={"strategy":"-android uiautomator","selector":"new UiSelector().resourceIdMatches(\".*COMMUNITY.*\")...
13:09:55.493015 POST /session/ece7b49b-6872-48c4-8671-88e157970294/element [14.67287ms] ERR:404 body={"strategy":"-android uiautomator","selector":"new UiSelector().resourceIdMatches(\".*COMMUNITY.*\")...
13:09:55.505320 POST /session/ece7b49b-6872-48c4-8671-88e157970294/element [12.199658ms] ERR:404 body={"strategy":"-android uiautomator","selector":"new UiSelector().resourceIdMatches(\".*COMMUNITY.*\")...
13:09:55.515937 POST /session/ece7b49b-6872-48c4-8671-88e157970294/element [10.523617ms] ERR:404 body={"strategy":"-android uiautomator","selector":"new UiSelector().resourceIdMatches(\".*COMMUNITY.*\")...
13:09:55.544601 POST /session/ece7b49b-6872-48c4-8671-88e157970294/element [28.557437ms] ERR:404 body={"strategy":"-android uiautomator","selector":"new UiSelector().resourceIdMatches(\".*COMMUNITY.*\")...
13:09:55.559274 POST /session/ece7b49b-6872-48c4-8671-88e157970294/element [13.324601ms] ERR:404 body={"strategy":"-android uiautomator","selector":"new UiSelector().resourceIdMatches(\".*COMMUNITY.*\")...
13:09:55.571089 POST /session/ece7b49b-6872-48c4-8671-88e157970294/element [11.675579ms] ERR:404 body={"strategy":"-android uiautomator","selector":"new UiSelector().resourceIdMatches(\".*COMMUNITY.*\")...
13:09:55.590336 POST /session/ece7b49b-6872-48c4-8671-88e157970294/element [19.155202ms] ERR:404 body={"strategy":"-android uiautomator","selector":"new UiSelector().resourceIdMatches(\".*COMMUNITY.*\")...
13:09:55.606188 POST /session/ece7b49b-6872-48c4-8671-88e157970294/element [15.753863ms] ERR:404 body={"strategy":"-android uiautomator","selector":"new UiSelector().resourceIdMatches(\".*COMMUNITY.*\")...
13:09:55.929284 POST /session/ece7b49b-6872-48c4-8671-88e157970294/element [322.981353ms] ERR:404 body={"strategy":"-android uiautomator","selector":"new UiSelector().resourceIdMatches(\".*COMMUNITY.*\")...
13:09:56.502867 POST /session/ece7b49b-6872-48c4-8671-88e157970294/element [573.439581ms] OK body={"strategy":"-android uiautomator","selector":"new UiSelector().resourceIdMatches(\".*COMMUNITY.*\")...
13:09:57.483939 GET /session/ece7b49b-6872-48c4-8671-88e157970294/element/00000000-0000-0007-ffff-ffff0000008e/text [980.973197ms] OK body=
13:09:57.496645 GET /session/ece7b49b-6872-48c4-8671-88e157970294/element/00000000-0000-0007-ffff-ffff0000008e/rect [12.637616ms] OK body=
13:09:57.510705 POST /session/ece7b49b-6872-48c4-8671-88e157970294/element [12.740429ms] OK body={"strategy":"-android uiautomator","selector":"new UiSelector().textContains(\"Community\")"}
13:09:57.526571 POST /session/ece7b49b-6872-48c4-8671-88e157970294/element [14.561153ms] ERR:404 body={"strategy":"-android uiautomator","selector":"new UiSelector().resourceIdMatches(\".*COMMUNITY.*\")...
13:09:57.539279 POST /session/ece7b49b-6872-48c4-8671-88e157970294/element [12.594837ms] OK body={"strategy":"-android uiautomator","selector":"new UiSelector().resourceIdMatches(\".*COMMUNITY.*\")...
13:09:57.554707 GET /session/ece7b49b-6872-48c4-8671-88e157970294/element/00000000-0000-0007-ffff-ffff0000008e/text [15.360054ms] OK body=
13:09:57.569195 GET /session/ece7b49b-6872-48c4-8671-88e157970294/element/00000000-0000-0007-ffff-ffff0000008e/rect [14.423145ms] OK body=
13:09:57.605427 POST /session/ece7b49b-6872-48c4-8671-88e157970294/element/00000000-0000-0007-ffff-ffff0000008e/click [36.159713ms] OK body=
13:09:57.648994 POST /session/ece7b49b-6872-48c4-8671-88e157970294/element [42.340057ms] ERR:404 body={"strategy":"-android uiautomator","selector":"new UiSelector().resourceIdMatches(\".*recipe.*\").cl...
13:09:57.702987 POST /session/ece7b49b-6872-48c4-8671-88e157970294/element [53.848292ms] ERR:404 body={"strategy":"-android uiautomator","selector":"new UiSelector().resourceIdMatches(\".*recipe.*\")"}
13:09:57.723794 POST /session/ece7b49b-6872-48c4-8671-88e157970294/element [20.725137ms] ERR:404 body={"strategy":"-android uiautomator","selector":"new UiSelector().resourceIdMatches(\".*recipe.*\").cl...
13:09:57.741341 POST /session/ece7b49b-6872-48c4-8671-88e157970294/element [17.449586ms] ERR:404 body={"strategy":"-android uiautomator","selector":"new UiSelector().resourceIdMatches(\".*recipe.*\")"}
13:09:57.774101 POST /session/ece7b49b-6872-48c4-8671-88e157970294/element [32.626938ms] ERR:404 body={"strategy":"-android uiautomator","selector":"new UiSelector().resourceIdMatches(\".*recipe.*\").cl...
13:09:57.801429 POST /session/ece7b49b-6872-48c4-8671-88e157970294/element [27.147685ms] ERR:404 body={"strategy":"-android uiautomator","selector":"new UiSelector().resourceIdMatches(\".*recipe.*\")"}
13:09:57.816956 POST /session/ece7b49b-6872-48c4-8671-88e157970294/element [15.411303ms] ERR:404 body={"strategy":"-android uiautomator","selector":"new UiSelector().resourceIdMatches(\".*recipe.*\").cl...
13:09:57.831453 POST /session/ece7b49b-6872-48c4-8671-88e157970294/element [14.399126ms] ERR:404 body={"strategy":"-android uiautomator","selector":"new UiSelector().resourceIdMatches(\".*recipe.*\")"}
13:09:57.847532 POST /session/ece7b49b-6872-48c4-8671-88e157970294/element [15.992731ms] ERR:404 body={"strategy":"-android uiautomator","selector":"new UiSelector().resourceIdMatches(\".*recipe.*\").cl...
13:09:57.863077 POST /session/ece7b49b-6872-48c4-8671-88e157970294/element [15.464705ms] ERR:404 body={"strategy":"-android uiautomator","selector":"new UiSelector().resourceIdMatches(\".*recipe.*\")"}
13:09:57.923802 POST /session/ece7b49b-6872-48c4-8671-88e157970294/element [60.63055ms] ERR:404 body={"strategy":"-android uiautomator","selector":"new UiSelector().resourceIdMatches(\".*recipe.*\").cl...
13:09:58.760769 POST /session/ece7b49b-6872-48c4-8671-88e157970294/element [836.810676ms] ERR:404 body={"strategy":"-android uiautomator","selector":"new UiSelector().resourceIdMatches(\".*recipe.*\")"}
13:09:58.778838 POST /session/ece7b49b-6872-48c4-8671-88e157970294/element [17.923429ms] ERR:404 body={"strategy":"-android uiautomator","selector":"new UiSelector().resourceIdMatches(\".*recipe.*\").cl...
13:09:58.800796 POST /session/ece7b49b-6872-48c4-8671-88e157970294/element [21.875748ms] ERR:404 body={"strategy":"-android uiautomator","selector":"new UiSelector().resourceIdMatches(\".*recipe.*\")"}
13:09:58.829881 POST /session/ece7b49b-6872-48c4-8671-88e157970294/element [28.894048ms] ERR:404 body={"strategy":"-android uiautomator","selector":"new UiSelector().resourceIdMatches(\".*recipe.*\").cl...
13:09:58.868550 POST /session/ece7b49b-6872-48c4-8671-88e157970294/element [38.511068ms] ERR:404 body={"strategy":"-android uiautomator","selector":"new UiSelector().resourceIdMatches(\".*recipe.*\")"}
13:09:59.567890 POST /session/ece7b49b-6872-48c4-8671-88e157970294/element [699.231428ms] ERR:404 body={"strategy":"-android uiautomator","selector":"new UiSelector().resourceIdMatches(\".*recipe.*\").cl...
13:10:00.853388 POST /session/ece7b49b-6872-48c4-8671-88e157970294/element [1.285392031s] OK body={"strategy":"-android uiautomator","selector":"new UiSelector().resourceIdMatches(\".*recipe.*\")"}
13:10:01.364193 GET /session/ece7b49b-6872-48c4-8671-88e157970294/element/00000000-0000-0007-ffff-ffff00000112/text [510.731665ms] OK body=
13:10:01.377171 GET /session/ece7b49b-6872-48c4-8671-88e157970294/element/00000000-0000-0007-ffff-ffff00000112/rect [12.907317ms] OK body=
13:10:01.410940 POST /session/ece7b49b-6872-48c4-8671-88e157970294/element/00000000-0000-0007-ffff-ffff00000112/click [33.708084ms] OK body=
13:10:01.472042 POST /session/ece7b49b-6872-48c4-8671-88e157970294/element [59.133348ms] ERR:404 body={"strategy":"-android uiautomator","selector":"new UiSelector().resourceIdMatches(\".*recipe-comment...
13:10:01.496108 POST /session/ece7b49b-6872-48c4-8671-88e157970294/element [23.915123ms] ERR:404 body={"strategy":"-android uiautomator","selector":"new UiSelector().resourceIdMatches(\".*recipe-comment...
13:10:01.523983 POST /session/ece7b49b-6872-48c4-8671-88e157970294/element [27.766333ms] ERR:404 body={"strategy":"-android uiautomator","selector":"new UiSelector().resourceIdMatches(\".*recipe-comment...
13:10:01.550124 POST /session/ece7b49b-6872-48c4-8671-88e157970294/element [26.058652ms] ERR:404 body={"strategy":"-android uiautomator","selector":"new UiSelector().resourceIdMatches(\".*recipe-comment...
13:10:01.575787 POST /session/ece7b49b-6872-48c4-8671-88e157970294/element [25.560298ms] ERR:404 body={"strategy":"-android uiautomator","selector":"new UiSelector().resourceIdMatches(\".*recipe-comment...
13:10:01.598791 POST /session/ece7b49b-6872-48c4-8671-88e157970294/element [22.889532ms] ERR:404 body={"strategy":"-android uiautomator","selector":"new UiSelector().resourceIdMatches(\".*recipe-comment...
13:10:01.635680 POST /session/ece7b49b-6872-48c4-8671-88e157970294/element [36.759657ms] ERR:404 body={"strategy":"-android uiautomator","selector":"new UiSelector().resourceIdMatches(\".*recipe-comment...
13:10:01.661653 POST /session/ece7b49b-6872-48c4-8671-88e157970294/element [25.861051ms] ERR:404 body={"strategy":"-android uiautomator","selector":"new UiSelector().resourceIdMatches(\".*recipe-comment...
13:10:01.812737 POST /session/ece7b49b-6872-48c4-8671-88e157970294/element [150.973328ms] ERR:404 body={"strategy":"-android uiautomator","selector":"new UiSelector().resourceIdMatches(\".*recipe-comment...
13:10:02.531991 POST /session/ece7b49b-6872-48c4-8671-88e157970294/element [719.073992ms] ERR:404 body={"strategy":"-android uiautomator","selector":"new UiSelector().resourceIdMatches(\".*recipe-comment...
13:10:03.990146 POST /session/ece7b49b-6872-48c4-8671-88e157970294/appium/gestures/scroll [1.45776751s] OK body={"area":{"left":0,"top":300,"width":1080,"height":1800},"direction":"down","percent":0.3}
13:10:05.423871 POST /session/ece7b49b-6872-48c4-8671-88e157970294/element [1.130912207s] ERR:404 body={"strategy":"-android uiautomator","selector":"new UiSelector().resourceIdMatches(\".*recipe-comment...
13:10:07.113609 POST /session/ece7b49b-6872-48c4-8671-88e157970294/appium/gestures/scroll [1.689608558s] OK body={"area":{"left":0,"top":300,"width":1080,"height":1800},"direction":"down","percent":0.3}
13:10:07.483291 POST /session/ece7b49b-6872-48c4-8671-88e157970294/element [69.109346ms] ERR:404 body={"strategy":"-android uiautomator","selector":"new UiSelector().resourceIdMatches(\".*recipe-comment...
13:10:07.551543 POST /session/ece7b49b-6872-48c4-8671-88e157970294/element [68.102636ms] ERR:404 body={"strategy":"-android uiautomator","selector":"new UiSelector().resourceIdMatches(\".*recipe-comment...
13:10:07.621234 POST /session/ece7b49b-6872-48c4-8671-88e157970294/element [69.545514ms] ERR:404 body={"strategy":"-android uiautomator","selector":"new UiSelector().resourceIdMatches(\".*recipe-comment...
13:10:07.677730 POST /session/ece7b49b-6872-48c4-8671-88e157970294/element [56.379208ms] ERR:404 body={"strategy":"-android uiautomator","selector":"new UiSelector().resourceIdMatches(\".*recipe-comment...
13:10:07.747015 POST /session/ece7b49b-6872-48c4-8671-88e157970294/element [69.120912ms] ERR:404 body={"strategy":"-android uiautomator","selector":"new UiSelector().resourceIdMatches(\".*recipe-comment...
13:10:07.808719 POST /session/ece7b49b-6872-48c4-8671-88e157970294/element [61.570862ms] ERR:404 body={"strategy":"-android uiautomator","selector":"new UiSelector().resourceIdMatches(\".*recipe-comment...
13:10:07.868685 POST /session/ece7b49b-6872-48c4-8671-88e157970294/element [59.824499ms] ERR:404 body={"strategy":"-android uiautomator","selector":"new UiSelector().resourceIdMatches(\".*recipe-comment...
13:10:07.929247 POST /session/ece7b49b-6872-48c4-8671-88e157970294/element [60.464986ms] ERR:404 body={"strategy":"-android uiautomator","selector":"new UiSelector().resourceIdMatches(\".*recipe-comment...
13:10:07.988382 POST /session/ece7b49b-6872-48c4-8671-88e157970294/element [59.017841ms] ERR:404 body={"strategy":"-android uiautomator","selector":"new UiSelector().resourceIdMatches(\".*recipe-comment...
13:10:08.045576 POST /session/ece7b49b-6872-48c4-8671-88e157970294/element [57.054731ms] ERR:404 body={"strategy":"-android uiautomator","selector":"new UiSelector().resourceIdMatches(\".*recipe-comment...
13:10:08.104455 POST /session/ece7b49b-6872-48c4-8671-88e157970294/element [58.768098ms] ERR:404 body={"strategy":"-android uiautomator","selector":"new UiSelector().resourceIdMatches(\".*recipe-comment...
13:10:08.162529 POST /session/ece7b49b-6872-48c4-8671-88e157970294/element [57.998861ms] ERR:404 body={"strategy":"-android uiautomator","selector":"new UiSelector().resourceIdMatches(\".*recipe-comment...
13:10:08.220977 POST /session/ece7b49b-6872-48c4-8671-88e157970294/element [58.329895ms] ERR:404 body={"strategy":"-android uiautomator","selector":"new UiSelector().resourceIdMatches(\".*recipe-comment...
13:10:08.278764 POST /session/ece7b49b-6872-48c4-8671-88e157970294/element [57.654111ms] ERR:404 body={"strategy":"-android uiautomator","selector":"new UiSelector().resourceIdMatches(\".*recipe-comment...
13:10:08.338100 POST /session/ece7b49b-6872-48c4-8671-88e157970294/element [59.208688ms] ERR:404 body={"strategy":"-android uiautomator","selector":"new UiSelector().resourceIdMatches(\".*recipe-comment...
13:10:08.398173 POST /session/ece7b49b-6872-48c4-8671-88e157970294/element [59.964891ms] ERR:404 body={"strategy":"-android uiautomator","selector":"new UiSelector().resourceIdMatches(\".*recipe-comment...
13:10:08.454067 POST /session/ece7b49b-6872-48c4-8671-88e157970294/element [55.782955ms] ERR:404 body={"strategy":"-android uiautomator","selector":"new UiSelector().resourceIdMatches(\".*recipe-comment...
13:10:09.964813 POST /session/ece7b49b-6872-48c4-8671-88e157970294/appium/gestures/scroll [1.510663537s] OK body={"area":{"left":0,"top":300,"width":1080,"height":1800},"direction":"down","percent":0.3}
13:10:10.285264 POST /session/ece7b49b-6872-48c4-8671-88e157970294/element [19.788359ms] OK body={"strategy":"-android uiautomator","selector":"new UiSelector().resourceIdMatches(\".*recipe-comment...
13:10:10.297430 GET /session/ece7b49b-6872-48c4-8671-88e157970294/element/00000000-0000-0007-ffff-ffff00000135/text [12.115398ms] OK body=
13:10:10.310512 GET /session/ece7b49b-6872-48c4-8671-88e157970294/element/00000000-0000-0007-ffff-ffff00000135/rect [13.035244ms] OK body=
13:10:10.332376 POST /session/ece7b49b-6872-48c4-8671-88e157970294/element [20.538763ms] OK body={"strategy":"-android uiautomator","selector":"new UiSelector().resourceIdMatches(\".*recipe-comment...
13:10:10.346694 GET /session/ece7b49b-6872-48c4-8671-88e157970294/element/00000000-0000-0007-ffff-ffff00000135/text [14.269568ms] OK body=
13:10:10.359872 GET /session/ece7b49b-6872-48c4-8671-88e157970294/element/00000000-0000-0007-ffff-ffff00000135/rect [13.147258ms] OK body=
13:10:10.652480 POST /session/ece7b49b-6872-48c4-8671-88e157970294/element/00000000-0000-0007-ffff-ffff00000135/click [292.557732ms] OK body=
13:10:12.218680 POST /session/ece7b49b-6872-48c4-8671-88e157970294/actions [1.562513612s] OK body={"actions":[{"actions":[{"type":"keyDown","value":"t"},{"type":"keyUp","value":"t"},{"type":"keyDown...
13:10:12.251627 POST /session/ece7b49b-6872-48c4-8671-88e157970294/appium/device/hide_keyboard [31.663879ms] ERR:404 body=
13:10:13.104663 POST /session/ece7b49b-6872-48c4-8671-88e157970294/element [851.384946ms] ERR:404 body={"strategy":"-android uiautomator","selector":"new UiSelector().resourceIdMatches(\".*submit-comment...
13:10:14.234603 POST /session/ece7b49b-6872-48c4-8671-88e157970294/element [1.129839392s] OK body={"strategy":"-android uiautomator","selector":"new UiSelector().resourceIdMatches(\".*submit-comment...
13:10:15.201882 GET /session/ece7b49b-6872-48c4-8671-88e157970294/element/00000000-0000-0007-ffff-ffff000001f4/text [967.18811ms] OK body=
13:10:16.562095 GET /session/ece7b49b-6872-48c4-8671-88e157970294/element/00000000-0000-0007-ffff-ffff000001f4/rect [1.360144127s] OK body=
13:10:18.124964 POST /session/ece7b49b-6872-48c4-8671-88e157970294/element/00000000-0000-0007-ffff-ffff000001f4/click [1.562791966s] OK body=
13:10:18.676318 POST /session/ece7b49b-6872-48c4-8671-88e157970294/element [551.231279ms] ERR:404 body={"strategy":"-android uiautomator","selector":"new UiSelector().resourceIdMatches(\".*submit-comment...
13:10:18.699566 POST /session/ece7b49b-6872-48c4-8671-88e157970294/element [23.117143ms] OK body={"strategy":"-android uiautomator","selector":"new UiSelector().resourceIdMatches(\".*submit-comment...
13:10:18.712679 GET /session/ece7b49b-6872-48c4-8671-88e157970294/element/00000000-0000-0007-ffff-ffff000001f4/text [13.057463ms] OK body=
13:10:18.726556 GET /session/ece7b49b-6872-48c4-8671-88e157970294/element/00000000-0000-0007-ffff-ffff000001f4/rect [13.83216ms] OK body=
13:10:18.765113 POST /session/ece7b49b-6872-48c4-8671-88e157970294/element/00000000-0000-0007-ffff-ffff000001f4/click [38.500122ms] OK body=
13:10:24.199285 POST /session/ece7b49b-6872-48c4-8671-88e157970294/appium/device/launch_app [6.292716ms] ERR:404 body={"appId":"com.tastopia.app"}
13:10:27.487566 POST /session/ece7b49b-6872-48c4-8671-88e157970294/element [1.256168657s] OK body={"strategy":"-android uiautomator","selector":"new UiSelector().resourceIdMatches(\".*MENU.*\")"}
13:10:28.177398 GET /session/ece7b49b-6872-48c4-8671-88e157970294/element/00000000-0000-000a-ffff-ffff0000003c/text [688.519165ms] OK body=
13:10:29.816050 GET /session/ece7b49b-6872-48c4-8671-88e157970294/element/00000000-0000-000a-ffff-ffff0000003c/rect [1.638568967s] OK body=
13:10:29.844440 POST /session/ece7b49b-6872-48c4-8671-88e157970294/element [27.976023ms] ERR:404 body={"strategy":"-android uiautomator","selector":"new UiSelector().resourceIdMatches(\".*MENU.*\").clic...
13:10:29.869908 POST /session/ece7b49b-6872-48c4-8671-88e157970294/element [25.330149ms] OK body={"strategy":"-android uiautomator","selector":"new UiSelector().resourceIdMatches(\".*MENU.*\")"}
13:10:29.880742 GET /session/ece7b49b-6872-48c4-8671-88e157970294/element/00000000-0000-000a-ffff-ffff0000003c/text [10.777371ms] OK body=
13:10:29.900121 GET /session/ece7b49b-6872-48c4-8671-88e157970294/element/00000000-0000-000a-ffff-ffff0000003c/rect [19.326038ms] OK body=
13:10:29.931878 POST /session/ece7b49b-6872-48c4-8671-88e157970294/element/00000000-0000-000a-ffff-ffff0000003c/click [31.698096ms] OK body=
13:10:29.937118 POST /session/ece7b49b-6872-48c4-8671-88e157970294/appium/device/hide_keyboard [5.129942ms] ERR:404 body=
13:10:29.960777 POST /session/ece7b49b-6872-48c4-8671-88e157970294/element [23.066021ms] ERR:404 body={"strategy":"-android uiautomator","selector":"new UiSelector().textContains(\"History\")"}
13:10:29.987374 POST /session/ece7b49b-6872-48c4-8671-88e157970294/element [26.262766ms] ERR:404 body={"strategy":"-android uiautomator","selector":"new UiSelector().descriptionContains(\"History\")"}
13:10:30.026784 POST /session/ece7b49b-6872-48c4-8671-88e157970294/element [39.289933ms] ERR:404 body={"strategy":"-android uiautomator","selector":"new UiSelector().textMatches(\"(?is).*\\QHistory\\E.*...
13:10:30.058820 POST /session/ece7b49b-6872-48c4-8671-88e157970294/element [31.880399ms] ERR:404 body={"strategy":"-android uiautomator","selector":"new UiSelector().descriptionMatches(\"(?is).*\\QHisto...
13:10:30.093456 POST /session/ece7b49b-6872-48c4-8671-88e157970294/element [34.4825ms] ERR:404 body={"strategy":"-android uiautomator","selector":"new UiSelector().textContains(\"History\")"}
13:10:30.119710 POST /session/ece7b49b-6872-48c4-8671-88e157970294/element [26.147404ms] ERR:404 body={"strategy":"-android uiautomator","selector":"new UiSelector().descriptionContains(\"History\")"}
13:10:30.268450 POST /session/ece7b49b-6872-48c4-8671-88e157970294/element [148.617568ms] ERR:404 body={"strategy":"-android uiautomator","selector":"new UiSelector().textMatches(\"(?is).*\\QHistory\\E.*...
13:10:31.184041 POST /session/ece7b49b-6872-48c4-8671-88e157970294/element [915.342009ms] ERR:404 body={"strategy":"-android uiautomator","selector":"new UiSelector().descriptionMatches(\"(?is).*\\QHisto...
13:10:31.197475 POST /session/ece7b49b-6872-48c4-8671-88e157970294/element [13.324162ms] OK body={"strategy":"-android uiautomator","selector":"new UiSelector().textContains(\"History\")"}
13:10:31.213291 POST /session/ece7b49b-6872-48c4-8671-88e157970294/element [15.092269ms] OK body={"strategy":"-android uiautomator","selector":"new UiSelector().resourceIdMatches(\".*menu-logout-bu...
13:10:31.225236 GET /session/ece7b49b-6872-48c4-8671-88e157970294/element/00000000-0000-000a-ffff-ffff000000e9/text [11.903315ms] OK body=
13:10:31.237432 GET /session/ece7b49b-6872-48c4-8671-88e157970294/element/00000000-0000-000a-ffff-ffff000000e9/rect [12.159104ms] OK body=
13:10:31.270620 POST /session/ece7b49b-6872-48c4-8671-88e157970294/element/00000000-0000-000a-ffff-ffff000000e9/click [33.129293ms] OK body=
13:10:31.300015 POST /session/ece7b49b-6872-48c4-8671-88e157970294/element [28.988252ms] ERR:404 body={"strategy":"-android uiautomator","selector":"new UiSelector().textContains(\"Welcome to\")"}
13:10:31.323942 POST /session/ece7b49b-6872-48c4-8671-88e157970294/element [23.751179ms] ERR:404 body={"strategy":"-android uiautomator","selector":"new UiSelector().descriptionContains(\"Welcome to\")"...
13:10:31.345566 POST /session/ece7b49b-6872-48c4-8671-88e157970294/element [21.501054ms] ERR:404 body={"strategy":"-android uiautomator","selector":"new UiSelector().textMatches(\"(?is).*\\QWelcome to\\...
13:10:31.368968 POST /session/ece7b49b-6872-48c4-8671-88e157970294/element [23.28374ms] ERR:404 body={"strategy":"-android uiautomator","selector":"new UiSelector().descriptionMatches(\"(?is).*\\QWelco...
13:10:31.392022 POST /session/ece7b49b-6872-48c4-8671-88e157970294/element [22.941684ms] ERR:404 body={"strategy":"-android uiautomator","selector":"new UiSelector().textContains(\"Welcome to\")"}
13:10:31.421579 POST /session/ece7b49b-6872-48c4-8671-88e157970294/element [29.424227ms] ERR:404 body={"strategy":"-android uiautomator","selector":"new UiSelector().descriptionContains(\"Welcome to\")"...
13:10:31.444809 POST /session/ece7b49b-6872-48c4-8671-88e157970294/element [23.094278ms] ERR:404 body={"strategy":"-android uiautomator","selector":"new UiSelector().textMatches(\"(?is).*\\QWelcome to\\...
13:10:31.465077 POST /session/ece7b49b-6872-48c4-8671-88e157970294/element [20.127121ms] ERR:404 body={"strategy":"-android uiautomator","selector":"new UiSelector().descriptionMatches(\"(?is).*\\QWelco...
13:10:31.503055 POST /session/ece7b49b-6872-48c4-8671-88e157970294/element [37.87191ms] ERR:404 body={"strategy":"-android uiautomator","selector":"new UiSelector().textContains(\"Welcome to\")"}
13:10:31.523827 POST /session/ece7b49b-6872-48c4-8671-88e157970294/element [20.626856ms] ERR:404 body={"strategy":"-android uiautomator","selector":"new UiSelector().descriptionContains(\"Welcome to\")"...
13:10:31.545762 POST /session/ece7b49b-6872-48c4-8671-88e157970294/element [21.805151ms] ERR:404 body={"strategy":"-android uiautomator","selector":"new UiSelector().textMatches(\"(?is).*\\QWelcome to\\...
13:10:31.566452 POST /session/ece7b49b-6872-48c4-8671-88e157970294/element [20.573848ms] ERR:404 body={"strategy":"-android uiautomator","selector":"new UiSelector().descriptionMatches(\"(?is).*\\QWelco...
13:10:31.588061 POST /session/ece7b49b-6872-48c4-8671-88e157970294/element [21.520597ms] ERR:404 body={"strategy":"-android uiautomator","selector":"new UiSelector().textContains(\"Welcome to\")"}
13:10:31.608285 POST /session/ece7b49b-6872-48c4-8671-88e157970294/element [20.147189ms] ERR:404 body={"strategy":"-android uiautomator","selector":"new UiSelector().descriptionContains(\"Welcome to\")"...
13:10:31.635108 POST /session/ece7b49b-6872-48c4-8671-88e157970294/element [26.729209ms] ERR:404 body={"strategy":"-android uiautomator","selector":"new UiSelector().textMatches(\"(?is).*\\QWelcome to\\...
13:10:31.661692 POST /session/ece7b49b-6872-48c4-8671-88e157970294/element [26.461864ms] ERR:404 body={"strategy":"-android uiautomator","selector":"new UiSelector().descriptionMatches(\"(?is).*\\QWelco...
13:10:31.688394 POST /session/ece7b49b-6872-48c4-8671-88e157970294/element [26.619794ms] ERR:404 body={"strategy":"-android uiautomator","selector":"new UiSelector().textContains(\"Welcome to\")"}
13:10:31.710656 POST /session/ece7b49b-6872-48c4-8671-88e157970294/element [22.157308ms] ERR:404 body={"strategy":"-android uiautomator","selector":"new UiSelector().descriptionContains(\"Welcome to\")"...
13:10:31.742113 POST /session/ece7b49b-6872-48c4-8671-88e157970294/element [31.299492ms] ERR:404 body={"strategy":"-android uiautomator","selector":"new UiSelector().textMatches(\"(?is).*\\QWelcome to\\...
13:10:31.762089 POST /session/ece7b49b-6872-48c4-8671-88e157970294/element [19.868834ms] ERR:404 body={"strategy":"-android uiautomator","selector":"new UiSelector().descriptionMatches(\"(?is).*\\QWelco...
13:10:31.782069 POST /session/ece7b49b-6872-48c4-8671-88e157970294/element [19.877375ms] ERR:404 body={"strategy":"-android uiautomator","selector":"new UiSelector().textContains(\"Welcome to\")"}
13:10:31.807164 POST /session/ece7b49b-6872-48c4-8671-88e157970294/element [24.991577ms] ERR:404 body={"strategy":"-android uiautomator","selector":"new UiSelector().descriptionContains(\"Welcome to\")"...
13:10:31.834619 POST /session/ece7b49b-6872-48c4-8671-88e157970294/element [27.34059ms] ERR:404 body={"strategy":"-android uiautomator","selector":"new UiSelector().textMatches(\"(?is).*\\QWelcome to\\...
13:10:32.819527 POST /session/ece7b49b-6872-48c4-8671-88e157970294/element [984.800616ms] ERR:404 body={"strategy":"-android uiautomator","selector":"new UiSelector().descriptionMatches(\"(?is).*\\QWelco...
13:10:33.307136 POST /session/ece7b49b-6872-48c4-8671-88e157970294/element [487.439258ms] OK body={"strategy":"-android uiautomator","selector":"new UiSelector().textContains(\"Welcome to\")"}
13:10:33.315806 POST /session/ece7b49b-6872-48c4-8671-88e157970294/element [8.297564ms] OK body={"strategy":"-android uiautomator","selector":"new UiSelector().textContains(\"Tastopia\")"}
13:10:33.320889 POST /session/ece7b49b-6872-48c4-8671-88e157970294/appium/settings [3.221551ms] OK body={"settings":{"waitForIdleTimeout":200}}
13:10:38.378103 POST /session/ece7b49b-6872-48c4-8671-88e157970294/appium/device/launch_app [3.333534ms] ERR:404 body={"appId":"com.tastopia.app"}
13:10:41.258632 POST /session/ece7b49b-6872-48c4-8671-88e157970294/element [995.339918ms] OK body={"strategy":"-android uiautomator","selector":"new UiSelector().resourceIdMatches(\".*welcome-sign-i...
13:10:42.381001 GET /session/ece7b49b-6872-48c4-8671-88e157970294/element/00000000-0000-000c-ffff-ffff00000022/text [1.122266422s] OK body=
13:10:42.391528 GET /session/ece7b49b-6872-48c4-8671-88e157970294/element/00000000-0000-000c-ffff-ffff00000022/rect [10.470581ms] OK body=
13:10:42.421513 POST /session/ece7b49b-6872-48c4-8671-88e157970294/element/00000000-0000-000c-ffff-ffff00000022/click [29.938131ms] OK body=
13:10:42.430303 POST /session/ece7b49b-6872-48c4-8671-88e157970294/element [8.458665ms] ERR:404 body={"strategy":"-android uiautomator","selector":"new UiSelector().resourceIdMatches(\".*login-identifi...
13:10:42.439248 POST /session/ece7b49b-6872-48c4-8671-88e157970294/element [8.819299ms] ERR:404 body={"strategy":"-android uiautomator","selector":"new UiSelector().resourceIdMatches(\".*login-identifi...
13:10:42.449303 POST /session/ece7b49b-6872-48c4-8671-88e157970294/element [9.960976ms] ERR:404 body={"strategy":"-android uiautomator","selector":"new UiSelector().resourceIdMatches(\".*login-identifi...
13:10:42.462461 POST /session/ece7b49b-6872-48c4-8671-88e157970294/element [13.074993ms] ERR:404 body={"strategy":"-android uiautomator","selector":"new UiSelector().resourceIdMatches(\".*login-identifi...
13:10:42.475817 POST /session/ece7b49b-6872-48c4-8671-88e157970294/element [13.261544ms] ERR:404 body={"strategy":"-android uiautomator","selector":"new UiSelector().resourceIdMatches(\".*login-identifi...
13:10:42.492141 POST /session/ece7b49b-6872-48c4-8671-88e157970294/element [16.144173ms] ERR:404 body={"strategy":"-android uiautomator","selector":"new UiSelector().resourceIdMatches(\".*login-identifi...
13:10:42.501456 POST /session/ece7b49b-6872-48c4-8671-88e157970294/element [9.198177ms] ERR:404 body={"strategy":"-android uiautomator","selector":"new UiSelector().resourceIdMatches(\".*login-identifi...
13:10:42.512823 POST /session/ece7b49b-6872-48c4-8671-88e157970294/element [11.224315ms] ERR:404 body={"strategy":"-android uiautomator","selector":"new UiSelector().resourceIdMatches(\".*login-identifi...
13:10:42.541775 POST /session/ece7b49b-6872-48c4-8671-88e157970294/element [28.81823ms] ERR:404 body={"strategy":"-android uiautomator","selector":"new UiSelector().resourceIdMatches(\".*login-identifi...
13:10:42.617608 POST /session/ece7b49b-6872-48c4-8671-88e157970294/element [75.691115ms] OK body={"strategy":"-android uiautomator","selector":"new UiSelector().resourceIdMatches(\".*login-identifi...
13:10:43.229855 POST /session/ece7b49b-6872-48c4-8671-88e157970294/element [611.804864ms] OK body={"strategy":"-android uiautomator","selector":"new UiSelector().resourceIdMatches(\".*login-identifi...
13:10:44.232579 GET /session/ece7b49b-6872-48c4-8671-88e157970294/element/00000000-0000-000c-ffff-ffff00000033/text [1.002646274s] OK body=
13:10:44.339297 GET /session/ece7b49b-6872-48c4-8671-88e157970294/element/00000000-0000-000c-ffff-ffff00000033/rect [106.641122ms] OK body=
13:10:44.515951 POST /session/ece7b49b-6872-48c4-8671-88e157970294/element/00000000-0000-000c-ffff-ffff00000033/click [176.575432ms] OK body=
13:10:45.496709 POST /session/ece7b49b-6872-48c4-8671-88e157970294/actions [980.14119ms] OK body={"actions":[{"actions":[{"type":"keyDown","value":"a"},{"type":"keyUp","value":"a"},{"type":"keyDown...
13:10:45.519688 POST /session/ece7b49b-6872-48c4-8671-88e157970294/appium/device/hide_keyboard [22.837978ms] ERR:404 body=
13:10:46.033079 POST /session/ece7b49b-6872-48c4-8671-88e157970294/element [512.755939ms] OK body={"strategy":"-android uiautomator","selector":"new UiSelector().resourceIdMatches(\".*login-password...
13:10:46.063382 POST /session/ece7b49b-6872-48c4-8671-88e157970294/element [29.873713ms] OK body={"strategy":"-android uiautomator","selector":"new UiSelector().resourceIdMatches(\".*login-password...
13:10:46.081493 GET /session/ece7b49b-6872-48c4-8671-88e157970294/element/00000000-0000-000c-ffff-ffff00000034/text [18.008638ms] OK body=
13:10:46.097281 GET /session/ece7b49b-6872-48c4-8671-88e157970294/element/00000000-0000-000c-ffff-ffff00000034/rect [15.737709ms] OK body=
13:10:46.128637 POST /session/ece7b49b-6872-48c4-8671-88e157970294/element/00000000-0000-000c-ffff-ffff00000034/click [31.295322ms] OK body=
13:10:46.621756 POST /session/ece7b49b-6872-48c4-8671-88e157970294/actions [492.299467ms] OK body={"actions":[{"actions":[{"type":"keyDown","value":"P"},{"type":"keyUp","value":"P"},{"type":"keyDown...
13:10:46.640193 POST /session/ece7b49b-6872-48c4-8671-88e157970294/appium/device/hide_keyboard [17.913712ms] ERR:404 body=
13:10:47.149470 POST /session/ece7b49b-6872-48c4-8671-88e157970294/element [508.926725ms] OK body={"strategy":"-android uiautomator","selector":"new UiSelector().resourceIdMatches(\".*login-submit-b...
13:10:47.161697 GET /session/ece7b49b-6872-48c4-8671-88e157970294/element/00000000-0000-000c-ffff-ffff00000044/text [12.155961ms] OK body=
13:10:47.172703 GET /session/ece7b49b-6872-48c4-8671-88e157970294/element/00000000-0000-000c-ffff-ffff00000044/rect [10.962656ms] OK body=
13:10:47.206038 POST /session/ece7b49b-6872-48c4-8671-88e157970294/element/00000000-0000-000c-ffff-ffff00000044/click [33.284386ms] OK body=
13:10:47.214875 POST /session/ece7b49b-6872-48c4-8671-88e157970294/element [8.776781ms] OK body={"strategy":"-android uiautomator","selector":"new UiSelector().resourceIdMatches(\".*login-submit-b...
13:10:47.233797 GET /session/ece7b49b-6872-48c4-8671-88e157970294/element/00000000-0000-000c-ffff-ffff00000044/text [18.838016ms] OK body=
13:10:47.907484 GET /session/ece7b49b-6872-48c4-8671-88e157970294/element/00000000-0000-000c-ffff-ffff00000044/rect [673.594678ms] OK body=
13:10:47.941181 POST /session/ece7b49b-6872-48c4-8671-88e157970294/element/00000000-0000-000c-ffff-ffff00000044/click [33.632998ms] OK body=
13:10:47.965924 POST /session/ece7b49b-6872-48c4-8671-88e157970294/element [24.366028ms] ERR:404 body={"strategy":"-android uiautomator","selector":"new UiSelector().resourceIdMatches(\".*COMMUNITY.*\")...
13:10:47.977694 POST /session/ece7b49b-6872-48c4-8671-88e157970294/element [11.657066ms] ERR:404 body={"strategy":"-android uiautomator","selector":"new UiSelector().resourceIdMatches(\".*COMMUNITY.*\")...
13:10:48.012635 POST /session/ece7b49b-6872-48c4-8671-88e157970294/element [34.841599ms] ERR:404 body={"strategy":"-android uiautomator","selector":"new UiSelector().resourceIdMatches(\".*COMMUNITY.*\")...
13:10:49.018255 POST /session/ece7b49b-6872-48c4-8671-88e157970294/element [1.005516825s] OK body={"strategy":"-android uiautomator","selector":"new UiSelector().resourceIdMatches(\".*COMMUNITY.*\")...
13:10:49.959560 GET /session/ece7b49b-6872-48c4-8671-88e157970294/element/00000000-0000-000c-ffff-ffff0000006e/text [941.241043ms] OK body=
13:10:50.549822 GET /session/ece7b49b-6872-48c4-8671-88e157970294/element/00000000-0000-000c-ffff-ffff0000006e/rect [590.189593ms] OK body=
13:10:51.442472 POST /session/ece7b49b-6872-48c4-8671-88e157970294/element [890.998869ms] OK body={"strategy":"-android uiautomator","selector":"new UiSelector().textContains(\"Community\")"}
13:10:51.469476 POST /session/ece7b49b-6872-48c4-8671-88e157970294/element [25.84257ms] ERR:404 body={"strategy":"-android uiautomator","selector":"new UiSelector().resourceIdMatches(\".*COMMUNITY.*\")...
13:10:51.490454 POST /session/ece7b49b-6872-48c4-8671-88e157970294/element [20.854284ms] OK body={"strategy":"-android uiautomator","selector":"new UiSelector().resourceIdMatches(\".*COMMUNITY.*\")...
13:10:51.502047 GET /session/ece7b49b-6872-48c4-8671-88e157970294/element/00000000-0000-000c-ffff-ffff00000072/text [11.515091ms] OK body=
13:10:51.517298 GET /session/ece7b49b-6872-48c4-8671-88e157970294/element/00000000-0000-000c-ffff-ffff00000072/rect [15.184632ms] OK body=
13:10:51.548870 POST /session/ece7b49b-6872-48c4-8671-88e157970294/element/00000000-0000-000c-ffff-ffff00000072/click [31.508276ms] OK body=
13:10:51.677591 POST /session/ece7b49b-6872-48c4-8671-88e157970294/element [125.457291ms] ERR:404 body={"strategy":"-android uiautomator","selector":"new UiSelector().resourceIdMatches(\".*recipe.*\")"}
13:10:51.767021 POST /session/ece7b49b-6872-48c4-8671-88e157970294/element [89.310732ms] ERR:404 body={"strategy":"-android uiautomator","selector":"new UiSelector().resourceIdMatches(\".*recipe.*\")"}
13:10:51.816029 POST /session/ece7b49b-6872-48c4-8671-88e157970294/element [48.089868ms] ERR:404 body={"strategy":"-android uiautomator","selector":"new UiSelector().resourceIdMatches(\".*recipe.*\")"}
13:10:51.894081 POST /session/ece7b49b-6872-48c4-8671-88e157970294/element [77.917622ms] ERR:404 body={"strategy":"-android uiautomator","selector":"new UiSelector().resourceIdMatches(\".*recipe.*\")"}
13:10:52.959172 POST /session/ece7b49b-6872-48c4-8671-88e157970294/element [1.064959632s] OK body={"strategy":"-android uiautomator","selector":"new UiSelector().resourceIdMatches(\".*recipe.*\")"}
13:10:53.108916 GET /session/ece7b49b-6872-48c4-8671-88e157970294/element/00000000-0000-000c-ffff-ffff000000f4/text [149.656823ms] OK body=
13:10:53.121654 GET /session/ece7b49b-6872-48c4-8671-88e157970294/element/00000000-0000-000c-ffff-ffff000000f4/rect [12.665442ms] OK body=
13:10:53.137675 POST /session/ece7b49b-6872-48c4-8671-88e157970294/element [14.667156ms] OK body={"strategy":"-android uiautomator","selector":"new UiSelector().resourceIdMatches(\".*community-filt...
13:10:53.149686 GET /session/ece7b49b-6872-48c4-8671-88e157970294/element/00000000-0000-000c-ffff-ffff000000c8/text [11.94783ms] OK body=
13:10:53.163166 GET /session/ece7b49b-6872-48c4-8671-88e157970294/element/00000000-0000-000c-ffff-ffff000000c8/rect [13.422537ms] OK body=
13:10:53.198121 POST /session/ece7b49b-6872-48c4-8671-88e157970294/element/00000000-0000-000c-ffff-ffff000000c8/click [34.891019ms] OK body=
13:10:53.229916 POST /session/ece7b49b-6872-48c4-8671-88e157970294/element [29.917662ms] OK body={"strategy":"-android uiautomator","selector":"new UiSelector().resourceIdMatches(\".*recipe.*\")"}
13:10:53.262842 GET /session/ece7b49b-6872-48c4-8671-88e157970294/element/00000000-0000-000c-ffff-ffff000000f4/text [32.813344ms] OK body=
13:10:53.280957 GET /session/ece7b49b-6872-48c4-8671-88e157970294/element/00000000-0000-000c-ffff-ffff000000f4/rect [18.041454ms] OK body=
13:10:53.295838 POST /session/ece7b49b-6872-48c4-8671-88e157970294/element [13.300036ms] OK body={"strategy":"-android uiautomator","selector":"new UiSelector().resourceIdMatches(\".*community-filt...
13:10:53.306682 GET /session/ece7b49b-6872-48c4-8671-88e157970294/element/00000000-0000-000c-ffff-ffff000000c9/text [10.781636ms] OK body=
13:10:53.323947 GET /session/ece7b49b-6872-48c4-8671-88e157970294/element/00000000-0000-000c-ffff-ffff000000c9/rect [17.207362ms] OK body=
13:10:53.361334 POST /session/ece7b49b-6872-48c4-8671-88e157970294/element/00000000-0000-000c-ffff-ffff000000c9/click [37.31693ms] OK body=
13:10:53.436240 POST /session/ece7b49b-6872-48c4-8671-88e157970294/element [73.438429ms] OK body={"strategy":"-android uiautomator","selector":"new UiSelector().resourceIdMatches(\".*recipe.*\")"}
13:10:54.097204 GET /session/ece7b49b-6872-48c4-8671-88e157970294/element/00000000-0000-000c-ffff-ffff000000f4/text [660.864858ms] OK body=
13:10:54.108800 GET /session/ece7b49b-6872-48c4-8671-88e157970294/element/00000000-0000-000c-ffff-ffff000000f4/rect [11.540419ms] OK body=
13:10:54.124069 POST /session/ece7b49b-6872-48c4-8671-88e157970294/element [14.008806ms] OK body={"strategy":"-android uiautomator","selector":"new UiSelector().resourceIdMatches(\".*community-filt...
13:10:54.135454 GET /session/ece7b49b-6872-48c4-8671-88e157970294/element/00000000-0000-000c-ffff-ffff000000ca/text [11.334974ms] OK body=
13:10:54.145796 GET /session/ece7b49b-6872-48c4-8671-88e157970294/element/00000000-0000-000c-ffff-ffff000000ca/rect [10.291783ms] OK body=
13:10:54.176871 POST /session/ece7b49b-6872-48c4-8671-88e157970294/element/00000000-0000-000c-ffff-ffff000000ca/click [30.998008ms] OK body=
13:10:54.213924 POST /session/ece7b49b-6872-48c4-8671-88e157970294/element [34.21155ms] OK body={"strategy":"-android uiautomator","selector":"new UiSelector().resourceIdMatches(\".*recipe.*\")"}
13:10:54.233047 GET /session/ece7b49b-6872-48c4-8671-88e157970294/element/00000000-0000-000c-ffff-ffff000000f4/text [19.065969ms] OK body=
13:10:54.251141 GET /session/ece7b49b-6872-48c4-8671-88e157970294/element/00000000-0000-000c-ffff-ffff000000f4/rect [18.025374ms] OK body=
13:10:54.270936 POST /session/ece7b49b-6872-48c4-8671-88e157970294/element [18.460459ms] OK body={"strategy":"-android uiautomator","selector":"new UiSelector().resourceIdMatches(\".*community-filt...
13:10:54.283342 GET /session/ece7b49b-6872-48c4-8671-88e157970294/element/00000000-0000-000c-ffff-ffff000000cb/text [12.363077ms] OK body=
13:10:54.296743 GET /session/ece7b49b-6872-48c4-8671-88e157970294/element/00000000-0000-000c-ffff-ffff000000cb/rect [13.362285ms] OK body=
13:10:54.337660 POST /session/ece7b49b-6872-48c4-8671-88e157970294/element/00000000-0000-000c-ffff-ffff000000cb/click [40.839151ms] OK body=
13:10:54.381139 POST /session/ece7b49b-6872-48c4-8671-88e157970294/element [41.564971ms] OK body={"strategy":"-android uiautomator","selector":"new UiSelector().resourceIdMatches(\".*recipe.*\")"}
13:10:54.401849 GET /session/ece7b49b-6872-48c4-8671-88e157970294/element/00000000-0000-000c-ffff-ffff000000f4/text [20.642717ms] OK body=
13:10:54.415205 GET /session/ece7b49b-6872-48c4-8671-88e157970294/element/00000000-0000-000c-ffff-ffff000000f4/rect [13.243062ms] OK body=
13:10:54.430176 POST /session/ece7b49b-6872-48c4-8671-88e157970294/element [13.427414ms] OK body={"strategy":"-android uiautomator","selector":"new UiSelector().resourceIdMatches(\".*community-filt...
13:10:54.447361 GET /session/ece7b49b-6872-48c4-8671-88e157970294/element/00000000-0000-000c-ffff-ffff000000c7/text [17.138265ms] OK body=
13:10:54.465751 GET /session/ece7b49b-6872-48c4-8671-88e157970294/element/00000000-0000-000c-ffff-ffff000000c7/rect [18.35498ms] OK body=
13:10:54.958780 POST /session/ece7b49b-6872-48c4-8671-88e157970294/element/00000000-0000-000c-ffff-ffff000000c7/click [492.96274ms] OK body=
13:10:55.571526 POST /session/ece7b49b-6872-48c4-8671-88e157970294/element [610.74984ms] OK body={"strategy":"-android uiautomator","selector":"new UiSelector().resourceIdMatches(\".*recipe.*\")"}
13:10:55.584208 GET /session/ece7b49b-6872-48c4-8671-88e157970294/element/00000000-0000-000c-ffff-ffff000000f4/text [12.600425ms] OK body=
13:10:55.598813 GET /session/ece7b49b-6872-48c4-8671-88e157970294/element/00000000-0000-000c-ffff-ffff000000f4/rect [14.557818ms] OK body=
13:11:00.939619 POST /session/ece7b49b-6872-48c4-8671-88e157970294/appium/device/launch_app [5.135133ms] ERR:404 body={"appId":"com.tastopia.app"}
13:11:04.213237 POST /session/ece7b49b-6872-48c4-8671-88e157970294/element [1.371783368s] OK body={"strategy":"-android uiautomator","selector":"new UiSelector().resourceIdMatches(\".*MENU.*\")"}
13:11:05.652111 GET /session/ece7b49b-6872-48c4-8671-88e157970294/element/00000000-0000-000e-ffff-ffff0000008e/text [1.438795175s] OK body=
13:11:06.669916 GET /session/ece7b49b-6872-48c4-8671-88e157970294/element/00000000-0000-000e-ffff-ffff0000008e/rect [1.017731227s] OK body=
13:11:06.708328 POST /session/ece7b49b-6872-48c4-8671-88e157970294/element [36.982244ms] ERR:404 body={"strategy":"-android uiautomator","selector":"new UiSelector().resourceIdMatches(\".*MENU.*\").clic...
13:11:06.740768 POST /session/ece7b49b-6872-48c4-8671-88e157970294/element [32.306112ms] OK body={"strategy":"-android uiautomator","selector":"new UiSelector().resourceIdMatches(\".*MENU.*\")"}
13:11:06.754543 GET /session/ece7b49b-6872-48c4-8671-88e157970294/element/00000000-0000-000e-ffff-ffff0000008e/text [13.649921ms] OK body=
13:11:06.768155 GET /session/ece7b49b-6872-48c4-8671-88e157970294/element/00000000-0000-000e-ffff-ffff0000008e/rect [13.547931ms] OK body=
13:11:06.807202 POST /session/ece7b49b-6872-48c4-8671-88e157970294/element/00000000-0000-000e-ffff-ffff0000008e/click [38.970064ms] OK body=
13:11:06.811448 POST /session/ece7b49b-6872-48c4-8671-88e157970294/appium/device/hide_keyboard [4.126655ms] ERR:404 body=
13:11:06.849870 POST /session/ece7b49b-6872-48c4-8671-88e157970294/element [37.917033ms] ERR:404 body={"strategy":"-android uiautomator","selector":"new UiSelector().textContains(\"History\")"}
13:11:06.890697 POST /session/ece7b49b-6872-48c4-8671-88e157970294/element [40.664222ms] ERR:404 body={"strategy":"-android uiautomator","selector":"new UiSelector().descriptionContains(\"History\")"}
13:11:06.919532 POST /session/ece7b49b-6872-48c4-8671-88e157970294/element [28.687526ms] ERR:404 body={"strategy":"-android uiautomator","selector":"new UiSelector().textMatches(\"(?is).*\\QHistory\\E.*...
13:11:06.948651 POST /session/ece7b49b-6872-48c4-8671-88e157970294/element [28.994196ms] ERR:404 body={"strategy":"-android uiautomator","selector":"new UiSelector().descriptionMatches(\"(?is).*\\QHisto...
13:11:06.983344 POST /session/ece7b49b-6872-48c4-8671-88e157970294/element [34.48172ms] ERR:404 body={"strategy":"-android uiautomator","selector":"new UiSelector().textContains(\"History\")"}
13:11:07.141110 POST /session/ece7b49b-6872-48c4-8671-88e157970294/element [157.627849ms] ERR:404 body={"strategy":"-android uiautomator","selector":"new UiSelector().descriptionContains(\"History\")"}
13:11:08.038867 POST /session/ece7b49b-6872-48c4-8671-88e157970294/element [897.586881ms] OK body={"strategy":"-android uiautomator","selector":"new UiSelector().textMatches(\"(?is).*\\QHistory\\E.*...
13:11:08.058949 POST /session/ece7b49b-6872-48c4-8671-88e157970294/element [19.710633ms] OK body={"strategy":"-android uiautomator","selector":"new UiSelector().resourceIdMatches(\".*menu-logout-bu...
13:11:08.070382 GET /session/ece7b49b-6872-48c4-8671-88e157970294/element/00000000-0000-000e-ffff-ffff000000c8/text [11.369828ms] OK body=
13:11:08.081754 GET /session/ece7b49b-6872-48c4-8671-88e157970294/element/00000000-0000-000e-ffff-ffff000000c8/rect [11.326297ms] OK body=
13:11:08.115018 POST /session/ece7b49b-6872-48c4-8671-88e157970294/element/00000000-0000-000e-ffff-ffff000000c8/click [33.194924ms] OK body=
13:11:08.135252 POST /session/ece7b49b-6872-48c4-8671-88e157970294/element [19.85635ms] ERR:404 body={"strategy":"-android uiautomator","selector":"new UiSelector().textContains(\"Welcome to\")"}
13:11:08.156319 POST /session/ece7b49b-6872-48c4-8671-88e157970294/element [20.937391ms] ERR:404 body={"strategy":"-android uiautomator","selector":"new UiSelector().descriptionContains(\"Welcome to\")"...
13:11:08.176911 POST /session/ece7b49b-6872-48c4-8671-88e157970294/element [20.434574ms] ERR:404 body={"strategy":"-android uiautomator","selector":"new UiSelector().textMatches(\"(?is).*\\QWelcome to\\...
13:11:08.196999 POST /session/ece7b49b-6872-48c4-8671-88e157970294/element [19.949251ms] ERR:404 body={"strategy":"-android uiautomator","selector":"new UiSelector().descriptionMatches(\"(?is).*\\QWelco...
13:11:08.218766 POST /session/ece7b49b-6872-48c4-8671-88e157970294/element [21.667942ms] ERR:404 body={"strategy":"-android uiautomator","selector":"new UiSelector().textContains(\"Welcome to\")"}
13:11:08.241252 POST /session/ece7b49b-6872-48c4-8671-88e157970294/element [22.346682ms] ERR:404 body={"strategy":"-android uiautomator","selector":"new UiSelector().descriptionContains(\"Welcome to\")"...
13:11:08.268059 POST /session/ece7b49b-6872-48c4-8671-88e157970294/element [26.678661ms] ERR:404 body={"strategy":"-android uiautomator","selector":"new UiSelector().textMatches(\"(?is).*\\QWelcome to\\...
13:11:08.290755 POST /session/ece7b49b-6872-48c4-8671-88e157970294/element [22.557776ms] ERR:404 body={"strategy":"-android uiautomator","selector":"new UiSelector().descriptionMatches(\"(?is).*\\QWelco...
13:11:08.320685 POST /session/ece7b49b-6872-48c4-8671-88e157970294/element [29.788262ms] ERR:404 body={"strategy":"-android uiautomator","selector":"new UiSelector().textContains(\"Welcome to\")"}
13:11:08.347014 POST /session/ece7b49b-6872-48c4-8671-88e157970294/element [26.202609ms] ERR:404 body={"strategy":"-android uiautomator","selector":"new UiSelector().descriptionContains(\"Welcome to\")"...
13:11:08.373609 POST /session/ece7b49b-6872-48c4-8671-88e157970294/element [26.51688ms] ERR:404 body={"strategy":"-android uiautomator","selector":"new UiSelector().textMatches(\"(?is).*\\QWelcome to\\...
13:11:08.398906 POST /session/ece7b49b-6872-48c4-8671-88e157970294/element [25.192241ms] ERR:404 body={"strategy":"-android uiautomator","selector":"new UiSelector().descriptionMatches(\"(?is).*\\QWelco...
13:11:08.425696 POST /session/ece7b49b-6872-48c4-8671-88e157970294/element [26.672487ms] ERR:404 body={"strategy":"-android uiautomator","selector":"new UiSelector().textContains(\"Welcome to\")"}
13:11:08.462894 POST /session/ece7b49b-6872-48c4-8671-88e157970294/element [37.095927ms] ERR:404 body={"strategy":"-android uiautomator","selector":"new UiSelector().descriptionContains(\"Welcome to\")"...
13:11:08.488056 POST /session/ece7b49b-6872-48c4-8671-88e157970294/element [24.989864ms] ERR:404 body={"strategy":"-android uiautomator","selector":"new UiSelector().textMatches(\"(?is).*\\QWelcome to\\...
13:11:08.517387 POST /session/ece7b49b-6872-48c4-8671-88e157970294/element [29.195821ms] ERR:404 body={"strategy":"-android uiautomator","selector":"new UiSelector().descriptionMatches(\"(?is).*\\QWelco...
13:11:08.542041 POST /session/ece7b49b-6872-48c4-8671-88e157970294/element [24.543263ms] ERR:404 body={"strategy":"-android uiautomator","selector":"new UiSelector().textContains(\"Welcome to\")"}
13:11:08.563234 POST /session/ece7b49b-6872-48c4-8671-88e157970294/element [21.069013ms] ERR:404 body={"strategy":"-android uiautomator","selector":"new UiSelector().descriptionContains(\"Welcome to\")"...
13:11:08.584792 POST /session/ece7b49b-6872-48c4-8671-88e157970294/element [21.406042ms] ERR:404 body={"strategy":"-android uiautomator","selector":"new UiSelector().textMatches(\"(?is).*\\QWelcome to\\...
13:11:08.605761 POST /session/ece7b49b-6872-48c4-8671-88e157970294/element [20.830356ms] ERR:404 body={"strategy":"-android uiautomator","selector":"new UiSelector().descriptionMatches(\"(?is).*\\QWelco...
13:11:08.743012 POST /session/ece7b49b-6872-48c4-8671-88e157970294/element [137.094594ms] ERR:404 body={"strategy":"-android uiautomator","selector":"new UiSelector().textContains(\"Welcome to\")"}
13:11:09.533456 POST /session/ece7b49b-6872-48c4-8671-88e157970294/element [790.320389ms] ERR:404 body={"strategy":"-android uiautomator","selector":"new UiSelector().descriptionContains(\"Welcome to\")"...
13:11:10.096627 POST /session/ece7b49b-6872-48c4-8671-88e157970294/element [563.019889ms] OK body={"strategy":"-android uiautomator","selector":"new UiSelector().textMatches(\"(?is).*\\QWelcome to\\...
13:11:10.105715 POST /session/ece7b49b-6872-48c4-8671-88e157970294/element [8.679838ms] OK body={"strategy":"-android uiautomator","selector":"new UiSelector().textContains(\"Tastopia\")"}
13:11:10.111798 POST /session/ece7b49b-6872-48c4-8671-88e157970294/appium/settings [2.693148ms] OK body={"settings":{"waitForIdleTimeout":200}}
13:11:15.466619 POST /session/ece7b49b-6872-48c4-8671-88e157970294/appium/device/launch_app [3.667429ms] ERR:404 body={"appId":"com.tastopia.app"}
13:11:18.339054 POST /session/ece7b49b-6872-48c4-8671-88e157970294/element [929.162675ms] OK body={"strategy":"-android uiautomator","selector":"new UiSelector().resourceIdMatches(\".*welcome-sign-i...
13:11:19.279127 GET /session/ece7b49b-6872-48c4-8671-88e157970294/element/00000000-0000-0010-ffff-ffff00000021/text [939.99718ms] OK body=
13:11:19.291199 GET /session/ece7b49b-6872-48c4-8671-88e157970294/element/00000000-0000-0010-ffff-ffff00000021/rect [12.010746ms] OK body=
13:11:19.322963 POST /session/ece7b49b-6872-48c4-8671-88e157970294/element/00000000-0000-0010-ffff-ffff00000021/click [31.683968ms] OK body=
13:11:19.342055 POST /session/ece7b49b-6872-48c4-8671-88e157970294/element [18.707576ms] ERR:404 body={"strategy":"-android uiautomator","selector":"new UiSelector().resourceIdMatches(\".*login-identifi...
13:11:19.350371 POST /session/ece7b49b-6872-48c4-8671-88e157970294/element [8.149216ms] ERR:404 body={"strategy":"-android uiautomator","selector":"new UiSelector().resourceIdMatches(\".*login-identifi...
13:11:19.358098 POST /session/ece7b49b-6872-48c4-8671-88e157970294/element [7.560946ms] ERR:404 body={"strategy":"-android uiautomator","selector":"new UiSelector().resourceIdMatches(\".*login-identifi...
13:11:19.371007 POST /session/ece7b49b-6872-48c4-8671-88e157970294/element [12.776558ms] ERR:404 body={"strategy":"-android uiautomator","selector":"new UiSelector().resourceIdMatches(\".*login-identifi...
13:11:19.386540 POST /session/ece7b49b-6872-48c4-8671-88e157970294/element [15.397137ms] ERR:404 body={"strategy":"-android uiautomator","selector":"new UiSelector().resourceIdMatches(\".*login-identifi...
13:11:19.401805 POST /session/ece7b49b-6872-48c4-8671-88e157970294/element [15.118255ms] ERR:404 body={"strategy":"-android uiautomator","selector":"new UiSelector().resourceIdMatches(\".*login-identifi...
13:11:19.417113 POST /session/ece7b49b-6872-48c4-8671-88e157970294/element [15.154444ms] ERR:404 body={"strategy":"-android uiautomator","selector":"new UiSelector().resourceIdMatches(\".*login-identifi...
13:11:19.442475 POST /session/ece7b49b-6872-48c4-8671-88e157970294/element [25.211156ms] ERR:404 body={"strategy":"-android uiautomator","selector":"new UiSelector().resourceIdMatches(\".*login-identifi...
13:11:20.418552 POST /session/ece7b49b-6872-48c4-8671-88e157970294/element [975.951479ms] OK body={"strategy":"-android uiautomator","selector":"new UiSelector().resourceIdMatches(\".*login-identifi...
13:11:21.017752 POST /session/ece7b49b-6872-48c4-8671-88e157970294/element [598.805294ms] OK body={"strategy":"-android uiautomator","selector":"new UiSelector().resourceIdMatches(\".*login-identifi...
13:11:21.029411 GET /session/ece7b49b-6872-48c4-8671-88e157970294/element/00000000-0000-0010-ffff-ffff00000051/text [11.591431ms] OK body=
13:11:21.051679 GET /session/ece7b49b-6872-48c4-8671-88e157970294/element/00000000-0000-0010-ffff-ffff00000051/rect [22.195788ms] OK body=
13:11:21.130717 POST /session/ece7b49b-6872-48c4-8671-88e157970294/element/00000000-0000-0010-ffff-ffff00000051/click [78.961119ms] OK body=
13:11:22.327653 POST /session/ece7b49b-6872-48c4-8671-88e157970294/actions [1.196197622s] OK body={"actions":[{"actions":[{"type":"keyDown","value":"a"},{"type":"keyUp","value":"a"},{"type":"keyDown...
13:11:22.338492 POST /session/ece7b49b-6872-48c4-8671-88e157970294/appium/device/hide_keyboard [10.642888ms] ERR:404 body=
13:11:22.845256 POST /session/ece7b49b-6872-48c4-8671-88e157970294/element [505.91467ms] OK body={"strategy":"-android uiautomator","selector":"new UiSelector().resourceIdMatches(\".*login-password...
13:11:22.872955 POST /session/ece7b49b-6872-48c4-8671-88e157970294/element [27.348843ms] OK body={"strategy":"-android uiautomator","selector":"new UiSelector().resourceIdMatches(\".*login-password...
13:11:22.887993 GET /session/ece7b49b-6872-48c4-8671-88e157970294/element/00000000-0000-0010-ffff-ffff00000052/text [14.954058ms] OK body=
13:11:22.904215 GET /session/ece7b49b-6872-48c4-8671-88e157970294/element/00000000-0000-0010-ffff-ffff00000052/rect [16.14187ms] OK body=
13:11:22.940364 POST /session/ece7b49b-6872-48c4-8671-88e157970294/element/00000000-0000-0010-ffff-ffff00000052/click [36.010386ms] OK body=
13:11:23.563877 POST /session/ece7b49b-6872-48c4-8671-88e157970294/actions [623.087ms] OK body={"actions":[{"actions":[{"type":"keyDown","value":"P"},{"type":"keyUp","value":"P"},{"type":"keyDown...
13:11:23.583190 POST /session/ece7b49b-6872-48c4-8671-88e157970294/appium/device/hide_keyboard [19.213402ms] ERR:404 body=
13:11:24.033745 POST /session/ece7b49b-6872-48c4-8671-88e157970294/element [450.106368ms] OK body={"strategy":"-android uiautomator","selector":"new UiSelector().resourceIdMatches(\".*login-submit-b...
13:11:24.045230 GET /session/ece7b49b-6872-48c4-8671-88e157970294/element/00000000-0000-0010-ffff-ffff00000062/text [11.406115ms] OK body=
13:11:24.057440 GET /session/ece7b49b-6872-48c4-8671-88e157970294/element/00000000-0000-0010-ffff-ffff00000062/rect [12.164533ms] OK body=
13:11:24.089481 POST /session/ece7b49b-6872-48c4-8671-88e157970294/element/00000000-0000-0010-ffff-ffff00000062/click [31.971315ms] OK body=
13:11:24.101295 POST /session/ece7b49b-6872-48c4-8671-88e157970294/element [11.737404ms] OK body={"strategy":"-android uiautomator","selector":"new UiSelector().resourceIdMatches(\".*login-submit-b...
13:11:24.780710 GET /session/ece7b49b-6872-48c4-8671-88e157970294/element/00000000-0000-0010-ffff-ffff00000062/text [679.349804ms] OK body=
13:11:24.795418 GET /session/ece7b49b-6872-48c4-8671-88e157970294/element/00000000-0000-0010-ffff-ffff00000062/rect [14.643758ms] OK body=
13:11:24.842716 POST /session/ece7b49b-6872-48c4-8671-88e157970294/element/00000000-0000-0010-ffff-ffff00000062/click [47.234631ms] OK body=
13:11:24.856326 POST /session/ece7b49b-6872-48c4-8671-88e157970294/element [13.204558ms] ERR:404 body={"strategy":"-android uiautomator","selector":"new UiSelector().resourceIdMatches(\".*COMMUNITY.*\")...
13:11:24.876130 POST /session/ece7b49b-6872-48c4-8671-88e157970294/element [19.621536ms] ERR:404 body={"strategy":"-android uiautomator","selector":"new UiSelector().resourceIdMatches(\".*COMMUNITY.*\")...
13:11:25.886135 POST /session/ece7b49b-6872-48c4-8671-88e157970294/element [1.009873199s] ERR:404 body={"strategy":"-android uiautomator","selector":"new UiSelector().resourceIdMatches(\".*COMMUNITY.*\")...
13:11:25.897124 POST /session/ece7b49b-6872-48c4-8671-88e157970294/element [10.859351ms] ERR:404 body={"strategy":"-android uiautomator","selector":"new UiSelector().resourceIdMatches(\".*COMMUNITY.*\")...
13:11:25.907030 POST /session/ece7b49b-6872-48c4-8671-88e157970294/element [9.776703ms] ERR:404 body={"strategy":"-android uiautomator","selector":"new UiSelector().resourceIdMatches(\".*COMMUNITY.*\")...
13:11:25.917422 POST /session/ece7b49b-6872-48c4-8671-88e157970294/element [10.245643ms] ERR:404 body={"strategy":"-android uiautomator","selector":"new UiSelector().resourceIdMatches(\".*COMMUNITY.*\")...
13:11:25.928557 POST /session/ece7b49b-6872-48c4-8671-88e157970294/element [10.993792ms] ERR:404 body={"strategy":"-android uiautomator","selector":"new UiSelector().resourceIdMatches(\".*COMMUNITY.*\")...
13:11:25.939635 POST /session/ece7b49b-6872-48c4-8671-88e157970294/element [10.967633ms] ERR:404 body={"strategy":"-android uiautomator","selector":"new UiSelector().resourceIdMatches(\".*COMMUNITY.*\")...
13:11:25.950800 POST /session/ece7b49b-6872-48c4-8671-88e157970294/element [11.07691ms] ERR:404 body={"strategy":"-android uiautomator","selector":"new UiSelector().resourceIdMatches(\".*COMMUNITY.*\")...
13:11:25.963232 POST /session/ece7b49b-6872-48c4-8671-88e157970294/element [12.293164ms] ERR:404 body={"strategy":"-android uiautomator","selector":"new UiSelector().resourceIdMatches(\".*COMMUNITY.*\")...
13:11:25.975326 POST /session/ece7b49b-6872-48c4-8671-88e157970294/element [11.918603ms] ERR:404 body={"strategy":"-android uiautomator","selector":"new UiSelector().resourceIdMatches(\".*COMMUNITY.*\")...
13:11:25.986727 POST /session/ece7b49b-6872-48c4-8671-88e157970294/element [11.279449ms] ERR:404 body={"strategy":"-android uiautomator","selector":"new UiSelector().resourceIdMatches(\".*COMMUNITY.*\")...
13:11:25.999050 POST /session/ece7b49b-6872-48c4-8671-88e157970294/element [12.174761ms] ERR:404 body={"strategy":"-android uiautomator","selector":"new UiSelector().resourceIdMatches(\".*COMMUNITY.*\")...
13:11:26.011237 POST /session/ece7b49b-6872-48c4-8671-88e157970294/element [12.06033ms] ERR:404 body={"strategy":"-android uiautomator","selector":"new UiSelector().resourceIdMatches(\".*COMMUNITY.*\")...
13:11:26.032261 POST /session/ece7b49b-6872-48c4-8671-88e157970294/element [20.878595ms] ERR:404 body={"strategy":"-android uiautomator","selector":"new UiSelector().resourceIdMatches(\".*COMMUNITY.*\")...
13:11:26.057372 POST /session/ece7b49b-6872-48c4-8671-88e157970294/element [25.015539ms] ERR:404 body={"strategy":"-android uiautomator","selector":"new UiSelector().resourceIdMatches(\".*COMMUNITY.*\")...
13:11:26.069983 POST /session/ece7b49b-6872-48c4-8671-88e157970294/element [12.447434ms] ERR:404 body={"strategy":"-android uiautomator","selector":"new UiSelector().resourceIdMatches(\".*COMMUNITY.*\")...
13:11:26.083404 POST /session/ece7b49b-6872-48c4-8671-88e157970294/element [13.273597ms] ERR:404 body={"strategy":"-android uiautomator","selector":"new UiSelector().resourceIdMatches(\".*COMMUNITY.*\")...
13:11:26.096517 POST /session/ece7b49b-6872-48c4-8671-88e157970294/element [12.960361ms] ERR:404 body={"strategy":"-android uiautomator","selector":"new UiSelector().resourceIdMatches(\".*COMMUNITY.*\")...
13:11:26.119439 POST /session/ece7b49b-6872-48c4-8671-88e157970294/element [22.773135ms] ERR:404 body={"strategy":"-android uiautomator","selector":"new UiSelector().resourceIdMatches(\".*COMMUNITY.*\")...
13:11:26.132590 POST /session/ece7b49b-6872-48c4-8671-88e157970294/element [13.022519ms] ERR:404 body={"strategy":"-android uiautomator","selector":"new UiSelector().resourceIdMatches(\".*COMMUNITY.*\")...
13:11:26.150455 POST /session/ece7b49b-6872-48c4-8671-88e157970294/element [17.761127ms] ERR:404 body={"strategy":"-android uiautomator","selector":"new UiSelector().resourceIdMatches(\".*COMMUNITY.*\")...
13:11:26.165938 POST /session/ece7b49b-6872-48c4-8671-88e157970294/element [15.343129ms] ERR:404 body={"strategy":"-android uiautomator","selector":"new UiSelector().resourceIdMatches(\".*COMMUNITY.*\")...
13:11:26.178560 POST /session/ece7b49b-6872-48c4-8671-88e157970294/element [12.476947ms] ERR:404 body={"strategy":"-android uiautomator","selector":"new UiSelector().resourceIdMatches(\".*COMMUNITY.*\")...
13:11:26.189499 POST /session/ece7b49b-6872-48c4-8671-88e157970294/element [10.790163ms] ERR:404 body={"strategy":"-android uiautomator","selector":"new UiSelector().resourceIdMatches(\".*COMMUNITY.*\")...
13:11:26.216395 POST /session/ece7b49b-6872-48c4-8671-88e157970294/element [26.767576ms] ERR:404 body={"strategy":"-android uiautomator","selector":"new UiSelector().resourceIdMatches(\".*COMMUNITY.*\")...
13:11:26.233617 POST /session/ece7b49b-6872-48c4-8671-88e157970294/element [17.08346ms] ERR:404 body={"strategy":"-android uiautomator","selector":"new UiSelector().resourceIdMatches(\".*COMMUNITY.*\")...
13:11:26.258010 POST /session/ece7b49b-6872-48c4-8671-88e157970294/element [24.25204ms] ERR:404 body={"strategy":"-android uiautomator","selector":"new UiSelector().resourceIdMatches(\".*COMMUNITY.*\")...
13:11:26.283422 POST /session/ece7b49b-6872-48c4-8671-88e157970294/element [25.26212ms] ERR:404 body={"strategy":"-android uiautomator","selector":"new UiSelector().resourceIdMatches(\".*COMMUNITY.*\")...
13:11:27.219648 POST /session/ece7b49b-6872-48c4-8671-88e157970294/element [936.096777ms] OK body={"strategy":"-android uiautomator","selector":"new UiSelector().resourceIdMatches(\".*COMMUNITY.*\")...
13:11:29.064228 GET /session/ece7b49b-6872-48c4-8671-88e157970294/element/00000000-0000-0010-ffff-ffff00000093/text [1.844513924s] OK body=
13:11:29.443805 GET /session/ece7b49b-6872-48c4-8671-88e157970294/element/00000000-0000-0010-ffff-ffff00000093/rect [379.493697ms] OK body=
13:11:29.468587 POST /session/ece7b49b-6872-48c4-8671-88e157970294/element [23.808979ms] OK body={"strategy":"-android uiautomator","selector":"new UiSelector().textContains(\"Community\")"}
13:11:29.497517 POST /session/ece7b49b-6872-48c4-8671-88e157970294/element [27.512188ms] ERR:404 body={"strategy":"-android uiautomator","selector":"new UiSelector().resourceIdMatches(\".*COMMUNITY.*\")...
13:11:29.519541 POST /session/ece7b49b-6872-48c4-8671-88e157970294/element [21.903497ms] OK body={"strategy":"-android uiautomator","selector":"new UiSelector().resourceIdMatches(\".*COMMUNITY.*\")...
13:11:29.529948 GET /session/ece7b49b-6872-48c4-8671-88e157970294/element/00000000-0000-0010-ffff-ffff00000093/text [10.33144ms] OK body=
13:11:29.540552 GET /session/ece7b49b-6872-48c4-8671-88e157970294/element/00000000-0000-0010-ffff-ffff00000093/rect [10.537241ms] OK body=
13:11:29.571316 POST /session/ece7b49b-6872-48c4-8671-88e157970294/element/00000000-0000-0010-ffff-ffff00000093/click [30.69697ms] OK body=
13:11:29.747254 POST /session/ece7b49b-6872-48c4-8671-88e157970294/element [173.265973ms] ERR:404 body={"strategy":"-android uiautomator","selector":"new UiSelector().resourceIdMatches(\".*recipe.*\").cl...
13:11:29.794738 POST /session/ece7b49b-6872-48c4-8671-88e157970294/element [47.322872ms] OK body={"strategy":"-android uiautomator","selector":"new UiSelector().resourceIdMatches(\".*recipe.*\")"}
13:11:29.812131 GET /session/ece7b49b-6872-48c4-8671-88e157970294/element/00000000-0000-0010-ffff-ffff0000010e/text [17.316542ms] OK body=
13:11:29.822051 GET /session/ece7b49b-6872-48c4-8671-88e157970294/element/00000000-0000-0010-ffff-ffff0000010e/rect [9.864338ms] OK body=
13:11:29.852921 POST /session/ece7b49b-6872-48c4-8671-88e157970294/element/00000000-0000-0010-ffff-ffff0000010e/click [30.800143ms] OK body=
13:11:29.908990 POST /session/ece7b49b-6872-48c4-8671-88e157970294/element [53.94434ms] ERR:404 body={"strategy":"-android uiautomator","selector":"new UiSelector().resourceIdMatches(\".*recipe-cook-bu...
13:11:29.940241 POST /session/ece7b49b-6872-48c4-8671-88e157970294/element [31.113469ms] ERR:404 body={"strategy":"-android uiautomator","selector":"new UiSelector().resourceIdMatches(\".*recipe-cook-bu...
13:11:29.977162 POST /session/ece7b49b-6872-48c4-8671-88e157970294/element [36.804011ms] ERR:404 body={"strategy":"-android uiautomator","selector":"new UiSelector().resourceIdMatches(\".*recipe-cook-bu...
13:11:30.017005 POST /session/ece7b49b-6872-48c4-8671-88e157970294/element [39.689866ms] ERR:404 body={"strategy":"-android uiautomator","selector":"new UiSelector().resourceIdMatches(\".*recipe-cook-bu...
13:11:30.048271 POST /session/ece7b49b-6872-48c4-8671-88e157970294/element [31.0863ms] ERR:404 body={"strategy":"-android uiautomator","selector":"new UiSelector().resourceIdMatches(\".*recipe-cook-bu...
13:11:30.091495 POST /session/ece7b49b-6872-48c4-8671-88e157970294/element [43.068643ms] ERR:404 body={"strategy":"-android uiautomator","selector":"new UiSelector().resourceIdMatches(\".*recipe-cook-bu...
13:11:30.907981 POST /session/ece7b49b-6872-48c4-8671-88e157970294/element [816.325665ms] ERR:404 body={"strategy":"-android uiautomator","selector":"new UiSelector().resourceIdMatches(\".*recipe-cook-bu...
13:11:30.924013 POST /session/ece7b49b-6872-48c4-8671-88e157970294/element [15.909133ms] ERR:404 body={"strategy":"-android uiautomator","selector":"new UiSelector().resourceIdMatches(\".*recipe-cook-bu...
13:11:30.942197 POST /session/ece7b49b-6872-48c4-8671-88e157970294/element [18.05119ms] ERR:404 body={"strategy":"-android uiautomator","selector":"new UiSelector().resourceIdMatches(\".*recipe-cook-bu...
13:11:30.959211 POST /session/ece7b49b-6872-48c4-8671-88e157970294/element [16.90568ms] ERR:404 body={"strategy":"-android uiautomator","selector":"new UiSelector().resourceIdMatches(\".*recipe-cook-bu...
13:11:30.975685 POST /session/ece7b49b-6872-48c4-8671-88e157970294/element [16.391707ms] ERR:404 body={"strategy":"-android uiautomator","selector":"new UiSelector().resourceIdMatches(\".*recipe-cook-bu...
13:11:30.990359 POST /session/ece7b49b-6872-48c4-8671-88e157970294/element [14.555153ms] ERR:404 body={"strategy":"-android uiautomator","selector":"new UiSelector().resourceIdMatches(\".*recipe-cook-bu...
13:11:31.005801 POST /session/ece7b49b-6872-48c4-8671-88e157970294/element [15.326916ms] ERR:404 body={"strategy":"-android uiautomator","selector":"new UiSelector().resourceIdMatches(\".*recipe-cook-bu...
13:11:31.020880 POST /session/ece7b49b-6872-48c4-8671-88e157970294/element [14.936175ms] ERR:404 body={"strategy":"-android uiautomator","selector":"new UiSelector().resourceIdMatches(\".*recipe-cook-bu...
13:11:31.036396 POST /session/ece7b49b-6872-48c4-8671-88e157970294/element [15.419187ms] ERR:404 body={"strategy":"-android uiautomator","selector":"new UiSelector().resourceIdMatches(\".*recipe-cook-bu...
13:11:31.053806 POST /session/ece7b49b-6872-48c4-8671-88e157970294/element [17.295066ms] ERR:404 body={"strategy":"-android uiautomator","selector":"new UiSelector().resourceIdMatches(\".*recipe-cook-bu...
13:11:31.069579 POST /session/ece7b49b-6872-48c4-8671-88e157970294/element [15.660109ms] ERR:404 body={"strategy":"-android uiautomator","selector":"new UiSelector().resourceIdMatches(\".*recipe-cook-bu...
13:11:31.087397 POST /session/ece7b49b-6872-48c4-8671-88e157970294/element [17.696596ms] ERR:404 body={"strategy":"-android uiautomator","selector":"new UiSelector().resourceIdMatches(\".*recipe-cook-bu...
13:11:31.102796 POST /session/ece7b49b-6872-48c4-8671-88e157970294/element [15.29046ms] ERR:404 body={"strategy":"-android uiautomator","selector":"new UiSelector().resourceIdMatches(\".*recipe-cook-bu...
13:11:31.116428 POST /session/ece7b49b-6872-48c4-8671-88e157970294/element [13.506991ms] ERR:404 body={"strategy":"-android uiautomator","selector":"new UiSelector().resourceIdMatches(\".*recipe-cook-bu...
13:11:31.130414 POST /session/ece7b49b-6872-48c4-8671-88e157970294/element [13.857463ms] ERR:404 body={"strategy":"-android uiautomator","selector":"new UiSelector().resourceIdMatches(\".*recipe-cook-bu...
13:11:31.144990 POST /session/ece7b49b-6872-48c4-8671-88e157970294/element [14.447899ms] ERR:404 body={"strategy":"-android uiautomator","selector":"new UiSelector().resourceIdMatches(\".*recipe-cook-bu...
13:11:31.160598 POST /session/ece7b49b-6872-48c4-8671-88e157970294/element [15.509317ms] ERR:404 body={"strategy":"-android uiautomator","selector":"new UiSelector().resourceIdMatches(\".*recipe-cook-bu...
13:11:31.178080 POST /session/ece7b49b-6872-48c4-8671-88e157970294/element [17.381946ms] ERR:404 body={"strategy":"-android uiautomator","selector":"new UiSelector().resourceIdMatches(\".*recipe-cook-bu...
13:11:31.196032 POST /session/ece7b49b-6872-48c4-8671-88e157970294/element [17.828703ms] ERR:404 body={"strategy":"-android uiautomator","selector":"new UiSelector().resourceIdMatches(\".*recipe-cook-bu...
13:11:31.214145 POST /session/ece7b49b-6872-48c4-8671-88e157970294/element [17.989125ms] ERR:404 body={"strategy":"-android uiautomator","selector":"new UiSelector().resourceIdMatches(\".*recipe-cook-bu...
13:11:31.230245 POST /session/ece7b49b-6872-48c4-8671-88e157970294/element [15.972021ms] ERR:404 body={"strategy":"-android uiautomator","selector":"new UiSelector().resourceIdMatches(\".*recipe-cook-bu...
13:11:31.247771 POST /session/ece7b49b-6872-48c4-8671-88e157970294/element [17.385675ms] ERR:404 body={"strategy":"-android uiautomator","selector":"new UiSelector().resourceIdMatches(\".*recipe-cook-bu...
13:11:31.263688 POST /session/ece7b49b-6872-48c4-8671-88e157970294/element [15.801355ms] ERR:404 body={"strategy":"-android uiautomator","selector":"new UiSelector().resourceIdMatches(\".*recipe-cook-bu...
13:11:31.279793 POST /session/ece7b49b-6872-48c4-8671-88e157970294/element [15.914755ms] ERR:404 body={"strategy":"-android uiautomator","selector":"new UiSelector().resourceIdMatches(\".*recipe-cook-bu...
13:11:31.296211 POST /session/ece7b49b-6872-48c4-8671-88e157970294/element [16.282941ms] ERR:404 body={"strategy":"-android uiautomator","selector":"new UiSelector().resourceIdMatches(\".*recipe-cook-bu...
13:11:31.311236 POST /session/ece7b49b-6872-48c4-8671-88e157970294/element [14.941115ms] ERR:404 body={"strategy":"-android uiautomator","selector":"new UiSelector().resourceIdMatches(\".*recipe-cook-bu...
13:11:31.327701 POST /session/ece7b49b-6872-48c4-8671-88e157970294/element [16.370327ms] ERR:404 body={"strategy":"-android uiautomator","selector":"new UiSelector().resourceIdMatches(\".*recipe-cook-bu...
13:11:31.343172 POST /session/ece7b49b-6872-48c4-8671-88e157970294/element [15.35578ms] ERR:404 body={"strategy":"-android uiautomator","selector":"new UiSelector().resourceIdMatches(\".*recipe-cook-bu...
13:11:31.361657 POST /session/ece7b49b-6872-48c4-8671-88e157970294/element [18.351953ms] ERR:404 body={"strategy":"-android uiautomator","selector":"new UiSelector().resourceIdMatches(\".*recipe-cook-bu...
13:11:31.383030 POST /session/ece7b49b-6872-48c4-8671-88e157970294/element [21.236726ms] ERR:404 body={"strategy":"-android uiautomator","selector":"new UiSelector().resourceIdMatches(\".*recipe-cook-bu...
13:11:31.402638 POST /session/ece7b49b-6872-48c4-8671-88e157970294/element [19.484199ms] ERR:404 body={"strategy":"-android uiautomator","selector":"new UiSelector().resourceIdMatches(\".*recipe-cook-bu...
13:11:31.419941 POST /session/ece7b49b-6872-48c4-8671-88e157970294/element [17.093539ms] ERR:404 body={"strategy":"-android uiautomator","selector":"new UiSelector().resourceIdMatches(\".*recipe-cook-bu...
13:11:31.470505 POST /session/ece7b49b-6872-48c4-8671-88e157970294/element [50.435166ms] ERR:404 body={"strategy":"-android uiautomator","selector":"new UiSelector().resourceIdMatches(\".*recipe-cook-bu...
13:11:31.503881 POST /session/ece7b49b-6872-48c4-8671-88e157970294/element [33.194302ms] ERR:404 body={"strategy":"-android uiautomator","selector":"new UiSelector().resourceIdMatches(\".*recipe-cook-bu...
13:11:31.524248 POST /session/ece7b49b-6872-48c4-8671-88e157970294/element [20.243348ms] ERR:404 body={"strategy":"-android uiautomator","selector":"new UiSelector().resourceIdMatches(\".*recipe-cook-bu...
13:11:31.546214 POST /session/ece7b49b-6872-48c4-8671-88e157970294/element [21.820928ms] ERR:404 body={"strategy":"-android uiautomator","selector":"new UiSelector().resourceIdMatches(\".*recipe-cook-bu...
13:11:31.562404 POST /session/ece7b49b-6872-48c4-8671-88e157970294/element [16.043536ms] ERR:404 body={"strategy":"-android uiautomator","selector":"new UiSelector().resourceIdMatches(\".*recipe-cook-bu...
13:11:32.222022 POST /session/ece7b49b-6872-48c4-8671-88e157970294/element [659.363351ms] ERR:404 body={"strategy":"-android uiautomator","selector":"new UiSelector().resourceIdMatches(\".*recipe-cook-bu...
13:11:32.900884 POST /session/ece7b49b-6872-48c4-8671-88e157970294/element [678.701999ms] OK body={"strategy":"-android uiautomator","selector":"new UiSelector().resourceIdMatches(\".*recipe-cook-bu...
13:11:32.911660 GET /session/ece7b49b-6872-48c4-8671-88e157970294/element/00000000-0000-0010-ffff-ffff00000149/text [10.706205ms] OK body=
13:11:32.922137 GET /session/ece7b49b-6872-48c4-8671-88e157970294/element/00000000-0000-0010-ffff-ffff00000149/rect [10.41142ms] OK body=
13:11:32.955473 POST /session/ece7b49b-6872-48c4-8671-88e157970294/element/00000000-0000-0010-ffff-ffff00000149/click [33.268291ms] OK body=
13:11:33.037930 POST /session/ece7b49b-6872-48c4-8671-88e157970294/element [80.595702ms] ERR:404 body={"strategy":"-android uiautomator","selector":"new UiSelector().resourceIdMatches(\".*active-speakin...
13:11:33.120231 POST /session/ece7b49b-6872-48c4-8671-88e157970294/element [82.148549ms] ERR:404 body={"strategy":"-android uiautomator","selector":"new UiSelector().resourceIdMatches(\".*active-speakin...
13:11:33.198694 POST /session/ece7b49b-6872-48c4-8671-88e157970294/element [78.145347ms] ERR:404 body={"strategy":"-android uiautomator","selector":"new UiSelector().resourceIdMatches(\".*active-speakin...
13:11:34.056411 POST /session/ece7b49b-6872-48c4-8671-88e157970294/element [857.234001ms] ERR:404 body={"strategy":"-android uiautomator","selector":"new UiSelector().resourceIdMatches(\".*active-speakin...
13:11:34.462476 POST /session/ece7b49b-6872-48c4-8671-88e157970294/element [405.932664ms] OK body={"strategy":"-android uiautomator","selector":"new UiSelector().resourceIdMatches(\".*active-speakin...
13:11:34.475706 GET /session/ece7b49b-6872-48c4-8671-88e157970294/element/00000000-0000-0010-ffff-ffff000001ff/text [13.16793ms] OK body=
13:11:34.488477 GET /session/ece7b49b-6872-48c4-8671-88e157970294/element/00000000-0000-0010-ffff-ffff000001ff/rect [12.714672ms] OK body=
13:11:34.525926 POST /session/ece7b49b-6872-48c4-8671-88e157970294/element/00000000-0000-0010-ffff-ffff000001ff/click [37.369428ms] OK body=
13:11:35.243009 POST /session/ece7b49b-6872-48c4-8671-88e157970294/element [715.697823ms] ERR:404 body={"strategy":"-android uiautomator","selector":"new UiSelector().textContains(\"English\")"}
13:11:35.262441 POST /session/ece7b49b-6872-48c4-8671-88e157970294/element [19.2489ms] ERR:404 body={"strategy":"-android uiautomator","selector":"new UiSelector().descriptionContains(\"English\")"}
13:11:35.281987 POST /session/ece7b49b-6872-48c4-8671-88e157970294/element [19.401748ms] ERR:404 body={"strategy":"-android uiautomator","selector":"new UiSelector().textMatches(\"(?is).*\\QEnglish\\E.*...
13:11:35.303350 POST /session/ece7b49b-6872-48c4-8671-88e157970294/element [21.250563ms] ERR:404 body={"strategy":"-android uiautomator","selector":"new UiSelector().descriptionMatches(\"(?is).*\\QEngli...
13:11:35.631115 POST /session/ece7b49b-6872-48c4-8671-88e157970294/element [327.644134ms] ERR:404 body={"strategy":"-android uiautomator","selector":"new UiSelector().textContains(\"English\")"}
13:11:35.700799 POST /session/ece7b49b-6872-48c4-8671-88e157970294/element [68.565356ms] ERR:404 body={"strategy":"-android uiautomator","selector":"new UiSelector().descriptionContains(\"English\")"}
13:11:35.729293 POST /session/ece7b49b-6872-48c4-8671-88e157970294/element [28.369282ms] ERR:404 body={"strategy":"-android uiautomator","selector":"new UiSelector().textMatches(\"(?is).*\\QEnglish\\E.*...
13:11:35.751788 POST /session/ece7b49b-6872-48c4-8671-88e157970294/element [22.350076ms] ERR:404 body={"strategy":"-android uiautomator","selector":"new UiSelector().descriptionMatches(\"(?is).*\\QEngli...
13:11:35.771320 POST /session/ece7b49b-6872-48c4-8671-88e157970294/element [19.361177ms] ERR:404 body={"strategy":"-android uiautomator","selector":"new UiSelector().textContains(\"English\")"}
13:11:35.791082 POST /session/ece7b49b-6872-48c4-8671-88e157970294/element [19.620312ms] ERR:404 body={"strategy":"-android uiautomator","selector":"new UiSelector().descriptionContains(\"English\")"}
13:11:35.813809 POST /session/ece7b49b-6872-48c4-8671-88e157970294/element [22.561964ms] ERR:404 body={"strategy":"-android uiautomator","selector":"new UiSelector().textMatches(\"(?is).*\\QEnglish\\E.*...
13:11:35.832995 POST /session/ece7b49b-6872-48c4-8671-88e157970294/element [19.026244ms] ERR:404 body={"strategy":"-android uiautomator","selector":"new UiSelector().descriptionMatches(\"(?is).*\\QEngli...
13:11:35.853937 POST /session/ece7b49b-6872-48c4-8671-88e157970294/element [20.797675ms] ERR:404 body={"strategy":"-android uiautomator","selector":"new UiSelector().textContains(\"English\")"}
13:11:35.878523 POST /session/ece7b49b-6872-48c4-8671-88e157970294/element [24.436ms] ERR:404 body={"strategy":"-android uiautomator","selector":"new UiSelector().descriptionContains(\"English\")"}
13:11:35.900975 POST /session/ece7b49b-6872-48c4-8671-88e157970294/element [22.306797ms] ERR:404 body={"strategy":"-android uiautomator","selector":"new UiSelector().textMatches(\"(?is).*\\QEnglish\\E.*...
13:11:35.921031 POST /session/ece7b49b-6872-48c4-8671-88e157970294/element [19.928811ms] ERR:404 body={"strategy":"-android uiautomator","selector":"new UiSelector().descriptionMatches(\"(?is).*\\QEngli...
13:11:35.940769 POST /session/ece7b49b-6872-48c4-8671-88e157970294/element [19.606979ms] ERR:404 body={"strategy":"-android uiautomator","selector":"new UiSelector().textContains(\"English\")"}
13:11:35.962159 POST /session/ece7b49b-6872-48c4-8671-88e157970294/element [21.114574ms] ERR:404 body={"strategy":"-android uiautomator","selector":"new UiSelector().descriptionContains(\"English\")"}
13:11:35.982176 POST /session/ece7b49b-6872-48c4-8671-88e157970294/element [19.892723ms] ERR:404 body={"strategy":"-android uiautomator","selector":"new UiSelector().textMatches(\"(?is).*\\QEnglish\\E.*...
13:11:36.002422 POST /session/ece7b49b-6872-48c4-8671-88e157970294/element [20.096435ms] ERR:404 body={"strategy":"-android uiautomator","selector":"new UiSelector().descriptionMatches(\"(?is).*\\QEngli...
13:11:36.028548 POST /session/ece7b49b-6872-48c4-8671-88e157970294/element [26.003138ms] ERR:404 body={"strategy":"-android uiautomator","selector":"new UiSelector().textContains(\"English\")"}
13:11:36.049455 POST /session/ece7b49b-6872-48c4-8671-88e157970294/element [20.80515ms] ERR:404 body={"strategy":"-android uiautomator","selector":"new UiSelector().descriptionContains(\"English\")"}
13:11:36.069767 POST /session/ece7b49b-6872-48c4-8671-88e157970294/element [20.163569ms] ERR:404 body={"strategy":"-android uiautomator","selector":"new UiSelector().textMatches(\"(?is).*\\QEnglish\\E.*...
13:11:36.091273 POST /session/ece7b49b-6872-48c4-8671-88e157970294/element [21.344446ms] ERR:404 body={"strategy":"-android uiautomator","selector":"new UiSelector().descriptionMatches(\"(?is).*\\QEngli...
13:11:36.112329 POST /session/ece7b49b-6872-48c4-8671-88e157970294/element [20.86934ms] ERR:404 body={"strategy":"-android uiautomator","selector":"new UiSelector().textContains(\"English\")"}
13:11:36.137778 POST /session/ece7b49b-6872-48c4-8671-88e157970294/element [25.314167ms] ERR:404 body={"strategy":"-android uiautomator","selector":"new UiSelector().descriptionContains(\"English\")"}
13:11:36.163306 POST /session/ece7b49b-6872-48c4-8671-88e157970294/element [25.382045ms] ERR:404 body={"strategy":"-android uiautomator","selector":"new UiSelector().textMatches(\"(?is).*\\QEnglish\\E.*...
13:11:36.187163 POST /session/ece7b49b-6872-48c4-8671-88e157970294/element [23.731846ms] ERR:404 body={"strategy":"-android uiautomator","selector":"new UiSelector().descriptionMatches(\"(?is).*\\QEngli...
13:11:36.210382 POST /session/ece7b49b-6872-48c4-8671-88e157970294/element [23.123354ms] ERR:404 body={"strategy":"-android uiautomator","selector":"new UiSelector().textContains(\"English\")"}
13:11:36.229787 POST /session/ece7b49b-6872-48c4-8671-88e157970294/element [19.290748ms] ERR:404 body={"strategy":"-android uiautomator","selector":"new UiSelector().descriptionContains(\"English\")"}
13:11:36.254406 POST /session/ece7b49b-6872-48c4-8671-88e157970294/element [24.477676ms] ERR:404 body={"strategy":"-android uiautomator","selector":"new UiSelector().textMatches(\"(?is).*\\QEnglish\\E.*...
13:11:36.274224 POST /session/ece7b49b-6872-48c4-8671-88e157970294/element [19.694552ms] ERR:404 body={"strategy":"-android uiautomator","selector":"new UiSelector().descriptionMatches(\"(?is).*\\QEngli...
13:11:36.295769 POST /session/ece7b49b-6872-48c4-8671-88e157970294/element [21.37761ms] ERR:404 body={"strategy":"-android uiautomator","selector":"new UiSelector().textContains(\"English\")"}
13:11:36.319180 POST /session/ece7b49b-6872-48c4-8671-88e157970294/element [23.226356ms] ERR:404 body={"strategy":"-android uiautomator","selector":"new UiSelector().descriptionContains(\"English\")"}
13:11:36.341604 POST /session/ece7b49b-6872-48c4-8671-88e157970294/element [22.303518ms] ERR:404 body={"strategy":"-android uiautomator","selector":"new UiSelector().textMatches(\"(?is).*\\QEnglish\\E.*...
13:11:36.360941 POST /session/ece7b49b-6872-48c4-8671-88e157970294/element [19.212502ms] ERR:404 body={"strategy":"-android uiautomator","selector":"new UiSelector().descriptionMatches(\"(?is).*\\QEngli...
13:11:36.381151 POST /session/ece7b49b-6872-48c4-8671-88e157970294/element [20.077379ms] ERR:404 body={"strategy":"-android uiautomator","selector":"new UiSelector().textContains(\"English\")"}
13:11:36.400758 POST /session/ece7b49b-6872-48c4-8671-88e157970294/element [19.481213ms] ERR:404 body={"strategy":"-android uiautomator","selector":"new UiSelector().descriptionContains(\"English\")"}
13:11:36.420931 POST /session/ece7b49b-6872-48c4-8671-88e157970294/element [19.99245ms] ERR:404 body={"strategy":"-android uiautomator","selector":"new UiSelector().textMatches(\"(?is).*\\QEnglish\\E.*...
13:11:36.441093 POST /session/ece7b49b-6872-48c4-8671-88e157970294/element [20.031513ms] ERR:404 body={"strategy":"-android uiautomator","selector":"new UiSelector().descriptionMatches(\"(?is).*\\QEngli...
13:11:36.461491 POST /session/ece7b49b-6872-48c4-8671-88e157970294/element [20.269318ms] ERR:404 body={"strategy":"-android uiautomator","selector":"new UiSelector().textContains(\"English\")"}
13:11:36.481803 POST /session/ece7b49b-6872-48c4-8671-88e157970294/element [20.185009ms] ERR:404 body={"strategy":"-android uiautomator","selector":"new UiSelector().descriptionContains(\"English\")"}
13:11:36.512541 POST /session/ece7b49b-6872-48c4-8671-88e157970294/element [30.576799ms] ERR:404 body={"strategy":"-android uiautomator","selector":"new UiSelector().textMatches(\"(?is).*\\QEnglish\\E.*...
13:11:36.534668 POST /session/ece7b49b-6872-48c4-8671-88e157970294/element [22.006996ms] ERR:404 body={"strategy":"-android uiautomator","selector":"new UiSelector().descriptionMatches(\"(?is).*\\QEngli...
13:11:36.554495 POST /session/ece7b49b-6872-48c4-8671-88e157970294/element [19.691888ms] ERR:404 body={"strategy":"-android uiautomator","selector":"new UiSelector().textContains(\"English\")"}
13:11:36.574291 POST /session/ece7b49b-6872-48c4-8671-88e157970294/element [19.63542ms] ERR:404 body={"strategy":"-android uiautomator","selector":"new UiSelector().descriptionContains(\"English\")"}
13:11:36.593677 POST /session/ece7b49b-6872-48c4-8671-88e157970294/element [19.27033ms] ERR:404 body={"strategy":"-android uiautomator","selector":"new UiSelector().textMatches(\"(?is).*\\QEnglish\\E.*...
13:11:36.612915 POST /session/ece7b49b-6872-48c4-8671-88e157970294/element [19.094661ms] ERR:404 body={"strategy":"-android uiautomator","selector":"new UiSelector().descriptionMatches(\"(?is).*\\QEngli...
13:11:36.632843 POST /session/ece7b49b-6872-48c4-8671-88e157970294/element [19.7847ms] ERR:404 body={"strategy":"-android uiautomator","selector":"new UiSelector().textContains(\"English\")"}
13:11:36.651939 POST /session/ece7b49b-6872-48c4-8671-88e157970294/element [18.952836ms] ERR:404 body={"strategy":"-android uiautomator","selector":"new UiSelector().descriptionContains(\"English\")"}
13:11:36.672069 POST /session/ece7b49b-6872-48c4-8671-88e157970294/element [19.993031ms] ERR:404 body={"strategy":"-android uiautomator","selector":"new UiSelector().textMatches(\"(?is).*\\QEnglish\\E.*...
13:11:36.695913 POST /session/ece7b49b-6872-48c4-8671-88e157970294/element [23.738995ms] ERR:404 body={"strategy":"-android uiautomator","selector":"new UiSelector().descriptionMatches(\"(?is).*\\QEngli...
13:11:36.719133 POST /session/ece7b49b-6872-48c4-8671-88e157970294/element [23.134234ms] ERR:404 body={"strategy":"-android uiautomator","selector":"new UiSelector().textContains(\"English\")"}
13:11:36.745449 POST /session/ece7b49b-6872-48c4-8671-88e157970294/element [26.199725ms] ERR:404 body={"strategy":"-android uiautomator","selector":"new UiSelector().descriptionContains(\"English\")"}
13:11:36.766212 POST /session/ece7b49b-6872-48c4-8671-88e157970294/element [20.624539ms] ERR:404 body={"strategy":"-android uiautomator","selector":"new UiSelector().textMatches(\"(?is).*\\QEnglish\\E.*...
13:11:36.785699 POST /session/ece7b49b-6872-48c4-8671-88e157970294/element [19.355679ms] ERR:404 body={"strategy":"-android uiautomator","selector":"new UiSelector().descriptionMatches(\"(?is).*\\QEngli...
13:11:36.805820 POST /session/ece7b49b-6872-48c4-8671-88e157970294/element [19.962304ms] ERR:404 body={"strategy":"-android uiautomator","selector":"new UiSelector().textContains(\"English\")"}
13:11:36.825633 POST /session/ece7b49b-6872-48c4-8671-88e157970294/element [19.654538ms] ERR:404 body={"strategy":"-android uiautomator","selector":"new UiSelector().descriptionContains(\"English\")"}
13:11:36.845955 POST /session/ece7b49b-6872-48c4-8671-88e157970294/element [20.197565ms] ERR:404 body={"strategy":"-android uiautomator","selector":"new UiSelector().textMatches(\"(?is).*\\QEnglish\\E.*...
13:11:36.869357 POST /session/ece7b49b-6872-48c4-8671-88e157970294/element [23.281618ms] ERR:404 body={"strategy":"-android uiautomator","selector":"new UiSelector().descriptionMatches(\"(?is).*\\QEngli...
13:11:36.890705 POST /session/ece7b49b-6872-48c4-8671-88e157970294/element [21.227473ms] ERR:404 body={"strategy":"-android uiautomator","selector":"new UiSelector().textContains(\"English\")"}
13:11:36.912998 POST /session/ece7b49b-6872-48c4-8671-88e157970294/element [22.165458ms] ERR:404 body={"strategy":"-android uiautomator","selector":"new UiSelector().descriptionContains(\"English\")"}
13:11:36.935263 POST /session/ece7b49b-6872-48c4-8671-88e157970294/element [22.14564ms] ERR:404 body={"strategy":"-android uiautomator","selector":"new UiSelector().textMatches(\"(?is).*\\QEnglish\\E.*...
13:11:36.953114 POST /session/ece7b49b-6872-48c4-8671-88e157970294/element [17.771337ms] ERR:404 body={"strategy":"-android uiautomator","selector":"new UiSelector().descriptionMatches(\"(?is).*\\QEngli...
13:11:36.976421 POST /session/ece7b49b-6872-48c4-8671-88e157970294/element [23.186747ms] ERR:404 body={"strategy":"-android uiautomator","selector":"new UiSelector().textContains(\"English\")"}
13:11:37.000944 POST /session/ece7b49b-6872-48c4-8671-88e157970294/element [24.362851ms] ERR:404 body={"strategy":"-android uiautomator","selector":"new UiSelector().descriptionContains(\"English\")"}
13:11:37.018941 POST /session/ece7b49b-6872-48c4-8671-88e157970294/element [17.841198ms] ERR:404 body={"strategy":"-android uiautomator","selector":"new UiSelector().textMatches(\"(?is).*\\QEnglish\\E.*...
13:11:37.046298 POST /session/ece7b49b-6872-48c4-8671-88e157970294/element [27.208535ms] ERR:404 body={"strategy":"-android uiautomator","selector":"new UiSelector().descriptionMatches(\"(?is).*\\QEngli...
13:11:37.069203 POST /session/ece7b49b-6872-48c4-8671-88e157970294/element [22.780783ms] ERR:404 body={"strategy":"-android uiautomator","selector":"new UiSelector().textContains(\"English\")"}
13:11:37.087961 POST /session/ece7b49b-6872-48c4-8671-88e157970294/element [18.612259ms] ERR:404 body={"strategy":"-android uiautomator","selector":"new UiSelector().descriptionContains(\"English\")"}
13:11:37.106776 POST /session/ece7b49b-6872-48c4-8671-88e157970294/element [18.690125ms] ERR:404 body={"strategy":"-android uiautomator","selector":"new UiSelector().textMatches(\"(?is).*\\QEnglish\\E.*...
13:11:37.126435 POST /session/ece7b49b-6872-48c4-8671-88e157970294/element [19.542418ms] ERR:404 body={"strategy":"-android uiautomator","selector":"new UiSelector().descriptionMatches(\"(?is).*\\QEngli...
13:11:37.145306 POST /session/ece7b49b-6872-48c4-8671-88e157970294/element [18.752241ms] ERR:404 body={"strategy":"-android uiautomator","selector":"new UiSelector().textContains(\"English\")"}
13:11:37.164410 POST /session/ece7b49b-6872-48c4-8671-88e157970294/element [19.012304ms] ERR:404 body={"strategy":"-android uiautomator","selector":"new UiSelector().descriptionContains(\"English\")"}
13:11:37.182603 POST /session/ece7b49b-6872-48c4-8671-88e157970294/element [18.094344ms] ERR:404 body={"strategy":"-android uiautomator","selector":"new UiSelector().textMatches(\"(?is).*\\QEnglish\\E.*...
13:11:37.203540 POST /session/ece7b49b-6872-48c4-8671-88e157970294/element [20.827731ms] ERR:404 body={"strategy":"-android uiautomator","selector":"new UiSelector().descriptionMatches(\"(?is).*\\QEngli...
13:11:37.222341 POST /session/ece7b49b-6872-48c4-8671-88e157970294/element [18.684294ms] ERR:404 body={"strategy":"-android uiautomator","selector":"new UiSelector().textContains(\"English\")"}
13:11:37.240891 POST /session/ece7b49b-6872-48c4-8671-88e157970294/element [18.410401ms] ERR:404 body={"strategy":"-android uiautomator","selector":"new UiSelector().descriptionContains(\"English\")"}
13:11:37.259650 POST /session/ece7b49b-6872-48c4-8671-88e157970294/element [18.629722ms] ERR:404 body={"strategy":"-android uiautomator","selector":"new UiSelector().textMatches(\"(?is).*\\QEnglish\\E.*...
13:11:37.281750 POST /session/ece7b49b-6872-48c4-8671-88e157970294/element [21.816217ms] ERR:404 body={"strategy":"-android uiautomator","selector":"new UiSelector().descriptionMatches(\"(?is).*\\QEngli...
13:11:37.300965 POST /session/ece7b49b-6872-48c4-8671-88e157970294/element [19.042563ms] ERR:404 body={"strategy":"-android uiautomator","selector":"new UiSelector().textContains(\"English\")"}
13:11:37.322744 POST /session/ece7b49b-6872-48c4-8671-88e157970294/element [21.655913ms] ERR:404 body={"strategy":"-android uiautomator","selector":"new UiSelector().descriptionContains(\"English\")"}
13:11:37.341845 POST /session/ece7b49b-6872-48c4-8671-88e157970294/element [18.941171ms] ERR:404 body={"strategy":"-android uiautomator","selector":"new UiSelector().textMatches(\"(?is).*\\QEnglish\\E.*...
13:11:37.361324 POST /session/ece7b49b-6872-48c4-8671-88e157970294/element [19.402279ms] ERR:404 body={"strategy":"-android uiautomator","selector":"new UiSelector().descriptionMatches(\"(?is).*\\QEngli...
13:11:37.380540 POST /session/ece7b49b-6872-48c4-8671-88e157970294/element [19.13681ms] ERR:404 body={"strategy":"-android uiautomator","selector":"new UiSelector().textContains(\"English\")"}
13:11:37.399569 POST /session/ece7b49b-6872-48c4-8671-88e157970294/element [18.92271ms] ERR:404 body={"strategy":"-android uiautomator","selector":"new UiSelector().descriptionContains(\"English\")"}
13:11:37.420150 POST /session/ece7b49b-6872-48c4-8671-88e157970294/element [20.486523ms] ERR:404 body={"strategy":"-android uiautomator","selector":"new UiSelector().textMatches(\"(?is).*\\QEnglish\\E.*...
13:11:37.441596 POST /session/ece7b49b-6872-48c4-8671-88e157970294/element [21.344799ms] ERR:404 body={"strategy":"-android uiautomator","selector":"new UiSelector().descriptionMatches(\"(?is).*\\QEngli...
13:11:37.462796 POST /session/ece7b49b-6872-48c4-8671-88e157970294/element [21.075091ms] ERR:404 body={"strategy":"-android uiautomator","selector":"new UiSelector().textContains(\"English\")"}
13:11:37.481957 POST /session/ece7b49b-6872-48c4-8671-88e157970294/element [18.981509ms] ERR:404 body={"strategy":"-android uiautomator","selector":"new UiSelector().descriptionContains(\"English\")"}
13:11:37.505216 POST /session/ece7b49b-6872-48c4-8671-88e157970294/element [23.161093ms] ERR:404 body={"strategy":"-android uiautomator","selector":"new UiSelector().textMatches(\"(?is).*\\QEnglish\\E.*...
13:11:37.525194 POST /session/ece7b49b-6872-48c4-8671-88e157970294/element [19.850464ms] ERR:404 body={"strategy":"-android uiautomator","selector":"new UiSelector().descriptionMatches(\"(?is).*\\QEngli...
13:11:37.548373 POST /session/ece7b49b-6872-48c4-8671-88e157970294/element [23.051389ms] ERR:404 body={"strategy":"-android uiautomator","selector":"new UiSelector().textContains(\"English\")"}
13:11:37.568678 POST /session/ece7b49b-6872-48c4-8671-88e157970294/element [20.186914ms] ERR:404 body={"strategy":"-android uiautomator","selector":"new UiSelector().descriptionContains(\"English\")"}
13:11:37.591239 POST /session/ece7b49b-6872-48c4-8671-88e157970294/element [22.438504ms] ERR:404 body={"strategy":"-android uiautomator","selector":"new UiSelector().textMatches(\"(?is).*\\QEnglish\\E.*...
13:11:37.613553 POST /session/ece7b49b-6872-48c4-8671-88e157970294/element [22.128885ms] ERR:404 body={"strategy":"-android uiautomator","selector":"new UiSelector().descriptionMatches(\"(?is).*\\QEngli...
13:11:37.633965 POST /session/ece7b49b-6872-48c4-8671-88e157970294/element [20.269279ms] ERR:404 body={"strategy":"-android uiautomator","selector":"new UiSelector().textContains(\"English\")"}
13:11:37.654736 POST /session/ece7b49b-6872-48c4-8671-88e157970294/element [20.645471ms] ERR:404 body={"strategy":"-android uiautomator","selector":"new UiSelector().descriptionContains(\"English\")"}
13:11:37.675149 POST /session/ece7b49b-6872-48c4-8671-88e157970294/element [20.270339ms] ERR:404 body={"strategy":"-android uiautomator","selector":"new UiSelector().textMatches(\"(?is).*\\QEnglish\\E.*...
13:11:37.691104 POST /session/ece7b49b-6872-48c4-8671-88e157970294/element [15.804409ms] ERR:404 body={"strategy":"-android uiautomator","selector":"new UiSelector().descriptionMatches(\"(?is).*\\QEngli...
13:11:37.706767 POST /session/ece7b49b-6872-48c4-8671-88e157970294/element [15.532221ms] ERR:404 body={"strategy":"-android uiautomator","selector":"new UiSelector().textContains(\"English\")"}
13:11:37.721849 POST /session/ece7b49b-6872-48c4-8671-88e157970294/element [14.935262ms] ERR:404 body={"strategy":"-android uiautomator","selector":"new UiSelector().descriptionContains(\"English\")"}
13:11:37.738724 POST /session/ece7b49b-6872-48c4-8671-88e157970294/element [16.732236ms] ERR:404 body={"strategy":"-android uiautomator","selector":"new UiSelector().textMatches(\"(?is).*\\QEnglish\\E.*...
13:11:37.756999 POST /session/ece7b49b-6872-48c4-8671-88e157970294/element [18.073991ms] ERR:404 body={"strategy":"-android uiautomator","selector":"new UiSelector().descriptionMatches(\"(?is).*\\QEngli...
13:11:37.773984 POST /session/ece7b49b-6872-48c4-8671-88e157970294/element [16.836702ms] ERR:404 body={"strategy":"-android uiautomator","selector":"new UiSelector().textContains(\"English\")"}
13:11:37.794843 POST /session/ece7b49b-6872-48c4-8671-88e157970294/element [20.766076ms] ERR:404 body={"strategy":"-android uiautomator","selector":"new UiSelector().descriptionContains(\"English\")"}
13:11:37.815018 POST /session/ece7b49b-6872-48c4-8671-88e157970294/element [20.03029ms] ERR:404 body={"strategy":"-android uiautomator","selector":"new UiSelector().textMatches(\"(?is).*\\QEnglish\\E.*...
13:11:37.838106 POST /session/ece7b49b-6872-48c4-8671-88e157970294/element [22.968835ms] ERR:404 body={"strategy":"-android uiautomator","selector":"new UiSelector().descriptionMatches(\"(?is).*\\QEngli...
13:11:37.860943 POST /session/ece7b49b-6872-48c4-8671-88e157970294/element [22.769311ms] ERR:404 body={"strategy":"-android uiautomator","selector":"new UiSelector().textContains(\"English\")"}
13:11:37.880570 POST /session/ece7b49b-6872-48c4-8671-88e157970294/element [19.533291ms] ERR:404 body={"strategy":"-android uiautomator","selector":"new UiSelector().descriptionContains(\"English\")"}
13:11:37.901397 POST /session/ece7b49b-6872-48c4-8671-88e157970294/element [20.686856ms] ERR:404 body={"strategy":"-android uiautomator","selector":"new UiSelector().textMatches(\"(?is).*\\QEnglish\\E.*...
13:11:37.918443 POST /session/ece7b49b-6872-48c4-8671-88e157970294/element [16.92677ms] ERR:404 body={"strategy":"-android uiautomator","selector":"new UiSelector().descriptionMatches(\"(?is).*\\QEngli...
13:11:37.937471 POST /session/ece7b49b-6872-48c4-8671-88e157970294/element [18.92928ms] ERR:404 body={"strategy":"-android uiautomator","selector":"new UiSelector().textContains(\"English\")"}
13:11:37.960666 POST /session/ece7b49b-6872-48c4-8671-88e157970294/element [23.076517ms] ERR:404 body={"strategy":"-android uiautomator","selector":"new UiSelector().descriptionContains(\"English\")"}
13:11:37.980904 POST /session/ece7b49b-6872-48c4-8671-88e157970294/element [20.089201ms] ERR:404 body={"strategy":"-android uiautomator","selector":"new UiSelector().textMatches(\"(?is).*\\QEnglish\\E.*...
13:11:38.003653 POST /session/ece7b49b-6872-48c4-8671-88e157970294/element [22.593763ms] ERR:404 body={"strategy":"-android uiautomator","selector":"new UiSelector().descriptionMatches(\"(?is).*\\QEngli...
13:11:38.024451 POST /session/ece7b49b-6872-48c4-8671-88e157970294/element [20.674005ms] ERR:404 body={"strategy":"-android uiautomator","selector":"new UiSelector().textContains(\"English\")"}
13:11:38.046544 POST /session/ece7b49b-6872-48c4-8671-88e157970294/element [21.990236ms] ERR:404 body={"strategy":"-android uiautomator","selector":"new UiSelector().descriptionContains(\"English\")"}
13:11:38.070957 POST /session/ece7b49b-6872-48c4-8671-88e157970294/element [24.274954ms] ERR:404 body={"strategy":"-android uiautomator","selector":"new UiSelector().textMatches(\"(?is).*\\QEnglish\\E.*...
13:11:38.095577 POST /session/ece7b49b-6872-48c4-8671-88e157970294/element [24.525918ms] ERR:404 body={"strategy":"-android uiautomator","selector":"new UiSelector().descriptionMatches(\"(?is).*\\QEngli...
13:11:38.115254 POST /session/ece7b49b-6872-48c4-8671-88e157970294/element [19.502217ms] ERR:404 body={"strategy":"-android uiautomator","selector":"new UiSelector().textContains(\"English\")"}
13:11:38.136204 POST /session/ece7b49b-6872-48c4-8671-88e157970294/element [20.80573ms] ERR:404 body={"strategy":"-android uiautomator","selector":"new UiSelector().descriptionContains(\"English\")"}
13:11:38.156764 POST /session/ece7b49b-6872-48c4-8671-88e157970294/element [20.403168ms] ERR:404 body={"strategy":"-android uiautomator","selector":"new UiSelector().textMatches(\"(?is).*\\QEnglish\\E.*...
13:11:38.178549 POST /session/ece7b49b-6872-48c4-8671-88e157970294/element [21.624281ms] ERR:404 body={"strategy":"-android uiautomator","selector":"new UiSelector().descriptionMatches(\"(?is).*\\QEngli...
13:11:38.199327 POST /session/ece7b49b-6872-48c4-8671-88e157970294/element [20.659695ms] ERR:404 body={"strategy":"-android uiautomator","selector":"new UiSelector().textContains(\"English\")"}
13:11:38.220256 POST /session/ece7b49b-6872-48c4-8671-88e157970294/element [20.779181ms] ERR:404 body={"strategy":"-android uiautomator","selector":"new UiSelector().descriptionContains(\"English\")"}
13:11:38.241453 POST /session/ece7b49b-6872-48c4-8671-88e157970294/element [21.059455ms] ERR:404 body={"strategy":"-android uiautomator","selector":"new UiSelector().textMatches(\"(?is).*\\QEnglish\\E.*...
13:11:38.261714 POST /session/ece7b49b-6872-48c4-8671-88e157970294/element [20.123285ms] ERR:404 body={"strategy":"-android uiautomator","selector":"new UiSelector().descriptionMatches(\"(?is).*\\QEngli...
13:11:38.281600 POST /session/ece7b49b-6872-48c4-8671-88e157970294/element [19.758172ms] ERR:404 body={"strategy":"-android uiautomator","selector":"new UiSelector().textContains(\"English\")"}
13:11:38.301559 POST /session/ece7b49b-6872-48c4-8671-88e157970294/element [19.800762ms] ERR:404 body={"strategy":"-android uiautomator","selector":"new UiSelector().descriptionContains(\"English\")"}
13:11:38.321648 POST /session/ece7b49b-6872-48c4-8671-88e157970294/element [19.974777ms] ERR:404 body={"strategy":"-android uiautomator","selector":"new UiSelector().textMatches(\"(?is).*\\QEnglish\\E.*...
13:11:38.339103 POST /session/ece7b49b-6872-48c4-8671-88e157970294/element [17.288644ms] ERR:404 body={"strategy":"-android uiautomator","selector":"new UiSelector().descriptionMatches(\"(?is).*\\QEngli...
13:11:38.358487 POST /session/ece7b49b-6872-48c4-8671-88e157970294/element [18.973464ms] ERR:404 body={"strategy":"-android uiautomator","selector":"new UiSelector().textContains(\"English\")"}
13:11:38.380722 POST /session/ece7b49b-6872-48c4-8671-88e157970294/element [21.418364ms] ERR:404 body={"strategy":"-android uiautomator","selector":"new UiSelector().descriptionContains(\"English\")"}
13:11:38.403131 POST /session/ece7b49b-6872-48c4-8671-88e157970294/element [22.288502ms] ERR:404 body={"strategy":"-android uiautomator","selector":"new UiSelector().textMatches(\"(?is).*\\QEnglish\\E.*...
13:11:38.426716 POST /session/ece7b49b-6872-48c4-8671-88e157970294/element [23.459382ms] ERR:404 body={"strategy":"-android uiautomator","selector":"new UiSelector().descriptionMatches(\"(?is).*\\QEngli...
13:11:38.450489 POST /session/ece7b49b-6872-48c4-8671-88e157970294/element [23.628477ms] ERR:404 body={"strategy":"-android uiautomator","selector":"new UiSelector().textContains(\"English\")"}
13:11:38.474412 POST /session/ece7b49b-6872-48c4-8671-88e157970294/element [23.791034ms] ERR:404 body={"strategy":"-android uiautomator","selector":"new UiSelector().descriptionContains(\"English\")"}
13:11:38.496484 POST /session/ece7b49b-6872-48c4-8671-88e157970294/element [21.945692ms] ERR:404 body={"strategy":"-android uiautomator","selector":"new UiSelector().textMatches(\"(?is).*\\QEnglish\\E.*...
13:11:38.517440 POST /session/ece7b49b-6872-48c4-8671-88e157970294/element [20.823283ms] ERR:404 body={"strategy":"-android uiautomator","selector":"new UiSelector().descriptionMatches(\"(?is).*\\QEngli...
13:11:38.538245 POST /session/ece7b49b-6872-48c4-8671-88e157970294/element [20.679194ms] ERR:404 body={"strategy":"-android uiautomator","selector":"new UiSelector().textContains(\"English\")"}
13:11:38.558979 POST /session/ece7b49b-6872-48c4-8671-88e157970294/element [20.573486ms] ERR:404 body={"strategy":"-android uiautomator","selector":"new UiSelector().descriptionContains(\"English\")"}
13:11:38.584901 POST /session/ece7b49b-6872-48c4-8671-88e157970294/element [25.784899ms] ERR:404 body={"strategy":"-android uiautomator","selector":"new UiSelector().textMatches(\"(?is).*\\QEnglish\\E.*...
13:11:38.610191 POST /session/ece7b49b-6872-48c4-8671-88e157970294/element [25.198814ms] ERR:404 body={"strategy":"-android uiautomator","selector":"new UiSelector().descriptionMatches(\"(?is).*\\QEngli...
13:11:38.633903 POST /session/ece7b49b-6872-48c4-8671-88e157970294/element [23.553286ms] ERR:404 body={"strategy":"-android uiautomator","selector":"new UiSelector().textContains(\"English\")"}
13:11:38.655263 POST /session/ece7b49b-6872-48c4-8671-88e157970294/element [21.226046ms] ERR:404 body={"strategy":"-android uiautomator","selector":"new UiSelector().descriptionContains(\"English\")"}
13:11:38.677019 POST /session/ece7b49b-6872-48c4-8671-88e157970294/element [21.626535ms] ERR:404 body={"strategy":"-android uiautomator","selector":"new UiSelector().textMatches(\"(?is).*\\QEnglish\\E.*...
13:11:38.698491 POST /session/ece7b49b-6872-48c4-8671-88e157970294/element [21.325422ms] ERR:404 body={"strategy":"-android uiautomator","selector":"new UiSelector().descriptionMatches(\"(?is).*\\QEngli...
13:11:38.723385 POST /session/ece7b49b-6872-48c4-8671-88e157970294/element [24.712376ms] ERR:404 body={"strategy":"-android uiautomator","selector":"new UiSelector().textContains(\"English\")"}
13:11:38.743488 POST /session/ece7b49b-6872-48c4-8671-88e157970294/element [19.970329ms] ERR:404 body={"strategy":"-android uiautomator","selector":"new UiSelector().descriptionContains(\"English\")"}
13:11:38.765049 POST /session/ece7b49b-6872-48c4-8671-88e157970294/element [21.42141ms] ERR:404 body={"strategy":"-android uiautomator","selector":"new UiSelector().textMatches(\"(?is).*\\QEnglish\\E.*...
13:11:38.786423 POST /session/ece7b49b-6872-48c4-8671-88e157970294/element [21.208064ms] ERR:404 body={"strategy":"-android uiautomator","selector":"new UiSelector().descriptionMatches(\"(?is).*\\QEngli...
13:11:38.807637 POST /session/ece7b49b-6872-48c4-8671-88e157970294/element [21.088097ms] ERR:404 body={"strategy":"-android uiautomator","selector":"new UiSelector().textContains(\"English\")"}
13:11:38.829775 POST /session/ece7b49b-6872-48c4-8671-88e157970294/element [21.961882ms] ERR:404 body={"strategy":"-android uiautomator","selector":"new UiSelector().descriptionContains(\"English\")"}
13:11:38.861513 POST /session/ece7b49b-6872-48c4-8671-88e157970294/element [31.575358ms] ERR:404 body={"strategy":"-android uiautomator","selector":"new UiSelector().textMatches(\"(?is).*\\QEnglish\\E.*...
13:11:38.885895 POST /session/ece7b49b-6872-48c4-8671-88e157970294/element [24.236936ms] ERR:404 body={"strategy":"-android uiautomator","selector":"new UiSelector().descriptionMatches(\"(?is).*\\QEngli...
13:11:38.906623 POST /session/ece7b49b-6872-48c4-8671-88e157970294/element [20.606586ms] ERR:404 body={"strategy":"-android uiautomator","selector":"new UiSelector().textContains(\"English\")"}
13:11:38.928001 POST /session/ece7b49b-6872-48c4-8671-88e157970294/element [21.200921ms] ERR:404 body={"strategy":"-android uiautomator","selector":"new UiSelector().descriptionContains(\"English\")"}
13:11:38.948804 POST /session/ece7b49b-6872-48c4-8671-88e157970294/element [20.654586ms] ERR:404 body={"strategy":"-android uiautomator","selector":"new UiSelector().textMatches(\"(?is).*\\QEnglish\\E.*...
13:11:38.969247 POST /session/ece7b49b-6872-48c4-8671-88e157970294/element [20.269869ms] ERR:404 body={"strategy":"-android uiautomator","selector":"new UiSelector().descriptionMatches(\"(?is).*\\QEngli...
13:11:38.988986 POST /session/ece7b49b-6872-48c4-8671-88e157970294/element [19.610486ms] ERR:404 body={"strategy":"-android uiautomator","selector":"new UiSelector().textContains(\"English\")"}
13:11:39.007650 POST /session/ece7b49b-6872-48c4-8671-88e157970294/element [18.566304ms] ERR:404 body={"strategy":"-android uiautomator","selector":"new UiSelector().descriptionContains(\"English\")"}
13:11:39.031035 POST /session/ece7b49b-6872-48c4-8671-88e157970294/element [23.279045ms] ERR:404 body={"strategy":"-android uiautomator","selector":"new UiSelector().textMatches(\"(?is).*\\QEnglish\\E.*...
13:11:39.050177 POST /session/ece7b49b-6872-48c4-8671-88e157970294/element [19.051663ms] ERR:404 body={"strategy":"-android uiautomator","selector":"new UiSelector().descriptionMatches(\"(?is).*\\QEngli...
13:11:39.068697 POST /session/ece7b49b-6872-48c4-8671-88e157970294/element [18.398019ms] ERR:404 body={"strategy":"-android uiautomator","selector":"new UiSelector().textContains(\"English\")"}
13:11:39.087412 POST /session/ece7b49b-6872-48c4-8671-88e157970294/element [18.623901ms] ERR:404 body={"strategy":"-android uiautomator","selector":"new UiSelector().descriptionContains(\"English\")"}
13:11:39.105415 POST /session/ece7b49b-6872-48c4-8671-88e157970294/element [17.936005ms] ERR:404 body={"strategy":"-android uiautomator","selector":"new UiSelector().textMatches(\"(?is).*\\QEnglish\\E.*...
13:11:39.123941 POST /session/ece7b49b-6872-48c4-8671-88e157970294/element [18.435549ms] ERR:404 body={"strategy":"-android uiautomator","selector":"new UiSelector().descriptionMatches(\"(?is).*\\QEngli...
13:11:39.142144 POST /session/ece7b49b-6872-48c4-8671-88e157970294/element [18.119511ms] ERR:404 body={"strategy":"-android uiautomator","selector":"new UiSelector().textContains(\"English\")"}
13:11:39.160060 POST /session/ece7b49b-6872-48c4-8671-88e157970294/element [17.8544ms] ERR:404 body={"strategy":"-android uiautomator","selector":"new UiSelector().descriptionContains(\"English\")"}
13:11:39.179554 POST /session/ece7b49b-6872-48c4-8671-88e157970294/element [19.370196ms] ERR:404 body={"strategy":"-android uiautomator","selector":"new UiSelector().textMatches(\"(?is).*\\QEnglish\\E.*...
13:11:39.197731 POST /session/ece7b49b-6872-48c4-8671-88e157970294/element [18.041291ms] ERR:404 body={"strategy":"-android uiautomator","selector":"new UiSelector().descriptionMatches(\"(?is).*\\QEngli...
13:11:39.216085 POST /session/ece7b49b-6872-48c4-8671-88e157970294/element [18.19023ms] ERR:404 body={"strategy":"-android uiautomator","selector":"new UiSelector().textContains(\"English\")"}
13:11:39.236042 POST /session/ece7b49b-6872-48c4-8671-88e157970294/element [19.847569ms] ERR:404 body={"strategy":"-android uiautomator","selector":"new UiSelector().descriptionContains(\"English\")"}
13:11:39.255859 POST /session/ece7b49b-6872-48c4-8671-88e157970294/element [19.680426ms] ERR:404 body={"strategy":"-android uiautomator","selector":"new UiSelector().textMatches(\"(?is).*\\QEnglish\\E.*...
13:11:39.278021 POST /session/ece7b49b-6872-48c4-8671-88e157970294/element [22.039377ms] ERR:404 body={"strategy":"-android uiautomator","selector":"new UiSelector().descriptionMatches(\"(?is).*\\QEngli...
13:11:39.296800 POST /session/ece7b49b-6872-48c4-8671-88e157970294/element [18.635061ms] ERR:404 body={"strategy":"-android uiautomator","selector":"new UiSelector().textContains(\"English\")"}
13:11:39.317680 POST /session/ece7b49b-6872-48c4-8671-88e157970294/element [20.767802ms] ERR:404 body={"strategy":"-android uiautomator","selector":"new UiSelector().descriptionContains(\"English\")"}
13:11:39.335347 POST /session/ece7b49b-6872-48c4-8671-88e157970294/element [17.567866ms] ERR:404 body={"strategy":"-android uiautomator","selector":"new UiSelector().textMatches(\"(?is).*\\QEnglish\\E.*...
13:11:39.352289 POST /session/ece7b49b-6872-48c4-8671-88e157970294/element [16.830387ms] ERR:404 body={"strategy":"-android uiautomator","selector":"new UiSelector().descriptionMatches(\"(?is).*\\QEngli...
13:11:39.369701 POST /session/ece7b49b-6872-48c4-8671-88e157970294/element [17.28663ms] ERR:404 body={"strategy":"-android uiautomator","selector":"new UiSelector().textContains(\"English\")"}
13:11:39.387401 POST /session/ece7b49b-6872-48c4-8671-88e157970294/element [17.514296ms] ERR:404 body={"strategy":"-android uiautomator","selector":"new UiSelector().descriptionContains(\"English\")"}
13:11:39.404729 POST /session/ece7b49b-6872-48c4-8671-88e157970294/element [17.222792ms] ERR:404 body={"strategy":"-android uiautomator","selector":"new UiSelector().textMatches(\"(?is).*\\QEnglish\\E.*...
13:11:39.426209 POST /session/ece7b49b-6872-48c4-8671-88e157970294/element [21.364482ms] ERR:404 body={"strategy":"-android uiautomator","selector":"new UiSelector().descriptionMatches(\"(?is).*\\QEngli...
13:11:39.444681 POST /session/ece7b49b-6872-48c4-8671-88e157970294/element [18.345473ms] ERR:404 body={"strategy":"-android uiautomator","selector":"new UiSelector().textContains(\"English\")"}
13:11:39.462247 POST /session/ece7b49b-6872-48c4-8671-88e157970294/element [17.46949ms] ERR:404 body={"strategy":"-android uiautomator","selector":"new UiSelector().descriptionContains(\"English\")"}
13:11:39.482487 POST /session/ece7b49b-6872-48c4-8671-88e157970294/element [20.164201ms] ERR:404 body={"strategy":"-android uiautomator","selector":"new UiSelector().textMatches(\"(?is).*\\QEnglish\\E.*...
13:11:39.500920 POST /session/ece7b49b-6872-48c4-8671-88e157970294/element [18.19176ms] ERR:404 body={"strategy":"-android uiautomator","selector":"new UiSelector().descriptionMatches(\"(?is).*\\QEngli...
13:11:39.519334 POST /session/ece7b49b-6872-48c4-8671-88e157970294/element [18.326124ms] ERR:404 body={"strategy":"-android uiautomator","selector":"new UiSelector().textContains(\"English\")"}
13:11:39.537178 POST /session/ece7b49b-6872-48c4-8671-88e157970294/element [17.740119ms] ERR:404 body={"strategy":"-android uiautomator","selector":"new UiSelector().descriptionContains(\"English\")"}
13:11:39.555740 POST /session/ece7b49b-6872-48c4-8671-88e157970294/element [18.462078ms] ERR:404 body={"strategy":"-android uiautomator","selector":"new UiSelector().textMatches(\"(?is).*\\QEnglish\\E.*...
13:11:39.573798 POST /session/ece7b49b-6872-48c4-8671-88e157970294/element [18.002459ms] ERR:404 body={"strategy":"-android uiautomator","selector":"new UiSelector().descriptionMatches(\"(?is).*\\QEngli...
13:11:39.591676 POST /session/ece7b49b-6872-48c4-8671-88e157970294/element [17.755878ms] ERR:404 body={"strategy":"-android uiautomator","selector":"new UiSelector().textContains(\"English\")"}
13:11:39.610067 POST /session/ece7b49b-6872-48c4-8671-88e157970294/element [18.31267ms] ERR:404 body={"strategy":"-android uiautomator","selector":"new UiSelector().descriptionContains(\"English\")"}
13:11:39.632167 POST /session/ece7b49b-6872-48c4-8671-88e157970294/element [22.011074ms] ERR:404 body={"strategy":"-android uiautomator","selector":"new UiSelector().textMatches(\"(?is).*\\QEnglish\\E.*...
13:11:39.651154 POST /session/ece7b49b-6872-48c4-8671-88e157970294/element [18.86942ms] ERR:404 body={"strategy":"-android uiautomator","selector":"new UiSelector().descriptionMatches(\"(?is).*\\QEngli...
13:11:39.668965 POST /session/ece7b49b-6872-48c4-8671-88e157970294/element [17.693922ms] ERR:404 body={"strategy":"-android uiautomator","selector":"new UiSelector().textContains(\"English\")"}
13:11:39.687058 POST /session/ece7b49b-6872-48c4-8671-88e157970294/element [17.992681ms] ERR:404 body={"strategy":"-android uiautomator","selector":"new UiSelector().descriptionContains(\"English\")"}
13:11:39.705757 POST /session/ece7b49b-6872-48c4-8671-88e157970294/element [18.5915ms] ERR:404 body={"strategy":"-android uiautomator","selector":"new UiSelector().textMatches(\"(?is).*\\QEnglish\\E.*...
13:11:39.723748 POST /session/ece7b49b-6872-48c4-8671-88e157970294/element [17.926997ms] ERR:404 body={"strategy":"-android uiautomator","selector":"new UiSelector().descriptionMatches(\"(?is).*\\QEngli...
13:11:39.741826 POST /session/ece7b49b-6872-48c4-8671-88e157970294/element [18.014353ms] ERR:404 body={"strategy":"-android uiautomator","selector":"new UiSelector().textContains(\"English\")"}
13:11:39.762760 POST /session/ece7b49b-6872-48c4-8671-88e157970294/element [20.808225ms] ERR:404 body={"strategy":"-android uiautomator","selector":"new UiSelector().descriptionContains(\"English\")"}
13:11:39.783188 POST /session/ece7b49b-6872-48c4-8671-88e157970294/element [20.29737ms] ERR:404 body={"strategy":"-android uiautomator","selector":"new UiSelector().textMatches(\"(?is).*\\QEnglish\\E.*...
13:11:39.805411 POST /session/ece7b49b-6872-48c4-8671-88e157970294/element [22.131038ms] ERR:404 body={"strategy":"-android uiautomator","selector":"new UiSelector().descriptionMatches(\"(?is).*\\QEngli...
13:11:39.824809 POST /session/ece7b49b-6872-48c4-8671-88e157970294/element [19.300767ms] ERR:404 body={"strategy":"-android uiautomator","selector":"new UiSelector().textContains(\"English\")"}
13:11:39.842944 POST /session/ece7b49b-6872-48c4-8671-88e157970294/element [18.038319ms] ERR:404 body={"strategy":"-android uiautomator","selector":"new UiSelector().descriptionContains(\"English\")"}
13:11:39.861053 POST /session/ece7b49b-6872-48c4-8671-88e157970294/element [17.989335ms] ERR:404 body={"strategy":"-android uiautomator","selector":"new UiSelector().textMatches(\"(?is).*\\QEnglish\\E.*...
13:11:39.879701 POST /session/ece7b49b-6872-48c4-8671-88e157970294/element [18.585399ms] ERR:404 body={"strategy":"-android uiautomator","selector":"new UiSelector().descriptionMatches(\"(?is).*\\QEngli...
13:11:39.898294 POST /session/ece7b49b-6872-48c4-8671-88e157970294/element [18.516721ms] ERR:404 body={"strategy":"-android uiautomator","selector":"new UiSelector().textContains(\"English\")"}
13:11:39.916194 POST /session/ece7b49b-6872-48c4-8671-88e157970294/element [17.801531ms] ERR:404 body={"strategy":"-android uiautomator","selector":"new UiSelector().descriptionContains(\"English\")"}
13:11:39.934069 POST /session/ece7b49b-6872-48c4-8671-88e157970294/element [17.787477ms] ERR:404 body={"strategy":"-android uiautomator","selector":"new UiSelector().textMatches(\"(?is).*\\QEnglish\\E.*...
13:11:39.952132 POST /session/ece7b49b-6872-48c4-8671-88e157970294/element [17.995827ms] ERR:404 body={"strategy":"-android uiautomator","selector":"new UiSelector().descriptionMatches(\"(?is).*\\QEngli...
13:11:39.970203 POST /session/ece7b49b-6872-48c4-8671-88e157970294/element [18.003441ms] ERR:404 body={"strategy":"-android uiautomator","selector":"new UiSelector().textContains(\"English\")"}
13:11:39.989408 POST /session/ece7b49b-6872-48c4-8671-88e157970294/element [19.115811ms] ERR:404 body={"strategy":"-android uiautomator","selector":"new UiSelector().descriptionContains(\"English\")"}
13:11:40.008276 POST /session/ece7b49b-6872-48c4-8671-88e157970294/element [18.748364ms] ERR:404 body={"strategy":"-android uiautomator","selector":"new UiSelector().textMatches(\"(?is).*\\QEnglish\\E.*...
13:11:40.026357 POST /session/ece7b49b-6872-48c4-8671-88e157970294/element [17.985065ms] ERR:404 body={"strategy":"-android uiautomator","selector":"new UiSelector().descriptionMatches(\"(?is).*\\QEngli...
13:11:40.046245 POST /session/ece7b49b-6872-48c4-8671-88e157970294/element [19.794001ms] ERR:404 body={"strategy":"-android uiautomator","selector":"new UiSelector().textContains(\"English\")"}
13:11:40.065555 POST /session/ece7b49b-6872-48c4-8671-88e157970294/element [19.249252ms] ERR:404 body={"strategy":"-android uiautomator","selector":"new UiSelector().descriptionContains(\"English\")"}
13:11:40.081454 POST /session/ece7b49b-6872-48c4-8671-88e157970294/element [15.811833ms] ERR:404 body={"strategy":"-android uiautomator","selector":"new UiSelector().textMatches(\"(?is).*\\QEnglish\\E.*...
13:11:40.099589 POST /session/ece7b49b-6872-48c4-8671-88e157970294/element [18.062028ms] ERR:404 body={"strategy":"-android uiautomator","selector":"new UiSelector().descriptionMatches(\"(?is).*\\QEngli...
13:11:40.119506 POST /session/ece7b49b-6872-48c4-8671-88e157970294/element [19.822219ms] ERR:404 body={"strategy":"-android uiautomator","selector":"new UiSelector().textContains(\"English\")"}
13:11:40.136798 POST /session/ece7b49b-6872-48c4-8671-88e157970294/element [17.16337ms] ERR:404 body={"strategy":"-android uiautomator","selector":"new UiSelector().descriptionContains(\"English\")"}
13:11:40.154459 POST /session/ece7b49b-6872-48c4-8671-88e157970294/element [17.559331ms] ERR:404 body={"strategy":"-android uiautomator","selector":"new UiSelector().textMatches(\"(?is).*\\QEnglish\\E.*...
13:11:40.173905 POST /session/ece7b49b-6872-48c4-8671-88e157970294/element [19.384553ms] ERR:404 body={"strategy":"-android uiautomator","selector":"new UiSelector().descriptionMatches(\"(?is).*\\QEngli...
13:11:40.192390 POST /session/ece7b49b-6872-48c4-8671-88e157970294/element [18.40411ms] ERR:404 body={"strategy":"-android uiautomator","selector":"new UiSelector().textContains(\"English\")"}
13:11:40.207686 POST /session/ece7b49b-6872-48c4-8671-88e157970294/element [15.171125ms] ERR:404 body={"strategy":"-android uiautomator","selector":"new UiSelector().descriptionContains(\"English\")"}
13:11:40.224713 POST /session/ece7b49b-6872-48c4-8671-88e157970294/element [16.940864ms] ERR:404 body={"strategy":"-android uiautomator","selector":"new UiSelector().textMatches(\"(?is).*\\QEnglish\\E.*...
13:11:40.241607 POST /session/ece7b49b-6872-48c4-8671-88e157970294/element [16.812354ms] ERR:404 body={"strategy":"-android uiautomator","selector":"new UiSelector().descriptionMatches(\"(?is).*\\QEngli...
13:11:40.258751 POST /session/ece7b49b-6872-48c4-8671-88e157970294/element [17.065668ms] ERR:404 body={"strategy":"-android uiautomator","selector":"new UiSelector().textContains(\"English\")"}
13:11:40.275245 POST /session/ece7b49b-6872-48c4-8671-88e157970294/element [16.410714ms] ERR:404 body={"strategy":"-android uiautomator","selector":"new UiSelector().descriptionContains(\"English\")"}
13:11:40.292017 POST /session/ece7b49b-6872-48c4-8671-88e157970294/element [16.68213ms] ERR:404 body={"strategy":"-android uiautomator","selector":"new UiSelector().textMatches(\"(?is).*\\QEnglish\\E.*...
13:11:40.309986 POST /session/ece7b49b-6872-48c4-8671-88e157970294/element [17.863269ms] ERR:404 body={"strategy":"-android uiautomator","selector":"new UiSelector().descriptionMatches(\"(?is).*\\QEngli...
13:11:40.327572 POST /session/ece7b49b-6872-48c4-8671-88e157970294/element [17.492265ms] ERR:404 body={"strategy":"-android uiautomator","selector":"new UiSelector().textContains(\"English\")"}
13:11:40.344674 POST /session/ece7b49b-6872-48c4-8671-88e157970294/element [16.975719ms] ERR:404 body={"strategy":"-android uiautomator","selector":"new UiSelector().descriptionContains(\"English\")"}
13:11:40.362429 POST /session/ece7b49b-6872-48c4-8671-88e157970294/element [17.672562ms] ERR:404 body={"strategy":"-android uiautomator","selector":"new UiSelector().textMatches(\"(?is).*\\QEnglish\\E.*...
13:11:40.385493 POST /session/ece7b49b-6872-48c4-8671-88e157970294/element [22.975086ms] ERR:404 body={"strategy":"-android uiautomator","selector":"new UiSelector().descriptionMatches(\"(?is).*\\QEngli...
13:11:40.404326 POST /session/ece7b49b-6872-48c4-8671-88e157970294/element [18.748564ms] ERR:404 body={"strategy":"-android uiautomator","selector":"new UiSelector().textContains(\"English\")"}
13:11:40.422289 POST /session/ece7b49b-6872-48c4-8671-88e157970294/element [17.875862ms] ERR:404 body={"strategy":"-android uiautomator","selector":"new UiSelector().descriptionContains(\"English\")"}
13:11:40.440162 POST /session/ece7b49b-6872-48c4-8671-88e157970294/element [17.780484ms] ERR:404 body={"strategy":"-android uiautomator","selector":"new UiSelector().textMatches(\"(?is).*\\QEnglish\\E.*...
13:11:40.457797 POST /session/ece7b49b-6872-48c4-8671-88e157970294/element [17.54827ms] ERR:404 body={"strategy":"-android uiautomator","selector":"new UiSelector().descriptionMatches(\"(?is).*\\QEngli...
13:11:40.475125 POST /session/ece7b49b-6872-48c4-8671-88e157970294/element [17.237129ms] ERR:404 body={"strategy":"-android uiautomator","selector":"new UiSelector().textContains(\"English\")"}
13:11:40.493204 POST /session/ece7b49b-6872-48c4-8671-88e157970294/element [17.988533ms] ERR:404 body={"strategy":"-android uiautomator","selector":"new UiSelector().descriptionContains(\"English\")"}
13:11:40.508224 POST /session/ece7b49b-6872-48c4-8671-88e157970294/element [14.938502ms] ERR:404 body={"strategy":"-android uiautomator","selector":"new UiSelector().textMatches(\"(?is).*\\QEnglish\\E.*...
13:11:40.523594 POST /session/ece7b49b-6872-48c4-8671-88e157970294/element [15.26962ms] ERR:404 body={"strategy":"-android uiautomator","selector":"new UiSelector().descriptionMatches(\"(?is).*\\QEngli...
13:11:40.540647 POST /session/ece7b49b-6872-48c4-8671-88e157970294/element [16.739791ms] ERR:404 body={"strategy":"-android uiautomator","selector":"new UiSelector().textContains(\"English\")"}
13:11:40.558768 POST /session/ece7b49b-6872-48c4-8671-88e157970294/element [18.013687ms] ERR:404 body={"strategy":"-android uiautomator","selector":"new UiSelector().descriptionContains(\"English\")"}
13:11:40.579671 POST /session/ece7b49b-6872-48c4-8671-88e157970294/element [20.766254ms] ERR:404 body={"strategy":"-android uiautomator","selector":"new UiSelector().textMatches(\"(?is).*\\QEnglish\\E.*...
13:11:40.598011 POST /session/ece7b49b-6872-48c4-8671-88e157970294/element [18.274057ms] ERR:404 body={"strategy":"-android uiautomator","selector":"new UiSelector().descriptionMatches(\"(?is).*\\QEngli...
13:11:40.615778 POST /session/ece7b49b-6872-48c4-8671-88e157970294/element [17.680376ms] ERR:404 body={"strategy":"-android uiautomator","selector":"new UiSelector().textContains(\"English\")"}
13:11:40.632824 POST /session/ece7b49b-6872-48c4-8671-88e157970294/element [16.959078ms] ERR:404 body={"strategy":"-android uiautomator","selector":"new UiSelector().descriptionContains(\"English\")"}
13:11:40.651592 POST /session/ece7b49b-6872-48c4-8671-88e157970294/element [18.663424ms] ERR:404 body={"strategy":"-android uiautomator","selector":"new UiSelector().textMatches(\"(?is).*\\QEnglish\\E.*...
13:11:40.670085 POST /session/ece7b49b-6872-48c4-8671-88e157970294/element [18.407752ms] ERR:404 body={"strategy":"-android uiautomator","selector":"new UiSelector().descriptionMatches(\"(?is).*\\QEngli...
13:11:40.688089 POST /session/ece7b49b-6872-48c4-8671-88e157970294/element [17.917957ms] ERR:404 body={"strategy":"-android uiautomator","selector":"new UiSelector().textContains(\"English\")"}
13:11:40.706895 POST /session/ece7b49b-6872-48c4-8671-88e157970294/element [18.709882ms] ERR:404 body={"strategy":"-android uiautomator","selector":"new UiSelector().descriptionContains(\"English\")"}
13:11:40.725553 POST /session/ece7b49b-6872-48c4-8671-88e157970294/element [18.55388ms] ERR:404 body={"strategy":"-android uiautomator","selector":"new UiSelector().textMatches(\"(?is).*\\QEnglish\\E.*...
13:11:40.742910 POST /session/ece7b49b-6872-48c4-8671-88e157970294/element [17.25396ms] ERR:404 body={"strategy":"-android uiautomator","selector":"new UiSelector().descriptionMatches(\"(?is).*\\QEngli...
13:11:40.761799 POST /session/ece7b49b-6872-48c4-8671-88e157970294/element [18.746881ms] ERR:404 body={"strategy":"-android uiautomator","selector":"new UiSelector().textContains(\"English\")"}
13:11:40.777188 POST /session/ece7b49b-6872-48c4-8671-88e157970294/element [15.286311ms] ERR:404 body={"strategy":"-android uiautomator","selector":"new UiSelector().descriptionContains(\"English\")"}
13:11:40.792437 POST /session/ece7b49b-6872-48c4-8671-88e157970294/element [15.176827ms] ERR:404 body={"strategy":"-android uiautomator","selector":"new UiSelector().textMatches(\"(?is).*\\QEnglish\\E.*...
13:11:40.809831 POST /session/ece7b49b-6872-48c4-8671-88e157970294/element [17.316466ms] ERR:404 body={"strategy":"-android uiautomator","selector":"new UiSelector().descriptionMatches(\"(?is).*\\QEngli...
13:11:40.828692 POST /session/ece7b49b-6872-48c4-8671-88e157970294/element [18.748995ms] ERR:404 body={"strategy":"-android uiautomator","selector":"new UiSelector().textContains(\"English\")"}
13:11:40.849464 POST /session/ece7b49b-6872-48c4-8671-88e157970294/element [20.685135ms] ERR:404 body={"strategy":"-android uiautomator","selector":"new UiSelector().descriptionContains(\"English\")"}
13:11:40.867215 POST /session/ece7b49b-6872-48c4-8671-88e157970294/element [17.666142ms] ERR:404 body={"strategy":"-android uiautomator","selector":"new UiSelector().textMatches(\"(?is).*\\QEnglish\\E.*...
13:11:40.885248 POST /session/ece7b49b-6872-48c4-8671-88e157970294/element [17.943677ms] ERR:404 body={"strategy":"-android uiautomator","selector":"new UiSelector().descriptionMatches(\"(?is).*\\QEngli...
13:11:40.905569 POST /session/ece7b49b-6872-48c4-8671-88e157970294/element [20.23344ms] ERR:404 body={"strategy":"-android uiautomator","selector":"new UiSelector().textContains(\"English\")"}
13:11:40.923873 POST /session/ece7b49b-6872-48c4-8671-88e157970294/element [18.208404ms] ERR:404 body={"strategy":"-android uiautomator","selector":"new UiSelector().descriptionContains(\"English\")"}
13:11:40.941384 POST /session/ece7b49b-6872-48c4-8671-88e157970294/element [17.399591ms] ERR:404 body={"strategy":"-android uiautomator","selector":"new UiSelector().textMatches(\"(?is).*\\QEnglish\\E.*...
13:11:40.959127 POST /session/ece7b49b-6872-48c4-8671-88e157970294/element [17.637267ms] ERR:404 body={"strategy":"-android uiautomator","selector":"new UiSelector().descriptionMatches(\"(?is).*\\QEngli...
13:11:40.976640 POST /session/ece7b49b-6872-48c4-8671-88e157970294/element [17.429828ms] ERR:404 body={"strategy":"-android uiautomator","selector":"new UiSelector().textContains(\"English\")"}
13:11:40.994707 POST /session/ece7b49b-6872-48c4-8671-88e157970294/element [17.957965ms] ERR:404 body={"strategy":"-android uiautomator","selector":"new UiSelector().descriptionContains(\"English\")"}
13:11:41.015595 POST /session/ece7b49b-6872-48c4-8671-88e157970294/element [20.802163ms] ERR:404 body={"strategy":"-android uiautomator","selector":"new UiSelector().textMatches(\"(?is).*\\QEnglish\\E.*...
13:11:41.036121 POST /session/ece7b49b-6872-48c4-8671-88e157970294/element [20.465615ms] ERR:404 body={"strategy":"-android uiautomator","selector":"new UiSelector().descriptionMatches(\"(?is).*\\QEngli...
13:11:41.057066 POST /session/ece7b49b-6872-48c4-8671-88e157970294/element [20.849432ms] ERR:404 body={"strategy":"-android uiautomator","selector":"new UiSelector().textContains(\"English\")"}
13:11:41.076368 POST /session/ece7b49b-6872-48c4-8671-88e157970294/element [19.207041ms] ERR:404 body={"strategy":"-android uiautomator","selector":"new UiSelector().descriptionContains(\"English\")"}
13:11:41.104496 POST /session/ece7b49b-6872-48c4-8671-88e157970294/element [28.047305ms] ERR:404 body={"strategy":"-android uiautomator","selector":"new UiSelector().textMatches(\"(?is).*\\QEnglish\\E.*...
13:11:41.124652 POST /session/ece7b49b-6872-48c4-8671-88e157970294/element [20.084382ms] ERR:404 body={"strategy":"-android uiautomator","selector":"new UiSelector().descriptionMatches(\"(?is).*\\QEngli...
13:11:41.145575 POST /session/ece7b49b-6872-48c4-8671-88e157970294/element [20.846336ms] ERR:404 body={"strategy":"-android uiautomator","selector":"new UiSelector().textContains(\"English\")"}
13:11:41.167696 POST /session/ece7b49b-6872-48c4-8671-88e157970294/element [22.062319ms] ERR:404 body={"strategy":"-android uiautomator","selector":"new UiSelector().descriptionContains(\"English\")"}
13:11:41.188757 POST /session/ece7b49b-6872-48c4-8671-88e157970294/element [20.999941ms] ERR:404 body={"strategy":"-android uiautomator","selector":"new UiSelector().textMatches(\"(?is).*\\QEnglish\\E.*...
13:11:41.206103 POST /session/ece7b49b-6872-48c4-8671-88e157970294/element [17.282802ms] ERR:404 body={"strategy":"-android uiautomator","selector":"new UiSelector().descriptionMatches(\"(?is).*\\QEngli...
13:11:41.227325 POST /session/ece7b49b-6872-48c4-8671-88e157970294/element [21.161676ms] ERR:404 body={"strategy":"-android uiautomator","selector":"new UiSelector().textContains(\"English\")"}
13:11:41.246359 POST /session/ece7b49b-6872-48c4-8671-88e157970294/element [18.957124ms] ERR:404 body={"strategy":"-android uiautomator","selector":"new UiSelector().descriptionContains(\"English\")"}
13:11:41.260734 POST /session/ece7b49b-6872-48c4-8671-88e157970294/element [14.286061ms] ERR:404 body={"strategy":"-android uiautomator","selector":"new UiSelector().textMatches(\"(?is).*\\QEnglish\\E.*...
13:11:41.275296 POST /session/ece7b49b-6872-48c4-8671-88e157970294/element [14.478946ms] ERR:404 body={"strategy":"-android uiautomator","selector":"new UiSelector().descriptionMatches(\"(?is).*\\QEngli...
13:11:41.290924 POST /session/ece7b49b-6872-48c4-8671-88e157970294/element [15.510177ms] ERR:404 body={"strategy":"-android uiautomator","selector":"new UiSelector().textContains(\"English\")"}
13:11:41.308198 POST /session/ece7b49b-6872-48c4-8671-88e157970294/element [17.174742ms] ERR:404 body={"strategy":"-android uiautomator","selector":"new UiSelector().descriptionContains(\"English\")"}
13:11:41.325886 POST /session/ece7b49b-6872-48c4-8671-88e157970294/element [17.600668ms] ERR:404 body={"strategy":"-android uiautomator","selector":"new UiSelector().textMatches(\"(?is).*\\QEnglish\\E.*...
13:11:41.343476 POST /session/ece7b49b-6872-48c4-8671-88e157970294/element [17.476105ms] ERR:404 body={"strategy":"-android uiautomator","selector":"new UiSelector().descriptionMatches(\"(?is).*\\QEngli...
13:11:41.360761 POST /session/ece7b49b-6872-48c4-8671-88e157970294/element [17.223052ms] ERR:404 body={"strategy":"-android uiautomator","selector":"new UiSelector().textContains(\"English\")"}
13:11:41.382210 POST /session/ece7b49b-6872-48c4-8671-88e157970294/element [21.343756ms] ERR:404 body={"strategy":"-android uiautomator","selector":"new UiSelector().descriptionContains(\"English\")"}
13:11:41.404359 POST /session/ece7b49b-6872-48c4-8671-88e157970294/element [22.072358ms] ERR:404 body={"strategy":"-android uiautomator","selector":"new UiSelector().textMatches(\"(?is).*\\QEnglish\\E.*...
13:11:41.421620 POST /session/ece7b49b-6872-48c4-8671-88e157970294/element [17.174343ms] ERR:404 body={"strategy":"-android uiautomator","selector":"new UiSelector().descriptionMatches(\"(?is).*\\QEngli...
13:11:41.438023 POST /session/ece7b49b-6872-48c4-8671-88e157970294/element [16.319392ms] ERR:404 body={"strategy":"-android uiautomator","selector":"new UiSelector().textContains(\"English\")"}
13:11:41.455549 POST /session/ece7b49b-6872-48c4-8671-88e157970294/element [17.440658ms] ERR:404 body={"strategy":"-android uiautomator","selector":"new UiSelector().descriptionContains(\"English\")"}
13:11:41.472934 POST /session/ece7b49b-6872-48c4-8671-88e157970294/element [17.271242ms] ERR:404 body={"strategy":"-android uiautomator","selector":"new UiSelector().textMatches(\"(?is).*\\QEnglish\\E.*...
13:11:41.489807 POST /session/ece7b49b-6872-48c4-8671-88e157970294/element [16.766929ms] ERR:404 body={"strategy":"-android uiautomator","selector":"new UiSelector().descriptionMatches(\"(?is).*\\QEngli...
13:11:41.512225 POST /session/ece7b49b-6872-48c4-8671-88e157970294/element [22.304323ms] ERR:404 body={"strategy":"-android uiautomator","selector":"new UiSelector().textContains(\"English\")"}
13:11:41.533198 POST /session/ece7b49b-6872-48c4-8671-88e157970294/element [20.911298ms] ERR:404 body={"strategy":"-android uiautomator","selector":"new UiSelector().descriptionContains(\"English\")"}
13:11:41.549666 POST /session/ece7b49b-6872-48c4-8671-88e157970294/element [16.373994ms] ERR:404 body={"strategy":"-android uiautomator","selector":"new UiSelector().textMatches(\"(?is).*\\QEnglish\\E.*...
13:11:41.567301 POST /session/ece7b49b-6872-48c4-8671-88e157970294/element [17.51139ms] ERR:404 body={"strategy":"-android uiautomator","selector":"new UiSelector().descriptionMatches(\"(?is).*\\QEngli...
13:11:41.687135 GET /session/ece7b49b-6872-48c4-8671-88e157970294/source [119.638367ms] OK body=
13:11:41.716536 POST /session/ece7b49b-6872-48c4-8671-88e157970294/element [25.812764ms] ERR:404 body={"strategy":"-android uiautomator","selector":"new UiSelector().textContains(\"Tiếng Anh\")"}
13:11:41.733115 POST /session/ece7b49b-6872-48c4-8671-88e157970294/element [16.444006ms] ERR:404 body={"strategy":"-android uiautomator","selector":"new UiSelector().descriptionContains(\"Tiếng Anh\")...
13:11:41.750102 POST /session/ece7b49b-6872-48c4-8671-88e157970294/element [16.860514ms] ERR:404 body={"strategy":"-android uiautomator","selector":"new UiSelector().textMatches(\"(?is).*\\QTiếng Anh\...
13:11:41.766247 POST /session/ece7b49b-6872-48c4-8671-88e157970294/element [15.948969ms] ERR:404 body={"strategy":"-android uiautomator","selector":"new UiSelector().descriptionMatches(\"(?is).*\\QTiế...
13:11:41.783913 POST /session/ece7b49b-6872-48c4-8671-88e157970294/element [17.603904ms] ERR:404 body={"strategy":"-android uiautomator","selector":"new UiSelector().textContains(\"Tiếng Anh\")"}
13:11:41.802519 POST /session/ece7b49b-6872-48c4-8671-88e157970294/element [18.542479ms] ERR:404 body={"strategy":"-android uiautomator","selector":"new UiSelector().descriptionContains(\"Tiếng Anh\")...
13:11:41.821251 POST /session/ece7b49b-6872-48c4-8671-88e157970294/element [18.652173ms] ERR:404 body={"strategy":"-android uiautomator","selector":"new UiSelector().textMatches(\"(?is).*\\QTiếng Anh\...
13:11:41.839384 POST /session/ece7b49b-6872-48c4-8671-88e157970294/element [18.030099ms] ERR:404 body={"strategy":"-android uiautomator","selector":"new UiSelector().descriptionMatches(\"(?is).*\\QTiế...
13:11:41.855512 POST /session/ece7b49b-6872-48c4-8671-88e157970294/element [16.035952ms] ERR:404 body={"strategy":"-android uiautomator","selector":"new UiSelector().textContains(\"Tiếng Anh\")"}
13:11:41.871618 POST /session/ece7b49b-6872-48c4-8671-88e157970294/element [16.02423ms] ERR:404 body={"strategy":"-android uiautomator","selector":"new UiSelector().descriptionContains(\"Tiếng Anh\")...
13:11:41.888455 POST /session/ece7b49b-6872-48c4-8671-88e157970294/element [16.770027ms] ERR:404 body={"strategy":"-android uiautomator","selector":"new UiSelector().textMatches(\"(?is).*\\QTiếng Anh\...
13:11:41.904715 POST /session/ece7b49b-6872-48c4-8671-88e157970294/element [16.172558ms] ERR:404 body={"strategy":"-android uiautomator","selector":"new UiSelector().descriptionMatches(\"(?is).*\\QTiế...
13:11:41.920945 POST /session/ece7b49b-6872-48c4-8671-88e157970294/element [16.151926ms] ERR:404 body={"strategy":"-android uiautomator","selector":"new UiSelector().textContains(\"Tiếng Anh\")"}
13:11:41.937353 POST /session/ece7b49b-6872-48c4-8671-88e157970294/element [16.303134ms] ERR:404 body={"strategy":"-android uiautomator","selector":"new UiSelector().descriptionContains(\"Tiếng Anh\")...
13:11:41.953550 POST /session/ece7b49b-6872-48c4-8671-88e157970294/element [16.107624ms] ERR:404 body={"strategy":"-android uiautomator","selector":"new UiSelector().textMatches(\"(?is).*\\QTiếng Anh\...
13:11:41.968932 POST /session/ece7b49b-6872-48c4-8671-88e157970294/element [15.311829ms] ERR:404 body={"strategy":"-android uiautomator","selector":"new UiSelector().descriptionMatches(\"(?is).*\\QTiế...
13:11:41.984513 POST /session/ece7b49b-6872-48c4-8671-88e157970294/element [15.495532ms] ERR:404 body={"strategy":"-android uiautomator","selector":"new UiSelector().textContains(\"Tiếng Anh\")"}
13:11:41.999708 POST /session/ece7b49b-6872-48c4-8671-88e157970294/element [15.122765ms] ERR:404 body={"strategy":"-android uiautomator","selector":"new UiSelector().descriptionContains(\"Tiếng Anh\")...
13:11:42.018344 POST /session/ece7b49b-6872-48c4-8671-88e157970294/element [18.556317ms] ERR:404 body={"strategy":"-android uiautomator","selector":"new UiSelector().textMatches(\"(?is).*\\QTiếng Anh\...
13:11:42.033906 POST /session/ece7b49b-6872-48c4-8671-88e157970294/element [15.504869ms] ERR:404 body={"strategy":"-android uiautomator","selector":"new UiSelector().descriptionMatches(\"(?is).*\\QTiế...
13:11:42.052491 POST /session/ece7b49b-6872-48c4-8671-88e157970294/element [18.513512ms] ERR:404 body={"strategy":"-android uiautomator","selector":"new UiSelector().textContains(\"Tiếng Anh\")"}
13:11:42.069328 POST /session/ece7b49b-6872-48c4-8671-88e157970294/element [16.737204ms] ERR:404 body={"strategy":"-android uiautomator","selector":"new UiSelector().descriptionContains(\"Tiếng Anh\")...
13:11:42.086675 POST /session/ece7b49b-6872-48c4-8671-88e157970294/element [17.235097ms] ERR:404 body={"strategy":"-android uiautomator","selector":"new UiSelector().textMatches(\"(?is).*\\QTiếng Anh\...
13:11:42.102859 POST /session/ece7b49b-6872-48c4-8671-88e157970294/element [16.116511ms] ERR:404 body={"strategy":"-android uiautomator","selector":"new UiSelector().descriptionMatches(\"(?is).*\\QTiế...
13:11:42.120906 POST /session/ece7b49b-6872-48c4-8671-88e157970294/element [17.926396ms] ERR:404 body={"strategy":"-android uiautomator","selector":"new UiSelector().textContains(\"Tiếng Anh\")"}
13:11:42.142625 POST /session/ece7b49b-6872-48c4-8671-88e157970294/element [21.63337ms] ERR:404 body={"strategy":"-android uiautomator","selector":"new UiSelector().descriptionContains(\"Tiếng Anh\")...
13:11:42.161672 POST /session/ece7b49b-6872-48c4-8671-88e157970294/element [18.951303ms] ERR:404 body={"strategy":"-android uiautomator","selector":"new UiSelector().textMatches(\"(?is).*\\QTiếng Anh\...
13:11:42.179345 POST /session/ece7b49b-6872-48c4-8671-88e157970294/element [17.592703ms] ERR:404 body={"strategy":"-android uiautomator","selector":"new UiSelector().descriptionMatches(\"(?is).*\\QTiế...
13:11:42.197116 POST /session/ece7b49b-6872-48c4-8671-88e157970294/element [17.686436ms] ERR:404 body={"strategy":"-android uiautomator","selector":"new UiSelector().textContains(\"Tiếng Anh\")"}
13:11:42.215510 POST /session/ece7b49b-6872-48c4-8671-88e157970294/element [18.313573ms] ERR:404 body={"strategy":"-android uiautomator","selector":"new UiSelector().descriptionContains(\"Tiếng Anh\")...
13:11:42.232724 POST /session/ece7b49b-6872-48c4-8671-88e157970294/element [17.131137ms] ERR:404 body={"strategy":"-android uiautomator","selector":"new UiSelector().textMatches(\"(?is).*\\QTiếng Anh\...
13:11:42.248699 POST /session/ece7b49b-6872-48c4-8671-88e157970294/element [15.90585ms] ERR:404 body={"strategy":"-android uiautomator","selector":"new UiSelector().descriptionMatches(\"(?is).*\\QTiế...
13:11:42.264840 POST /session/ece7b49b-6872-48c4-8671-88e157970294/element [16.063209ms] ERR:404 body={"strategy":"-android uiautomator","selector":"new UiSelector().textContains(\"Tiếng Anh\")"}
13:11:42.280890 POST /session/ece7b49b-6872-48c4-8671-88e157970294/element [15.949541ms] ERR:404 body={"strategy":"-android uiautomator","selector":"new UiSelector().descriptionContains(\"Tiếng Anh\")...
13:11:42.296843 POST /session/ece7b49b-6872-48c4-8671-88e157970294/element [15.849447ms] ERR:404 body={"strategy":"-android uiautomator","selector":"new UiSelector().textMatches(\"(?is).*\\QTiếng Anh\...
13:11:42.315908 POST /session/ece7b49b-6872-48c4-8671-88e157970294/element [18.950187ms] ERR:404 body={"strategy":"-android uiautomator","selector":"new UiSelector().descriptionMatches(\"(?is).*\\QTiế...
13:11:42.335647 POST /session/ece7b49b-6872-48c4-8671-88e157970294/element [19.658835ms] ERR:404 body={"strategy":"-android uiautomator","selector":"new UiSelector().textContains(\"Tiếng Anh\")"}
13:11:42.356275 POST /session/ece7b49b-6872-48c4-8671-88e157970294/element [20.522712ms] ERR:404 body={"strategy":"-android uiautomator","selector":"new UiSelector().descriptionContains(\"Tiếng Anh\")...
13:11:42.378412 POST /session/ece7b49b-6872-48c4-8671-88e157970294/element [22.020827ms] ERR:404 body={"strategy":"-android uiautomator","selector":"new UiSelector().textMatches(\"(?is).*\\QTiếng Anh\...
13:11:42.395811 POST /session/ece7b49b-6872-48c4-8671-88e157970294/element [17.299434ms] ERR:404 body={"strategy":"-android uiautomator","selector":"new UiSelector().descriptionMatches(\"(?is).*\\QTiế...
13:11:42.413168 POST /session/ece7b49b-6872-48c4-8671-88e157970294/element [17.245905ms] ERR:404 body={"strategy":"-android uiautomator","selector":"new UiSelector().textContains(\"Tiếng Anh\")"}
13:11:42.432048 POST /session/ece7b49b-6872-48c4-8671-88e157970294/element [18.778207ms] ERR:404 body={"strategy":"-android uiautomator","selector":"new UiSelector().descriptionContains(\"Tiếng Anh\")...
13:11:42.450049 POST /session/ece7b49b-6872-48c4-8671-88e157970294/element [17.907755ms] ERR:404 body={"strategy":"-android uiautomator","selector":"new UiSelector().textMatches(\"(?is).*\\QTiếng Anh\...
13:11:42.468943 POST /session/ece7b49b-6872-48c4-8671-88e157970294/element [18.807334ms] ERR:404 body={"strategy":"-android uiautomator","selector":"new UiSelector().descriptionMatches(\"(?is).*\\QTiế...
13:11:42.487005 POST /session/ece7b49b-6872-48c4-8671-88e157970294/element [17.976861ms] ERR:404 body={"strategy":"-android uiautomator","selector":"new UiSelector().textContains(\"Tiếng Anh\")"}
13:11:42.504669 POST /session/ece7b49b-6872-48c4-8671-88e157970294/element [17.579766ms] ERR:404 body={"strategy":"-android uiautomator","selector":"new UiSelector().descriptionContains(\"Tiếng Anh\")...
13:11:42.522868 POST /session/ece7b49b-6872-48c4-8671-88e157970294/element [18.102536ms] ERR:404 body={"strategy":"-android uiautomator","selector":"new UiSelector().textMatches(\"(?is).*\\QTiếng Anh\...
13:11:42.541655 POST /session/ece7b49b-6872-48c4-8671-88e157970294/element [18.668765ms] ERR:404 body={"strategy":"-android uiautomator","selector":"new UiSelector().descriptionMatches(\"(?is).*\\QTiế...
13:11:42.558491 POST /session/ece7b49b-6872-48c4-8671-88e157970294/element [16.754816ms] ERR:404 body={"strategy":"-android uiautomator","selector":"new UiSelector().textContains(\"Tiếng Anh\")"}
13:11:42.573559 POST /session/ece7b49b-6872-48c4-8671-88e157970294/element [14.986954ms] ERR:404 body={"strategy":"-android uiautomator","selector":"new UiSelector().descriptionContains(\"Tiếng Anh\")...
13:11:42.589210 POST /session/ece7b49b-6872-48c4-8671-88e157970294/element [15.56393ms] ERR:404 body={"strategy":"-android uiautomator","selector":"new UiSelector().textMatches(\"(?is).*\\QTiếng Anh\...
13:11:42.604807 POST /session/ece7b49b-6872-48c4-8671-88e157970294/element [15.51716ms] ERR:404 body={"strategy":"-android uiautomator","selector":"new UiSelector().descriptionMatches(\"(?is).*\\QTiế...
13:11:42.620662 POST /session/ece7b49b-6872-48c4-8671-88e157970294/element [15.757214ms] ERR:404 body={"strategy":"-android uiautomator","selector":"new UiSelector().textContains(\"Tiếng Anh\")"}
13:11:42.636705 POST /session/ece7b49b-6872-48c4-8671-88e157970294/element [15.979003ms] ERR:404 body={"strategy":"-android uiautomator","selector":"new UiSelector().descriptionContains(\"Tiếng Anh\")...
13:11:42.653463 POST /session/ece7b49b-6872-48c4-8671-88e157970294/element [16.66555ms] ERR:404 body={"strategy":"-android uiautomator","selector":"new UiSelector().textMatches(\"(?is).*\\QTiếng Anh\...
13:11:42.670768 POST /session/ece7b49b-6872-48c4-8671-88e157970294/element [17.057563ms] ERR:404 body={"strategy":"-android uiautomator","selector":"new UiSelector().descriptionMatches(\"(?is).*\\QTiế...
13:11:42.691365 POST /session/ece7b49b-6872-48c4-8671-88e157970294/element [20.459122ms] ERR:404 body={"strategy":"-android uiautomator","selector":"new UiSelector().textContains(\"Tiếng Anh\")"}
13:11:42.708416 POST /session/ece7b49b-6872-48c4-8671-88e157970294/element [16.94285ms] ERR:404 body={"strategy":"-android uiautomator","selector":"new UiSelector().descriptionContains(\"Tiếng Anh\")...
13:11:42.726986 POST /session/ece7b49b-6872-48c4-8671-88e157970294/element [18.472505ms] ERR:404 body={"strategy":"-android uiautomator","selector":"new UiSelector().textMatches(\"(?is).*\\QTiếng Anh\...
13:11:42.743649 POST /session/ece7b49b-6872-48c4-8671-88e157970294/element [16.587523ms] ERR:404 body={"strategy":"-android uiautomator","selector":"new UiSelector().descriptionMatches(\"(?is).*\\QTiế...
13:11:42.760118 POST /session/ece7b49b-6872-48c4-8671-88e157970294/element [16.408207ms] ERR:404 body={"strategy":"-android uiautomator","selector":"new UiSelector().textContains(\"Tiếng Anh\")"}
13:11:42.776534 POST /session/ece7b49b-6872-48c4-8671-88e157970294/element [16.309966ms] ERR:404 body={"strategy":"-android uiautomator","selector":"new UiSelector().descriptionContains(\"Tiếng Anh\")...
13:11:42.792459 POST /session/ece7b49b-6872-48c4-8671-88e157970294/element [15.827652ms] ERR:404 body={"strategy":"-android uiautomator","selector":"new UiSelector().textMatches(\"(?is).*\\QTiếng Anh\...
13:11:42.808910 POST /session/ece7b49b-6872-48c4-8671-88e157970294/element [16.365719ms] ERR:404 body={"strategy":"-android uiautomator","selector":"new UiSelector().descriptionMatches(\"(?is).*\\QTiế...
13:11:42.825573 POST /session/ece7b49b-6872-48c4-8671-88e157970294/element [16.581502ms] ERR:404 body={"strategy":"-android uiautomator","selector":"new UiSelector().textContains(\"Tiếng Anh\")"}
13:11:42.841575 POST /session/ece7b49b-6872-48c4-8671-88e157970294/element [15.903454ms] ERR:404 body={"strategy":"-android uiautomator","selector":"new UiSelector().descriptionContains(\"Tiếng Anh\")...
13:11:42.859891 POST /session/ece7b49b-6872-48c4-8671-88e157970294/element [18.171695ms] ERR:404 body={"strategy":"-android uiautomator","selector":"new UiSelector().textMatches(\"(?is).*\\QTiếng Anh\...
13:11:42.878107 POST /session/ece7b49b-6872-48c4-8671-88e157970294/element [18.117885ms] ERR:404 body={"strategy":"-android uiautomator","selector":"new UiSelector().descriptionMatches(\"(?is).*\\QTiế...
13:11:42.895238 POST /session/ece7b49b-6872-48c4-8671-88e157970294/element [17.040831ms] ERR:404 body={"strategy":"-android uiautomator","selector":"new UiSelector().textContains(\"Tiếng Anh\")"}
13:11:42.911082 POST /session/ece7b49b-6872-48c4-8671-88e157970294/element [15.758744ms] ERR:404 body={"strategy":"-android uiautomator","selector":"new UiSelector().descriptionContains(\"Tiếng Anh\")...
13:11:42.928271 POST /session/ece7b49b-6872-48c4-8671-88e157970294/element [17.104519ms] ERR:404 body={"strategy":"-android uiautomator","selector":"new UiSelector().textMatches(\"(?is).*\\QTiếng Anh\...
13:11:42.943505 POST /session/ece7b49b-6872-48c4-8671-88e157970294/element [15.160857ms] ERR:404 body={"strategy":"-android uiautomator","selector":"new UiSelector().descriptionMatches(\"(?is).*\\QTiế...
13:11:42.959487 POST /session/ece7b49b-6872-48c4-8671-88e157970294/element [15.875512ms] ERR:404 body={"strategy":"-android uiautomator","selector":"new UiSelector().textContains(\"Tiếng Anh\")"}
13:11:42.975984 POST /session/ece7b49b-6872-48c4-8671-88e157970294/element [16.408861ms] ERR:404 body={"strategy":"-android uiautomator","selector":"new UiSelector().descriptionContains(\"Tiếng Anh\")...
13:11:43.001867 POST /session/ece7b49b-6872-48c4-8671-88e157970294/element [25.793556ms] ERR:404 body={"strategy":"-android uiautomator","selector":"new UiSelector().textMatches(\"(?is).*\\QTiếng Anh\...
13:11:43.018427 POST /session/ece7b49b-6872-48c4-8671-88e157970294/element [16.434751ms] ERR:404 body={"strategy":"-android uiautomator","selector":"new UiSelector().descriptionMatches(\"(?is).*\\QTiế...
13:11:43.034860 POST /session/ece7b49b-6872-48c4-8671-88e157970294/element [16.367137ms] ERR:404 body={"strategy":"-android uiautomator","selector":"new UiSelector().textContains(\"Tiếng Anh\")"}
13:11:43.051907 POST /session/ece7b49b-6872-48c4-8671-88e157970294/element [16.937608ms] ERR:404 body={"strategy":"-android uiautomator","selector":"new UiSelector().descriptionContains(\"Tiếng Anh\")...
13:11:43.068993 POST /session/ece7b49b-6872-48c4-8671-88e157970294/element [16.993413ms] ERR:404 body={"strategy":"-android uiautomator","selector":"new UiSelector().textMatches(\"(?is).*\\QTiếng Anh\...
13:11:43.085891 POST /session/ece7b49b-6872-48c4-8671-88e157970294/element [16.794713ms] ERR:404 body={"strategy":"-android uiautomator","selector":"new UiSelector().descriptionMatches(\"(?is).*\\QTiế...
13:11:43.102927 POST /session/ece7b49b-6872-48c4-8671-88e157970294/element [16.900699ms] ERR:404 body={"strategy":"-android uiautomator","selector":"new UiSelector().textContains(\"Tiếng Anh\")"}
13:11:43.119965 POST /session/ece7b49b-6872-48c4-8671-88e157970294/element [16.892556ms] ERR:404 body={"strategy":"-android uiautomator","selector":"new UiSelector().descriptionContains(\"Tiếng Anh\")...
13:11:43.137448 POST /session/ece7b49b-6872-48c4-8671-88e157970294/element [17.360439ms] ERR:404 body={"strategy":"-android uiautomator","selector":"new UiSelector().textMatches(\"(?is).*\\QTiếng Anh\...
13:11:43.154277 POST /session/ece7b49b-6872-48c4-8671-88e157970294/element [16.706055ms] ERR:404 body={"strategy":"-android uiautomator","selector":"new UiSelector().descriptionMatches(\"(?is).*\\QTiế...
13:11:43.170879 POST /session/ece7b49b-6872-48c4-8671-88e157970294/element [16.447292ms] ERR:404 body={"strategy":"-android uiautomator","selector":"new UiSelector().textContains(\"Tiếng Anh\")"}
13:11:43.187563 POST /session/ece7b49b-6872-48c4-8671-88e157970294/element [16.565351ms] ERR:404 body={"strategy":"-android uiautomator","selector":"new UiSelector().descriptionContains(\"Tiếng Anh\")...
13:11:43.204138 POST /session/ece7b49b-6872-48c4-8671-88e157970294/element [16.512175ms] ERR:404 body={"strategy":"-android uiautomator","selector":"new UiSelector().textMatches(\"(?is).*\\QTiếng Anh\...
13:11:43.220452 POST /session/ece7b49b-6872-48c4-8671-88e157970294/element [16.243531ms] ERR:404 body={"strategy":"-android uiautomator","selector":"new UiSelector().descriptionMatches(\"(?is).*\\QTiế...
13:11:43.237152 POST /session/ece7b49b-6872-48c4-8671-88e157970294/element [16.601328ms] ERR:404 body={"strategy":"-android uiautomator","selector":"new UiSelector().textContains(\"Tiếng Anh\")"}
13:11:43.255055 POST /session/ece7b49b-6872-48c4-8671-88e157970294/element [17.833033ms] ERR:404 body={"strategy":"-android uiautomator","selector":"new UiSelector().descriptionContains(\"Tiếng Anh\")...
13:11:43.272774 POST /session/ece7b49b-6872-48c4-8671-88e157970294/element [17.621788ms] ERR:404 body={"strategy":"-android uiautomator","selector":"new UiSelector().textMatches(\"(?is).*\\QTiếng Anh\...
13:11:43.290913 POST /session/ece7b49b-6872-48c4-8671-88e157970294/element [18.026327ms] ERR:404 body={"strategy":"-android uiautomator","selector":"new UiSelector().descriptionMatches(\"(?is).*\\QTiế...
13:11:43.310159 POST /session/ece7b49b-6872-48c4-8671-88e157970294/element [19.16237ms] ERR:404 body={"strategy":"-android uiautomator","selector":"new UiSelector().textContains(\"Tiếng Anh\")"}
13:11:43.328230 POST /session/ece7b49b-6872-48c4-8671-88e157970294/element [17.957345ms] ERR:404 body={"strategy":"-android uiautomator","selector":"new UiSelector().descriptionContains(\"Tiếng Anh\")...
13:11:43.345738 POST /session/ece7b49b-6872-48c4-8671-88e157970294/element [17.408641ms] ERR:404 body={"strategy":"-android uiautomator","selector":"new UiSelector().textMatches(\"(?is).*\\QTiếng Anh\...
13:11:43.362580 POST /session/ece7b49b-6872-48c4-8671-88e157970294/element [16.740559ms] ERR:404 body={"strategy":"-android uiautomator","selector":"new UiSelector().descriptionMatches(\"(?is).*\\QTiế...
13:11:43.379494 POST /session/ece7b49b-6872-48c4-8671-88e157970294/element [16.814789ms] ERR:404 body={"strategy":"-android uiautomator","selector":"new UiSelector().textContains(\"Tiếng Anh\")"}
13:11:43.396730 POST /session/ece7b49b-6872-48c4-8671-88e157970294/element [17.12697ms] ERR:404 body={"strategy":"-android uiautomator","selector":"new UiSelector().descriptionContains(\"Tiếng Anh\")...
13:11:43.414203 POST /session/ece7b49b-6872-48c4-8671-88e157970294/element [17.403099ms] ERR:404 body={"strategy":"-android uiautomator","selector":"new UiSelector().textMatches(\"(?is).*\\QTiếng Anh\...
13:11:43.434096 POST /session/ece7b49b-6872-48c4-8671-88e157970294/element [19.776897ms] ERR:404 body={"strategy":"-android uiautomator","selector":"new UiSelector().descriptionMatches(\"(?is).*\\QTiế...
13:11:43.453708 POST /session/ece7b49b-6872-48c4-8671-88e157970294/element [19.534534ms] ERR:404 body={"strategy":"-android uiautomator","selector":"new UiSelector().textContains(\"Tiếng Anh\")"}
13:11:43.474431 POST /session/ece7b49b-6872-48c4-8671-88e157970294/element [20.604266ms] ERR:404 body={"strategy":"-android uiautomator","selector":"new UiSelector().descriptionContains(\"Tiếng Anh\")...
13:11:43.492551 POST /session/ece7b49b-6872-48c4-8671-88e157970294/element [17.970891ms] ERR:404 body={"strategy":"-android uiautomator","selector":"new UiSelector().textMatches(\"(?is).*\\QTiếng Anh\...
13:11:43.510432 POST /session/ece7b49b-6872-48c4-8671-88e157970294/element [17.758003ms] ERR:404 body={"strategy":"-android uiautomator","selector":"new UiSelector().descriptionMatches(\"(?is).*\\QTiế...
13:11:43.526814 POST /session/ece7b49b-6872-48c4-8671-88e157970294/element [16.283606ms] ERR:404 body={"strategy":"-android uiautomator","selector":"new UiSelector().textContains(\"Tiếng Anh\")"}
13:11:43.543156 POST /session/ece7b49b-6872-48c4-8671-88e157970294/element [16.208705ms] ERR:404 body={"strategy":"-android uiautomator","selector":"new UiSelector().descriptionContains(\"Tiếng Anh\")...
13:11:43.559248 POST /session/ece7b49b-6872-48c4-8671-88e157970294/element [15.952226ms] ERR:404 body={"strategy":"-android uiautomator","selector":"new UiSelector().textMatches(\"(?is).*\\QTiếng Anh\...
13:11:43.584800 POST /session/ece7b49b-6872-48c4-8671-88e157970294/element [25.439877ms] ERR:404 body={"strategy":"-android uiautomator","selector":"new UiSelector().descriptionMatches(\"(?is).*\\QTiế...
13:11:43.603502 POST /session/ece7b49b-6872-48c4-8671-88e157970294/element [18.566334ms] ERR:404 body={"strategy":"-android uiautomator","selector":"new UiSelector().textContains(\"Tiếng Anh\")"}
13:11:43.621045 POST /session/ece7b49b-6872-48c4-8671-88e157970294/element [17.443675ms] ERR:404 body={"strategy":"-android uiautomator","selector":"new UiSelector().descriptionContains(\"Tiếng Anh\")...
13:11:43.637407 POST /session/ece7b49b-6872-48c4-8671-88e157970294/element [16.268187ms] ERR:404 body={"strategy":"-android uiautomator","selector":"new UiSelector().textMatches(\"(?is).*\\QTiếng Anh\...
13:11:43.653387 POST /session/ece7b49b-6872-48c4-8671-88e157970294/element [15.844014ms] ERR:404 body={"strategy":"-android uiautomator","selector":"new UiSelector().descriptionMatches(\"(?is).*\\QTiế...
13:11:43.671466 POST /session/ece7b49b-6872-48c4-8671-88e157970294/element [17.976301ms] ERR:404 body={"strategy":"-android uiautomator","selector":"new UiSelector().textContains(\"Tiếng Anh\")"}
13:11:43.688028 POST /session/ece7b49b-6872-48c4-8671-88e157970294/element [16.45152ms] ERR:404 body={"strategy":"-android uiautomator","selector":"new UiSelector().descriptionContains(\"Tiếng Anh\")...
13:11:43.705216 POST /session/ece7b49b-6872-48c4-8671-88e157970294/element [17.073903ms] ERR:404 body={"strategy":"-android uiautomator","selector":"new UiSelector().textMatches(\"(?is).*\\QTiếng Anh\...
13:11:43.722962 POST /session/ece7b49b-6872-48c4-8671-88e157970294/element [17.643248ms] ERR:404 body={"strategy":"-android uiautomator","selector":"new UiSelector().descriptionMatches(\"(?is).*\\QTiế...
13:11:43.739048 POST /session/ece7b49b-6872-48c4-8671-88e157970294/element [15.981501ms] ERR:404 body={"strategy":"-android uiautomator","selector":"new UiSelector().textContains(\"Tiếng Anh\")"}
13:11:43.754763 POST /session/ece7b49b-6872-48c4-8671-88e157970294/element [15.621706ms] ERR:404 body={"strategy":"-android uiautomator","selector":"new UiSelector().descriptionContains(\"Tiếng Anh\")...
13:11:43.770909 POST /session/ece7b49b-6872-48c4-8671-88e157970294/element [16.03878ms] ERR:404 body={"strategy":"-android uiautomator","selector":"new UiSelector().textMatches(\"(?is).*\\QTiếng Anh\...
13:11:43.787331 POST /session/ece7b49b-6872-48c4-8671-88e157970294/element [16.343396ms] ERR:404 body={"strategy":"-android uiautomator","selector":"new UiSelector().descriptionMatches(\"(?is).*\\QTiế...
13:11:43.804264 POST /session/ece7b49b-6872-48c4-8671-88e157970294/element [16.861056ms] ERR:404 body={"strategy":"-android uiautomator","selector":"new UiSelector().textContains(\"Tiếng Anh\")"}
13:11:43.821368 POST /session/ece7b49b-6872-48c4-8671-88e157970294/element [17.003261ms] ERR:404 body={"strategy":"-android uiautomator","selector":"new UiSelector().descriptionContains(\"Tiếng Anh\")...
13:11:43.837625 POST /session/ece7b49b-6872-48c4-8671-88e157970294/element [16.18849ms] ERR:404 body={"strategy":"-android uiautomator","selector":"new UiSelector().textMatches(\"(?is).*\\QTiếng Anh\...
13:11:43.853764 POST /session/ece7b49b-6872-48c4-8671-88e157970294/element [16.052553ms] ERR:404 body={"strategy":"-android uiautomator","selector":"new UiSelector().descriptionMatches(\"(?is).*\\QTiế...
13:11:43.870169 POST /session/ece7b49b-6872-48c4-8671-88e157970294/element [16.295607ms] ERR:404 body={"strategy":"-android uiautomator","selector":"new UiSelector().textContains(\"Tiếng Anh\")"}
13:11:43.885851 POST /session/ece7b49b-6872-48c4-8671-88e157970294/element [15.597182ms] ERR:404 body={"strategy":"-android uiautomator","selector":"new UiSelector().descriptionContains(\"Tiếng Anh\")...
13:11:43.901822 POST /session/ece7b49b-6872-48c4-8671-88e157970294/element [15.852942ms] ERR:404 body={"strategy":"-android uiautomator","selector":"new UiSelector().textMatches(\"(?is).*\\QTiếng Anh\...
13:11:43.918013 POST /session/ece7b49b-6872-48c4-8671-88e157970294/element [16.087337ms] ERR:404 body={"strategy":"-android uiautomator","selector":"new UiSelector().descriptionMatches(\"(?is).*\\QTiế...
13:11:43.934151 POST /session/ece7b49b-6872-48c4-8671-88e157970294/element [16.077581ms] ERR:404 body={"strategy":"-android uiautomator","selector":"new UiSelector().textContains(\"Tiếng Anh\")"}
13:11:43.951049 POST /session/ece7b49b-6872-48c4-8671-88e157970294/element [16.790754ms] ERR:404 body={"strategy":"-android uiautomator","selector":"new UiSelector().descriptionContains(\"Tiếng Anh\")...
13:11:43.975552 POST /session/ece7b49b-6872-48c4-8671-88e157970294/element [24.416263ms] ERR:404 body={"strategy":"-android uiautomator","selector":"new UiSelector().textMatches(\"(?is).*\\QTiếng Anh\...
13:11:43.991773 POST /session/ece7b49b-6872-48c4-8671-88e157970294/element [16.126976ms] ERR:404 body={"strategy":"-android uiautomator","selector":"new UiSelector().descriptionMatches(\"(?is).*\\QTiế...
13:11:44.008084 POST /session/ece7b49b-6872-48c4-8671-88e157970294/element [16.224974ms] ERR:404 body={"strategy":"-android uiautomator","selector":"new UiSelector().textContains(\"Tiếng Anh\")"}
13:11:44.024582 POST /session/ece7b49b-6872-48c4-8671-88e157970294/element [16.436242ms] ERR:404 body={"strategy":"-android uiautomator","selector":"new UiSelector().descriptionContains(\"Tiếng Anh\")...
13:11:44.040869 POST /session/ece7b49b-6872-48c4-8671-88e157970294/element [16.204488ms] ERR:404 body={"strategy":"-android uiautomator","selector":"new UiSelector().textMatches(\"(?is).*\\QTiếng Anh\...
13:11:44.057092 POST /session/ece7b49b-6872-48c4-8671-88e157970294/element [16.148413ms] ERR:404 body={"strategy":"-android uiautomator","selector":"new UiSelector().descriptionMatches(\"(?is).*\\QTiế...
13:11:44.072730 POST /session/ece7b49b-6872-48c4-8671-88e157970294/element [15.554613ms] ERR:404 body={"strategy":"-android uiautomator","selector":"new UiSelector().textContains(\"Tiếng Anh\")"}
13:11:44.089397 POST /session/ece7b49b-6872-48c4-8671-88e157970294/element [16.41117ms] ERR:404 body={"strategy":"-android uiautomator","selector":"new UiSelector().descriptionContains(\"Tiếng Anh\")...
13:11:44.105838 POST /session/ece7b49b-6872-48c4-8671-88e157970294/element [16.351505ms] ERR:404 body={"strategy":"-android uiautomator","selector":"new UiSelector().textMatches(\"(?is).*\\QTiếng Anh\...
13:11:44.121475 POST /session/ece7b49b-6872-48c4-8671-88e157970294/element [15.522535ms] ERR:404 body={"strategy":"-android uiautomator","selector":"new UiSelector().descriptionMatches(\"(?is).*\\QTiế...
13:11:44.138544 POST /session/ece7b49b-6872-48c4-8671-88e157970294/element [16.991239ms] ERR:404 body={"strategy":"-android uiautomator","selector":"new UiSelector().textContains(\"Tiếng Anh\")"}
13:11:44.154705 POST /session/ece7b49b-6872-48c4-8671-88e157970294/element [16.077641ms] ERR:404 body={"strategy":"-android uiautomator","selector":"new UiSelector().descriptionContains(\"Tiếng Anh\")...
13:11:44.170882 POST /session/ece7b49b-6872-48c4-8671-88e157970294/element [16.095224ms] ERR:404 body={"strategy":"-android uiautomator","selector":"new UiSelector().textMatches(\"(?is).*\\QTiếng Anh\...
13:11:44.187491 POST /session/ece7b49b-6872-48c4-8671-88e157970294/element [16.496421ms] ERR:404 body={"strategy":"-android uiautomator","selector":"new UiSelector().descriptionMatches(\"(?is).*\\QTiế...
13:11:44.204167 POST /session/ece7b49b-6872-48c4-8671-88e157970294/element [16.588946ms] ERR:404 body={"strategy":"-android uiautomator","selector":"new UiSelector().textContains(\"Tiếng Anh\")"}
13:11:44.221237 POST /session/ece7b49b-6872-48c4-8671-88e157970294/element [16.969627ms] ERR:404 body={"strategy":"-android uiautomator","selector":"new UiSelector().descriptionContains(\"Tiếng Anh\")...
13:11:44.237631 POST /session/ece7b49b-6872-48c4-8671-88e157970294/element [16.323431ms] ERR:404 body={"strategy":"-android uiautomator","selector":"new UiSelector().textMatches(\"(?is).*\\QTiếng Anh\...
13:11:44.252747 POST /session/ece7b49b-6872-48c4-8671-88e157970294/element [15.023093ms] ERR:404 body={"strategy":"-android uiautomator","selector":"new UiSelector().descriptionMatches(\"(?is).*\\QTiế...
13:11:44.268308 POST /session/ece7b49b-6872-48c4-8671-88e157970294/element [15.455121ms] ERR:404 body={"strategy":"-android uiautomator","selector":"new UiSelector().textContains(\"Tiếng Anh\")"}
13:11:44.288144 POST /session/ece7b49b-6872-48c4-8671-88e157970294/element [19.743856ms] ERR:404 body={"strategy":"-android uiautomator","selector":"new UiSelector().descriptionContains(\"Tiếng Anh\")...
13:11:44.303777 POST /session/ece7b49b-6872-48c4-8671-88e157970294/element [15.541175ms] ERR:404 body={"strategy":"-android uiautomator","selector":"new UiSelector().textMatches(\"(?is).*\\QTiếng Anh\...
13:11:44.319735 POST /session/ece7b49b-6872-48c4-8671-88e157970294/element [15.837051ms] ERR:404 body={"strategy":"-android uiautomator","selector":"new UiSelector().descriptionMatches(\"(?is).*\\QTiế...
13:11:44.335435 POST /session/ece7b49b-6872-48c4-8671-88e157970294/element [15.619677ms] ERR:404 body={"strategy":"-android uiautomator","selector":"new UiSelector().textContains(\"Tiếng Anh\")"}
13:11:44.351060 POST /session/ece7b49b-6872-48c4-8671-88e157970294/element [15.567387ms] ERR:404 body={"strategy":"-android uiautomator","selector":"new UiSelector().descriptionContains(\"Tiếng Anh\")...
13:11:44.369773 POST /session/ece7b49b-6872-48c4-8671-88e157970294/element [18.630594ms] ERR:404 body={"strategy":"-android uiautomator","selector":"new UiSelector().textMatches(\"(?is).*\\QTiếng Anh\...
13:11:44.388875 POST /session/ece7b49b-6872-48c4-8671-88e157970294/element [18.962362ms] ERR:404 body={"strategy":"-android uiautomator","selector":"new UiSelector().descriptionMatches(\"(?is).*\\QTiế...
13:11:44.406788 POST /session/ece7b49b-6872-48c4-8671-88e157970294/element [17.809141ms] ERR:404 body={"strategy":"-android uiautomator","selector":"new UiSelector().textContains(\"Tiếng Anh\")"}
13:11:44.424069 POST /session/ece7b49b-6872-48c4-8671-88e157970294/element [17.222942ms] ERR:404 body={"strategy":"-android uiautomator","selector":"new UiSelector().descriptionContains(\"Tiếng Anh\")...
13:11:44.440264 POST /session/ece7b49b-6872-48c4-8671-88e157970294/element [16.127351ms] ERR:404 body={"strategy":"-android uiautomator","selector":"new UiSelector().textMatches(\"(?is).*\\QTiếng Anh\...
13:11:44.456540 POST /session/ece7b49b-6872-48c4-8671-88e157970294/element [16.215516ms] ERR:404 body={"strategy":"-android uiautomator","selector":"new UiSelector().descriptionMatches(\"(?is).*\\QTiế...
13:11:44.472123 POST /session/ece7b49b-6872-48c4-8671-88e157970294/element [15.488451ms] ERR:404 body={"strategy":"-android uiautomator","selector":"new UiSelector().textContains(\"Tiếng Anh\")"}
13:11:44.487835 POST /session/ece7b49b-6872-48c4-8671-88e157970294/element [15.625653ms] ERR:404 body={"strategy":"-android uiautomator","selector":"new UiSelector().descriptionContains(\"Tiếng Anh\")...
13:11:44.504177 POST /session/ece7b49b-6872-48c4-8671-88e157970294/element [16.251055ms] ERR:404 body={"strategy":"-android uiautomator","selector":"new UiSelector().textMatches(\"(?is).*\\QTiếng Anh\...
13:11:44.522359 POST /session/ece7b49b-6872-48c4-8671-88e157970294/element [18.097608ms] ERR:404 body={"strategy":"-android uiautomator","selector":"new UiSelector().descriptionMatches(\"(?is).*\\QTiế...
13:11:44.538217 POST /session/ece7b49b-6872-48c4-8671-88e157970294/element [15.773204ms] ERR:404 body={"strategy":"-android uiautomator","selector":"new UiSelector().textContains(\"Tiếng Anh\")"}
13:11:44.554046 POST /session/ece7b49b-6872-48c4-8671-88e157970294/element [15.748333ms] ERR:404 body={"strategy":"-android uiautomator","selector":"new UiSelector().descriptionContains(\"Tiếng Anh\")...
13:11:44.571536 POST /session/ece7b49b-6872-48c4-8671-88e157970294/element [17.402598ms] ERR:404 body={"strategy":"-android uiautomator","selector":"new UiSelector().textMatches(\"(?is).*\\QTiếng Anh\...
13:11:44.587742 POST /session/ece7b49b-6872-48c4-8671-88e157970294/element [16.115111ms] ERR:404 body={"strategy":"-android uiautomator","selector":"new UiSelector().descriptionMatches(\"(?is).*\\QTiế...
13:11:44.605748 POST /session/ece7b49b-6872-48c4-8671-88e157970294/element [17.788858ms] ERR:404 body={"strategy":"-android uiautomator","selector":"new UiSelector().textContains(\"Tiếng Anh\")"}
13:11:44.624705 POST /session/ece7b49b-6872-48c4-8671-88e157970294/element [18.860554ms] ERR:404 body={"strategy":"-android uiautomator","selector":"new UiSelector().descriptionContains(\"Tiếng Anh\")...
13:11:44.640240 POST /session/ece7b49b-6872-48c4-8671-88e157970294/element [15.45164ms] ERR:404 body={"strategy":"-android uiautomator","selector":"new UiSelector().textMatches(\"(?is).*\\QTiếng Anh\...
13:11:44.655921 POST /session/ece7b49b-6872-48c4-8671-88e157970294/element [15.596732ms] ERR:404 body={"strategy":"-android uiautomator","selector":"new UiSelector().descriptionMatches(\"(?is).*\\QTiế...
13:11:44.671611 POST /session/ece7b49b-6872-48c4-8671-88e157970294/element [15.598436ms] ERR:404 body={"strategy":"-android uiautomator","selector":"new UiSelector().textContains(\"Tiếng Anh\")"}
13:11:44.687310 POST /session/ece7b49b-6872-48c4-8671-88e157970294/element [15.598725ms] ERR:404 body={"strategy":"-android uiautomator","selector":"new UiSelector().descriptionContains(\"Tiếng Anh\")...
13:11:44.702543 POST /session/ece7b49b-6872-48c4-8671-88e157970294/element [15.145569ms] ERR:404 body={"strategy":"-android uiautomator","selector":"new UiSelector().textMatches(\"(?is).*\\QTiếng Anh\...
13:11:44.721083 POST /session/ece7b49b-6872-48c4-8671-88e157970294/element [18.461751ms] ERR:404 body={"strategy":"-android uiautomator","selector":"new UiSelector().descriptionMatches(\"(?is).*\\QTiế...
13:11:44.735326 POST /session/ece7b49b-6872-48c4-8671-88e157970294/element [14.159972ms] ERR:404 body={"strategy":"-android uiautomator","selector":"new UiSelector().textContains(\"Tiếng Anh\")"}
13:11:44.749932 POST /session/ece7b49b-6872-48c4-8671-88e157970294/element [14.512504ms] ERR:404 body={"strategy":"-android uiautomator","selector":"new UiSelector().descriptionContains(\"Tiếng Anh\")...
13:11:44.765840 POST /session/ece7b49b-6872-48c4-8671-88e157970294/element [15.822406ms] ERR:404 body={"strategy":"-android uiautomator","selector":"new UiSelector().textMatches(\"(?is).*\\QTiếng Anh\...
13:11:44.781572 POST /session/ece7b49b-6872-48c4-8671-88e157970294/element [15.619371ms] ERR:404 body={"strategy":"-android uiautomator","selector":"new UiSelector().descriptionMatches(\"(?is).*\\QTiế...
13:11:44.797540 POST /session/ece7b49b-6872-48c4-8671-88e157970294/element [15.880284ms] ERR:404 body={"strategy":"-android uiautomator","selector":"new UiSelector().textContains(\"Tiếng Anh\")"}
13:11:44.813498 POST /session/ece7b49b-6872-48c4-8671-88e157970294/element [15.894618ms] ERR:404 body={"strategy":"-android uiautomator","selector":"new UiSelector().descriptionContains(\"Tiếng Anh\")...
13:11:44.829968 POST /session/ece7b49b-6872-48c4-8671-88e157970294/element [16.370065ms] ERR:404 body={"strategy":"-android uiautomator","selector":"new UiSelector().textMatches(\"(?is).*\\QTiếng Anh\...
13:11:44.845349 POST /session/ece7b49b-6872-48c4-8671-88e157970294/element [15.286442ms] ERR:404 body={"strategy":"-android uiautomator","selector":"new UiSelector().descriptionMatches(\"(?is).*\\QTiế...
13:11:44.860807 POST /session/ece7b49b-6872-48c4-8671-88e157970294/element [15.376377ms] ERR:404 body={"strategy":"-android uiautomator","selector":"new UiSelector().textContains(\"Tiếng Anh\")"}
13:11:44.876226 POST /session/ece7b49b-6872-48c4-8671-88e157970294/element [15.296831ms] ERR:404 body={"strategy":"-android uiautomator","selector":"new UiSelector().descriptionContains(\"Tiếng Anh\")...
13:11:44.891871 POST /session/ece7b49b-6872-48c4-8671-88e157970294/element [15.586214ms] ERR:404 body={"strategy":"-android uiautomator","selector":"new UiSelector().textMatches(\"(?is).*\\QTiếng Anh\...
13:11:44.916595 POST /session/ece7b49b-6872-48c4-8671-88e157970294/element [24.591797ms] ERR:404 body={"strategy":"-android uiautomator","selector":"new UiSelector().descriptionMatches(\"(?is).*\\QTiế...
13:11:44.932163 POST /session/ece7b49b-6872-48c4-8671-88e157970294/element [15.476324ms] ERR:404 body={"strategy":"-android uiautomator","selector":"new UiSelector().textContains(\"Tiếng Anh\")"}
13:11:44.947749 POST /session/ece7b49b-6872-48c4-8671-88e157970294/element [15.488231ms] ERR:404 body={"strategy":"-android uiautomator","selector":"new UiSelector().descriptionContains(\"Tiếng Anh\")...
13:11:44.963506 POST /session/ece7b49b-6872-48c4-8671-88e157970294/element [15.690645ms] ERR:404 body={"strategy":"-android uiautomator","selector":"new UiSelector().textMatches(\"(?is).*\\QTiếng Anh\...
13:11:44.979225 POST /session/ece7b49b-6872-48c4-8671-88e157970294/element [15.655324ms] ERR:404 body={"strategy":"-android uiautomator","selector":"new UiSelector().descriptionMatches(\"(?is).*\\QTiế...
13:11:44.997314 POST /session/ece7b49b-6872-48c4-8671-88e157970294/element [18.005653ms] ERR:404 body={"strategy":"-android uiautomator","selector":"new UiSelector().textContains(\"Tiếng Anh\")"}
13:11:45.014797 POST /session/ece7b49b-6872-48c4-8671-88e157970294/element [17.393641ms] ERR:404 body={"strategy":"-android uiautomator","selector":"new UiSelector().descriptionContains(\"Tiếng Anh\")...
13:11:45.030853 POST /session/ece7b49b-6872-48c4-8671-88e157970294/element [15.946853ms] ERR:404 body={"strategy":"-android uiautomator","selector":"new UiSelector().textMatches(\"(?is).*\\QTiếng Anh\...
13:11:45.049900 POST /session/ece7b49b-6872-48c4-8671-88e157970294/element [18.91758ms] ERR:404 body={"strategy":"-android uiautomator","selector":"new UiSelector().descriptionMatches(\"(?is).*\\QTiế...
13:11:45.068582 POST /session/ece7b49b-6872-48c4-8671-88e157970294/element [18.556809ms] ERR:404 body={"strategy":"-android uiautomator","selector":"new UiSelector().textContains(\"Tiếng Anh\")"}
13:11:45.087175 POST /session/ece7b49b-6872-48c4-8671-88e157970294/element [18.5068ms] ERR:404 body={"strategy":"-android uiautomator","selector":"new UiSelector().descriptionContains(\"Tiếng Anh\")...
13:11:45.103481 POST /session/ece7b49b-6872-48c4-8671-88e157970294/element [16.209775ms] ERR:404 body={"strategy":"-android uiautomator","selector":"new UiSelector().textMatches(\"(?is).*\\QTiếng Anh\...
13:11:45.119533 POST /session/ece7b49b-6872-48c4-8671-88e157970294/element [15.943059ms] ERR:404 body={"strategy":"-android uiautomator","selector":"new UiSelector().descriptionMatches(\"(?is).*\\QTiế...
13:11:45.137548 POST /session/ece7b49b-6872-48c4-8671-88e157970294/element [17.911259ms] ERR:404 body={"strategy":"-android uiautomator","selector":"new UiSelector().textContains(\"Tiếng Anh\")"}
13:11:45.155081 POST /session/ece7b49b-6872-48c4-8671-88e157970294/element [17.472649ms] ERR:404 body={"strategy":"-android uiautomator","selector":"new UiSelector().descriptionContains(\"Tiếng Anh\")...
13:11:45.173304 POST /session/ece7b49b-6872-48c4-8671-88e157970294/element [18.133104ms] ERR:404 body={"strategy":"-android uiautomator","selector":"new UiSelector().textMatches(\"(?is).*\\QTiếng Anh\...
13:11:45.190244 POST /session/ece7b49b-6872-48c4-8671-88e157970294/element [16.808127ms] ERR:404 body={"strategy":"-android uiautomator","selector":"new UiSelector().descriptionMatches(\"(?is).*\\QTiế...
13:11:45.206613 POST /session/ece7b49b-6872-48c4-8671-88e157970294/element [16.245547ms] ERR:404 body={"strategy":"-android uiautomator","selector":"new UiSelector().textContains(\"Tiếng Anh\")"}
13:11:45.223672 POST /session/ece7b49b-6872-48c4-8671-88e157970294/element [16.949588ms] ERR:404 body={"strategy":"-android uiautomator","selector":"new UiSelector().descriptionContains(\"Tiếng Anh\")...
13:11:45.242061 POST /session/ece7b49b-6872-48c4-8671-88e157970294/element [18.284389ms] ERR:404 body={"strategy":"-android uiautomator","selector":"new UiSelector().textMatches(\"(?is).*\\QTiếng Anh\...
13:11:45.260421 POST /session/ece7b49b-6872-48c4-8671-88e157970294/element [18.242106ms] ERR:404 body={"strategy":"-android uiautomator","selector":"new UiSelector().descriptionMatches(\"(?is).*\\QTiế...
13:11:45.278600 POST /session/ece7b49b-6872-48c4-8671-88e157970294/element [18.06679ms] ERR:404 body={"strategy":"-android uiautomator","selector":"new UiSelector().textContains(\"Tiếng Anh\")"}
13:11:45.295760 POST /session/ece7b49b-6872-48c4-8671-88e157970294/element [17.031703ms] ERR:404 body={"strategy":"-android uiautomator","selector":"new UiSelector().descriptionContains(\"Tiếng Anh\")...
13:11:45.313621 POST /session/ece7b49b-6872-48c4-8671-88e157970294/element [17.701306ms] ERR:404 body={"strategy":"-android uiautomator","selector":"new UiSelector().textMatches(\"(?is).*\\QTiếng Anh\...
13:11:45.331063 POST /session/ece7b49b-6872-48c4-8671-88e157970294/element [17.3074ms] ERR:404 body={"strategy":"-android uiautomator","selector":"new UiSelector().descriptionMatches(\"(?is).*\\QTiế...
13:11:45.348641 POST /session/ece7b49b-6872-48c4-8671-88e157970294/element [17.458917ms] ERR:404 body={"strategy":"-android uiautomator","selector":"new UiSelector().textContains(\"Tiếng Anh\")"}
13:11:45.365014 POST /session/ece7b49b-6872-48c4-8671-88e157970294/element [16.265028ms] ERR:404 body={"strategy":"-android uiautomator","selector":"new UiSelector().descriptionContains(\"Tiếng Anh\")...
13:11:45.381344 POST /session/ece7b49b-6872-48c4-8671-88e157970294/element [16.21648ms] ERR:404 body={"strategy":"-android uiautomator","selector":"new UiSelector().textMatches(\"(?is).*\\QTiếng Anh\...
13:11:45.397583 POST /session/ece7b49b-6872-48c4-8671-88e157970294/element [16.097287ms] ERR:404 body={"strategy":"-android uiautomator","selector":"new UiSelector().descriptionMatches(\"(?is).*\\QTiế...
13:11:45.413569 POST /session/ece7b49b-6872-48c4-8671-88e157970294/element [15.860905ms] ERR:404 body={"strategy":"-android uiautomator","selector":"new UiSelector().textContains(\"Tiếng Anh\")"}
13:11:45.429903 POST /session/ece7b49b-6872-48c4-8671-88e157970294/element [16.219917ms] ERR:404 body={"strategy":"-android uiautomator","selector":"new UiSelector().descriptionContains(\"Tiếng Anh\")...
13:11:45.446813 POST /session/ece7b49b-6872-48c4-8671-88e157970294/element [16.767941ms] ERR:404 body={"strategy":"-android uiautomator","selector":"new UiSelector().textMatches(\"(?is).*\\QTiếng Anh\...
13:11:45.463408 POST /session/ece7b49b-6872-48c4-8671-88e157970294/element [16.263599ms] ERR:404 body={"strategy":"-android uiautomator","selector":"new UiSelector().descriptionMatches(\"(?is).*\\QTiế...
13:11:45.479863 POST /session/ece7b49b-6872-48c4-8671-88e157970294/element [16.286602ms] ERR:404 body={"strategy":"-android uiautomator","selector":"new UiSelector().textContains(\"Tiếng Anh\")"}
13:11:45.495916 POST /session/ece7b49b-6872-48c4-8671-88e157970294/element [15.929702ms] ERR:404 body={"strategy":"-android uiautomator","selector":"new UiSelector().descriptionContains(\"Tiếng Anh\")...
13:11:45.512121 POST /session/ece7b49b-6872-48c4-8671-88e157970294/element [16.135118ms] ERR:404 body={"strategy":"-android uiautomator","selector":"new UiSelector().textMatches(\"(?is).*\\QTiếng Anh\...
13:11:45.528626 POST /session/ece7b49b-6872-48c4-8671-88e157970294/element [16.420773ms] ERR:404 body={"strategy":"-android uiautomator","selector":"new UiSelector().descriptionMatches(\"(?is).*\\QTiế...
13:11:45.544975 POST /session/ece7b49b-6872-48c4-8671-88e157970294/element [16.287635ms] ERR:404 body={"strategy":"-android uiautomator","selector":"new UiSelector().textContains(\"Tiếng Anh\")"}
13:11:45.561035 POST /session/ece7b49b-6872-48c4-8671-88e157970294/element [15.972672ms] ERR:404 body={"strategy":"-android uiautomator","selector":"new UiSelector().descriptionContains(\"Tiếng Anh\")...
13:11:45.578224 POST /session/ece7b49b-6872-48c4-8671-88e157970294/element [17.128075ms] ERR:404 body={"strategy":"-android uiautomator","selector":"new UiSelector().textMatches(\"(?is).*\\QTiếng Anh\...
13:11:45.595008 POST /session/ece7b49b-6872-48c4-8671-88e157970294/element [16.661575ms] ERR:404 body={"strategy":"-android uiautomator","selector":"new UiSelector().descriptionMatches(\"(?is).*\\QTiế...
13:11:45.611500 POST /session/ece7b49b-6872-48c4-8671-88e157970294/element [16.390915ms] ERR:404 body={"strategy":"-android uiautomator","selector":"new UiSelector().textContains(\"Tiếng Anh\")"}
13:11:45.628102 POST /session/ece7b49b-6872-48c4-8671-88e157970294/element [16.508548ms] ERR:404 body={"strategy":"-android uiautomator","selector":"new UiSelector().descriptionContains(\"Tiếng Anh\")...
13:11:45.644822 POST /session/ece7b49b-6872-48c4-8671-88e157970294/element [16.62376ms] ERR:404 body={"strategy":"-android uiautomator","selector":"new UiSelector().textMatches(\"(?is).*\\QTiếng Anh\...
13:11:45.660822 POST /session/ece7b49b-6872-48c4-8671-88e157970294/element [15.886406ms] ERR:404 body={"strategy":"-android uiautomator","selector":"new UiSelector().descriptionMatches(\"(?is).*\\QTiế...
13:11:45.677555 POST /session/ece7b49b-6872-48c4-8671-88e157970294/element [16.611929ms] ERR:404 body={"strategy":"-android uiautomator","selector":"new UiSelector().textContains(\"Tiếng Anh\")"}
13:11:45.693268 POST /session/ece7b49b-6872-48c4-8671-88e157970294/element [15.636384ms] ERR:404 body={"strategy":"-android uiautomator","selector":"new UiSelector().descriptionContains(\"Tiếng Anh\")...
13:11:45.709950 POST /session/ece7b49b-6872-48c4-8671-88e157970294/element [16.603063ms] ERR:404 body={"strategy":"-android uiautomator","selector":"new UiSelector().textMatches(\"(?is).*\\QTiếng Anh\...
13:11:45.726403 POST /session/ece7b49b-6872-48c4-8671-88e157970294/element [16.370618ms] ERR:404 body={"strategy":"-android uiautomator","selector":"new UiSelector().descriptionMatches(\"(?is).*\\QTiế...
13:11:45.742356 POST /session/ece7b49b-6872-48c4-8671-88e157970294/element [15.858211ms] ERR:404 body={"strategy":"-android uiautomator","selector":"new UiSelector().textContains(\"Tiếng Anh\")"}
13:11:45.758977 POST /session/ece7b49b-6872-48c4-8671-88e157970294/element [16.53733ms] ERR:404 body={"strategy":"-android uiautomator","selector":"new UiSelector().descriptionContains(\"Tiếng Anh\")...
13:11:45.775824 POST /session/ece7b49b-6872-48c4-8671-88e157970294/element [16.74977ms] ERR:404 body={"strategy":"-android uiautomator","selector":"new UiSelector().textMatches(\"(?is).*\\QTiếng Anh\...
13:11:45.791932 POST /session/ece7b49b-6872-48c4-8671-88e157970294/element [16.000667ms] ERR:404 body={"strategy":"-android uiautomator","selector":"new UiSelector().descriptionMatches(\"(?is).*\\QTiế...
13:11:45.808341 POST /session/ece7b49b-6872-48c4-8671-88e157970294/element [16.309835ms] ERR:404 body={"strategy":"-android uiautomator","selector":"new UiSelector().textContains(\"Tiếng Anh\")"}
13:11:45.823968 POST /session/ece7b49b-6872-48c4-8671-88e157970294/element [15.492998ms] ERR:404 body={"strategy":"-android uiautomator","selector":"new UiSelector().descriptionContains(\"Tiếng Anh\")...
13:11:45.840838 POST /session/ece7b49b-6872-48c4-8671-88e157970294/element [16.783581ms] ERR:404 body={"strategy":"-android uiautomator","selector":"new UiSelector().textMatches(\"(?is).*\\QTiếng Anh\...
13:11:45.865796 POST /session/ece7b49b-6872-48c4-8671-88e157970294/element [24.839624ms] ERR:404 body={"strategy":"-android uiautomator","selector":"new UiSelector().descriptionMatches(\"(?is).*\\QTiế...
13:11:45.882993 POST /session/ece7b49b-6872-48c4-8671-88e157970294/element [17.074735ms] ERR:404 body={"strategy":"-android uiautomator","selector":"new UiSelector().textContains(\"Tiếng Anh\")"}
13:11:45.898452 POST /session/ece7b49b-6872-48c4-8671-88e157970294/element [15.346414ms] ERR:404 body={"strategy":"-android uiautomator","selector":"new UiSelector().descriptionContains(\"Tiếng Anh\")...
13:11:45.915303 POST /session/ece7b49b-6872-48c4-8671-88e157970294/element [16.7564ms] ERR:404 body={"strategy":"-android uiautomator","selector":"new UiSelector().textMatches(\"(?is).*\\QTiếng Anh\...
13:11:45.932064 POST /session/ece7b49b-6872-48c4-8671-88e157970294/element [16.655822ms] ERR:404 body={"strategy":"-android uiautomator","selector":"new UiSelector().descriptionMatches(\"(?is).*\\QTiế...
13:11:45.949446 POST /session/ece7b49b-6872-48c4-8671-88e157970294/element [17.285701ms] ERR:404 body={"strategy":"-android uiautomator","selector":"new UiSelector().textContains(\"Tiếng Anh\")"}
13:11:45.966145 POST /session/ece7b49b-6872-48c4-8671-88e157970294/element [16.587693ms] ERR:404 body={"strategy":"-android uiautomator","selector":"new UiSelector().descriptionContains(\"Tiếng Anh\")...
13:11:45.983401 POST /session/ece7b49b-6872-48c4-8671-88e157970294/element [17.16798ms] ERR:404 body={"strategy":"-android uiautomator","selector":"new UiSelector().textMatches(\"(?is).*\\QTiếng Anh\...
13:11:46.000610 POST /session/ece7b49b-6872-48c4-8671-88e157970294/element [17.07099ms] ERR:404 body={"strategy":"-android uiautomator","selector":"new UiSelector().descriptionMatches(\"(?is).*\\QTiế...
13:11:46.017734 POST /session/ece7b49b-6872-48c4-8671-88e157970294/element [17.022537ms] ERR:404 body={"strategy":"-android uiautomator","selector":"new UiSelector().textContains(\"Tiếng Anh\")"}
13:11:46.034765 POST /session/ece7b49b-6872-48c4-8671-88e157970294/element [16.920778ms] ERR:404 body={"strategy":"-android uiautomator","selector":"new UiSelector().descriptionContains(\"Tiếng Anh\")...
13:11:46.051814 POST /session/ece7b49b-6872-48c4-8671-88e157970294/element [16.915926ms] ERR:404 body={"strategy":"-android uiautomator","selector":"new UiSelector().textMatches(\"(?is).*\\QTiếng Anh\...
13:11:46.068339 POST /session/ece7b49b-6872-48c4-8671-88e157970294/element [16.377241ms] ERR:404 body={"strategy":"-android uiautomator","selector":"new UiSelector().descriptionMatches(\"(?is).*\\QTiế...
13:11:46.084983 POST /session/ece7b49b-6872-48c4-8671-88e157970294/element [16.555757ms] ERR:404 body={"strategy":"-android uiautomator","selector":"new UiSelector().textContains(\"Tiếng Anh\")"}
13:11:46.100908 POST /session/ece7b49b-6872-48c4-8671-88e157970294/element [15.861236ms] ERR:404 body={"strategy":"-android uiautomator","selector":"new UiSelector().descriptionContains(\"Tiếng Anh\")...
13:11:46.117557 POST /session/ece7b49b-6872-48c4-8671-88e157970294/element [16.547449ms] ERR:404 body={"strategy":"-android uiautomator","selector":"new UiSelector().textMatches(\"(?is).*\\QTiếng Anh\...
13:11:46.133758 POST /session/ece7b49b-6872-48c4-8671-88e157970294/element [16.121363ms] ERR:404 body={"strategy":"-android uiautomator","selector":"new UiSelector().descriptionMatches(\"(?is).*\\QTiế...
13:11:46.149962 POST /session/ece7b49b-6872-48c4-8671-88e157970294/element [16.055249ms] ERR:404 body={"strategy":"-android uiautomator","selector":"new UiSelector().textContains(\"Tiếng Anh\")"}
13:11:46.166827 POST /session/ece7b49b-6872-48c4-8671-88e157970294/element [16.742924ms] ERR:404 body={"strategy":"-android uiautomator","selector":"new UiSelector().descriptionContains(\"Tiếng Anh\")...
13:11:46.192979 POST /session/ece7b49b-6872-48c4-8671-88e157970294/element [26.052962ms] ERR:404 body={"strategy":"-android uiautomator","selector":"new UiSelector().textMatches(\"(?is).*\\QTiếng Anh\...
13:11:46.209770 POST /session/ece7b49b-6872-48c4-8671-88e157970294/element [16.674657ms] ERR:404 body={"strategy":"-android uiautomator","selector":"new UiSelector().descriptionMatches(\"(?is).*\\QTiế...
13:11:46.226517 POST /session/ece7b49b-6872-48c4-8671-88e157970294/element [16.622469ms] ERR:404 body={"strategy":"-android uiautomator","selector":"new UiSelector().textContains(\"Tiếng Anh\")"}
13:11:46.243739 POST /session/ece7b49b-6872-48c4-8671-88e157970294/element [17.13615ms] ERR:404 body={"strategy":"-android uiautomator","selector":"new UiSelector().descriptionContains(\"Tiếng Anh\")...
13:11:46.260577 POST /session/ece7b49b-6872-48c4-8671-88e157970294/element [16.70872ms] ERR:404 body={"strategy":"-android uiautomator","selector":"new UiSelector().textMatches(\"(?is).*\\QTiếng Anh\...
13:11:46.277139 POST /session/ece7b49b-6872-48c4-8671-88e157970294/element [16.469364ms] ERR:404 body={"strategy":"-android uiautomator","selector":"new UiSelector().descriptionMatches(\"(?is).*\\QTiế...
13:11:46.292816 POST /session/ece7b49b-6872-48c4-8671-88e157970294/element [15.58526ms] ERR:404 body={"strategy":"-android uiautomator","selector":"new UiSelector().textContains(\"Tiếng Anh\")"}
13:11:46.308693 POST /session/ece7b49b-6872-48c4-8671-88e157970294/element [15.764666ms] ERR:404 body={"strategy":"-android uiautomator","selector":"new UiSelector().descriptionContains(\"Tiếng Anh\")...
13:11:46.324763 POST /session/ece7b49b-6872-48c4-8671-88e157970294/element [15.982071ms] ERR:404 body={"strategy":"-android uiautomator","selector":"new UiSelector().textMatches(\"(?is).*\\QTiếng Anh\...
13:11:46.340737 POST /session/ece7b49b-6872-48c4-8671-88e157970294/element [15.880973ms] ERR:404 body={"strategy":"-android uiautomator","selector":"new UiSelector().descriptionMatches(\"(?is).*\\QTiế...
13:11:46.358142 POST /session/ece7b49b-6872-48c4-8671-88e157970294/element [17.318393ms] ERR:404 body={"strategy":"-android uiautomator","selector":"new UiSelector().textContains(\"Tiếng Anh\")"}
13:11:46.374870 POST /session/ece7b49b-6872-48c4-8671-88e157970294/element [16.627408ms] ERR:404 body={"strategy":"-android uiautomator","selector":"new UiSelector().descriptionContains(\"Tiếng Anh\")...
13:11:46.392166 POST /session/ece7b49b-6872-48c4-8671-88e157970294/element [17.169883ms] ERR:404 body={"strategy":"-android uiautomator","selector":"new UiSelector().textMatches(\"(?is).*\\QTiếng Anh\...
13:11:46.408939 POST /session/ece7b49b-6872-48c4-8671-88e157970294/element [16.623259ms] ERR:404 body={"strategy":"-android uiautomator","selector":"new UiSelector().descriptionMatches(\"(?is).*\\QTiế...
13:11:46.425248 POST /session/ece7b49b-6872-48c4-8671-88e157970294/element [16.217504ms] ERR:404 body={"strategy":"-android uiautomator","selector":"new UiSelector().textContains(\"Tiếng Anh\")"}
13:11:46.441712 POST /session/ece7b49b-6872-48c4-8671-88e157970294/element [16.370377ms] ERR:404 body={"strategy":"-android uiautomator","selector":"new UiSelector().descriptionContains(\"Tiếng Anh\")...
13:11:46.457950 POST /session/ece7b49b-6872-48c4-8671-88e157970294/element [16.149715ms] ERR:404 body={"strategy":"-android uiautomator","selector":"new UiSelector().textMatches(\"(?is).*\\QTiếng Anh\...
13:11:46.474805 POST /session/ece7b49b-6872-48c4-8671-88e157970294/element [16.766607ms] ERR:404 body={"strategy":"-android uiautomator","selector":"new UiSelector().descriptionMatches(\"(?is).*\\QTiế...
13:11:46.496234 POST /session/ece7b49b-6872-48c4-8671-88e157970294/element [21.297541ms] ERR:404 body={"strategy":"-android uiautomator","selector":"new UiSelector().textContains(\"Tiếng Anh\")"}
13:11:46.513383 POST /session/ece7b49b-6872-48c4-8671-88e157970294/element [17.028441ms] ERR:404 body={"strategy":"-android uiautomator","selector":"new UiSelector().descriptionContains(\"Tiếng Anh\")...
13:11:46.532090 POST /session/ece7b49b-6872-48c4-8671-88e157970294/element [18.601588ms] ERR:404 body={"strategy":"-android uiautomator","selector":"new UiSelector().textMatches(\"(?is).*\\QTiếng Anh\...
13:11:46.548225 POST /session/ece7b49b-6872-48c4-8671-88e157970294/element [16.03893ms] ERR:404 body={"strategy":"-android uiautomator","selector":"new UiSelector().descriptionMatches(\"(?is).*\\QTiế...
13:11:46.564836 POST /session/ece7b49b-6872-48c4-8671-88e157970294/element [16.533095ms] ERR:404 body={"strategy":"-android uiautomator","selector":"new UiSelector().textContains(\"Tiếng Anh\")"}
13:11:46.580957 POST /session/ece7b49b-6872-48c4-8671-88e157970294/element [15.991818ms] ERR:404 body={"strategy":"-android uiautomator","selector":"new UiSelector().descriptionContains(\"Tiếng Anh\")...
13:11:46.597019 POST /session/ece7b49b-6872-48c4-8671-88e157970294/element [15.950141ms] ERR:404 body={"strategy":"-android uiautomator","selector":"new UiSelector().textMatches(\"(?is).*\\QTiếng Anh\...
13:11:46.612930 POST /session/ece7b49b-6872-48c4-8671-88e157970294/element [15.816141ms] ERR:404 body={"strategy":"-android uiautomator","selector":"new UiSelector().descriptionMatches(\"(?is).*\\QTiế...
13:11:46.628790 POST /session/ece7b49b-6872-48c4-8671-88e157970294/element [15.74828ms] ERR:404 body={"strategy":"-android uiautomator","selector":"new UiSelector().textContains(\"Tiếng Anh\")"}
13:11:46.644932 POST /session/ece7b49b-6872-48c4-8671-88e157970294/element [16.007377ms] ERR:404 body={"strategy":"-android uiautomator","selector":"new UiSelector().descriptionContains(\"Tiếng Anh\")...
13:11:46.661096 POST /session/ece7b49b-6872-48c4-8671-88e157970294/element [16.075567ms] ERR:404 body={"strategy":"-android uiautomator","selector":"new UiSelector().textMatches(\"(?is).*\\QTiếng Anh\...
13:11:46.677173 POST /session/ece7b49b-6872-48c4-8671-88e157970294/element [15.986501ms] ERR:404 body={"strategy":"-android uiautomator","selector":"new UiSelector().descriptionMatches(\"(?is).*\\QTiế...
13:11:46.694880 POST /session/ece7b49b-6872-48c4-8671-88e157970294/element [17.570282ms] ERR:404 body={"strategy":"-android uiautomator","selector":"new UiSelector().textContains(\"Tiếng Anh\")"}
13:11:46.713890 POST /session/ece7b49b-6872-48c4-8671-88e157970294/element [18.862318ms] ERR:404 body={"strategy":"-android uiautomator","selector":"new UiSelector().descriptionContains(\"Tiếng Anh\")...
13:11:46.733301 POST /session/ece7b49b-6872-48c4-8671-88e157970294/element [19.267543ms] ERR:404 body={"strategy":"-android uiautomator","selector":"new UiSelector().textMatches(\"(?is).*\\QTiếng Anh\...
13:11:46.748998 POST /session/ece7b49b-6872-48c4-8671-88e157970294/element [15.603557ms] ERR:404 body={"strategy":"-android uiautomator","selector":"new UiSelector().descriptionMatches(\"(?is).*\\QTiế...
13:11:46.765224 POST /session/ece7b49b-6872-48c4-8671-88e157970294/element [16.104714ms] ERR:404 body={"strategy":"-android uiautomator","selector":"new UiSelector().textContains(\"Tiếng Anh\")"}
13:11:46.780995 POST /session/ece7b49b-6872-48c4-8671-88e157970294/element [15.59692ms] ERR:404 body={"strategy":"-android uiautomator","selector":"new UiSelector().descriptionContains(\"Tiếng Anh\")...
13:11:46.805949 POST /session/ece7b49b-6872-48c4-8671-88e157970294/element [24.794479ms] ERR:404 body={"strategy":"-android uiautomator","selector":"new UiSelector().textMatches(\"(?is).*\\QTiếng Anh\...
13:11:46.821856 POST /session/ece7b49b-6872-48c4-8671-88e157970294/element [15.784072ms] ERR:404 body={"strategy":"-android uiautomator","selector":"new UiSelector().descriptionMatches(\"(?is).*\\QTiế...
13:11:46.838497 POST /session/ece7b49b-6872-48c4-8671-88e157970294/element [16.512965ms] ERR:404 body={"strategy":"-android uiautomator","selector":"new UiSelector().textContains(\"Tiếng Anh\")"}
13:11:46.854531 POST /session/ece7b49b-6872-48c4-8671-88e157970294/element [15.956935ms] ERR:404 body={"strategy":"-android uiautomator","selector":"new UiSelector().descriptionContains(\"Tiếng Anh\")...
13:11:46.870919 POST /session/ece7b49b-6872-48c4-8671-88e157970294/element [15.802125ms] ERR:404 body={"strategy":"-android uiautomator","selector":"new UiSelector().textMatches(\"(?is).*\\QTiếng Anh\...
13:11:46.885589 POST /session/ece7b49b-6872-48c4-8671-88e157970294/element [14.556496ms] ERR:404 body={"strategy":"-android uiautomator","selector":"new UiSelector().descriptionMatches(\"(?is).*\\QTiế...
13:11:46.901970 POST /session/ece7b49b-6872-48c4-8671-88e157970294/element [16.284918ms] ERR:404 body={"strategy":"-android uiautomator","selector":"new UiSelector().textContains(\"Tiếng Anh\")"}
13:11:46.920685 POST /session/ece7b49b-6872-48c4-8671-88e157970294/element [18.626236ms] ERR:404 body={"strategy":"-android uiautomator","selector":"new UiSelector().descriptionContains(\"Tiếng Anh\")...
13:11:46.938171 POST /session/ece7b49b-6872-48c4-8671-88e157970294/element [17.409531ms] ERR:404 body={"strategy":"-android uiautomator","selector":"new UiSelector().textMatches(\"(?is).*\\QTiếng Anh\...
13:11:46.955608 POST /session/ece7b49b-6872-48c4-8671-88e157970294/element [17.35ms] ERR:404 body={"strategy":"-android uiautomator","selector":"new UiSelector().descriptionMatches(\"(?is).*\\QTiế...
13:11:46.971847 POST /session/ece7b49b-6872-48c4-8671-88e157970294/element [16.144854ms] ERR:404 body={"strategy":"-android uiautomator","selector":"new UiSelector().textContains(\"Tiếng Anh\")"}
13:11:46.989303 POST /session/ece7b49b-6872-48c4-8671-88e157970294/element [17.349331ms] ERR:404 body={"strategy":"-android uiautomator","selector":"new UiSelector().descriptionContains(\"Tiếng Anh\")...
13:11:47.005490 POST /session/ece7b49b-6872-48c4-8671-88e157970294/element [16.101482ms] ERR:404 body={"strategy":"-android uiautomator","selector":"new UiSelector().textMatches(\"(?is).*\\QTiếng Anh\...
13:11:47.021142 POST /session/ece7b49b-6872-48c4-8671-88e157970294/element [15.575783ms] ERR:404 body={"strategy":"-android uiautomator","selector":"new UiSelector().descriptionMatches(\"(?is).*\\QTiế...
13:11:47.037936 POST /session/ece7b49b-6872-48c4-8671-88e157970294/element [16.704512ms] ERR:404 body={"strategy":"-android uiautomator","selector":"new UiSelector().textContains(\"Tiếng Anh\")"}
13:11:47.065636 POST /session/ece7b49b-6872-48c4-8671-88e157970294/element [27.62921ms] ERR:404 body={"strategy":"-android uiautomator","selector":"new UiSelector().descriptionContains(\"Tiếng Anh\")...
13:11:47.083267 POST /session/ece7b49b-6872-48c4-8671-88e157970294/element [17.509838ms] ERR:404 body={"strategy":"-android uiautomator","selector":"new UiSelector().textMatches(\"(?is).*\\QTiếng Anh\...
13:11:47.123558 POST /session/ece7b49b-6872-48c4-8671-88e157970294/element [40.18761ms] ERR:404 body={"strategy":"-android uiautomator","selector":"new UiSelector().descriptionMatches(\"(?is).*\\QTiế...
13:11:47.140724 POST /session/ece7b49b-6872-48c4-8671-88e157970294/element [17.033477ms] ERR:404 body={"strategy":"-android uiautomator","selector":"new UiSelector().textContains(\"Tiếng Anh\")"}
13:11:47.179216 POST /session/ece7b49b-6872-48c4-8671-88e157970294/element [38.332013ms] ERR:404 body={"strategy":"-android uiautomator","selector":"new UiSelector().descriptionContains(\"Tiếng Anh\")...
13:11:47.196064 POST /session/ece7b49b-6872-48c4-8671-88e157970294/element [16.683892ms] ERR:404 body={"strategy":"-android uiautomator","selector":"new UiSelector().textMatches(\"(?is).*\\QTiếng Anh\...
13:11:47.212726 POST /session/ece7b49b-6872-48c4-8671-88e157970294/element [16.570766ms] ERR:404 body={"strategy":"-android uiautomator","selector":"new UiSelector().descriptionMatches(\"(?is).*\\QTiế...
13:11:47.229575 POST /session/ece7b49b-6872-48c4-8671-88e157970294/element [16.745219ms] ERR:404 body={"strategy":"-android uiautomator","selector":"new UiSelector().textContains(\"Tiếng Anh\")"}
13:11:47.245152 POST /session/ece7b49b-6872-48c4-8671-88e157970294/element [15.436723ms] ERR:404 body={"strategy":"-android uiautomator","selector":"new UiSelector().descriptionContains(\"Tiếng Anh\")...
13:11:47.260767 POST /session/ece7b49b-6872-48c4-8671-88e157970294/element [15.518165ms] ERR:404 body={"strategy":"-android uiautomator","selector":"new UiSelector().textMatches(\"(?is).*\\QTiếng Anh\...
13:11:47.279755 POST /session/ece7b49b-6872-48c4-8671-88e157970294/element [18.864191ms] ERR:404 body={"strategy":"-android uiautomator","selector":"new UiSelector().descriptionMatches(\"(?is).*\\QTiế...
13:11:47.298340 POST /session/ece7b49b-6872-48c4-8671-88e157970294/element [18.452852ms] ERR:404 body={"strategy":"-android uiautomator","selector":"new UiSelector().textContains(\"Tiếng Anh\")"}
13:11:47.317298 POST /session/ece7b49b-6872-48c4-8671-88e157970294/element [18.844332ms] ERR:404 body={"strategy":"-android uiautomator","selector":"new UiSelector().descriptionContains(\"Tiếng Anh\")...
13:11:47.336213 POST /session/ece7b49b-6872-48c4-8671-88e157970294/element [18.833411ms] ERR:404 body={"strategy":"-android uiautomator","selector":"new UiSelector().textMatches(\"(?is).*\\QTiếng Anh\...
13:11:47.353100 POST /session/ece7b49b-6872-48c4-8671-88e157970294/element [16.792306ms] ERR:404 body={"strategy":"-android uiautomator","selector":"new UiSelector().descriptionMatches(\"(?is).*\\QTiế...
13:11:47.371654 POST /session/ece7b49b-6872-48c4-8671-88e157970294/element [18.452152ms] ERR:404 body={"strategy":"-android uiautomator","selector":"new UiSelector().textContains(\"Tiếng Anh\")"}
13:11:47.391361 POST /session/ece7b49b-6872-48c4-8671-88e157970294/element [19.60169ms] ERR:404 body={"strategy":"-android uiautomator","selector":"new UiSelector().descriptionContains(\"Tiếng Anh\")...
13:11:47.408795 POST /session/ece7b49b-6872-48c4-8671-88e157970294/element [17.298021ms] ERR:404 body={"strategy":"-android uiautomator","selector":"new UiSelector().textMatches(\"(?is).*\\QTiếng Anh\...
13:11:47.428348 POST /session/ece7b49b-6872-48c4-8671-88e157970294/element [19.405333ms] ERR:404 body={"strategy":"-android uiautomator","selector":"new UiSelector().descriptionMatches(\"(?is).*\\QTiế...
13:11:47.447410 POST /session/ece7b49b-6872-48c4-8671-88e157970294/element [18.916128ms] ERR:404 body={"strategy":"-android uiautomator","selector":"new UiSelector().textContains(\"Tiếng Anh\")"}
13:11:47.464640 POST /session/ece7b49b-6872-48c4-8671-88e157970294/element [17.125289ms] ERR:404 body={"strategy":"-android uiautomator","selector":"new UiSelector().descriptionContains(\"Tiếng Anh\")...
13:11:47.481052 POST /session/ece7b49b-6872-48c4-8671-88e157970294/element [16.331817ms] ERR:404 body={"strategy":"-android uiautomator","selector":"new UiSelector().textMatches(\"(?is).*\\QTiếng Anh\...
13:11:47.498363 POST /session/ece7b49b-6872-48c4-8671-88e157970294/element [17.220267ms] ERR:404 body={"strategy":"-android uiautomator","selector":"new UiSelector().descriptionMatches(\"(?is).*\\QTiế...
13:11:47.525446 POST /session/ece7b49b-6872-48c4-8671-88e157970294/element [26.994982ms] ERR:404 body={"strategy":"-android uiautomator","selector":"new UiSelector().textContains(\"Tiếng Anh\")"}
13:11:47.541938 POST /session/ece7b49b-6872-48c4-8671-88e157970294/element [16.404552ms] ERR:404 body={"strategy":"-android uiautomator","selector":"new UiSelector().descriptionContains(\"Tiếng Anh\")...
13:11:47.558928 POST /session/ece7b49b-6872-48c4-8671-88e157970294/element [16.886492ms] ERR:404 body={"strategy":"-android uiautomator","selector":"new UiSelector().textMatches(\"(?is).*\\QTiếng Anh\...
13:11:47.574693 POST /session/ece7b49b-6872-48c4-8671-88e157970294/element [15.690148ms] ERR:404 body={"strategy":"-android uiautomator","selector":"new UiSelector().descriptionMatches(\"(?is).*\\QTiế...
13:11:47.590306 POST /session/ece7b49b-6872-48c4-8671-88e157970294/element [15.526881ms] ERR:404 body={"strategy":"-android uiautomator","selector":"new UiSelector().textContains(\"Tiếng Anh\")"}
13:11:47.606413 POST /session/ece7b49b-6872-48c4-8671-88e157970294/element [16.033117ms] ERR:404 body={"strategy":"-android uiautomator","selector":"new UiSelector().descriptionContains(\"Tiếng Anh\")...
13:11:47.622380 POST /session/ece7b49b-6872-48c4-8671-88e157970294/element [15.886924ms] ERR:404 body={"strategy":"-android uiautomator","selector":"new UiSelector().textMatches(\"(?is).*\\QTiếng Anh\...
13:11:47.637670 POST /session/ece7b49b-6872-48c4-8671-88e157970294/element [15.206863ms] ERR:404 body={"strategy":"-android uiautomator","selector":"new UiSelector().descriptionMatches(\"(?is).*\\QTiế...
13:11:47.653247 POST /session/ece7b49b-6872-48c4-8671-88e157970294/element [15.494699ms] ERR:404 body={"strategy":"-android uiautomator","selector":"new UiSelector().textContains(\"Tiếng Anh\")"}
13:11:47.671043 POST /session/ece7b49b-6872-48c4-8671-88e157970294/element [17.707129ms] ERR:404 body={"strategy":"-android uiautomator","selector":"new UiSelector().descriptionContains(\"Tiếng Anh\")...
13:11:47.687945 POST /session/ece7b49b-6872-48c4-8671-88e157970294/element [16.806123ms] ERR:404 body={"strategy":"-android uiautomator","selector":"new UiSelector().textMatches(\"(?is).*\\QTiếng Anh\...
13:11:47.704235 POST /session/ece7b49b-6872-48c4-8671-88e157970294/element [16.18403ms] ERR:404 body={"strategy":"-android uiautomator","selector":"new UiSelector().descriptionMatches(\"(?is).*\\QTiế...
13:11:47.722265 POST /session/ece7b49b-6872-48c4-8671-88e157970294/element [17.887533ms] ERR:404 body={"strategy":"-android uiautomator","selector":"new UiSelector().textContains(\"Tiếng Anh\")"}
13:11:47.740492 POST /session/ece7b49b-6872-48c4-8671-88e157970294/element [18.120902ms] ERR:404 body={"strategy":"-android uiautomator","selector":"new UiSelector().descriptionContains(\"Tiếng Anh\")...
13:11:47.756982 POST /session/ece7b49b-6872-48c4-8671-88e157970294/element [16.433147ms] ERR:404 body={"strategy":"-android uiautomator","selector":"new UiSelector().textMatches(\"(?is).*\\QTiếng Anh\...
13:11:47.773361 POST /session/ece7b49b-6872-48c4-8671-88e157970294/element [16.297244ms] ERR:404 body={"strategy":"-android uiautomator","selector":"new UiSelector().descriptionMatches(\"(?is).*\\QTiế...
13:11:47.791991 POST /session/ece7b49b-6872-48c4-8671-88e157970294/element [18.51583ms] ERR:404 body={"strategy":"-android uiautomator","selector":"new UiSelector().textContains(\"Tiếng Anh\")"}
13:11:47.810243 POST /session/ece7b49b-6872-48c4-8671-88e157970294/element [18.13348ms] ERR:404 body={"strategy":"-android uiautomator","selector":"new UiSelector().descriptionContains(\"Tiếng Anh\")...
13:11:47.827504 POST /session/ece7b49b-6872-48c4-8671-88e157970294/element [17.179ms] ERR:404 body={"strategy":"-android uiautomator","selector":"new UiSelector().textMatches(\"(?is).*\\QTiếng Anh\...
13:11:47.843517 POST /session/ece7b49b-6872-48c4-8671-88e157970294/element [15.920667ms] ERR:404 body={"strategy":"-android uiautomator","selector":"new UiSelector().descriptionMatches(\"(?is).*\\QTiế...
13:11:47.860328 POST /session/ece7b49b-6872-48c4-8671-88e157970294/element [16.736691ms] ERR:404 body={"strategy":"-android uiautomator","selector":"new UiSelector().textContains(\"Tiếng Anh\")"}
13:11:47.876638 POST /session/ece7b49b-6872-48c4-8671-88e157970294/element [16.220422ms] ERR:404 body={"strategy":"-android uiautomator","selector":"new UiSelector().descriptionContains(\"Tiếng Anh\")...
13:11:47.893353 POST /session/ece7b49b-6872-48c4-8671-88e157970294/element [16.627278ms] ERR:404 body={"strategy":"-android uiautomator","selector":"new UiSelector().textMatches(\"(?is).*\\QTiếng Anh\...
13:11:47.909525 POST /session/ece7b49b-6872-48c4-8671-88e157970294/element [16.085465ms] ERR:404 body={"strategy":"-android uiautomator","selector":"new UiSelector().descriptionMatches(\"(?is).*\\QTiế...
13:11:47.924721 POST /session/ece7b49b-6872-48c4-8671-88e157970294/element [15.107757ms] ERR:404 body={"strategy":"-android uiautomator","selector":"new UiSelector().textContains(\"Tiếng Anh\")"}
13:11:47.941484 POST /session/ece7b49b-6872-48c4-8671-88e157970294/element [16.648606ms] ERR:404 body={"strategy":"-android uiautomator","selector":"new UiSelector().descriptionContains(\"Tiếng Anh\")...
13:11:47.958291 POST /session/ece7b49b-6872-48c4-8671-88e157970294/element [16.71728ms] ERR:404 body={"strategy":"-android uiautomator","selector":"new UiSelector().textMatches(\"(?is).*\\QTiếng Anh\...
13:11:47.973346 POST /session/ece7b49b-6872-48c4-8671-88e157970294/element [14.928728ms] ERR:404 body={"strategy":"-android uiautomator","selector":"new UiSelector().descriptionMatches(\"(?is).*\\QTiế...
13:11:47.988655 POST /session/ece7b49b-6872-48c4-8671-88e157970294/element [15.189701ms] ERR:404 body={"strategy":"-android uiautomator","selector":"new UiSelector().textContains(\"Tiếng Anh\")"}
13:11:48.004741 POST /session/ece7b49b-6872-48c4-8671-88e157970294/element [15.978861ms] ERR:404 body={"strategy":"-android uiautomator","selector":"new UiSelector().descriptionContains(\"Tiếng Anh\")...
13:11:48.034692 POST /session/ece7b49b-6872-48c4-8671-88e157970294/element [29.855143ms] ERR:404 body={"strategy":"-android uiautomator","selector":"new UiSelector().textMatches(\"(?is).*\\QTiếng Anh\...
13:11:48.052557 POST /session/ece7b49b-6872-48c4-8671-88e157970294/element [17.748152ms] ERR:404 body={"strategy":"-android uiautomator","selector":"new UiSelector().descriptionMatches(\"(?is).*\\QTiế...
13:11:48.073292 POST /session/ece7b49b-6872-48c4-8671-88e157970294/element [20.635152ms] ERR:404 body={"strategy":"-android uiautomator","selector":"new UiSelector().textContains(\"Tiếng Anh\")"}
13:11:48.093710 POST /session/ece7b49b-6872-48c4-8671-88e157970294/element [20.28938ms] ERR:404 body={"strategy":"-android uiautomator","selector":"new UiSelector().descriptionContains(\"Tiếng Anh\")...
13:11:48.113850 POST /session/ece7b49b-6872-48c4-8671-88e157970294/element [20.032612ms] ERR:404 body={"strategy":"-android uiautomator","selector":"new UiSelector().textMatches(\"(?is).*\\QTiếng Anh\...
13:11:48.133739 POST /session/ece7b49b-6872-48c4-8671-88e157970294/element [19.763332ms] ERR:404 body={"strategy":"-android uiautomator","selector":"new UiSelector().descriptionMatches(\"(?is).*\\QTiế...
13:11:48.154831 POST /session/ece7b49b-6872-48c4-8671-88e157970294/element [20.996961ms] ERR:404 body={"strategy":"-android uiautomator","selector":"new UiSelector().textContains(\"Tiếng Anh\")"}
13:11:48.176248 POST /session/ece7b49b-6872-48c4-8671-88e157970294/element [21.299311ms] ERR:404 body={"strategy":"-android uiautomator","selector":"new UiSelector().descriptionContains(\"Tiếng Anh\")...
13:11:48.198232 POST /session/ece7b49b-6872-48c4-8671-88e157970294/element [21.915249ms] ERR:404 body={"strategy":"-android uiautomator","selector":"new UiSelector().textMatches(\"(?is).*\\QTiếng Anh\...
13:11:48.215954 POST /session/ece7b49b-6872-48c4-8671-88e157970294/element [17.620025ms] ERR:404 body={"strategy":"-android uiautomator","selector":"new UiSelector().descriptionMatches(\"(?is).*\\QTiế...
13:11:48.236554 POST /session/ece7b49b-6872-48c4-8671-88e157970294/element [20.476564ms] ERR:404 body={"strategy":"-android uiautomator","selector":"new UiSelector().textContains(\"Tiếng Anh\")"}
13:11:48.256836 POST /session/ece7b49b-6872-48c4-8671-88e157970294/element [20.186043ms] ERR:404 body={"strategy":"-android uiautomator","selector":"new UiSelector().descriptionContains(\"Tiếng Anh\")...
13:11:48.278071 POST /session/ece7b49b-6872-48c4-8671-88e157970294/element [21.111094ms] ERR:404 body={"strategy":"-android uiautomator","selector":"new UiSelector().textMatches(\"(?is).*\\QTiếng Anh\...
13:11:48.297487 POST /session/ece7b49b-6872-48c4-8671-88e157970294/element [19.324818ms] ERR:404 body={"strategy":"-android uiautomator","selector":"new UiSelector().descriptionMatches(\"(?is).*\\QTiế...
13:11:48.316326 POST /session/ece7b49b-6872-48c4-8671-88e157970294/element [18.740434ms] ERR:404 body={"strategy":"-android uiautomator","selector":"new UiSelector().textContains(\"Tiếng Anh\")"}
13:11:48.334574 POST /session/ece7b49b-6872-48c4-8671-88e157970294/element [18.175593ms] ERR:404 body={"strategy":"-android uiautomator","selector":"new UiSelector().descriptionContains(\"Tiếng Anh\")...
13:11:48.353671 POST /session/ece7b49b-6872-48c4-8671-88e157970294/element [18.99963ms] ERR:404 body={"strategy":"-android uiautomator","selector":"new UiSelector().textMatches(\"(?is).*\\QTiếng Anh\...
13:11:48.371938 POST /session/ece7b49b-6872-48c4-8671-88e157970294/element [18.167398ms] ERR:404 body={"strategy":"-android uiautomator","selector":"new UiSelector().descriptionMatches(\"(?is).*\\QTiế...
13:11:48.390756 POST /session/ece7b49b-6872-48c4-8671-88e157970294/element [18.635558ms] ERR:404 body={"strategy":"-android uiautomator","selector":"new UiSelector().textContains(\"Tiếng Anh\")"}
13:11:48.409932 POST /session/ece7b49b-6872-48c4-8671-88e157970294/element [18.977802ms] ERR:404 body={"strategy":"-android uiautomator","selector":"new UiSelector().descriptionContains(\"Tiếng Anh\")...
13:11:48.430112 POST /session/ece7b49b-6872-48c4-8671-88e157970294/element [20.060097ms] ERR:404 body={"strategy":"-android uiautomator","selector":"new UiSelector().textMatches(\"(?is).*\\QTiếng Anh\...
13:11:48.451525 POST /session/ece7b49b-6872-48c4-8671-88e157970294/element [21.330261ms] ERR:404 body={"strategy":"-android uiautomator","selector":"new UiSelector().descriptionMatches(\"(?is).*\\QTiế...
13:11:48.471333 POST /session/ece7b49b-6872-48c4-8671-88e157970294/element [19.702363ms] ERR:404 body={"strategy":"-android uiautomator","selector":"new UiSelector().textContains(\"Tiếng Anh\")"}
13:11:48.490650 POST /session/ece7b49b-6872-48c4-8671-88e157970294/element [19.237879ms] ERR:404 body={"strategy":"-android uiautomator","selector":"new UiSelector().descriptionContains(\"Tiếng Anh\")...
13:11:48.510679 POST /session/ece7b49b-6872-48c4-8671-88e157970294/element [19.936816ms] ERR:404 body={"strategy":"-android uiautomator","selector":"new UiSelector().textMatches(\"(?is).*\\QTiếng Anh\...
13:11:48.529947 POST /session/ece7b49b-6872-48c4-8671-88e157970294/element [19.132169ms] ERR:404 body={"strategy":"-android uiautomator","selector":"new UiSelector().descriptionMatches(\"(?is).*\\QTiế...
13:11:48.549844 POST /session/ece7b49b-6872-48c4-8671-88e157970294/element [19.744817ms] ERR:404 body={"strategy":"-android uiautomator","selector":"new UiSelector().textContains(\"Tiếng Anh\")"}
13:11:48.571977 POST /session/ece7b49b-6872-48c4-8671-88e157970294/element [22.016297ms] ERR:404 body={"strategy":"-android uiautomator","selector":"new UiSelector().descriptionContains(\"Tiếng Anh\")...
13:11:48.594170 POST /session/ece7b49b-6872-48c4-8671-88e157970294/element [22.108854ms] ERR:404 body={"strategy":"-android uiautomator","selector":"new UiSelector().textMatches(\"(?is).*\\QTiếng Anh\...
13:11:48.611985 POST /session/ece7b49b-6872-48c4-8671-88e157970294/element [17.713872ms] ERR:404 body={"strategy":"-android uiautomator","selector":"new UiSelector().descriptionMatches(\"(?is).*\\QTiế...
13:11:48.633894 POST /session/ece7b49b-6872-48c4-8671-88e157970294/element [21.771715ms] ERR:404 body={"strategy":"-android uiautomator","selector":"new UiSelector().textContains(\"Tiếng Anh\")"}
13:11:48.652057 POST /session/ece7b49b-6872-48c4-8671-88e157970294/element [17.954593ms] ERR:404 body={"strategy":"-android uiautomator","selector":"new UiSelector().descriptionContains(\"Tiếng Anh\")...
13:11:48.670800 POST /session/ece7b49b-6872-48c4-8671-88e157970294/element [18.633486ms] ERR:404 body={"strategy":"-android uiautomator","selector":"new UiSelector().textMatches(\"(?is).*\\QTiếng Anh\...
13:11:48.690940 POST /session/ece7b49b-6872-48c4-8671-88e157970294/element [20.011686ms] ERR:404 body={"strategy":"-android uiautomator","selector":"new UiSelector().descriptionMatches(\"(?is).*\\QTiế...
13:11:48.786936 GET /session/ece7b49b-6872-48c4-8671-88e157970294/source [95.795952ms] OK body=
13:11:48.798872 POST /session/ece7b49b-6872-48c4-8671-88e157970294/element [8.928353ms] OK body={"strategy":"-android uiautomator","selector":"new UiSelector().resourceIdMatches(\".*active-speakin...
13:11:48.808252 GET /session/ece7b49b-6872-48c4-8671-88e157970294/element/00000000-0000-0010-ffff-ffff000001ff/text [9.33843ms] OK body=
13:11:48.818708 GET /session/ece7b49b-6872-48c4-8671-88e157970294/element/00000000-0000-0010-ffff-ffff000001ff/rect [10.418048ms] OK body=
13:11:48.850768 POST /session/ece7b49b-6872-48c4-8671-88e157970294/element/00000000-0000-0010-ffff-ffff000001ff/click [32.00497ms] OK body=
13:11:49.002983 POST /session/ece7b49b-6872-48c4-8671-88e157970294/element [150.97995ms] OK body={"strategy":"-android uiautomator","selector":"new UiSelector().resourceIdMatches(\".*cooking-next-b...
13:11:49.372947 GET /session/ece7b49b-6872-48c4-8671-88e157970294/element/00000000-0000-0010-ffff-ffff00000214/text [369.901007ms] OK body=
13:11:49.383361 GET /session/ece7b49b-6872-48c4-8671-88e157970294/element/00000000-0000-0010-ffff-ffff00000214/rect [10.362823ms] OK body=
13:11:49.412994 POST /session/ece7b49b-6872-48c4-8671-88e157970294/element/00000000-0000-0010-ffff-ffff00000214/click [29.579054ms] OK body=
13:11:49.426515 POST /session/ece7b49b-6872-48c4-8671-88e157970294/element [11.987807ms] OK body={"strategy":"-android uiautomator","selector":"new UiSelector().resourceIdMatches(\".*cooking-back-b...
13:11:49.437017 GET /session/ece7b49b-6872-48c4-8671-88e157970294/element/00000000-0000-0010-ffff-ffff00000212/text [10.449578ms] OK body=
13:11:49.447215 GET /session/ece7b49b-6872-48c4-8671-88e157970294/element/00000000-0000-0010-ffff-ffff00000212/rect [10.142744ms] OK body=
13:11:49.475048 POST /session/ece7b49b-6872-48c4-8671-88e157970294/element/00000000-0000-0010-ffff-ffff00000212/click [27.76556ms] OK body=
13:11:54.559221 POST /session/ece7b49b-6872-48c4-8671-88e157970294/appium/device/launch_app [3.462274ms] ERR:404 body={"appId":"com.tastopia.app"}
13:11:57.427225 POST /session/ece7b49b-6872-48c4-8671-88e157970294/element [1.16387928s] OK body={"strategy":"-android uiautomator","selector":"new UiSelector().resourceIdMatches(\".*MENU.*\")"}
13:11:58.089297 GET /session/ece7b49b-6872-48c4-8671-88e157970294/element/00000000-0000-0012-ffff-ffff0000003c/text [661.990023ms] OK body=
13:11:59.540345 GET /session/ece7b49b-6872-48c4-8671-88e157970294/element/00000000-0000-0012-ffff-ffff0000003c/rect [1.450954095s] OK body=
13:11:59.571316 POST /session/ece7b49b-6872-48c4-8671-88e157970294/element [30.404937ms] ERR:404 body={"strategy":"-android uiautomator","selector":"new UiSelector().resourceIdMatches(\".*MENU.*\").clic...
13:11:59.596201 POST /session/ece7b49b-6872-48c4-8671-88e157970294/element [24.767999ms] OK body={"strategy":"-android uiautomator","selector":"new UiSelector().resourceIdMatches(\".*MENU.*\")"}
13:11:59.607760 GET /session/ece7b49b-6872-48c4-8671-88e157970294/element/00000000-0000-0012-ffff-ffff0000003c/text [11.50694ms] OK body=
13:11:59.620072 GET /session/ece7b49b-6872-48c4-8671-88e157970294/element/00000000-0000-0012-ffff-ffff0000003c/rect [12.238773ms] OK body=
13:11:59.652277 POST /session/ece7b49b-6872-48c4-8671-88e157970294/element/00000000-0000-0012-ffff-ffff0000003c/click [32.12256ms] OK body=
13:11:59.655244 POST /session/ece7b49b-6872-48c4-8671-88e157970294/appium/device/hide_keyboard [2.872661ms] ERR:404 body=
13:11:59.708908 POST /session/ece7b49b-6872-48c4-8671-88e157970294/element [53.252955ms] ERR:404 body={"strategy":"-android uiautomator","selector":"new UiSelector().textContains(\"History\")"}
13:11:59.763096 POST /session/ece7b49b-6872-48c4-8671-88e157970294/element [54.064105ms] ERR:404 body={"strategy":"-android uiautomator","selector":"new UiSelector().descriptionContains(\"History\")"}
13:12:00.424939 POST /session/ece7b49b-6872-48c4-8671-88e157970294/element [661.697604ms] OK body={"strategy":"-android uiautomator","selector":"new UiSelector().textMatches(\"(?is).*\\QHistory\\E.*...
13:12:00.930429 POST /session/ece7b49b-6872-48c4-8671-88e157970294/element [505.145249ms] OK body={"strategy":"-android uiautomator","selector":"new UiSelector().resourceIdMatches(\".*menu-logout-bu...
13:12:00.942571 GET /session/ece7b49b-6872-48c4-8671-88e157970294/element/00000000-0000-0012-ffff-ffff000000cc/text [12.041783ms] OK body=
13:12:00.953953 GET /session/ece7b49b-6872-48c4-8671-88e157970294/element/00000000-0000-0012-ffff-ffff000000cc/rect [11.323782ms] OK body=
13:12:00.984398 POST /session/ece7b49b-6872-48c4-8671-88e157970294/element/00000000-0000-0012-ffff-ffff000000cc/click [30.387055ms] OK body=
13:12:01.017472 POST /session/ece7b49b-6872-48c4-8671-88e157970294/element [32.768007ms] ERR:404 body={"strategy":"-android uiautomator","selector":"new UiSelector().textContains(\"Welcome to\")"}
13:12:01.037007 POST /session/ece7b49b-6872-48c4-8671-88e157970294/element [19.439912ms] ERR:404 body={"strategy":"-android uiautomator","selector":"new UiSelector().descriptionContains(\"Welcome to\")"...
13:12:01.056634 POST /session/ece7b49b-6872-48c4-8671-88e157970294/element [19.515556ms] ERR:404 body={"strategy":"-android uiautomator","selector":"new UiSelector().textMatches(\"(?is).*\\QWelcome to\\...
13:12:01.074731 POST /session/ece7b49b-6872-48c4-8671-88e157970294/element [18.005643ms] ERR:404 body={"strategy":"-android uiautomator","selector":"new UiSelector().descriptionMatches(\"(?is).*\\QWelco...
13:12:01.095869 POST /session/ece7b49b-6872-48c4-8671-88e157970294/element [21.002153ms] ERR:404 body={"strategy":"-android uiautomator","selector":"new UiSelector().textContains(\"Welcome to\")"}
13:12:01.115316 POST /session/ece7b49b-6872-48c4-8671-88e157970294/element [19.321361ms] ERR:404 body={"strategy":"-android uiautomator","selector":"new UiSelector().descriptionContains(\"Welcome to\")"...
13:12:01.136342 POST /session/ece7b49b-6872-48c4-8671-88e157970294/element [20.898286ms] ERR:404 body={"strategy":"-android uiautomator","selector":"new UiSelector().textMatches(\"(?is).*\\QWelcome to\\...
13:12:01.156006 POST /session/ece7b49b-6872-48c4-8671-88e157970294/element [19.543852ms] ERR:404 body={"strategy":"-android uiautomator","selector":"new UiSelector().descriptionMatches(\"(?is).*\\QWelco...
13:12:01.178880 POST /session/ece7b49b-6872-48c4-8671-88e157970294/element [22.704612ms] ERR:404 body={"strategy":"-android uiautomator","selector":"new UiSelector().textContains(\"Welcome to\")"}
13:12:01.199350 POST /session/ece7b49b-6872-48c4-8671-88e157970294/element [20.361981ms] ERR:404 body={"strategy":"-android uiautomator","selector":"new UiSelector().descriptionContains(\"Welcome to\")"...
13:12:01.220158 POST /session/ece7b49b-6872-48c4-8671-88e157970294/element [20.694626ms] ERR:404 body={"strategy":"-android uiautomator","selector":"new UiSelector().textMatches(\"(?is).*\\QWelcome to\\...
13:12:01.241955 POST /session/ece7b49b-6872-48c4-8671-88e157970294/element [21.680376ms] ERR:404 body={"strategy":"-android uiautomator","selector":"new UiSelector().descriptionMatches(\"(?is).*\\QWelco...
13:12:01.262490 POST /session/ece7b49b-6872-48c4-8671-88e157970294/element [20.397806ms] ERR:404 body={"strategy":"-android uiautomator","selector":"new UiSelector().textContains(\"Welcome to\")"}
13:12:01.287052 POST /session/ece7b49b-6872-48c4-8671-88e157970294/element [24.437672ms] ERR:404 body={"strategy":"-android uiautomator","selector":"new UiSelector().descriptionContains(\"Welcome to\")"...
13:12:01.309008 POST /session/ece7b49b-6872-48c4-8671-88e157970294/element [21.828316ms] ERR:404 body={"strategy":"-android uiautomator","selector":"new UiSelector().textMatches(\"(?is).*\\QWelcome to\\...
13:12:01.328922 POST /session/ece7b49b-6872-48c4-8671-88e157970294/element [19.765753ms] ERR:404 body={"strategy":"-android uiautomator","selector":"new UiSelector().descriptionMatches(\"(?is).*\\QWelco...
13:12:01.351596 POST /session/ece7b49b-6872-48c4-8671-88e157970294/element [22.591663ms] ERR:404 body={"strategy":"-android uiautomator","selector":"new UiSelector().textContains(\"Welcome to\")"}
13:12:01.371355 POST /session/ece7b49b-6872-48c4-8671-88e157970294/element [19.443074ms] ERR:404 body={"strategy":"-android uiautomator","selector":"new UiSelector().descriptionContains(\"Welcome to\")"...
13:12:01.391851 POST /session/ece7b49b-6872-48c4-8671-88e157970294/element [19.924766ms] ERR:404 body={"strategy":"-android uiautomator","selector":"new UiSelector().textMatches(\"(?is).*\\QWelcome to\\...
13:12:01.411951 POST /session/ece7b49b-6872-48c4-8671-88e157970294/element [19.945052ms] ERR:404 body={"strategy":"-android uiautomator","selector":"new UiSelector().descriptionMatches(\"(?is).*\\QWelco...
13:12:01.434980 POST /session/ece7b49b-6872-48c4-8671-88e157970294/element [22.935124ms] ERR:404 body={"strategy":"-android uiautomator","selector":"new UiSelector().textContains(\"Welcome to\")"}
13:12:01.457834 POST /session/ece7b49b-6872-48c4-8671-88e157970294/element [22.749265ms] ERR:404 body={"strategy":"-android uiautomator","selector":"new UiSelector().descriptionContains(\"Welcome to\")"...
13:12:01.477780 POST /session/ece7b49b-6872-48c4-8671-88e157970294/element [19.822192ms] ERR:404 body={"strategy":"-android uiautomator","selector":"new UiSelector().textMatches(\"(?is).*\\QWelcome to\\...
13:12:01.502991 POST /session/ece7b49b-6872-48c4-8671-88e157970294/element [25.116231ms] ERR:404 body={"strategy":"-android uiautomator","selector":"new UiSelector().descriptionMatches(\"(?is).*\\QWelco...
13:12:01.524984 POST /session/ece7b49b-6872-48c4-8671-88e157970294/element [21.877182ms] ERR:404 body={"strategy":"-android uiautomator","selector":"new UiSelector().textContains(\"Welcome to\")"}
13:12:01.544822 POST /session/ece7b49b-6872-48c4-8671-88e157970294/element [19.682721ms] ERR:404 body={"strategy":"-android uiautomator","selector":"new UiSelector().descriptionContains(\"Welcome to\")"...
13:12:01.563804 POST /session/ece7b49b-6872-48c4-8671-88e157970294/element [18.850003ms] ERR:404 body={"strategy":"-android uiautomator","selector":"new UiSelector().textMatches(\"(?is).*\\QWelcome to\\...
13:12:01.581397 POST /session/ece7b49b-6872-48c4-8671-88e157970294/element [17.458603ms] ERR:404 body={"strategy":"-android uiautomator","selector":"new UiSelector().descriptionMatches(\"(?is).*\\QWelco...
13:12:01.598810 POST /session/ece7b49b-6872-48c4-8671-88e157970294/element [17.288314ms] ERR:404 body={"strategy":"-android uiautomator","selector":"new UiSelector().textContains(\"Welcome to\")"}
13:12:01.617041 POST /session/ece7b49b-6872-48c4-8671-88e157970294/element [18.086839ms] ERR:404 body={"strategy":"-android uiautomator","selector":"new UiSelector().descriptionContains(\"Welcome to\")"...
13:12:01.637099 POST /session/ece7b49b-6872-48c4-8671-88e157970294/element [19.979399ms] ERR:404 body={"strategy":"-android uiautomator","selector":"new UiSelector().textMatches(\"(?is).*\\QWelcome to\\...
13:12:01.655721 POST /session/ece7b49b-6872-48c4-8671-88e157970294/element [18.515216ms] ERR:404 body={"strategy":"-android uiautomator","selector":"new UiSelector().descriptionMatches(\"(?is).*\\QWelco...
13:12:01.674307 POST /session/ece7b49b-6872-48c4-8671-88e157970294/element [18.459814ms] ERR:404 body={"strategy":"-android uiautomator","selector":"new UiSelector().textContains(\"Welcome to\")"}
13:12:01.693310 POST /session/ece7b49b-6872-48c4-8671-88e157970294/element [18.884058ms] ERR:404 body={"strategy":"-android uiautomator","selector":"new UiSelector().descriptionContains(\"Welcome to\")"...
13:12:01.715771 POST /session/ece7b49b-6872-48c4-8671-88e157970294/element [22.350639ms] ERR:404 body={"strategy":"-android uiautomator","selector":"new UiSelector().textMatches(\"(?is).*\\QWelcome to\\...
13:12:01.738959 POST /session/ece7b49b-6872-48c4-8671-88e157970294/element [23.060788ms] ERR:404 body={"strategy":"-android uiautomator","selector":"new UiSelector().descriptionMatches(\"(?is).*\\QWelco...
13:12:01.759069 POST /session/ece7b49b-6872-48c4-8671-88e157970294/element [20.019992ms] ERR:404 body={"strategy":"-android uiautomator","selector":"new UiSelector().textContains(\"Welcome to\")"}
13:12:01.778985 POST /session/ece7b49b-6872-48c4-8671-88e157970294/element [19.806673ms] ERR:404 body={"strategy":"-android uiautomator","selector":"new UiSelector().descriptionContains(\"Welcome to\")"...
13:12:01.799366 POST /session/ece7b49b-6872-48c4-8671-88e157970294/element [20.276932ms] ERR:404 body={"strategy":"-android uiautomator","selector":"new UiSelector().textMatches(\"(?is).*\\QWelcome to\\...
13:12:01.818487 POST /session/ece7b49b-6872-48c4-8671-88e157970294/element [19.01371ms] ERR:404 body={"strategy":"-android uiautomator","selector":"new UiSelector().descriptionMatches(\"(?is).*\\QWelco...
13:12:01.838800 POST /session/ece7b49b-6872-48c4-8671-88e157970294/element [20.167447ms] ERR:404 body={"strategy":"-android uiautomator","selector":"new UiSelector().textContains(\"Welcome to\")"}
13:12:01.858177 POST /session/ece7b49b-6872-48c4-8671-88e157970294/element [19.255713ms] ERR:404 body={"strategy":"-android uiautomator","selector":"new UiSelector().descriptionContains(\"Welcome to\")"...
13:12:01.878617 POST /session/ece7b49b-6872-48c4-8671-88e157970294/element [20.297832ms] ERR:404 body={"strategy":"-android uiautomator","selector":"new UiSelector().textMatches(\"(?is).*\\QWelcome to\\...
13:12:01.901073 POST /session/ece7b49b-6872-48c4-8671-88e157970294/element [22.346384ms] ERR:404 body={"strategy":"-android uiautomator","selector":"new UiSelector().descriptionMatches(\"(?is).*\\QWelco...
13:12:01.927356 POST /session/ece7b49b-6872-48c4-8671-88e157970294/element [26.163249ms] ERR:404 body={"strategy":"-android uiautomator","selector":"new UiSelector().textContains(\"Welcome to\")"}
13:12:01.947068 POST /session/ece7b49b-6872-48c4-8671-88e157970294/element [19.579378ms] ERR:404 body={"strategy":"-android uiautomator","selector":"new UiSelector().descriptionContains(\"Welcome to\")"...
13:12:01.969798 POST /session/ece7b49b-6872-48c4-8671-88e157970294/element [22.600006ms] ERR:404 body={"strategy":"-android uiautomator","selector":"new UiSelector().textMatches(\"(?is).*\\QWelcome to\\...
13:12:01.992897 POST /session/ece7b49b-6872-48c4-8671-88e157970294/element [22.947092ms] ERR:404 body={"strategy":"-android uiautomator","selector":"new UiSelector().descriptionMatches(\"(?is).*\\QWelco...
13:12:02.015517 POST /session/ece7b49b-6872-48c4-8671-88e157970294/element [22.481133ms] ERR:404 body={"strategy":"-android uiautomator","selector":"new UiSelector().textContains(\"Welcome to\")"}
13:12:02.036211 POST /session/ece7b49b-6872-48c4-8671-88e157970294/element [20.62498ms] ERR:404 body={"strategy":"-android uiautomator","selector":"new UiSelector().descriptionContains(\"Welcome to\")"...
13:12:02.056267 POST /session/ece7b49b-6872-48c4-8671-88e157970294/element [19.995656ms] ERR:404 body={"strategy":"-android uiautomator","selector":"new UiSelector().textMatches(\"(?is).*\\QWelcome to\\...
13:12:02.076062 POST /session/ece7b49b-6872-48c4-8671-88e157970294/element [19.71445ms] ERR:404 body={"strategy":"-android uiautomator","selector":"new UiSelector().descriptionMatches(\"(?is).*\\QWelco...
13:12:02.094636 POST /session/ece7b49b-6872-48c4-8671-88e157970294/element [18.502836ms] ERR:404 body={"strategy":"-android uiautomator","selector":"new UiSelector().textContains(\"Welcome to\")"}
13:12:02.115478 POST /session/ece7b49b-6872-48c4-8671-88e157970294/element [20.750828ms] ERR:404 body={"strategy":"-android uiautomator","selector":"new UiSelector().descriptionContains(\"Welcome to\")"...
13:12:02.137709 POST /session/ece7b49b-6872-48c4-8671-88e157970294/element [22.091294ms] ERR:404 body={"strategy":"-android uiautomator","selector":"new UiSelector().textMatches(\"(?is).*\\QWelcome to\\...
13:12:02.157068 POST /session/ece7b49b-6872-48c4-8671-88e157970294/element [19.292714ms] ERR:404 body={"strategy":"-android uiautomator","selector":"new UiSelector().descriptionMatches(\"(?is).*\\QWelco...
13:12:02.175320 POST /session/ece7b49b-6872-48c4-8671-88e157970294/element [18.180582ms] ERR:404 body={"strategy":"-android uiautomator","selector":"new UiSelector().textContains(\"Welcome to\")"}
13:12:02.208724 POST /session/ece7b49b-6872-48c4-8671-88e157970294/element [33.264807ms] ERR:404 body={"strategy":"-android uiautomator","selector":"new UiSelector().descriptionContains(\"Welcome to\")"...
13:12:02.227287 POST /session/ece7b49b-6872-48c4-8671-88e157970294/element [18.458212ms] ERR:404 body={"strategy":"-android uiautomator","selector":"new UiSelector().textMatches(\"(?is).*\\QWelcome to\\...
13:12:02.245234 POST /session/ece7b49b-6872-48c4-8671-88e157970294/element [17.850475ms] ERR:404 body={"strategy":"-android uiautomator","selector":"new UiSelector().descriptionMatches(\"(?is).*\\QWelco...
13:12:02.270577 POST /session/ece7b49b-6872-48c4-8671-88e157970294/element [25.24456ms] ERR:404 body={"strategy":"-android uiautomator","selector":"new UiSelector().textContains(\"Welcome to\")"}
13:12:02.291944 POST /session/ece7b49b-6872-48c4-8671-88e157970294/element [21.22571ms] ERR:404 body={"strategy":"-android uiautomator","selector":"new UiSelector().descriptionContains(\"Welcome to\")"...
13:12:02.319995 POST /session/ece7b49b-6872-48c4-8671-88e157970294/element [27.932221ms] ERR:404 body={"strategy":"-android uiautomator","selector":"new UiSelector().textMatches(\"(?is).*\\QWelcome to\\...
13:12:02.364365 POST /session/ece7b49b-6872-48c4-8671-88e157970294/element [44.248237ms] ERR:404 body={"strategy":"-android uiautomator","selector":"new UiSelector().descriptionMatches(\"(?is).*\\QWelco...
13:12:03.204738 POST /session/ece7b49b-6872-48c4-8671-88e157970294/element [840.209406ms] OK body={"strategy":"-android uiautomator","selector":"new UiSelector().textContains(\"Welcome to\")"}
13:12:03.785452 POST /session/ece7b49b-6872-48c4-8671-88e157970294/element [579.31984ms] OK body={"strategy":"-android uiautomator","selector":"new UiSelector().textContains(\"Tastopia\")"}
13:12:03.789517 POST /session/ece7b49b-6872-48c4-8671-88e157970294/appium/settings [2.225421ms] OK body={"settings":{"waitForIdleTimeout":200}}
13:12:08.786172 POST /session/ece7b49b-6872-48c4-8671-88e157970294/appium/device/launch_app [2.928456ms] ERR:404 body={"appId":"com.tastopia.app"}
13:12:11.515063 POST /session/ece7b49b-6872-48c4-8671-88e157970294/element [935.690674ms] OK body={"strategy":"-android uiautomator","selector":"new UiSelector().resourceIdMatches(\".*welcome-sign-i...
13:12:12.534888 GET /session/ece7b49b-6872-48c4-8671-88e157970294/element/00000000-0000-0014-ffff-ffff00000021/text [1.019705011s] OK body=
13:12:12.545726 GET /session/ece7b49b-6872-48c4-8671-88e157970294/element/00000000-0000-0014-ffff-ffff00000021/rect [10.77146ms] OK body=
13:12:12.574053 POST /session/ece7b49b-6872-48c4-8671-88e157970294/element/00000000-0000-0014-ffff-ffff00000021/click [28.254156ms] OK body=
13:12:12.594268 POST /session/ece7b49b-6872-48c4-8671-88e157970294/element [19.825266ms] ERR:404 body={"strategy":"-android uiautomator","selector":"new UiSelector().resourceIdMatches(\".*login-identifi...
13:12:12.601321 POST /session/ece7b49b-6872-48c4-8671-88e157970294/element [6.951239ms] ERR:404 body={"strategy":"-android uiautomator","selector":"new UiSelector().resourceIdMatches(\".*login-identifi...
13:12:12.616910 POST /session/ece7b49b-6872-48c4-8671-88e157970294/element [15.451649ms] ERR:404 body={"strategy":"-android uiautomator","selector":"new UiSelector().resourceIdMatches(\".*login-identifi...
13:12:12.628970 POST /session/ece7b49b-6872-48c4-8671-88e157970294/element [11.934884ms] ERR:404 body={"strategy":"-android uiautomator","selector":"new UiSelector().resourceIdMatches(\".*login-identifi...
13:12:12.637143 POST /session/ece7b49b-6872-48c4-8671-88e157970294/element [8.066715ms] ERR:404 body={"strategy":"-android uiautomator","selector":"new UiSelector().resourceIdMatches(\".*login-identifi...
13:12:12.660870 POST /session/ece7b49b-6872-48c4-8671-88e157970294/element [23.578497ms] ERR:404 body={"strategy":"-android uiautomator","selector":"new UiSelector().resourceIdMatches(\".*login-identifi...
13:12:12.745948 POST /session/ece7b49b-6872-48c4-8671-88e157970294/element [84.967995ms] OK body={"strategy":"-android uiautomator","selector":"new UiSelector().resourceIdMatches(\".*login-identifi...
13:12:13.792971 POST /session/ece7b49b-6872-48c4-8671-88e157970294/element [1.046668656s] OK body={"strategy":"-android uiautomator","selector":"new UiSelector().resourceIdMatches(\".*login-identifi...
13:12:13.804862 GET /session/ece7b49b-6872-48c4-8671-88e157970294/element/00000000-0000-0014-ffff-ffff00000051/text [11.817382ms] OK body=
13:12:13.817011 GET /session/ece7b49b-6872-48c4-8671-88e157970294/element/00000000-0000-0014-ffff-ffff00000051/rect [12.106154ms] OK body=
13:12:13.852156 POST /session/ece7b49b-6872-48c4-8671-88e157970294/element/00000000-0000-0014-ffff-ffff00000051/click [35.091723ms] OK body=
13:12:14.937704 POST /session/ece7b49b-6872-48c4-8671-88e157970294/actions [1.08486465s] OK body={"actions":[{"actions":[{"type":"keyDown","value":"a"},{"type":"keyUp","value":"a"},{"type":"keyDown...
13:12:14.954079 POST /session/ece7b49b-6872-48c4-8671-88e157970294/appium/device/hide_keyboard [16.276672ms] ERR:404 body=
13:12:15.406312 POST /session/ece7b49b-6872-48c4-8671-88e157970294/element [451.224424ms] OK body={"strategy":"-android uiautomator","selector":"new UiSelector().resourceIdMatches(\".*login-password...
13:12:15.424529 POST /session/ece7b49b-6872-48c4-8671-88e157970294/element [17.804817ms] OK body={"strategy":"-android uiautomator","selector":"new UiSelector().resourceIdMatches(\".*login-password...
13:12:15.452811 GET /session/ece7b49b-6872-48c4-8671-88e157970294/element/00000000-0000-0014-ffff-ffff00000052/text [28.200049ms] OK body=
13:12:15.466273 GET /session/ece7b49b-6872-48c4-8671-88e157970294/element/00000000-0000-0014-ffff-ffff00000052/rect [13.397008ms] OK body=
13:12:15.507088 POST /session/ece7b49b-6872-48c4-8671-88e157970294/element/00000000-0000-0014-ffff-ffff00000052/click [40.739128ms] OK body=
13:12:16.096947 POST /session/ece7b49b-6872-48c4-8671-88e157970294/actions [589.497466ms] OK body={"actions":[{"actions":[{"type":"keyDown","value":"P"},{"type":"keyUp","value":"P"},{"type":"keyDown...
13:12:16.112948 POST /session/ece7b49b-6872-48c4-8671-88e157970294/appium/device/hide_keyboard [15.905789ms] ERR:404 body=
13:12:16.627465 POST /session/ece7b49b-6872-48c4-8671-88e157970294/element [514.158788ms] OK body={"strategy":"-android uiautomator","selector":"new UiSelector().resourceIdMatches(\".*login-submit-b...
13:12:16.638025 GET /session/ece7b49b-6872-48c4-8671-88e157970294/element/00000000-0000-0014-ffff-ffff00000062/text [10.502679ms] OK body=
13:12:16.650020 GET /session/ece7b49b-6872-48c4-8671-88e157970294/element/00000000-0000-0014-ffff-ffff00000062/rect [11.959476ms] OK body=
13:12:16.679903 POST /session/ece7b49b-6872-48c4-8671-88e157970294/element/00000000-0000-0014-ffff-ffff00000062/click [29.801591ms] OK body=
13:12:16.689745 POST /session/ece7b49b-6872-48c4-8671-88e157970294/element [9.799312ms] OK body={"strategy":"-android uiautomator","selector":"new UiSelector().resourceIdMatches(\".*login-submit-b...
13:12:16.703979 GET /session/ece7b49b-6872-48c4-8671-88e157970294/element/00000000-0000-0014-ffff-ffff00000062/text [14.181509ms] OK body=
13:12:17.369670 GET /session/ece7b49b-6872-48c4-8671-88e157970294/element/00000000-0000-0014-ffff-ffff00000062/rect [665.61952ms] OK body=
13:12:17.398307 POST /session/ece7b49b-6872-48c4-8671-88e157970294/element/00000000-0000-0014-ffff-ffff00000062/click [28.578013ms] OK body=
13:12:17.422336 POST /session/ece7b49b-6872-48c4-8671-88e157970294/element [23.66161ms] ERR:404 body={"strategy":"-android uiautomator","selector":"new UiSelector().resourceIdMatches(\".*COMMUNITY.*\")...
13:12:17.435776 POST /session/ece7b49b-6872-48c4-8671-88e157970294/element [13.344971ms] ERR:404 body={"strategy":"-android uiautomator","selector":"new UiSelector().resourceIdMatches(\".*COMMUNITY.*\")...
13:12:17.446129 POST /session/ece7b49b-6872-48c4-8671-88e157970294/element [10.248351ms] ERR:404 body={"strategy":"-android uiautomator","selector":"new UiSelector().resourceIdMatches(\".*COMMUNITY.*\")...
13:12:17.486546 POST /session/ece7b49b-6872-48c4-8671-88e157970294/element [40.279799ms] ERR:404 body={"strategy":"-android uiautomator","selector":"new UiSelector().resourceIdMatches(\".*COMMUNITY.*\")...
13:12:18.166642 POST /session/ece7b49b-6872-48c4-8671-88e157970294/element [679.954531ms] ERR:404 body={"strategy":"-android uiautomator","selector":"new UiSelector().resourceIdMatches(\".*COMMUNITY.*\")...
13:12:18.187147 POST /session/ece7b49b-6872-48c4-8671-88e157970294/element [20.327306ms] ERR:404 body={"strategy":"-android uiautomator","selector":"new UiSelector().resourceIdMatches(\".*COMMUNITY.*\")...
13:12:18.199776 POST /session/ece7b49b-6872-48c4-8671-88e157970294/element [12.508337ms] ERR:404 body={"strategy":"-android uiautomator","selector":"new UiSelector().resourceIdMatches(\".*COMMUNITY.*\")...
13:12:18.216689 POST /session/ece7b49b-6872-48c4-8671-88e157970294/element [16.766488ms] ERR:404 body={"strategy":"-android uiautomator","selector":"new UiSelector().resourceIdMatches(\".*COMMUNITY.*\")...
13:12:18.232317 POST /session/ece7b49b-6872-48c4-8671-88e157970294/element [15.500742ms] ERR:404 body={"strategy":"-android uiautomator","selector":"new UiSelector().resourceIdMatches(\".*COMMUNITY.*\")...
13:12:18.244872 POST /session/ece7b49b-6872-48c4-8671-88e157970294/element [12.404042ms] ERR:404 body={"strategy":"-android uiautomator","selector":"new UiSelector().resourceIdMatches(\".*COMMUNITY.*\")...
13:12:18.255525 POST /session/ece7b49b-6872-48c4-8671-88e157970294/element [10.513257ms] ERR:404 body={"strategy":"-android uiautomator","selector":"new UiSelector().resourceIdMatches(\".*COMMUNITY.*\")...
13:12:18.269282 POST /session/ece7b49b-6872-48c4-8671-88e157970294/element [12.805811ms] ERR:404 body={"strategy":"-android uiautomator","selector":"new UiSelector().resourceIdMatches(\".*COMMUNITY.*\")...
13:12:18.834650 POST /session/ece7b49b-6872-48c4-8671-88e157970294/element [565.251701ms] OK body={"strategy":"-android uiautomator","selector":"new UiSelector().resourceIdMatches(\".*COMMUNITY.*\")...
13:12:19.668557 GET /session/ece7b49b-6872-48c4-8671-88e157970294/element/00000000-0000-0014-ffff-ffff0000008c/text [833.833407ms] OK body=
13:12:21.570320 GET /session/ece7b49b-6872-48c4-8671-88e157970294/element/00000000-0000-0014-ffff-ffff0000008c/rect [1.901697927s] OK body=
13:12:22.184777 POST /session/ece7b49b-6872-48c4-8671-88e157970294/element [612.853872ms] ERR:404 body={"strategy":"-android uiautomator","selector":"new UiSelector().resourceIdMatches(\".*SEARCH.*\").cl...
13:12:22.206079 POST /session/ece7b49b-6872-48c4-8671-88e157970294/element [21.157677ms] OK body={"strategy":"-android uiautomator","selector":"new UiSelector().resourceIdMatches(\".*SEARCH.*\")"}
13:12:22.216744 GET /session/ece7b49b-6872-48c4-8671-88e157970294/element/00000000-0000-0014-ffff-ffff00000093/text [10.603135ms] OK body=
13:12:22.227506 GET /session/ece7b49b-6872-48c4-8671-88e157970294/element/00000000-0000-0014-ffff-ffff00000093/rect [10.723009ms] OK body=
13:12:22.259442 POST /session/ece7b49b-6872-48c4-8671-88e157970294/element/00000000-0000-0014-ffff-ffff00000093/click [31.878888ms] OK body=
13:12:22.441166 POST /session/ece7b49b-6872-48c4-8671-88e157970294/element [180.338702ms] ERR:404 body={"strategy":"-android uiautomator","selector":"new UiSelector().resourceIdMatches(\".*search-recipe-...
13:12:22.576247 POST /session/ece7b49b-6872-48c4-8671-88e157970294/element [134.974782ms] ERR:404 body={"strategy":"-android uiautomator","selector":"new UiSelector().resourceIdMatches(\".*search-recipe-...
13:12:23.420596 POST /session/ece7b49b-6872-48c4-8671-88e157970294/element [843.636238ms] OK body={"strategy":"-android uiautomator","selector":"new UiSelector().resourceIdMatches(\".*search-recipe-...
13:12:23.432908 GET /session/ece7b49b-6872-48c4-8671-88e157970294/element/00000000-0000-0014-ffff-ffff0000012a/text [12.21546ms] OK body=
13:12:23.445948 GET /session/ece7b49b-6872-48c4-8671-88e157970294/element/00000000-0000-0014-ffff-ffff0000012a/rect [12.926078ms] OK body=
13:12:23.487675 POST /session/ece7b49b-6872-48c4-8671-88e157970294/element/00000000-0000-0014-ffff-ffff0000012a/click [41.641289ms] OK body=
13:12:23.633854 POST /session/ece7b49b-6872-48c4-8671-88e157970294/actions [144.151788ms] OK body={"actions":[{"actions":[{"type":"keyDown","value":"a"},{"type":"keyUp","value":"a"}],"id":"keyboard"...
13:12:23.662083 POST /session/ece7b49b-6872-48c4-8671-88e157970294/appium/device/hide_keyboard [26.884838ms] ERR:404 body=
13:12:24.303926 POST /session/ece7b49b-6872-48c4-8671-88e157970294/element [639.675373ms] ERR:404 body={"strategy":"-android uiautomator","selector":"new UiSelector().resourceIdMatches(\".*search-recipe-...
13:12:24.316821 POST /session/ece7b49b-6872-48c4-8671-88e157970294/element [12.725936ms] ERR:404 body={"strategy":"-android uiautomator","selector":"new UiSelector().resourceIdMatches(\".*search-recipe-...
13:12:24.334131 POST /session/ece7b49b-6872-48c4-8671-88e157970294/element [17.108351ms] ERR:404 body={"strategy":"-android uiautomator","selector":"new UiSelector().resourceIdMatches(\".*search-recipe-...
13:12:24.347958 POST /session/ece7b49b-6872-48c4-8671-88e157970294/element [13.660973ms] ERR:404 body={"strategy":"-android uiautomator","selector":"new UiSelector().resourceIdMatches(\".*search-recipe-...
13:12:24.360694 POST /session/ece7b49b-6872-48c4-8671-88e157970294/element [12.606799ms] ERR:404 body={"strategy":"-android uiautomator","selector":"new UiSelector().resourceIdMatches(\".*search-recipe-...
13:12:24.375615 POST /session/ece7b49b-6872-48c4-8671-88e157970294/element [14.788844ms] ERR:404 body={"strategy":"-android uiautomator","selector":"new UiSelector().resourceIdMatches(\".*search-recipe-...
13:12:24.389365 POST /session/ece7b49b-6872-48c4-8671-88e157970294/element [13.600687ms] ERR:404 body={"strategy":"-android uiautomator","selector":"new UiSelector().resourceIdMatches(\".*search-recipe-...
13:12:24.401917 POST /session/ece7b49b-6872-48c4-8671-88e157970294/element [12.407338ms] ERR:404 body={"strategy":"-android uiautomator","selector":"new UiSelector().resourceIdMatches(\".*search-recipe-...
13:12:24.414734 POST /session/ece7b49b-6872-48c4-8671-88e157970294/element [12.671412ms] ERR:404 body={"strategy":"-android uiautomator","selector":"new UiSelector().resourceIdMatches(\".*search-recipe-...
13:12:24.427017 POST /session/ece7b49b-6872-48c4-8671-88e157970294/element [12.112828ms] ERR:404 body={"strategy":"-android uiautomator","selector":"new UiSelector().resourceIdMatches(\".*search-recipe-...
13:12:24.440672 POST /session/ece7b49b-6872-48c4-8671-88e157970294/element [13.519506ms] ERR:404 body={"strategy":"-android uiautomator","selector":"new UiSelector().resourceIdMatches(\".*search-recipe-...
13:12:24.452501 POST /session/ece7b49b-6872-48c4-8671-88e157970294/element [11.689416ms] ERR:404 body={"strategy":"-android uiautomator","selector":"new UiSelector().resourceIdMatches(\".*search-recipe-...
13:12:24.464275 POST /session/ece7b49b-6872-48c4-8671-88e157970294/element [11.65808ms] ERR:404 body={"strategy":"-android uiautomator","selector":"new UiSelector().resourceIdMatches(\".*search-recipe-...
13:12:24.489787 POST /session/ece7b49b-6872-48c4-8671-88e157970294/element [25.348956ms] ERR:404 body={"strategy":"-android uiautomator","selector":"new UiSelector().resourceIdMatches(\".*search-recipe-...
13:12:24.508685 POST /session/ece7b49b-6872-48c4-8671-88e157970294/element [18.730412ms] ERR:404 body={"strategy":"-android uiautomator","selector":"new UiSelector().resourceIdMatches(\".*search-recipe-...
13:12:24.526795 POST /session/ece7b49b-6872-48c4-8671-88e157970294/element [17.946255ms] ERR:404 body={"strategy":"-android uiautomator","selector":"new UiSelector().resourceIdMatches(\".*search-recipe-...
13:12:25.473916 POST /session/ece7b49b-6872-48c4-8671-88e157970294/element [946.974882ms] OK body={"strategy":"-android uiautomator","selector":"new UiSelector().resourceIdMatches(\".*search-recipe-...
13:12:26.279032 GET /session/ece7b49b-6872-48c4-8671-88e157970294/element/00000000-0000-0014-ffff-ffff00000149/text [805.008557ms] OK body=
13:12:26.901773 GET /session/ece7b49b-6872-48c4-8671-88e157970294/element/00000000-0000-0014-ffff-ffff00000149/rect [622.670045ms] OK body=
13:12:32.007083 POST /session/ece7b49b-6872-48c4-8671-88e157970294/appium/device/launch_app [3.906597ms] ERR:404 body={"appId":"com.tastopia.app"}
13:12:34.984139 POST /session/ece7b49b-6872-48c4-8671-88e157970294/element [1.226919635s] OK body={"strategy":"-android uiautomator","selector":"new UiSelector().resourceIdMatches(\".*MENU.*\")"}
13:12:35.492300 GET /session/ece7b49b-6872-48c4-8671-88e157970294/element/00000000-0000-0016-ffff-ffff0000003c/text [508.067374ms] OK body=
13:12:35.509700 GET /session/ece7b49b-6872-48c4-8671-88e157970294/element/00000000-0000-0016-ffff-ffff0000003c/rect [17.329575ms] OK body=
13:12:35.526458 POST /session/ece7b49b-6872-48c4-8671-88e157970294/element [16.351273ms] ERR:404 body={"strategy":"-android uiautomator","selector":"new UiSelector().resourceIdMatches(\".*MENU.*\").clic...
13:12:35.542944 POST /session/ece7b49b-6872-48c4-8671-88e157970294/element [16.371661ms] OK body={"strategy":"-android uiautomator","selector":"new UiSelector().resourceIdMatches(\".*MENU.*\")"}
13:12:35.554834 GET /session/ece7b49b-6872-48c4-8671-88e157970294/element/00000000-0000-0016-ffff-ffff0000003c/text [11.828687ms] OK body=
13:12:35.567684 GET /session/ece7b49b-6872-48c4-8671-88e157970294/element/00000000-0000-0016-ffff-ffff0000003c/rect [12.773092ms] OK body=
13:12:35.598904 POST /session/ece7b49b-6872-48c4-8671-88e157970294/element/00000000-0000-0016-ffff-ffff0000003c/click [31.130636ms] OK body=
13:12:35.602051 POST /session/ece7b49b-6872-48c4-8671-88e157970294/appium/device/hide_keyboard [3.057216ms] ERR:404 body=
13:12:35.622945 POST /session/ece7b49b-6872-48c4-8671-88e157970294/element [20.486695ms] ERR:404 body={"strategy":"-android uiautomator","selector":"new UiSelector().textContains(\"History\")"}
13:12:35.669676 POST /session/ece7b49b-6872-48c4-8671-88e157970294/element [46.612334ms] ERR:404 body={"strategy":"-android uiautomator","selector":"new UiSelector().descriptionContains(\"History\")"}
13:12:35.698437 POST /session/ece7b49b-6872-48c4-8671-88e157970294/element [28.623572ms] ERR:404 body={"strategy":"-android uiautomator","selector":"new UiSelector().textMatches(\"(?is).*\\QHistory\\E.*...
13:12:35.721212 POST /session/ece7b49b-6872-48c4-8671-88e157970294/element [22.660427ms] ERR:404 body={"strategy":"-android uiautomator","selector":"new UiSelector().descriptionMatches(\"(?is).*\\QHisto...
13:12:35.742373 POST /session/ece7b49b-6872-48c4-8671-88e157970294/element [21.05071ms] ERR:404 body={"strategy":"-android uiautomator","selector":"new UiSelector().textContains(\"History\")"}
13:12:35.976657 POST /session/ece7b49b-6872-48c4-8671-88e157970294/element [234.178157ms] ERR:404 body={"strategy":"-android uiautomator","selector":"new UiSelector().descriptionContains(\"History\")"}
13:12:36.799582 POST /session/ece7b49b-6872-48c4-8671-88e157970294/element [822.809627ms] OK body={"strategy":"-android uiautomator","selector":"new UiSelector().textMatches(\"(?is).*\\QHistory\\E.*...
13:12:37.817021 POST /session/ece7b49b-6872-48c4-8671-88e157970294/element [1.017010436s] OK body={"strategy":"-android uiautomator","selector":"new UiSelector().resourceIdMatches(\".*menu-logout-bu...
13:12:37.829777 GET /session/ece7b49b-6872-48c4-8671-88e157970294/element/00000000-0000-0016-ffff-ffff000000af/text [12.664016ms] OK body=
13:12:37.843433 GET /session/ece7b49b-6872-48c4-8671-88e157970294/element/00000000-0000-0016-ffff-ffff000000af/rect [13.593797ms] OK body=
13:12:37.897055 POST /session/ece7b49b-6872-48c4-8671-88e157970294/element/00000000-0000-0016-ffff-ffff000000af/click [53.548915ms] OK body=
13:12:37.921386 POST /session/ece7b49b-6872-48c4-8671-88e157970294/element [23.959318ms] ERR:404 body={"strategy":"-android uiautomator","selector":"new UiSelector().textContains(\"Welcome to\")"}
13:12:37.941307 POST /session/ece7b49b-6872-48c4-8671-88e157970294/element [19.778444ms] ERR:404 body={"strategy":"-android uiautomator","selector":"new UiSelector().descriptionContains(\"Welcome to\")"...
13:12:37.961001 POST /session/ece7b49b-6872-48c4-8671-88e157970294/element [19.55843ms] ERR:404 body={"strategy":"-android uiautomator","selector":"new UiSelector().textMatches(\"(?is).*\\QWelcome to\\...
13:12:37.980347 POST /session/ece7b49b-6872-48c4-8671-88e157970294/element [19.201592ms] ERR:404 body={"strategy":"-android uiautomator","selector":"new UiSelector().descriptionMatches(\"(?is).*\\QWelco...
13:12:38.001378 POST /session/ece7b49b-6872-48c4-8671-88e157970294/element [20.893102ms] ERR:404 body={"strategy":"-android uiautomator","selector":"new UiSelector().textContains(\"Welcome to\")"}
13:12:38.020763 POST /session/ece7b49b-6872-48c4-8671-88e157970294/element [19.244262ms] ERR:404 body={"strategy":"-android uiautomator","selector":"new UiSelector().descriptionContains(\"Welcome to\")"...
13:12:38.052351 POST /session/ece7b49b-6872-48c4-8671-88e157970294/element [31.402102ms] ERR:404 body={"strategy":"-android uiautomator","selector":"new UiSelector().textMatches(\"(?is).*\\QWelcome to\\...
13:12:38.074373 POST /session/ece7b49b-6872-48c4-8671-88e157970294/element [21.887687ms] ERR:404 body={"strategy":"-android uiautomator","selector":"new UiSelector().descriptionMatches(\"(?is).*\\QWelco...
13:12:38.093773 POST /session/ece7b49b-6872-48c4-8671-88e157970294/element [19.263716ms] ERR:404 body={"strategy":"-android uiautomator","selector":"new UiSelector().textContains(\"Welcome to\")"}
13:12:38.114193 POST /session/ece7b49b-6872-48c4-8671-88e157970294/element [20.213326ms] ERR:404 body={"strategy":"-android uiautomator","selector":"new UiSelector().descriptionContains(\"Welcome to\")"...
13:12:38.134105 POST /session/ece7b49b-6872-48c4-8671-88e157970294/element [19.737624ms] ERR:404 body={"strategy":"-android uiautomator","selector":"new UiSelector().textMatches(\"(?is).*\\QWelcome to\\...
13:12:38.153018 POST /session/ece7b49b-6872-48c4-8671-88e157970294/element [18.780936ms] ERR:404 body={"strategy":"-android uiautomator","selector":"new UiSelector().descriptionMatches(\"(?is).*\\QWelco...
13:12:38.172230 POST /session/ece7b49b-6872-48c4-8671-88e157970294/element [19.070848ms] ERR:404 body={"strategy":"-android uiautomator","selector":"new UiSelector().textContains(\"Welcome to\")"}
13:12:38.190906 POST /session/ece7b49b-6872-48c4-8671-88e157970294/element [18.518936ms] ERR:404 body={"strategy":"-android uiautomator","selector":"new UiSelector().descriptionContains(\"Welcome to\")"...
13:12:38.212767 POST /session/ece7b49b-6872-48c4-8671-88e157970294/element [21.738959ms] ERR:404 body={"strategy":"-android uiautomator","selector":"new UiSelector().textMatches(\"(?is).*\\QWelcome to\\...
13:12:38.232111 POST /session/ece7b49b-6872-48c4-8671-88e157970294/element [19.270581ms] ERR:404 body={"strategy":"-android uiautomator","selector":"new UiSelector().descriptionMatches(\"(?is).*\\QWelco...
13:12:38.268049 POST /session/ece7b49b-6872-48c4-8671-88e157970294/element [35.824708ms] ERR:404 body={"strategy":"-android uiautomator","selector":"new UiSelector().textContains(\"Welcome to\")"}
13:12:38.290644 POST /session/ece7b49b-6872-48c4-8671-88e157970294/element [22.481767ms] ERR:404 body={"strategy":"-android uiautomator","selector":"new UiSelector().descriptionContains(\"Welcome to\")"...
13:12:38.313607 POST /session/ece7b49b-6872-48c4-8671-88e157970294/element [22.866756ms] ERR:404 body={"strategy":"-android uiautomator","selector":"new UiSelector().textMatches(\"(?is).*\\QWelcome to\\...
13:12:38.337348 POST /session/ece7b49b-6872-48c4-8671-88e157970294/element [23.616327ms] ERR:404 body={"strategy":"-android uiautomator","selector":"new UiSelector().descriptionMatches(\"(?is).*\\QWelco...
13:12:38.355293 POST /session/ece7b49b-6872-48c4-8671-88e157970294/element [17.826321ms] ERR:404 body={"strategy":"-android uiautomator","selector":"new UiSelector().textContains(\"Welcome to\")"}
13:12:38.373272 POST /session/ece7b49b-6872-48c4-8671-88e157970294/element [17.877938ms] ERR:404 body={"strategy":"-android uiautomator","selector":"new UiSelector().descriptionContains(\"Welcome to\")"...
13:12:38.393474 POST /session/ece7b49b-6872-48c4-8671-88e157970294/element [20.053596ms] ERR:404 body={"strategy":"-android uiautomator","selector":"new UiSelector().textMatches(\"(?is).*\\QWelcome to\\...
13:12:38.425700 POST /session/ece7b49b-6872-48c4-8671-88e157970294/element [32.087656ms] ERR:404 body={"strategy":"-android uiautomator","selector":"new UiSelector().descriptionMatches(\"(?is).*\\QWelco...
13:12:39.549188 POST /session/ece7b49b-6872-48c4-8671-88e157970294/element [1.123326538s] ERR:404 body={"strategy":"-android uiautomator","selector":"new UiSelector().textContains(\"Welcome to\")"}
13:12:39.564654 POST /session/ece7b49b-6872-48c4-8671-88e157970294/element [15.338027ms] ERR:404 body={"strategy":"-android uiautomator","selector":"new UiSelector().descriptionContains(\"Welcome to\")"...
13:12:39.586974 POST /session/ece7b49b-6872-48c4-8671-88e157970294/element [22.225244ms] OK body={"strategy":"-android uiautomator","selector":"new UiSelector().textMatches(\"(?is).*\\QWelcome to\\...
13:12:39.620907 POST /session/ece7b49b-6872-48c4-8671-88e157970294/element [33.558754ms] OK body={"strategy":"-android uiautomator","selector":"new UiSelector().textContains(\"Tastopia\")"}
13:12:39.626137 POST /session/ece7b49b-6872-48c4-8671-88e157970294/appium/settings [3.496737ms] OK body={"settings":{"waitForIdleTimeout":200}}
13:12:44.841091 POST /session/ece7b49b-6872-48c4-8671-88e157970294/appium/device/launch_app [3.10192ms] ERR:404 body={"appId":"com.tastopia.app"}
13:12:47.727371 POST /session/ece7b49b-6872-48c4-8671-88e157970294/element [882.128376ms] OK body={"strategy":"-android uiautomator","selector":"new UiSelector().resourceIdMatches(\".*welcome-sign-i...
13:12:49.072554 GET /session/ece7b49b-6872-48c4-8671-88e157970294/element/00000000-0000-0018-ffff-ffff00000021/text [1.345102416s] OK body=
13:12:49.087173 GET /session/ece7b49b-6872-48c4-8671-88e157970294/element/00000000-0000-0018-ffff-ffff00000021/rect [14.506933ms] OK body=
13:12:49.121226 POST /session/ece7b49b-6872-48c4-8671-88e157970294/element/00000000-0000-0018-ffff-ffff00000021/click [33.954435ms] OK body=
13:12:49.129608 POST /session/ece7b49b-6872-48c4-8671-88e157970294/element [8.001701ms] ERR:404 body={"strategy":"-android uiautomator","selector":"new UiSelector().resourceIdMatches(\".*login-identifi...
13:12:49.139115 POST /session/ece7b49b-6872-48c4-8671-88e157970294/element [9.352636ms] ERR:404 body={"strategy":"-android uiautomator","selector":"new UiSelector().resourceIdMatches(\".*login-identifi...
13:12:49.146178 POST /session/ece7b49b-6872-48c4-8671-88e157970294/element [6.954863ms] ERR:404 body={"strategy":"-android uiautomator","selector":"new UiSelector().resourceIdMatches(\".*login-identifi...
13:12:49.153768 POST /session/ece7b49b-6872-48c4-8671-88e157970294/element [7.453395ms] ERR:404 body={"strategy":"-android uiautomator","selector":"new UiSelector().resourceIdMatches(\".*login-identifi...
13:12:49.166149 POST /session/ece7b49b-6872-48c4-8671-88e157970294/element [12.228123ms] ERR:404 body={"strategy":"-android uiautomator","selector":"new UiSelector().resourceIdMatches(\".*login-identifi...
13:12:49.174030 POST /session/ece7b49b-6872-48c4-8671-88e157970294/element [7.751302ms] ERR:404 body={"strategy":"-android uiautomator","selector":"new UiSelector().resourceIdMatches(\".*login-identifi...
13:12:49.189289 POST /session/ece7b49b-6872-48c4-8671-88e157970294/element [15.139886ms] ERR:404 body={"strategy":"-android uiautomator","selector":"new UiSelector().resourceIdMatches(\".*login-identifi...
13:12:49.214935 POST /session/ece7b49b-6872-48c4-8671-88e157970294/element [25.523891ms] ERR:404 body={"strategy":"-android uiautomator","selector":"new UiSelector().resourceIdMatches(\".*login-identifi...
13:12:49.291063 POST /session/ece7b49b-6872-48c4-8671-88e157970294/element [75.967424ms] OK body={"strategy":"-android uiautomator","selector":"new UiSelector().resourceIdMatches(\".*login-identifi...
13:12:50.287019 POST /session/ece7b49b-6872-48c4-8671-88e157970294/element [995.583257ms] OK body={"strategy":"-android uiautomator","selector":"new UiSelector().resourceIdMatches(\".*login-identifi...
13:12:50.971277 GET /session/ece7b49b-6872-48c4-8671-88e157970294/element/00000000-0000-0018-ffff-ffff00000053/text [684.14383ms] OK body=
13:12:51.052116 GET /session/ece7b49b-6872-48c4-8671-88e157970294/element/00000000-0000-0018-ffff-ffff00000053/rect [80.774837ms] OK body=
13:12:51.223350 POST /session/ece7b49b-6872-48c4-8671-88e157970294/element/00000000-0000-0018-ffff-ffff00000053/click [171.165873ms] OK body=
13:12:52.199180 POST /session/ece7b49b-6872-48c4-8671-88e157970294/actions [975.509576ms] OK body={"actions":[{"actions":[{"type":"keyDown","value":"a"},{"type":"keyUp","value":"a"},{"type":"keyDown...
13:12:52.203007 POST /session/ece7b49b-6872-48c4-8671-88e157970294/appium/device/hide_keyboard [3.742307ms] ERR:404 body=
13:12:52.732254 POST /session/ece7b49b-6872-48c4-8671-88e157970294/element [528.931008ms] OK body={"strategy":"-android uiautomator","selector":"new UiSelector().resourceIdMatches(\".*login-password...
13:12:52.752275 POST /session/ece7b49b-6872-48c4-8671-88e157970294/element [19.29255ms] OK body={"strategy":"-android uiautomator","selector":"new UiSelector().resourceIdMatches(\".*login-password...
13:12:52.781394 GET /session/ece7b49b-6872-48c4-8671-88e157970294/element/00000000-0000-0018-ffff-ffff00000054/text [29.031478ms] OK body=
13:12:52.796578 GET /session/ece7b49b-6872-48c4-8671-88e157970294/element/00000000-0000-0018-ffff-ffff00000054/rect [15.111835ms] OK body=
13:12:52.835346 POST /session/ece7b49b-6872-48c4-8671-88e157970294/element/00000000-0000-0018-ffff-ffff00000054/click [38.70085ms] OK body=
13:12:53.478947 POST /session/ece7b49b-6872-48c4-8671-88e157970294/actions [643.261451ms] OK body={"actions":[{"actions":[{"type":"keyDown","value":"P"},{"type":"keyUp","value":"P"},{"type":"keyDown...
13:12:53.500711 POST /session/ece7b49b-6872-48c4-8671-88e157970294/appium/device/hide_keyboard [21.554039ms] ERR:404 body=
13:12:54.013510 POST /session/ece7b49b-6872-48c4-8671-88e157970294/element [512.264059ms] OK body={"strategy":"-android uiautomator","selector":"new UiSelector().resourceIdMatches(\".*login-submit-b...
13:12:54.026501 GET /session/ece7b49b-6872-48c4-8671-88e157970294/element/00000000-0000-0018-ffff-ffff00000064/text [12.88652ms] OK body=
13:12:54.039871 GET /session/ece7b49b-6872-48c4-8671-88e157970294/element/00000000-0000-0018-ffff-ffff00000064/rect [13.324532ms] OK body=
13:12:54.073060 POST /session/ece7b49b-6872-48c4-8671-88e157970294/element/00000000-0000-0018-ffff-ffff00000064/click [33.130093ms] OK body=
13:12:54.081991 POST /session/ece7b49b-6872-48c4-8671-88e157970294/element [8.881268ms] OK body={"strategy":"-android uiautomator","selector":"new UiSelector().resourceIdMatches(\".*login-submit-b...
13:12:54.100329 GET /session/ece7b49b-6872-48c4-8671-88e157970294/element/00000000-0000-0018-ffff-ffff00000064/text [18.277903ms] OK body=
13:12:54.727896 GET /session/ece7b49b-6872-48c4-8671-88e157970294/element/00000000-0000-0018-ffff-ffff00000064/rect [627.464551ms] OK body=
13:12:54.758734 POST /session/ece7b49b-6872-48c4-8671-88e157970294/element/00000000-0000-0018-ffff-ffff00000064/click [30.760972ms] OK body=
13:12:54.779250 POST /session/ece7b49b-6872-48c4-8671-88e157970294/element [19.886179ms] ERR:404 body={"strategy":"-android uiautomator","selector":"new UiSelector().resourceIdMatches(\".*COMMUNITY.*\")...
13:12:54.789715 POST /session/ece7b49b-6872-48c4-8671-88e157970294/element [10.321718ms] ERR:404 body={"strategy":"-android uiautomator","selector":"new UiSelector().resourceIdMatches(\".*COMMUNITY.*\")...
13:12:54.824648 POST /session/ece7b49b-6872-48c4-8671-88e157970294/element [34.769668ms] ERR:404 body={"strategy":"-android uiautomator","selector":"new UiSelector().resourceIdMatches(\".*COMMUNITY.*\")...
13:12:55.506162 POST /session/ece7b49b-6872-48c4-8671-88e157970294/element [681.053937ms] ERR:404 body={"strategy":"-android uiautomator","selector":"new UiSelector().resourceIdMatches(\".*COMMUNITY.*\")...
13:12:55.517309 POST /session/ece7b49b-6872-48c4-8671-88e157970294/element [11.026413ms] ERR:404 body={"strategy":"-android uiautomator","selector":"new UiSelector().resourceIdMatches(\".*COMMUNITY.*\")...
13:12:55.526686 POST /session/ece7b49b-6872-48c4-8671-88e157970294/element [9.281583ms] ERR:404 body={"strategy":"-android uiautomator","selector":"new UiSelector().resourceIdMatches(\".*COMMUNITY.*\")...
13:12:55.536155 POST /session/ece7b49b-6872-48c4-8671-88e157970294/element [9.360386ms] ERR:404 body={"strategy":"-android uiautomator","selector":"new UiSelector().resourceIdMatches(\".*COMMUNITY.*\")...
13:12:55.545761 POST /session/ece7b49b-6872-48c4-8671-88e157970294/element [9.503178ms] ERR:404 body={"strategy":"-android uiautomator","selector":"new UiSelector().resourceIdMatches(\".*COMMUNITY.*\")...
13:12:55.554653 POST /session/ece7b49b-6872-48c4-8671-88e157970294/element [8.786828ms] ERR:404 body={"strategy":"-android uiautomator","selector":"new UiSelector().resourceIdMatches(\".*COMMUNITY.*\")...
13:12:55.563591 POST /session/ece7b49b-6872-48c4-8671-88e157970294/element [8.845132ms] ERR:404 body={"strategy":"-android uiautomator","selector":"new UiSelector().resourceIdMatches(\".*COMMUNITY.*\")...
13:12:55.572594 POST /session/ece7b49b-6872-48c4-8671-88e157970294/element [8.87026ms] ERR:404 body={"strategy":"-android uiautomator","selector":"new UiSelector().resourceIdMatches(\".*COMMUNITY.*\")...
13:12:55.582713 POST /session/ece7b49b-6872-48c4-8671-88e157970294/element [10.023495ms] ERR:404 body={"strategy":"-android uiautomator","selector":"new UiSelector().resourceIdMatches(\".*COMMUNITY.*\")...
13:12:55.591812 POST /session/ece7b49b-6872-48c4-8671-88e157970294/element [9.010565ms] ERR:404 body={"strategy":"-android uiautomator","selector":"new UiSelector().resourceIdMatches(\".*COMMUNITY.*\")...
13:12:55.601202 POST /session/ece7b49b-6872-48c4-8671-88e157970294/element [9.29098ms] ERR:404 body={"strategy":"-android uiautomator","selector":"new UiSelector().resourceIdMatches(\".*COMMUNITY.*\")...
13:12:55.615098 POST /session/ece7b49b-6872-48c4-8671-88e157970294/element [13.780946ms] ERR:404 body={"strategy":"-android uiautomator","selector":"new UiSelector().resourceIdMatches(\".*COMMUNITY.*\")...
13:12:55.626645 POST /session/ece7b49b-6872-48c4-8671-88e157970294/element [11.454764ms] ERR:404 body={"strategy":"-android uiautomator","selector":"new UiSelector().resourceIdMatches(\".*COMMUNITY.*\")...
13:12:55.639277 POST /session/ece7b49b-6872-48c4-8671-88e157970294/element [12.511407ms] ERR:404 body={"strategy":"-android uiautomator","selector":"new UiSelector().resourceIdMatches(\".*COMMUNITY.*\")...
13:12:55.651710 POST /session/ece7b49b-6872-48c4-8671-88e157970294/element [12.251159ms] ERR:404 body={"strategy":"-android uiautomator","selector":"new UiSelector().resourceIdMatches(\".*COMMUNITY.*\")...
13:12:55.662678 POST /session/ece7b49b-6872-48c4-8671-88e157970294/element [10.810182ms] ERR:404 body={"strategy":"-android uiautomator","selector":"new UiSelector().resourceIdMatches(\".*COMMUNITY.*\")...
13:12:55.673562 POST /session/ece7b49b-6872-48c4-8671-88e157970294/element [10.778786ms] ERR:404 body={"strategy":"-android uiautomator","selector":"new UiSelector().resourceIdMatches(\".*COMMUNITY.*\")...
13:12:55.684614 POST /session/ece7b49b-6872-48c4-8671-88e157970294/element [10.884888ms] ERR:404 body={"strategy":"-android uiautomator","selector":"new UiSelector().resourceIdMatches(\".*COMMUNITY.*\")...
13:12:55.696933 POST /session/ece7b49b-6872-48c4-8671-88e157970294/element [12.228083ms] ERR:404 body={"strategy":"-android uiautomator","selector":"new UiSelector().resourceIdMatches(\".*COMMUNITY.*\")...
13:12:55.707125 POST /session/ece7b49b-6872-48c4-8671-88e157970294/element [10.104166ms] ERR:404 body={"strategy":"-android uiautomator","selector":"new UiSelector().resourceIdMatches(\".*COMMUNITY.*\")...
13:12:55.717975 POST /session/ece7b49b-6872-48c4-8671-88e157970294/element [10.739127ms] ERR:404 body={"strategy":"-android uiautomator","selector":"new UiSelector().resourceIdMatches(\".*COMMUNITY.*\")...
13:12:55.729141 POST /session/ece7b49b-6872-48c4-8671-88e157970294/element [11.070428ms] ERR:404 body={"strategy":"-android uiautomator","selector":"new UiSelector().resourceIdMatches(\".*COMMUNITY.*\")...
13:12:55.740601 POST /session/ece7b49b-6872-48c4-8671-88e157970294/element [11.304055ms] ERR:404 body={"strategy":"-android uiautomator","selector":"new UiSelector().resourceIdMatches(\".*COMMUNITY.*\")...
13:12:55.750516 POST /session/ece7b49b-6872-48c4-8671-88e157970294/element [9.811495ms] ERR:404 body={"strategy":"-android uiautomator","selector":"new UiSelector().resourceIdMatches(\".*COMMUNITY.*\")...
13:12:55.761353 POST /session/ece7b49b-6872-48c4-8671-88e157970294/element [10.709503ms] ERR:404 body={"strategy":"-android uiautomator","selector":"new UiSelector().resourceIdMatches(\".*COMMUNITY.*\")...
13:12:55.771473 POST /session/ece7b49b-6872-48c4-8671-88e157970294/element [10.001159ms] ERR:404 body={"strategy":"-android uiautomator","selector":"new UiSelector().resourceIdMatches(\".*COMMUNITY.*\")...
13:12:55.783729 POST /session/ece7b49b-6872-48c4-8671-88e157970294/element [12.159725ms] ERR:404 body={"strategy":"-android uiautomator","selector":"new UiSelector().resourceIdMatches(\".*COMMUNITY.*\")...
13:12:55.796544 POST /session/ece7b49b-6872-48c4-8671-88e157970294/element [12.721686ms] ERR:404 body={"strategy":"-android uiautomator","selector":"new UiSelector().resourceIdMatches(\".*COMMUNITY.*\")...
13:12:55.809567 POST /session/ece7b49b-6872-48c4-8671-88e157970294/element [12.931758ms] ERR:404 body={"strategy":"-android uiautomator","selector":"new UiSelector().resourceIdMatches(\".*COMMUNITY.*\")...
13:12:55.821918 POST /session/ece7b49b-6872-48c4-8671-88e157970294/element [12.275912ms] ERR:404 body={"strategy":"-android uiautomator","selector":"new UiSelector().resourceIdMatches(\".*COMMUNITY.*\")...
13:12:55.832471 POST /session/ece7b49b-6872-48c4-8671-88e157970294/element [10.417548ms] ERR:404 body={"strategy":"-android uiautomator","selector":"new UiSelector().resourceIdMatches(\".*COMMUNITY.*\")...
13:12:55.843203 POST /session/ece7b49b-6872-48c4-8671-88e157970294/element [10.637078ms] ERR:404 body={"strategy":"-android uiautomator","selector":"new UiSelector().resourceIdMatches(\".*COMMUNITY.*\")...
13:12:55.856159 POST /session/ece7b49b-6872-48c4-8671-88e157970294/element [12.837519ms] ERR:404 body={"strategy":"-android uiautomator","selector":"new UiSelector().resourceIdMatches(\".*COMMUNITY.*\")...
13:12:55.866807 POST /session/ece7b49b-6872-48c4-8671-88e157970294/element [10.554444ms] ERR:404 body={"strategy":"-android uiautomator","selector":"new UiSelector().resourceIdMatches(\".*COMMUNITY.*\")...
13:12:55.877125 POST /session/ece7b49b-6872-48c4-8671-88e157970294/element [10.20627ms] ERR:404 body={"strategy":"-android uiautomator","selector":"new UiSelector().resourceIdMatches(\".*COMMUNITY.*\")...
13:12:55.887735 POST /session/ece7b49b-6872-48c4-8671-88e157970294/element [10.508126ms] ERR:404 body={"strategy":"-android uiautomator","selector":"new UiSelector().resourceIdMatches(\".*COMMUNITY.*\")...
13:12:55.899399 POST /session/ece7b49b-6872-48c4-8671-88e157970294/element [11.563643ms] ERR:404 body={"strategy":"-android uiautomator","selector":"new UiSelector().resourceIdMatches(\".*COMMUNITY.*\")...
13:12:55.910310 POST /session/ece7b49b-6872-48c4-8671-88e157970294/element [10.775827ms] ERR:404 body={"strategy":"-android uiautomator","selector":"new UiSelector().resourceIdMatches(\".*COMMUNITY.*\")...
13:12:55.922322 POST /session/ece7b49b-6872-48c4-8671-88e157970294/element [11.892722ms] ERR:404 body={"strategy":"-android uiautomator","selector":"new UiSelector().resourceIdMatches(\".*COMMUNITY.*\")...
13:12:55.933599 POST /session/ece7b49b-6872-48c4-8671-88e157970294/element [11.154265ms] ERR:404 body={"strategy":"-android uiautomator","selector":"new UiSelector().resourceIdMatches(\".*COMMUNITY.*\")...
13:12:55.944889 POST /session/ece7b49b-6872-48c4-8671-88e157970294/element [11.104663ms] ERR:404 body={"strategy":"-android uiautomator","selector":"new UiSelector().resourceIdMatches(\".*COMMUNITY.*\")...
13:12:55.956850 POST /session/ece7b49b-6872-48c4-8671-88e157970294/element [11.20524ms] ERR:404 body={"strategy":"-android uiautomator","selector":"new UiSelector().resourceIdMatches(\".*COMMUNITY.*\")...
13:12:55.967770 POST /session/ece7b49b-6872-48c4-8671-88e157970294/element [10.755489ms] ERR:404 body={"strategy":"-android uiautomator","selector":"new UiSelector().resourceIdMatches(\".*COMMUNITY.*\")...
13:12:55.979904 POST /session/ece7b49b-6872-48c4-8671-88e157970294/element [11.914551ms] ERR:404 body={"strategy":"-android uiautomator","selector":"new UiSelector().resourceIdMatches(\".*COMMUNITY.*\")...
13:12:55.994794 POST /session/ece7b49b-6872-48c4-8671-88e157970294/element [14.734219ms] ERR:404 body={"strategy":"-android uiautomator","selector":"new UiSelector().resourceIdMatches(\".*COMMUNITY.*\")...
13:12:56.006549 POST /session/ece7b49b-6872-48c4-8671-88e157970294/element [11.604126ms] ERR:404 body={"strategy":"-android uiautomator","selector":"new UiSelector().resourceIdMatches(\".*COMMUNITY.*\")...
13:12:56.017356 POST /session/ece7b49b-6872-48c4-8671-88e157970294/element [10.705626ms] ERR:404 body={"strategy":"-android uiautomator","selector":"new UiSelector().resourceIdMatches(\".*COMMUNITY.*\")...
13:12:56.029846 POST /session/ece7b49b-6872-48c4-8671-88e157970294/element [12.398822ms] ERR:404 body={"strategy":"-android uiautomator","selector":"new UiSelector().resourceIdMatches(\".*COMMUNITY.*\")...
13:12:56.043264 POST /session/ece7b49b-6872-48c4-8671-88e157970294/element [13.291591ms] ERR:404 body={"strategy":"-android uiautomator","selector":"new UiSelector().resourceIdMatches(\".*COMMUNITY.*\")...
13:12:56.054244 POST /session/ece7b49b-6872-48c4-8671-88e157970294/element [10.832221ms] ERR:404 body={"strategy":"-android uiautomator","selector":"new UiSelector().resourceIdMatches(\".*COMMUNITY.*\")...
13:12:56.064421 POST /session/ece7b49b-6872-48c4-8671-88e157970294/element [10.059488ms] ERR:404 body={"strategy":"-android uiautomator","selector":"new UiSelector().resourceIdMatches(\".*COMMUNITY.*\")...
13:12:56.073974 POST /session/ece7b49b-6872-48c4-8671-88e157970294/element [9.407782ms] ERR:404 body={"strategy":"-android uiautomator","selector":"new UiSelector().resourceIdMatches(\".*COMMUNITY.*\")...
13:12:56.083765 POST /session/ece7b49b-6872-48c4-8671-88e157970294/element [9.6916ms] ERR:404 body={"strategy":"-android uiautomator","selector":"new UiSelector().resourceIdMatches(\".*COMMUNITY.*\")...
13:12:56.094747 POST /session/ece7b49b-6872-48c4-8671-88e157970294/element [10.852961ms] ERR:404 body={"strategy":"-android uiautomator","selector":"new UiSelector().resourceIdMatches(\".*COMMUNITY.*\")...
13:12:56.104955 POST /session/ece7b49b-6872-48c4-8671-88e157970294/element [10.059277ms] ERR:404 body={"strategy":"-android uiautomator","selector":"new UiSelector().resourceIdMatches(\".*COMMUNITY.*\")...
13:12:56.115319 POST /session/ece7b49b-6872-48c4-8671-88e157970294/element [10.262818ms] ERR:404 body={"strategy":"-android uiautomator","selector":"new UiSelector().resourceIdMatches(\".*COMMUNITY.*\")...
13:12:56.126630 POST /session/ece7b49b-6872-48c4-8671-88e157970294/element [11.15145ms] ERR:404 body={"strategy":"-android uiautomator","selector":"new UiSelector().resourceIdMatches(\".*COMMUNITY.*\")...
13:12:56.138788 POST /session/ece7b49b-6872-48c4-8671-88e157970294/element [11.99122ms] ERR:404 body={"strategy":"-android uiautomator","selector":"new UiSelector().resourceIdMatches(\".*COMMUNITY.*\")...
13:12:56.149582 POST /session/ece7b49b-6872-48c4-8671-88e157970294/element [10.662475ms] ERR:404 body={"strategy":"-android uiautomator","selector":"new UiSelector().resourceIdMatches(\".*COMMUNITY.*\")...
13:12:56.161104 POST /session/ece7b49b-6872-48c4-8671-88e157970294/element [11.42966ms] ERR:404 body={"strategy":"-android uiautomator","selector":"new UiSelector().resourceIdMatches(\".*COMMUNITY.*\")...
13:12:56.172192 POST /session/ece7b49b-6872-48c4-8671-88e157970294/element [10.981983ms] ERR:404 body={"strategy":"-android uiautomator","selector":"new UiSelector().resourceIdMatches(\".*COMMUNITY.*\")...
13:12:56.183956 POST /session/ece7b49b-6872-48c4-8671-88e157970294/element [11.6288ms] ERR:404 body={"strategy":"-android uiautomator","selector":"new UiSelector().resourceIdMatches(\".*COMMUNITY.*\")...
13:12:56.196224 POST /session/ece7b49b-6872-48c4-8671-88e157970294/element [12.147112ms] ERR:404 body={"strategy":"-android uiautomator","selector":"new UiSelector().resourceIdMatches(\".*COMMUNITY.*\")...
13:12:56.211271 POST /session/ece7b49b-6872-48c4-8671-88e157970294/element [14.921519ms] ERR:404 body={"strategy":"-android uiautomator","selector":"new UiSelector().resourceIdMatches(\".*COMMUNITY.*\")...
13:12:56.224970 POST /session/ece7b49b-6872-48c4-8671-88e157970294/element [13.542256ms] ERR:404 body={"strategy":"-android uiautomator","selector":"new UiSelector().resourceIdMatches(\".*COMMUNITY.*\")...
13:12:56.235064 POST /session/ece7b49b-6872-48c4-8671-88e157970294/element [9.955709ms] ERR:404 body={"strategy":"-android uiautomator","selector":"new UiSelector().resourceIdMatches(\".*COMMUNITY.*\")...
13:12:56.245144 POST /session/ece7b49b-6872-48c4-8671-88e157970294/element [9.960693ms] ERR:404 body={"strategy":"-android uiautomator","selector":"new UiSelector().resourceIdMatches(\".*COMMUNITY.*\")...
13:12:56.255952 POST /session/ece7b49b-6872-48c4-8671-88e157970294/element [10.705995ms] ERR:404 body={"strategy":"-android uiautomator","selector":"new UiSelector().resourceIdMatches(\".*COMMUNITY.*\")...
13:12:56.265725 POST /session/ece7b49b-6872-48c4-8671-88e157970294/element [9.683986ms] ERR:404 body={"strategy":"-android uiautomator","selector":"new UiSelector().resourceIdMatches(\".*COMMUNITY.*\")...
13:12:56.275487 POST /session/ece7b49b-6872-48c4-8671-88e157970294/element [9.65976ms] ERR:404 body={"strategy":"-android uiautomator","selector":"new UiSelector().resourceIdMatches(\".*COMMUNITY.*\")...
13:12:56.284961 POST /session/ece7b49b-6872-48c4-8671-88e157970294/element [9.353288ms] ERR:404 body={"strategy":"-android uiautomator","selector":"new UiSelector().resourceIdMatches(\".*COMMUNITY.*\")...
13:12:56.296245 POST /session/ece7b49b-6872-48c4-8671-88e157970294/element [11.157991ms] ERR:404 body={"strategy":"-android uiautomator","selector":"new UiSelector().resourceIdMatches(\".*COMMUNITY.*\")...
13:12:56.306251 POST /session/ece7b49b-6872-48c4-8671-88e157970294/element [9.865956ms] ERR:404 body={"strategy":"-android uiautomator","selector":"new UiSelector().resourceIdMatches(\".*COMMUNITY.*\")...
13:12:56.317026 POST /session/ece7b49b-6872-48c4-8671-88e157970294/element [10.625977ms] ERR:404 body={"strategy":"-android uiautomator","selector":"new UiSelector().resourceIdMatches(\".*COMMUNITY.*\")...
13:12:56.327839 POST /session/ece7b49b-6872-48c4-8671-88e157970294/element [10.645968ms] ERR:404 body={"strategy":"-android uiautomator","selector":"new UiSelector().resourceIdMatches(\".*COMMUNITY.*\")...
13:12:56.338401 POST /session/ece7b49b-6872-48c4-8671-88e157970294/element [10.404222ms] ERR:404 body={"strategy":"-android uiautomator","selector":"new UiSelector().resourceIdMatches(\".*COMMUNITY.*\")...
13:12:56.349187 POST /session/ece7b49b-6872-48c4-8671-88e157970294/element [10.632429ms] ERR:404 body={"strategy":"-android uiautomator","selector":"new UiSelector().resourceIdMatches(\".*COMMUNITY.*\")...
13:12:56.360074 POST /session/ece7b49b-6872-48c4-8671-88e157970294/element [10.716376ms] ERR:404 body={"strategy":"-android uiautomator","selector":"new UiSelector().resourceIdMatches(\".*COMMUNITY.*\")...
13:12:56.371008 POST /session/ece7b49b-6872-48c4-8671-88e157970294/element [10.786341ms] ERR:404 body={"strategy":"-android uiautomator","selector":"new UiSelector().resourceIdMatches(\".*COMMUNITY.*\")...
13:12:56.381567 POST /session/ece7b49b-6872-48c4-8671-88e157970294/element [10.434429ms] ERR:404 body={"strategy":"-android uiautomator","selector":"new UiSelector().resourceIdMatches(\".*COMMUNITY.*\")...
13:12:56.392302 POST /session/ece7b49b-6872-48c4-8671-88e157970294/element [10.601137ms] ERR:404 body={"strategy":"-android uiautomator","selector":"new UiSelector().resourceIdMatches(\".*COMMUNITY.*\")...
13:12:56.403494 POST /session/ece7b49b-6872-48c4-8671-88e157970294/element [11.043548ms] ERR:404 body={"strategy":"-android uiautomator","selector":"new UiSelector().resourceIdMatches(\".*COMMUNITY.*\")...
13:12:56.413563 POST /session/ece7b49b-6872-48c4-8671-88e157970294/element [9.94807ms] ERR:404 body={"strategy":"-android uiautomator","selector":"new UiSelector().resourceIdMatches(\".*COMMUNITY.*\")...
13:12:56.423909 POST /session/ece7b49b-6872-48c4-8671-88e157970294/element [10.187079ms] ERR:404 body={"strategy":"-android uiautomator","selector":"new UiSelector().resourceIdMatches(\".*COMMUNITY.*\")...
13:12:56.434468 POST /session/ece7b49b-6872-48c4-8671-88e157970294/element [10.422794ms] ERR:404 body={"strategy":"-android uiautomator","selector":"new UiSelector().resourceIdMatches(\".*COMMUNITY.*\")...
13:12:56.444561 POST /session/ece7b49b-6872-48c4-8671-88e157970294/element [9.987556ms] ERR:404 body={"strategy":"-android uiautomator","selector":"new UiSelector().resourceIdMatches(\".*COMMUNITY.*\")...
13:12:56.454538 POST /session/ece7b49b-6872-48c4-8671-88e157970294/element [9.841488ms] ERR:404 body={"strategy":"-android uiautomator","selector":"new UiSelector().resourceIdMatches(\".*COMMUNITY.*\")...
13:12:56.468250 POST /session/ece7b49b-6872-48c4-8671-88e157970294/element [13.582374ms] ERR:404 body={"strategy":"-android uiautomator","selector":"new UiSelector().resourceIdMatches(\".*COMMUNITY.*\")...
13:12:56.479826 POST /session/ece7b49b-6872-48c4-8671-88e157970294/element [11.43895ms] ERR:404 body={"strategy":"-android uiautomator","selector":"new UiSelector().resourceIdMatches(\".*COMMUNITY.*\")...
13:12:56.489403 POST /session/ece7b49b-6872-48c4-8671-88e157970294/element [9.40665ms] ERR:404 body={"strategy":"-android uiautomator","selector":"new UiSelector().resourceIdMatches(\".*COMMUNITY.*\")...
13:12:56.501821 POST /session/ece7b49b-6872-48c4-8671-88e157970294/element [11.880312ms] ERR:404 body={"strategy":"-android uiautomator","selector":"new UiSelector().resourceIdMatches(\".*COMMUNITY.*\")...
13:12:56.512494 POST /session/ece7b49b-6872-48c4-8671-88e157970294/element [10.506697ms] ERR:404 body={"strategy":"-android uiautomator","selector":"new UiSelector().resourceIdMatches(\".*COMMUNITY.*\")...
13:12:56.524517 POST /session/ece7b49b-6872-48c4-8671-88e157970294/element [11.863984ms] ERR:404 body={"strategy":"-android uiautomator","selector":"new UiSelector().resourceIdMatches(\".*COMMUNITY.*\")...
13:12:56.536684 POST /session/ece7b49b-6872-48c4-8671-88e157970294/element [11.963907ms] ERR:404 body={"strategy":"-android uiautomator","selector":"new UiSelector().resourceIdMatches(\".*COMMUNITY.*\")...
13:12:56.547077 POST /session/ece7b49b-6872-48c4-8671-88e157970294/element [10.253361ms] ERR:404 body={"strategy":"-android uiautomator","selector":"new UiSelector().resourceIdMatches(\".*COMMUNITY.*\")...
13:12:56.560631 POST /session/ece7b49b-6872-48c4-8671-88e157970294/element [13.391716ms] ERR:404 body={"strategy":"-android uiautomator","selector":"new UiSelector().resourceIdMatches(\".*COMMUNITY.*\")...
13:12:56.571994 POST /session/ece7b49b-6872-48c4-8671-88e157970294/element [11.236343ms] ERR:404 body={"strategy":"-android uiautomator","selector":"new UiSelector().resourceIdMatches(\".*COMMUNITY.*\")...
13:12:56.582300 POST /session/ece7b49b-6872-48c4-8671-88e157970294/element [10.216891ms] ERR:404 body={"strategy":"-android uiautomator","selector":"new UiSelector().resourceIdMatches(\".*COMMUNITY.*\")...
13:12:56.592914 POST /session/ece7b49b-6872-48c4-8671-88e157970294/element [10.486909ms] ERR:404 body={"strategy":"-android uiautomator","selector":"new UiSelector().resourceIdMatches(\".*COMMUNITY.*\")...
13:12:56.603738 POST /session/ece7b49b-6872-48c4-8671-88e157970294/element [10.723114ms] ERR:404 body={"strategy":"-android uiautomator","selector":"new UiSelector().resourceIdMatches(\".*COMMUNITY.*\")...
13:12:56.613467 POST /session/ece7b49b-6872-48c4-8671-88e157970294/element [9.601577ms] ERR:404 body={"strategy":"-android uiautomator","selector":"new UiSelector().resourceIdMatches(\".*COMMUNITY.*\")...
13:12:56.623295 POST /session/ece7b49b-6872-48c4-8671-88e157970294/element [9.717178ms] ERR:404 body={"strategy":"-android uiautomator","selector":"new UiSelector().resourceIdMatches(\".*COMMUNITY.*\")...
13:12:56.633372 POST /session/ece7b49b-6872-48c4-8671-88e157970294/element [9.997321ms] ERR:404 body={"strategy":"-android uiautomator","selector":"new UiSelector().resourceIdMatches(\".*COMMUNITY.*\")...
13:12:56.643992 POST /session/ece7b49b-6872-48c4-8671-88e157970294/element [10.474626ms] ERR:404 body={"strategy":"-android uiautomator","selector":"new UiSelector().resourceIdMatches(\".*COMMUNITY.*\")...
13:12:56.654484 POST /session/ece7b49b-6872-48c4-8671-88e157970294/element [10.37761ms] ERR:404 body={"strategy":"-android uiautomator","selector":"new UiSelector().resourceIdMatches(\".*COMMUNITY.*\")...
13:12:56.665172 POST /session/ece7b49b-6872-48c4-8671-88e157970294/element [10.546248ms] ERR:404 body={"strategy":"-android uiautomator","selector":"new UiSelector().resourceIdMatches(\".*COMMUNITY.*\")...
13:12:56.675693 POST /session/ece7b49b-6872-48c4-8671-88e157970294/element [10.404588ms] ERR:404 body={"strategy":"-android uiautomator","selector":"new UiSelector().resourceIdMatches(\".*COMMUNITY.*\")...
13:12:56.685778 POST /session/ece7b49b-6872-48c4-8671-88e157970294/element [9.944613ms] ERR:404 body={"strategy":"-android uiautomator","selector":"new UiSelector().resourceIdMatches(\".*COMMUNITY.*\")...
13:12:56.695802 POST /session/ece7b49b-6872-48c4-8671-88e157970294/element [9.877899ms] ERR:404 body={"strategy":"-android uiautomator","selector":"new UiSelector().resourceIdMatches(\".*COMMUNITY.*\")...
13:12:56.706408 POST /session/ece7b49b-6872-48c4-8671-88e157970294/element [10.527683ms] ERR:404 body={"strategy":"-android uiautomator","selector":"new UiSelector().resourceIdMatches(\".*COMMUNITY.*\")...
13:12:56.717098 POST /session/ece7b49b-6872-48c4-8671-88e157970294/element [10.477755ms] ERR:404 body={"strategy":"-android uiautomator","selector":"new UiSelector().resourceIdMatches(\".*COMMUNITY.*\")...
13:12:56.728193 POST /session/ece7b49b-6872-48c4-8671-88e157970294/element [10.955864ms] ERR:404 body={"strategy":"-android uiautomator","selector":"new UiSelector().resourceIdMatches(\".*COMMUNITY.*\")...
13:12:56.738848 POST /session/ece7b49b-6872-48c4-8671-88e157970294/element [10.495103ms] ERR:404 body={"strategy":"-android uiautomator","selector":"new UiSelector().resourceIdMatches(\".*COMMUNITY.*\")...
13:12:56.749852 POST /session/ece7b49b-6872-48c4-8671-88e157970294/element [10.839116ms] ERR:404 body={"strategy":"-android uiautomator","selector":"new UiSelector().resourceIdMatches(\".*COMMUNITY.*\")...
13:12:56.760059 POST /session/ece7b49b-6872-48c4-8671-88e157970294/element [10.080132ms] ERR:404 body={"strategy":"-android uiautomator","selector":"new UiSelector().resourceIdMatches(\".*COMMUNITY.*\")...
13:12:56.770180 POST /session/ece7b49b-6872-48c4-8671-88e157970294/element [10.001818ms] ERR:404 body={"strategy":"-android uiautomator","selector":"new UiSelector().resourceIdMatches(\".*COMMUNITY.*\")...
13:12:56.781460 POST /session/ece7b49b-6872-48c4-8671-88e157970294/element [11.173471ms] ERR:404 body={"strategy":"-android uiautomator","selector":"new UiSelector().resourceIdMatches(\".*COMMUNITY.*\")...
13:12:56.792869 POST /session/ece7b49b-6872-48c4-8671-88e157970294/element [11.243532ms] ERR:404 body={"strategy":"-android uiautomator","selector":"new UiSelector().resourceIdMatches(\".*COMMUNITY.*\")...
13:12:56.802805 POST /session/ece7b49b-6872-48c4-8671-88e157970294/element [9.821633ms] ERR:404 body={"strategy":"-android uiautomator","selector":"new UiSelector().resourceIdMatches(\".*COMMUNITY.*\")...
13:12:56.813114 POST /session/ece7b49b-6872-48c4-8671-88e157970294/element [10.171009ms] ERR:404 body={"strategy":"-android uiautomator","selector":"new UiSelector().resourceIdMatches(\".*COMMUNITY.*\")...
13:12:56.823802 POST /session/ece7b49b-6872-48c4-8671-88e157970294/element [10.54169ms] ERR:404 body={"strategy":"-android uiautomator","selector":"new UiSelector().resourceIdMatches(\".*COMMUNITY.*\")...
13:12:56.833711 POST /session/ece7b49b-6872-48c4-8671-88e157970294/element [9.727936ms] ERR:404 body={"strategy":"-android uiautomator","selector":"new UiSelector().resourceIdMatches(\".*COMMUNITY.*\")...
13:12:56.845677 POST /session/ece7b49b-6872-48c4-8671-88e157970294/element [11.844187ms] ERR:404 body={"strategy":"-android uiautomator","selector":"new UiSelector().resourceIdMatches(\".*COMMUNITY.*\")...
13:12:56.857224 POST /session/ece7b49b-6872-48c4-8671-88e157970294/element [11.394442ms] ERR:404 body={"strategy":"-android uiautomator","selector":"new UiSelector().resourceIdMatches(\".*COMMUNITY.*\")...
13:12:56.868968 POST /session/ece7b49b-6872-48c4-8671-88e157970294/element [11.5849ms] ERR:404 body={"strategy":"-android uiautomator","selector":"new UiSelector().resourceIdMatches(\".*COMMUNITY.*\")...
13:12:56.880810 POST /session/ece7b49b-6872-48c4-8671-88e157970294/element [11.681991ms] ERR:404 body={"strategy":"-android uiautomator","selector":"new UiSelector().resourceIdMatches(\".*COMMUNITY.*\")...
13:12:56.892099 POST /session/ece7b49b-6872-48c4-8671-88e157970294/element [11.156996ms] ERR:404 body={"strategy":"-android uiautomator","selector":"new UiSelector().resourceIdMatches(\".*COMMUNITY.*\")...
13:12:56.902997 POST /session/ece7b49b-6872-48c4-8671-88e157970294/element [10.753285ms] ERR:404 body={"strategy":"-android uiautomator","selector":"new UiSelector().resourceIdMatches(\".*COMMUNITY.*\")...
13:12:56.913514 POST /session/ece7b49b-6872-48c4-8671-88e157970294/element [10.315777ms] ERR:404 body={"strategy":"-android uiautomator","selector":"new UiSelector().resourceIdMatches(\".*COMMUNITY.*\")...
13:12:56.923628 POST /session/ece7b49b-6872-48c4-8671-88e157970294/element [10.0054ms] ERR:404 body={"strategy":"-android uiautomator","selector":"new UiSelector().resourceIdMatches(\".*COMMUNITY.*\")...
13:12:56.934177 POST /session/ece7b49b-6872-48c4-8671-88e157970294/element [10.436723ms] ERR:404 body={"strategy":"-android uiautomator","selector":"new UiSelector().resourceIdMatches(\".*COMMUNITY.*\")...
13:12:56.944483 POST /session/ece7b49b-6872-48c4-8671-88e157970294/element [10.140737ms] ERR:404 body={"strategy":"-android uiautomator","selector":"new UiSelector().resourceIdMatches(\".*COMMUNITY.*\")...
13:12:56.955022 POST /session/ece7b49b-6872-48c4-8671-88e157970294/element [10.411581ms] ERR:404 body={"strategy":"-android uiautomator","selector":"new UiSelector().resourceIdMatches(\".*COMMUNITY.*\")...
13:12:56.965691 POST /session/ece7b49b-6872-48c4-8671-88e157970294/element [10.508733ms] ERR:404 body={"strategy":"-android uiautomator","selector":"new UiSelector().resourceIdMatches(\".*COMMUNITY.*\")...
13:12:56.976010 POST /session/ece7b49b-6872-48c4-8671-88e157970294/element [10.195512ms] ERR:404 body={"strategy":"-android uiautomator","selector":"new UiSelector().resourceIdMatches(\".*COMMUNITY.*\")...
13:12:56.986170 POST /session/ece7b49b-6872-48c4-8671-88e157970294/element [10.046172ms] ERR:404 body={"strategy":"-android uiautomator","selector":"new UiSelector().resourceIdMatches(\".*COMMUNITY.*\")...
13:12:56.996783 POST /session/ece7b49b-6872-48c4-8671-88e157970294/element [10.500082ms] ERR:404 body={"strategy":"-android uiautomator","selector":"new UiSelector().resourceIdMatches(\".*COMMUNITY.*\")...
13:12:57.011621 POST /session/ece7b49b-6872-48c4-8671-88e157970294/element [14.672603ms] ERR:404 body={"strategy":"-android uiautomator","selector":"new UiSelector().resourceIdMatches(\".*COMMUNITY.*\")...
13:12:57.024859 POST /session/ece7b49b-6872-48c4-8671-88e157970294/element [13.106445ms] ERR:404 body={"strategy":"-android uiautomator","selector":"new UiSelector().resourceIdMatches(\".*COMMUNITY.*\")...
13:12:57.035577 POST /session/ece7b49b-6872-48c4-8671-88e157970294/element [10.594288ms] ERR:404 body={"strategy":"-android uiautomator","selector":"new UiSelector().resourceIdMatches(\".*COMMUNITY.*\")...
13:12:57.045860 POST /session/ece7b49b-6872-48c4-8671-88e157970294/element [10.139107ms] ERR:404 body={"strategy":"-android uiautomator","selector":"new UiSelector().resourceIdMatches(\".*COMMUNITY.*\")...
13:12:57.056755 POST /session/ece7b49b-6872-48c4-8671-88e157970294/element [10.742094ms] ERR:404 body={"strategy":"-android uiautomator","selector":"new UiSelector().resourceIdMatches(\".*COMMUNITY.*\")...
13:12:57.067515 POST /session/ece7b49b-6872-48c4-8671-88e157970294/element [10.590605ms] ERR:404 body={"strategy":"-android uiautomator","selector":"new UiSelector().resourceIdMatches(\".*COMMUNITY.*\")...
13:12:57.078422 POST /session/ece7b49b-6872-48c4-8671-88e157970294/element [10.786237ms] ERR:404 body={"strategy":"-android uiautomator","selector":"new UiSelector().resourceIdMatches(\".*COMMUNITY.*\")...
13:12:57.089050 POST /session/ece7b49b-6872-48c4-8671-88e157970294/element [10.475388ms] ERR:404 body={"strategy":"-android uiautomator","selector":"new UiSelector().resourceIdMatches(\".*COMMUNITY.*\")...
13:12:57.099289 POST /session/ece7b49b-6872-48c4-8671-88e157970294/element [10.09322ms] ERR:404 body={"strategy":"-android uiautomator","selector":"new UiSelector().resourceIdMatches(\".*COMMUNITY.*\")...
13:12:57.109314 POST /session/ece7b49b-6872-48c4-8671-88e157970294/element [9.889129ms] ERR:404 body={"strategy":"-android uiautomator","selector":"new UiSelector().resourceIdMatches(\".*COMMUNITY.*\")...
13:12:57.120739 POST /session/ece7b49b-6872-48c4-8671-88e157970294/element [11.290231ms] ERR:404 body={"strategy":"-android uiautomator","selector":"new UiSelector().resourceIdMatches(\".*COMMUNITY.*\")...
13:12:57.139379 POST /session/ece7b49b-6872-48c4-8671-88e157970294/element [18.517803ms] ERR:404 body={"strategy":"-android uiautomator","selector":"new UiSelector().resourceIdMatches(\".*COMMUNITY.*\")...
13:12:57.152292 POST /session/ece7b49b-6872-48c4-8671-88e157970294/element [12.760346ms] ERR:404 body={"strategy":"-android uiautomator","selector":"new UiSelector().resourceIdMatches(\".*COMMUNITY.*\")...
13:12:57.168372 POST /session/ece7b49b-6872-48c4-8671-88e157970294/element [15.921939ms] ERR:404 body={"strategy":"-android uiautomator","selector":"new UiSelector().resourceIdMatches(\".*COMMUNITY.*\")...
13:12:57.183561 POST /session/ece7b49b-6872-48c4-8671-88e157970294/element [15.012248ms] ERR:404 body={"strategy":"-android uiautomator","selector":"new UiSelector().resourceIdMatches(\".*COMMUNITY.*\")...
13:12:57.192775 POST /session/ece7b49b-6872-48c4-8671-88e157970294/element [9.06604ms] ERR:404 body={"strategy":"-android uiautomator","selector":"new UiSelector().resourceIdMatches(\".*COMMUNITY.*\")...
13:12:57.202715 POST /session/ece7b49b-6872-48c4-8671-88e157970294/element [9.79344ms] ERR:404 body={"strategy":"-android uiautomator","selector":"new UiSelector().resourceIdMatches(\".*COMMUNITY.*\")...
13:12:57.212536 POST /session/ece7b49b-6872-48c4-8671-88e157970294/element [9.669662ms] ERR:404 body={"strategy":"-android uiautomator","selector":"new UiSelector().resourceIdMatches(\".*COMMUNITY.*\")...
13:12:57.222037 POST /session/ece7b49b-6872-48c4-8671-88e157970294/element [9.388132ms] ERR:404 body={"strategy":"-android uiautomator","selector":"new UiSelector().resourceIdMatches(\".*COMMUNITY.*\")...
13:12:57.237984 POST /session/ece7b49b-6872-48c4-8671-88e157970294/element [15.818996ms] ERR:404 body={"strategy":"-android uiautomator","selector":"new UiSelector().resourceIdMatches(\".*COMMUNITY.*\")...
13:12:57.278443 POST /session/ece7b49b-6872-48c4-8671-88e157970294/element [40.301787ms] ERR:404 body={"strategy":"-android uiautomator","selector":"new UiSelector().resourceIdMatches(\".*COMMUNITY.*\")...
13:12:57.856142 POST /session/ece7b49b-6872-48c4-8671-88e157970294/element [577.563169ms] ERR:404 body={"strategy":"-android uiautomator","selector":"new UiSelector().resourceIdMatches(\".*COMMUNITY.*\")...
13:12:57.865500 POST /session/ece7b49b-6872-48c4-8671-88e157970294/element [9.221954ms] ERR:404 body={"strategy":"-android uiautomator","selector":"new UiSelector().resourceIdMatches(\".*COMMUNITY.*\")...
13:12:57.882497 POST /session/ece7b49b-6872-48c4-8671-88e157970294/element [16.854863ms] ERR:404 body={"strategy":"-android uiautomator","selector":"new UiSelector().resourceIdMatches(\".*COMMUNITY.*\")...
13:12:57.897313 POST /session/ece7b49b-6872-48c4-8671-88e157970294/element [14.690797ms] ERR:404 body={"strategy":"-android uiautomator","selector":"new UiSelector().resourceIdMatches(\".*COMMUNITY.*\")...
13:12:57.908869 POST /session/ece7b49b-6872-48c4-8671-88e157970294/element [11.372473ms] ERR:404 body={"strategy":"-android uiautomator","selector":"new UiSelector().resourceIdMatches(\".*COMMUNITY.*\")...
13:12:57.918269 POST /session/ece7b49b-6872-48c4-8671-88e157970294/element [9.25316ms] ERR:404 body={"strategy":"-android uiautomator","selector":"new UiSelector().resourceIdMatches(\".*COMMUNITY.*\")...
13:12:57.928871 POST /session/ece7b49b-6872-48c4-8671-88e157970294/element [10.445508ms] ERR:404 body={"strategy":"-android uiautomator","selector":"new UiSelector().resourceIdMatches(\".*COMMUNITY.*\")...
13:12:57.939093 POST /session/ece7b49b-6872-48c4-8671-88e157970294/element [10.022571ms] ERR:404 body={"strategy":"-android uiautomator","selector":"new UiSelector().resourceIdMatches(\".*COMMUNITY.*\")...
13:12:57.949287 POST /session/ece7b49b-6872-48c4-8671-88e157970294/element [10.053712ms] ERR:404 body={"strategy":"-android uiautomator","selector":"new UiSelector().resourceIdMatches(\".*COMMUNITY.*\")...
13:12:57.961032 POST /session/ece7b49b-6872-48c4-8671-88e157970294/element [11.625085ms] ERR:404 body={"strategy":"-android uiautomator","selector":"new UiSelector().resourceIdMatches(\".*COMMUNITY.*\")...
13:12:57.971517 POST /session/ece7b49b-6872-48c4-8671-88e157970294/element [10.379294ms] ERR:404 body={"strategy":"-android uiautomator","selector":"new UiSelector().resourceIdMatches(\".*COMMUNITY.*\")...
13:12:57.983149 POST /session/ece7b49b-6872-48c4-8671-88e157970294/element [11.539558ms] ERR:404 body={"strategy":"-android uiautomator","selector":"new UiSelector().resourceIdMatches(\".*COMMUNITY.*\")...
13:12:57.995257 POST /session/ece7b49b-6872-48c4-8671-88e157970294/element [11.887837ms] ERR:404 body={"strategy":"-android uiautomator","selector":"new UiSelector().resourceIdMatches(\".*COMMUNITY.*\")...
13:12:58.006573 POST /session/ece7b49b-6872-48c4-8671-88e157970294/element [11.14589ms] ERR:404 body={"strategy":"-android uiautomator","selector":"new UiSelector().resourceIdMatches(\".*COMMUNITY.*\")...
13:12:58.018401 POST /session/ece7b49b-6872-48c4-8671-88e157970294/element [11.67571ms] ERR:404 body={"strategy":"-android uiautomator","selector":"new UiSelector().resourceIdMatches(\".*COMMUNITY.*\")...
13:12:58.030011 POST /session/ece7b49b-6872-48c4-8671-88e157970294/element [11.484663ms] ERR:404 body={"strategy":"-android uiautomator","selector":"new UiSelector().resourceIdMatches(\".*COMMUNITY.*\")...
13:12:58.041976 POST /session/ece7b49b-6872-48c4-8671-88e157970294/element [11.793209ms] ERR:404 body={"strategy":"-android uiautomator","selector":"new UiSelector().resourceIdMatches(\".*COMMUNITY.*\")...
13:12:58.054528 POST /session/ece7b49b-6872-48c4-8671-88e157970294/element [12.417266ms] ERR:404 body={"strategy":"-android uiautomator","selector":"new UiSelector().resourceIdMatches(\".*COMMUNITY.*\")...
13:12:58.066606 POST /session/ece7b49b-6872-48c4-8671-88e157970294/element [11.918985ms] ERR:404 body={"strategy":"-android uiautomator","selector":"new UiSelector().resourceIdMatches(\".*COMMUNITY.*\")...
13:12:58.077993 POST /session/ece7b49b-6872-48c4-8671-88e157970294/element [11.21078ms] ERR:404 body={"strategy":"-android uiautomator","selector":"new UiSelector().resourceIdMatches(\".*COMMUNITY.*\")...
13:12:58.089023 POST /session/ece7b49b-6872-48c4-8671-88e157970294/element [10.893007ms] ERR:404 body={"strategy":"-android uiautomator","selector":"new UiSelector().resourceIdMatches(\".*COMMUNITY.*\")...
13:12:58.102442 POST /session/ece7b49b-6872-48c4-8671-88e157970294/element [13.241876ms] ERR:404 body={"strategy":"-android uiautomator","selector":"new UiSelector().resourceIdMatches(\".*COMMUNITY.*\")...
13:12:58.113064 POST /session/ece7b49b-6872-48c4-8671-88e157970294/element [10.499621ms] ERR:404 body={"strategy":"-android uiautomator","selector":"new UiSelector().resourceIdMatches(\".*COMMUNITY.*\")...
13:12:58.123181 POST /session/ece7b49b-6872-48c4-8671-88e157970294/element [9.977925ms] ERR:404 body={"strategy":"-android uiautomator","selector":"new UiSelector().resourceIdMatches(\".*COMMUNITY.*\")...
13:12:58.134571 POST /session/ece7b49b-6872-48c4-8671-88e157970294/element [11.244284ms] ERR:404 body={"strategy":"-android uiautomator","selector":"new UiSelector().resourceIdMatches(\".*COMMUNITY.*\")...
13:12:58.145721 POST /session/ece7b49b-6872-48c4-8671-88e157970294/element [11.012861ms] ERR:404 body={"strategy":"-android uiautomator","selector":"new UiSelector().resourceIdMatches(\".*COMMUNITY.*\")...
13:12:58.157223 POST /session/ece7b49b-6872-48c4-8671-88e157970294/element [11.361833ms] ERR:404 body={"strategy":"-android uiautomator","selector":"new UiSelector().resourceIdMatches(\".*COMMUNITY.*\")...
13:12:58.168561 POST /session/ece7b49b-6872-48c4-8671-88e157970294/element [11.229937ms] ERR:404 body={"strategy":"-android uiautomator","selector":"new UiSelector().resourceIdMatches(\".*COMMUNITY.*\")...
13:12:58.179402 POST /session/ece7b49b-6872-48c4-8671-88e157970294/element [10.709904ms] ERR:404 body={"strategy":"-android uiautomator","selector":"new UiSelector().resourceIdMatches(\".*COMMUNITY.*\")...
13:12:58.192326 POST /session/ece7b49b-6872-48c4-8671-88e157970294/element [12.773001ms] ERR:404 body={"strategy":"-android uiautomator","selector":"new UiSelector().resourceIdMatches(\".*COMMUNITY.*\")...
13:12:58.205123 POST /session/ece7b49b-6872-48c4-8671-88e157970294/element [12.686931ms] ERR:404 body={"strategy":"-android uiautomator","selector":"new UiSelector().resourceIdMatches(\".*COMMUNITY.*\")...
13:12:58.218110 POST /session/ece7b49b-6872-48c4-8671-88e157970294/element [12.867287ms] ERR:404 body={"strategy":"-android uiautomator","selector":"new UiSelector().resourceIdMatches(\".*COMMUNITY.*\")...
13:12:58.231495 POST /session/ece7b49b-6872-48c4-8671-88e157970294/element [13.274489ms] ERR:404 body={"strategy":"-android uiautomator","selector":"new UiSelector().resourceIdMatches(\".*COMMUNITY.*\")...
13:12:58.245047 POST /session/ece7b49b-6872-48c4-8671-88e157970294/element [13.443195ms] ERR:404 body={"strategy":"-android uiautomator","selector":"new UiSelector().resourceIdMatches(\".*COMMUNITY.*\")...
13:12:58.256780 POST /session/ece7b49b-6872-48c4-8671-88e157970294/element [11.602893ms] ERR:404 body={"strategy":"-android uiautomator","selector":"new UiSelector().resourceIdMatches(\".*COMMUNITY.*\")...
13:12:58.269827 POST /session/ece7b49b-6872-48c4-8671-88e157970294/element [12.896732ms] ERR:404 body={"strategy":"-android uiautomator","selector":"new UiSelector().resourceIdMatches(\".*COMMUNITY.*\")...
13:12:58.285805 POST /session/ece7b49b-6872-48c4-8671-88e157970294/element [15.852328ms] ERR:404 body={"strategy":"-android uiautomator","selector":"new UiSelector().resourceIdMatches(\".*COMMUNITY.*\")...
13:12:58.299101 POST /session/ece7b49b-6872-48c4-8671-88e157970294/element [13.118848ms] ERR:404 body={"strategy":"-android uiautomator","selector":"new UiSelector().resourceIdMatches(\".*COMMUNITY.*\")...
13:12:58.311094 POST /session/ece7b49b-6872-48c4-8671-88e157970294/element [11.866977ms] ERR:404 body={"strategy":"-android uiautomator","selector":"new UiSelector().resourceIdMatches(\".*COMMUNITY.*\")...
13:12:58.322448 POST /session/ece7b49b-6872-48c4-8671-88e157970294/element [11.16803ms] ERR:404 body={"strategy":"-android uiautomator","selector":"new UiSelector().resourceIdMatches(\".*COMMUNITY.*\")...
13:12:58.334005 POST /session/ece7b49b-6872-48c4-8671-88e157970294/element [11.42827ms] ERR:404 body={"strategy":"-android uiautomator","selector":"new UiSelector().resourceIdMatches(\".*COMMUNITY.*\")...
13:12:58.347886 POST /session/ece7b49b-6872-48c4-8671-88e157970294/element [13.729297ms] ERR:404 body={"strategy":"-android uiautomator","selector":"new UiSelector().resourceIdMatches(\".*COMMUNITY.*\")...
13:12:58.361420 POST /session/ece7b49b-6872-48c4-8671-88e157970294/element [13.445068ms] ERR:404 body={"strategy":"-android uiautomator","selector":"new UiSelector().resourceIdMatches(\".*COMMUNITY.*\")...
13:12:58.371665 POST /session/ece7b49b-6872-48c4-8671-88e157970294/element [10.13054ms] ERR:404 body={"strategy":"-android uiautomator","selector":"new UiSelector().resourceIdMatches(\".*COMMUNITY.*\")...
13:12:58.381884 POST /session/ece7b49b-6872-48c4-8671-88e157970294/element [10.059889ms] ERR:404 body={"strategy":"-android uiautomator","selector":"new UiSelector().resourceIdMatches(\".*COMMUNITY.*\")...
13:12:58.392126 POST /session/ece7b49b-6872-48c4-8671-88e157970294/element [10.131232ms] ERR:404 body={"strategy":"-android uiautomator","selector":"new UiSelector().resourceIdMatches(\".*COMMUNITY.*\")...
13:12:58.405504 POST /session/ece7b49b-6872-48c4-8671-88e157970294/element [13.265642ms] ERR:404 body={"strategy":"-android uiautomator","selector":"new UiSelector().resourceIdMatches(\".*COMMUNITY.*\")...
13:12:58.419321 POST /session/ece7b49b-6872-48c4-8671-88e157970294/element [13.735431ms] ERR:404 body={"strategy":"-android uiautomator","selector":"new UiSelector().resourceIdMatches(\".*COMMUNITY.*\")...
13:12:58.430787 POST /session/ece7b49b-6872-48c4-8671-88e157970294/element [11.355211ms] ERR:404 body={"strategy":"-android uiautomator","selector":"new UiSelector().resourceIdMatches(\".*COMMUNITY.*\")...
13:12:58.442551 POST /session/ece7b49b-6872-48c4-8671-88e157970294/element [11.639342ms] ERR:404 body={"strategy":"-android uiautomator","selector":"new UiSelector().resourceIdMatches(\".*COMMUNITY.*\")...
13:12:58.454594 POST /session/ece7b49b-6872-48c4-8671-88e157970294/element [11.914756ms] ERR:404 body={"strategy":"-android uiautomator","selector":"new UiSelector().resourceIdMatches(\".*COMMUNITY.*\")...
13:12:58.466144 POST /session/ece7b49b-6872-48c4-8671-88e157970294/element [11.455849ms] ERR:404 body={"strategy":"-android uiautomator","selector":"new UiSelector().resourceIdMatches(\".*COMMUNITY.*\")...
13:12:58.477234 POST /session/ece7b49b-6872-48c4-8671-88e157970294/element [10.971143ms] ERR:404 body={"strategy":"-android uiautomator","selector":"new UiSelector().resourceIdMatches(\".*COMMUNITY.*\")...
13:12:58.487812 POST /session/ece7b49b-6872-48c4-8671-88e157970294/element [10.504102ms] ERR:404 body={"strategy":"-android uiautomator","selector":"new UiSelector().resourceIdMatches(\".*COMMUNITY.*\")...
13:12:58.510871 POST /session/ece7b49b-6872-48c4-8671-88e157970294/element [22.914428ms] ERR:404 body={"strategy":"-android uiautomator","selector":"new UiSelector().resourceIdMatches(\".*COMMUNITY.*\")...
13:12:58.522443 POST /session/ece7b49b-6872-48c4-8671-88e157970294/element [11.40801ms] ERR:404 body={"strategy":"-android uiautomator","selector":"new UiSelector().resourceIdMatches(\".*COMMUNITY.*\")...
13:12:58.534573 POST /session/ece7b49b-6872-48c4-8671-88e157970294/element [12.026678ms] ERR:404 body={"strategy":"-android uiautomator","selector":"new UiSelector().resourceIdMatches(\".*COMMUNITY.*\")...
13:12:58.545976 POST /session/ece7b49b-6872-48c4-8671-88e157970294/element [11.165258ms] ERR:404 body={"strategy":"-android uiautomator","selector":"new UiSelector().resourceIdMatches(\".*COMMUNITY.*\")...
13:12:58.556635 POST /session/ece7b49b-6872-48c4-8671-88e157970294/element [10.525274ms] ERR:404 body={"strategy":"-android uiautomator","selector":"new UiSelector().resourceIdMatches(\".*COMMUNITY.*\")...
13:12:58.572557 POST /session/ece7b49b-6872-48c4-8671-88e157970294/element [15.655561ms] ERR:404 body={"strategy":"-android uiautomator","selector":"new UiSelector().resourceIdMatches(\".*COMMUNITY.*\")...
13:12:58.593055 POST /session/ece7b49b-6872-48c4-8671-88e157970294/element [20.394216ms] ERR:404 body={"strategy":"-android uiautomator","selector":"new UiSelector().resourceIdMatches(\".*COMMUNITY.*\")...
13:12:58.610123 POST /session/ece7b49b-6872-48c4-8671-88e157970294/element [16.891812ms] ERR:404 body={"strategy":"-android uiautomator","selector":"new UiSelector().resourceIdMatches(\".*COMMUNITY.*\")...
13:12:58.621808 POST /session/ece7b49b-6872-48c4-8671-88e157970294/element [11.555688ms] ERR:404 body={"strategy":"-android uiautomator","selector":"new UiSelector().resourceIdMatches(\".*COMMUNITY.*\")...
13:12:58.633060 POST /session/ece7b49b-6872-48c4-8671-88e157970294/element [11.064153ms] ERR:404 body={"strategy":"-android uiautomator","selector":"new UiSelector().resourceIdMatches(\".*COMMUNITY.*\")...
13:12:58.643209 POST /session/ece7b49b-6872-48c4-8671-88e157970294/element [10.026449ms] ERR:404 body={"strategy":"-android uiautomator","selector":"new UiSelector().resourceIdMatches(\".*COMMUNITY.*\")...
13:12:58.653574 POST /session/ece7b49b-6872-48c4-8671-88e157970294/element [10.240877ms] ERR:404 body={"strategy":"-android uiautomator","selector":"new UiSelector().resourceIdMatches(\".*COMMUNITY.*\")...
13:12:58.663614 POST /session/ece7b49b-6872-48c4-8671-88e157970294/element [9.899329ms] ERR:404 body={"strategy":"-android uiautomator","selector":"new UiSelector().resourceIdMatches(\".*COMMUNITY.*\")...
13:12:58.677532 POST /session/ece7b49b-6872-48c4-8671-88e157970294/element [13.797146ms] ERR:404 body={"strategy":"-android uiautomator","selector":"new UiSelector().resourceIdMatches(\".*COMMUNITY.*\")...
13:12:58.692664 POST /session/ece7b49b-6872-48c4-8671-88e157970294/element [14.98626ms] ERR:404 body={"strategy":"-android uiautomator","selector":"new UiSelector().resourceIdMatches(\".*COMMUNITY.*\")...
13:12:58.709873 POST /session/ece7b49b-6872-48c4-8671-88e157970294/element [17.000535ms] ERR:404 body={"strategy":"-android uiautomator","selector":"new UiSelector().resourceIdMatches(\".*COMMUNITY.*\")...
13:12:58.728227 POST /session/ece7b49b-6872-48c4-8671-88e157970294/element [18.207422ms] ERR:404 body={"strategy":"-android uiautomator","selector":"new UiSelector().resourceIdMatches(\".*COMMUNITY.*\")...
13:12:58.750550 POST /session/ece7b49b-6872-48c4-8671-88e157970294/element [22.141688ms] ERR:404 body={"strategy":"-android uiautomator","selector":"new UiSelector().resourceIdMatches(\".*COMMUNITY.*\")...
13:12:58.762264 POST /session/ece7b49b-6872-48c4-8671-88e157970294/element [11.584489ms] ERR:404 body={"strategy":"-android uiautomator","selector":"new UiSelector().resourceIdMatches(\".*COMMUNITY.*\")...
13:12:58.790782 POST /session/ece7b49b-6872-48c4-8671-88e157970294/element [28.35268ms] ERR:404 body={"strategy":"-android uiautomator","selector":"new UiSelector().resourceIdMatches(\".*COMMUNITY.*\")...
13:12:58.818953 POST /session/ece7b49b-6872-48c4-8671-88e157970294/element [28.022022ms] OK body={"strategy":"-android uiautomator","selector":"new UiSelector().resourceIdMatches(\".*COMMUNITY.*\")...
13:12:59.713876 GET /session/ece7b49b-6872-48c4-8671-88e157970294/element/00000000-0000-0018-ffff-ffff0000008f/text [894.825943ms] OK body=
13:13:00.417968 GET /session/ece7b49b-6872-48c4-8671-88e157970294/element/00000000-0000-0018-ffff-ffff0000008f/rect [704.02001ms] OK body=
13:13:01.441007 POST /session/ece7b49b-6872-48c4-8671-88e157970294/element [1.021943324s] ERR:404 body={"strategy":"-android uiautomator","selector":"new UiSelector().resourceIdMatches(\".*SEARCH.*\").cl...
13:13:01.875872 POST /session/ece7b49b-6872-48c4-8671-88e157970294/element [434.721965ms] OK body={"strategy":"-android uiautomator","selector":"new UiSelector().resourceIdMatches(\".*SEARCH.*\")"}
13:13:01.890564 GET /session/ece7b49b-6872-48c4-8671-88e157970294/element/00000000-0000-0018-ffff-ffff00000096/text [14.557095ms] OK body=
13:13:01.903394 GET /session/ece7b49b-6872-48c4-8671-88e157970294/element/00000000-0000-0018-ffff-ffff00000096/rect [12.742887ms] OK body=
13:13:01.936246 POST /session/ece7b49b-6872-48c4-8671-88e157970294/element/00000000-0000-0018-ffff-ffff00000096/click [32.749972ms] OK body=
13:13:01.977579 POST /session/ece7b49b-6872-48c4-8671-88e157970294/element [39.771049ms] ERR:404 body={"strategy":"-android uiautomator","selector":"new UiSelector().resourceIdMatches(\".*search-mode-to...
13:13:02.020557 POST /session/ece7b49b-6872-48c4-8671-88e157970294/element [42.846626ms] ERR:404 body={"strategy":"-android uiautomator","selector":"new UiSelector().resourceIdMatches(\".*search-mode-to...
13:13:02.059876 POST /session/ece7b49b-6872-48c4-8671-88e157970294/element [39.176683ms] ERR:404 body={"strategy":"-android uiautomator","selector":"new UiSelector().resourceIdMatches(\".*search-mode-to...
13:13:02.181067 POST /session/ece7b49b-6872-48c4-8671-88e157970294/element [121.051292ms] ERR:404 body={"strategy":"-android uiautomator","selector":"new UiSelector().resourceIdMatches(\".*search-mode-to...
13:13:03.070184 POST /session/ece7b49b-6872-48c4-8671-88e157970294/element [888.99639ms] OK body={"strategy":"-android uiautomator","selector":"new UiSelector().resourceIdMatches(\".*search-mode-to...
13:13:03.083632 GET /session/ece7b49b-6872-48c4-8671-88e157970294/element/00000000-0000-0018-ffff-ffff00000137/text [13.364955ms] OK body=
13:13:03.099466 GET /session/ece7b49b-6872-48c4-8671-88e157970294/element/00000000-0000-0018-ffff-ffff00000137/rect [15.752241ms] OK body=
13:13:03.134623 POST /session/ece7b49b-6872-48c4-8671-88e157970294/element/00000000-0000-0018-ffff-ffff00000137/click [35.058132ms] OK body=
13:13:03.163333 POST /session/ece7b49b-6872-48c4-8671-88e157970294/element [27.428879ms] ERR:404 body={"strategy":"-android uiautomator","selector":"new UiSelector().resourceIdMatches(\".*search-user-in...
13:13:03.197685 POST /session/ece7b49b-6872-48c4-8671-88e157970294/element [34.221007ms] OK body={"strategy":"-android uiautomator","selector":"new UiSelector().resourceIdMatches(\".*search-user-in...
13:13:04.098034 GET /session/ece7b49b-6872-48c4-8671-88e157970294/element/00000000-0000-0018-ffff-ffff00000142/text [900.270078ms] OK body=
13:13:04.111533 GET /session/ece7b49b-6872-48c4-8671-88e157970294/element/00000000-0000-0018-ffff-ffff00000142/rect [13.410833ms] OK body=
13:13:04.146039 POST /session/ece7b49b-6872-48c4-8671-88e157970294/element/00000000-0000-0018-ffff-ffff00000142/click [34.386339ms] OK body=
13:13:04.369331 POST /session/ece7b49b-6872-48c4-8671-88e157970294/actions [221.862848ms] OK body={"actions":[{"actions":[{"type":"keyDown","value":"a"},{"type":"keyUp","value":"a"}],"id":"keyboard"...
13:13:04.379915 POST /session/ece7b49b-6872-48c4-8671-88e157970294/appium/device/hide_keyboard [7.358699ms] ERR:404 body=
13:13:04.976694 POST /session/ece7b49b-6872-48c4-8671-88e157970294/element [593.938526ms] ERR:404 body={"strategy":"-android uiautomator","selector":"new UiSelector().resourceIdMatches(\".*search-user-fo...
13:13:04.986384 POST /session/ece7b49b-6872-48c4-8671-88e157970294/element [9.560454ms] ERR:404 body={"strategy":"-android uiautomator","selector":"new UiSelector().resourceIdMatches(\".*search-user-fo...
13:13:04.995475 POST /session/ece7b49b-6872-48c4-8671-88e157970294/element [8.987225ms] ERR:404 body={"strategy":"-android uiautomator","selector":"new UiSelector().resourceIdMatches(\".*search-user-fo...
13:13:05.003815 POST /session/ece7b49b-6872-48c4-8671-88e157970294/element [8.23882ms] ERR:404 body={"strategy":"-android uiautomator","selector":"new UiSelector().resourceIdMatches(\".*search-user-fo...
13:13:05.011594 POST /session/ece7b49b-6872-48c4-8671-88e157970294/element [7.653836ms] ERR:404 body={"strategy":"-android uiautomator","selector":"new UiSelector().resourceIdMatches(\".*search-user-fo...
13:13:05.019687 POST /session/ece7b49b-6872-48c4-8671-88e157970294/element [7.980492ms] ERR:404 body={"strategy":"-android uiautomator","selector":"new UiSelector().resourceIdMatches(\".*search-user-fo...
13:13:05.026693 POST /session/ece7b49b-6872-48c4-8671-88e157970294/element [6.900668ms] ERR:404 body={"strategy":"-android uiautomator","selector":"new UiSelector().resourceIdMatches(\".*search-user-fo...
13:13:05.034823 POST /session/ece7b49b-6872-48c4-8671-88e157970294/element [8.013769ms] ERR:404 body={"strategy":"-android uiautomator","selector":"new UiSelector().resourceIdMatches(\".*search-user-fo...
13:13:05.042302 POST /session/ece7b49b-6872-48c4-8671-88e157970294/element [7.334273ms] ERR:404 body={"strategy":"-android uiautomator","selector":"new UiSelector().resourceIdMatches(\".*search-user-fo...
13:13:05.051103 POST /session/ece7b49b-6872-48c4-8671-88e157970294/element [8.71178ms] ERR:404 body={"strategy":"-android uiautomator","selector":"new UiSelector().resourceIdMatches(\".*search-user-fo...
13:13:05.063746 POST /session/ece7b49b-6872-48c4-8671-88e157970294/element [12.518678ms] ERR:404 body={"strategy":"-android uiautomator","selector":"new UiSelector().resourceIdMatches(\".*search-user-fo...
13:13:05.073462 POST /session/ece7b49b-6872-48c4-8671-88e157970294/element [9.581681ms] ERR:404 body={"strategy":"-android uiautomator","selector":"new UiSelector().resourceIdMatches(\".*search-user-fo...
13:13:05.082999 POST /session/ece7b49b-6872-48c4-8671-88e157970294/element [9.444041ms] ERR:404 body={"strategy":"-android uiautomator","selector":"new UiSelector().resourceIdMatches(\".*search-user-fo...
13:13:05.100393 POST /session/ece7b49b-6872-48c4-8671-88e157970294/element [17.228188ms] ERR:404 body={"strategy":"-android uiautomator","selector":"new UiSelector().resourceIdMatches(\".*search-user-fo...
13:13:05.111613 POST /session/ece7b49b-6872-48c4-8671-88e157970294/element [11.123589ms] ERR:404 body={"strategy":"-android uiautomator","selector":"new UiSelector().resourceIdMatches(\".*search-user-fo...
13:13:05.122114 POST /session/ece7b49b-6872-48c4-8671-88e157970294/element [10.377526ms] ERR:404 body={"strategy":"-android uiautomator","selector":"new UiSelector().resourceIdMatches(\".*search-user-fo...
13:13:05.133946 POST /session/ece7b49b-6872-48c4-8671-88e157970294/element [11.669399ms] ERR:404 body={"strategy":"-android uiautomator","selector":"new UiSelector().resourceIdMatches(\".*search-user-fo...
13:13:05.750694 POST /session/ece7b49b-6872-48c4-8671-88e157970294/element [616.592269ms] ERR:404 body={"strategy":"-android uiautomator","selector":"new UiSelector().resourceIdMatches(\".*search-user-fo...
13:13:05.759418 POST /session/ece7b49b-6872-48c4-8671-88e157970294/element [8.608091ms] ERR:404 body={"strategy":"-android uiautomator","selector":"new UiSelector().resourceIdMatches(\".*search-user-fo...
13:13:05.769860 POST /session/ece7b49b-6872-48c4-8671-88e157970294/element [10.27681ms] ERR:404 body={"strategy":"-android uiautomator","selector":"new UiSelector().resourceIdMatches(\".*search-user-fo...
13:13:05.779153 POST /session/ece7b49b-6872-48c4-8671-88e157970294/element [9.118956ms] ERR:404 body={"strategy":"-android uiautomator","selector":"new UiSelector().resourceIdMatches(\".*search-user-fo...
13:13:05.788469 POST /session/ece7b49b-6872-48c4-8671-88e157970294/element [9.177889ms] ERR:404 body={"strategy":"-android uiautomator","selector":"new UiSelector().resourceIdMatches(\".*search-user-fo...
13:13:05.798177 POST /session/ece7b49b-6872-48c4-8671-88e157970294/element [9.566169ms] ERR:404 body={"strategy":"-android uiautomator","selector":"new UiSelector().resourceIdMatches(\".*search-user-fo...
13:13:05.813860 POST /session/ece7b49b-6872-48c4-8671-88e157970294/element [15.543003ms] ERR:404 body={"strategy":"-android uiautomator","selector":"new UiSelector().resourceIdMatches(\".*search-user-fo...
13:13:05.829962 POST /session/ece7b49b-6872-48c4-8671-88e157970294/element [15.944082ms] ERR:404 body={"strategy":"-android uiautomator","selector":"new UiSelector().resourceIdMatches(\".*search-user-fo...
13:13:05.851329 POST /session/ece7b49b-6872-48c4-8671-88e157970294/element [21.204469ms] ERR:404 body={"strategy":"-android uiautomator","selector":"new UiSelector().resourceIdMatches(\".*search-user-fo...
13:13:05.860681 POST /session/ece7b49b-6872-48c4-8671-88e157970294/element [9.21331ms] ERR:404 body={"strategy":"-android uiautomator","selector":"new UiSelector().resourceIdMatches(\".*search-user-fo...
13:13:05.868967 POST /session/ece7b49b-6872-48c4-8671-88e157970294/element [8.192435ms] ERR:404 body={"strategy":"-android uiautomator","selector":"new UiSelector().resourceIdMatches(\".*search-user-fo...
13:13:05.877546 POST /session/ece7b49b-6872-48c4-8671-88e157970294/element [8.451332ms] ERR:404 body={"strategy":"-android uiautomator","selector":"new UiSelector().resourceIdMatches(\".*search-user-fo...
13:13:05.888281 POST /session/ece7b49b-6872-48c4-8671-88e157970294/element [10.563943ms] ERR:404 body={"strategy":"-android uiautomator","selector":"new UiSelector().resourceIdMatches(\".*search-user-fo...
13:13:05.900520 POST /session/ece7b49b-6872-48c4-8671-88e157970294/element [12.061212ms] ERR:404 body={"strategy":"-android uiautomator","selector":"new UiSelector().resourceIdMatches(\".*search-user-fo...
13:13:05.911051 POST /session/ece7b49b-6872-48c4-8671-88e157970294/element [10.418581ms] ERR:404 body={"strategy":"-android uiautomator","selector":"new UiSelector().resourceIdMatches(\".*search-user-fo...
13:13:05.922058 POST /session/ece7b49b-6872-48c4-8671-88e157970294/element [10.844991ms] ERR:404 body={"strategy":"-android uiautomator","selector":"new UiSelector().resourceIdMatches(\".*search-user-fo...
13:13:05.932342 POST /session/ece7b49b-6872-48c4-8671-88e157970294/element [10.10001ms] ERR:404 body={"strategy":"-android uiautomator","selector":"new UiSelector().resourceIdMatches(\".*search-user-fo...
13:13:05.944913 POST /session/ece7b49b-6872-48c4-8671-88e157970294/element [12.363753ms] ERR:404 body={"strategy":"-android uiautomator","selector":"new UiSelector().resourceIdMatches(\".*search-user-fo...
13:13:05.957463 POST /session/ece7b49b-6872-48c4-8671-88e157970294/element [12.379898ms] ERR:404 body={"strategy":"-android uiautomator","selector":"new UiSelector().resourceIdMatches(\".*search-user-fo...
13:13:05.979970 POST /session/ece7b49b-6872-48c4-8671-88e157970294/element [22.26944ms] ERR:404 body={"strategy":"-android uiautomator","selector":"new UiSelector().resourceIdMatches(\".*search-user-fo...
13:13:06.502155 POST /session/ece7b49b-6872-48c4-8671-88e157970294/element [522.052191ms] OK body={"strategy":"-android uiautomator","selector":"new UiSelector().resourceIdMatches(\".*search-user-fo...
13:13:07.001487 POST /session/ece7b49b-6872-48c4-8671-88e157970294/element [496.236ms] OK body={"strategy":"-android uiautomator","selector":"new UiSelector().resourceIdMatches(\".*search-user-fo...
13:13:07.016132 GET /session/ece7b49b-6872-48c4-8671-88e157970294/element/00000000-0000-0018-ffff-ffff00000164/text [14.5626ms] OK body=
13:13:07.031942 GET /session/ece7b49b-6872-48c4-8671-88e157970294/element/00000000-0000-0018-ffff-ffff00000164/rect [15.716091ms] OK body=
13:13:07.068981 POST /session/ece7b49b-6872-48c4-8671-88e157970294/element/00000000-0000-0018-ffff-ffff00000164/click [36.942046ms] OK body=
13:13:07.252269 POST /session/ece7b49b-6872-48c4-8671-88e157970294/element [179.257544ms] ERR:404 body={"strategy":"-android uiautomator","selector":"new UiSelector().textContains(\"Unfollow\")"}
13:13:07.801398 POST /session/ece7b49b-6872-48c4-8671-88e157970294/element [549.021224ms] OK body={"strategy":"-android uiautomator","selector":"new UiSelector().descriptionContains(\"Unfollow\")"}
13:13:07.819617 POST /session/ece7b49b-6872-48c4-8671-88e157970294/element [16.766951ms] OK body={"strategy":"-android uiautomator","selector":"new UiSelector().resourceIdMatches(\".*search-user-fo...
13:13:07.833038 GET /session/ece7b49b-6872-48c4-8671-88e157970294/element/00000000-0000-0018-ffff-ffff00000164/text [13.346894ms] OK body=
13:13:07.847350 GET /session/ece7b49b-6872-48c4-8671-88e157970294/element/00000000-0000-0018-ffff-ffff00000164/rect [14.224976ms] OK body=
13:13:07.891506 POST /session/ece7b49b-6872-48c4-8671-88e157970294/element/00000000-0000-0018-ffff-ffff00000164/click [44.053064ms] OK body=
13:13:07.926017 POST /session/ece7b49b-6872-48c4-8671-88e157970294/element [32.696917ms] OK body={"strategy":"-android uiautomator","selector":"new UiSelector().textContains(\"Follow\")"}
13:13:13.855585 POST /session/ece7b49b-6872-48c4-8671-88e157970294/appium/device/launch_app [3.732925ms] ERR:404 body={"appId":"com.tastopia.app"}
13:13:17.017815 POST /session/ece7b49b-6872-48c4-8671-88e157970294/element [1.212988255s] OK body={"strategy":"-android uiautomator","selector":"new UiSelector().resourceIdMatches(\".*MENU.*\")"}
13:13:17.523626 GET /session/ece7b49b-6872-48c4-8671-88e157970294/element/00000000-0000-001a-ffff-ffff0000003c/text [505.706455ms] OK body=
13:13:17.536670 GET /session/ece7b49b-6872-48c4-8671-88e157970294/element/00000000-0000-001a-ffff-ffff0000003c/rect [12.958792ms] OK body=
13:13:17.554009 POST /session/ece7b49b-6872-48c4-8671-88e157970294/element [16.956147ms] ERR:404 body={"strategy":"-android uiautomator","selector":"new UiSelector().resourceIdMatches(\".*MENU.*\").clic...
13:13:17.567366 POST /session/ece7b49b-6872-48c4-8671-88e157970294/element [13.258357ms] OK body={"strategy":"-android uiautomator","selector":"new UiSelector().resourceIdMatches(\".*MENU.*\")"}
13:13:17.579089 GET /session/ece7b49b-6872-48c4-8671-88e157970294/element/00000000-0000-001a-ffff-ffff0000003c/text [11.650864ms] OK body=
13:13:17.590871 GET /session/ece7b49b-6872-48c4-8671-88e157970294/element/00000000-0000-001a-ffff-ffff0000003c/rect [11.693524ms] OK body=
13:13:17.622540 POST /session/ece7b49b-6872-48c4-8671-88e157970294/element/00000000-0000-001a-ffff-ffff0000003c/click [31.598234ms] OK body=
13:13:17.626294 POST /session/ece7b49b-6872-48c4-8671-88e157970294/appium/device/hide_keyboard [3.651002ms] ERR:404 body=
13:13:17.644421 POST /session/ece7b49b-6872-48c4-8671-88e157970294/element [17.67575ms] ERR:404 body={"strategy":"-android uiautomator","selector":"new UiSelector().textContains(\"History\")"}
13:13:17.683781 POST /session/ece7b49b-6872-48c4-8671-88e157970294/element [39.1761ms] ERR:404 body={"strategy":"-android uiautomator","selector":"new UiSelector().descriptionContains(\"History\")"}
13:13:17.715869 POST /session/ece7b49b-6872-48c4-8671-88e157970294/element [31.897922ms] ERR:404 body={"strategy":"-android uiautomator","selector":"new UiSelector().textMatches(\"(?is).*\\QHistory\\E.*...
13:13:17.732787 POST /session/ece7b49b-6872-48c4-8671-88e157970294/element [16.778803ms] ERR:404 body={"strategy":"-android uiautomator","selector":"new UiSelector().descriptionMatches(\"(?is).*\\QHisto...
13:13:17.752807 POST /session/ece7b49b-6872-48c4-8671-88e157970294/element [19.877664ms] ERR:404 body={"strategy":"-android uiautomator","selector":"new UiSelector().textContains(\"History\")"}
13:13:17.778878 POST /session/ece7b49b-6872-48c4-8671-88e157970294/element [25.939782ms] ERR:404 body={"strategy":"-android uiautomator","selector":"new UiSelector().descriptionContains(\"History\")"}
13:13:17.795696 POST /session/ece7b49b-6872-48c4-8671-88e157970294/element [16.679336ms] ERR:404 body={"strategy":"-android uiautomator","selector":"new UiSelector().textMatches(\"(?is).*\\QHistory\\E.*...
13:13:17.816373 POST /session/ece7b49b-6872-48c4-8671-88e157970294/element [20.536418ms] ERR:404 body={"strategy":"-android uiautomator","selector":"new UiSelector().descriptionMatches(\"(?is).*\\QHisto...
13:13:17.961984 POST /session/ece7b49b-6872-48c4-8671-88e157970294/element [145.455609ms] ERR:404 body={"strategy":"-android uiautomator","selector":"new UiSelector().textContains(\"History\")"}
13:13:19.024496 POST /session/ece7b49b-6872-48c4-8671-88e157970294/element [1.062393459s] ERR:404 body={"strategy":"-android uiautomator","selector":"new UiSelector().descriptionContains(\"History\")"}
13:13:19.536907 POST /session/ece7b49b-6872-48c4-8671-88e157970294/element [512.255136ms] OK body={"strategy":"-android uiautomator","selector":"new UiSelector().textMatches(\"(?is).*\\QHistory\\E.*...
13:13:19.552093 POST /session/ece7b49b-6872-48c4-8671-88e157970294/element [14.694086ms] OK body={"strategy":"-android uiautomator","selector":"new UiSelector().resourceIdMatches(\".*menu-logout-bu...
13:13:19.562918 GET /session/ece7b49b-6872-48c4-8671-88e157970294/element/00000000-0000-001a-ffff-ffff000000af/text [10.765688ms] OK body=
13:13:19.574750 GET /session/ece7b49b-6872-48c4-8671-88e157970294/element/00000000-0000-001a-ffff-ffff000000af/rect [11.782689ms] OK body=
13:13:19.604971 POST /session/ece7b49b-6872-48c4-8671-88e157970294/element/00000000-0000-001a-ffff-ffff000000af/click [30.143138ms] OK body=
13:13:19.631480 POST /session/ece7b49b-6872-48c4-8671-88e157970294/element [26.137727ms] ERR:404 body={"strategy":"-android uiautomator","selector":"new UiSelector().textContains(\"Welcome to\")"}
13:13:19.655169 POST /session/ece7b49b-6872-48c4-8671-88e157970294/element [23.546315ms] ERR:404 body={"strategy":"-android uiautomator","selector":"new UiSelector().descriptionContains(\"Welcome to\")"...
13:13:19.681052 POST /session/ece7b49b-6872-48c4-8671-88e157970294/element [25.785834ms] ERR:404 body={"strategy":"-android uiautomator","selector":"new UiSelector().textMatches(\"(?is).*\\QWelcome to\\...
13:13:19.700460 POST /session/ece7b49b-6872-48c4-8671-88e157970294/element [19.315867ms] ERR:404 body={"strategy":"-android uiautomator","selector":"new UiSelector().descriptionMatches(\"(?is).*\\QWelco...
13:13:19.719102 POST /session/ece7b49b-6872-48c4-8671-88e157970294/element [18.52781ms] ERR:404 body={"strategy":"-android uiautomator","selector":"new UiSelector().textContains(\"Welcome to\")"}
13:13:19.738972 POST /session/ece7b49b-6872-48c4-8671-88e157970294/element [19.675574ms] ERR:404 body={"strategy":"-android uiautomator","selector":"new UiSelector().descriptionContains(\"Welcome to\")"...
13:13:19.759657 POST /session/ece7b49b-6872-48c4-8671-88e157970294/element [20.544341ms] ERR:404 body={"strategy":"-android uiautomator","selector":"new UiSelector().textMatches(\"(?is).*\\QWelcome to\\...
13:13:19.779197 POST /session/ece7b49b-6872-48c4-8671-88e157970294/element [19.414789ms] ERR:404 body={"strategy":"-android uiautomator","selector":"new UiSelector().descriptionMatches(\"(?is).*\\QWelco...
13:13:19.797864 POST /session/ece7b49b-6872-48c4-8671-88e157970294/element [18.560505ms] ERR:404 body={"strategy":"-android uiautomator","selector":"new UiSelector().textContains(\"Welcome to\")"}
13:13:19.817109 POST /session/ece7b49b-6872-48c4-8671-88e157970294/element [19.138232ms] ERR:404 body={"strategy":"-android uiautomator","selector":"new UiSelector().descriptionContains(\"Welcome to\")"...
13:13:19.836310 POST /session/ece7b49b-6872-48c4-8671-88e157970294/element [19.097905ms] ERR:404 body={"strategy":"-android uiautomator","selector":"new UiSelector().textMatches(\"(?is).*\\QWelcome to\\...
13:13:19.858167 POST /session/ece7b49b-6872-48c4-8671-88e157970294/element [21.745377ms] ERR:404 body={"strategy":"-android uiautomator","selector":"new UiSelector().descriptionMatches(\"(?is).*\\QWelco...
13:13:19.878925 POST /session/ece7b49b-6872-48c4-8671-88e157970294/element [20.60682ms] ERR:404 body={"strategy":"-android uiautomator","selector":"new UiSelector().textContains(\"Welcome to\")"}
13:13:19.898939 POST /session/ece7b49b-6872-48c4-8671-88e157970294/element [19.829379ms] ERR:404 body={"strategy":"-android uiautomator","selector":"new UiSelector().descriptionContains(\"Welcome to\")"...
13:13:19.924002 POST /session/ece7b49b-6872-48c4-8671-88e157970294/element [24.963208ms] ERR:404 body={"strategy":"-android uiautomator","selector":"new UiSelector().textMatches(\"(?is).*\\QWelcome to\\...
13:13:19.946404 POST /session/ece7b49b-6872-48c4-8671-88e157970294/element [22.282896ms] ERR:404 body={"strategy":"-android uiautomator","selector":"new UiSelector().descriptionMatches(\"(?is).*\\QWelco...
13:13:19.971519 POST /session/ece7b49b-6872-48c4-8671-88e157970294/element [24.934166ms] ERR:404 body={"strategy":"-android uiautomator","selector":"new UiSelector().textContains(\"Welcome to\")"}
13:13:19.996013 POST /session/ece7b49b-6872-48c4-8671-88e157970294/element [24.335116ms] ERR:404 body={"strategy":"-android uiautomator","selector":"new UiSelector().descriptionContains(\"Welcome to\")"...
13:13:20.019217 POST /session/ece7b49b-6872-48c4-8671-88e157970294/element [23.058271ms] ERR:404 body={"strategy":"-android uiautomator","selector":"new UiSelector().textMatches(\"(?is).*\\QWelcome to\\...
13:13:20.044211 POST /session/ece7b49b-6872-48c4-8671-88e157970294/element [24.85811ms] ERR:404 body={"strategy":"-android uiautomator","selector":"new UiSelector().descriptionMatches(\"(?is).*\\QWelco...
13:13:20.066294 POST /session/ece7b49b-6872-48c4-8671-88e157970294/element [21.963034ms] ERR:404 body={"strategy":"-android uiautomator","selector":"new UiSelector().textContains(\"Welcome to\")"}
13:13:20.091414 POST /session/ece7b49b-6872-48c4-8671-88e157970294/element [25.005953ms] ERR:404 body={"strategy":"-android uiautomator","selector":"new UiSelector().descriptionContains(\"Welcome to\")"...
13:13:20.117393 POST /session/ece7b49b-6872-48c4-8671-88e157970294/element [25.855076ms] ERR:404 body={"strategy":"-android uiautomator","selector":"new UiSelector().textMatches(\"(?is).*\\QWelcome to\\...
13:13:20.140817 POST /session/ece7b49b-6872-48c4-8671-88e157970294/element [23.257195ms] ERR:404 body={"strategy":"-android uiautomator","selector":"new UiSelector().descriptionMatches(\"(?is).*\\QWelco...
13:13:20.162584 POST /session/ece7b49b-6872-48c4-8671-88e157970294/element [21.636125ms] ERR:404 body={"strategy":"-android uiautomator","selector":"new UiSelector().textContains(\"Welcome to\")"}
13:13:20.181856 POST /session/ece7b49b-6872-48c4-8671-88e157970294/element [19.114139ms] ERR:404 body={"strategy":"-android uiautomator","selector":"new UiSelector().descriptionContains(\"Welcome to\")"...
13:13:20.202484 POST /session/ece7b49b-6872-48c4-8671-88e157970294/element [20.476524ms] ERR:404 body={"strategy":"-android uiautomator","selector":"new UiSelector().textMatches(\"(?is).*\\QWelcome to\\...
13:13:20.223739 POST /session/ece7b49b-6872-48c4-8671-88e157970294/element [21.106017ms] ERR:404 body={"strategy":"-android uiautomator","selector":"new UiSelector().descriptionMatches(\"(?is).*\\QWelco...
13:13:20.259641 POST /session/ece7b49b-6872-48c4-8671-88e157970294/element [35.787844ms] ERR:404 body={"strategy":"-android uiautomator","selector":"new UiSelector().textContains(\"Welcome to\")"}
13:13:20.280569 POST /session/ece7b49b-6872-48c4-8671-88e157970294/element [20.811471ms] ERR:404 body={"strategy":"-android uiautomator","selector":"new UiSelector().descriptionContains(\"Welcome to\")"...
13:13:20.301985 POST /session/ece7b49b-6872-48c4-8671-88e157970294/element [21.312227ms] ERR:404 body={"strategy":"-android uiautomator","selector":"new UiSelector().textMatches(\"(?is).*\\QWelcome to\\...
13:13:20.323346 POST /session/ece7b49b-6872-48c4-8671-88e157970294/element [21.228826ms] ERR:404 body={"strategy":"-android uiautomator","selector":"new UiSelector().descriptionMatches(\"(?is).*\\QWelco...
13:13:20.346548 POST /session/ece7b49b-6872-48c4-8671-88e157970294/element [23.067023ms] ERR:404 body={"strategy":"-android uiautomator","selector":"new UiSelector().textContains(\"Welcome to\")"}
13:13:20.371525 POST /session/ece7b49b-6872-48c4-8671-88e157970294/element [24.856564ms] ERR:404 body={"strategy":"-android uiautomator","selector":"new UiSelector().descriptionContains(\"Welcome to\")"...
13:13:20.392771 POST /session/ece7b49b-6872-48c4-8671-88e157970294/element [21.068451ms] ERR:404 body={"strategy":"-android uiautomator","selector":"new UiSelector().textMatches(\"(?is).*\\QWelcome to\\...
13:13:20.414197 POST /session/ece7b49b-6872-48c4-8671-88e157970294/element [21.279311ms] ERR:404 body={"strategy":"-android uiautomator","selector":"new UiSelector().descriptionMatches(\"(?is).*\\QWelco...
13:13:20.436019 POST /session/ece7b49b-6872-48c4-8671-88e157970294/element [21.742757ms] ERR:404 body={"strategy":"-android uiautomator","selector":"new UiSelector().textContains(\"Welcome to\")"}
13:13:20.459105 POST /session/ece7b49b-6872-48c4-8671-88e157970294/element [22.994397ms] ERR:404 body={"strategy":"-android uiautomator","selector":"new UiSelector().descriptionContains(\"Welcome to\")"...
13:13:20.482116 POST /session/ece7b49b-6872-48c4-8671-88e157970294/element [22.92686ms] ERR:404 body={"strategy":"-android uiautomator","selector":"new UiSelector().textMatches(\"(?is).*\\QWelcome to\\...
13:13:20.502159 POST /session/ece7b49b-6872-48c4-8671-88e157970294/element [19.966749ms] ERR:404 body={"strategy":"-android uiautomator","selector":"new UiSelector().descriptionMatches(\"(?is).*\\QWelco...
13:13:20.521963 POST /session/ece7b49b-6872-48c4-8671-88e157970294/element [19.699492ms] ERR:404 body={"strategy":"-android uiautomator","selector":"new UiSelector().textContains(\"Welcome to\")"}
13:13:20.552400 POST /session/ece7b49b-6872-48c4-8671-88e157970294/element [30.317736ms] ERR:404 body={"strategy":"-android uiautomator","selector":"new UiSelector().descriptionContains(\"Welcome to\")"...
13:13:20.573498 POST /session/ece7b49b-6872-48c4-8671-88e157970294/element [20.978122ms] ERR:404 body={"strategy":"-android uiautomator","selector":"new UiSelector().textMatches(\"(?is).*\\QWelcome to\\...
13:13:20.593970 POST /session/ece7b49b-6872-48c4-8671-88e157970294/element [20.314419ms] ERR:404 body={"strategy":"-android uiautomator","selector":"new UiSelector().descriptionMatches(\"(?is).*\\QWelco...
13:13:20.613942 POST /session/ece7b49b-6872-48c4-8671-88e157970294/element [19.852008ms] ERR:404 body={"strategy":"-android uiautomator","selector":"new UiSelector().textContains(\"Welcome to\")"}
13:13:20.634018 POST /session/ece7b49b-6872-48c4-8671-88e157970294/element [19.966599ms] ERR:404 body={"strategy":"-android uiautomator","selector":"new UiSelector().descriptionContains(\"Welcome to\")"...
13:13:20.659939 POST /session/ece7b49b-6872-48c4-8671-88e157970294/element [25.730978ms] ERR:404 body={"strategy":"-android uiautomator","selector":"new UiSelector().textMatches(\"(?is).*\\QWelcome to\\...
13:13:20.685066 POST /session/ece7b49b-6872-48c4-8671-88e157970294/element [24.989297ms] ERR:404 body={"strategy":"-android uiautomator","selector":"new UiSelector().descriptionMatches(\"(?is).*\\QWelco...
13:13:20.710008 POST /session/ece7b49b-6872-48c4-8671-88e157970294/element [24.792011ms] ERR:404 body={"strategy":"-android uiautomator","selector":"new UiSelector().textContains(\"Welcome to\")"}
13:13:20.735376 POST /session/ece7b49b-6872-48c4-8671-88e157970294/element [25.219232ms] ERR:404 body={"strategy":"-android uiautomator","selector":"new UiSelector().descriptionContains(\"Welcome to\")"...
13:13:20.757448 POST /session/ece7b49b-6872-48c4-8671-88e157970294/element [21.917128ms] ERR:404 body={"strategy":"-android uiautomator","selector":"new UiSelector().textMatches(\"(?is).*\\QWelcome to\\...
13:13:20.780199 POST /session/ece7b49b-6872-48c4-8671-88e157970294/element [22.620924ms] ERR:404 body={"strategy":"-android uiautomator","selector":"new UiSelector().descriptionMatches(\"(?is).*\\QWelco...
13:13:20.802845 POST /session/ece7b49b-6872-48c4-8671-88e157970294/element [22.483921ms] ERR:404 body={"strategy":"-android uiautomator","selector":"new UiSelector().textContains(\"Welcome to\")"}
13:13:20.828996 POST /session/ece7b49b-6872-48c4-8671-88e157970294/element [26.017662ms] ERR:404 body={"strategy":"-android uiautomator","selector":"new UiSelector().descriptionContains(\"Welcome to\")"...
13:13:20.855304 POST /session/ece7b49b-6872-48c4-8671-88e157970294/element [26.144893ms] ERR:404 body={"strategy":"-android uiautomator","selector":"new UiSelector().textMatches(\"(?is).*\\QWelcome to\\...
13:13:20.878544 POST /session/ece7b49b-6872-48c4-8671-88e157970294/element [23.095982ms] ERR:404 body={"strategy":"-android uiautomator","selector":"new UiSelector().descriptionMatches(\"(?is).*\\QWelco...
13:13:20.902351 POST /session/ece7b49b-6872-48c4-8671-88e157970294/element [23.650729ms] ERR:404 body={"strategy":"-android uiautomator","selector":"new UiSelector().textContains(\"Welcome to\")"}
13:13:20.926243 POST /session/ece7b49b-6872-48c4-8671-88e157970294/element [23.744394ms] ERR:404 body={"strategy":"-android uiautomator","selector":"new UiSelector().descriptionContains(\"Welcome to\")"...
13:13:20.948424 POST /session/ece7b49b-6872-48c4-8671-88e157970294/element [22.053182ms] ERR:404 body={"strategy":"-android uiautomator","selector":"new UiSelector().textMatches(\"(?is).*\\QWelcome to\\...
13:13:20.969380 POST /session/ece7b49b-6872-48c4-8671-88e157970294/element [20.820765ms] ERR:404 body={"strategy":"-android uiautomator","selector":"new UiSelector().descriptionMatches(\"(?is).*\\QWelco...
13:13:20.991096 POST /session/ece7b49b-6872-48c4-8671-88e157970294/element [21.56317ms] ERR:404 body={"strategy":"-android uiautomator","selector":"new UiSelector().textContains(\"Welcome to\")"}
13:13:21.012010 POST /session/ece7b49b-6872-48c4-8671-88e157970294/element [20.680786ms] ERR:404 body={"strategy":"-android uiautomator","selector":"new UiSelector().descriptionContains(\"Welcome to\")"...
13:13:21.033446 POST /session/ece7b49b-6872-48c4-8671-88e157970294/element [21.305985ms] ERR:404 body={"strategy":"-android uiautomator","selector":"new UiSelector().textMatches(\"(?is).*\\QWelcome to\\...
13:13:21.056294 POST /session/ece7b49b-6872-48c4-8671-88e157970294/element [22.698597ms] ERR:404 body={"strategy":"-android uiautomator","selector":"new UiSelector().descriptionMatches(\"(?is).*\\QWelco...
13:13:21.078764 POST /session/ece7b49b-6872-48c4-8671-88e157970294/element [22.331275ms] ERR:404 body={"strategy":"-android uiautomator","selector":"new UiSelector().textContains(\"Welcome to\")"}
13:13:21.099902 POST /session/ece7b49b-6872-48c4-8671-88e157970294/element [20.953937ms] ERR:404 body={"strategy":"-android uiautomator","selector":"new UiSelector().descriptionContains(\"Welcome to\")"...
13:13:21.125548 POST /session/ece7b49b-6872-48c4-8671-88e157970294/element [25.431581ms] ERR:404 body={"strategy":"-android uiautomator","selector":"new UiSelector().textMatches(\"(?is).*\\QWelcome to\\...
13:13:21.148515 POST /session/ece7b49b-6872-48c4-8671-88e157970294/element [22.824101ms] ERR:404 body={"strategy":"-android uiautomator","selector":"new UiSelector().descriptionMatches(\"(?is).*\\QWelco...
13:13:21.171040 POST /session/ece7b49b-6872-48c4-8671-88e157970294/element [22.337363ms] ERR:404 body={"strategy":"-android uiautomator","selector":"new UiSelector().textContains(\"Welcome to\")"}
13:13:21.191605 POST /session/ece7b49b-6872-48c4-8671-88e157970294/element [20.429477ms] ERR:404 body={"strategy":"-android uiautomator","selector":"new UiSelector().descriptionContains(\"Welcome to\")"...
13:13:21.213263 POST /session/ece7b49b-6872-48c4-8671-88e157970294/element [21.474991ms] ERR:404 body={"strategy":"-android uiautomator","selector":"new UiSelector().textMatches(\"(?is).*\\QWelcome to\\...
13:13:21.233863 POST /session/ece7b49b-6872-48c4-8671-88e157970294/element [20.440046ms] ERR:404 body={"strategy":"-android uiautomator","selector":"new UiSelector().descriptionMatches(\"(?is).*\\QWelco...
13:13:21.257138 POST /session/ece7b49b-6872-48c4-8671-88e157970294/element [23.146837ms] ERR:404 body={"strategy":"-android uiautomator","selector":"new UiSelector().textContains(\"Welcome to\")"}
13:13:21.278359 POST /session/ece7b49b-6872-48c4-8671-88e157970294/element [21.096822ms] ERR:404 body={"strategy":"-android uiautomator","selector":"new UiSelector().descriptionContains(\"Welcome to\")"...
13:13:21.298659 POST /session/ece7b49b-6872-48c4-8671-88e157970294/element [20.167063ms] ERR:404 body={"strategy":"-android uiautomator","selector":"new UiSelector().textMatches(\"(?is).*\\QWelcome to\\...
13:13:21.320637 POST /session/ece7b49b-6872-48c4-8671-88e157970294/element [21.836557ms] ERR:404 body={"strategy":"-android uiautomator","selector":"new UiSelector().descriptionMatches(\"(?is).*\\QWelco...
13:13:21.340252 POST /session/ece7b49b-6872-48c4-8671-88e157970294/element [19.482646ms] ERR:404 body={"strategy":"-android uiautomator","selector":"new UiSelector().textContains(\"Welcome to\")"}
13:13:21.360040 POST /session/ece7b49b-6872-48c4-8671-88e157970294/element [19.640624ms] ERR:404 body={"strategy":"-android uiautomator","selector":"new UiSelector().descriptionContains(\"Welcome to\")"...
13:13:21.380139 POST /session/ece7b49b-6872-48c4-8671-88e157970294/element [20.005123ms] ERR:404 body={"strategy":"-android uiautomator","selector":"new UiSelector().textMatches(\"(?is).*\\QWelcome to\\...
13:13:21.399531 POST /session/ece7b49b-6872-48c4-8671-88e157970294/element [19.285786ms] ERR:404 body={"strategy":"-android uiautomator","selector":"new UiSelector().descriptionMatches(\"(?is).*\\QWelco...
13:13:21.418434 POST /session/ece7b49b-6872-48c4-8671-88e157970294/element [18.767735ms] ERR:404 body={"strategy":"-android uiautomator","selector":"new UiSelector().textContains(\"Welcome to\")"}
13:13:21.441689 POST /session/ece7b49b-6872-48c4-8671-88e157970294/element [23.119606ms] ERR:404 body={"strategy":"-android uiautomator","selector":"new UiSelector().descriptionContains(\"Welcome to\")"...
13:13:21.462233 POST /session/ece7b49b-6872-48c4-8671-88e157970294/element [20.424798ms] ERR:404 body={"strategy":"-android uiautomator","selector":"new UiSelector().textMatches(\"(?is).*\\QWelcome to\\...
13:13:21.483275 POST /session/ece7b49b-6872-48c4-8671-88e157970294/element [20.921601ms] ERR:404 body={"strategy":"-android uiautomator","selector":"new UiSelector().descriptionMatches(\"(?is).*\\QWelco...
13:13:21.507015 POST /session/ece7b49b-6872-48c4-8671-88e157970294/element [23.598932ms] ERR:404 body={"strategy":"-android uiautomator","selector":"new UiSelector().textContains(\"Welcome to\")"}
13:13:21.531669 POST /session/ece7b49b-6872-48c4-8671-88e157970294/element [24.498198ms] ERR:404 body={"strategy":"-android uiautomator","selector":"new UiSelector().descriptionContains(\"Welcome to\")"...
13:13:21.553669 POST /session/ece7b49b-6872-48c4-8671-88e157970294/element [21.868276ms] ERR:404 body={"strategy":"-android uiautomator","selector":"new UiSelector().textMatches(\"(?is).*\\QWelcome to\\...
13:13:21.572692 POST /session/ece7b49b-6872-48c4-8671-88e157970294/element [18.899488ms] ERR:404 body={"strategy":"-android uiautomator","selector":"new UiSelector().descriptionMatches(\"(?is).*\\QWelco...
13:13:21.614917 POST /session/ece7b49b-6872-48c4-8671-88e157970294/element [42.029491ms] ERR:404 body={"strategy":"-android uiautomator","selector":"new UiSelector().textContains(\"Welcome to\")"}
13:13:21.635240 POST /session/ece7b49b-6872-48c4-8671-88e157970294/element [20.180912ms] ERR:404 body={"strategy":"-android uiautomator","selector":"new UiSelector().descriptionContains(\"Welcome to\")"...
13:13:21.655282 POST /session/ece7b49b-6872-48c4-8671-88e157970294/element [19.90772ms] ERR:404 body={"strategy":"-android uiautomator","selector":"new UiSelector().textMatches(\"(?is).*\\QWelcome to\\...
13:13:21.677162 POST /session/ece7b49b-6872-48c4-8671-88e157970294/element [21.706764ms] ERR:404 body={"strategy":"-android uiautomator","selector":"new UiSelector().descriptionMatches(\"(?is).*\\QWelco...
13:13:21.702750 POST /session/ece7b49b-6872-48c4-8671-88e157970294/element [25.366968ms] ERR:404 body={"strategy":"-android uiautomator","selector":"new UiSelector().textContains(\"Welcome to\")"}
13:13:21.733128 POST /session/ece7b49b-6872-48c4-8671-88e157970294/element [30.210373ms] ERR:404 body={"strategy":"-android uiautomator","selector":"new UiSelector().descriptionContains(\"Welcome to\")"...
13:13:21.759198 POST /session/ece7b49b-6872-48c4-8671-88e157970294/element [25.948102ms] ERR:404 body={"strategy":"-android uiautomator","selector":"new UiSelector().textMatches(\"(?is).*\\QWelcome to\\...
13:13:21.958553 POST /session/ece7b49b-6872-48c4-8671-88e157970294/element [199.218666ms] ERR:404 body={"strategy":"-android uiautomator","selector":"new UiSelector().descriptionMatches(\"(?is).*\\QWelco...
13:13:22.992318 POST /session/ece7b49b-6872-48c4-8671-88e157970294/element [1.03360084s] OK body={"strategy":"-android uiautomator","selector":"new UiSelector().textContains(\"Welcome to\")"}
13:13:23.001711 POST /session/ece7b49b-6872-48c4-8671-88e157970294/element [8.928103ms] OK body={"strategy":"-android uiautomator","selector":"new UiSelector().textContains(\"Tastopia\")"}
13:13:23.027980 DELETE /session/ece7b49b-6872-48c4-8671-88e157970294 [2.432994ms] OK body=
