05:33:44.844418 POST /session [35.15416ms] OK body={"capabilities":{"platformName":"Android","deviceName":"Android SDK built for x86"}}
05:33:44.853430 POST /session/a880ccf9-282d-4356-b5e5-3a1a9f8c44ac/appium/settings [8.854497ms] OK body={"settings":{"waitForIdleTimeout":200}}
05:33:44.860331 POST /session/a880ccf9-282d-4356-b5e5-3a1a9f8c44ac/appium/settings [6.856665ms] OK body={"settings":{"implicitWait":100}}
05:33:44.941369 GET /session/a880ccf9-282d-4356-b5e5-3a1a9f8c44ac/appium/device/info [61.394389ms] OK body=
05:33:44.957345 POST /session/a880ccf9-282d-4356-b5e5-3a1a9f8c44ac/appium/settings [7.945248ms] OK body={"settings":{"waitForIdleTimeout":200}}
05:33:49.767014 POST /session/a880ccf9-282d-4356-b5e5-3a1a9f8c44ac/appium/device/launch_app [10.556022ms] ERR:404 body={"appId":"com.tastopia.app"}
05:33:52.654523 POST /session/a880ccf9-282d-4356-b5e5-3a1a9f8c44ac/element [1.049478513s] OK body={"strategy":"-android uiautomator","selector":"new UiSelector().resourceIdMatches(\".*welcome-sign-i...
05:33:53.420438 GET /session/a880ccf9-282d-4356-b5e5-3a1a9f8c44ac/element/00000000-0000-0007-ffff-ffff00000022/text [765.784206ms] OK body=
05:33:53.446973 GET /session/a880ccf9-282d-4356-b5e5-3a1a9f8c44ac/element/00000000-0000-0007-ffff-ffff00000022/rect [26.458452ms] OK body=
05:33:53.493160 POST /session/a880ccf9-282d-4356-b5e5-3a1a9f8c44ac/element/00000000-0000-0007-ffff-ffff00000022/click [46.046265ms] OK body=
05:33:54.295255 POST /session/a880ccf9-282d-4356-b5e5-3a1a9f8c44ac/element [384.65614ms] OK body={"strategy":"-android uiautomator","selector":"new UiSelector().resourceIdMatches(\".*login-identifi...
05:33:54.324697 POST /session/a880ccf9-282d-4356-b5e5-3a1a9f8c44ac/element [26.692435ms] OK body={"strategy":"-android uiautomator","selector":"new UiSelector().resourceIdMatches(\".*login-identifi...
05:33:54.349811 GET /session/a880ccf9-282d-4356-b5e5-3a1a9f8c44ac/element/00000000-0000-0007-ffff-ffff00000033/text [25.050966ms] OK body=
05:33:54.376192 GET /session/a880ccf9-282d-4356-b5e5-3a1a9f8c44ac/element/00000000-0000-0007-ffff-ffff00000033/rect [26.309116ms] OK body=
05:33:54.791345 POST /session/a880ccf9-282d-4356-b5e5-3a1a9f8c44ac/element/00000000-0000-0007-ffff-ffff00000033/click [415.055484ms] OK body=
05:33:56.801293 POST /session/a880ccf9-282d-4356-b5e5-3a1a9f8c44ac/actions [2.009164544s] OK body={"actions":[{"actions":[{"type":"keyDown","value":"a"},{"type":"keyUp","value":"a"},{"type":"keyDown...
05:33:56.821464 POST /session/a880ccf9-282d-4356-b5e5-3a1a9f8c44ac/appium/device/hide_keyboard [20.065377ms] ERR:404 body=
05:33:57.337989 POST /session/a880ccf9-282d-4356-b5e5-3a1a9f8c44ac/element [516.178889ms] OK body={"strategy":"-android uiautomator","selector":"new UiSelector().resourceIdMatches(\".*login-password...
05:33:57.371017 POST /session/a880ccf9-282d-4356-b5e5-3a1a9f8c44ac/element [32.685321ms] OK body={"strategy":"-android uiautomator","selector":"new UiSelector().resourceIdMatches(\".*login-password...
05:33:57.389806 GET /session/a880ccf9-282d-4356-b5e5-3a1a9f8c44ac/element/00000000-0000-0007-ffff-ffff00000034/text [18.676122ms] OK body=
05:33:57.410476 GET /session/a880ccf9-282d-4356-b5e5-3a1a9f8c44ac/element/00000000-0000-0007-ffff-ffff00000034/rect [20.578747ms] OK body=
05:33:57.687362 POST /session/a880ccf9-282d-4356-b5e5-3a1a9f8c44ac/element/00000000-0000-0007-ffff-ffff00000034/click [276.811905ms] OK body=
05:33:58.695986 POST /session/a880ccf9-282d-4356-b5e5-3a1a9f8c44ac/actions [1.008275145s] OK body={"actions":[{"actions":[{"type":"keyDown","value":"P"},{"type":"keyUp","value":"P"},{"type":"keyDown...
05:33:58.712516 POST /session/a880ccf9-282d-4356-b5e5-3a1a9f8c44ac/appium/device/hide_keyboard [16.414126ms] ERR:404 body=
05:33:59.190503 POST /session/a880ccf9-282d-4356-b5e5-3a1a9f8c44ac/element [477.652131ms] OK body={"strategy":"-android uiautomator","selector":"new UiSelector().resourceIdMatches(\".*login-submit-b...
05:33:59.208119 GET /session/a880ccf9-282d-4356-b5e5-3a1a9f8c44ac/element/00000000-0000-0007-ffff-ffff0000004b/text [17.497217ms] OK body=
05:33:59.229589 GET /session/a880ccf9-282d-4356-b5e5-3a1a9f8c44ac/element/00000000-0000-0007-ffff-ffff0000004b/rect [21.397642ms] OK body=
05:33:59.268913 POST /session/a880ccf9-282d-4356-b5e5-3a1a9f8c44ac/element/00000000-0000-0007-ffff-ffff0000004b/click [39.222772ms] OK body=
05:33:59.303157 POST /session/a880ccf9-282d-4356-b5e5-3a1a9f8c44ac/element [34.161313ms] OK body={"strategy":"-android uiautomator","selector":"new UiSelector().resourceIdMatches(\".*login-submit-b...
05:33:59.933968 GET /session/a880ccf9-282d-4356-b5e5-3a1a9f8c44ac/element/00000000-0000-0007-ffff-ffff0000004b/text [630.689403ms] OK body=
05:33:59.948721 GET /session/a880ccf9-282d-4356-b5e5-3a1a9f8c44ac/element/00000000-0000-0007-ffff-ffff0000004b/rect [14.675701ms] OK body=
05:33:59.981752 POST /session/a880ccf9-282d-4356-b5e5-3a1a9f8c44ac/element/00000000-0000-0007-ffff-ffff0000004b/click [32.956025ms] OK body=
05:34:00.019021 POST /session/a880ccf9-282d-4356-b5e5-3a1a9f8c44ac/element [36.922754ms] ERR:404 body={"strategy":"-android uiautomator","selector":"new UiSelector().resourceIdMatches(\".*COMMUNITY.*\")...
05:34:00.037624 POST /session/a880ccf9-282d-4356-b5e5-3a1a9f8c44ac/element [18.463493ms] ERR:404 body={"strategy":"-android uiautomator","selector":"new UiSelector().resourceIdMatches(\".*COMMUNITY.*\")...
05:34:00.748924 POST /session/a880ccf9-282d-4356-b5e5-3a1a9f8c44ac/element [711.166818ms] ERR:404 body={"strategy":"-android uiautomator","selector":"new UiSelector().resourceIdMatches(\".*COMMUNITY.*\")...
05:34:00.765043 POST /session/a880ccf9-282d-4356-b5e5-3a1a9f8c44ac/element [15.987019ms] ERR:404 body={"strategy":"-android uiautomator","selector":"new UiSelector().resourceIdMatches(\".*COMMUNITY.*\")...
05:34:00.786119 POST /session/a880ccf9-282d-4356-b5e5-3a1a9f8c44ac/element [20.944185ms] ERR:404 body={"strategy":"-android uiautomator","selector":"new UiSelector().resourceIdMatches(\".*COMMUNITY.*\")...
05:34:00.802888 POST /session/a880ccf9-282d-4356-b5e5-3a1a9f8c44ac/element [16.607884ms] ERR:404 body={"strategy":"-android uiautomator","selector":"new UiSelector().resourceIdMatches(\".*COMMUNITY.*\")...
05:34:00.818382 POST /session/a880ccf9-282d-4356-b5e5-3a1a9f8c44ac/element [15.338599ms] ERR:404 body={"strategy":"-android uiautomator","selector":"new UiSelector().resourceIdMatches(\".*COMMUNITY.*\")...
05:34:00.837722 POST /session/a880ccf9-282d-4356-b5e5-3a1a9f8c44ac/element [18.842182ms] ERR:404 body={"strategy":"-android uiautomator","selector":"new UiSelector().resourceIdMatches(\".*COMMUNITY.*\")...
05:34:01.488482 POST /session/a880ccf9-282d-4356-b5e5-3a1a9f8c44ac/element [650.605924ms] ERR:404 body={"strategy":"-android uiautomator","selector":"new UiSelector().resourceIdMatches(\".*COMMUNITY.*\")...
05:34:01.503652 POST /session/a880ccf9-282d-4356-b5e5-3a1a9f8c44ac/element [15.01817ms] ERR:404 body={"strategy":"-android uiautomator","selector":"new UiSelector().resourceIdMatches(\".*COMMUNITY.*\")...
05:34:01.523848 POST /session/a880ccf9-282d-4356-b5e5-3a1a9f8c44ac/element [20.061213ms] ERR:404 body={"strategy":"-android uiautomator","selector":"new UiSelector().resourceIdMatches(\".*COMMUNITY.*\")...
05:34:01.539286 POST /session/a880ccf9-282d-4356-b5e5-3a1a9f8c44ac/element [15.263148ms] ERR:404 body={"strategy":"-android uiautomator","selector":"new UiSelector().resourceIdMatches(\".*COMMUNITY.*\")...
05:34:01.565985 POST /session/a880ccf9-282d-4356-b5e5-3a1a9f8c44ac/element [26.559833ms] ERR:404 body={"strategy":"-android uiautomator","selector":"new UiSelector().resourceIdMatches(\".*COMMUNITY.*\")...
05:34:01.585107 POST /session/a880ccf9-282d-4356-b5e5-3a1a9f8c44ac/element [18.979077ms] ERR:404 body={"strategy":"-android uiautomator","selector":"new UiSelector().resourceIdMatches(\".*COMMUNITY.*\")...
05:34:01.600048 POST /session/a880ccf9-282d-4356-b5e5-3a1a9f8c44ac/element [14.797475ms] ERR:404 body={"strategy":"-android uiautomator","selector":"new UiSelector().resourceIdMatches(\".*COMMUNITY.*\")...
05:34:01.615952 POST /session/a880ccf9-282d-4356-b5e5-3a1a9f8c44ac/element [15.764513ms] ERR:404 body={"strategy":"-android uiautomator","selector":"new UiSelector().resourceIdMatches(\".*COMMUNITY.*\")...
05:34:01.631151 POST /session/a880ccf9-282d-4356-b5e5-3a1a9f8c44ac/element [15.00742ms] ERR:404 body={"strategy":"-android uiautomator","selector":"new UiSelector().resourceIdMatches(\".*COMMUNITY.*\")...
05:34:01.657043 POST /session/a880ccf9-282d-4356-b5e5-3a1a9f8c44ac/element [25.729396ms] ERR:404 body={"strategy":"-android uiautomator","selector":"new UiSelector().resourceIdMatches(\".*COMMUNITY.*\")...
05:34:01.689569 POST /session/a880ccf9-282d-4356-b5e5-3a1a9f8c44ac/element [32.397345ms] ERR:404 body={"strategy":"-android uiautomator","selector":"new UiSelector().resourceIdMatches(\".*COMMUNITY.*\")...
05:34:01.704457 POST /session/a880ccf9-282d-4356-b5e5-3a1a9f8c44ac/element [14.748942ms] ERR:404 body={"strategy":"-android uiautomator","selector":"new UiSelector().resourceIdMatches(\".*COMMUNITY.*\")...
05:34:01.718763 POST /session/a880ccf9-282d-4356-b5e5-3a1a9f8c44ac/element [14.166647ms] ERR:404 body={"strategy":"-android uiautomator","selector":"new UiSelector().resourceIdMatches(\".*COMMUNITY.*\")...
05:34:01.740307 POST /session/a880ccf9-282d-4356-b5e5-3a1a9f8c44ac/element [21.371028ms] ERR:404 body={"strategy":"-android uiautomator","selector":"new UiSelector().resourceIdMatches(\".*COMMUNITY.*\")...
05:34:01.755179 POST /session/a880ccf9-282d-4356-b5e5-3a1a9f8c44ac/element [14.731295ms] ERR:404 body={"strategy":"-android uiautomator","selector":"new UiSelector().resourceIdMatches(\".*COMMUNITY.*\")...
05:34:01.769749 POST /session/a880ccf9-282d-4356-b5e5-3a1a9f8c44ac/element [14.40167ms] ERR:404 body={"strategy":"-android uiautomator","selector":"new UiSelector().resourceIdMatches(\".*COMMUNITY.*\")...
05:34:01.784616 POST /session/a880ccf9-282d-4356-b5e5-3a1a9f8c44ac/element [14.70672ms] ERR:404 body={"strategy":"-android uiautomator","selector":"new UiSelector().resourceIdMatches(\".*COMMUNITY.*\")...
05:34:01.799350 POST /session/a880ccf9-282d-4356-b5e5-3a1a9f8c44ac/element [14.585473ms] ERR:404 body={"strategy":"-android uiautomator","selector":"new UiSelector().resourceIdMatches(\".*COMMUNITY.*\")...
05:34:01.825940 POST /session/a880ccf9-282d-4356-b5e5-3a1a9f8c44ac/element [26.421841ms] ERR:404 body={"strategy":"-android uiautomator","selector":"new UiSelector().resourceIdMatches(\".*COMMUNITY.*\")...
05:34:01.993935 POST /session/a880ccf9-282d-4356-b5e5-3a1a9f8c44ac/element [167.85207ms] ERR:404 body={"strategy":"-android uiautomator","selector":"new UiSelector().resourceIdMatches(\".*COMMUNITY.*\")...
05:34:02.008799 POST /session/a880ccf9-282d-4356-b5e5-3a1a9f8c44ac/element [14.733771ms] ERR:404 body={"strategy":"-android uiautomator","selector":"new UiSelector().resourceIdMatches(\".*COMMUNITY.*\")...
05:34:02.024837 POST /session/a880ccf9-282d-4356-b5e5-3a1a9f8c44ac/element [15.912618ms] ERR:404 body={"strategy":"-android uiautomator","selector":"new UiSelector().resourceIdMatches(\".*COMMUNITY.*\")...
05:34:02.039961 POST /session/a880ccf9-282d-4356-b5e5-3a1a9f8c44ac/element [14.960332ms] ERR:404 body={"strategy":"-android uiautomator","selector":"new UiSelector().resourceIdMatches(\".*COMMUNITY.*\")...
05:34:02.055982 POST /session/a880ccf9-282d-4356-b5e5-3a1a9f8c44ac/element [15.893644ms] ERR:404 body={"strategy":"-android uiautomator","selector":"new UiSelector().resourceIdMatches(\".*COMMUNITY.*\")...
05:34:02.182700 POST /session/a880ccf9-282d-4356-b5e5-3a1a9f8c44ac/element [126.568331ms] ERR:404 body={"strategy":"-android uiautomator","selector":"new UiSelector().resourceIdMatches(\".*COMMUNITY.*\")...
05:34:02.875681 POST /session/a880ccf9-282d-4356-b5e5-3a1a9f8c44ac/element [692.873657ms] OK body={"strategy":"-android uiautomator","selector":"new UiSelector().resourceIdMatches(\".*COMMUNITY.*\")...
05:34:03.699769 GET /session/a880ccf9-282d-4356-b5e5-3a1a9f8c44ac/element/00000000-0000-0007-ffff-ffff00000097/text [824.011704ms] OK body=
05:34:05.037410 GET /session/a880ccf9-282d-4356-b5e5-3a1a9f8c44ac/element/00000000-0000-0007-ffff-ffff00000097/rect [1.337579694s] OK body=
05:34:06.042950 POST /session/a880ccf9-282d-4356-b5e5-3a1a9f8c44ac/element [1.0042644s] OK body={"strategy":"-android uiautomator","selector":"new UiSelector().textContains(\"Community\")"}
05:34:06.516027 POST /session/a880ccf9-282d-4356-b5e5-3a1a9f8c44ac/element [471.914895ms] ERR:404 body={"strategy":"-android uiautomator","selector":"new UiSelector().resourceIdMatches(\".*COMMUNITY.*\")...
05:34:06.553479 POST /session/a880ccf9-282d-4356-b5e5-3a1a9f8c44ac/element [37.30593ms] OK body={"strategy":"-android uiautomator","selector":"new UiSelector().resourceIdMatches(\".*COMMUNITY.*\")...
05:34:06.568244 GET /session/a880ccf9-282d-4356-b5e5-3a1a9f8c44ac/element/00000000-0000-0007-ffff-ffff00000097/text [14.652758ms] OK body=
05:34:06.590432 GET /session/a880ccf9-282d-4356-b5e5-3a1a9f8c44ac/element/00000000-0000-0007-ffff-ffff00000097/rect [22.109258ms] OK body=
05:34:06.632679 POST /session/a880ccf9-282d-4356-b5e5-3a1a9f8c44ac/element/00000000-0000-0007-ffff-ffff00000097/click [42.154755ms] OK body=
05:34:06.854382 POST /session/a880ccf9-282d-4356-b5e5-3a1a9f8c44ac/element [220.631557ms] ERR:404 body={"strategy":"-android uiautomator","selector":"new UiSelector().resourceIdMatches(\".*recipe.*\").cl...
05:34:07.508680 POST /session/a880ccf9-282d-4356-b5e5-3a1a9f8c44ac/element [654.174054ms] OK body={"strategy":"-android uiautomator","selector":"new UiSelector().resourceIdMatches(\".*recipe.*\")"}
05:34:07.523263 GET /session/a880ccf9-282d-4356-b5e5-3a1a9f8c44ac/element/00000000-0000-0007-ffff-ffff000000e9/text [14.496798ms] OK body=
05:34:07.537123 GET /session/a880ccf9-282d-4356-b5e5-3a1a9f8c44ac/element/00000000-0000-0007-ffff-ffff000000e9/rect [13.778867ms] OK body=
05:34:07.574077 POST /session/a880ccf9-282d-4356-b5e5-3a1a9f8c44ac/element/00000000-0000-0007-ffff-ffff000000e9/click [36.883104ms] OK body=
05:34:07.634636 POST /session/a880ccf9-282d-4356-b5e5-3a1a9f8c44ac/element [59.365542ms] ERR:404 body={"strategy":"-android uiautomator","selector":"new UiSelector().resourceIdMatches(\".*recipe-comment...
05:34:07.669818 POST /session/a880ccf9-282d-4356-b5e5-3a1a9f8c44ac/element [35.047007ms] ERR:404 body={"strategy":"-android uiautomator","selector":"new UiSelector().resourceIdMatches(\".*recipe-comment...
05:34:07.705125 POST /session/a880ccf9-282d-4356-b5e5-3a1a9f8c44ac/element [35.149875ms] ERR:404 body={"strategy":"-android uiautomator","selector":"new UiSelector().resourceIdMatches(\".*recipe-comment...
05:34:07.736950 POST /session/a880ccf9-282d-4356-b5e5-3a1a9f8c44ac/element [31.643493ms] ERR:404 body={"strategy":"-android uiautomator","selector":"new UiSelector().resourceIdMatches(\".*recipe-comment...
05:34:08.097161 POST /session/a880ccf9-282d-4356-b5e5-3a1a9f8c44ac/element [360.031585ms] ERR:404 body={"strategy":"-android uiautomator","selector":"new UiSelector().resourceIdMatches(\".*recipe-comment...
05:34:09.024429 POST /session/a880ccf9-282d-4356-b5e5-3a1a9f8c44ac/element [927.123507ms] ERR:404 body={"strategy":"-android uiautomator","selector":"new UiSelector().resourceIdMatches(\".*recipe-comment...
05:34:10.607429 POST /session/a880ccf9-282d-4356-b5e5-3a1a9f8c44ac/appium/gestures/scroll [1.582846136s] OK body={"area":{"left":0,"top":300,"width":1080,"height":1800},"direction":"down","percent":0.3}
05:34:10.983931 POST /session/a880ccf9-282d-4356-b5e5-3a1a9f8c44ac/element [75.936289ms] ERR:404 body={"strategy":"-android uiautomator","selector":"new UiSelector().resourceIdMatches(\".*recipe-comment...
05:34:11.067916 POST /session/a880ccf9-282d-4356-b5e5-3a1a9f8c44ac/element [83.857533ms] ERR:404 body={"strategy":"-android uiautomator","selector":"new UiSelector().resourceIdMatches(\".*recipe-comment...
05:34:11.133641 POST /session/a880ccf9-282d-4356-b5e5-3a1a9f8c44ac/element [65.574507ms] ERR:404 body={"strategy":"-android uiautomator","selector":"new UiSelector().resourceIdMatches(\".*recipe-comment...
05:34:11.198609 POST /session/a880ccf9-282d-4356-b5e5-3a1a9f8c44ac/element [64.843674ms] ERR:404 body={"strategy":"-android uiautomator","selector":"new UiSelector().resourceIdMatches(\".*recipe-comment...
05:34:11.270583 POST /session/a880ccf9-282d-4356-b5e5-3a1a9f8c44ac/element [71.849059ms] ERR:404 body={"strategy":"-android uiautomator","selector":"new UiSelector().resourceIdMatches(\".*recipe-comment...
05:34:11.339026 POST /session/a880ccf9-282d-4356-b5e5-3a1a9f8c44ac/element [68.290757ms] ERR:404 body={"strategy":"-android uiautomator","selector":"new UiSelector().resourceIdMatches(\".*recipe-comment...
05:34:11.398993 POST /session/a880ccf9-282d-4356-b5e5-3a1a9f8c44ac/element [59.817558ms] ERR:404 body={"strategy":"-android uiautomator","selector":"new UiSelector().resourceIdMatches(\".*recipe-comment...
05:34:11.462086 POST /session/a880ccf9-282d-4356-b5e5-3a1a9f8c44ac/element [62.93745ms] ERR:404 body={"strategy":"-android uiautomator","selector":"new UiSelector().resourceIdMatches(\".*recipe-comment...
05:34:11.528280 POST /session/a880ccf9-282d-4356-b5e5-3a1a9f8c44ac/element [65.969324ms] ERR:404 body={"strategy":"-android uiautomator","selector":"new UiSelector().resourceIdMatches(\".*recipe-comment...
05:34:11.590943 POST /session/a880ccf9-282d-4356-b5e5-3a1a9f8c44ac/element [62.531034ms] ERR:404 body={"strategy":"-android uiautomator","selector":"new UiSelector().resourceIdMatches(\".*recipe-comment...
05:34:11.660090 POST /session/a880ccf9-282d-4356-b5e5-3a1a9f8c44ac/element [69.009559ms] ERR:404 body={"strategy":"-android uiautomator","selector":"new UiSelector().resourceIdMatches(\".*recipe-comment...
05:34:11.717351 POST /session/a880ccf9-282d-4356-b5e5-3a1a9f8c44ac/element [57.03082ms] ERR:404 body={"strategy":"-android uiautomator","selector":"new UiSelector().resourceIdMatches(\".*recipe-comment...
05:34:11.779673 POST /session/a880ccf9-282d-4356-b5e5-3a1a9f8c44ac/element [62.180323ms] ERR:404 body={"strategy":"-android uiautomator","selector":"new UiSelector().resourceIdMatches(\".*recipe-comment...
05:34:11.853539 POST /session/a880ccf9-282d-4356-b5e5-3a1a9f8c44ac/element [73.71589ms] ERR:404 body={"strategy":"-android uiautomator","selector":"new UiSelector().resourceIdMatches(\".*recipe-comment...
05:34:11.919491 POST /session/a880ccf9-282d-4356-b5e5-3a1a9f8c44ac/element [65.815056ms] ERR:404 body={"strategy":"-android uiautomator","selector":"new UiSelector().resourceIdMatches(\".*recipe-comment...
05:34:13.465462 POST /session/a880ccf9-282d-4356-b5e5-3a1a9f8c44ac/appium/gestures/scroll [1.545847085s] OK body={"area":{"left":0,"top":300,"width":1080,"height":1800},"direction":"down","percent":0.3}
05:34:13.815104 POST /session/a880ccf9-282d-4356-b5e5-3a1a9f8c44ac/element [49.032941ms] ERR:404 body={"strategy":"-android uiautomator","selector":"new UiSelector().resourceIdMatches(\".*recipe-comment...
05:34:13.879007 POST /session/a880ccf9-282d-4356-b5e5-3a1a9f8c44ac/element [63.736393ms] ERR:404 body={"strategy":"-android uiautomator","selector":"new UiSelector().resourceIdMatches(\".*recipe-comment...
05:34:13.937328 POST /session/a880ccf9-282d-4356-b5e5-3a1a9f8c44ac/element [58.185879ms] ERR:404 body={"strategy":"-android uiautomator","selector":"new UiSelector().resourceIdMatches(\".*recipe-comment...
05:34:13.989340 POST /session/a880ccf9-282d-4356-b5e5-3a1a9f8c44ac/element [51.877068ms] ERR:404 body={"strategy":"-android uiautomator","selector":"new UiSelector().resourceIdMatches(\".*recipe-comment...
05:34:14.041800 POST /session/a880ccf9-282d-4356-b5e5-3a1a9f8c44ac/element [52.327304ms] ERR:404 body={"strategy":"-android uiautomator","selector":"new UiSelector().resourceIdMatches(\".*recipe-comment...
05:34:14.095167 POST /session/a880ccf9-282d-4356-b5e5-3a1a9f8c44ac/element [53.251903ms] ERR:404 body={"strategy":"-android uiautomator","selector":"new UiSelector().resourceIdMatches(\".*recipe-comment...
05:34:14.149269 POST /session/a880ccf9-282d-4356-b5e5-3a1a9f8c44ac/element [53.935866ms] ERR:404 body={"strategy":"-android uiautomator","selector":"new UiSelector().resourceIdMatches(\".*recipe-comment...
05:34:14.204916 POST /session/a880ccf9-282d-4356-b5e5-3a1a9f8c44ac/element [55.483678ms] ERR:404 body={"strategy":"-android uiautomator","selector":"new UiSelector().resourceIdMatches(\".*recipe-comment...
05:34:14.256372 POST /session/a880ccf9-282d-4356-b5e5-3a1a9f8c44ac/element [51.298859ms] ERR:404 body={"strategy":"-android uiautomator","selector":"new UiSelector().resourceIdMatches(\".*recipe-comment...
05:34:14.325181 POST /session/a880ccf9-282d-4356-b5e5-3a1a9f8c44ac/element [68.67907ms] ERR:404 body={"strategy":"-android uiautomator","selector":"new UiSelector().resourceIdMatches(\".*recipe-comment...
05:34:14.387517 POST /session/a880ccf9-282d-4356-b5e5-3a1a9f8c44ac/element [62.155364ms] ERR:404 body={"strategy":"-android uiautomator","selector":"new UiSelector().resourceIdMatches(\".*recipe-comment...
05:34:14.447328 POST /session/a880ccf9-282d-4356-b5e5-3a1a9f8c44ac/element [59.651627ms] ERR:404 body={"strategy":"-android uiautomator","selector":"new UiSelector().resourceIdMatches(\".*recipe-comment...
05:34:14.506761 POST /session/a880ccf9-282d-4356-b5e5-3a1a9f8c44ac/element [59.257344ms] ERR:404 body={"strategy":"-android uiautomator","selector":"new UiSelector().resourceIdMatches(\".*recipe-comment...
05:34:14.561531 POST /session/a880ccf9-282d-4356-b5e5-3a1a9f8c44ac/element [54.635878ms] ERR:404 body={"strategy":"-android uiautomator","selector":"new UiSelector().resourceIdMatches(\".*recipe-comment...
05:34:14.621291 POST /session/a880ccf9-282d-4356-b5e5-3a1a9f8c44ac/element [59.61045ms] ERR:404 body={"strategy":"-android uiautomator","selector":"new UiSelector().resourceIdMatches(\".*recipe-comment...
05:34:14.677320 POST /session/a880ccf9-282d-4356-b5e5-3a1a9f8c44ac/element [55.903124ms] ERR:404 body={"strategy":"-android uiautomator","selector":"new UiSelector().resourceIdMatches(\".*recipe-comment...
05:34:14.735952 POST /session/a880ccf9-282d-4356-b5e5-3a1a9f8c44ac/element [58.495154ms] ERR:404 body={"strategy":"-android uiautomator","selector":"new UiSelector().resourceIdMatches(\".*recipe-comment...
05:34:14.801916 POST /session/a880ccf9-282d-4356-b5e5-3a1a9f8c44ac/element [65.805288ms] ERR:404 body={"strategy":"-android uiautomator","selector":"new UiSelector().resourceIdMatches(\".*recipe-comment...
05:34:16.325292 POST /session/a880ccf9-282d-4356-b5e5-3a1a9f8c44ac/appium/gestures/scroll [1.523232435s] OK body={"area":{"left":0,"top":300,"width":1080,"height":1800},"direction":"down","percent":0.3}
05:34:16.654504 POST /session/a880ccf9-282d-4356-b5e5-3a1a9f8c44ac/element [28.582192ms] OK body={"strategy":"-android uiautomator","selector":"new UiSelector().resourceIdMatches(\".*recipe-comment...
05:34:16.667661 GET /session/a880ccf9-282d-4356-b5e5-3a1a9f8c44ac/element/00000000-0000-0007-ffff-ffff00000113/text [13.064337ms] OK body=
05:34:16.681284 GET /session/a880ccf9-282d-4356-b5e5-3a1a9f8c44ac/element/00000000-0000-0007-ffff-ffff00000113/rect [13.574639ms] OK body=
05:34:16.715368 POST /session/a880ccf9-282d-4356-b5e5-3a1a9f8c44ac/element [33.03404ms] OK body={"strategy":"-android uiautomator","selector":"new UiSelector().resourceIdMatches(\".*recipe-comment...
05:34:16.726035 GET /session/a880ccf9-282d-4356-b5e5-3a1a9f8c44ac/element/00000000-0000-0007-ffff-ffff00000113/text [10.601425ms] OK body=
05:34:16.738084 GET /session/a880ccf9-282d-4356-b5e5-3a1a9f8c44ac/element/00000000-0000-0007-ffff-ffff00000113/rect [11.986916ms] OK body=
05:34:16.984310 POST /session/a880ccf9-282d-4356-b5e5-3a1a9f8c44ac/element/00000000-0000-0007-ffff-ffff00000113/click [246.155334ms] OK body=
05:34:18.549737 POST /session/a880ccf9-282d-4356-b5e5-3a1a9f8c44ac/actions [1.564314209s] OK body={"actions":[{"actions":[{"type":"keyDown","value":"t"},{"type":"keyUp","value":"t"},{"type":"keyDown...
05:34:18.575661 POST /session/a880ccf9-282d-4356-b5e5-3a1a9f8c44ac/appium/device/hide_keyboard [25.046179ms] ERR:404 body=
05:34:19.193411 POST /session/a880ccf9-282d-4356-b5e5-3a1a9f8c44ac/element [616.152331ms] ERR:404 body={"strategy":"-android uiautomator","selector":"new UiSelector().resourceIdMatches(\".*submit-comment...
05:34:19.784219 POST /session/a880ccf9-282d-4356-b5e5-3a1a9f8c44ac/element [590.514932ms] OK body={"strategy":"-android uiautomator","selector":"new UiSelector().resourceIdMatches(\".*submit-comment...
05:34:20.386545 GET /session/a880ccf9-282d-4356-b5e5-3a1a9f8c44ac/element/00000000-0000-0007-ffff-ffff000001d8/text [602.24131ms] OK body=
05:34:21.007404 GET /session/a880ccf9-282d-4356-b5e5-3a1a9f8c44ac/element/00000000-0000-0007-ffff-ffff000001d8/rect [620.76376ms] OK body=
05:34:21.949922 POST /session/a880ccf9-282d-4356-b5e5-3a1a9f8c44ac/element/00000000-0000-0007-ffff-ffff000001d8/click [942.445288ms] OK body=
05:34:22.671259 POST /session/a880ccf9-282d-4356-b5e5-3a1a9f8c44ac/element [721.243941ms] ERR:404 body={"strategy":"-android uiautomator","selector":"new UiSelector().resourceIdMatches(\".*submit-comment...
05:34:22.701922 POST /session/a880ccf9-282d-4356-b5e5-3a1a9f8c44ac/element [30.515245ms] OK body={"strategy":"-android uiautomator","selector":"new UiSelector().resourceIdMatches(\".*submit-comment...
05:34:22.715241 GET /session/a880ccf9-282d-4356-b5e5-3a1a9f8c44ac/element/00000000-0000-0007-ffff-ffff000001d8/text [13.234977ms] OK body=
05:34:22.729336 GET /session/a880ccf9-282d-4356-b5e5-3a1a9f8c44ac/element/00000000-0000-0007-ffff-ffff000001d8/rect [13.994339ms] OK body=
05:34:22.763319 POST /session/a880ccf9-282d-4356-b5e5-3a1a9f8c44ac/element/00000000-0000-0007-ffff-ffff000001d8/click [33.869056ms] OK body=
05:34:28.800579 POST /session/a880ccf9-282d-4356-b5e5-3a1a9f8c44ac/appium/device/launch_app [9.359283ms] ERR:404 body={"appId":"com.tastopia.app"}
05:34:31.694422 POST /session/a880ccf9-282d-4356-b5e5-3a1a9f8c44ac/element [1.080770913s] OK body={"strategy":"-android uiautomator","selector":"new UiSelector().resourceIdMatches(\".*MENU.*\")"}
05:34:32.364797 GET /session/a880ccf9-282d-4356-b5e5-3a1a9f8c44ac/element/00000000-0000-000a-ffff-ffff0000006f/text [670.271291ms] OK body=
05:34:33.695540 GET /session/a880ccf9-282d-4356-b5e5-3a1a9f8c44ac/element/00000000-0000-000a-ffff-ffff0000006f/rect [1.330658065s] OK body=
05:34:34.121533 POST /session/a880ccf9-282d-4356-b5e5-3a1a9f8c44ac/element [425.636515ms] ERR:404 body={"strategy":"-android uiautomator","selector":"new UiSelector().resourceIdMatches(\".*MENU.*\").clic...
05:34:34.151887 POST /session/a880ccf9-282d-4356-b5e5-3a1a9f8c44ac/element [30.22699ms] OK body={"strategy":"-android uiautomator","selector":"new UiSelector().resourceIdMatches(\".*MENU.*\")"}
05:34:34.167131 GET /session/a880ccf9-282d-4356-b5e5-3a1a9f8c44ac/element/00000000-0000-000a-ffff-ffff0000006f/text [15.157612ms] OK body=
05:34:34.183670 GET /session/a880ccf9-282d-4356-b5e5-3a1a9f8c44ac/element/00000000-0000-000a-ffff-ffff0000006f/rect [16.46046ms] OK body=
05:34:34.221053 POST /session/a880ccf9-282d-4356-b5e5-3a1a9f8c44ac/element/00000000-0000-000a-ffff-ffff0000006f/click [37.304355ms] OK body=
05:34:34.226694 POST /session/a880ccf9-282d-4356-b5e5-3a1a9f8c44ac/appium/device/hide_keyboard [5.527003ms] ERR:404 body=
05:34:34.355397 POST /session/a880ccf9-282d-4356-b5e5-3a1a9f8c44ac/element [128.235519ms] ERR:404 body={"strategy":"-android uiautomator","selector":"new UiSelector().textContains(\"History\")"}
05:34:34.428569 POST /session/a880ccf9-282d-4356-b5e5-3a1a9f8c44ac/element [73.007241ms] ERR:404 body={"strategy":"-android uiautomator","selector":"new UiSelector().descriptionContains(\"History\")"}
05:34:34.634496 POST /session/a880ccf9-282d-4356-b5e5-3a1a9f8c44ac/element [205.785598ms] ERR:404 body={"strategy":"-android uiautomator","selector":"new UiSelector().textMatches(\"(?is).*\\QHistory\\E.*...
05:34:36.030257 POST /session/a880ccf9-282d-4356-b5e5-3a1a9f8c44ac/element [1.395637054s] ERR:404 body={"strategy":"-android uiautomator","selector":"new UiSelector().descriptionMatches(\"(?is).*\\QHisto...
05:34:36.044284 POST /session/a880ccf9-282d-4356-b5e5-3a1a9f8c44ac/element [13.898897ms] OK body={"strategy":"-android uiautomator","selector":"new UiSelector().textContains(\"History\")"}
05:34:36.067146 POST /session/a880ccf9-282d-4356-b5e5-3a1a9f8c44ac/element [22.48797ms] OK body={"strategy":"-android uiautomator","selector":"new UiSelector().resourceIdMatches(\".*menu-logout-bu...
05:34:36.078474 GET /session/a880ccf9-282d-4356-b5e5-3a1a9f8c44ac/element/00000000-0000-000a-ffff-ffff000000ec/text [11.22383ms] OK body=
05:34:36.090338 GET /session/a880ccf9-282d-4356-b5e5-3a1a9f8c44ac/element/00000000-0000-000a-ffff-ffff000000ec/rect [11.778574ms] OK body=
05:34:36.129696 POST /session/a880ccf9-282d-4356-b5e5-3a1a9f8c44ac/element/00000000-0000-000a-ffff-ffff000000ec/click [39.268519ms] OK body=
05:34:36.168039 POST /session/a880ccf9-282d-4356-b5e5-3a1a9f8c44ac/element [37.985581ms] ERR:404 body={"strategy":"-android uiautomator","selector":"new UiSelector().textContains(\"Welcome to\")"}
05:34:36.200550 POST /session/a880ccf9-282d-4356-b5e5-3a1a9f8c44ac/element [32.379589ms] ERR:404 body={"strategy":"-android uiautomator","selector":"new UiSelector().descriptionContains(\"Welcome to\")"...
05:34:36.230851 POST /session/a880ccf9-282d-4356-b5e5-3a1a9f8c44ac/element [30.174267ms] ERR:404 body={"strategy":"-android uiautomator","selector":"new UiSelector().textMatches(\"(?is).*\\QWelcome to\\...
05:34:36.260017 POST /session/a880ccf9-282d-4356-b5e5-3a1a9f8c44ac/element [29.022698ms] ERR:404 body={"strategy":"-android uiautomator","selector":"new UiSelector().descriptionMatches(\"(?is).*\\QWelco...
05:34:36.293891 POST /session/a880ccf9-282d-4356-b5e5-3a1a9f8c44ac/element [33.728741ms] ERR:404 body={"strategy":"-android uiautomator","selector":"new UiSelector().textContains(\"Welcome to\")"}
05:34:36.329148 POST /session/a880ccf9-282d-4356-b5e5-3a1a9f8c44ac/element [35.104018ms] ERR:404 body={"strategy":"-android uiautomator","selector":"new UiSelector().descriptionContains(\"Welcome to\")"...
05:34:36.385671 POST /session/a880ccf9-282d-4356-b5e5-3a1a9f8c44ac/element [56.34708ms] ERR:404 body={"strategy":"-android uiautomator","selector":"new UiSelector().textMatches(\"(?is).*\\QWelcome to\\...
05:34:37.501260 POST /session/a880ccf9-282d-4356-b5e5-3a1a9f8c44ac/element [1.115157403s] ERR:404 body={"strategy":"-android uiautomator","selector":"new UiSelector().descriptionMatches(\"(?is).*\\QWelco...
05:34:37.527332 POST /session/a880ccf9-282d-4356-b5e5-3a1a9f8c44ac/element [25.953849ms] OK body={"strategy":"-android uiautomator","selector":"new UiSelector().textContains(\"Welcome to\")"}
05:34:37.544874 POST /session/a880ccf9-282d-4356-b5e5-3a1a9f8c44ac/element [16.99737ms] OK body={"strategy":"-android uiautomator","selector":"new UiSelector().textContains(\"Tastopia\")"}
05:34:37.559162 POST /session/a880ccf9-282d-4356-b5e5-3a1a9f8c44ac/appium/settings [13.322946ms] OK body={"settings":{"waitForIdleTimeout":200}}
05:34:42.726935 POST /session/a880ccf9-282d-4356-b5e5-3a1a9f8c44ac/appium/device/launch_app [6.017127ms] ERR:404 body={"appId":"com.tastopia.app"}
05:34:45.467393 POST /session/a880ccf9-282d-4356-b5e5-3a1a9f8c44ac/element [1.001220018s] OK body={"strategy":"-android uiautomator","selector":"new UiSelector().resourceIdMatches(\".*welcome-sign-i...
05:34:45.571304 GET /session/a880ccf9-282d-4356-b5e5-3a1a9f8c44ac/element/00000000-0000-000c-ffff-ffff00000022/text [103.83329ms] OK body=
05:34:45.594130 GET /session/a880ccf9-282d-4356-b5e5-3a1a9f8c44ac/element/00000000-0000-000c-ffff-ffff00000022/rect [22.748356ms] OK body=
05:34:45.649971 POST /session/a880ccf9-282d-4356-b5e5-3a1a9f8c44ac/element/00000000-0000-000c-ffff-ffff00000022/click [55.742344ms] OK body=
05:34:45.675655 POST /session/a880ccf9-282d-4356-b5e5-3a1a9f8c44ac/element [25.345423ms] ERR:404 body={"strategy":"-android uiautomator","selector":"new UiSelector().resourceIdMatches(\".*login-identifi...
05:34:45.691059 POST /session/a880ccf9-282d-4356-b5e5-3a1a9f8c44ac/element [15.298818ms] ERR:404 body={"strategy":"-android uiautomator","selector":"new UiSelector().resourceIdMatches(\".*login-identifi...
05:34:45.702371 POST /session/a880ccf9-282d-4356-b5e5-3a1a9f8c44ac/element [11.13432ms] ERR:404 body={"strategy":"-android uiautomator","selector":"new UiSelector().resourceIdMatches(\".*login-identifi...
05:34:45.714501 POST /session/a880ccf9-282d-4356-b5e5-3a1a9f8c44ac/element [12.004674ms] ERR:404 body={"strategy":"-android uiautomator","selector":"new UiSelector().resourceIdMatches(\".*login-identifi...
05:34:45.737695 POST /session/a880ccf9-282d-4356-b5e5-3a1a9f8c44ac/element [23.067598ms] ERR:404 body={"strategy":"-android uiautomator","selector":"new UiSelector().resourceIdMatches(\".*login-identifi...
05:34:45.757037 POST /session/a880ccf9-282d-4356-b5e5-3a1a9f8c44ac/element [19.198449ms] ERR:404 body={"strategy":"-android uiautomator","selector":"new UiSelector().resourceIdMatches(\".*login-identifi...
05:34:45.780314 POST /session/a880ccf9-282d-4356-b5e5-3a1a9f8c44ac/element [23.15698ms] ERR:404 body={"strategy":"-android uiautomator","selector":"new UiSelector().resourceIdMatches(\".*login-identifi...
05:34:45.792660 POST /session/a880ccf9-282d-4356-b5e5-3a1a9f8c44ac/element [12.230577ms] ERR:404 body={"strategy":"-android uiautomator","selector":"new UiSelector().resourceIdMatches(\".*login-identifi...
05:34:45.805290 POST /session/a880ccf9-282d-4356-b5e5-3a1a9f8c44ac/element [12.506465ms] ERR:404 body={"strategy":"-android uiautomator","selector":"new UiSelector().resourceIdMatches(\".*login-identifi...
05:34:45.819324 POST /session/a880ccf9-282d-4356-b5e5-3a1a9f8c44ac/element [13.866185ms] ERR:404 body={"strategy":"-android uiautomator","selector":"new UiSelector().resourceIdMatches(\".*login-identifi...
05:34:46.490842 POST /session/a880ccf9-282d-4356-b5e5-3a1a9f8c44ac/element [671.387835ms] OK body={"strategy":"-android uiautomator","selector":"new UiSelector().resourceIdMatches(\".*login-identifi...
05:34:46.695616 POST /session/a880ccf9-282d-4356-b5e5-3a1a9f8c44ac/element [203.055997ms] OK body={"strategy":"-android uiautomator","selector":"new UiSelector().resourceIdMatches(\".*login-identifi...
05:34:46.707623 GET /session/a880ccf9-282d-4356-b5e5-3a1a9f8c44ac/element/00000000-0000-000c-ffff-ffff00000031/text [11.92451ms] OK body=
05:34:46.722840 GET /session/a880ccf9-282d-4356-b5e5-3a1a9f8c44ac/element/00000000-0000-000c-ffff-ffff00000031/rect [15.14624ms] OK body=
05:34:47.029172 POST /session/a880ccf9-282d-4356-b5e5-3a1a9f8c44ac/element/00000000-0000-000c-ffff-ffff00000031/click [306.267825ms] OK body=
05:34:47.928386 POST /session/a880ccf9-282d-4356-b5e5-3a1a9f8c44ac/actions [898.81923ms] OK body={"actions":[{"actions":[{"type":"keyDown","value":"a"},{"type":"keyUp","value":"a"},{"type":"keyDown...
05:34:47.938439 POST /session/a880ccf9-282d-4356-b5e5-3a1a9f8c44ac/appium/device/hide_keyboard [9.929777ms] ERR:404 body=
05:34:48.554221 POST /session/a880ccf9-282d-4356-b5e5-3a1a9f8c44ac/element [615.412047ms] OK body={"strategy":"-android uiautomator","selector":"new UiSelector().resourceIdMatches(\".*login-password...
05:34:48.584615 POST /session/a880ccf9-282d-4356-b5e5-3a1a9f8c44ac/element [29.370195ms] OK body={"strategy":"-android uiautomator","selector":"new UiSelector().resourceIdMatches(\".*login-password...
05:34:48.596266 GET /session/a880ccf9-282d-4356-b5e5-3a1a9f8c44ac/element/00000000-0000-000c-ffff-ffff00000032/text [11.577483ms] OK body=
05:34:48.608665 GET /session/a880ccf9-282d-4356-b5e5-3a1a9f8c44ac/element/00000000-0000-000c-ffff-ffff00000032/rect [12.312389ms] OK body=
05:34:49.260779 POST /session/a880ccf9-282d-4356-b5e5-3a1a9f8c44ac/element/00000000-0000-000c-ffff-ffff00000032/click [652.015876ms] OK body=
05:34:50.261007 POST /session/a880ccf9-282d-4356-b5e5-3a1a9f8c44ac/actions [999.790427ms] OK body={"actions":[{"actions":[{"type":"keyDown","value":"P"},{"type":"keyUp","value":"P"},{"type":"keyDown...
05:34:50.269353 POST /session/a880ccf9-282d-4356-b5e5-3a1a9f8c44ac/appium/device/hide_keyboard [8.061577ms] ERR:404 body=
05:34:50.767613 POST /session/a880ccf9-282d-4356-b5e5-3a1a9f8c44ac/element [497.870115ms] OK body={"strategy":"-android uiautomator","selector":"new UiSelector().resourceIdMatches(\".*login-submit-b...
05:34:50.779699 GET /session/a880ccf9-282d-4356-b5e5-3a1a9f8c44ac/element/00000000-0000-000c-ffff-ffff0000004b/text [11.994585ms] OK body=
05:34:50.793048 GET /session/a880ccf9-282d-4356-b5e5-3a1a9f8c44ac/element/00000000-0000-000c-ffff-ffff0000004b/rect [13.268456ms] OK body=
05:34:50.827838 POST /session/a880ccf9-282d-4356-b5e5-3a1a9f8c44ac/element/00000000-0000-000c-ffff-ffff0000004b/click [34.71007ms] OK body=
05:34:50.851239 POST /session/a880ccf9-282d-4356-b5e5-3a1a9f8c44ac/element [23.304564ms] OK body={"strategy":"-android uiautomator","selector":"new UiSelector().resourceIdMatches(\".*login-submit-b...
05:34:51.510297 GET /session/a880ccf9-282d-4356-b5e5-3a1a9f8c44ac/element/00000000-0000-000c-ffff-ffff0000004b/text [658.948386ms] OK body=
05:34:51.524567 GET /session/a880ccf9-282d-4356-b5e5-3a1a9f8c44ac/element/00000000-0000-000c-ffff-ffff0000004b/rect [14.190284ms] OK body=
05:34:51.555996 POST /session/a880ccf9-282d-4356-b5e5-3a1a9f8c44ac/element/00000000-0000-000c-ffff-ffff0000004b/click [31.350661ms] OK body=
05:34:51.583646 POST /session/a880ccf9-282d-4356-b5e5-3a1a9f8c44ac/element [27.288039ms] ERR:404 body={"strategy":"-android uiautomator","selector":"new UiSelector().resourceIdMatches(\".*COMMUNITY.*\")...
05:34:51.596180 POST /session/a880ccf9-282d-4356-b5e5-3a1a9f8c44ac/element [12.399622ms] ERR:404 body={"strategy":"-android uiautomator","selector":"new UiSelector().resourceIdMatches(\".*COMMUNITY.*\")...
05:34:52.315095 POST /session/a880ccf9-282d-4356-b5e5-3a1a9f8c44ac/element [718.778839ms] ERR:404 body={"strategy":"-android uiautomator","selector":"new UiSelector().resourceIdMatches(\".*COMMUNITY.*\")...
05:34:52.336413 POST /session/a880ccf9-282d-4356-b5e5-3a1a9f8c44ac/element [21.142093ms] ERR:404 body={"strategy":"-android uiautomator","selector":"new UiSelector().resourceIdMatches(\".*COMMUNITY.*\")...
05:34:52.947413 POST /session/a880ccf9-282d-4356-b5e5-3a1a9f8c44ac/element [610.870287ms] ERR:404 body={"strategy":"-android uiautomator","selector":"new UiSelector().resourceIdMatches(\".*COMMUNITY.*\")...
05:34:52.974394 POST /session/a880ccf9-282d-4356-b5e5-3a1a9f8c44ac/element [26.853519ms] ERR:404 body={"strategy":"-android uiautomator","selector":"new UiSelector().resourceIdMatches(\".*COMMUNITY.*\")...
05:34:52.989348 POST /session/a880ccf9-282d-4356-b5e5-3a1a9f8c44ac/element [14.82048ms] ERR:404 body={"strategy":"-android uiautomator","selector":"new UiSelector().resourceIdMatches(\".*COMMUNITY.*\")...
05:34:53.005012 POST /session/a880ccf9-282d-4356-b5e5-3a1a9f8c44ac/element [15.539713ms] ERR:404 body={"strategy":"-android uiautomator","selector":"new UiSelector().resourceIdMatches(\".*COMMUNITY.*\")...
05:34:53.032668 POST /session/a880ccf9-282d-4356-b5e5-3a1a9f8c44ac/element [27.505545ms] ERR:404 body={"strategy":"-android uiautomator","selector":"new UiSelector().resourceIdMatches(\".*COMMUNITY.*\")...
05:34:53.045330 POST /session/a880ccf9-282d-4356-b5e5-3a1a9f8c44ac/element [12.520307ms] ERR:404 body={"strategy":"-android uiautomator","selector":"new UiSelector().resourceIdMatches(\".*COMMUNITY.*\")...
05:34:53.086170 POST /session/a880ccf9-282d-4356-b5e5-3a1a9f8c44ac/element [40.699148ms] ERR:404 body={"strategy":"-android uiautomator","selector":"new UiSelector().resourceIdMatches(\".*COMMUNITY.*\")...
05:34:53.112334 POST /session/a880ccf9-282d-4356-b5e5-3a1a9f8c44ac/element [25.601681ms] ERR:404 body={"strategy":"-android uiautomator","selector":"new UiSelector().resourceIdMatches(\".*COMMUNITY.*\")...
05:34:53.126030 POST /session/a880ccf9-282d-4356-b5e5-3a1a9f8c44ac/element [13.584453ms] ERR:404 body={"strategy":"-android uiautomator","selector":"new UiSelector().resourceIdMatches(\".*COMMUNITY.*\")...
05:34:53.139745 POST /session/a880ccf9-282d-4356-b5e5-3a1a9f8c44ac/element [13.596778ms] ERR:404 body={"strategy":"-android uiautomator","selector":"new UiSelector().resourceIdMatches(\".*COMMUNITY.*\")...
05:34:53.153799 POST /session/a880ccf9-282d-4356-b5e5-3a1a9f8c44ac/element [13.907785ms] ERR:404 body={"strategy":"-android uiautomator","selector":"new UiSelector().resourceIdMatches(\".*COMMUNITY.*\")...
05:34:53.167904 POST /session/a880ccf9-282d-4356-b5e5-3a1a9f8c44ac/element [13.977717ms] ERR:404 body={"strategy":"-android uiautomator","selector":"new UiSelector().resourceIdMatches(\".*COMMUNITY.*\")...
05:34:53.188749 POST /session/a880ccf9-282d-4356-b5e5-3a1a9f8c44ac/element [20.722728ms] ERR:404 body={"strategy":"-android uiautomator","selector":"new UiSelector().resourceIdMatches(\".*COMMUNITY.*\")...
05:34:53.207480 POST /session/a880ccf9-282d-4356-b5e5-3a1a9f8c44ac/element [18.595896ms] ERR:404 body={"strategy":"-android uiautomator","selector":"new UiSelector().resourceIdMatches(\".*COMMUNITY.*\")...
05:34:53.220294 POST /session/a880ccf9-282d-4356-b5e5-3a1a9f8c44ac/element [12.662333ms] ERR:404 body={"strategy":"-android uiautomator","selector":"new UiSelector().resourceIdMatches(\".*COMMUNITY.*\")...
05:34:53.233767 POST /session/a880ccf9-282d-4356-b5e5-3a1a9f8c44ac/element [13.335699ms] ERR:404 body={"strategy":"-android uiautomator","selector":"new UiSelector().resourceIdMatches(\".*COMMUNITY.*\")...
05:34:53.249047 POST /session/a880ccf9-282d-4356-b5e5-3a1a9f8c44ac/element [15.140778ms] ERR:404 body={"strategy":"-android uiautomator","selector":"new UiSelector().resourceIdMatches(\".*COMMUNITY.*\")...
05:34:53.261705 POST /session/a880ccf9-282d-4356-b5e5-3a1a9f8c44ac/element [12.508044ms] ERR:404 body={"strategy":"-android uiautomator","selector":"new UiSelector().resourceIdMatches(\".*COMMUNITY.*\")...
05:34:53.283536 POST /session/a880ccf9-282d-4356-b5e5-3a1a9f8c44ac/element [21.645715ms] ERR:404 body={"strategy":"-android uiautomator","selector":"new UiSelector().resourceIdMatches(\".*COMMUNITY.*\")...
05:34:53.310436 POST /session/a880ccf9-282d-4356-b5e5-3a1a9f8c44ac/element [26.745256ms] ERR:404 body={"strategy":"-android uiautomator","selector":"new UiSelector().resourceIdMatches(\".*COMMUNITY.*\")...
05:34:53.329117 POST /session/a880ccf9-282d-4356-b5e5-3a1a9f8c44ac/element [18.546402ms] ERR:404 body={"strategy":"-android uiautomator","selector":"new UiSelector().resourceIdMatches(\".*COMMUNITY.*\")...
05:34:53.354607 POST /session/a880ccf9-282d-4356-b5e5-3a1a9f8c44ac/element [25.33446ms] ERR:404 body={"strategy":"-android uiautomator","selector":"new UiSelector().resourceIdMatches(\".*COMMUNITY.*\")...
05:34:53.367629 POST /session/a880ccf9-282d-4356-b5e5-3a1a9f8c44ac/element [12.835155ms] ERR:404 body={"strategy":"-android uiautomator","selector":"new UiSelector().resourceIdMatches(\".*COMMUNITY.*\")...
05:34:53.384134 POST /session/a880ccf9-282d-4356-b5e5-3a1a9f8c44ac/element [16.328445ms] ERR:404 body={"strategy":"-android uiautomator","selector":"new UiSelector().resourceIdMatches(\".*COMMUNITY.*\")...
05:34:53.397622 POST /session/a880ccf9-282d-4356-b5e5-3a1a9f8c44ac/element [13.311134ms] ERR:404 body={"strategy":"-android uiautomator","selector":"new UiSelector().resourceIdMatches(\".*COMMUNITY.*\")...
05:34:53.422499 POST /session/a880ccf9-282d-4356-b5e5-3a1a9f8c44ac/element [24.741159ms] ERR:404 body={"strategy":"-android uiautomator","selector":"new UiSelector().resourceIdMatches(\".*COMMUNITY.*\")...
05:34:53.435294 POST /session/a880ccf9-282d-4356-b5e5-3a1a9f8c44ac/element [12.638704ms] ERR:404 body={"strategy":"-android uiautomator","selector":"new UiSelector().resourceIdMatches(\".*COMMUNITY.*\")...
05:34:53.447857 POST /session/a880ccf9-282d-4356-b5e5-3a1a9f8c44ac/element [12.41426ms] ERR:404 body={"strategy":"-android uiautomator","selector":"new UiSelector().resourceIdMatches(\".*COMMUNITY.*\")...
05:34:53.459403 POST /session/a880ccf9-282d-4356-b5e5-3a1a9f8c44ac/element [11.418762ms] ERR:404 body={"strategy":"-android uiautomator","selector":"new UiSelector().resourceIdMatches(\".*COMMUNITY.*\")...
05:34:53.471842 POST /session/a880ccf9-282d-4356-b5e5-3a1a9f8c44ac/element [12.31298ms] ERR:404 body={"strategy":"-android uiautomator","selector":"new UiSelector().resourceIdMatches(\".*COMMUNITY.*\")...
05:34:53.483020 POST /session/a880ccf9-282d-4356-b5e5-3a1a9f8c44ac/element [11.056996ms] ERR:404 body={"strategy":"-android uiautomator","selector":"new UiSelector().resourceIdMatches(\".*COMMUNITY.*\")...
05:34:53.495731 POST /session/a880ccf9-282d-4356-b5e5-3a1a9f8c44ac/element [12.571122ms] ERR:404 body={"strategy":"-android uiautomator","selector":"new UiSelector().resourceIdMatches(\".*COMMUNITY.*\")...
05:34:53.508707 POST /session/a880ccf9-282d-4356-b5e5-3a1a9f8c44ac/element [12.808004ms] ERR:404 body={"strategy":"-android uiautomator","selector":"new UiSelector().resourceIdMatches(\".*COMMUNITY.*\")...
05:34:53.520809 POST /session/a880ccf9-282d-4356-b5e5-3a1a9f8c44ac/element [11.951005ms] ERR:404 body={"strategy":"-android uiautomator","selector":"new UiSelector().resourceIdMatches(\".*COMMUNITY.*\")...
05:34:53.702071 POST /session/a880ccf9-282d-4356-b5e5-3a1a9f8c44ac/element [181.111929ms] ERR:404 body={"strategy":"-android uiautomator","selector":"new UiSelector().resourceIdMatches(\".*COMMUNITY.*\")...
05:34:54.464866 POST /session/a880ccf9-282d-4356-b5e5-3a1a9f8c44ac/element [762.644223ms] ERR:404 body={"strategy":"-android uiautomator","selector":"new UiSelector().resourceIdMatches(\".*COMMUNITY.*\")...
05:34:56.224409 POST /session/a880ccf9-282d-4356-b5e5-3a1a9f8c44ac/element [1.759440943s] OK body={"strategy":"-android uiautomator","selector":"new UiSelector().resourceIdMatches(\".*COMMUNITY.*\")...
05:34:56.693521 GET /session/a880ccf9-282d-4356-b5e5-3a1a9f8c44ac/element/00000000-0000-000c-ffff-ffff00000097/text [469.035892ms] OK body=
05:34:56.709317 GET /session/a880ccf9-282d-4356-b5e5-3a1a9f8c44ac/element/00000000-0000-000c-ffff-ffff00000097/rect [15.691656ms] OK body=
05:34:56.735022 POST /session/a880ccf9-282d-4356-b5e5-3a1a9f8c44ac/element [24.043804ms] OK body={"strategy":"-android uiautomator","selector":"new UiSelector().textContains(\"Community\")"}
05:34:56.767722 POST /session/a880ccf9-282d-4356-b5e5-3a1a9f8c44ac/element [31.519777ms] ERR:404 body={"strategy":"-android uiautomator","selector":"new UiSelector().resourceIdMatches(\".*COMMUNITY.*\")...
05:34:56.793066 POST /session/a880ccf9-282d-4356-b5e5-3a1a9f8c44ac/element [25.245074ms] OK body={"strategy":"-android uiautomator","selector":"new UiSelector().resourceIdMatches(\".*COMMUNITY.*\")...
05:34:56.805565 GET /session/a880ccf9-282d-4356-b5e5-3a1a9f8c44ac/element/00000000-0000-000c-ffff-ffff00000097/text [12.417096ms] OK body=
05:34:56.820544 GET /session/a880ccf9-282d-4356-b5e5-3a1a9f8c44ac/element/00000000-0000-000c-ffff-ffff00000097/rect [14.915953ms] OK body=
05:34:56.852595 POST /session/a880ccf9-282d-4356-b5e5-3a1a9f8c44ac/element/00000000-0000-000c-ffff-ffff00000097/click [31.959262ms] OK body=
05:34:56.874958 POST /session/a880ccf9-282d-4356-b5e5-3a1a9f8c44ac/element [21.249241ms] OK body={"strategy":"-android uiautomator","selector":"new UiSelector().resourceIdMatches(\".*recipe.*\")"}
05:34:56.962387 GET /session/a880ccf9-282d-4356-b5e5-3a1a9f8c44ac/element/00000000-0000-000c-ffff-ffff000000ee/text [87.35221ms] OK body=
05:34:57.000788 GET /session/a880ccf9-282d-4356-b5e5-3a1a9f8c44ac/element/00000000-0000-000c-ffff-ffff000000ee/rect [38.344032ms] OK body=
05:34:57.050768 POST /session/a880ccf9-282d-4356-b5e5-3a1a9f8c44ac/element [48.788862ms] OK body={"strategy":"-android uiautomator","selector":"new UiSelector().resourceIdMatches(\".*community-filt...
05:34:57.088157 GET /session/a880ccf9-282d-4356-b5e5-3a1a9f8c44ac/element/00000000-0000-000c-ffff-ffff000000cc/text [37.289497ms] OK body=
05:34:57.106644 GET /session/a880ccf9-282d-4356-b5e5-3a1a9f8c44ac/element/00000000-0000-000c-ffff-ffff000000cc/rect [18.392377ms] OK body=
05:34:57.151357 POST /session/a880ccf9-282d-4356-b5e5-3a1a9f8c44ac/element/00000000-0000-000c-ffff-ffff000000cc/click [44.623664ms] OK body=
05:34:57.180915 POST /session/a880ccf9-282d-4356-b5e5-3a1a9f8c44ac/element [28.191941ms] OK body={"strategy":"-android uiautomator","selector":"new UiSelector().resourceIdMatches(\".*recipe.*\")"}
05:34:57.210149 GET /session/a880ccf9-282d-4356-b5e5-3a1a9f8c44ac/element/00000000-0000-000c-ffff-ffff000000ee/text [29.145045ms] OK body=
05:34:57.222704 GET /session/a880ccf9-282d-4356-b5e5-3a1a9f8c44ac/element/00000000-0000-000c-ffff-ffff000000ee/rect [12.456292ms] OK body=
05:34:57.238366 POST /session/a880ccf9-282d-4356-b5e5-3a1a9f8c44ac/element [14.540137ms] OK body={"strategy":"-android uiautomator","selector":"new UiSelector().resourceIdMatches(\".*community-filt...
05:34:57.253242 GET /session/a880ccf9-282d-4356-b5e5-3a1a9f8c44ac/element/00000000-0000-000c-ffff-ffff000000d2/text [14.780907ms] OK body=
05:34:57.267855 GET /session/a880ccf9-282d-4356-b5e5-3a1a9f8c44ac/element/00000000-0000-000c-ffff-ffff000000d2/rect [14.554444ms] OK body=
05:34:57.299768 POST /session/a880ccf9-282d-4356-b5e5-3a1a9f8c44ac/element/00000000-0000-000c-ffff-ffff000000d2/click [31.844443ms] OK body=
05:34:57.359998 POST /session/a880ccf9-282d-4356-b5e5-3a1a9f8c44ac/element [57.390758ms] OK body={"strategy":"-android uiautomator","selector":"new UiSelector().resourceIdMatches(\".*recipe.*\")"}
05:34:58.256835 GET /session/a880ccf9-282d-4356-b5e5-3a1a9f8c44ac/element/00000000-0000-000c-ffff-ffff000000ee/text [896.75851ms] OK body=
05:34:59.045491 GET /session/a880ccf9-282d-4356-b5e5-3a1a9f8c44ac/element/00000000-0000-000c-ffff-ffff000000ee/rect [788.583782ms] OK body=
05:34:59.420644 POST /session/a880ccf9-282d-4356-b5e5-3a1a9f8c44ac/element [373.960063ms] OK body={"strategy":"-android uiautomator","selector":"new UiSelector().resourceIdMatches(\".*community-filt...
05:34:59.824253 GET /session/a880ccf9-282d-4356-b5e5-3a1a9f8c44ac/element/00000000-0000-000c-ffff-ffff000000d8/text [403.501628ms] OK body=
05:34:59.840171 GET /session/a880ccf9-282d-4356-b5e5-3a1a9f8c44ac/element/00000000-0000-000c-ffff-ffff000000d8/rect [15.834521ms] OK body=
05:34:59.876505 POST /session/a880ccf9-282d-4356-b5e5-3a1a9f8c44ac/element/00000000-0000-000c-ffff-ffff000000d8/click [36.219098ms] OK body=
05:34:59.925270 POST /session/a880ccf9-282d-4356-b5e5-3a1a9f8c44ac/element [47.176488ms] OK body={"strategy":"-android uiautomator","selector":"new UiSelector().resourceIdMatches(\".*recipe.*\")"}
05:34:59.939176 GET /session/a880ccf9-282d-4356-b5e5-3a1a9f8c44ac/element/00000000-0000-000c-ffff-ffff0000010c/text [13.814888ms] OK body=
05:34:59.951367 GET /session/a880ccf9-282d-4356-b5e5-3a1a9f8c44ac/element/00000000-0000-000c-ffff-ffff0000010c/rect [12.088156ms] OK body=
05:34:59.970037 POST /session/a880ccf9-282d-4356-b5e5-3a1a9f8c44ac/element [17.442705ms] OK body={"strategy":"-android uiautomator","selector":"new UiSelector().resourceIdMatches(\".*community-filt...
05:34:59.982831 GET /session/a880ccf9-282d-4356-b5e5-3a1a9f8c44ac/element/00000000-0000-000c-ffff-ffff000000de/text [12.713027ms] OK body=
05:34:59.996229 GET /session/a880ccf9-282d-4356-b5e5-3a1a9f8c44ac/element/00000000-0000-000c-ffff-ffff000000de/rect [13.280548ms] OK body=
05:35:00.033309 POST /session/a880ccf9-282d-4356-b5e5-3a1a9f8c44ac/element/00000000-0000-000c-ffff-ffff000000de/click [37.003446ms] OK body=
05:35:00.105466 POST /session/a880ccf9-282d-4356-b5e5-3a1a9f8c44ac/element [70.95106ms] OK body={"strategy":"-android uiautomator","selector":"new UiSelector().resourceIdMatches(\".*recipe.*\")"}
05:35:00.831465 GET /session/a880ccf9-282d-4356-b5e5-3a1a9f8c44ac/element/00000000-0000-000c-ffff-ffff0000010c/text [725.87575ms] OK body=
05:35:01.613926 GET /session/a880ccf9-282d-4356-b5e5-3a1a9f8c44ac/element/00000000-0000-000c-ffff-ffff0000010c/rect [782.367524ms] OK body=
05:35:01.627542 POST /session/a880ccf9-282d-4356-b5e5-3a1a9f8c44ac/element [12.426935ms] OK body={"strategy":"-android uiautomator","selector":"new UiSelector().resourceIdMatches(\".*community-filt...
05:35:01.639915 GET /session/a880ccf9-282d-4356-b5e5-3a1a9f8c44ac/element/00000000-0000-000c-ffff-ffff000000c5/text [12.324142ms] OK body=
05:35:01.653736 GET /session/a880ccf9-282d-4356-b5e5-3a1a9f8c44ac/element/00000000-0000-000c-ffff-ffff000000c5/rect [13.75228ms] OK body=
05:35:01.690770 POST /session/a880ccf9-282d-4356-b5e5-3a1a9f8c44ac/element/00000000-0000-000c-ffff-ffff000000c5/click [36.953716ms] OK body=
05:35:01.731365 POST /session/a880ccf9-282d-4356-b5e5-3a1a9f8c44ac/element [39.365915ms] OK body={"strategy":"-android uiautomator","selector":"new UiSelector().resourceIdMatches(\".*recipe.*\")"}
05:35:01.749034 GET /session/a880ccf9-282d-4356-b5e5-3a1a9f8c44ac/element/00000000-0000-000c-ffff-ffff00000126/text [17.603508ms] OK body=
05:35:01.761382 GET /session/a880ccf9-282d-4356-b5e5-3a1a9f8c44ac/element/00000000-0000-000c-ffff-ffff00000126/rect [12.278825ms] OK body=
05:35:06.875631 POST /session/a880ccf9-282d-4356-b5e5-3a1a9f8c44ac/appium/device/launch_app [6.234705ms] ERR:404 body={"appId":"com.tastopia.app"}
05:35:09.703299 POST /session/a880ccf9-282d-4356-b5e5-3a1a9f8c44ac/element [1.048514529s] OK body={"strategy":"-android uiautomator","selector":"new UiSelector().resourceIdMatches(\".*MENU.*\")"}
05:35:11.875339 GET /session/a880ccf9-282d-4356-b5e5-3a1a9f8c44ac/element/00000000-0000-000e-ffff-ffff0000006f/text [2.17195317s] OK body=
05:35:12.660110 GET /session/a880ccf9-282d-4356-b5e5-3a1a9f8c44ac/element/00000000-0000-000e-ffff-ffff0000006f/rect [784.688009ms] OK body=
05:35:12.695771 POST /session/a880ccf9-282d-4356-b5e5-3a1a9f8c44ac/element [35.060972ms] ERR:404 body={"strategy":"-android uiautomator","selector":"new UiSelector().resourceIdMatches(\".*MENU.*\").clic...
05:35:12.727092 POST /session/a880ccf9-282d-4356-b5e5-3a1a9f8c44ac/element [31.188925ms] OK body={"strategy":"-android uiautomator","selector":"new UiSelector().resourceIdMatches(\".*MENU.*\")"}
05:35:12.740212 GET /session/a880ccf9-282d-4356-b5e5-3a1a9f8c44ac/element/00000000-0000-000e-ffff-ffff0000006f/text [13.009984ms] OK body=
05:35:12.753226 GET /session/a880ccf9-282d-4356-b5e5-3a1a9f8c44ac/element/00000000-0000-000e-ffff-ffff0000006f/rect [12.914225ms] OK body=
05:35:12.784470 POST /session/a880ccf9-282d-4356-b5e5-3a1a9f8c44ac/element/00000000-0000-000e-ffff-ffff0000006f/click [31.14794ms] OK body=
05:35:12.791090 POST /session/a880ccf9-282d-4356-b5e5-3a1a9f8c44ac/appium/device/hide_keyboard [6.511596ms] ERR:404 body=
05:35:13.005386 POST /session/a880ccf9-282d-4356-b5e5-3a1a9f8c44ac/element [213.803996ms] ERR:404 body={"strategy":"-android uiautomator","selector":"new UiSelector().textContains(\"History\")"}
05:35:13.038512 POST /session/a880ccf9-282d-4356-b5e5-3a1a9f8c44ac/element [32.989089ms] ERR:404 body={"strategy":"-android uiautomator","selector":"new UiSelector().descriptionContains(\"History\")"}
05:35:13.066447 POST /session/a880ccf9-282d-4356-b5e5-3a1a9f8c44ac/element [27.812262ms] ERR:404 body={"strategy":"-android uiautomator","selector":"new UiSelector().textMatches(\"(?is).*\\QHistory\\E.*...
05:35:13.093703 POST /session/a880ccf9-282d-4356-b5e5-3a1a9f8c44ac/element [27.105192ms] ERR:404 body={"strategy":"-android uiautomator","selector":"new UiSelector().descriptionMatches(\"(?is).*\\QHisto...
05:35:13.126269 POST /session/a880ccf9-282d-4356-b5e5-3a1a9f8c44ac/element [32.399695ms] ERR:404 body={"strategy":"-android uiautomator","selector":"new UiSelector().textContains(\"History\")"}
05:35:13.825466 POST /session/a880ccf9-282d-4356-b5e5-3a1a9f8c44ac/element [699.103018ms] ERR:404 body={"strategy":"-android uiautomator","selector":"new UiSelector().descriptionContains(\"History\")"}
05:35:14.364415 POST /session/a880ccf9-282d-4356-b5e5-3a1a9f8c44ac/element [538.838766ms] OK body={"strategy":"-android uiautomator","selector":"new UiSelector().textMatches(\"(?is).*\\QHistory\\E.*...
05:35:14.425680 POST /session/a880ccf9-282d-4356-b5e5-3a1a9f8c44ac/element [60.745223ms] OK body={"strategy":"-android uiautomator","selector":"new UiSelector().resourceIdMatches(\".*menu-logout-bu...
05:35:14.436271 GET /session/a880ccf9-282d-4356-b5e5-3a1a9f8c44ac/element/00000000-0000-000e-ffff-ffff000000ca/text [10.513303ms] OK body=
05:35:14.447280 GET /session/a880ccf9-282d-4356-b5e5-3a1a9f8c44ac/element/00000000-0000-000e-ffff-ffff000000ca/rect [10.917678ms] OK body=
05:35:14.477793 POST /session/a880ccf9-282d-4356-b5e5-3a1a9f8c44ac/element/00000000-0000-000e-ffff-ffff000000ca/click [30.430049ms] OK body=
05:35:14.512678 POST /session/a880ccf9-282d-4356-b5e5-3a1a9f8c44ac/element [34.502469ms] ERR:404 body={"strategy":"-android uiautomator","selector":"new UiSelector().textContains(\"Welcome to\")"}
05:35:14.540985 POST /session/a880ccf9-282d-4356-b5e5-3a1a9f8c44ac/element [28.177996ms] ERR:404 body={"strategy":"-android uiautomator","selector":"new UiSelector().descriptionContains(\"Welcome to\")"...
05:35:14.569821 POST /session/a880ccf9-282d-4356-b5e5-3a1a9f8c44ac/element [28.695819ms] ERR:404 body={"strategy":"-android uiautomator","selector":"new UiSelector().textMatches(\"(?is).*\\QWelcome to\\...
05:35:14.599891 POST /session/a880ccf9-282d-4356-b5e5-3a1a9f8c44ac/element [29.910539ms] ERR:404 body={"strategy":"-android uiautomator","selector":"new UiSelector().descriptionMatches(\"(?is).*\\QWelco...
05:35:14.628413 POST /session/a880ccf9-282d-4356-b5e5-3a1a9f8c44ac/element [28.375856ms] ERR:404 body={"strategy":"-android uiautomator","selector":"new UiSelector().textContains(\"Welcome to\")"}
05:35:14.657888 POST /session/a880ccf9-282d-4356-b5e5-3a1a9f8c44ac/element [29.305549ms] ERR:404 body={"strategy":"-android uiautomator","selector":"new UiSelector().descriptionContains(\"Welcome to\")"...
05:35:14.685790 POST /session/a880ccf9-282d-4356-b5e5-3a1a9f8c44ac/element [27.719733ms] ERR:404 body={"strategy":"-android uiautomator","selector":"new UiSelector().textMatches(\"(?is).*\\QWelcome to\\...
05:35:14.715710 POST /session/a880ccf9-282d-4356-b5e5-3a1a9f8c44ac/element [29.804711ms] ERR:404 body={"strategy":"-android uiautomator","selector":"new UiSelector().descriptionMatches(\"(?is).*\\QWelco...
05:35:14.778529 POST /session/a880ccf9-282d-4356-b5e5-3a1a9f8c44ac/element [62.688329ms] ERR:404 body={"strategy":"-android uiautomator","selector":"new UiSelector().textContains(\"Welcome to\")"}
05:35:15.722210 POST /session/a880ccf9-282d-4356-b5e5-3a1a9f8c44ac/element [943.538793ms] ERR:404 body={"strategy":"-android uiautomator","selector":"new UiSelector().descriptionContains(\"Welcome to\")"...
05:35:16.559053 POST /session/a880ccf9-282d-4356-b5e5-3a1a9f8c44ac/element [836.710917ms] OK body={"strategy":"-android uiautomator","selector":"new UiSelector().textMatches(\"(?is).*\\QWelcome to\\...
05:35:16.569328 POST /session/a880ccf9-282d-4356-b5e5-3a1a9f8c44ac/element [9.893657ms] OK body={"strategy":"-android uiautomator","selector":"new UiSelector().textContains(\"Tastopia\")"}
05:35:16.575294 POST /session/a880ccf9-282d-4356-b5e5-3a1a9f8c44ac/appium/settings [4.218539ms] OK body={"settings":{"waitForIdleTimeout":200}}
05:35:21.631490 POST /session/a880ccf9-282d-4356-b5e5-3a1a9f8c44ac/appium/device/launch_app [4.761315ms] ERR:404 body={"appId":"com.tastopia.app"}
05:35:24.418911 POST /session/a880ccf9-282d-4356-b5e5-3a1a9f8c44ac/element [969.609778ms] OK body={"strategy":"-android uiautomator","selector":"new UiSelector().resourceIdMatches(\".*welcome-sign-i...
05:35:24.480468 GET /session/a880ccf9-282d-4356-b5e5-3a1a9f8c44ac/element/00000000-0000-0010-ffff-ffff00000022/text [61.473185ms] OK body=
05:35:24.508246 GET /session/a880ccf9-282d-4356-b5e5-3a1a9f8c44ac/element/00000000-0000-0010-ffff-ffff00000022/rect [27.701896ms] OK body=
05:35:24.547134 POST /session/a880ccf9-282d-4356-b5e5-3a1a9f8c44ac/element/00000000-0000-0010-ffff-ffff00000022/click [38.810428ms] OK body=
05:35:24.557397 POST /session/a880ccf9-282d-4356-b5e5-3a1a9f8c44ac/element [9.89353ms] ERR:404 body={"strategy":"-android uiautomator","selector":"new UiSelector().resourceIdMatches(\".*login-identifi...
05:35:24.566031 POST /session/a880ccf9-282d-4356-b5e5-3a1a9f8c44ac/element [8.520617ms] ERR:404 body={"strategy":"-android uiautomator","selector":"new UiSelector().resourceIdMatches(\".*login-identifi...
05:35:24.574411 POST /session/a880ccf9-282d-4356-b5e5-3a1a9f8c44ac/element [8.278024ms] ERR:404 body={"strategy":"-android uiautomator","selector":"new UiSelector().resourceIdMatches(\".*login-identifi...
05:35:24.582792 POST /session/a880ccf9-282d-4356-b5e5-3a1a9f8c44ac/element [8.276301ms] ERR:404 body={"strategy":"-android uiautomator","selector":"new UiSelector().resourceIdMatches(\".*login-identifi...
05:35:24.599955 POST /session/a880ccf9-282d-4356-b5e5-3a1a9f8c44ac/element [17.04687ms] ERR:404 body={"strategy":"-android uiautomator","selector":"new UiSelector().resourceIdMatches(\".*login-identifi...
05:35:24.627856 POST /session/a880ccf9-282d-4356-b5e5-3a1a9f8c44ac/element [27.754365ms] ERR:404 body={"strategy":"-android uiautomator","selector":"new UiSelector().resourceIdMatches(\".*login-identifi...
05:35:24.646366 POST /session/a880ccf9-282d-4356-b5e5-3a1a9f8c44ac/element [18.338736ms] ERR:404 body={"strategy":"-android uiautomator","selector":"new UiSelector().resourceIdMatches(\".*login-identifi...
05:35:25.464761 POST /session/a880ccf9-282d-4356-b5e5-3a1a9f8c44ac/element [818.266307ms] OK body={"strategy":"-android uiautomator","selector":"new UiSelector().resourceIdMatches(\".*login-identifi...
05:35:25.475906 POST /session/a880ccf9-282d-4356-b5e5-3a1a9f8c44ac/element [10.817399ms] OK body={"strategy":"-android uiautomator","selector":"new UiSelector().resourceIdMatches(\".*login-identifi...
05:35:25.486082 GET /session/a880ccf9-282d-4356-b5e5-3a1a9f8c44ac/element/00000000-0000-0010-ffff-ffff00000031/text [10.111836ms] OK body=
05:35:25.499314 GET /session/a880ccf9-282d-4356-b5e5-3a1a9f8c44ac/element/00000000-0000-0010-ffff-ffff00000031/rect [13.167097ms] OK body=
05:35:25.781295 POST /session/a880ccf9-282d-4356-b5e5-3a1a9f8c44ac/element/00000000-0000-0010-ffff-ffff00000031/click [281.895437ms] OK body=
05:35:26.750422 POST /session/a880ccf9-282d-4356-b5e5-3a1a9f8c44ac/actions [968.729576ms] OK body={"actions":[{"actions":[{"type":"keyDown","value":"a"},{"type":"keyUp","value":"a"},{"type":"keyDown...
05:35:26.769276 POST /session/a880ccf9-282d-4356-b5e5-3a1a9f8c44ac/appium/device/hide_keyboard [15.998861ms] ERR:404 body=
05:35:27.472954 POST /session/a880ccf9-282d-4356-b5e5-3a1a9f8c44ac/element [702.965775ms] OK body={"strategy":"-android uiautomator","selector":"new UiSelector().resourceIdMatches(\".*login-password...
05:35:27.486246 POST /session/a880ccf9-282d-4356-b5e5-3a1a9f8c44ac/element [12.898536ms] OK body={"strategy":"-android uiautomator","selector":"new UiSelector().resourceIdMatches(\".*login-password...
05:35:27.498732 GET /session/a880ccf9-282d-4356-b5e5-3a1a9f8c44ac/element/00000000-0000-0010-ffff-ffff00000032/text [12.397399ms] OK body=
05:35:27.512807 GET /session/a880ccf9-282d-4356-b5e5-3a1a9f8c44ac/element/00000000-0000-0010-ffff-ffff00000032/rect [14.004819ms] OK body=
05:35:28.167002 POST /session/a880ccf9-282d-4356-b5e5-3a1a9f8c44ac/element/00000000-0000-0010-ffff-ffff00000032/click [654.113045ms] OK body=
05:35:29.073640 POST /session/a880ccf9-282d-4356-b5e5-3a1a9f8c44ac/actions [906.005844ms] OK body={"actions":[{"actions":[{"type":"keyDown","value":"P"},{"type":"keyUp","value":"P"},{"type":"keyDown...
05:35:29.091046 POST /session/a880ccf9-282d-4356-b5e5-3a1a9f8c44ac/appium/device/hide_keyboard [17.306717ms] ERR:404 body=
05:35:29.572800 POST /session/a880ccf9-282d-4356-b5e5-3a1a9f8c44ac/element [481.387415ms] OK body={"strategy":"-android uiautomator","selector":"new UiSelector().resourceIdMatches(\".*login-submit-b...
05:35:29.586680 GET /session/a880ccf9-282d-4356-b5e5-3a1a9f8c44ac/element/00000000-0000-0010-ffff-ffff0000004b/text [13.801231ms] OK body=
05:35:29.603149 GET /session/a880ccf9-282d-4356-b5e5-3a1a9f8c44ac/element/00000000-0000-0010-ffff-ffff0000004b/rect [16.391944ms] OK body=
05:35:29.636771 POST /session/a880ccf9-282d-4356-b5e5-3a1a9f8c44ac/element/00000000-0000-0010-ffff-ffff0000004b/click [33.499684ms] OK body=
05:35:29.654546 POST /session/a880ccf9-282d-4356-b5e5-3a1a9f8c44ac/element [17.700648ms] OK body={"strategy":"-android uiautomator","selector":"new UiSelector().resourceIdMatches(\".*login-submit-b...
05:35:30.301419 GET /session/a880ccf9-282d-4356-b5e5-3a1a9f8c44ac/element/00000000-0000-0010-ffff-ffff0000004b/text [646.79532ms] OK body=
05:35:30.313618 GET /session/a880ccf9-282d-4356-b5e5-3a1a9f8c44ac/element/00000000-0000-0010-ffff-ffff0000004b/rect [12.11086ms] OK body=
05:35:30.363936 POST /session/a880ccf9-282d-4356-b5e5-3a1a9f8c44ac/element/00000000-0000-0010-ffff-ffff0000004b/click [50.235728ms] OK body=
05:35:30.384330 POST /session/a880ccf9-282d-4356-b5e5-3a1a9f8c44ac/element [20.013664ms] ERR:404 body={"strategy":"-android uiautomator","selector":"new UiSelector().resourceIdMatches(\".*COMMUNITY.*\")...
05:35:31.097492 POST /session/a880ccf9-282d-4356-b5e5-3a1a9f8c44ac/element [713.019539ms] ERR:404 body={"strategy":"-android uiautomator","selector":"new UiSelector().resourceIdMatches(\".*COMMUNITY.*\")...
05:35:31.112724 POST /session/a880ccf9-282d-4356-b5e5-3a1a9f8c44ac/element [15.112998ms] ERR:404 body={"strategy":"-android uiautomator","selector":"new UiSelector().resourceIdMatches(\".*COMMUNITY.*\")...
05:35:31.138226 POST /session/a880ccf9-282d-4356-b5e5-3a1a9f8c44ac/element [25.356947ms] ERR:404 body={"strategy":"-android uiautomator","selector":"new UiSelector().resourceIdMatches(\".*COMMUNITY.*\")...
05:35:31.151266 POST /session/a880ccf9-282d-4356-b5e5-3a1a9f8c44ac/element [12.899286ms] ERR:404 body={"strategy":"-android uiautomator","selector":"new UiSelector().resourceIdMatches(\".*COMMUNITY.*\")...
05:35:31.164968 POST /session/a880ccf9-282d-4356-b5e5-3a1a9f8c44ac/element [13.579851ms] ERR:404 body={"strategy":"-android uiautomator","selector":"new UiSelector().resourceIdMatches(\".*COMMUNITY.*\")...
05:35:31.201754 POST /session/a880ccf9-282d-4356-b5e5-3a1a9f8c44ac/element [36.644684ms] ERR:404 body={"strategy":"-android uiautomator","selector":"new UiSelector().resourceIdMatches(\".*COMMUNITY.*\")...
05:35:31.783248 POST /session/a880ccf9-282d-4356-b5e5-3a1a9f8c44ac/element [581.298385ms] ERR:404 body={"strategy":"-android uiautomator","selector":"new UiSelector().resourceIdMatches(\".*COMMUNITY.*\")...
05:35:31.795401 POST /session/a880ccf9-282d-4356-b5e5-3a1a9f8c44ac/element [12.03884ms] ERR:404 body={"strategy":"-android uiautomator","selector":"new UiSelector().resourceIdMatches(\".*COMMUNITY.*\")...
05:35:31.807302 POST /session/a880ccf9-282d-4356-b5e5-3a1a9f8c44ac/element [11.732289ms] ERR:404 body={"strategy":"-android uiautomator","selector":"new UiSelector().resourceIdMatches(\".*COMMUNITY.*\")...
05:35:31.818360 POST /session/a880ccf9-282d-4356-b5e5-3a1a9f8c44ac/element [10.90936ms] ERR:404 body={"strategy":"-android uiautomator","selector":"new UiSelector().resourceIdMatches(\".*COMMUNITY.*\")...
05:35:31.831138 POST /session/a880ccf9-282d-4356-b5e5-3a1a9f8c44ac/element [12.650576ms] ERR:404 body={"strategy":"-android uiautomator","selector":"new UiSelector().resourceIdMatches(\".*COMMUNITY.*\")...
05:35:31.857035 POST /session/a880ccf9-282d-4356-b5e5-3a1a9f8c44ac/element [25.734862ms] ERR:404 body={"strategy":"-android uiautomator","selector":"new UiSelector().resourceIdMatches(\".*COMMUNITY.*\")...
05:35:31.871914 POST /session/a880ccf9-282d-4356-b5e5-3a1a9f8c44ac/element [14.759131ms] ERR:404 body={"strategy":"-android uiautomator","selector":"new UiSelector().resourceIdMatches(\".*COMMUNITY.*\")...
05:35:31.887111 POST /session/a880ccf9-282d-4356-b5e5-3a1a9f8c44ac/element [15.054468ms] ERR:404 body={"strategy":"-android uiautomator","selector":"new UiSelector().resourceIdMatches(\".*COMMUNITY.*\")...
05:35:31.898817 POST /session/a880ccf9-282d-4356-b5e5-3a1a9f8c44ac/element [11.539362ms] ERR:404 body={"strategy":"-android uiautomator","selector":"new UiSelector().resourceIdMatches(\".*COMMUNITY.*\")...
05:35:31.909766 POST /session/a880ccf9-282d-4356-b5e5-3a1a9f8c44ac/element [10.837784ms] ERR:404 body={"strategy":"-android uiautomator","selector":"new UiSelector().resourceIdMatches(\".*COMMUNITY.*\")...
05:35:31.933209 POST /session/a880ccf9-282d-4356-b5e5-3a1a9f8c44ac/element [23.272932ms] ERR:404 body={"strategy":"-android uiautomator","selector":"new UiSelector().resourceIdMatches(\".*COMMUNITY.*\")...
05:35:31.945429 POST /session/a880ccf9-282d-4356-b5e5-3a1a9f8c44ac/element [12.096467ms] ERR:404 body={"strategy":"-android uiautomator","selector":"new UiSelector().resourceIdMatches(\".*COMMUNITY.*\")...
05:35:31.964661 POST /session/a880ccf9-282d-4356-b5e5-3a1a9f8c44ac/element [19.074421ms] ERR:404 body={"strategy":"-android uiautomator","selector":"new UiSelector().resourceIdMatches(\".*COMMUNITY.*\")...
05:35:31.994688 POST /session/a880ccf9-282d-4356-b5e5-3a1a9f8c44ac/element [29.902491ms] ERR:404 body={"strategy":"-android uiautomator","selector":"new UiSelector().resourceIdMatches(\".*COMMUNITY.*\")...
05:35:32.009758 POST /session/a880ccf9-282d-4356-b5e5-3a1a9f8c44ac/element [14.933092ms] ERR:404 body={"strategy":"-android uiautomator","selector":"new UiSelector().resourceIdMatches(\".*COMMUNITY.*\")...
05:35:32.026656 POST /session/a880ccf9-282d-4356-b5e5-3a1a9f8c44ac/element [16.736628ms] ERR:404 body={"strategy":"-android uiautomator","selector":"new UiSelector().resourceIdMatches(\".*COMMUNITY.*\")...
05:35:32.059100 POST /session/a880ccf9-282d-4356-b5e5-3a1a9f8c44ac/element [32.278105ms] ERR:404 body={"strategy":"-android uiautomator","selector":"new UiSelector().resourceIdMatches(\".*COMMUNITY.*\")...
05:35:32.071001 POST /session/a880ccf9-282d-4356-b5e5-3a1a9f8c44ac/element [11.732198ms] ERR:404 body={"strategy":"-android uiautomator","selector":"new UiSelector().resourceIdMatches(\".*COMMUNITY.*\")...
05:35:32.082397 POST /session/a880ccf9-282d-4356-b5e5-3a1a9f8c44ac/element [11.257351ms] ERR:404 body={"strategy":"-android uiautomator","selector":"new UiSelector().resourceIdMatches(\".*COMMUNITY.*\")...
05:35:32.094063 POST /session/a880ccf9-282d-4356-b5e5-3a1a9f8c44ac/element [11.549497ms] ERR:404 body={"strategy":"-android uiautomator","selector":"new UiSelector().resourceIdMatches(\".*COMMUNITY.*\")...
05:35:32.104624 POST /session/a880ccf9-282d-4356-b5e5-3a1a9f8c44ac/element [10.44775ms] ERR:404 body={"strategy":"-android uiautomator","selector":"new UiSelector().resourceIdMatches(\".*COMMUNITY.*\")...
05:35:32.117529 POST /session/a880ccf9-282d-4356-b5e5-3a1a9f8c44ac/element [12.762681ms] ERR:404 body={"strategy":"-android uiautomator","selector":"new UiSelector().resourceIdMatches(\".*COMMUNITY.*\")...
05:35:32.130780 POST /session/a880ccf9-282d-4356-b5e5-3a1a9f8c44ac/element [13.099116ms] ERR:404 body={"strategy":"-android uiautomator","selector":"new UiSelector().resourceIdMatches(\".*COMMUNITY.*\")...
05:35:32.156236 POST /session/a880ccf9-282d-4356-b5e5-3a1a9f8c44ac/element [25.299157ms] ERR:404 body={"strategy":"-android uiautomator","selector":"new UiSelector().resourceIdMatches(\".*COMMUNITY.*\")...
05:35:32.169146 POST /session/a880ccf9-282d-4356-b5e5-3a1a9f8c44ac/element [12.775018ms] ERR:404 body={"strategy":"-android uiautomator","selector":"new UiSelector().resourceIdMatches(\".*COMMUNITY.*\")...
05:35:32.307094 POST /session/a880ccf9-282d-4356-b5e5-3a1a9f8c44ac/element [137.777863ms] ERR:404 body={"strategy":"-android uiautomator","selector":"new UiSelector().resourceIdMatches(\".*COMMUNITY.*\")...
05:35:32.343610 POST /session/a880ccf9-282d-4356-b5e5-3a1a9f8c44ac/element [36.339681ms] ERR:404 body={"strategy":"-android uiautomator","selector":"new UiSelector().resourceIdMatches(\".*COMMUNITY.*\")...
05:35:33.296444 POST /session/a880ccf9-282d-4356-b5e5-3a1a9f8c44ac/element [952.690298ms] ERR:404 body={"strategy":"-android uiautomator","selector":"new UiSelector().resourceIdMatches(\".*COMMUNITY.*\")...
05:35:34.715415 POST /session/a880ccf9-282d-4356-b5e5-3a1a9f8c44ac/element [1.418847176s] OK body={"strategy":"-android uiautomator","selector":"new UiSelector().resourceIdMatches(\".*COMMUNITY.*\")...
05:35:34.952336 GET /session/a880ccf9-282d-4356-b5e5-3a1a9f8c44ac/element/00000000-0000-0010-ffff-ffff00000097/text [236.844163ms] OK body=
05:35:34.964992 GET /session/a880ccf9-282d-4356-b5e5-3a1a9f8c44ac/element/00000000-0000-0010-ffff-ffff00000097/rect [12.584998ms] OK body=
05:35:34.996098 POST /session/a880ccf9-282d-4356-b5e5-3a1a9f8c44ac/element [29.611145ms] OK body={"strategy":"-android uiautomator","selector":"new UiSelector().textContains(\"Community\")"}
05:35:35.025413 POST /session/a880ccf9-282d-4356-b5e5-3a1a9f8c44ac/element [28.044982ms] ERR:404 body={"strategy":"-android uiautomator","selector":"new UiSelector().resourceIdMatches(\".*COMMUNITY.*\")...
05:35:35.049578 POST /session/a880ccf9-282d-4356-b5e5-3a1a9f8c44ac/element [24.052155ms] OK body={"strategy":"-android uiautomator","selector":"new UiSelector().resourceIdMatches(\".*COMMUNITY.*\")...
05:35:35.061436 GET /session/a880ccf9-282d-4356-b5e5-3a1a9f8c44ac/element/00000000-0000-0010-ffff-ffff00000097/text [11.775678ms] OK body=
05:35:35.077317 GET /session/a880ccf9-282d-4356-b5e5-3a1a9f8c44ac/element/00000000-0000-0010-ffff-ffff00000097/rect [15.808827ms] OK body=
05:35:35.111729 POST /session/a880ccf9-282d-4356-b5e5-3a1a9f8c44ac/element/00000000-0000-0010-ffff-ffff00000097/click [34.350913ms] OK body=
05:35:35.242382 POST /session/a880ccf9-282d-4356-b5e5-3a1a9f8c44ac/element [129.628968ms] ERR:404 body={"strategy":"-android uiautomator","selector":"new UiSelector().resourceIdMatches(\".*recipe.*\").cl...
05:35:35.315983 POST /session/a880ccf9-282d-4356-b5e5-3a1a9f8c44ac/element [73.446596ms] OK body={"strategy":"-android uiautomator","selector":"new UiSelector().resourceIdMatches(\".*recipe.*\")"}
05:35:35.345977 GET /session/a880ccf9-282d-4356-b5e5-3a1a9f8c44ac/element/00000000-0000-0010-ffff-ffff000000ef/text [29.915869ms] OK body=
05:35:35.359684 GET /session/a880ccf9-282d-4356-b5e5-3a1a9f8c44ac/element/00000000-0000-0010-ffff-ffff000000ef/rect [13.630095ms] OK body=
05:35:35.395283 POST /session/a880ccf9-282d-4356-b5e5-3a1a9f8c44ac/element/00000000-0000-0010-ffff-ffff000000ef/click [35.456626ms] OK body=
05:35:35.458428 POST /session/a880ccf9-282d-4356-b5e5-3a1a9f8c44ac/element [62.01049ms] ERR:404 body={"strategy":"-android uiautomator","selector":"new UiSelector().resourceIdMatches(\".*recipe-cook-bu...
05:35:35.483500 POST /session/a880ccf9-282d-4356-b5e5-3a1a9f8c44ac/element [24.935698ms] ERR:404 body={"strategy":"-android uiautomator","selector":"new UiSelector().resourceIdMatches(\".*recipe-cook-bu...
05:35:35.517600 POST /session/a880ccf9-282d-4356-b5e5-3a1a9f8c44ac/element [33.973186ms] ERR:404 body={"strategy":"-android uiautomator","selector":"new UiSelector().resourceIdMatches(\".*recipe-cook-bu...
05:35:35.965393 POST /session/a880ccf9-282d-4356-b5e5-3a1a9f8c44ac/element [447.63759ms] ERR:404 body={"strategy":"-android uiautomator","selector":"new UiSelector().resourceIdMatches(\".*recipe-cook-bu...
05:35:37.141390 POST /session/a880ccf9-282d-4356-b5e5-3a1a9f8c44ac/element [1.175885127s] OK body={"strategy":"-android uiautomator","selector":"new UiSelector().resourceIdMatches(\".*recipe-cook-bu...
05:35:37.427286 GET /session/a880ccf9-282d-4356-b5e5-3a1a9f8c44ac/element/00000000-0000-0010-ffff-ffff00000120/text [285.785545ms] OK body=
05:35:37.443002 GET /session/a880ccf9-282d-4356-b5e5-3a1a9f8c44ac/element/00000000-0000-0010-ffff-ffff00000120/rect [15.644769ms] OK body=
05:35:37.485492 POST /session/a880ccf9-282d-4356-b5e5-3a1a9f8c44ac/element/00000000-0000-0010-ffff-ffff00000120/click [42.420135ms] OK body=
05:35:37.561723 POST /session/a880ccf9-282d-4356-b5e5-3a1a9f8c44ac/element [75.047994ms] ERR:404 body={"strategy":"-android uiautomator","selector":"new UiSelector().resourceIdMatches(\".*active-speakin...
05:35:38.046257 POST /session/a880ccf9-282d-4356-b5e5-3a1a9f8c44ac/element [484.405519ms] ERR:404 body={"strategy":"-android uiautomator","selector":"new UiSelector().resourceIdMatches(\".*active-speakin...
05:35:38.790826 POST /session/a880ccf9-282d-4356-b5e5-3a1a9f8c44ac/element [744.446386ms] OK body={"strategy":"-android uiautomator","selector":"new UiSelector().resourceIdMatches(\".*active-speakin...
05:35:38.803344 GET /session/a880ccf9-282d-4356-b5e5-3a1a9f8c44ac/element/00000000-0000-0010-ffff-ffff000001e0/text [12.424851ms] OK body=
05:35:38.813553 GET /session/a880ccf9-282d-4356-b5e5-3a1a9f8c44ac/element/00000000-0000-0010-ffff-ffff000001e0/rect [10.143998ms] OK body=
05:35:38.843478 POST /session/a880ccf9-282d-4356-b5e5-3a1a9f8c44ac/element/00000000-0000-0010-ffff-ffff000001e0/click [29.857027ms] OK body=
05:35:39.017930 POST /session/a880ccf9-282d-4356-b5e5-3a1a9f8c44ac/element [173.353713ms] ERR:404 body={"strategy":"-android uiautomator","selector":"new UiSelector().textContains(\"English\")"}
05:35:39.370195 POST /session/a880ccf9-282d-4356-b5e5-3a1a9f8c44ac/element [352.118586ms] ERR:404 body={"strategy":"-android uiautomator","selector":"new UiSelector().descriptionContains(\"English\")"}
05:35:39.390426 POST /session/a880ccf9-282d-4356-b5e5-3a1a9f8c44ac/element [20.054183ms] ERR:404 body={"strategy":"-android uiautomator","selector":"new UiSelector().textMatches(\"(?is).*\\QEnglish\\E.*...
05:35:39.408553 POST /session/a880ccf9-282d-4356-b5e5-3a1a9f8c44ac/element [17.995792ms] ERR:404 body={"strategy":"-android uiautomator","selector":"new UiSelector().descriptionMatches(\"(?is).*\\QEngli...
05:35:39.427251 POST /session/a880ccf9-282d-4356-b5e5-3a1a9f8c44ac/element [18.515106ms] ERR:404 body={"strategy":"-android uiautomator","selector":"new UiSelector().textContains(\"English\")"}
05:35:39.445341 POST /session/a880ccf9-282d-4356-b5e5-3a1a9f8c44ac/element [17.943805ms] ERR:404 body={"strategy":"-android uiautomator","selector":"new UiSelector().descriptionContains(\"English\")"}
05:35:39.463176 POST /session/a880ccf9-282d-4356-b5e5-3a1a9f8c44ac/element [17.699938ms] ERR:404 body={"strategy":"-android uiautomator","selector":"new UiSelector().textMatches(\"(?is).*\\QEnglish\\E.*...
05:35:39.483047 POST /session/a880ccf9-282d-4356-b5e5-3a1a9f8c44ac/element [19.720585ms] ERR:404 body={"strategy":"-android uiautomator","selector":"new UiSelector().descriptionMatches(\"(?is).*\\QEngli...
05:35:39.504833 POST /session/a880ccf9-282d-4356-b5e5-3a1a9f8c44ac/element [21.645719ms] ERR:404 body={"strategy":"-android uiautomator","selector":"new UiSelector().textContains(\"English\")"}
05:35:39.527338 POST /session/a880ccf9-282d-4356-b5e5-3a1a9f8c44ac/element [22.392923ms] ERR:404 body={"strategy":"-android uiautomator","selector":"new UiSelector().descriptionContains(\"English\")"}
05:35:39.548037 POST /session/a880ccf9-282d-4356-b5e5-3a1a9f8c44ac/element [20.571723ms] ERR:404 body={"strategy":"-android uiautomator","selector":"new UiSelector().textMatches(\"(?is).*\\QEnglish\\E.*...
05:35:39.565413 POST /session/a880ccf9-282d-4356-b5e5-3a1a9f8c44ac/element [17.216141ms] ERR:404 body={"strategy":"-android uiautomator","selector":"new UiSelector().descriptionMatches(\"(?is).*\\QEngli...
05:35:39.582358 POST /session/a880ccf9-282d-4356-b5e5-3a1a9f8c44ac/element [16.744652ms] ERR:404 body={"strategy":"-android uiautomator","selector":"new UiSelector().textContains(\"English\")"}
05:35:39.597668 POST /session/a880ccf9-282d-4356-b5e5-3a1a9f8c44ac/element [15.164903ms] ERR:404 body={"strategy":"-android uiautomator","selector":"new UiSelector().descriptionContains(\"English\")"}
05:35:39.615221 POST /session/a880ccf9-282d-4356-b5e5-3a1a9f8c44ac/element [17.372213ms] ERR:404 body={"strategy":"-android uiautomator","selector":"new UiSelector().textMatches(\"(?is).*\\QEnglish\\E.*...
05:35:39.630800 POST /session/a880ccf9-282d-4356-b5e5-3a1a9f8c44ac/element [15.44751ms] ERR:404 body={"strategy":"-android uiautomator","selector":"new UiSelector().descriptionMatches(\"(?is).*\\QEngli...
05:35:39.648441 POST /session/a880ccf9-282d-4356-b5e5-3a1a9f8c44ac/element [17.494411ms] ERR:404 body={"strategy":"-android uiautomator","selector":"new UiSelector().textContains(\"English\")"}
05:35:39.664355 POST /session/a880ccf9-282d-4356-b5e5-3a1a9f8c44ac/element [15.751197ms] ERR:404 body={"strategy":"-android uiautomator","selector":"new UiSelector().descriptionContains(\"English\")"}
05:35:39.679493 POST /session/a880ccf9-282d-4356-b5e5-3a1a9f8c44ac/element [15.001199ms] ERR:404 body={"strategy":"-android uiautomator","selector":"new UiSelector().textMatches(\"(?is).*\\QEnglish\\E.*...
05:35:39.694673 POST /session/a880ccf9-282d-4356-b5e5-3a1a9f8c44ac/element [15.020782ms] ERR:404 body={"strategy":"-android uiautomator","selector":"new UiSelector().descriptionMatches(\"(?is).*\\QEngli...
05:35:39.710174 POST /session/a880ccf9-282d-4356-b5e5-3a1a9f8c44ac/element [15.336148ms] ERR:404 body={"strategy":"-android uiautomator","selector":"new UiSelector().textContains(\"English\")"}
05:35:39.973407 POST /session/a880ccf9-282d-4356-b5e5-3a1a9f8c44ac/element [263.074206ms] ERR:404 body={"strategy":"-android uiautomator","selector":"new UiSelector().descriptionContains(\"English\")"}
05:35:40.083008 POST /session/a880ccf9-282d-4356-b5e5-3a1a9f8c44ac/element [109.500188ms] ERR:404 body={"strategy":"-android uiautomator","selector":"new UiSelector().textMatches(\"(?is).*\\QEnglish\\E.*...
05:35:40.129738 POST /session/a880ccf9-282d-4356-b5e5-3a1a9f8c44ac/element [46.577612ms] ERR:404 body={"strategy":"-android uiautomator","selector":"new UiSelector().descriptionMatches(\"(?is).*\\QEngli...
05:35:40.146390 POST /session/a880ccf9-282d-4356-b5e5-3a1a9f8c44ac/element [16.49435ms] ERR:404 body={"strategy":"-android uiautomator","selector":"new UiSelector().textContains(\"English\")"}
05:35:40.162940 POST /session/a880ccf9-282d-4356-b5e5-3a1a9f8c44ac/element [16.379941ms] ERR:404 body={"strategy":"-android uiautomator","selector":"new UiSelector().descriptionContains(\"English\")"}
05:35:40.185564 POST /session/a880ccf9-282d-4356-b5e5-3a1a9f8c44ac/element [22.501476ms] ERR:404 body={"strategy":"-android uiautomator","selector":"new UiSelector().textMatches(\"(?is).*\\QEnglish\\E.*...
05:35:40.204676 POST /session/a880ccf9-282d-4356-b5e5-3a1a9f8c44ac/element [18.959808ms] ERR:404 body={"strategy":"-android uiautomator","selector":"new UiSelector().descriptionMatches(\"(?is).*\\QEngli...
05:35:40.221431 POST /session/a880ccf9-282d-4356-b5e5-3a1a9f8c44ac/element [16.628184ms] ERR:404 body={"strategy":"-android uiautomator","selector":"new UiSelector().textContains(\"English\")"}
05:35:40.240236 POST /session/a880ccf9-282d-4356-b5e5-3a1a9f8c44ac/element [18.642098ms] ERR:404 body={"strategy":"-android uiautomator","selector":"new UiSelector().descriptionContains(\"English\")"}
05:35:40.256353 POST /session/a880ccf9-282d-4356-b5e5-3a1a9f8c44ac/element [15.952768ms] ERR:404 body={"strategy":"-android uiautomator","selector":"new UiSelector().textMatches(\"(?is).*\\QEnglish\\E.*...
05:35:40.274834 POST /session/a880ccf9-282d-4356-b5e5-3a1a9f8c44ac/element [18.338256ms] ERR:404 body={"strategy":"-android uiautomator","selector":"new UiSelector().descriptionMatches(\"(?is).*\\QEngli...
05:35:40.290780 POST /session/a880ccf9-282d-4356-b5e5-3a1a9f8c44ac/element [15.81658ms] ERR:404 body={"strategy":"-android uiautomator","selector":"new UiSelector().textContains(\"English\")"}
05:35:40.312862 POST /session/a880ccf9-282d-4356-b5e5-3a1a9f8c44ac/element [21.932103ms] ERR:404 body={"strategy":"-android uiautomator","selector":"new UiSelector().descriptionContains(\"English\")"}
05:35:40.328340 POST /session/a880ccf9-282d-4356-b5e5-3a1a9f8c44ac/element [15.334116ms] ERR:404 body={"strategy":"-android uiautomator","selector":"new UiSelector().textMatches(\"(?is).*\\QEnglish\\E.*...
05:35:40.343141 POST /session/a880ccf9-282d-4356-b5e5-3a1a9f8c44ac/element [14.647418ms] ERR:404 body={"strategy":"-android uiautomator","selector":"new UiSelector().descriptionMatches(\"(?is).*\\QEngli...
05:35:40.359079 POST /session/a880ccf9-282d-4356-b5e5-3a1a9f8c44ac/element [15.759383ms] ERR:404 body={"strategy":"-android uiautomator","selector":"new UiSelector().textContains(\"English\")"}
05:35:40.374576 POST /session/a880ccf9-282d-4356-b5e5-3a1a9f8c44ac/element [15.310034ms] ERR:404 body={"strategy":"-android uiautomator","selector":"new UiSelector().descriptionContains(\"English\")"}
05:35:40.389971 POST /session/a880ccf9-282d-4356-b5e5-3a1a9f8c44ac/element [15.256526ms] ERR:404 body={"strategy":"-android uiautomator","selector":"new UiSelector().textMatches(\"(?is).*\\QEnglish\\E.*...
05:35:40.406455 POST /session/a880ccf9-282d-4356-b5e5-3a1a9f8c44ac/element [16.324876ms] ERR:404 body={"strategy":"-android uiautomator","selector":"new UiSelector().descriptionMatches(\"(?is).*\\QEngli...
05:35:40.422977 POST /session/a880ccf9-282d-4356-b5e5-3a1a9f8c44ac/element [16.400371ms] ERR:404 body={"strategy":"-android uiautomator","selector":"new UiSelector().textContains(\"English\")"}
05:35:40.439088 POST /session/a880ccf9-282d-4356-b5e5-3a1a9f8c44ac/element [15.944506ms] ERR:404 body={"strategy":"-android uiautomator","selector":"new UiSelector().descriptionContains(\"English\")"}
05:35:40.456776 POST /session/a880ccf9-282d-4356-b5e5-3a1a9f8c44ac/element [17.566846ms] ERR:404 body={"strategy":"-android uiautomator","selector":"new UiSelector().textMatches(\"(?is).*\\QEnglish\\E.*...
05:35:40.472498 POST /session/a880ccf9-282d-4356-b5e5-3a1a9f8c44ac/element [15.598449ms] ERR:404 body={"strategy":"-android uiautomator","selector":"new UiSelector().descriptionMatches(\"(?is).*\\QEngli...
05:35:40.487518 POST /session/a880ccf9-282d-4356-b5e5-3a1a9f8c44ac/element [14.880055ms] ERR:404 body={"strategy":"-android uiautomator","selector":"new UiSelector().textContains(\"English\")"}
05:35:40.510991 POST /session/a880ccf9-282d-4356-b5e5-3a1a9f8c44ac/element [23.318102ms] ERR:404 body={"strategy":"-android uiautomator","selector":"new UiSelector().descriptionContains(\"English\")"}
05:35:40.529719 POST /session/a880ccf9-282d-4356-b5e5-3a1a9f8c44ac/element [18.554724ms] ERR:404 body={"strategy":"-android uiautomator","selector":"new UiSelector().textMatches(\"(?is).*\\QEnglish\\E.*...
05:35:40.550525 POST /session/a880ccf9-282d-4356-b5e5-3a1a9f8c44ac/element [20.236089ms] ERR:404 body={"strategy":"-android uiautomator","selector":"new UiSelector().descriptionMatches(\"(?is).*\\QEngli...
05:35:40.569269 POST /session/a880ccf9-282d-4356-b5e5-3a1a9f8c44ac/element [18.072258ms] ERR:404 body={"strategy":"-android uiautomator","selector":"new UiSelector().textContains(\"English\")"}
05:35:40.587291 POST /session/a880ccf9-282d-4356-b5e5-3a1a9f8c44ac/element [17.881138ms] ERR:404 body={"strategy":"-android uiautomator","selector":"new UiSelector().descriptionContains(\"English\")"}
05:35:40.609575 POST /session/a880ccf9-282d-4356-b5e5-3a1a9f8c44ac/element [22.130335ms] ERR:404 body={"strategy":"-android uiautomator","selector":"new UiSelector().textMatches(\"(?is).*\\QEnglish\\E.*...
05:35:40.629945 POST /session/a880ccf9-282d-4356-b5e5-3a1a9f8c44ac/element [20.236537ms] ERR:404 body={"strategy":"-android uiautomator","selector":"new UiSelector().descriptionMatches(\"(?is).*\\QEngli...
05:35:40.648958 POST /session/a880ccf9-282d-4356-b5e5-3a1a9f8c44ac/element [18.885912ms] ERR:404 body={"strategy":"-android uiautomator","selector":"new UiSelector().textContains(\"English\")"}
05:35:40.666457 POST /session/a880ccf9-282d-4356-b5e5-3a1a9f8c44ac/element [17.357184ms] ERR:404 body={"strategy":"-android uiautomator","selector":"new UiSelector().descriptionContains(\"English\")"}
05:35:40.685380 POST /session/a880ccf9-282d-4356-b5e5-3a1a9f8c44ac/element [18.774305ms] ERR:404 body={"strategy":"-android uiautomator","selector":"new UiSelector().textMatches(\"(?is).*\\QEnglish\\E.*...
05:35:40.702290 POST /session/a880ccf9-282d-4356-b5e5-3a1a9f8c44ac/element [16.758143ms] ERR:404 body={"strategy":"-android uiautomator","selector":"new UiSelector().descriptionMatches(\"(?is).*\\QEngli...
05:35:40.718010 POST /session/a880ccf9-282d-4356-b5e5-3a1a9f8c44ac/element [15.582085ms] ERR:404 body={"strategy":"-android uiautomator","selector":"new UiSelector().textContains(\"English\")"}
05:35:40.734875 POST /session/a880ccf9-282d-4356-b5e5-3a1a9f8c44ac/element [16.73877ms] ERR:404 body={"strategy":"-android uiautomator","selector":"new UiSelector().descriptionContains(\"English\")"}
05:35:40.756241 POST /session/a880ccf9-282d-4356-b5e5-3a1a9f8c44ac/element [21.219027ms] ERR:404 body={"strategy":"-android uiautomator","selector":"new UiSelector().textMatches(\"(?is).*\\QEnglish\\E.*...
05:35:40.776600 POST /session/a880ccf9-282d-4356-b5e5-3a1a9f8c44ac/element [20.22267ms] ERR:404 body={"strategy":"-android uiautomator","selector":"new UiSelector().descriptionMatches(\"(?is).*\\QEngli...
05:35:40.796886 POST /session/a880ccf9-282d-4356-b5e5-3a1a9f8c44ac/element [20.146831ms] ERR:404 body={"strategy":"-android uiautomator","selector":"new UiSelector().textContains(\"English\")"}
05:35:40.811359 POST /session/a880ccf9-282d-4356-b5e5-3a1a9f8c44ac/element [14.327034ms] ERR:404 body={"strategy":"-android uiautomator","selector":"new UiSelector().descriptionContains(\"English\")"}
05:35:40.832420 POST /session/a880ccf9-282d-4356-b5e5-3a1a9f8c44ac/element [20.964668ms] ERR:404 body={"strategy":"-android uiautomator","selector":"new UiSelector().textMatches(\"(?is).*\\QEnglish\\E.*...
05:35:40.848529 POST /session/a880ccf9-282d-4356-b5e5-3a1a9f8c44ac/element [15.96909ms] ERR:404 body={"strategy":"-android uiautomator","selector":"new UiSelector().descriptionMatches(\"(?is).*\\QEngli...
05:35:40.864730 POST /session/a880ccf9-282d-4356-b5e5-3a1a9f8c44ac/element [16.078947ms] ERR:404 body={"strategy":"-android uiautomator","selector":"new UiSelector().textContains(\"English\")"}
05:35:40.880031 POST /session/a880ccf9-282d-4356-b5e5-3a1a9f8c44ac/element [15.153702ms] ERR:404 body={"strategy":"-android uiautomator","selector":"new UiSelector().descriptionContains(\"English\")"}
05:35:40.897678 POST /session/a880ccf9-282d-4356-b5e5-3a1a9f8c44ac/element [17.503705ms] ERR:404 body={"strategy":"-android uiautomator","selector":"new UiSelector().textMatches(\"(?is).*\\QEnglish\\E.*...
05:35:40.914159 POST /session/a880ccf9-282d-4356-b5e5-3a1a9f8c44ac/element [16.340271ms] ERR:404 body={"strategy":"-android uiautomator","selector":"new UiSelector().descriptionMatches(\"(?is).*\\QEngli...
05:35:40.930994 POST /session/a880ccf9-282d-4356-b5e5-3a1a9f8c44ac/element [16.680228ms] ERR:404 body={"strategy":"-android uiautomator","selector":"new UiSelector().textContains(\"English\")"}
05:35:40.946334 POST /session/a880ccf9-282d-4356-b5e5-3a1a9f8c44ac/element [15.153122ms] ERR:404 body={"strategy":"-android uiautomator","selector":"new UiSelector().descriptionContains(\"English\")"}
05:35:40.963921 POST /session/a880ccf9-282d-4356-b5e5-3a1a9f8c44ac/element [17.430431ms] ERR:404 body={"strategy":"-android uiautomator","selector":"new UiSelector().textMatches(\"(?is).*\\QEnglish\\E.*...
05:35:40.980448 POST /session/a880ccf9-282d-4356-b5e5-3a1a9f8c44ac/element [16.384549ms] ERR:404 body={"strategy":"-android uiautomator","selector":"new UiSelector().descriptionMatches(\"(?is).*\\QEngli...
05:35:41.000296 POST /session/a880ccf9-282d-4356-b5e5-3a1a9f8c44ac/element [19.660092ms] ERR:404 body={"strategy":"-android uiautomator","selector":"new UiSelector().textContains(\"English\")"}
05:35:41.017708 POST /session/a880ccf9-282d-4356-b5e5-3a1a9f8c44ac/element [17.274409ms] ERR:404 body={"strategy":"-android uiautomator","selector":"new UiSelector().descriptionContains(\"English\")"}
05:35:41.047428 POST /session/a880ccf9-282d-4356-b5e5-3a1a9f8c44ac/element [29.598162ms] ERR:404 body={"strategy":"-android uiautomator","selector":"new UiSelector().textMatches(\"(?is).*\\QEnglish\\E.*...
05:35:41.062499 POST /session/a880ccf9-282d-4356-b5e5-3a1a9f8c44ac/element [14.94456ms] ERR:404 body={"strategy":"-android uiautomator","selector":"new UiSelector().descriptionMatches(\"(?is).*\\QEngli...
05:35:41.077416 POST /session/a880ccf9-282d-4356-b5e5-3a1a9f8c44ac/element [14.799352ms] ERR:404 body={"strategy":"-android uiautomator","selector":"new UiSelector().textContains(\"English\")"}
05:35:41.095984 POST /session/a880ccf9-282d-4356-b5e5-3a1a9f8c44ac/element [18.452607ms] ERR:404 body={"strategy":"-android uiautomator","selector":"new UiSelector().descriptionContains(\"English\")"}
05:35:41.113391 POST /session/a880ccf9-282d-4356-b5e5-3a1a9f8c44ac/element [17.277666ms] ERR:404 body={"strategy":"-android uiautomator","selector":"new UiSelector().textMatches(\"(?is).*\\QEnglish\\E.*...
05:35:41.128681 POST /session/a880ccf9-282d-4356-b5e5-3a1a9f8c44ac/element [15.154265ms] ERR:404 body={"strategy":"-android uiautomator","selector":"new UiSelector().descriptionMatches(\"(?is).*\\QEngli...
05:35:41.144953 POST /session/a880ccf9-282d-4356-b5e5-3a1a9f8c44ac/element [16.13436ms] ERR:404 body={"strategy":"-android uiautomator","selector":"new UiSelector().textContains(\"English\")"}
05:35:41.160810 POST /session/a880ccf9-282d-4356-b5e5-3a1a9f8c44ac/element [15.725799ms] ERR:404 body={"strategy":"-android uiautomator","selector":"new UiSelector().descriptionContains(\"English\")"}
05:35:41.176145 POST /session/a880ccf9-282d-4356-b5e5-3a1a9f8c44ac/element [15.215534ms] ERR:404 body={"strategy":"-android uiautomator","selector":"new UiSelector().textMatches(\"(?is).*\\QEnglish\\E.*...
05:35:41.194340 POST /session/a880ccf9-282d-4356-b5e5-3a1a9f8c44ac/element [18.019566ms] ERR:404 body={"strategy":"-android uiautomator","selector":"new UiSelector().descriptionMatches(\"(?is).*\\QEngli...
05:35:41.213880 POST /session/a880ccf9-282d-4356-b5e5-3a1a9f8c44ac/element [19.399684ms] ERR:404 body={"strategy":"-android uiautomator","selector":"new UiSelector().textContains(\"English\")"}
05:35:41.233895 POST /session/a880ccf9-282d-4356-b5e5-3a1a9f8c44ac/element [19.850284ms] ERR:404 body={"strategy":"-android uiautomator","selector":"new UiSelector().descriptionContains(\"English\")"}
05:35:41.253555 POST /session/a880ccf9-282d-4356-b5e5-3a1a9f8c44ac/element [19.501298ms] ERR:404 body={"strategy":"-android uiautomator","selector":"new UiSelector().textMatches(\"(?is).*\\QEnglish\\E.*...
05:35:41.268752 POST /session/a880ccf9-282d-4356-b5e5-3a1a9f8c44ac/element [15.068759ms] ERR:404 body={"strategy":"-android uiautomator","selector":"new UiSelector().descriptionMatches(\"(?is).*\\QEngli...
05:35:41.286033 POST /session/a880ccf9-282d-4356-b5e5-3a1a9f8c44ac/element [17.186809ms] ERR:404 body={"strategy":"-android uiautomator","selector":"new UiSelector().textContains(\"English\")"}
05:35:41.302008 POST /session/a880ccf9-282d-4356-b5e5-3a1a9f8c44ac/element [15.853478ms] ERR:404 body={"strategy":"-android uiautomator","selector":"new UiSelector().descriptionContains(\"English\")"}
05:35:41.320302 POST /session/a880ccf9-282d-4356-b5e5-3a1a9f8c44ac/element [18.129349ms] ERR:404 body={"strategy":"-android uiautomator","selector":"new UiSelector().textMatches(\"(?is).*\\QEnglish\\E.*...
05:35:41.336572 POST /session/a880ccf9-282d-4356-b5e5-3a1a9f8c44ac/element [16.13791ms] ERR:404 body={"strategy":"-android uiautomator","selector":"new UiSelector().descriptionMatches(\"(?is).*\\QEngli...
05:35:41.353304 POST /session/a880ccf9-282d-4356-b5e5-3a1a9f8c44ac/element [16.582228ms] ERR:404 body={"strategy":"-android uiautomator","selector":"new UiSelector().textContains(\"English\")"}
05:35:41.369755 POST /session/a880ccf9-282d-4356-b5e5-3a1a9f8c44ac/element [16.310963ms] ERR:404 body={"strategy":"-android uiautomator","selector":"new UiSelector().descriptionContains(\"English\")"}
05:35:41.385677 POST /session/a880ccf9-282d-4356-b5e5-3a1a9f8c44ac/element [15.795994ms] ERR:404 body={"strategy":"-android uiautomator","selector":"new UiSelector().textMatches(\"(?is).*\\QEnglish\\E.*...
05:35:41.404739 POST /session/a880ccf9-282d-4356-b5e5-3a1a9f8c44ac/element [18.913547ms] ERR:404 body={"strategy":"-android uiautomator","selector":"new UiSelector().descriptionMatches(\"(?is).*\\QEngli...
05:35:41.421375 POST /session/a880ccf9-282d-4356-b5e5-3a1a9f8c44ac/element [16.523159ms] ERR:404 body={"strategy":"-android uiautomator","selector":"new UiSelector().textContains(\"English\")"}
05:35:41.437680 POST /session/a880ccf9-282d-4356-b5e5-3a1a9f8c44ac/element [16.207098ms] ERR:404 body={"strategy":"-android uiautomator","selector":"new UiSelector().descriptionContains(\"English\")"}
05:35:41.455067 POST /session/a880ccf9-282d-4356-b5e5-3a1a9f8c44ac/element [17.24931ms] ERR:404 body={"strategy":"-android uiautomator","selector":"new UiSelector().textMatches(\"(?is).*\\QEnglish\\E.*...
05:35:41.473020 POST /session/a880ccf9-282d-4356-b5e5-3a1a9f8c44ac/element [17.82887ms] ERR:404 body={"strategy":"-android uiautomator","selector":"new UiSelector().descriptionMatches(\"(?is).*\\QEngli...
05:35:41.488367 POST /session/a880ccf9-282d-4356-b5e5-3a1a9f8c44ac/element [15.230228ms] ERR:404 body={"strategy":"-android uiautomator","selector":"new UiSelector().textContains(\"English\")"}
05:35:41.504889 POST /session/a880ccf9-282d-4356-b5e5-3a1a9f8c44ac/element [16.353741ms] ERR:404 body={"strategy":"-android uiautomator","selector":"new UiSelector().descriptionContains(\"English\")"}
05:35:41.520366 POST /session/a880ccf9-282d-4356-b5e5-3a1a9f8c44ac/element [15.35826ms] ERR:404 body={"strategy":"-android uiautomator","selector":"new UiSelector().textMatches(\"(?is).*\\QEnglish\\E.*...
05:35:41.537078 POST /session/a880ccf9-282d-4356-b5e5-3a1a9f8c44ac/element [15.73611ms] ERR:404 body={"strategy":"-android uiautomator","selector":"new UiSelector().descriptionMatches(\"(?is).*\\QEngli...
05:35:41.554235 POST /session/a880ccf9-282d-4356-b5e5-3a1a9f8c44ac/element [16.881819ms] ERR:404 body={"strategy":"-android uiautomator","selector":"new UiSelector().textContains(\"English\")"}
05:35:41.570921 POST /session/a880ccf9-282d-4356-b5e5-3a1a9f8c44ac/element [16.561122ms] ERR:404 body={"strategy":"-android uiautomator","selector":"new UiSelector().descriptionContains(\"English\")"}
05:35:41.592438 POST /session/a880ccf9-282d-4356-b5e5-3a1a9f8c44ac/element [21.405011ms] ERR:404 body={"strategy":"-android uiautomator","selector":"new UiSelector().textMatches(\"(?is).*\\QEnglish\\E.*...
05:35:41.613132 POST /session/a880ccf9-282d-4356-b5e5-3a1a9f8c44ac/element [20.560214ms] ERR:404 body={"strategy":"-android uiautomator","selector":"new UiSelector().descriptionMatches(\"(?is).*\\QEngli...
05:35:41.628636 POST /session/a880ccf9-282d-4356-b5e5-3a1a9f8c44ac/element [15.327929ms] ERR:404 body={"strategy":"-android uiautomator","selector":"new UiSelector().textContains(\"English\")"}
05:35:41.644151 POST /session/a880ccf9-282d-4356-b5e5-3a1a9f8c44ac/element [15.345081ms] ERR:404 body={"strategy":"-android uiautomator","selector":"new UiSelector().descriptionContains(\"English\")"}
05:35:41.662158 POST /session/a880ccf9-282d-4356-b5e5-3a1a9f8c44ac/element [17.836724ms] ERR:404 body={"strategy":"-android uiautomator","selector":"new UiSelector().textMatches(\"(?is).*\\QEnglish\\E.*...
05:35:41.678384 POST /session/a880ccf9-282d-4356-b5e5-3a1a9f8c44ac/element [15.981528ms] ERR:404 body={"strategy":"-android uiautomator","selector":"new UiSelector().descriptionMatches(\"(?is).*\\QEngli...
05:35:41.694487 POST /session/a880ccf9-282d-4356-b5e5-3a1a9f8c44ac/element [15.962438ms] ERR:404 body={"strategy":"-android uiautomator","selector":"new UiSelector().textContains(\"English\")"}
05:35:41.710640 POST /session/a880ccf9-282d-4356-b5e5-3a1a9f8c44ac/element [16.007993ms] ERR:404 body={"strategy":"-android uiautomator","selector":"new UiSelector().descriptionContains(\"English\")"}
05:35:41.726606 POST /session/a880ccf9-282d-4356-b5e5-3a1a9f8c44ac/element [15.836237ms] ERR:404 body={"strategy":"-android uiautomator","selector":"new UiSelector().textMatches(\"(?is).*\\QEnglish\\E.*...
05:35:41.743319 POST /session/a880ccf9-282d-4356-b5e5-3a1a9f8c44ac/element [16.543984ms] ERR:404 body={"strategy":"-android uiautomator","selector":"new UiSelector().descriptionMatches(\"(?is).*\\QEngli...
05:35:41.765482 POST /session/a880ccf9-282d-4356-b5e5-3a1a9f8c44ac/element [22.02605ms] ERR:404 body={"strategy":"-android uiautomator","selector":"new UiSelector().textContains(\"English\")"}
05:35:41.782781 POST /session/a880ccf9-282d-4356-b5e5-3a1a9f8c44ac/element [17.153395ms] ERR:404 body={"strategy":"-android uiautomator","selector":"new UiSelector().descriptionContains(\"English\")"}
05:35:41.799595 POST /session/a880ccf9-282d-4356-b5e5-3a1a9f8c44ac/element [16.683719ms] ERR:404 body={"strategy":"-android uiautomator","selector":"new UiSelector().textMatches(\"(?is).*\\QEnglish\\E.*...
05:35:41.816015 POST /session/a880ccf9-282d-4356-b5e5-3a1a9f8c44ac/element [16.281668ms] ERR:404 body={"strategy":"-android uiautomator","selector":"new UiSelector().descriptionMatches(\"(?is).*\\QEngli...
05:35:41.831911 POST /session/a880ccf9-282d-4356-b5e5-3a1a9f8c44ac/element [15.746301ms] ERR:404 body={"strategy":"-android uiautomator","selector":"new UiSelector().textContains(\"English\")"}
05:35:41.849158 POST /session/a880ccf9-282d-4356-b5e5-3a1a9f8c44ac/element [17.112163ms] ERR:404 body={"strategy":"-android uiautomator","selector":"new UiSelector().descriptionContains(\"English\")"}
05:35:41.865532 POST /session/a880ccf9-282d-4356-b5e5-3a1a9f8c44ac/element [16.222474ms] ERR:404 body={"strategy":"-android uiautomator","selector":"new UiSelector().textMatches(\"(?is).*\\QEnglish\\E.*...
05:35:41.882612 POST /session/a880ccf9-282d-4356-b5e5-3a1a9f8c44ac/element [16.937016ms] ERR:404 body={"strategy":"-android uiautomator","selector":"new UiSelector().descriptionMatches(\"(?is).*\\QEngli...
05:35:41.899921 POST /session/a880ccf9-282d-4356-b5e5-3a1a9f8c44ac/element [17.172467ms] ERR:404 body={"strategy":"-android uiautomator","selector":"new UiSelector().textContains(\"English\")"}
05:35:41.916476 POST /session/a880ccf9-282d-4356-b5e5-3a1a9f8c44ac/element [16.408005ms] ERR:404 body={"strategy":"-android uiautomator","selector":"new UiSelector().descriptionContains(\"English\")"}
05:35:41.932667 POST /session/a880ccf9-282d-4356-b5e5-3a1a9f8c44ac/element [16.03609ms] ERR:404 body={"strategy":"-android uiautomator","selector":"new UiSelector().textMatches(\"(?is).*\\QEnglish\\E.*...
05:35:41.947966 POST /session/a880ccf9-282d-4356-b5e5-3a1a9f8c44ac/element [15.131903ms] ERR:404 body={"strategy":"-android uiautomator","selector":"new UiSelector().descriptionMatches(\"(?is).*\\QEngli...
05:35:41.965938 POST /session/a880ccf9-282d-4356-b5e5-3a1a9f8c44ac/element [17.814682ms] ERR:404 body={"strategy":"-android uiautomator","selector":"new UiSelector().textContains(\"English\")"}
05:35:41.983288 POST /session/a880ccf9-282d-4356-b5e5-3a1a9f8c44ac/element [17.192759ms] ERR:404 body={"strategy":"-android uiautomator","selector":"new UiSelector().descriptionContains(\"English\")"}
05:35:42.000478 POST /session/a880ccf9-282d-4356-b5e5-3a1a9f8c44ac/element [17.068098ms] ERR:404 body={"strategy":"-android uiautomator","selector":"new UiSelector().textMatches(\"(?is).*\\QEnglish\\E.*...
05:35:42.018508 POST /session/a880ccf9-282d-4356-b5e5-3a1a9f8c44ac/element [17.88005ms] ERR:404 body={"strategy":"-android uiautomator","selector":"new UiSelector().descriptionMatches(\"(?is).*\\QEngli...
05:35:42.034024 POST /session/a880ccf9-282d-4356-b5e5-3a1a9f8c44ac/element [15.36644ms] ERR:404 body={"strategy":"-android uiautomator","selector":"new UiSelector().textContains(\"English\")"}
05:35:42.047791 POST /session/a880ccf9-282d-4356-b5e5-3a1a9f8c44ac/element [13.67231ms] ERR:404 body={"strategy":"-android uiautomator","selector":"new UiSelector().descriptionContains(\"English\")"}
05:35:42.063436 POST /session/a880ccf9-282d-4356-b5e5-3a1a9f8c44ac/element [15.498948ms] ERR:404 body={"strategy":"-android uiautomator","selector":"new UiSelector().textMatches(\"(?is).*\\QEnglish\\E.*...
05:35:42.080298 POST /session/a880ccf9-282d-4356-b5e5-3a1a9f8c44ac/element [16.725366ms] ERR:404 body={"strategy":"-android uiautomator","selector":"new UiSelector().descriptionMatches(\"(?is).*\\QEngli...
05:35:42.096950 POST /session/a880ccf9-282d-4356-b5e5-3a1a9f8c44ac/element [16.520163ms] ERR:404 body={"strategy":"-android uiautomator","selector":"new UiSelector().textContains(\"English\")"}
05:35:42.113344 POST /session/a880ccf9-282d-4356-b5e5-3a1a9f8c44ac/element [16.279292ms] ERR:404 body={"strategy":"-android uiautomator","selector":"new UiSelector().descriptionContains(\"English\")"}
05:35:42.132378 POST /session/a880ccf9-282d-4356-b5e5-3a1a9f8c44ac/element [18.901725ms] ERR:404 body={"strategy":"-android uiautomator","selector":"new UiSelector().textMatches(\"(?is).*\\QEnglish\\E.*...
05:35:42.150324 POST /session/a880ccf9-282d-4356-b5e5-3a1a9f8c44ac/element [17.804761ms] ERR:404 body={"strategy":"-android uiautomator","selector":"new UiSelector().descriptionMatches(\"(?is).*\\QEngli...
05:35:42.165158 POST /session/a880ccf9-282d-4356-b5e5-3a1a9f8c44ac/element [14.671323ms] ERR:404 body={"strategy":"-android uiautomator","selector":"new UiSelector().textContains(\"English\")"}
05:35:42.179817 POST /session/a880ccf9-282d-4356-b5e5-3a1a9f8c44ac/element [14.506165ms] ERR:404 body={"strategy":"-android uiautomator","selector":"new UiSelector().descriptionContains(\"English\")"}
05:35:42.194133 POST /session/a880ccf9-282d-4356-b5e5-3a1a9f8c44ac/element [14.193501ms] ERR:404 body={"strategy":"-android uiautomator","selector":"new UiSelector().textMatches(\"(?is).*\\QEnglish\\E.*...
05:35:42.208370 POST /session/a880ccf9-282d-4356-b5e5-3a1a9f8c44ac/element [14.08105ms] ERR:404 body={"strategy":"-android uiautomator","selector":"new UiSelector().descriptionMatches(\"(?is).*\\QEngli...
05:35:42.223069 POST /session/a880ccf9-282d-4356-b5e5-3a1a9f8c44ac/element [14.565666ms] ERR:404 body={"strategy":"-android uiautomator","selector":"new UiSelector().textContains(\"English\")"}
05:35:42.238014 POST /session/a880ccf9-282d-4356-b5e5-3a1a9f8c44ac/element [14.81199ms] ERR:404 body={"strategy":"-android uiautomator","selector":"new UiSelector().descriptionContains(\"English\")"}
05:35:42.252818 POST /session/a880ccf9-282d-4356-b5e5-3a1a9f8c44ac/element [14.661584ms] ERR:404 body={"strategy":"-android uiautomator","selector":"new UiSelector().textMatches(\"(?is).*\\QEnglish\\E.*...
05:35:42.267070 POST /session/a880ccf9-282d-4356-b5e5-3a1a9f8c44ac/element [14.10303ms] ERR:404 body={"strategy":"-android uiautomator","selector":"new UiSelector().descriptionMatches(\"(?is).*\\QEngli...
05:35:42.284556 POST /session/a880ccf9-282d-4356-b5e5-3a1a9f8c44ac/element [17.350493ms] ERR:404 body={"strategy":"-android uiautomator","selector":"new UiSelector().textContains(\"English\")"}
05:35:42.300370 POST /session/a880ccf9-282d-4356-b5e5-3a1a9f8c44ac/element [15.691151ms] ERR:404 body={"strategy":"-android uiautomator","selector":"new UiSelector().descriptionContains(\"English\")"}
05:35:42.316678 POST /session/a880ccf9-282d-4356-b5e5-3a1a9f8c44ac/element [16.178401ms] ERR:404 body={"strategy":"-android uiautomator","selector":"new UiSelector().textMatches(\"(?is).*\\QEnglish\\E.*...
05:35:42.332028 POST /session/a880ccf9-282d-4356-b5e5-3a1a9f8c44ac/element [15.185142ms] ERR:404 body={"strategy":"-android uiautomator","selector":"new UiSelector().descriptionMatches(\"(?is).*\\QEngli...
05:35:42.346086 POST /session/a880ccf9-282d-4356-b5e5-3a1a9f8c44ac/element [13.913497ms] ERR:404 body={"strategy":"-android uiautomator","selector":"new UiSelector().textContains(\"English\")"}
05:35:42.377145 POST /session/a880ccf9-282d-4356-b5e5-3a1a9f8c44ac/element [30.93619ms] ERR:404 body={"strategy":"-android uiautomator","selector":"new UiSelector().descriptionContains(\"English\")"}
05:35:42.397069 POST /session/a880ccf9-282d-4356-b5e5-3a1a9f8c44ac/element [19.782324ms] ERR:404 body={"strategy":"-android uiautomator","selector":"new UiSelector().textMatches(\"(?is).*\\QEnglish\\E.*...
05:35:42.412862 POST /session/a880ccf9-282d-4356-b5e5-3a1a9f8c44ac/element [15.658847ms] ERR:404 body={"strategy":"-android uiautomator","selector":"new UiSelector().descriptionMatches(\"(?is).*\\QEngli...
05:35:42.427573 POST /session/a880ccf9-282d-4356-b5e5-3a1a9f8c44ac/element [14.58455ms] ERR:404 body={"strategy":"-android uiautomator","selector":"new UiSelector().textContains(\"English\")"}
05:35:42.444374 POST /session/a880ccf9-282d-4356-b5e5-3a1a9f8c44ac/element [16.679654ms] ERR:404 body={"strategy":"-android uiautomator","selector":"new UiSelector().descriptionContains(\"English\")"}
05:35:42.458739 POST /session/a880ccf9-282d-4356-b5e5-3a1a9f8c44ac/element [14.234006ms] ERR:404 body={"strategy":"-android uiautomator","selector":"new UiSelector().textMatches(\"(?is).*\\QEnglish\\E.*...
05:35:42.475584 POST /session/a880ccf9-282d-4356-b5e5-3a1a9f8c44ac/element [16.571118ms] ERR:404 body={"strategy":"-android uiautomator","selector":"new UiSelector().descriptionMatches(\"(?is).*\\QEngli...
05:35:42.490401 POST /session/a880ccf9-282d-4356-b5e5-3a1a9f8c44ac/element [14.665482ms] ERR:404 body={"strategy":"-android uiautomator","selector":"new UiSelector().textContains(\"English\")"}
05:35:42.505288 POST /session/a880ccf9-282d-4356-b5e5-3a1a9f8c44ac/element [14.752234ms] ERR:404 body={"strategy":"-android uiautomator","selector":"new UiSelector().descriptionContains(\"English\")"}
05:35:42.519977 POST /session/a880ccf9-282d-4356-b5e5-3a1a9f8c44ac/element [14.546282ms] ERR:404 body={"strategy":"-android uiautomator","selector":"new UiSelector().textMatches(\"(?is).*\\QEnglish\\E.*...
05:35:42.536254 POST /session/a880ccf9-282d-4356-b5e5-3a1a9f8c44ac/element [16.113612ms] ERR:404 body={"strategy":"-android uiautomator","selector":"new UiSelector().descriptionMatches(\"(?is).*\\QEngli...
05:35:42.551747 POST /session/a880ccf9-282d-4356-b5e5-3a1a9f8c44ac/element [15.364627ms] ERR:404 body={"strategy":"-android uiautomator","selector":"new UiSelector().textContains(\"English\")"}
05:35:42.567293 POST /session/a880ccf9-282d-4356-b5e5-3a1a9f8c44ac/element [15.384594ms] ERR:404 body={"strategy":"-android uiautomator","selector":"new UiSelector().descriptionContains(\"English\")"}
05:35:42.583936 POST /session/a880ccf9-282d-4356-b5e5-3a1a9f8c44ac/element [16.505038ms] ERR:404 body={"strategy":"-android uiautomator","selector":"new UiSelector().textMatches(\"(?is).*\\QEnglish\\E.*...
05:35:42.600683 POST /session/a880ccf9-282d-4356-b5e5-3a1a9f8c44ac/element [16.600672ms] ERR:404 body={"strategy":"-android uiautomator","selector":"new UiSelector().descriptionMatches(\"(?is).*\\QEngli...
05:35:42.617158 POST /session/a880ccf9-282d-4356-b5e5-3a1a9f8c44ac/element [16.290094ms] ERR:404 body={"strategy":"-android uiautomator","selector":"new UiSelector().textContains(\"English\")"}
05:35:42.634118 POST /session/a880ccf9-282d-4356-b5e5-3a1a9f8c44ac/element [16.772415ms] ERR:404 body={"strategy":"-android uiautomator","selector":"new UiSelector().descriptionContains(\"English\")"}
05:35:42.651722 POST /session/a880ccf9-282d-4356-b5e5-3a1a9f8c44ac/element [17.43546ms] ERR:404 body={"strategy":"-android uiautomator","selector":"new UiSelector().textMatches(\"(?is).*\\QEnglish\\E.*...
05:35:42.667632 POST /session/a880ccf9-282d-4356-b5e5-3a1a9f8c44ac/element [15.767894ms] ERR:404 body={"strategy":"-android uiautomator","selector":"new UiSelector().descriptionMatches(\"(?is).*\\QEngli...
05:35:42.684024 POST /session/a880ccf9-282d-4356-b5e5-3a1a9f8c44ac/element [16.238946ms] ERR:404 body={"strategy":"-android uiautomator","selector":"new UiSelector().textContains(\"English\")"}
05:35:42.699807 POST /session/a880ccf9-282d-4356-b5e5-3a1a9f8c44ac/element [15.630313ms] ERR:404 body={"strategy":"-android uiautomator","selector":"new UiSelector().descriptionContains(\"English\")"}
05:35:42.715015 POST /session/a880ccf9-282d-4356-b5e5-3a1a9f8c44ac/element [15.067731ms] ERR:404 body={"strategy":"-android uiautomator","selector":"new UiSelector().textMatches(\"(?is).*\\QEnglish\\E.*...
05:35:42.733885 POST /session/a880ccf9-282d-4356-b5e5-3a1a9f8c44ac/element [18.728667ms] ERR:404 body={"strategy":"-android uiautomator","selector":"new UiSelector().descriptionMatches(\"(?is).*\\QEngli...
05:35:42.752702 POST /session/a880ccf9-282d-4356-b5e5-3a1a9f8c44ac/element [18.670557ms] ERR:404 body={"strategy":"-android uiautomator","selector":"new UiSelector().textContains(\"English\")"}
05:35:42.772043 POST /session/a880ccf9-282d-4356-b5e5-3a1a9f8c44ac/element [19.17525ms] ERR:404 body={"strategy":"-android uiautomator","selector":"new UiSelector().descriptionContains(\"English\")"}
05:35:42.789218 POST /session/a880ccf9-282d-4356-b5e5-3a1a9f8c44ac/element [16.99502ms] ERR:404 body={"strategy":"-android uiautomator","selector":"new UiSelector().textMatches(\"(?is).*\\QEnglish\\E.*...
05:35:42.806277 POST /session/a880ccf9-282d-4356-b5e5-3a1a9f8c44ac/element [16.881097ms] ERR:404 body={"strategy":"-android uiautomator","selector":"new UiSelector().descriptionMatches(\"(?is).*\\QEngli...
05:35:42.821690 POST /session/a880ccf9-282d-4356-b5e5-3a1a9f8c44ac/element [15.29237ms] ERR:404 body={"strategy":"-android uiautomator","selector":"new UiSelector().textContains(\"English\")"}
05:35:42.834768 POST /session/a880ccf9-282d-4356-b5e5-3a1a9f8c44ac/element [12.946074ms] ERR:404 body={"strategy":"-android uiautomator","selector":"new UiSelector().descriptionContains(\"English\")"}
05:35:42.849096 POST /session/a880ccf9-282d-4356-b5e5-3a1a9f8c44ac/element [14.211154ms] ERR:404 body={"strategy":"-android uiautomator","selector":"new UiSelector().textMatches(\"(?is).*\\QEnglish\\E.*...
05:35:42.863890 POST /session/a880ccf9-282d-4356-b5e5-3a1a9f8c44ac/element [14.671233ms] ERR:404 body={"strategy":"-android uiautomator","selector":"new UiSelector().descriptionMatches(\"(?is).*\\QEngli...
05:35:42.878058 POST /session/a880ccf9-282d-4356-b5e5-3a1a9f8c44ac/element [14.02135ms] ERR:404 body={"strategy":"-android uiautomator","selector":"new UiSelector().textContains(\"English\")"}
05:35:42.892676 POST /session/a880ccf9-282d-4356-b5e5-3a1a9f8c44ac/element [14.483793ms] ERR:404 body={"strategy":"-android uiautomator","selector":"new UiSelector().descriptionContains(\"English\")"}
05:35:42.907274 POST /session/a880ccf9-282d-4356-b5e5-3a1a9f8c44ac/element [14.468497ms] ERR:404 body={"strategy":"-android uiautomator","selector":"new UiSelector().textMatches(\"(?is).*\\QEnglish\\E.*...
05:35:42.922744 POST /session/a880ccf9-282d-4356-b5e5-3a1a9f8c44ac/element [15.295824ms] ERR:404 body={"strategy":"-android uiautomator","selector":"new UiSelector().descriptionMatches(\"(?is).*\\QEngli...
05:35:42.940858 POST /session/a880ccf9-282d-4356-b5e5-3a1a9f8c44ac/element [17.979684ms] ERR:404 body={"strategy":"-android uiautomator","selector":"new UiSelector().textContains(\"English\")"}
05:35:42.954718 POST /session/a880ccf9-282d-4356-b5e5-3a1a9f8c44ac/element [13.703116ms] ERR:404 body={"strategy":"-android uiautomator","selector":"new UiSelector().descriptionContains(\"English\")"}
05:35:42.971007 POST /session/a880ccf9-282d-4356-b5e5-3a1a9f8c44ac/element [16.149933ms] ERR:404 body={"strategy":"-android uiautomator","selector":"new UiSelector().textMatches(\"(?is).*\\QEnglish\\E.*...
05:35:42.985313 POST /session/a880ccf9-282d-4356-b5e5-3a1a9f8c44ac/element [14.157107ms] ERR:404 body={"strategy":"-android uiautomator","selector":"new UiSelector().descriptionMatches(\"(?is).*\\QEngli...
05:35:42.998831 POST /session/a880ccf9-282d-4356-b5e5-3a1a9f8c44ac/element [13.401294ms] ERR:404 body={"strategy":"-android uiautomator","selector":"new UiSelector().textContains(\"English\")"}
05:35:43.012020 POST /session/a880ccf9-282d-4356-b5e5-3a1a9f8c44ac/element [13.071541ms] ERR:404 body={"strategy":"-android uiautomator","selector":"new UiSelector().descriptionContains(\"English\")"}
05:35:43.025962 POST /session/a880ccf9-282d-4356-b5e5-3a1a9f8c44ac/element [13.823501ms] ERR:404 body={"strategy":"-android uiautomator","selector":"new UiSelector().textMatches(\"(?is).*\\QEnglish\\E.*...
05:35:43.039226 POST /session/a880ccf9-282d-4356-b5e5-3a1a9f8c44ac/element [13.126209ms] ERR:404 body={"strategy":"-android uiautomator","selector":"new UiSelector().descriptionMatches(\"(?is).*\\QEngli...
05:35:43.052560 POST /session/a880ccf9-282d-4356-b5e5-3a1a9f8c44ac/element [13.217349ms] ERR:404 body={"strategy":"-android uiautomator","selector":"new UiSelector().textContains(\"English\")"}
05:35:43.066148 POST /session/a880ccf9-282d-4356-b5e5-3a1a9f8c44ac/element [13.4749ms] ERR:404 body={"strategy":"-android uiautomator","selector":"new UiSelector().descriptionContains(\"English\")"}
05:35:43.080299 POST /session/a880ccf9-282d-4356-b5e5-3a1a9f8c44ac/element [14.017581ms] ERR:404 body={"strategy":"-android uiautomator","selector":"new UiSelector().textMatches(\"(?is).*\\QEnglish\\E.*...
05:35:43.094222 POST /session/a880ccf9-282d-4356-b5e5-3a1a9f8c44ac/element [13.805126ms] ERR:404 body={"strategy":"-android uiautomator","selector":"new UiSelector().descriptionMatches(\"(?is).*\\QEngli...
05:35:43.108287 POST /session/a880ccf9-282d-4356-b5e5-3a1a9f8c44ac/element [13.906245ms] ERR:404 body={"strategy":"-android uiautomator","selector":"new UiSelector().textContains(\"English\")"}
05:35:43.124115 POST /session/a880ccf9-282d-4356-b5e5-3a1a9f8c44ac/element [15.704732ms] ERR:404 body={"strategy":"-android uiautomator","selector":"new UiSelector().descriptionContains(\"English\")"}
05:35:43.140997 POST /session/a880ccf9-282d-4356-b5e5-3a1a9f8c44ac/element [16.739743ms] ERR:404 body={"strategy":"-android uiautomator","selector":"new UiSelector().textMatches(\"(?is).*\\QEnglish\\E.*...
05:35:43.157767 POST /session/a880ccf9-282d-4356-b5e5-3a1a9f8c44ac/element [16.641761ms] ERR:404 body={"strategy":"-android uiautomator","selector":"new UiSelector().descriptionMatches(\"(?is).*\\QEngli...
05:35:43.175257 POST /session/a880ccf9-282d-4356-b5e5-3a1a9f8c44ac/element [17.372414ms] ERR:404 body={"strategy":"-android uiautomator","selector":"new UiSelector().textContains(\"English\")"}
05:35:43.193462 POST /session/a880ccf9-282d-4356-b5e5-3a1a9f8c44ac/element [18.058424ms] ERR:404 body={"strategy":"-android uiautomator","selector":"new UiSelector().descriptionContains(\"English\")"}
05:35:43.209222 POST /session/a880ccf9-282d-4356-b5e5-3a1a9f8c44ac/element [15.609584ms] ERR:404 body={"strategy":"-android uiautomator","selector":"new UiSelector().textMatches(\"(?is).*\\QEnglish\\E.*...
05:35:43.230397 POST /session/a880ccf9-282d-4356-b5e5-3a1a9f8c44ac/element [21.039418ms] ERR:404 body={"strategy":"-android uiautomator","selector":"new UiSelector().descriptionMatches(\"(?is).*\\QEngli...
05:35:43.247885 POST /session/a880ccf9-282d-4356-b5e5-3a1a9f8c44ac/element [17.361336ms] ERR:404 body={"strategy":"-android uiautomator","selector":"new UiSelector().textContains(\"English\")"}
05:35:43.265385 POST /session/a880ccf9-282d-4356-b5e5-3a1a9f8c44ac/element [16.603037ms] ERR:404 body={"strategy":"-android uiautomator","selector":"new UiSelector().descriptionContains(\"English\")"}
05:35:43.281356 POST /session/a880ccf9-282d-4356-b5e5-3a1a9f8c44ac/element [15.828705ms] ERR:404 body={"strategy":"-android uiautomator","selector":"new UiSelector().textMatches(\"(?is).*\\QEnglish\\E.*...
05:35:43.296582 POST /session/a880ccf9-282d-4356-b5e5-3a1a9f8c44ac/element [15.059171ms] ERR:404 body={"strategy":"-android uiautomator","selector":"new UiSelector().descriptionMatches(\"(?is).*\\QEngli...
05:35:43.312621 POST /session/a880ccf9-282d-4356-b5e5-3a1a9f8c44ac/element [15.886145ms] ERR:404 body={"strategy":"-android uiautomator","selector":"new UiSelector().textContains(\"English\")"}
05:35:43.328176 POST /session/a880ccf9-282d-4356-b5e5-3a1a9f8c44ac/element [15.435711ms] ERR:404 body={"strategy":"-android uiautomator","selector":"new UiSelector().descriptionContains(\"English\")"}
05:35:43.346411 POST /session/a880ccf9-282d-4356-b5e5-3a1a9f8c44ac/element [18.066213ms] ERR:404 body={"strategy":"-android uiautomator","selector":"new UiSelector().textMatches(\"(?is).*\\QEnglish\\E.*...
05:35:43.363977 POST /session/a880ccf9-282d-4356-b5e5-3a1a9f8c44ac/element [17.443827ms] ERR:404 body={"strategy":"-android uiautomator","selector":"new UiSelector().descriptionMatches(\"(?is).*\\QEngli...
05:35:43.380659 POST /session/a880ccf9-282d-4356-b5e5-3a1a9f8c44ac/element [16.551096ms] ERR:404 body={"strategy":"-android uiautomator","selector":"new UiSelector().textContains(\"English\")"}
05:35:43.396803 POST /session/a880ccf9-282d-4356-b5e5-3a1a9f8c44ac/element [16.040318ms] ERR:404 body={"strategy":"-android uiautomator","selector":"new UiSelector().descriptionContains(\"English\")"}
05:35:43.413340 POST /session/a880ccf9-282d-4356-b5e5-3a1a9f8c44ac/element [16.417903ms] ERR:404 body={"strategy":"-android uiautomator","selector":"new UiSelector().textMatches(\"(?is).*\\QEnglish\\E.*...
05:35:43.428363 POST /session/a880ccf9-282d-4356-b5e5-3a1a9f8c44ac/element [14.890493ms] ERR:404 body={"strategy":"-android uiautomator","selector":"new UiSelector().descriptionMatches(\"(?is).*\\QEngli...
05:35:43.443848 POST /session/a880ccf9-282d-4356-b5e5-3a1a9f8c44ac/element [15.386747ms] ERR:404 body={"strategy":"-android uiautomator","selector":"new UiSelector().textContains(\"English\")"}
05:35:43.462349 POST /session/a880ccf9-282d-4356-b5e5-3a1a9f8c44ac/element [18.385324ms] ERR:404 body={"strategy":"-android uiautomator","selector":"new UiSelector().descriptionContains(\"English\")"}
05:35:43.477967 POST /session/a880ccf9-282d-4356-b5e5-3a1a9f8c44ac/element [15.476545ms] ERR:404 body={"strategy":"-android uiautomator","selector":"new UiSelector().textMatches(\"(?is).*\\QEnglish\\E.*...
05:35:43.498270 POST /session/a880ccf9-282d-4356-b5e5-3a1a9f8c44ac/element [20.192628ms] ERR:404 body={"strategy":"-android uiautomator","selector":"new UiSelector().descriptionMatches(\"(?is).*\\QEngli...
05:35:43.517462 POST /session/a880ccf9-282d-4356-b5e5-3a1a9f8c44ac/element [19.088419ms] ERR:404 body={"strategy":"-android uiautomator","selector":"new UiSelector().textContains(\"English\")"}
05:35:43.537565 POST /session/a880ccf9-282d-4356-b5e5-3a1a9f8c44ac/element [19.962198ms] ERR:404 body={"strategy":"-android uiautomator","selector":"new UiSelector().descriptionContains(\"English\")"}
05:35:43.551997 POST /session/a880ccf9-282d-4356-b5e5-3a1a9f8c44ac/element [14.313656ms] ERR:404 body={"strategy":"-android uiautomator","selector":"new UiSelector().textMatches(\"(?is).*\\QEnglish\\E.*...
05:35:43.566564 POST /session/a880ccf9-282d-4356-b5e5-3a1a9f8c44ac/element [14.436895ms] ERR:404 body={"strategy":"-android uiautomator","selector":"new UiSelector().descriptionMatches(\"(?is).*\\QEngli...
05:35:43.584820 POST /session/a880ccf9-282d-4356-b5e5-3a1a9f8c44ac/element [18.135399ms] ERR:404 body={"strategy":"-android uiautomator","selector":"new UiSelector().textContains(\"English\")"}
05:35:43.603941 POST /session/a880ccf9-282d-4356-b5e5-3a1a9f8c44ac/element [18.984162ms] ERR:404 body={"strategy":"-android uiautomator","selector":"new UiSelector().descriptionContains(\"English\")"}
05:35:43.619126 POST /session/a880ccf9-282d-4356-b5e5-3a1a9f8c44ac/element [15.013095ms] ERR:404 body={"strategy":"-android uiautomator","selector":"new UiSelector().textMatches(\"(?is).*\\QEnglish\\E.*...
05:35:43.632911 POST /session/a880ccf9-282d-4356-b5e5-3a1a9f8c44ac/element [13.636909ms] ERR:404 body={"strategy":"-android uiautomator","selector":"new UiSelector().descriptionMatches(\"(?is).*\\QEngli...
05:35:43.646850 POST /session/a880ccf9-282d-4356-b5e5-3a1a9f8c44ac/element [13.79106ms] ERR:404 body={"strategy":"-android uiautomator","selector":"new UiSelector().textContains(\"English\")"}
05:35:43.660704 POST /session/a880ccf9-282d-4356-b5e5-3a1a9f8c44ac/element [13.693448ms] ERR:404 body={"strategy":"-android uiautomator","selector":"new UiSelector().descriptionContains(\"English\")"}
05:35:43.677547 POST /session/a880ccf9-282d-4356-b5e5-3a1a9f8c44ac/element [16.700341ms] ERR:404 body={"strategy":"-android uiautomator","selector":"new UiSelector().textMatches(\"(?is).*\\QEnglish\\E.*...
05:35:43.692543 POST /session/a880ccf9-282d-4356-b5e5-3a1a9f8c44ac/element [14.833053ms] ERR:404 body={"strategy":"-android uiautomator","selector":"new UiSelector().descriptionMatches(\"(?is).*\\QEngli...
05:35:43.706329 POST /session/a880ccf9-282d-4356-b5e5-3a1a9f8c44ac/element [13.61985ms] ERR:404 body={"strategy":"-android uiautomator","selector":"new UiSelector().textContains(\"English\")"}
05:35:43.720938 POST /session/a880ccf9-282d-4356-b5e5-3a1a9f8c44ac/element [14.48197ms] ERR:404 body={"strategy":"-android uiautomator","selector":"new UiSelector().descriptionContains(\"English\")"}
05:35:43.737759 POST /session/a880ccf9-282d-4356-b5e5-3a1a9f8c44ac/element [16.6843ms] ERR:404 body={"strategy":"-android uiautomator","selector":"new UiSelector().textMatches(\"(?is).*\\QEnglish\\E.*...
05:35:43.752837 POST /session/a880ccf9-282d-4356-b5e5-3a1a9f8c44ac/element [14.956797ms] ERR:404 body={"strategy":"-android uiautomator","selector":"new UiSelector().descriptionMatches(\"(?is).*\\QEngli...
05:35:43.768850 POST /session/a880ccf9-282d-4356-b5e5-3a1a9f8c44ac/element [15.858188ms] ERR:404 body={"strategy":"-android uiautomator","selector":"new UiSelector().textContains(\"English\")"}
05:35:43.783843 POST /session/a880ccf9-282d-4356-b5e5-3a1a9f8c44ac/element [14.851928ms] ERR:404 body={"strategy":"-android uiautomator","selector":"new UiSelector().descriptionContains(\"English\")"}
05:35:43.800280 POST /session/a880ccf9-282d-4356-b5e5-3a1a9f8c44ac/element [16.257343ms] ERR:404 body={"strategy":"-android uiautomator","selector":"new UiSelector().textMatches(\"(?is).*\\QEnglish\\E.*...
05:35:43.815115 POST /session/a880ccf9-282d-4356-b5e5-3a1a9f8c44ac/element [14.692603ms] ERR:404 body={"strategy":"-android uiautomator","selector":"new UiSelector().descriptionMatches(\"(?is).*\\QEngli...
05:35:43.829949 POST /session/a880ccf9-282d-4356-b5e5-3a1a9f8c44ac/element [14.654802ms] ERR:404 body={"strategy":"-android uiautomator","selector":"new UiSelector().textContains(\"English\")"}
05:35:43.844128 POST /session/a880ccf9-282d-4356-b5e5-3a1a9f8c44ac/element [14.071413ms] ERR:404 body={"strategy":"-android uiautomator","selector":"new UiSelector().descriptionContains(\"English\")"}
05:35:43.859309 POST /session/a880ccf9-282d-4356-b5e5-3a1a9f8c44ac/element [14.995319ms] ERR:404 body={"strategy":"-android uiautomator","selector":"new UiSelector().textMatches(\"(?is).*\\QEnglish\\E.*...
05:35:43.875863 POST /session/a880ccf9-282d-4356-b5e5-3a1a9f8c44ac/element [16.425596ms] ERR:404 body={"strategy":"-android uiautomator","selector":"new UiSelector().descriptionMatches(\"(?is).*\\QEngli...
05:35:43.892305 POST /session/a880ccf9-282d-4356-b5e5-3a1a9f8c44ac/element [16.278177ms] ERR:404 body={"strategy":"-android uiautomator","selector":"new UiSelector().textContains(\"English\")"}
05:35:43.907105 POST /session/a880ccf9-282d-4356-b5e5-3a1a9f8c44ac/element [14.672431ms] ERR:404 body={"strategy":"-android uiautomator","selector":"new UiSelector().descriptionContains(\"English\")"}
05:35:43.921742 POST /session/a880ccf9-282d-4356-b5e5-3a1a9f8c44ac/element [14.499391ms] ERR:404 body={"strategy":"-android uiautomator","selector":"new UiSelector().textMatches(\"(?is).*\\QEnglish\\E.*...
05:35:43.936719 POST /session/a880ccf9-282d-4356-b5e5-3a1a9f8c44ac/element [14.851469ms] ERR:404 body={"strategy":"-android uiautomator","selector":"new UiSelector().descriptionMatches(\"(?is).*\\QEngli...
05:35:43.951472 POST /session/a880ccf9-282d-4356-b5e5-3a1a9f8c44ac/element [14.598677ms] ERR:404 body={"strategy":"-android uiautomator","selector":"new UiSelector().textContains(\"English\")"}
05:35:43.966469 POST /session/a880ccf9-282d-4356-b5e5-3a1a9f8c44ac/element [14.871747ms] ERR:404 body={"strategy":"-android uiautomator","selector":"new UiSelector().descriptionContains(\"English\")"}
05:35:43.982364 POST /session/a880ccf9-282d-4356-b5e5-3a1a9f8c44ac/element [15.768105ms] ERR:404 body={"strategy":"-android uiautomator","selector":"new UiSelector().textMatches(\"(?is).*\\QEnglish\\E.*...
05:35:43.997226 POST /session/a880ccf9-282d-4356-b5e5-3a1a9f8c44ac/element [14.696163ms] ERR:404 body={"strategy":"-android uiautomator","selector":"new UiSelector().descriptionMatches(\"(?is).*\\QEngli...
05:35:44.012294 POST /session/a880ccf9-282d-4356-b5e5-3a1a9f8c44ac/element [14.885743ms] ERR:404 body={"strategy":"-android uiautomator","selector":"new UiSelector().textContains(\"English\")"}
05:35:44.027216 POST /session/a880ccf9-282d-4356-b5e5-3a1a9f8c44ac/element [14.761331ms] ERR:404 body={"strategy":"-android uiautomator","selector":"new UiSelector().descriptionContains(\"English\")"}
05:35:44.042932 POST /session/a880ccf9-282d-4356-b5e5-3a1a9f8c44ac/element [15.613872ms] ERR:404 body={"strategy":"-android uiautomator","selector":"new UiSelector().textMatches(\"(?is).*\\QEnglish\\E.*...
05:35:44.060270 POST /session/a880ccf9-282d-4356-b5e5-3a1a9f8c44ac/element [17.170597ms] ERR:404 body={"strategy":"-android uiautomator","selector":"new UiSelector().descriptionMatches(\"(?is).*\\QEngli...
05:35:44.076271 POST /session/a880ccf9-282d-4356-b5e5-3a1a9f8c44ac/element [15.849662ms] ERR:404 body={"strategy":"-android uiautomator","selector":"new UiSelector().textContains(\"English\")"}
05:35:44.092925 POST /session/a880ccf9-282d-4356-b5e5-3a1a9f8c44ac/element [16.506939ms] ERR:404 body={"strategy":"-android uiautomator","selector":"new UiSelector().descriptionContains(\"English\")"}
05:35:44.110419 POST /session/a880ccf9-282d-4356-b5e5-3a1a9f8c44ac/element [17.345344ms] ERR:404 body={"strategy":"-android uiautomator","selector":"new UiSelector().textMatches(\"(?is).*\\QEnglish\\E.*...
05:35:44.127933 POST /session/a880ccf9-282d-4356-b5e5-3a1a9f8c44ac/element [17.363717ms] ERR:404 body={"strategy":"-android uiautomator","selector":"new UiSelector().descriptionMatches(\"(?is).*\\QEngli...
05:35:44.144820 POST /session/a880ccf9-282d-4356-b5e5-3a1a9f8c44ac/element [16.719022ms] ERR:404 body={"strategy":"-android uiautomator","selector":"new UiSelector().textContains(\"English\")"}
05:35:44.161845 POST /session/a880ccf9-282d-4356-b5e5-3a1a9f8c44ac/element [16.895577ms] ERR:404 body={"strategy":"-android uiautomator","selector":"new UiSelector().descriptionContains(\"English\")"}
05:35:44.179205 POST /session/a880ccf9-282d-4356-b5e5-3a1a9f8c44ac/element [17.211725ms] ERR:404 body={"strategy":"-android uiautomator","selector":"new UiSelector().textMatches(\"(?is).*\\QEnglish\\E.*...
05:35:44.198422 POST /session/a880ccf9-282d-4356-b5e5-3a1a9f8c44ac/element [19.103305ms] ERR:404 body={"strategy":"-android uiautomator","selector":"new UiSelector().descriptionMatches(\"(?is).*\\QEngli...
05:35:44.215973 POST /session/a880ccf9-282d-4356-b5e5-3a1a9f8c44ac/element [17.426034ms] ERR:404 body={"strategy":"-android uiautomator","selector":"new UiSelector().textContains(\"English\")"}
05:35:44.232874 POST /session/a880ccf9-282d-4356-b5e5-3a1a9f8c44ac/element [16.769831ms] ERR:404 body={"strategy":"-android uiautomator","selector":"new UiSelector().descriptionContains(\"English\")"}
05:35:44.247978 POST /session/a880ccf9-282d-4356-b5e5-3a1a9f8c44ac/element [14.950674ms] ERR:404 body={"strategy":"-android uiautomator","selector":"new UiSelector().textMatches(\"(?is).*\\QEnglish\\E.*...
05:35:44.263306 POST /session/a880ccf9-282d-4356-b5e5-3a1a9f8c44ac/element [15.120286ms] ERR:404 body={"strategy":"-android uiautomator","selector":"new UiSelector().descriptionMatches(\"(?is).*\\QEngli...
05:35:44.282234 POST /session/a880ccf9-282d-4356-b5e5-3a1a9f8c44ac/element [18.774281ms] ERR:404 body={"strategy":"-android uiautomator","selector":"new UiSelector().textContains(\"English\")"}
05:35:44.296312 POST /session/a880ccf9-282d-4356-b5e5-3a1a9f8c44ac/element [13.918565ms] ERR:404 body={"strategy":"-android uiautomator","selector":"new UiSelector().descriptionContains(\"English\")"}
05:35:44.314940 POST /session/a880ccf9-282d-4356-b5e5-3a1a9f8c44ac/element [18.514235ms] ERR:404 body={"strategy":"-android uiautomator","selector":"new UiSelector().textMatches(\"(?is).*\\QEnglish\\E.*...
05:35:44.333600 POST /session/a880ccf9-282d-4356-b5e5-3a1a9f8c44ac/element [18.523764ms] ERR:404 body={"strategy":"-android uiautomator","selector":"new UiSelector().descriptionMatches(\"(?is).*\\QEngli...
05:35:44.349386 POST /session/a880ccf9-282d-4356-b5e5-3a1a9f8c44ac/element [15.648246ms] ERR:404 body={"strategy":"-android uiautomator","selector":"new UiSelector().textContains(\"English\")"}
05:35:44.366759 POST /session/a880ccf9-282d-4356-b5e5-3a1a9f8c44ac/element [17.214389ms] ERR:404 body={"strategy":"-android uiautomator","selector":"new UiSelector().descriptionContains(\"English\")"}
05:35:44.382781 POST /session/a880ccf9-282d-4356-b5e5-3a1a9f8c44ac/element [15.88063ms] ERR:404 body={"strategy":"-android uiautomator","selector":"new UiSelector().textMatches(\"(?is).*\\QEnglish\\E.*...
05:35:44.398795 POST /session/a880ccf9-282d-4356-b5e5-3a1a9f8c44ac/element [15.882963ms] ERR:404 body={"strategy":"-android uiautomator","selector":"new UiSelector().descriptionMatches(\"(?is).*\\QEngli...
05:35:44.414648 POST /session/a880ccf9-282d-4356-b5e5-3a1a9f8c44ac/element [15.719832ms] ERR:404 body={"strategy":"-android uiautomator","selector":"new UiSelector().textContains(\"English\")"}
05:35:44.430136 POST /session/a880ccf9-282d-4356-b5e5-3a1a9f8c44ac/element [15.336876ms] ERR:404 body={"strategy":"-android uiautomator","selector":"new UiSelector().descriptionContains(\"English\")"}
05:35:44.443234 POST /session/a880ccf9-282d-4356-b5e5-3a1a9f8c44ac/element [12.901435ms] ERR:404 body={"strategy":"-android uiautomator","selector":"new UiSelector().textMatches(\"(?is).*\\QEnglish\\E.*...
05:35:44.456445 POST /session/a880ccf9-282d-4356-b5e5-3a1a9f8c44ac/element [13.044621ms] ERR:404 body={"strategy":"-android uiautomator","selector":"new UiSelector().descriptionMatches(\"(?is).*\\QEngli...
05:35:44.471005 POST /session/a880ccf9-282d-4356-b5e5-3a1a9f8c44ac/element [14.425502ms] ERR:404 body={"strategy":"-android uiautomator","selector":"new UiSelector().textContains(\"English\")"}
05:35:44.486825 POST /session/a880ccf9-282d-4356-b5e5-3a1a9f8c44ac/element [15.691173ms] ERR:404 body={"strategy":"-android uiautomator","selector":"new UiSelector().descriptionContains(\"English\")"}
05:35:44.502836 POST /session/a880ccf9-282d-4356-b5e5-3a1a9f8c44ac/element [15.855633ms] ERR:404 body={"strategy":"-android uiautomator","selector":"new UiSelector().textMatches(\"(?is).*\\QEnglish\\E.*...
05:35:44.518506 POST /session/a880ccf9-282d-4356-b5e5-3a1a9f8c44ac/element [15.524115ms] ERR:404 body={"strategy":"-android uiautomator","selector":"new UiSelector().descriptionMatches(\"(?is).*\\QEngli...
05:35:44.534326 POST /session/a880ccf9-282d-4356-b5e5-3a1a9f8c44ac/element [15.617278ms] ERR:404 body={"strategy":"-android uiautomator","selector":"new UiSelector().textContains(\"English\")"}
05:35:44.549935 POST /session/a880ccf9-282d-4356-b5e5-3a1a9f8c44ac/element [15.465495ms] ERR:404 body={"strategy":"-android uiautomator","selector":"new UiSelector().descriptionContains(\"English\")"}
05:35:44.565302 POST /session/a880ccf9-282d-4356-b5e5-3a1a9f8c44ac/element [15.214707ms] ERR:404 body={"strategy":"-android uiautomator","selector":"new UiSelector().textMatches(\"(?is).*\\QEnglish\\E.*...
05:35:44.579719 POST /session/a880ccf9-282d-4356-b5e5-3a1a9f8c44ac/element [14.263584ms] ERR:404 body={"strategy":"-android uiautomator","selector":"new UiSelector().descriptionMatches(\"(?is).*\\QEngli...
05:35:44.595130 POST /session/a880ccf9-282d-4356-b5e5-3a1a9f8c44ac/element [15.252716ms] ERR:404 body={"strategy":"-android uiautomator","selector":"new UiSelector().textContains(\"English\")"}
05:35:44.609939 POST /session/a880ccf9-282d-4356-b5e5-3a1a9f8c44ac/element [14.640636ms] ERR:404 body={"strategy":"-android uiautomator","selector":"new UiSelector().descriptionContains(\"English\")"}
05:35:44.625325 POST /session/a880ccf9-282d-4356-b5e5-3a1a9f8c44ac/element [15.2697ms] ERR:404 body={"strategy":"-android uiautomator","selector":"new UiSelector().textMatches(\"(?is).*\\QEnglish\\E.*...
05:35:44.640112 POST /session/a880ccf9-282d-4356-b5e5-3a1a9f8c44ac/element [14.672155ms] ERR:404 body={"strategy":"-android uiautomator","selector":"new UiSelector().descriptionMatches(\"(?is).*\\QEngli...
05:35:44.655373 POST /session/a880ccf9-282d-4356-b5e5-3a1a9f8c44ac/element [15.105906ms] ERR:404 body={"strategy":"-android uiautomator","selector":"new UiSelector().textContains(\"English\")"}
05:35:44.670004 POST /session/a880ccf9-282d-4356-b5e5-3a1a9f8c44ac/element [14.52054ms] ERR:404 body={"strategy":"-android uiautomator","selector":"new UiSelector().descriptionContains(\"English\")"}
05:35:44.694325 POST /session/a880ccf9-282d-4356-b5e5-3a1a9f8c44ac/element [24.149225ms] ERR:404 body={"strategy":"-android uiautomator","selector":"new UiSelector().textMatches(\"(?is).*\\QEnglish\\E.*...
05:35:44.711893 POST /session/a880ccf9-282d-4356-b5e5-3a1a9f8c44ac/element [17.446967ms] ERR:404 body={"strategy":"-android uiautomator","selector":"new UiSelector().descriptionMatches(\"(?is).*\\QEngli...
05:35:44.727811 POST /session/a880ccf9-282d-4356-b5e5-3a1a9f8c44ac/element [15.773651ms] ERR:404 body={"strategy":"-android uiautomator","selector":"new UiSelector().textContains(\"English\")"}
05:35:44.746348 POST /session/a880ccf9-282d-4356-b5e5-3a1a9f8c44ac/element [18.418367ms] ERR:404 body={"strategy":"-android uiautomator","selector":"new UiSelector().descriptionContains(\"English\")"}
05:35:44.761211 POST /session/a880ccf9-282d-4356-b5e5-3a1a9f8c44ac/element [14.677004ms] ERR:404 body={"strategy":"-android uiautomator","selector":"new UiSelector().textMatches(\"(?is).*\\QEnglish\\E.*...
05:35:44.776883 POST /session/a880ccf9-282d-4356-b5e5-3a1a9f8c44ac/element [15.540834ms] ERR:404 body={"strategy":"-android uiautomator","selector":"new UiSelector().descriptionMatches(\"(?is).*\\QEngli...
05:35:44.791587 POST /session/a880ccf9-282d-4356-b5e5-3a1a9f8c44ac/element [14.571629ms] ERR:404 body={"strategy":"-android uiautomator","selector":"new UiSelector().textContains(\"English\")"}
05:35:44.807049 POST /session/a880ccf9-282d-4356-b5e5-3a1a9f8c44ac/element [15.329053ms] ERR:404 body={"strategy":"-android uiautomator","selector":"new UiSelector().descriptionContains(\"English\")"}
05:35:44.821754 POST /session/a880ccf9-282d-4356-b5e5-3a1a9f8c44ac/element [14.558548ms] ERR:404 body={"strategy":"-android uiautomator","selector":"new UiSelector().textMatches(\"(?is).*\\QEnglish\\E.*...
05:35:44.837809 POST /session/a880ccf9-282d-4356-b5e5-3a1a9f8c44ac/element [15.922659ms] ERR:404 body={"strategy":"-android uiautomator","selector":"new UiSelector().descriptionMatches(\"(?is).*\\QEngli...
05:35:44.854095 POST /session/a880ccf9-282d-4356-b5e5-3a1a9f8c44ac/element [16.148352ms] ERR:404 body={"strategy":"-android uiautomator","selector":"new UiSelector().textContains(\"English\")"}
05:35:44.869390 POST /session/a880ccf9-282d-4356-b5e5-3a1a9f8c44ac/element [15.096846ms] ERR:404 body={"strategy":"-android uiautomator","selector":"new UiSelector().descriptionContains(\"English\")"}
05:35:44.885127 POST /session/a880ccf9-282d-4356-b5e5-3a1a9f8c44ac/element [15.461628ms] ERR:404 body={"strategy":"-android uiautomator","selector":"new UiSelector().textMatches(\"(?is).*\\QEnglish\\E.*...
05:35:44.902355 POST /session/a880ccf9-282d-4356-b5e5-3a1a9f8c44ac/element [17.002629ms] ERR:404 body={"strategy":"-android uiautomator","selector":"new UiSelector().descriptionMatches(\"(?is).*\\QEngli...
05:35:44.917231 POST /session/a880ccf9-282d-4356-b5e5-3a1a9f8c44ac/element [14.705213ms] ERR:404 body={"strategy":"-android uiautomator","selector":"new UiSelector().textContains(\"English\")"}
05:35:44.933150 POST /session/a880ccf9-282d-4356-b5e5-3a1a9f8c44ac/element [15.806072ms] ERR:404 body={"strategy":"-android uiautomator","selector":"new UiSelector().descriptionContains(\"English\")"}
05:35:44.950210 POST /session/a880ccf9-282d-4356-b5e5-3a1a9f8c44ac/element [16.869646ms] ERR:404 body={"strategy":"-android uiautomator","selector":"new UiSelector().textMatches(\"(?is).*\\QEnglish\\E.*...
05:35:44.968371 POST /session/a880ccf9-282d-4356-b5e5-3a1a9f8c44ac/element [18.031835ms] ERR:404 body={"strategy":"-android uiautomator","selector":"new UiSelector().descriptionMatches(\"(?is).*\\QEngli...
05:35:44.983818 POST /session/a880ccf9-282d-4356-b5e5-3a1a9f8c44ac/element [15.274108ms] ERR:404 body={"strategy":"-android uiautomator","selector":"new UiSelector().textContains(\"English\")"}
05:35:44.999888 POST /session/a880ccf9-282d-4356-b5e5-3a1a9f8c44ac/element [15.933467ms] ERR:404 body={"strategy":"-android uiautomator","selector":"new UiSelector().descriptionContains(\"English\")"}
05:35:45.015063 POST /session/a880ccf9-282d-4356-b5e5-3a1a9f8c44ac/element [15.047907ms] ERR:404 body={"strategy":"-android uiautomator","selector":"new UiSelector().textMatches(\"(?is).*\\QEnglish\\E.*...
05:35:45.029409 POST /session/a880ccf9-282d-4356-b5e5-3a1a9f8c44ac/element [14.141634ms] ERR:404 body={"strategy":"-android uiautomator","selector":"new UiSelector().descriptionMatches(\"(?is).*\\QEngli...
05:35:45.044469 POST /session/a880ccf9-282d-4356-b5e5-3a1a9f8c44ac/element [14.928842ms] ERR:404 body={"strategy":"-android uiautomator","selector":"new UiSelector().textContains(\"English\")"}
05:35:45.060342 POST /session/a880ccf9-282d-4356-b5e5-3a1a9f8c44ac/element [15.739007ms] ERR:404 body={"strategy":"-android uiautomator","selector":"new UiSelector().descriptionContains(\"English\")"}
05:35:45.075582 POST /session/a880ccf9-282d-4356-b5e5-3a1a9f8c44ac/element [15.101952ms] ERR:404 body={"strategy":"-android uiautomator","selector":"new UiSelector().textMatches(\"(?is).*\\QEnglish\\E.*...
05:35:45.091009 POST /session/a880ccf9-282d-4356-b5e5-3a1a9f8c44ac/element [15.294676ms] ERR:404 body={"strategy":"-android uiautomator","selector":"new UiSelector().descriptionMatches(\"(?is).*\\QEngli...
05:35:45.106269 POST /session/a880ccf9-282d-4356-b5e5-3a1a9f8c44ac/element [15.107762ms] ERR:404 body={"strategy":"-android uiautomator","selector":"new UiSelector().textContains(\"English\")"}
05:35:45.121151 POST /session/a880ccf9-282d-4356-b5e5-3a1a9f8c44ac/element [14.766637ms] ERR:404 body={"strategy":"-android uiautomator","selector":"new UiSelector().descriptionContains(\"English\")"}
05:35:45.137877 POST /session/a880ccf9-282d-4356-b5e5-3a1a9f8c44ac/element [16.586217ms] ERR:404 body={"strategy":"-android uiautomator","selector":"new UiSelector().textMatches(\"(?is).*\\QEnglish\\E.*...
05:35:45.153828 POST /session/a880ccf9-282d-4356-b5e5-3a1a9f8c44ac/element [15.821174ms] ERR:404 body={"strategy":"-android uiautomator","selector":"new UiSelector().descriptionMatches(\"(?is).*\\QEngli...
05:35:45.169685 POST /session/a880ccf9-282d-4356-b5e5-3a1a9f8c44ac/element [15.721439ms] ERR:404 body={"strategy":"-android uiautomator","selector":"new UiSelector().textContains(\"English\")"}
05:35:45.185248 POST /session/a880ccf9-282d-4356-b5e5-3a1a9f8c44ac/element [15.410272ms] ERR:404 body={"strategy":"-android uiautomator","selector":"new UiSelector().descriptionContains(\"English\")"}
05:35:45.201752 POST /session/a880ccf9-282d-4356-b5e5-3a1a9f8c44ac/element [16.372322ms] ERR:404 body={"strategy":"-android uiautomator","selector":"new UiSelector().textMatches(\"(?is).*\\QEnglish\\E.*...
05:35:45.217616 POST /session/a880ccf9-282d-4356-b5e5-3a1a9f8c44ac/element [15.71424ms] ERR:404 body={"strategy":"-android uiautomator","selector":"new UiSelector().descriptionMatches(\"(?is).*\\QEngli...
05:35:45.234630 POST /session/a880ccf9-282d-4356-b5e5-3a1a9f8c44ac/element [16.861035ms] ERR:404 body={"strategy":"-android uiautomator","selector":"new UiSelector().textContains(\"English\")"}
05:35:45.254677 POST /session/a880ccf9-282d-4356-b5e5-3a1a9f8c44ac/element [19.92481ms] ERR:404 body={"strategy":"-android uiautomator","selector":"new UiSelector().descriptionContains(\"English\")"}
05:35:45.273696 POST /session/a880ccf9-282d-4356-b5e5-3a1a9f8c44ac/element [18.875635ms] ERR:404 body={"strategy":"-android uiautomator","selector":"new UiSelector().textMatches(\"(?is).*\\QEnglish\\E.*...
05:35:45.289707 POST /session/a880ccf9-282d-4356-b5e5-3a1a9f8c44ac/element [15.897702ms] ERR:404 body={"strategy":"-android uiautomator","selector":"new UiSelector().descriptionMatches(\"(?is).*\\QEngli...
05:35:45.304403 POST /session/a880ccf9-282d-4356-b5e5-3a1a9f8c44ac/element [14.579546ms] ERR:404 body={"strategy":"-android uiautomator","selector":"new UiSelector().textContains(\"English\")"}
05:35:45.318980 POST /session/a880ccf9-282d-4356-b5e5-3a1a9f8c44ac/element [14.449176ms] ERR:404 body={"strategy":"-android uiautomator","selector":"new UiSelector().descriptionContains(\"English\")"}
05:35:45.334272 POST /session/a880ccf9-282d-4356-b5e5-3a1a9f8c44ac/element [15.138041ms] ERR:404 body={"strategy":"-android uiautomator","selector":"new UiSelector().textMatches(\"(?is).*\\QEnglish\\E.*...
05:35:45.351056 POST /session/a880ccf9-282d-4356-b5e5-3a1a9f8c44ac/element [16.647225ms] ERR:404 body={"strategy":"-android uiautomator","selector":"new UiSelector().descriptionMatches(\"(?is).*\\QEngli...
05:35:45.365511 POST /session/a880ccf9-282d-4356-b5e5-3a1a9f8c44ac/element [14.325175ms] ERR:404 body={"strategy":"-android uiautomator","selector":"new UiSelector().textContains(\"English\")"}
05:35:45.380462 POST /session/a880ccf9-282d-4356-b5e5-3a1a9f8c44ac/element [14.844027ms] ERR:404 body={"strategy":"-android uiautomator","selector":"new UiSelector().descriptionContains(\"English\")"}
05:35:45.396002 POST /session/a880ccf9-282d-4356-b5e5-3a1a9f8c44ac/element [15.398791ms] ERR:404 body={"strategy":"-android uiautomator","selector":"new UiSelector().textMatches(\"(?is).*\\QEnglish\\E.*...
05:35:45.413043 POST /session/a880ccf9-282d-4356-b5e5-3a1a9f8c44ac/element [16.878458ms] ERR:404 body={"strategy":"-android uiautomator","selector":"new UiSelector().descriptionMatches(\"(?is).*\\QEngli...
05:35:45.428887 POST /session/a880ccf9-282d-4356-b5e5-3a1a9f8c44ac/element [15.709922ms] ERR:404 body={"strategy":"-android uiautomator","selector":"new UiSelector().textContains(\"English\")"}
05:35:45.444632 POST /session/a880ccf9-282d-4356-b5e5-3a1a9f8c44ac/element [15.620012ms] ERR:404 body={"strategy":"-android uiautomator","selector":"new UiSelector().descriptionContains(\"English\")"}
05:35:45.459023 POST /session/a880ccf9-282d-4356-b5e5-3a1a9f8c44ac/element [14.269303ms] ERR:404 body={"strategy":"-android uiautomator","selector":"new UiSelector().textMatches(\"(?is).*\\QEnglish\\E.*...
05:35:45.475750 POST /session/a880ccf9-282d-4356-b5e5-3a1a9f8c44ac/element [16.586076ms] ERR:404 body={"strategy":"-android uiautomator","selector":"new UiSelector().descriptionMatches(\"(?is).*\\QEngli...
05:35:45.489951 POST /session/a880ccf9-282d-4356-b5e5-3a1a9f8c44ac/element [14.052853ms] ERR:404 body={"strategy":"-android uiautomator","selector":"new UiSelector().textContains(\"English\")"}
05:35:45.504055 POST /session/a880ccf9-282d-4356-b5e5-3a1a9f8c44ac/element [13.943576ms] ERR:404 body={"strategy":"-android uiautomator","selector":"new UiSelector().descriptionContains(\"English\")"}
05:35:45.518814 POST /session/a880ccf9-282d-4356-b5e5-3a1a9f8c44ac/element [14.631965ms] ERR:404 body={"strategy":"-android uiautomator","selector":"new UiSelector().textMatches(\"(?is).*\\QEnglish\\E.*...
05:35:45.538336 POST /session/a880ccf9-282d-4356-b5e5-3a1a9f8c44ac/element [19.387846ms] ERR:404 body={"strategy":"-android uiautomator","selector":"new UiSelector().descriptionMatches(\"(?is).*\\QEngli...
05:35:45.552323 POST /session/a880ccf9-282d-4356-b5e5-3a1a9f8c44ac/element [13.78007ms] ERR:404 body={"strategy":"-android uiautomator","selector":"new UiSelector().textContains(\"English\")"}
05:35:45.565758 POST /session/a880ccf9-282d-4356-b5e5-3a1a9f8c44ac/element [13.31069ms] ERR:404 body={"strategy":"-android uiautomator","selector":"new UiSelector().descriptionContains(\"English\")"}
05:35:45.579577 POST /session/a880ccf9-282d-4356-b5e5-3a1a9f8c44ac/element [13.707432ms] ERR:404 body={"strategy":"-android uiautomator","selector":"new UiSelector().textMatches(\"(?is).*\\QEnglish\\E.*...
05:35:45.593803 POST /session/a880ccf9-282d-4356-b5e5-3a1a9f8c44ac/element [14.100397ms] ERR:404 body={"strategy":"-android uiautomator","selector":"new UiSelector().descriptionMatches(\"(?is).*\\QEngli...
05:35:45.608106 POST /session/a880ccf9-282d-4356-b5e5-3a1a9f8c44ac/element [14.181424ms] ERR:404 body={"strategy":"-android uiautomator","selector":"new UiSelector().textContains(\"English\")"}
05:35:45.621622 POST /session/a880ccf9-282d-4356-b5e5-3a1a9f8c44ac/element [13.410851ms] ERR:404 body={"strategy":"-android uiautomator","selector":"new UiSelector().descriptionContains(\"English\")"}
05:35:45.636972 POST /session/a880ccf9-282d-4356-b5e5-3a1a9f8c44ac/element [15.201077ms] ERR:404 body={"strategy":"-android uiautomator","selector":"new UiSelector().textMatches(\"(?is).*\\QEnglish\\E.*...
05:35:45.653052 POST /session/a880ccf9-282d-4356-b5e5-3a1a9f8c44ac/element [15.952435ms] ERR:404 body={"strategy":"-android uiautomator","selector":"new UiSelector().descriptionMatches(\"(?is).*\\QEngli...
05:35:45.666356 POST /session/a880ccf9-282d-4356-b5e5-3a1a9f8c44ac/element [13.164461ms] ERR:404 body={"strategy":"-android uiautomator","selector":"new UiSelector().textContains(\"English\")"}
05:35:45.679755 POST /session/a880ccf9-282d-4356-b5e5-3a1a9f8c44ac/element [13.277352ms] ERR:404 body={"strategy":"-android uiautomator","selector":"new UiSelector().descriptionContains(\"English\")"}
05:35:45.693769 POST /session/a880ccf9-282d-4356-b5e5-3a1a9f8c44ac/element [13.895625ms] ERR:404 body={"strategy":"-android uiautomator","selector":"new UiSelector().textMatches(\"(?is).*\\QEnglish\\E.*...
05:35:45.708211 POST /session/a880ccf9-282d-4356-b5e5-3a1a9f8c44ac/element [14.274011ms] ERR:404 body={"strategy":"-android uiautomator","selector":"new UiSelector().descriptionMatches(\"(?is).*\\QEngli...
05:35:45.723614 POST /session/a880ccf9-282d-4356-b5e5-3a1a9f8c44ac/element [15.262851ms] ERR:404 body={"strategy":"-android uiautomator","selector":"new UiSelector().textContains(\"English\")"}
05:35:45.738859 POST /session/a880ccf9-282d-4356-b5e5-3a1a9f8c44ac/element [15.105813ms] ERR:404 body={"strategy":"-android uiautomator","selector":"new UiSelector().descriptionContains(\"English\")"}
05:35:45.754081 POST /session/a880ccf9-282d-4356-b5e5-3a1a9f8c44ac/element [15.097088ms] ERR:404 body={"strategy":"-android uiautomator","selector":"new UiSelector().textMatches(\"(?is).*\\QEnglish\\E.*...
05:35:45.768993 POST /session/a880ccf9-282d-4356-b5e5-3a1a9f8c44ac/element [14.758946ms] ERR:404 body={"strategy":"-android uiautomator","selector":"new UiSelector().descriptionMatches(\"(?is).*\\QEngli...
05:35:45.784136 POST /session/a880ccf9-282d-4356-b5e5-3a1a9f8c44ac/element [14.987561ms] ERR:404 body={"strategy":"-android uiautomator","selector":"new UiSelector().textContains(\"English\")"}
05:35:45.798906 POST /session/a880ccf9-282d-4356-b5e5-3a1a9f8c44ac/element [14.594048ms] ERR:404 body={"strategy":"-android uiautomator","selector":"new UiSelector().descriptionContains(\"English\")"}
05:35:45.820441 POST /session/a880ccf9-282d-4356-b5e5-3a1a9f8c44ac/element [21.379373ms] ERR:404 body={"strategy":"-android uiautomator","selector":"new UiSelector().textMatches(\"(?is).*\\QEnglish\\E.*...
05:35:45.834956 POST /session/a880ccf9-282d-4356-b5e5-3a1a9f8c44ac/element [14.380431ms] ERR:404 body={"strategy":"-android uiautomator","selector":"new UiSelector().descriptionMatches(\"(?is).*\\QEngli...
05:35:45.851323 POST /session/a880ccf9-282d-4356-b5e5-3a1a9f8c44ac/element [16.222176ms] ERR:404 body={"strategy":"-android uiautomator","selector":"new UiSelector().textContains(\"English\")"}
05:35:45.866924 POST /session/a880ccf9-282d-4356-b5e5-3a1a9f8c44ac/element [15.470314ms] ERR:404 body={"strategy":"-android uiautomator","selector":"new UiSelector().descriptionContains(\"English\")"}
05:35:45.885164 POST /session/a880ccf9-282d-4356-b5e5-3a1a9f8c44ac/element [18.124648ms] ERR:404 body={"strategy":"-android uiautomator","selector":"new UiSelector().textMatches(\"(?is).*\\QEnglish\\E.*...
05:35:45.903377 POST /session/a880ccf9-282d-4356-b5e5-3a1a9f8c44ac/element [18.069747ms] ERR:404 body={"strategy":"-android uiautomator","selector":"new UiSelector().descriptionMatches(\"(?is).*\\QEngli...
05:35:46.031865 GET /session/a880ccf9-282d-4356-b5e5-3a1a9f8c44ac/source [128.16543ms] OK body=
05:35:46.055930 POST /session/a880ccf9-282d-4356-b5e5-3a1a9f8c44ac/element [19.765189ms] ERR:404 body={"strategy":"-android uiautomator","selector":"new UiSelector().textContains(\"Tiếng Anh\")"}
05:35:46.071124 POST /session/a880ccf9-282d-4356-b5e5-3a1a9f8c44ac/element [15.032377ms] ERR:404 body={"strategy":"-android uiautomator","selector":"new UiSelector().descriptionContains(\"Tiếng Anh\")...
05:35:46.087432 POST /session/a880ccf9-282d-4356-b5e5-3a1a9f8c44ac/element [16.138671ms] ERR:404 body={"strategy":"-android uiautomator","selector":"new UiSelector().textMatches(\"(?is).*\\QTiếng Anh\...
05:35:46.104178 POST /session/a880ccf9-282d-4356-b5e5-3a1a9f8c44ac/element [16.613594ms] ERR:404 body={"strategy":"-android uiautomator","selector":"new UiSelector().descriptionMatches(\"(?is).*\\QTiế...
05:35:46.120292 POST /session/a880ccf9-282d-4356-b5e5-3a1a9f8c44ac/element [15.916277ms] ERR:404 body={"strategy":"-android uiautomator","selector":"new UiSelector().textContains(\"Tiếng Anh\")"}
05:35:46.135645 POST /session/a880ccf9-282d-4356-b5e5-3a1a9f8c44ac/element [15.193568ms] ERR:404 body={"strategy":"-android uiautomator","selector":"new UiSelector().descriptionContains(\"Tiếng Anh\")...
05:35:46.155570 POST /session/a880ccf9-282d-4356-b5e5-3a1a9f8c44ac/element [19.792092ms] ERR:404 body={"strategy":"-android uiautomator","selector":"new UiSelector().textMatches(\"(?is).*\\QTiếng Anh\...
05:35:46.172095 POST /session/a880ccf9-282d-4356-b5e5-3a1a9f8c44ac/element [16.359366ms] ERR:404 body={"strategy":"-android uiautomator","selector":"new UiSelector().descriptionMatches(\"(?is).*\\QTiế...
05:35:46.187682 POST /session/a880ccf9-282d-4356-b5e5-3a1a9f8c44ac/element [15.377636ms] ERR:404 body={"strategy":"-android uiautomator","selector":"new UiSelector().textContains(\"Tiếng Anh\")"}
05:35:46.204109 POST /session/a880ccf9-282d-4356-b5e5-3a1a9f8c44ac/element [16.288056ms] ERR:404 body={"strategy":"-android uiautomator","selector":"new UiSelector().descriptionContains(\"Tiếng Anh\")...
05:35:46.220282 POST /session/a880ccf9-282d-4356-b5e5-3a1a9f8c44ac/element [15.970798ms] ERR:404 body={"strategy":"-android uiautomator","selector":"new UiSelector().textMatches(\"(?is).*\\QTiếng Anh\...
05:35:46.236564 POST /session/a880ccf9-282d-4356-b5e5-3a1a9f8c44ac/element [16.134017ms] ERR:404 body={"strategy":"-android uiautomator","selector":"new UiSelector().descriptionMatches(\"(?is).*\\QTiế...
05:35:46.252644 POST /session/a880ccf9-282d-4356-b5e5-3a1a9f8c44ac/element [15.91252ms] ERR:404 body={"strategy":"-android uiautomator","selector":"new UiSelector().textContains(\"Tiếng Anh\")"}
05:35:46.267657 POST /session/a880ccf9-282d-4356-b5e5-3a1a9f8c44ac/element [14.897673ms] ERR:404 body={"strategy":"-android uiautomator","selector":"new UiSelector().descriptionContains(\"Tiếng Anh\")...
05:35:46.282835 POST /session/a880ccf9-282d-4356-b5e5-3a1a9f8c44ac/element [15.029471ms] ERR:404 body={"strategy":"-android uiautomator","selector":"new UiSelector().textMatches(\"(?is).*\\QTiếng Anh\...
05:35:46.297401 POST /session/a880ccf9-282d-4356-b5e5-3a1a9f8c44ac/element [14.447175ms] ERR:404 body={"strategy":"-android uiautomator","selector":"new UiSelector().descriptionMatches(\"(?is).*\\QTiế...
05:35:46.312755 POST /session/a880ccf9-282d-4356-b5e5-3a1a9f8c44ac/element [15.229041ms] ERR:404 body={"strategy":"-android uiautomator","selector":"new UiSelector().textContains(\"Tiếng Anh\")"}
05:35:46.326982 POST /session/a880ccf9-282d-4356-b5e5-3a1a9f8c44ac/element [14.106238ms] ERR:404 body={"strategy":"-android uiautomator","selector":"new UiSelector().descriptionContains(\"Tiếng Anh\")...
05:35:46.342086 POST /session/a880ccf9-282d-4356-b5e5-3a1a9f8c44ac/element [14.98051ms] ERR:404 body={"strategy":"-android uiautomator","selector":"new UiSelector().textMatches(\"(?is).*\\QTiếng Anh\...
05:35:46.360527 POST /session/a880ccf9-282d-4356-b5e5-3a1a9f8c44ac/element [18.285913ms] ERR:404 body={"strategy":"-android uiautomator","selector":"new UiSelector().descriptionMatches(\"(?is).*\\QTiế...
05:35:46.378898 POST /session/a880ccf9-282d-4356-b5e5-3a1a9f8c44ac/element [18.227079ms] ERR:404 body={"strategy":"-android uiautomator","selector":"new UiSelector().textContains(\"Tiếng Anh\")"}
05:35:46.395064 POST /session/a880ccf9-282d-4356-b5e5-3a1a9f8c44ac/element [16.031532ms] ERR:404 body={"strategy":"-android uiautomator","selector":"new UiSelector().descriptionContains(\"Tiếng Anh\")...
05:35:46.409563 POST /session/a880ccf9-282d-4356-b5e5-3a1a9f8c44ac/element [14.389428ms] ERR:404 body={"strategy":"-android uiautomator","selector":"new UiSelector().textMatches(\"(?is).*\\QTiếng Anh\...
05:35:46.426804 POST /session/a880ccf9-282d-4356-b5e5-3a1a9f8c44ac/element [17.126379ms] ERR:404 body={"strategy":"-android uiautomator","selector":"new UiSelector().descriptionMatches(\"(?is).*\\QTiế...
05:35:46.442974 POST /session/a880ccf9-282d-4356-b5e5-3a1a9f8c44ac/element [16.0058ms] ERR:404 body={"strategy":"-android uiautomator","selector":"new UiSelector().textContains(\"Tiếng Anh\")"}
05:35:46.459310 POST /session/a880ccf9-282d-4356-b5e5-3a1a9f8c44ac/element [16.178716ms] ERR:404 body={"strategy":"-android uiautomator","selector":"new UiSelector().descriptionContains(\"Tiếng Anh\")...
05:35:46.475775 POST /session/a880ccf9-282d-4356-b5e5-3a1a9f8c44ac/element [16.322184ms] ERR:404 body={"strategy":"-android uiautomator","selector":"new UiSelector().textMatches(\"(?is).*\\QTiếng Anh\...
05:35:46.492519 POST /session/a880ccf9-282d-4356-b5e5-3a1a9f8c44ac/element [16.608098ms] ERR:404 body={"strategy":"-android uiautomator","selector":"new UiSelector().descriptionMatches(\"(?is).*\\QTiế...
05:35:46.511403 POST /session/a880ccf9-282d-4356-b5e5-3a1a9f8c44ac/element [18.754484ms] ERR:404 body={"strategy":"-android uiautomator","selector":"new UiSelector().textContains(\"Tiếng Anh\")"}
05:35:46.529542 POST /session/a880ccf9-282d-4356-b5e5-3a1a9f8c44ac/element [18.009242ms] ERR:404 body={"strategy":"-android uiautomator","selector":"new UiSelector().descriptionContains(\"Tiếng Anh\")...
05:35:46.546094 POST /session/a880ccf9-282d-4356-b5e5-3a1a9f8c44ac/element [16.437051ms] ERR:404 body={"strategy":"-android uiautomator","selector":"new UiSelector().textMatches(\"(?is).*\\QTiếng Anh\...
05:35:46.564313 POST /session/a880ccf9-282d-4356-b5e5-3a1a9f8c44ac/element [18.057573ms] ERR:404 body={"strategy":"-android uiautomator","selector":"new UiSelector().descriptionMatches(\"(?is).*\\QTiế...
05:35:46.580048 POST /session/a880ccf9-282d-4356-b5e5-3a1a9f8c44ac/element [15.594054ms] ERR:404 body={"strategy":"-android uiautomator","selector":"new UiSelector().textContains(\"Tiếng Anh\")"}
05:35:46.598020 POST /session/a880ccf9-282d-4356-b5e5-3a1a9f8c44ac/element [17.84582ms] ERR:404 body={"strategy":"-android uiautomator","selector":"new UiSelector().descriptionContains(\"Tiếng Anh\")...
05:35:46.616614 POST /session/a880ccf9-282d-4356-b5e5-3a1a9f8c44ac/element [18.455846ms] ERR:404 body={"strategy":"-android uiautomator","selector":"new UiSelector().textMatches(\"(?is).*\\QTiếng Anh\...
05:35:46.635375 POST /session/a880ccf9-282d-4356-b5e5-3a1a9f8c44ac/element [18.60777ms] ERR:404 body={"strategy":"-android uiautomator","selector":"new UiSelector().descriptionMatches(\"(?is).*\\QTiế...
05:35:46.653018 POST /session/a880ccf9-282d-4356-b5e5-3a1a9f8c44ac/element [17.50887ms] ERR:404 body={"strategy":"-android uiautomator","selector":"new UiSelector().textContains(\"Tiếng Anh\")"}
05:35:46.670415 POST /session/a880ccf9-282d-4356-b5e5-3a1a9f8c44ac/element [17.260145ms] ERR:404 body={"strategy":"-android uiautomator","selector":"new UiSelector().descriptionContains(\"Tiếng Anh\")...
05:35:46.688221 POST /session/a880ccf9-282d-4356-b5e5-3a1a9f8c44ac/element [17.633472ms] ERR:404 body={"strategy":"-android uiautomator","selector":"new UiSelector().textMatches(\"(?is).*\\QTiếng Anh\...
05:35:46.711217 POST /session/a880ccf9-282d-4356-b5e5-3a1a9f8c44ac/element [22.840229ms] ERR:404 body={"strategy":"-android uiautomator","selector":"new UiSelector().descriptionMatches(\"(?is).*\\QTiế...
05:35:46.727451 POST /session/a880ccf9-282d-4356-b5e5-3a1a9f8c44ac/element [16.11152ms] ERR:404 body={"strategy":"-android uiautomator","selector":"new UiSelector().textContains(\"Tiếng Anh\")"}
05:35:46.747034 POST /session/a880ccf9-282d-4356-b5e5-3a1a9f8c44ac/element [19.453096ms] ERR:404 body={"strategy":"-android uiautomator","selector":"new UiSelector().descriptionContains(\"Tiếng Anh\")...
05:35:46.766031 POST /session/a880ccf9-282d-4356-b5e5-3a1a9f8c44ac/element [18.851425ms] ERR:404 body={"strategy":"-android uiautomator","selector":"new UiSelector().textMatches(\"(?is).*\\QTiếng Anh\...
05:35:46.781710 POST /session/a880ccf9-282d-4356-b5e5-3a1a9f8c44ac/element [15.53797ms] ERR:404 body={"strategy":"-android uiautomator","selector":"new UiSelector().descriptionMatches(\"(?is).*\\QTiế...
05:35:46.797040 POST /session/a880ccf9-282d-4356-b5e5-3a1a9f8c44ac/element [15.17835ms] ERR:404 body={"strategy":"-android uiautomator","selector":"new UiSelector().textContains(\"Tiếng Anh\")"}
05:35:46.813685 POST /session/a880ccf9-282d-4356-b5e5-3a1a9f8c44ac/element [16.52363ms] ERR:404 body={"strategy":"-android uiautomator","selector":"new UiSelector().descriptionContains(\"Tiếng Anh\")...
05:35:46.828563 POST /session/a880ccf9-282d-4356-b5e5-3a1a9f8c44ac/element [14.732417ms] ERR:404 body={"strategy":"-android uiautomator","selector":"new UiSelector().textMatches(\"(?is).*\\QTiếng Anh\...
05:35:46.843380 POST /session/a880ccf9-282d-4356-b5e5-3a1a9f8c44ac/element [14.716449ms] ERR:404 body={"strategy":"-android uiautomator","selector":"new UiSelector().descriptionMatches(\"(?is).*\\QTiế...
05:35:46.860209 POST /session/a880ccf9-282d-4356-b5e5-3a1a9f8c44ac/element [16.670904ms] ERR:404 body={"strategy":"-android uiautomator","selector":"new UiSelector().textContains(\"Tiếng Anh\")"}
05:35:46.876089 POST /session/a880ccf9-282d-4356-b5e5-3a1a9f8c44ac/element [15.777628ms] ERR:404 body={"strategy":"-android uiautomator","selector":"new UiSelector().descriptionContains(\"Tiếng Anh\")...
05:35:46.891755 POST /session/a880ccf9-282d-4356-b5e5-3a1a9f8c44ac/element [15.544192ms] ERR:404 body={"strategy":"-android uiautomator","selector":"new UiSelector().textMatches(\"(?is).*\\QTiếng Anh\...
05:35:46.906577 POST /session/a880ccf9-282d-4356-b5e5-3a1a9f8c44ac/element [14.715965ms] ERR:404 body={"strategy":"-android uiautomator","selector":"new UiSelector().descriptionMatches(\"(?is).*\\QTiế...
05:35:46.924854 POST /session/a880ccf9-282d-4356-b5e5-3a1a9f8c44ac/element [18.158664ms] ERR:404 body={"strategy":"-android uiautomator","selector":"new UiSelector().textContains(\"Tiếng Anh\")"}
05:35:46.943576 POST /session/a880ccf9-282d-4356-b5e5-3a1a9f8c44ac/element [18.58622ms] ERR:404 body={"strategy":"-android uiautomator","selector":"new UiSelector().descriptionContains(\"Tiếng Anh\")...
05:35:46.961403 POST /session/a880ccf9-282d-4356-b5e5-3a1a9f8c44ac/element [17.681061ms] ERR:404 body={"strategy":"-android uiautomator","selector":"new UiSelector().textMatches(\"(?is).*\\QTiếng Anh\...
05:35:46.978963 POST /session/a880ccf9-282d-4356-b5e5-3a1a9f8c44ac/element [17.41814ms] ERR:404 body={"strategy":"-android uiautomator","selector":"new UiSelector().descriptionMatches(\"(?is).*\\QTiế...
05:35:46.996783 POST /session/a880ccf9-282d-4356-b5e5-3a1a9f8c44ac/element [17.68227ms] ERR:404 body={"strategy":"-android uiautomator","selector":"new UiSelector().textContains(\"Tiếng Anh\")"}
05:35:47.016547 POST /session/a880ccf9-282d-4356-b5e5-3a1a9f8c44ac/element [19.654636ms] ERR:404 body={"strategy":"-android uiautomator","selector":"new UiSelector().descriptionContains(\"Tiếng Anh\")...
05:35:47.038094 POST /session/a880ccf9-282d-4356-b5e5-3a1a9f8c44ac/element [21.402446ms] ERR:404 body={"strategy":"-android uiautomator","selector":"new UiSelector().textMatches(\"(?is).*\\QTiếng Anh\...
05:35:47.053784 POST /session/a880ccf9-282d-4356-b5e5-3a1a9f8c44ac/element [15.546777ms] ERR:404 body={"strategy":"-android uiautomator","selector":"new UiSelector().descriptionMatches(\"(?is).*\\QTiế...
05:35:47.069336 POST /session/a880ccf9-282d-4356-b5e5-3a1a9f8c44ac/element [15.432884ms] ERR:404 body={"strategy":"-android uiautomator","selector":"new UiSelector().textContains(\"Tiếng Anh\")"}
05:35:47.085145 POST /session/a880ccf9-282d-4356-b5e5-3a1a9f8c44ac/element [15.676209ms] ERR:404 body={"strategy":"-android uiautomator","selector":"new UiSelector().descriptionContains(\"Tiếng Anh\")...
05:35:47.101486 POST /session/a880ccf9-282d-4356-b5e5-3a1a9f8c44ac/element [16.187081ms] ERR:404 body={"strategy":"-android uiautomator","selector":"new UiSelector().textMatches(\"(?is).*\\QTiếng Anh\...
05:35:47.119397 POST /session/a880ccf9-282d-4356-b5e5-3a1a9f8c44ac/element [17.780907ms] ERR:404 body={"strategy":"-android uiautomator","selector":"new UiSelector().descriptionMatches(\"(?is).*\\QTiế...
05:35:47.134842 POST /session/a880ccf9-282d-4356-b5e5-3a1a9f8c44ac/element [15.319533ms] ERR:404 body={"strategy":"-android uiautomator","selector":"new UiSelector().textContains(\"Tiếng Anh\")"}
05:35:47.149546 POST /session/a880ccf9-282d-4356-b5e5-3a1a9f8c44ac/element [14.565406ms] ERR:404 body={"strategy":"-android uiautomator","selector":"new UiSelector().descriptionContains(\"Tiếng Anh\")...
05:35:47.165176 POST /session/a880ccf9-282d-4356-b5e5-3a1a9f8c44ac/element [15.521249ms] ERR:404 body={"strategy":"-android uiautomator","selector":"new UiSelector().textMatches(\"(?is).*\\QTiếng Anh\...
05:35:47.182140 POST /session/a880ccf9-282d-4356-b5e5-3a1a9f8c44ac/element [16.820775ms] ERR:404 body={"strategy":"-android uiautomator","selector":"new UiSelector().descriptionMatches(\"(?is).*\\QTiế...
05:35:47.198301 POST /session/a880ccf9-282d-4356-b5e5-3a1a9f8c44ac/element [16.006034ms] ERR:404 body={"strategy":"-android uiautomator","selector":"new UiSelector().textContains(\"Tiếng Anh\")"}
05:35:47.214116 POST /session/a880ccf9-282d-4356-b5e5-3a1a9f8c44ac/element [15.712496ms] ERR:404 body={"strategy":"-android uiautomator","selector":"new UiSelector().descriptionContains(\"Tiếng Anh\")...
05:35:47.230286 POST /session/a880ccf9-282d-4356-b5e5-3a1a9f8c44ac/element [16.021946ms] ERR:404 body={"strategy":"-android uiautomator","selector":"new UiSelector().textMatches(\"(?is).*\\QTiếng Anh\...
05:35:47.246667 POST /session/a880ccf9-282d-4356-b5e5-3a1a9f8c44ac/element [16.240479ms] ERR:404 body={"strategy":"-android uiautomator","selector":"new UiSelector().descriptionMatches(\"(?is).*\\QTiế...
05:35:47.265033 POST /session/a880ccf9-282d-4356-b5e5-3a1a9f8c44ac/element [18.244161ms] ERR:404 body={"strategy":"-android uiautomator","selector":"new UiSelector().textContains(\"Tiếng Anh\")"}
05:35:47.283134 POST /session/a880ccf9-282d-4356-b5e5-3a1a9f8c44ac/element [17.94433ms] ERR:404 body={"strategy":"-android uiautomator","selector":"new UiSelector().descriptionContains(\"Tiếng Anh\")...
05:35:47.302520 POST /session/a880ccf9-282d-4356-b5e5-3a1a9f8c44ac/element [19.236936ms] ERR:404 body={"strategy":"-android uiautomator","selector":"new UiSelector().textMatches(\"(?is).*\\QTiếng Anh\...
05:35:47.320132 POST /session/a880ccf9-282d-4356-b5e5-3a1a9f8c44ac/element [17.469335ms] ERR:404 body={"strategy":"-android uiautomator","selector":"new UiSelector().descriptionMatches(\"(?is).*\\QTiế...
05:35:47.337783 POST /session/a880ccf9-282d-4356-b5e5-3a1a9f8c44ac/element [17.473914ms] ERR:404 body={"strategy":"-android uiautomator","selector":"new UiSelector().textContains(\"Tiếng Anh\")"}
05:35:47.353842 POST /session/a880ccf9-282d-4356-b5e5-3a1a9f8c44ac/element [15.91689ms] ERR:404 body={"strategy":"-android uiautomator","selector":"new UiSelector().descriptionContains(\"Tiếng Anh\")...
05:35:47.370115 POST /session/a880ccf9-282d-4356-b5e5-3a1a9f8c44ac/element [16.140853ms] ERR:404 body={"strategy":"-android uiautomator","selector":"new UiSelector().textMatches(\"(?is).*\\QTiếng Anh\...
05:35:47.386938 POST /session/a880ccf9-282d-4356-b5e5-3a1a9f8c44ac/element [16.656598ms] ERR:404 body={"strategy":"-android uiautomator","selector":"new UiSelector().descriptionMatches(\"(?is).*\\QTiế...
05:35:47.402824 POST /session/a880ccf9-282d-4356-b5e5-3a1a9f8c44ac/element [15.735968ms] ERR:404 body={"strategy":"-android uiautomator","selector":"new UiSelector().textContains(\"Tiếng Anh\")"}
05:35:47.418108 POST /session/a880ccf9-282d-4356-b5e5-3a1a9f8c44ac/element [15.151359ms] ERR:404 body={"strategy":"-android uiautomator","selector":"new UiSelector().descriptionContains(\"Tiếng Anh\")...
05:35:47.433602 POST /session/a880ccf9-282d-4356-b5e5-3a1a9f8c44ac/element [15.370418ms] ERR:404 body={"strategy":"-android uiautomator","selector":"new UiSelector().textMatches(\"(?is).*\\QTiếng Anh\...
05:35:47.448242 POST /session/a880ccf9-282d-4356-b5e5-3a1a9f8c44ac/element [14.528428ms] ERR:404 body={"strategy":"-android uiautomator","selector":"new UiSelector().descriptionMatches(\"(?is).*\\QTiế...
05:35:47.465517 POST /session/a880ccf9-282d-4356-b5e5-3a1a9f8c44ac/element [17.15142ms] ERR:404 body={"strategy":"-android uiautomator","selector":"new UiSelector().textContains(\"Tiếng Anh\")"}
05:35:47.483284 POST /session/a880ccf9-282d-4356-b5e5-3a1a9f8c44ac/element [17.626841ms] ERR:404 body={"strategy":"-android uiautomator","selector":"new UiSelector().descriptionContains(\"Tiếng Anh\")...
05:35:47.499580 POST /session/a880ccf9-282d-4356-b5e5-3a1a9f8c44ac/element [16.159891ms] ERR:404 body={"strategy":"-android uiautomator","selector":"new UiSelector().textMatches(\"(?is).*\\QTiếng Anh\...
05:35:47.515285 POST /session/a880ccf9-282d-4356-b5e5-3a1a9f8c44ac/element [15.544252ms] ERR:404 body={"strategy":"-android uiautomator","selector":"new UiSelector().descriptionMatches(\"(?is).*\\QTiế...
05:35:47.530563 POST /session/a880ccf9-282d-4356-b5e5-3a1a9f8c44ac/element [15.155249ms] ERR:404 body={"strategy":"-android uiautomator","selector":"new UiSelector().textContains(\"Tiếng Anh\")"}
05:35:47.545795 POST /session/a880ccf9-282d-4356-b5e5-3a1a9f8c44ac/element [15.094791ms] ERR:404 body={"strategy":"-android uiautomator","selector":"new UiSelector().descriptionContains(\"Tiếng Anh\")...
05:35:47.561561 POST /session/a880ccf9-282d-4356-b5e5-3a1a9f8c44ac/element [15.647595ms] ERR:404 body={"strategy":"-android uiautomator","selector":"new UiSelector().textMatches(\"(?is).*\\QTiếng Anh\...
05:35:47.576594 POST /session/a880ccf9-282d-4356-b5e5-3a1a9f8c44ac/element [14.934865ms] ERR:404 body={"strategy":"-android uiautomator","selector":"new UiSelector().descriptionMatches(\"(?is).*\\QTiế...
05:35:47.594721 POST /session/a880ccf9-282d-4356-b5e5-3a1a9f8c44ac/element [17.988805ms] ERR:404 body={"strategy":"-android uiautomator","selector":"new UiSelector().textContains(\"Tiếng Anh\")"}
05:35:47.612983 POST /session/a880ccf9-282d-4356-b5e5-3a1a9f8c44ac/element [18.130529ms] ERR:404 body={"strategy":"-android uiautomator","selector":"new UiSelector().descriptionContains(\"Tiếng Anh\")...
05:35:47.629672 POST /session/a880ccf9-282d-4356-b5e5-3a1a9f8c44ac/element [16.52877ms] ERR:404 body={"strategy":"-android uiautomator","selector":"new UiSelector().textMatches(\"(?is).*\\QTiếng Anh\...
05:35:47.645399 POST /session/a880ccf9-282d-4356-b5e5-3a1a9f8c44ac/element [15.598854ms] ERR:404 body={"strategy":"-android uiautomator","selector":"new UiSelector().descriptionMatches(\"(?is).*\\QTiế...
05:35:47.660923 POST /session/a880ccf9-282d-4356-b5e5-3a1a9f8c44ac/element [15.38244ms] ERR:404 body={"strategy":"-android uiautomator","selector":"new UiSelector().textContains(\"Tiếng Anh\")"}
05:35:47.676322 POST /session/a880ccf9-282d-4356-b5e5-3a1a9f8c44ac/element [15.228723ms] ERR:404 body={"strategy":"-android uiautomator","selector":"new UiSelector().descriptionContains(\"Tiếng Anh\")...
05:35:47.693097 POST /session/a880ccf9-282d-4356-b5e5-3a1a9f8c44ac/element [16.640318ms] ERR:404 body={"strategy":"-android uiautomator","selector":"new UiSelector().textMatches(\"(?is).*\\QTiếng Anh\...
05:35:47.707069 POST /session/a880ccf9-282d-4356-b5e5-3a1a9f8c44ac/element [13.791759ms] ERR:404 body={"strategy":"-android uiautomator","selector":"new UiSelector().descriptionMatches(\"(?is).*\\QTiế...
05:35:47.722871 POST /session/a880ccf9-282d-4356-b5e5-3a1a9f8c44ac/element [15.684028ms] ERR:404 body={"strategy":"-android uiautomator","selector":"new UiSelector().textContains(\"Tiếng Anh\")"}
05:35:47.738428 POST /session/a880ccf9-282d-4356-b5e5-3a1a9f8c44ac/element [15.429704ms] ERR:404 body={"strategy":"-android uiautomator","selector":"new UiSelector().descriptionContains(\"Tiếng Anh\")...
05:35:47.756080 POST /session/a880ccf9-282d-4356-b5e5-3a1a9f8c44ac/element [17.542544ms] ERR:404 body={"strategy":"-android uiautomator","selector":"new UiSelector().textMatches(\"(?is).*\\QTiếng Anh\...
05:35:47.773988 POST /session/a880ccf9-282d-4356-b5e5-3a1a9f8c44ac/element [17.794001ms] ERR:404 body={"strategy":"-android uiautomator","selector":"new UiSelector().descriptionMatches(\"(?is).*\\QTiế...
05:35:47.789015 POST /session/a880ccf9-282d-4356-b5e5-3a1a9f8c44ac/element [14.881094ms] ERR:404 body={"strategy":"-android uiautomator","selector":"new UiSelector().textContains(\"Tiếng Anh\")"}
05:35:47.803283 POST /session/a880ccf9-282d-4356-b5e5-3a1a9f8c44ac/element [14.14478ms] ERR:404 body={"strategy":"-android uiautomator","selector":"new UiSelector().descriptionContains(\"Tiếng Anh\")...
05:35:47.817230 POST /session/a880ccf9-282d-4356-b5e5-3a1a9f8c44ac/element [13.798839ms] ERR:404 body={"strategy":"-android uiautomator","selector":"new UiSelector().textMatches(\"(?is).*\\QTiếng Anh\...
05:35:47.832053 POST /session/a880ccf9-282d-4356-b5e5-3a1a9f8c44ac/element [14.694987ms] ERR:404 body={"strategy":"-android uiautomator","selector":"new UiSelector().descriptionMatches(\"(?is).*\\QTiế...
05:35:47.846766 POST /session/a880ccf9-282d-4356-b5e5-3a1a9f8c44ac/element [14.578229ms] ERR:404 body={"strategy":"-android uiautomator","selector":"new UiSelector().textContains(\"Tiếng Anh\")"}
05:35:47.861384 POST /session/a880ccf9-282d-4356-b5e5-3a1a9f8c44ac/element [14.475217ms] ERR:404 body={"strategy":"-android uiautomator","selector":"new UiSelector().descriptionContains(\"Tiếng Anh\")...
05:35:47.876152 POST /session/a880ccf9-282d-4356-b5e5-3a1a9f8c44ac/element [14.632837ms] ERR:404 body={"strategy":"-android uiautomator","selector":"new UiSelector().textMatches(\"(?is).*\\QTiếng Anh\...
05:35:47.892378 POST /session/a880ccf9-282d-4356-b5e5-3a1a9f8c44ac/element [16.086123ms] ERR:404 body={"strategy":"-android uiautomator","selector":"new UiSelector().descriptionMatches(\"(?is).*\\QTiế...
05:35:47.908231 POST /session/a880ccf9-282d-4356-b5e5-3a1a9f8c44ac/element [15.705864ms] ERR:404 body={"strategy":"-android uiautomator","selector":"new UiSelector().textContains(\"Tiếng Anh\")"}
05:35:47.924541 POST /session/a880ccf9-282d-4356-b5e5-3a1a9f8c44ac/element [16.166944ms] ERR:404 body={"strategy":"-android uiautomator","selector":"new UiSelector().descriptionContains(\"Tiếng Anh\")...
05:35:47.941447 POST /session/a880ccf9-282d-4356-b5e5-3a1a9f8c44ac/element [16.751646ms] ERR:404 body={"strategy":"-android uiautomator","selector":"new UiSelector().textMatches(\"(?is).*\\QTiếng Anh\...
05:35:47.957180 POST /session/a880ccf9-282d-4356-b5e5-3a1a9f8c44ac/element [15.598578ms] ERR:404 body={"strategy":"-android uiautomator","selector":"new UiSelector().descriptionMatches(\"(?is).*\\QTiế...
05:35:47.973274 POST /session/a880ccf9-282d-4356-b5e5-3a1a9f8c44ac/element [15.95563ms] ERR:404 body={"strategy":"-android uiautomator","selector":"new UiSelector().textContains(\"Tiếng Anh\")"}
05:35:47.988361 POST /session/a880ccf9-282d-4356-b5e5-3a1a9f8c44ac/element [14.936544ms] ERR:404 body={"strategy":"-android uiautomator","selector":"new UiSelector().descriptionContains(\"Tiếng Anh\")...
05:35:48.006066 POST /session/a880ccf9-282d-4356-b5e5-3a1a9f8c44ac/element [17.604417ms] ERR:404 body={"strategy":"-android uiautomator","selector":"new UiSelector().textMatches(\"(?is).*\\QTiếng Anh\...
05:35:48.021473 POST /session/a880ccf9-282d-4356-b5e5-3a1a9f8c44ac/element [15.279718ms] ERR:404 body={"strategy":"-android uiautomator","selector":"new UiSelector().descriptionMatches(\"(?is).*\\QTiế...
05:35:48.036946 POST /session/a880ccf9-282d-4356-b5e5-3a1a9f8c44ac/element [15.310791ms] ERR:404 body={"strategy":"-android uiautomator","selector":"new UiSelector().textContains(\"Tiếng Anh\")"}
05:35:48.054042 POST /session/a880ccf9-282d-4356-b5e5-3a1a9f8c44ac/element [16.964639ms] ERR:404 body={"strategy":"-android uiautomator","selector":"new UiSelector().descriptionContains(\"Tiếng Anh\")...
05:35:48.069315 POST /session/a880ccf9-282d-4356-b5e5-3a1a9f8c44ac/element [15.00216ms] ERR:404 body={"strategy":"-android uiautomator","selector":"new UiSelector().textMatches(\"(?is).*\\QTiếng Anh\...
05:35:48.084988 POST /session/a880ccf9-282d-4356-b5e5-3a1a9f8c44ac/element [15.22063ms] ERR:404 body={"strategy":"-android uiautomator","selector":"new UiSelector().descriptionMatches(\"(?is).*\\QTiế...
05:35:48.100356 POST /session/a880ccf9-282d-4356-b5e5-3a1a9f8c44ac/element [15.202684ms] ERR:404 body={"strategy":"-android uiautomator","selector":"new UiSelector().textContains(\"Tiếng Anh\")"}
05:35:48.115180 POST /session/a880ccf9-282d-4356-b5e5-3a1a9f8c44ac/element [14.661405ms] ERR:404 body={"strategy":"-android uiautomator","selector":"new UiSelector().descriptionContains(\"Tiếng Anh\")...
05:35:48.130698 POST /session/a880ccf9-282d-4356-b5e5-3a1a9f8c44ac/element [15.356953ms] ERR:404 body={"strategy":"-android uiautomator","selector":"new UiSelector().textMatches(\"(?is).*\\QTiếng Anh\...
05:35:48.146167 POST /session/a880ccf9-282d-4356-b5e5-3a1a9f8c44ac/element [15.31809ms] ERR:404 body={"strategy":"-android uiautomator","selector":"new UiSelector().descriptionMatches(\"(?is).*\\QTiế...
05:35:48.161639 POST /session/a880ccf9-282d-4356-b5e5-3a1a9f8c44ac/element [15.298774ms] ERR:404 body={"strategy":"-android uiautomator","selector":"new UiSelector().textContains(\"Tiếng Anh\")"}
05:35:48.177402 POST /session/a880ccf9-282d-4356-b5e5-3a1a9f8c44ac/element [15.62208ms] ERR:404 body={"strategy":"-android uiautomator","selector":"new UiSelector().descriptionContains(\"Tiếng Anh\")...
05:35:48.193089 POST /session/a880ccf9-282d-4356-b5e5-3a1a9f8c44ac/element [15.561364ms] ERR:404 body={"strategy":"-android uiautomator","selector":"new UiSelector().textMatches(\"(?is).*\\QTiếng Anh\...
05:35:48.210935 POST /session/a880ccf9-282d-4356-b5e5-3a1a9f8c44ac/element [17.670147ms] ERR:404 body={"strategy":"-android uiautomator","selector":"new UiSelector().descriptionMatches(\"(?is).*\\QTiế...
05:35:48.226640 POST /session/a880ccf9-282d-4356-b5e5-3a1a9f8c44ac/element [15.574188ms] ERR:404 body={"strategy":"-android uiautomator","selector":"new UiSelector().textContains(\"Tiếng Anh\")"}
05:35:48.242614 POST /session/a880ccf9-282d-4356-b5e5-3a1a9f8c44ac/element [15.846627ms] ERR:404 body={"strategy":"-android uiautomator","selector":"new UiSelector().descriptionContains(\"Tiếng Anh\")...
05:35:48.260126 POST /session/a880ccf9-282d-4356-b5e5-3a1a9f8c44ac/element [17.349139ms] ERR:404 body={"strategy":"-android uiautomator","selector":"new UiSelector().textMatches(\"(?is).*\\QTiếng Anh\...
05:35:48.277836 POST /session/a880ccf9-282d-4356-b5e5-3a1a9f8c44ac/element [17.569122ms] ERR:404 body={"strategy":"-android uiautomator","selector":"new UiSelector().descriptionMatches(\"(?is).*\\QTiế...
05:35:48.295739 POST /session/a880ccf9-282d-4356-b5e5-3a1a9f8c44ac/element [17.754317ms] ERR:404 body={"strategy":"-android uiautomator","selector":"new UiSelector().textContains(\"Tiếng Anh\")"}
05:35:48.311973 POST /session/a880ccf9-282d-4356-b5e5-3a1a9f8c44ac/element [16.107636ms] ERR:404 body={"strategy":"-android uiautomator","selector":"new UiSelector().descriptionContains(\"Tiếng Anh\")...
05:35:48.328045 POST /session/a880ccf9-282d-4356-b5e5-3a1a9f8c44ac/element [15.936855ms] ERR:404 body={"strategy":"-android uiautomator","selector":"new UiSelector().textMatches(\"(?is).*\\QTiếng Anh\...
05:35:48.345711 POST /session/a880ccf9-282d-4356-b5e5-3a1a9f8c44ac/element [17.537222ms] ERR:404 body={"strategy":"-android uiautomator","selector":"new UiSelector().descriptionMatches(\"(?is).*\\QTiế...
05:35:48.362346 POST /session/a880ccf9-282d-4356-b5e5-3a1a9f8c44ac/element [16.490207ms] ERR:404 body={"strategy":"-android uiautomator","selector":"new UiSelector().textContains(\"Tiếng Anh\")"}
05:35:48.378800 POST /session/a880ccf9-282d-4356-b5e5-3a1a9f8c44ac/element [16.313436ms] ERR:404 body={"strategy":"-android uiautomator","selector":"new UiSelector().descriptionContains(\"Tiếng Anh\")...
05:35:48.395955 POST /session/a880ccf9-282d-4356-b5e5-3a1a9f8c44ac/element [17.013641ms] ERR:404 body={"strategy":"-android uiautomator","selector":"new UiSelector().textMatches(\"(?is).*\\QTiếng Anh\...
05:35:48.414216 POST /session/a880ccf9-282d-4356-b5e5-3a1a9f8c44ac/element [18.066129ms] ERR:404 body={"strategy":"-android uiautomator","selector":"new UiSelector().descriptionMatches(\"(?is).*\\QTiế...
05:35:48.429874 POST /session/a880ccf9-282d-4356-b5e5-3a1a9f8c44ac/element [15.504604ms] ERR:404 body={"strategy":"-android uiautomator","selector":"new UiSelector().textContains(\"Tiếng Anh\")"}
05:35:48.445153 POST /session/a880ccf9-282d-4356-b5e5-3a1a9f8c44ac/element [15.140148ms] ERR:404 body={"strategy":"-android uiautomator","selector":"new UiSelector().descriptionContains(\"Tiếng Anh\")...
05:35:48.461440 POST /session/a880ccf9-282d-4356-b5e5-3a1a9f8c44ac/element [16.14232ms] ERR:404 body={"strategy":"-android uiautomator","selector":"new UiSelector().textMatches(\"(?is).*\\QTiếng Anh\...
05:35:48.478506 POST /session/a880ccf9-282d-4356-b5e5-3a1a9f8c44ac/element [16.9418ms] ERR:404 body={"strategy":"-android uiautomator","selector":"new UiSelector().descriptionMatches(\"(?is).*\\QTiế...
05:35:48.494817 POST /session/a880ccf9-282d-4356-b5e5-3a1a9f8c44ac/element [16.175202ms] ERR:404 body={"strategy":"-android uiautomator","selector":"new UiSelector().textContains(\"Tiếng Anh\")"}
05:35:48.510236 POST /session/a880ccf9-282d-4356-b5e5-3a1a9f8c44ac/element [15.246066ms] ERR:404 body={"strategy":"-android uiautomator","selector":"new UiSelector().descriptionContains(\"Tiếng Anh\")...
05:35:48.525682 POST /session/a880ccf9-282d-4356-b5e5-3a1a9f8c44ac/element [15.318601ms] ERR:404 body={"strategy":"-android uiautomator","selector":"new UiSelector().textMatches(\"(?is).*\\QTiếng Anh\...
05:35:48.541258 POST /session/a880ccf9-282d-4356-b5e5-3a1a9f8c44ac/element [15.429594ms] ERR:404 body={"strategy":"-android uiautomator","selector":"new UiSelector().descriptionMatches(\"(?is).*\\QTiế...
05:35:48.557324 POST /session/a880ccf9-282d-4356-b5e5-3a1a9f8c44ac/element [15.890003ms] ERR:404 body={"strategy":"-android uiautomator","selector":"new UiSelector().textContains(\"Tiếng Anh\")"}
05:35:48.572720 POST /session/a880ccf9-282d-4356-b5e5-3a1a9f8c44ac/element [15.22685ms] ERR:404 body={"strategy":"-android uiautomator","selector":"new UiSelector().descriptionContains(\"Tiếng Anh\")...
05:35:48.588594 POST /session/a880ccf9-282d-4356-b5e5-3a1a9f8c44ac/element [15.71907ms] ERR:404 body={"strategy":"-android uiautomator","selector":"new UiSelector().textMatches(\"(?is).*\\QTiếng Anh\...
05:35:48.604148 POST /session/a880ccf9-282d-4356-b5e5-3a1a9f8c44ac/element [15.411047ms] ERR:404 body={"strategy":"-android uiautomator","selector":"new UiSelector().descriptionMatches(\"(?is).*\\QTiế...
05:35:48.619443 POST /session/a880ccf9-282d-4356-b5e5-3a1a9f8c44ac/element [15.13572ms] ERR:404 body={"strategy":"-android uiautomator","selector":"new UiSelector().textContains(\"Tiếng Anh\")"}
05:35:48.634306 POST /session/a880ccf9-282d-4356-b5e5-3a1a9f8c44ac/element [14.735883ms] ERR:404 body={"strategy":"-android uiautomator","selector":"new UiSelector().descriptionContains(\"Tiếng Anh\")...
05:35:48.649569 POST /session/a880ccf9-282d-4356-b5e5-3a1a9f8c44ac/element [15.139787ms] ERR:404 body={"strategy":"-android uiautomator","selector":"new UiSelector().textMatches(\"(?is).*\\QTiếng Anh\...
05:35:48.665449 POST /session/a880ccf9-282d-4356-b5e5-3a1a9f8c44ac/element [15.764825ms] ERR:404 body={"strategy":"-android uiautomator","selector":"new UiSelector().descriptionMatches(\"(?is).*\\QTiế...
05:35:48.681104 POST /session/a880ccf9-282d-4356-b5e5-3a1a9f8c44ac/element [15.529102ms] ERR:404 body={"strategy":"-android uiautomator","selector":"new UiSelector().textContains(\"Tiếng Anh\")"}
05:35:48.697321 POST /session/a880ccf9-282d-4356-b5e5-3a1a9f8c44ac/element [16.082407ms] ERR:404 body={"strategy":"-android uiautomator","selector":"new UiSelector().descriptionContains(\"Tiếng Anh\")...
05:35:48.713346 POST /session/a880ccf9-282d-4356-b5e5-3a1a9f8c44ac/element [15.903002ms] ERR:404 body={"strategy":"-android uiautomator","selector":"new UiSelector().textMatches(\"(?is).*\\QTiếng Anh\...
05:35:48.729440 POST /session/a880ccf9-282d-4356-b5e5-3a1a9f8c44ac/element [15.985285ms] ERR:404 body={"strategy":"-android uiautomator","selector":"new UiSelector().descriptionMatches(\"(?is).*\\QTiế...
05:35:48.745397 POST /session/a880ccf9-282d-4356-b5e5-3a1a9f8c44ac/element [15.807415ms] ERR:404 body={"strategy":"-android uiautomator","selector":"new UiSelector().textContains(\"Tiếng Anh\")"}
05:35:48.762800 POST /session/a880ccf9-282d-4356-b5e5-3a1a9f8c44ac/element [17.281725ms] ERR:404 body={"strategy":"-android uiautomator","selector":"new UiSelector().descriptionContains(\"Tiếng Anh\")...
05:35:48.778517 POST /session/a880ccf9-282d-4356-b5e5-3a1a9f8c44ac/element [15.591689ms] ERR:404 body={"strategy":"-android uiautomator","selector":"new UiSelector().textMatches(\"(?is).*\\QTiếng Anh\...
05:35:48.794095 POST /session/a880ccf9-282d-4356-b5e5-3a1a9f8c44ac/element [15.432986ms] ERR:404 body={"strategy":"-android uiautomator","selector":"new UiSelector().descriptionMatches(\"(?is).*\\QTiế...
05:35:48.811898 POST /session/a880ccf9-282d-4356-b5e5-3a1a9f8c44ac/element [17.64313ms] ERR:404 body={"strategy":"-android uiautomator","selector":"new UiSelector().textContains(\"Tiếng Anh\")"}
05:35:48.829980 POST /session/a880ccf9-282d-4356-b5e5-3a1a9f8c44ac/element [17.960182ms] ERR:404 body={"strategy":"-android uiautomator","selector":"new UiSelector().descriptionContains(\"Tiếng Anh\")...
05:35:48.849769 POST /session/a880ccf9-282d-4356-b5e5-3a1a9f8c44ac/element [19.664005ms] ERR:404 body={"strategy":"-android uiautomator","selector":"new UiSelector().textMatches(\"(?is).*\\QTiếng Anh\...
05:35:48.867395 POST /session/a880ccf9-282d-4356-b5e5-3a1a9f8c44ac/element [17.469512ms] ERR:404 body={"strategy":"-android uiautomator","selector":"new UiSelector().descriptionMatches(\"(?is).*\\QTiế...
05:35:48.883436 POST /session/a880ccf9-282d-4356-b5e5-3a1a9f8c44ac/element [15.894325ms] ERR:404 body={"strategy":"-android uiautomator","selector":"new UiSelector().textContains(\"Tiếng Anh\")"}
05:35:48.897742 POST /session/a880ccf9-282d-4356-b5e5-3a1a9f8c44ac/element [14.175025ms] ERR:404 body={"strategy":"-android uiautomator","selector":"new UiSelector().descriptionContains(\"Tiếng Anh\")...
05:35:48.915263 POST /session/a880ccf9-282d-4356-b5e5-3a1a9f8c44ac/element [17.359712ms] ERR:404 body={"strategy":"-android uiautomator","selector":"new UiSelector().textMatches(\"(?is).*\\QTiếng Anh\...
05:35:48.933150 POST /session/a880ccf9-282d-4356-b5e5-3a1a9f8c44ac/element [17.761509ms] ERR:404 body={"strategy":"-android uiautomator","selector":"new UiSelector().descriptionMatches(\"(?is).*\\QTiế...
05:35:48.951592 POST /session/a880ccf9-282d-4356-b5e5-3a1a9f8c44ac/element [18.283166ms] ERR:404 body={"strategy":"-android uiautomator","selector":"new UiSelector().textContains(\"Tiếng Anh\")"}
05:35:48.976084 POST /session/a880ccf9-282d-4356-b5e5-3a1a9f8c44ac/element [24.360927ms] ERR:404 body={"strategy":"-android uiautomator","selector":"new UiSelector().descriptionContains(\"Tiếng Anh\")...
05:35:48.991914 POST /session/a880ccf9-282d-4356-b5e5-3a1a9f8c44ac/element [15.70888ms] ERR:404 body={"strategy":"-android uiautomator","selector":"new UiSelector().textMatches(\"(?is).*\\QTiếng Anh\...
05:35:49.005916 POST /session/a880ccf9-282d-4356-b5e5-3a1a9f8c44ac/element [13.885898ms] ERR:404 body={"strategy":"-android uiautomator","selector":"new UiSelector().descriptionMatches(\"(?is).*\\QTiế...
05:35:49.020152 POST /session/a880ccf9-282d-4356-b5e5-3a1a9f8c44ac/element [14.126624ms] ERR:404 body={"strategy":"-android uiautomator","selector":"new UiSelector().textContains(\"Tiếng Anh\")"}
05:35:49.034232 POST /session/a880ccf9-282d-4356-b5e5-3a1a9f8c44ac/element [13.892299ms] ERR:404 body={"strategy":"-android uiautomator","selector":"new UiSelector().descriptionContains(\"Tiếng Anh\")...
05:35:49.048921 POST /session/a880ccf9-282d-4356-b5e5-3a1a9f8c44ac/element [14.586354ms] ERR:404 body={"strategy":"-android uiautomator","selector":"new UiSelector().textMatches(\"(?is).*\\QTiếng Anh\...
05:35:49.065521 POST /session/a880ccf9-282d-4356-b5e5-3a1a9f8c44ac/element [16.462039ms] ERR:404 body={"strategy":"-android uiautomator","selector":"new UiSelector().descriptionMatches(\"(?is).*\\QTiế...
05:35:49.082709 POST /session/a880ccf9-282d-4356-b5e5-3a1a9f8c44ac/element [17.054285ms] ERR:404 body={"strategy":"-android uiautomator","selector":"new UiSelector().textContains(\"Tiếng Anh\")"}
05:35:49.096700 POST /session/a880ccf9-282d-4356-b5e5-3a1a9f8c44ac/element [13.864299ms] ERR:404 body={"strategy":"-android uiautomator","selector":"new UiSelector().descriptionContains(\"Tiếng Anh\")...
05:35:49.112478 POST /session/a880ccf9-282d-4356-b5e5-3a1a9f8c44ac/element [15.646002ms] ERR:404 body={"strategy":"-android uiautomator","selector":"new UiSelector().textMatches(\"(?is).*\\QTiếng Anh\...
05:35:49.126569 POST /session/a880ccf9-282d-4356-b5e5-3a1a9f8c44ac/element [13.967038ms] ERR:404 body={"strategy":"-android uiautomator","selector":"new UiSelector().descriptionMatches(\"(?is).*\\QTiế...
05:35:49.141724 POST /session/a880ccf9-282d-4356-b5e5-3a1a9f8c44ac/element [15.027636ms] ERR:404 body={"strategy":"-android uiautomator","selector":"new UiSelector().textContains(\"Tiếng Anh\")"}
05:35:49.155480 POST /session/a880ccf9-282d-4356-b5e5-3a1a9f8c44ac/element [13.614492ms] ERR:404 body={"strategy":"-android uiautomator","selector":"new UiSelector().descriptionContains(\"Tiếng Anh\")...
05:35:49.169568 POST /session/a880ccf9-282d-4356-b5e5-3a1a9f8c44ac/element [13.942441ms] ERR:404 body={"strategy":"-android uiautomator","selector":"new UiSelector().textMatches(\"(?is).*\\QTiếng Anh\...
05:35:49.183232 POST /session/a880ccf9-282d-4356-b5e5-3a1a9f8c44ac/element [13.507101ms] ERR:404 body={"strategy":"-android uiautomator","selector":"new UiSelector().descriptionMatches(\"(?is).*\\QTiế...
05:35:49.196626 POST /session/a880ccf9-282d-4356-b5e5-3a1a9f8c44ac/element [13.272032ms] ERR:404 body={"strategy":"-android uiautomator","selector":"new UiSelector().textContains(\"Tiếng Anh\")"}
05:35:49.210129 POST /session/a880ccf9-282d-4356-b5e5-3a1a9f8c44ac/element [13.379483ms] ERR:404 body={"strategy":"-android uiautomator","selector":"new UiSelector().descriptionContains(\"Tiếng Anh\")...
05:35:49.224605 POST /session/a880ccf9-282d-4356-b5e5-3a1a9f8c44ac/element [14.321341ms] ERR:404 body={"strategy":"-android uiautomator","selector":"new UiSelector().textMatches(\"(?is).*\\QTiếng Anh\...
05:35:49.239063 POST /session/a880ccf9-282d-4356-b5e5-3a1a9f8c44ac/element [14.347128ms] ERR:404 body={"strategy":"-android uiautomator","selector":"new UiSelector().descriptionMatches(\"(?is).*\\QTiế...
05:35:49.253861 POST /session/a880ccf9-282d-4356-b5e5-3a1a9f8c44ac/element [14.672305ms] ERR:404 body={"strategy":"-android uiautomator","selector":"new UiSelector().textContains(\"Tiếng Anh\")"}
05:35:49.269612 POST /session/a880ccf9-282d-4356-b5e5-3a1a9f8c44ac/element [15.61787ms] ERR:404 body={"strategy":"-android uiautomator","selector":"new UiSelector().descriptionContains(\"Tiếng Anh\")...
05:35:49.285392 POST /session/a880ccf9-282d-4356-b5e5-3a1a9f8c44ac/element [15.654503ms] ERR:404 body={"strategy":"-android uiautomator","selector":"new UiSelector().textMatches(\"(?is).*\\QTiếng Anh\...
05:35:49.300910 POST /session/a880ccf9-282d-4356-b5e5-3a1a9f8c44ac/element [15.386949ms] ERR:404 body={"strategy":"-android uiautomator","selector":"new UiSelector().descriptionMatches(\"(?is).*\\QTiế...
05:35:49.316024 POST /session/a880ccf9-282d-4356-b5e5-3a1a9f8c44ac/element [14.811144ms] ERR:404 body={"strategy":"-android uiautomator","selector":"new UiSelector().textContains(\"Tiếng Anh\")"}
05:35:49.331156 POST /session/a880ccf9-282d-4356-b5e5-3a1a9f8c44ac/element [14.898243ms] ERR:404 body={"strategy":"-android uiautomator","selector":"new UiSelector().descriptionContains(\"Tiếng Anh\")...
05:35:49.346328 POST /session/a880ccf9-282d-4356-b5e5-3a1a9f8c44ac/element [14.998845ms] ERR:404 body={"strategy":"-android uiautomator","selector":"new UiSelector().textMatches(\"(?is).*\\QTiếng Anh\...
05:35:49.363530 POST /session/a880ccf9-282d-4356-b5e5-3a1a9f8c44ac/element [17.076887ms] ERR:404 body={"strategy":"-android uiautomator","selector":"new UiSelector().descriptionMatches(\"(?is).*\\QTiế...
05:35:49.378810 POST /session/a880ccf9-282d-4356-b5e5-3a1a9f8c44ac/element [15.142474ms] ERR:404 body={"strategy":"-android uiautomator","selector":"new UiSelector().textContains(\"Tiếng Anh\")"}
05:35:49.393315 POST /session/a880ccf9-282d-4356-b5e5-3a1a9f8c44ac/element [14.345007ms] ERR:404 body={"strategy":"-android uiautomator","selector":"new UiSelector().descriptionContains(\"Tiếng Anh\")...
05:35:49.407982 POST /session/a880ccf9-282d-4356-b5e5-3a1a9f8c44ac/element [14.52384ms] ERR:404 body={"strategy":"-android uiautomator","selector":"new UiSelector().textMatches(\"(?is).*\\QTiếng Anh\...
05:35:49.421991 POST /session/a880ccf9-282d-4356-b5e5-3a1a9f8c44ac/element [13.892543ms] ERR:404 body={"strategy":"-android uiautomator","selector":"new UiSelector().descriptionMatches(\"(?is).*\\QTiế...
05:35:49.438307 POST /session/a880ccf9-282d-4356-b5e5-3a1a9f8c44ac/element [16.147288ms] ERR:404 body={"strategy":"-android uiautomator","selector":"new UiSelector().textContains(\"Tiếng Anh\")"}
05:35:49.453517 POST /session/a880ccf9-282d-4356-b5e5-3a1a9f8c44ac/element [15.085172ms] ERR:404 body={"strategy":"-android uiautomator","selector":"new UiSelector().descriptionContains(\"Tiếng Anh\")...
05:35:49.470095 POST /session/a880ccf9-282d-4356-b5e5-3a1a9f8c44ac/element [16.429185ms] ERR:404 body={"strategy":"-android uiautomator","selector":"new UiSelector().textMatches(\"(?is).*\\QTiếng Anh\...
05:35:49.486010 POST /session/a880ccf9-282d-4356-b5e5-3a1a9f8c44ac/element [15.751779ms] ERR:404 body={"strategy":"-android uiautomator","selector":"new UiSelector().descriptionMatches(\"(?is).*\\QTiế...
05:35:49.500172 POST /session/a880ccf9-282d-4356-b5e5-3a1a9f8c44ac/element [14.03538ms] ERR:404 body={"strategy":"-android uiautomator","selector":"new UiSelector().textContains(\"Tiếng Anh\")"}
05:35:49.514365 POST /session/a880ccf9-282d-4356-b5e5-3a1a9f8c44ac/element [14.023364ms] ERR:404 body={"strategy":"-android uiautomator","selector":"new UiSelector().descriptionContains(\"Tiếng Anh\")...
05:35:49.529069 POST /session/a880ccf9-282d-4356-b5e5-3a1a9f8c44ac/element [14.5515ms] ERR:404 body={"strategy":"-android uiautomator","selector":"new UiSelector().textMatches(\"(?is).*\\QTiếng Anh\...
05:35:49.544158 POST /session/a880ccf9-282d-4356-b5e5-3a1a9f8c44ac/element [14.946306ms] ERR:404 body={"strategy":"-android uiautomator","selector":"new UiSelector().descriptionMatches(\"(?is).*\\QTiế...
05:35:49.558918 POST /session/a880ccf9-282d-4356-b5e5-3a1a9f8c44ac/element [14.611752ms] ERR:404 body={"strategy":"-android uiautomator","selector":"new UiSelector().textContains(\"Tiếng Anh\")"}
05:35:49.573894 POST /session/a880ccf9-282d-4356-b5e5-3a1a9f8c44ac/element [14.853851ms] ERR:404 body={"strategy":"-android uiautomator","selector":"new UiSelector().descriptionContains(\"Tiếng Anh\")...
05:35:49.588584 POST /session/a880ccf9-282d-4356-b5e5-3a1a9f8c44ac/element [14.552061ms] ERR:404 body={"strategy":"-android uiautomator","selector":"new UiSelector().textMatches(\"(?is).*\\QTiếng Anh\...
05:35:49.602983 POST /session/a880ccf9-282d-4356-b5e5-3a1a9f8c44ac/element [14.278741ms] ERR:404 body={"strategy":"-android uiautomator","selector":"new UiSelector().descriptionMatches(\"(?is).*\\QTiế...
05:35:49.617150 POST /session/a880ccf9-282d-4356-b5e5-3a1a9f8c44ac/element [14.054392ms] ERR:404 body={"strategy":"-android uiautomator","selector":"new UiSelector().textContains(\"Tiếng Anh\")"}
05:35:49.631333 POST /session/a880ccf9-282d-4356-b5e5-3a1a9f8c44ac/element [14.030741ms] ERR:404 body={"strategy":"-android uiautomator","selector":"new UiSelector().descriptionContains(\"Tiếng Anh\")...
05:35:49.646465 POST /session/a880ccf9-282d-4356-b5e5-3a1a9f8c44ac/element [14.994908ms] ERR:404 body={"strategy":"-android uiautomator","selector":"new UiSelector().textMatches(\"(?is).*\\QTiếng Anh\...
05:35:49.660903 POST /session/a880ccf9-282d-4356-b5e5-3a1a9f8c44ac/element [14.31572ms] ERR:404 body={"strategy":"-android uiautomator","selector":"new UiSelector().descriptionMatches(\"(?is).*\\QTiế...
05:35:49.675748 POST /session/a880ccf9-282d-4356-b5e5-3a1a9f8c44ac/element [14.719564ms] ERR:404 body={"strategy":"-android uiautomator","selector":"new UiSelector().textContains(\"Tiếng Anh\")"}
05:35:49.692359 POST /session/a880ccf9-282d-4356-b5e5-3a1a9f8c44ac/element [16.491341ms] ERR:404 body={"strategy":"-android uiautomator","selector":"new UiSelector().descriptionContains(\"Tiếng Anh\")...
05:35:49.706485 POST /session/a880ccf9-282d-4356-b5e5-3a1a9f8c44ac/element [13.998102ms] ERR:404 body={"strategy":"-android uiautomator","selector":"new UiSelector().textMatches(\"(?is).*\\QTiếng Anh\...
05:35:49.720603 POST /session/a880ccf9-282d-4356-b5e5-3a1a9f8c44ac/element [13.984341ms] ERR:404 body={"strategy":"-android uiautomator","selector":"new UiSelector().descriptionMatches(\"(?is).*\\QTiế...
05:35:49.736493 POST /session/a880ccf9-282d-4356-b5e5-3a1a9f8c44ac/element [15.775185ms] ERR:404 body={"strategy":"-android uiautomator","selector":"new UiSelector().textContains(\"Tiếng Anh\")"}
05:35:49.751875 POST /session/a880ccf9-282d-4356-b5e5-3a1a9f8c44ac/element [15.249382ms] ERR:404 body={"strategy":"-android uiautomator","selector":"new UiSelector().descriptionContains(\"Tiếng Anh\")...
05:35:49.766514 POST /session/a880ccf9-282d-4356-b5e5-3a1a9f8c44ac/element [14.497379ms] ERR:404 body={"strategy":"-android uiautomator","selector":"new UiSelector().textMatches(\"(?is).*\\QTiếng Anh\...
05:35:49.780941 POST /session/a880ccf9-282d-4356-b5e5-3a1a9f8c44ac/element [14.297914ms] ERR:404 body={"strategy":"-android uiautomator","selector":"new UiSelector().descriptionMatches(\"(?is).*\\QTiế...
05:35:49.794812 POST /session/a880ccf9-282d-4356-b5e5-3a1a9f8c44ac/element [13.743153ms] ERR:404 body={"strategy":"-android uiautomator","selector":"new UiSelector().textContains(\"Tiếng Anh\")"}
05:35:49.808850 POST /session/a880ccf9-282d-4356-b5e5-3a1a9f8c44ac/element [13.91991ms] ERR:404 body={"strategy":"-android uiautomator","selector":"new UiSelector().descriptionContains(\"Tiếng Anh\")...
05:35:49.822864 POST /session/a880ccf9-282d-4356-b5e5-3a1a9f8c44ac/element [13.883204ms] ERR:404 body={"strategy":"-android uiautomator","selector":"new UiSelector().textMatches(\"(?is).*\\QTiếng Anh\...
05:35:49.837371 POST /session/a880ccf9-282d-4356-b5e5-3a1a9f8c44ac/element [14.368252ms] ERR:404 body={"strategy":"-android uiautomator","selector":"new UiSelector().descriptionMatches(\"(?is).*\\QTiế...
05:35:49.851926 POST /session/a880ccf9-282d-4356-b5e5-3a1a9f8c44ac/element [14.429466ms] ERR:404 body={"strategy":"-android uiautomator","selector":"new UiSelector().textContains(\"Tiếng Anh\")"}
05:35:49.868234 POST /session/a880ccf9-282d-4356-b5e5-3a1a9f8c44ac/element [16.160365ms] ERR:404 body={"strategy":"-android uiautomator","selector":"new UiSelector().descriptionContains(\"Tiếng Anh\")...
05:35:49.884228 POST /session/a880ccf9-282d-4356-b5e5-3a1a9f8c44ac/element [15.847284ms] ERR:404 body={"strategy":"-android uiautomator","selector":"new UiSelector().textMatches(\"(?is).*\\QTiếng Anh\...
05:35:49.899472 POST /session/a880ccf9-282d-4356-b5e5-3a1a9f8c44ac/element [15.107862ms] ERR:404 body={"strategy":"-android uiautomator","selector":"new UiSelector().descriptionMatches(\"(?is).*\\QTiế...
05:35:49.913649 POST /session/a880ccf9-282d-4356-b5e5-3a1a9f8c44ac/element [14.058469ms] ERR:404 body={"strategy":"-android uiautomator","selector":"new UiSelector().textContains(\"Tiếng Anh\")"}
05:35:49.927349 POST /session/a880ccf9-282d-4356-b5e5-3a1a9f8c44ac/element [13.600364ms] ERR:404 body={"strategy":"-android uiautomator","selector":"new UiSelector().descriptionContains(\"Tiếng Anh\")...
05:35:49.941363 POST /session/a880ccf9-282d-4356-b5e5-3a1a9f8c44ac/element [13.909571ms] ERR:404 body={"strategy":"-android uiautomator","selector":"new UiSelector().textMatches(\"(?is).*\\QTiếng Anh\...
05:35:49.963787 POST /session/a880ccf9-282d-4356-b5e5-3a1a9f8c44ac/element [22.259681ms] ERR:404 body={"strategy":"-android uiautomator","selector":"new UiSelector().descriptionMatches(\"(?is).*\\QTiế...
05:35:49.979350 POST /session/a880ccf9-282d-4356-b5e5-3a1a9f8c44ac/element [15.405179ms] ERR:404 body={"strategy":"-android uiautomator","selector":"new UiSelector().textContains(\"Tiếng Anh\")"}
05:35:49.994297 POST /session/a880ccf9-282d-4356-b5e5-3a1a9f8c44ac/element [14.799513ms] ERR:404 body={"strategy":"-android uiautomator","selector":"new UiSelector().descriptionContains(\"Tiếng Anh\")...
05:35:50.009240 POST /session/a880ccf9-282d-4356-b5e5-3a1a9f8c44ac/element [14.78721ms] ERR:404 body={"strategy":"-android uiautomator","selector":"new UiSelector().textMatches(\"(?is).*\\QTiếng Anh\...
05:35:50.024625 POST /session/a880ccf9-282d-4356-b5e5-3a1a9f8c44ac/element [15.261806ms] ERR:404 body={"strategy":"-android uiautomator","selector":"new UiSelector().descriptionMatches(\"(?is).*\\QTiế...
05:35:50.039503 POST /session/a880ccf9-282d-4356-b5e5-3a1a9f8c44ac/element [14.727396ms] ERR:404 body={"strategy":"-android uiautomator","selector":"new UiSelector().textContains(\"Tiếng Anh\")"}
05:35:50.054918 POST /session/a880ccf9-282d-4356-b5e5-3a1a9f8c44ac/element [15.276508ms] ERR:404 body={"strategy":"-android uiautomator","selector":"new UiSelector().descriptionContains(\"Tiếng Anh\")...
05:35:50.070518 POST /session/a880ccf9-282d-4356-b5e5-3a1a9f8c44ac/element [15.459365ms] ERR:404 body={"strategy":"-android uiautomator","selector":"new UiSelector().textMatches(\"(?is).*\\QTiếng Anh\...
05:35:50.086538 POST /session/a880ccf9-282d-4356-b5e5-3a1a9f8c44ac/element [15.903363ms] ERR:404 body={"strategy":"-android uiautomator","selector":"new UiSelector().descriptionMatches(\"(?is).*\\QTiế...
05:35:50.101181 POST /session/a880ccf9-282d-4356-b5e5-3a1a9f8c44ac/element [14.50281ms] ERR:404 body={"strategy":"-android uiautomator","selector":"new UiSelector().textContains(\"Tiếng Anh\")"}
05:35:50.115682 POST /session/a880ccf9-282d-4356-b5e5-3a1a9f8c44ac/element [14.355382ms] ERR:404 body={"strategy":"-android uiautomator","selector":"new UiSelector().descriptionContains(\"Tiếng Anh\")...
05:35:50.130254 POST /session/a880ccf9-282d-4356-b5e5-3a1a9f8c44ac/element [14.44994ms] ERR:404 body={"strategy":"-android uiautomator","selector":"new UiSelector().textMatches(\"(?is).*\\QTiếng Anh\...
05:35:50.145427 POST /session/a880ccf9-282d-4356-b5e5-3a1a9f8c44ac/element [15.033309ms] ERR:404 body={"strategy":"-android uiautomator","selector":"new UiSelector().descriptionMatches(\"(?is).*\\QTiế...
05:35:50.164326 POST /session/a880ccf9-282d-4356-b5e5-3a1a9f8c44ac/element [18.726566ms] ERR:404 body={"strategy":"-android uiautomator","selector":"new UiSelector().textContains(\"Tiếng Anh\")"}
05:35:50.178794 POST /session/a880ccf9-282d-4356-b5e5-3a1a9f8c44ac/element [14.357339ms] ERR:404 body={"strategy":"-android uiautomator","selector":"new UiSelector().descriptionContains(\"Tiếng Anh\")...
05:35:50.192979 POST /session/a880ccf9-282d-4356-b5e5-3a1a9f8c44ac/element [14.055474ms] ERR:404 body={"strategy":"-android uiautomator","selector":"new UiSelector().textMatches(\"(?is).*\\QTiếng Anh\...
05:35:50.206498 POST /session/a880ccf9-282d-4356-b5e5-3a1a9f8c44ac/element [13.377852ms] ERR:404 body={"strategy":"-android uiautomator","selector":"new UiSelector().descriptionMatches(\"(?is).*\\QTiế...
05:35:50.221730 POST /session/a880ccf9-282d-4356-b5e5-3a1a9f8c44ac/element [15.092307ms] ERR:404 body={"strategy":"-android uiautomator","selector":"new UiSelector().textContains(\"Tiếng Anh\")"}
05:35:50.240001 POST /session/a880ccf9-282d-4356-b5e5-3a1a9f8c44ac/element [18.135648ms] ERR:404 body={"strategy":"-android uiautomator","selector":"new UiSelector().descriptionContains(\"Tiếng Anh\")...
05:35:50.255723 POST /session/a880ccf9-282d-4356-b5e5-3a1a9f8c44ac/element [15.553592ms] ERR:404 body={"strategy":"-android uiautomator","selector":"new UiSelector().textMatches(\"(?is).*\\QTiếng Anh\...
05:35:50.271623 POST /session/a880ccf9-282d-4356-b5e5-3a1a9f8c44ac/element [15.75727ms] ERR:404 body={"strategy":"-android uiautomator","selector":"new UiSelector().descriptionMatches(\"(?is).*\\QTiế...
05:35:50.285492 POST /session/a880ccf9-282d-4356-b5e5-3a1a9f8c44ac/element [13.740176ms] ERR:404 body={"strategy":"-android uiautomator","selector":"new UiSelector().textContains(\"Tiếng Anh\")"}
05:35:50.300352 POST /session/a880ccf9-282d-4356-b5e5-3a1a9f8c44ac/element [14.747273ms] ERR:404 body={"strategy":"-android uiautomator","selector":"new UiSelector().descriptionContains(\"Tiếng Anh\")...
05:35:50.315706 POST /session/a880ccf9-282d-4356-b5e5-3a1a9f8c44ac/element [15.209728ms] ERR:404 body={"strategy":"-android uiautomator","selector":"new UiSelector().textMatches(\"(?is).*\\QTiếng Anh\...
05:35:50.330052 POST /session/a880ccf9-282d-4356-b5e5-3a1a9f8c44ac/element [14.179941ms] ERR:404 body={"strategy":"-android uiautomator","selector":"new UiSelector().descriptionMatches(\"(?is).*\\QTiế...
05:35:50.344639 POST /session/a880ccf9-282d-4356-b5e5-3a1a9f8c44ac/element [14.468001ms] ERR:404 body={"strategy":"-android uiautomator","selector":"new UiSelector().textContains(\"Tiếng Anh\")"}
05:35:50.359620 POST /session/a880ccf9-282d-4356-b5e5-3a1a9f8c44ac/element [14.848855ms] ERR:404 body={"strategy":"-android uiautomator","selector":"new UiSelector().descriptionContains(\"Tiếng Anh\")...
05:35:50.375301 POST /session/a880ccf9-282d-4356-b5e5-3a1a9f8c44ac/element [15.538151ms] ERR:404 body={"strategy":"-android uiautomator","selector":"new UiSelector().textMatches(\"(?is).*\\QTiếng Anh\...
05:35:50.389694 POST /session/a880ccf9-282d-4356-b5e5-3a1a9f8c44ac/element [14.263903ms] ERR:404 body={"strategy":"-android uiautomator","selector":"new UiSelector().descriptionMatches(\"(?is).*\\QTiế...
05:35:50.404972 POST /session/a880ccf9-282d-4356-b5e5-3a1a9f8c44ac/element [15.155056ms] ERR:404 body={"strategy":"-android uiautomator","selector":"new UiSelector().textContains(\"Tiếng Anh\")"}
05:35:50.418661 POST /session/a880ccf9-282d-4356-b5e5-3a1a9f8c44ac/element [13.570831ms] ERR:404 body={"strategy":"-android uiautomator","selector":"new UiSelector().descriptionContains(\"Tiếng Anh\")...
05:35:50.433331 POST /session/a880ccf9-282d-4356-b5e5-3a1a9f8c44ac/element [14.550841ms] ERR:404 body={"strategy":"-android uiautomator","selector":"new UiSelector().textMatches(\"(?is).*\\QTiếng Anh\...
05:35:50.447276 POST /session/a880ccf9-282d-4356-b5e5-3a1a9f8c44ac/element [13.778617ms] ERR:404 body={"strategy":"-android uiautomator","selector":"new UiSelector().descriptionMatches(\"(?is).*\\QTiế...
05:35:50.463321 POST /session/a880ccf9-282d-4356-b5e5-3a1a9f8c44ac/element [15.894788ms] ERR:404 body={"strategy":"-android uiautomator","selector":"new UiSelector().textContains(\"Tiếng Anh\")"}
05:35:50.477752 POST /session/a880ccf9-282d-4356-b5e5-3a1a9f8c44ac/element [14.31576ms] ERR:404 body={"strategy":"-android uiautomator","selector":"new UiSelector().descriptionContains(\"Tiếng Anh\")...
05:35:50.492655 POST /session/a880ccf9-282d-4356-b5e5-3a1a9f8c44ac/element [14.783783ms] ERR:404 body={"strategy":"-android uiautomator","selector":"new UiSelector().textMatches(\"(?is).*\\QTiếng Anh\...
05:35:50.513409 POST /session/a880ccf9-282d-4356-b5e5-3a1a9f8c44ac/element [20.616323ms] ERR:404 body={"strategy":"-android uiautomator","selector":"new UiSelector().descriptionMatches(\"(?is).*\\QTiế...
05:35:50.529579 POST /session/a880ccf9-282d-4356-b5e5-3a1a9f8c44ac/element [15.901439ms] ERR:404 body={"strategy":"-android uiautomator","selector":"new UiSelector().textContains(\"Tiếng Anh\")"}
05:35:50.544790 POST /session/a880ccf9-282d-4356-b5e5-3a1a9f8c44ac/element [14.976737ms] ERR:404 body={"strategy":"-android uiautomator","selector":"new UiSelector().descriptionContains(\"Tiếng Anh\")...
05:35:50.561993 POST /session/a880ccf9-282d-4356-b5e5-3a1a9f8c44ac/element [17.01428ms] ERR:404 body={"strategy":"-android uiautomator","selector":"new UiSelector().textMatches(\"(?is).*\\QTiếng Anh\...
05:35:50.577883 POST /session/a880ccf9-282d-4356-b5e5-3a1a9f8c44ac/element [15.779913ms] ERR:404 body={"strategy":"-android uiautomator","selector":"new UiSelector().descriptionMatches(\"(?is).*\\QTiế...
05:35:50.594207 POST /session/a880ccf9-282d-4356-b5e5-3a1a9f8c44ac/element [16.160483ms] ERR:404 body={"strategy":"-android uiautomator","selector":"new UiSelector().textContains(\"Tiếng Anh\")"}
05:35:50.610124 POST /session/a880ccf9-282d-4356-b5e5-3a1a9f8c44ac/element [15.807887ms] ERR:404 body={"strategy":"-android uiautomator","selector":"new UiSelector().descriptionContains(\"Tiếng Anh\")...
05:35:50.626098 POST /session/a880ccf9-282d-4356-b5e5-3a1a9f8c44ac/element [15.811189ms] ERR:404 body={"strategy":"-android uiautomator","selector":"new UiSelector().textMatches(\"(?is).*\\QTiếng Anh\...
05:35:50.641670 POST /session/a880ccf9-282d-4356-b5e5-3a1a9f8c44ac/element [15.421003ms] ERR:404 body={"strategy":"-android uiautomator","selector":"new UiSelector().descriptionMatches(\"(?is).*\\QTiế...
05:35:50.658626 POST /session/a880ccf9-282d-4356-b5e5-3a1a9f8c44ac/element [16.806258ms] ERR:404 body={"strategy":"-android uiautomator","selector":"new UiSelector().textContains(\"Tiếng Anh\")"}
05:35:50.675377 POST /session/a880ccf9-282d-4356-b5e5-3a1a9f8c44ac/element [16.609841ms] ERR:404 body={"strategy":"-android uiautomator","selector":"new UiSelector().descriptionContains(\"Tiếng Anh\")...
05:35:50.691373 POST /session/a880ccf9-282d-4356-b5e5-3a1a9f8c44ac/element [15.871523ms] ERR:404 body={"strategy":"-android uiautomator","selector":"new UiSelector().textMatches(\"(?is).*\\QTiếng Anh\...
05:35:50.706780 POST /session/a880ccf9-282d-4356-b5e5-3a1a9f8c44ac/element [15.25795ms] ERR:404 body={"strategy":"-android uiautomator","selector":"new UiSelector().descriptionMatches(\"(?is).*\\QTiế...
05:35:50.721513 POST /session/a880ccf9-282d-4356-b5e5-3a1a9f8c44ac/element [14.595355ms] ERR:404 body={"strategy":"-android uiautomator","selector":"new UiSelector().textContains(\"Tiếng Anh\")"}
05:35:50.736840 POST /session/a880ccf9-282d-4356-b5e5-3a1a9f8c44ac/element [15.18644ms] ERR:404 body={"strategy":"-android uiautomator","selector":"new UiSelector().descriptionContains(\"Tiếng Anh\")...
05:35:50.751338 POST /session/a880ccf9-282d-4356-b5e5-3a1a9f8c44ac/element [14.37186ms] ERR:404 body={"strategy":"-android uiautomator","selector":"new UiSelector().textMatches(\"(?is).*\\QTiếng Anh\...
05:35:50.767179 POST /session/a880ccf9-282d-4356-b5e5-3a1a9f8c44ac/element [15.69669ms] ERR:404 body={"strategy":"-android uiautomator","selector":"new UiSelector().descriptionMatches(\"(?is).*\\QTiế...
05:35:50.788580 POST /session/a880ccf9-282d-4356-b5e5-3a1a9f8c44ac/element [21.22756ms] ERR:404 body={"strategy":"-android uiautomator","selector":"new UiSelector().textContains(\"Tiếng Anh\")"}
05:35:50.804483 POST /session/a880ccf9-282d-4356-b5e5-3a1a9f8c44ac/element [15.759515ms] ERR:404 body={"strategy":"-android uiautomator","selector":"new UiSelector().descriptionContains(\"Tiếng Anh\")...
05:35:50.818441 POST /session/a880ccf9-282d-4356-b5e5-3a1a9f8c44ac/element [13.84407ms] ERR:404 body={"strategy":"-android uiautomator","selector":"new UiSelector().textMatches(\"(?is).*\\QTiếng Anh\...
05:35:50.831969 POST /session/a880ccf9-282d-4356-b5e5-3a1a9f8c44ac/element [13.415545ms] ERR:404 body={"strategy":"-android uiautomator","selector":"new UiSelector().descriptionMatches(\"(?is).*\\QTiế...
05:35:50.845482 POST /session/a880ccf9-282d-4356-b5e5-3a1a9f8c44ac/element [13.415295ms] ERR:404 body={"strategy":"-android uiautomator","selector":"new UiSelector().textContains(\"Tiếng Anh\")"}
05:35:50.858959 POST /session/a880ccf9-282d-4356-b5e5-3a1a9f8c44ac/element [13.367568ms] ERR:404 body={"strategy":"-android uiautomator","selector":"new UiSelector().descriptionContains(\"Tiếng Anh\")...
05:35:50.873067 POST /session/a880ccf9-282d-4356-b5e5-3a1a9f8c44ac/element [13.976396ms] ERR:404 body={"strategy":"-android uiautomator","selector":"new UiSelector().textMatches(\"(?is).*\\QTiếng Anh\...
05:35:50.887702 POST /session/a880ccf9-282d-4356-b5e5-3a1a9f8c44ac/element [14.463466ms] ERR:404 body={"strategy":"-android uiautomator","selector":"new UiSelector().descriptionMatches(\"(?is).*\\QTiế...
05:35:50.902572 POST /session/a880ccf9-282d-4356-b5e5-3a1a9f8c44ac/element [14.753072ms] ERR:404 body={"strategy":"-android uiautomator","selector":"new UiSelector().textContains(\"Tiếng Anh\")"}
05:35:50.917951 POST /session/a880ccf9-282d-4356-b5e5-3a1a9f8c44ac/element [15.247028ms] ERR:404 body={"strategy":"-android uiautomator","selector":"new UiSelector().descriptionContains(\"Tiếng Anh\")...
05:35:50.934586 POST /session/a880ccf9-282d-4356-b5e5-3a1a9f8c44ac/element [16.499702ms] ERR:404 body={"strategy":"-android uiautomator","selector":"new UiSelector().textMatches(\"(?is).*\\QTiếng Anh\...
05:35:50.949680 POST /session/a880ccf9-282d-4356-b5e5-3a1a9f8c44ac/element [14.962767ms] ERR:404 body={"strategy":"-android uiautomator","selector":"new UiSelector().descriptionMatches(\"(?is).*\\QTiế...
05:35:50.964029 POST /session/a880ccf9-282d-4356-b5e5-3a1a9f8c44ac/element [14.222245ms] ERR:404 body={"strategy":"-android uiautomator","selector":"new UiSelector().textContains(\"Tiếng Anh\")"}
05:35:50.978024 POST /session/a880ccf9-282d-4356-b5e5-3a1a9f8c44ac/element [13.882636ms] ERR:404 body={"strategy":"-android uiautomator","selector":"new UiSelector().descriptionContains(\"Tiếng Anh\")...
05:35:50.992867 POST /session/a880ccf9-282d-4356-b5e5-3a1a9f8c44ac/element [14.696971ms] ERR:404 body={"strategy":"-android uiautomator","selector":"new UiSelector().textMatches(\"(?is).*\\QTiếng Anh\...
05:35:51.006809 POST /session/a880ccf9-282d-4356-b5e5-3a1a9f8c44ac/element [13.788215ms] ERR:404 body={"strategy":"-android uiautomator","selector":"new UiSelector().descriptionMatches(\"(?is).*\\QTiế...
05:35:51.021656 POST /session/a880ccf9-282d-4356-b5e5-3a1a9f8c44ac/element [14.751232ms] ERR:404 body={"strategy":"-android uiautomator","selector":"new UiSelector().textContains(\"Tiếng Anh\")"}
05:35:51.037212 POST /session/a880ccf9-282d-4356-b5e5-3a1a9f8c44ac/element [15.359197ms] ERR:404 body={"strategy":"-android uiautomator","selector":"new UiSelector().descriptionContains(\"Tiếng Anh\")...
05:35:51.054480 POST /session/a880ccf9-282d-4356-b5e5-3a1a9f8c44ac/element [17.131766ms] ERR:404 body={"strategy":"-android uiautomator","selector":"new UiSelector().textMatches(\"(?is).*\\QTiếng Anh\...
05:35:51.075159 POST /session/a880ccf9-282d-4356-b5e5-3a1a9f8c44ac/element [20.536527ms] ERR:404 body={"strategy":"-android uiautomator","selector":"new UiSelector().descriptionMatches(\"(?is).*\\QTiế...
05:35:51.089346 POST /session/a880ccf9-282d-4356-b5e5-3a1a9f8c44ac/element [14.012071ms] ERR:404 body={"strategy":"-android uiautomator","selector":"new UiSelector().textContains(\"Tiếng Anh\")"}
05:35:51.104174 POST /session/a880ccf9-282d-4356-b5e5-3a1a9f8c44ac/element [14.688347ms] ERR:404 body={"strategy":"-android uiautomator","selector":"new UiSelector().descriptionContains(\"Tiếng Anh\")...
05:35:51.118023 POST /session/a880ccf9-282d-4356-b5e5-3a1a9f8c44ac/element [13.714616ms] ERR:404 body={"strategy":"-android uiautomator","selector":"new UiSelector().textMatches(\"(?is).*\\QTiếng Anh\...
05:35:51.131712 POST /session/a880ccf9-282d-4356-b5e5-3a1a9f8c44ac/element [13.606055ms] ERR:404 body={"strategy":"-android uiautomator","selector":"new UiSelector().descriptionMatches(\"(?is).*\\QTiế...
05:35:51.145613 POST /session/a880ccf9-282d-4356-b5e5-3a1a9f8c44ac/element [13.752008ms] ERR:404 body={"strategy":"-android uiautomator","selector":"new UiSelector().textContains(\"Tiếng Anh\")"}
05:35:51.160469 POST /session/a880ccf9-282d-4356-b5e5-3a1a9f8c44ac/element [14.719774ms] ERR:404 body={"strategy":"-android uiautomator","selector":"new UiSelector().descriptionContains(\"Tiếng Anh\")...
05:35:51.175859 POST /session/a880ccf9-282d-4356-b5e5-3a1a9f8c44ac/element [15.245727ms] ERR:404 body={"strategy":"-android uiautomator","selector":"new UiSelector().textMatches(\"(?is).*\\QTiếng Anh\...
05:35:51.191931 POST /session/a880ccf9-282d-4356-b5e5-3a1a9f8c44ac/element [15.95022ms] ERR:404 body={"strategy":"-android uiautomator","selector":"new UiSelector().descriptionMatches(\"(?is).*\\QTiế...
05:35:51.206152 POST /session/a880ccf9-282d-4356-b5e5-3a1a9f8c44ac/element [14.081735ms] ERR:404 body={"strategy":"-android uiautomator","selector":"new UiSelector().textContains(\"Tiếng Anh\")"}
05:35:51.221813 POST /session/a880ccf9-282d-4356-b5e5-3a1a9f8c44ac/element [15.509774ms] ERR:404 body={"strategy":"-android uiautomator","selector":"new UiSelector().descriptionContains(\"Tiếng Anh\")...
05:35:51.238331 POST /session/a880ccf9-282d-4356-b5e5-3a1a9f8c44ac/element [16.330752ms] ERR:404 body={"strategy":"-android uiautomator","selector":"new UiSelector().textMatches(\"(?is).*\\QTiếng Anh\...
05:35:51.253899 POST /session/a880ccf9-282d-4356-b5e5-3a1a9f8c44ac/element [15.411252ms] ERR:404 body={"strategy":"-android uiautomator","selector":"new UiSelector().descriptionMatches(\"(?is).*\\QTiế...
05:35:51.270013 POST /session/a880ccf9-282d-4356-b5e5-3a1a9f8c44ac/element [15.977873ms] ERR:404 body={"strategy":"-android uiautomator","selector":"new UiSelector().textContains(\"Tiếng Anh\")"}
05:35:51.286055 POST /session/a880ccf9-282d-4356-b5e5-3a1a9f8c44ac/element [15.903317ms] ERR:404 body={"strategy":"-android uiautomator","selector":"new UiSelector().descriptionContains(\"Tiếng Anh\")...
05:35:51.301325 POST /session/a880ccf9-282d-4356-b5e5-3a1a9f8c44ac/element [15.122433ms] ERR:404 body={"strategy":"-android uiautomator","selector":"new UiSelector().textMatches(\"(?is).*\\QTiếng Anh\...
05:35:51.317062 POST /session/a880ccf9-282d-4356-b5e5-3a1a9f8c44ac/element [15.598417ms] ERR:404 body={"strategy":"-android uiautomator","selector":"new UiSelector().descriptionMatches(\"(?is).*\\QTiế...
05:35:51.340614 POST /session/a880ccf9-282d-4356-b5e5-3a1a9f8c44ac/element [23.402776ms] ERR:404 body={"strategy":"-android uiautomator","selector":"new UiSelector().textContains(\"Tiếng Anh\")"}
05:35:51.355040 POST /session/a880ccf9-282d-4356-b5e5-3a1a9f8c44ac/element [14.283334ms] ERR:404 body={"strategy":"-android uiautomator","selector":"new UiSelector().descriptionContains(\"Tiếng Anh\")...
05:35:51.369070 POST /session/a880ccf9-282d-4356-b5e5-3a1a9f8c44ac/element [13.88188ms] ERR:404 body={"strategy":"-android uiautomator","selector":"new UiSelector().textMatches(\"(?is).*\\QTiếng Anh\...
05:35:51.384588 POST /session/a880ccf9-282d-4356-b5e5-3a1a9f8c44ac/element [15.330099ms] ERR:404 body={"strategy":"-android uiautomator","selector":"new UiSelector().descriptionMatches(\"(?is).*\\QTiế...
05:35:51.399499 POST /session/a880ccf9-282d-4356-b5e5-3a1a9f8c44ac/element [14.784534ms] ERR:404 body={"strategy":"-android uiautomator","selector":"new UiSelector().textContains(\"Tiếng Anh\")"}
05:35:51.414010 POST /session/a880ccf9-282d-4356-b5e5-3a1a9f8c44ac/element [14.362787ms] ERR:404 body={"strategy":"-android uiautomator","selector":"new UiSelector().descriptionContains(\"Tiếng Anh\")...
05:35:51.430490 POST /session/a880ccf9-282d-4356-b5e5-3a1a9f8c44ac/element [16.356353ms] ERR:404 body={"strategy":"-android uiautomator","selector":"new UiSelector().textMatches(\"(?is).*\\QTiếng Anh\...
05:35:51.444867 POST /session/a880ccf9-282d-4356-b5e5-3a1a9f8c44ac/element [14.243142ms] ERR:404 body={"strategy":"-android uiautomator","selector":"new UiSelector().descriptionMatches(\"(?is).*\\QTiế...
05:35:51.458587 POST /session/a880ccf9-282d-4356-b5e5-3a1a9f8c44ac/element [13.594947ms] ERR:404 body={"strategy":"-android uiautomator","selector":"new UiSelector().textContains(\"Tiếng Anh\")"}
05:35:51.473026 POST /session/a880ccf9-282d-4356-b5e5-3a1a9f8c44ac/element [14.317032ms] ERR:404 body={"strategy":"-android uiautomator","selector":"new UiSelector().descriptionContains(\"Tiếng Anh\")...
05:35:51.488167 POST /session/a880ccf9-282d-4356-b5e5-3a1a9f8c44ac/element [15.015524ms] ERR:404 body={"strategy":"-android uiautomator","selector":"new UiSelector().textMatches(\"(?is).*\\QTiếng Anh\...
05:35:51.502143 POST /session/a880ccf9-282d-4356-b5e5-3a1a9f8c44ac/element [13.837797ms] ERR:404 body={"strategy":"-android uiautomator","selector":"new UiSelector().descriptionMatches(\"(?is).*\\QTiế...
05:35:51.516631 POST /session/a880ccf9-282d-4356-b5e5-3a1a9f8c44ac/element [14.327284ms] ERR:404 body={"strategy":"-android uiautomator","selector":"new UiSelector().textContains(\"Tiếng Anh\")"}
05:35:51.530405 POST /session/a880ccf9-282d-4356-b5e5-3a1a9f8c44ac/element [13.636762ms] ERR:404 body={"strategy":"-android uiautomator","selector":"new UiSelector().descriptionContains(\"Tiếng Anh\")...
05:35:51.544641 POST /session/a880ccf9-282d-4356-b5e5-3a1a9f8c44ac/element [14.109751ms] ERR:404 body={"strategy":"-android uiautomator","selector":"new UiSelector().textMatches(\"(?is).*\\QTiếng Anh\...
05:35:51.558852 POST /session/a880ccf9-282d-4356-b5e5-3a1a9f8c44ac/element [14.082023ms] ERR:404 body={"strategy":"-android uiautomator","selector":"new UiSelector().descriptionMatches(\"(?is).*\\QTiế...
05:35:51.573017 POST /session/a880ccf9-282d-4356-b5e5-3a1a9f8c44ac/element [14.029798ms] ERR:404 body={"strategy":"-android uiautomator","selector":"new UiSelector().textContains(\"Tiếng Anh\")"}
05:35:51.588674 POST /session/a880ccf9-282d-4356-b5e5-3a1a9f8c44ac/element [15.54853ms] ERR:404 body={"strategy":"-android uiautomator","selector":"new UiSelector().descriptionContains(\"Tiếng Anh\")...
05:35:51.602925 POST /session/a880ccf9-282d-4356-b5e5-3a1a9f8c44ac/element [14.122208ms] ERR:404 body={"strategy":"-android uiautomator","selector":"new UiSelector().textMatches(\"(?is).*\\QTiếng Anh\...
05:35:51.619581 POST /session/a880ccf9-282d-4356-b5e5-3a1a9f8c44ac/element [16.538989ms] ERR:404 body={"strategy":"-android uiautomator","selector":"new UiSelector().descriptionMatches(\"(?is).*\\QTiế...
05:35:51.634057 POST /session/a880ccf9-282d-4356-b5e5-3a1a9f8c44ac/element [14.338813ms] ERR:404 body={"strategy":"-android uiautomator","selector":"new UiSelector().textContains(\"Tiếng Anh\")"}
05:35:51.647990 POST /session/a880ccf9-282d-4356-b5e5-3a1a9f8c44ac/element [13.801332ms] ERR:404 body={"strategy":"-android uiautomator","selector":"new UiSelector().descriptionContains(\"Tiếng Anh\")...
05:35:51.661846 POST /session/a880ccf9-282d-4356-b5e5-3a1a9f8c44ac/element [13.719992ms] ERR:404 body={"strategy":"-android uiautomator","selector":"new UiSelector().textMatches(\"(?is).*\\QTiếng Anh\...
05:35:51.675505 POST /session/a880ccf9-282d-4356-b5e5-3a1a9f8c44ac/element [13.511048ms] ERR:404 body={"strategy":"-android uiautomator","selector":"new UiSelector().descriptionMatches(\"(?is).*\\QTiế...
05:35:51.690991 POST /session/a880ccf9-282d-4356-b5e5-3a1a9f8c44ac/element [15.376801ms] ERR:404 body={"strategy":"-android uiautomator","selector":"new UiSelector().textContains(\"Tiếng Anh\")"}
05:35:51.706488 POST /session/a880ccf9-282d-4356-b5e5-3a1a9f8c44ac/element [15.398681ms] ERR:404 body={"strategy":"-android uiautomator","selector":"new UiSelector().descriptionContains(\"Tiếng Anh\")...
05:35:51.722725 POST /session/a880ccf9-282d-4356-b5e5-3a1a9f8c44ac/element [15.946586ms] ERR:404 body={"strategy":"-android uiautomator","selector":"new UiSelector().textMatches(\"(?is).*\\QTiếng Anh\...
05:35:51.736301 POST /session/a880ccf9-282d-4356-b5e5-3a1a9f8c44ac/element [13.433952ms] ERR:404 body={"strategy":"-android uiautomator","selector":"new UiSelector().descriptionMatches(\"(?is).*\\QTiế...
05:35:51.749183 POST /session/a880ccf9-282d-4356-b5e5-3a1a9f8c44ac/element [12.794922ms] ERR:404 body={"strategy":"-android uiautomator","selector":"new UiSelector().textContains(\"Tiếng Anh\")"}
05:35:51.762424 POST /session/a880ccf9-282d-4356-b5e5-3a1a9f8c44ac/element [13.106013ms] ERR:404 body={"strategy":"-android uiautomator","selector":"new UiSelector().descriptionContains(\"Tiếng Anh\")...
05:35:51.775272 POST /session/a880ccf9-282d-4356-b5e5-3a1a9f8c44ac/element [12.764573ms] ERR:404 body={"strategy":"-android uiautomator","selector":"new UiSelector().textMatches(\"(?is).*\\QTiếng Anh\...
05:35:51.788022 POST /session/a880ccf9-282d-4356-b5e5-3a1a9f8c44ac/element [12.665284ms] ERR:404 body={"strategy":"-android uiautomator","selector":"new UiSelector().descriptionMatches(\"(?is).*\\QTiế...
05:35:51.802112 POST /session/a880ccf9-282d-4356-b5e5-3a1a9f8c44ac/element [13.995258ms] ERR:404 body={"strategy":"-android uiautomator","selector":"new UiSelector().textContains(\"Tiếng Anh\")"}
05:35:51.815621 POST /session/a880ccf9-282d-4356-b5e5-3a1a9f8c44ac/element [13.340137ms] ERR:404 body={"strategy":"-android uiautomator","selector":"new UiSelector().descriptionContains(\"Tiếng Anh\")...
05:35:51.828955 POST /session/a880ccf9-282d-4356-b5e5-3a1a9f8c44ac/element [13.183258ms] ERR:404 body={"strategy":"-android uiautomator","selector":"new UiSelector().textMatches(\"(?is).*\\QTiếng Anh\...
05:35:51.844851 POST /session/a880ccf9-282d-4356-b5e5-3a1a9f8c44ac/element [15.77123ms] ERR:404 body={"strategy":"-android uiautomator","selector":"new UiSelector().descriptionMatches(\"(?is).*\\QTiế...
05:35:51.859333 POST /session/a880ccf9-282d-4356-b5e5-3a1a9f8c44ac/element [14.381934ms] ERR:404 body={"strategy":"-android uiautomator","selector":"new UiSelector().textContains(\"Tiếng Anh\")"}
05:35:51.877208 POST /session/a880ccf9-282d-4356-b5e5-3a1a9f8c44ac/element [17.698697ms] ERR:404 body={"strategy":"-android uiautomator","selector":"new UiSelector().descriptionContains(\"Tiếng Anh\")...
05:35:51.893575 POST /session/a880ccf9-282d-4356-b5e5-3a1a9f8c44ac/element [16.242516ms] ERR:404 body={"strategy":"-android uiautomator","selector":"new UiSelector().textMatches(\"(?is).*\\QTiếng Anh\...
05:35:51.908583 POST /session/a880ccf9-282d-4356-b5e5-3a1a9f8c44ac/element [14.856799ms] ERR:404 body={"strategy":"-android uiautomator","selector":"new UiSelector().descriptionMatches(\"(?is).*\\QTiế...
05:35:51.925079 POST /session/a880ccf9-282d-4356-b5e5-3a1a9f8c44ac/element [16.352947ms] ERR:404 body={"strategy":"-android uiautomator","selector":"new UiSelector().textContains(\"Tiếng Anh\")"}
05:35:51.942044 POST /session/a880ccf9-282d-4356-b5e5-3a1a9f8c44ac/element [16.834101ms] ERR:404 body={"strategy":"-android uiautomator","selector":"new UiSelector().descriptionContains(\"Tiếng Anh\")...
05:35:51.957771 POST /session/a880ccf9-282d-4356-b5e5-3a1a9f8c44ac/element [15.58145ms] ERR:404 body={"strategy":"-android uiautomator","selector":"new UiSelector().textMatches(\"(?is).*\\QTiếng Anh\...
05:35:51.972024 POST /session/a880ccf9-282d-4356-b5e5-3a1a9f8c44ac/element [14.128796ms] ERR:404 body={"strategy":"-android uiautomator","selector":"new UiSelector().descriptionMatches(\"(?is).*\\QTiế...
05:35:51.987282 POST /session/a880ccf9-282d-4356-b5e5-3a1a9f8c44ac/element [15.125279ms] ERR:404 body={"strategy":"-android uiautomator","selector":"new UiSelector().textContains(\"Tiếng Anh\")"}
05:35:52.000241 POST /session/a880ccf9-282d-4356-b5e5-3a1a9f8c44ac/element [12.839715ms] ERR:404 body={"strategy":"-android uiautomator","selector":"new UiSelector().descriptionContains(\"Tiếng Anh\")...
05:35:52.014940 POST /session/a880ccf9-282d-4356-b5e5-3a1a9f8c44ac/element [14.547963ms] ERR:404 body={"strategy":"-android uiautomator","selector":"new UiSelector().textMatches(\"(?is).*\\QTiếng Anh\...
05:35:52.029031 POST /session/a880ccf9-282d-4356-b5e5-3a1a9f8c44ac/element [13.962992ms] ERR:404 body={"strategy":"-android uiautomator","selector":"new UiSelector().descriptionMatches(\"(?is).*\\QTiế...
05:35:52.043113 POST /session/a880ccf9-282d-4356-b5e5-3a1a9f8c44ac/element [13.918199ms] ERR:404 body={"strategy":"-android uiautomator","selector":"new UiSelector().textContains(\"Tiếng Anh\")"}
05:35:52.055576 POST /session/a880ccf9-282d-4356-b5e5-3a1a9f8c44ac/element [12.357192ms] ERR:404 body={"strategy":"-android uiautomator","selector":"new UiSelector().descriptionContains(\"Tiếng Anh\")...
05:35:52.068564 POST /session/a880ccf9-282d-4356-b5e5-3a1a9f8c44ac/element [12.867216ms] ERR:404 body={"strategy":"-android uiautomator","selector":"new UiSelector().textMatches(\"(?is).*\\QTiếng Anh\...
05:35:52.082288 POST /session/a880ccf9-282d-4356-b5e5-3a1a9f8c44ac/element [13.583671ms] ERR:404 body={"strategy":"-android uiautomator","selector":"new UiSelector().descriptionMatches(\"(?is).*\\QTiế...
05:35:52.097309 POST /session/a880ccf9-282d-4356-b5e5-3a1a9f8c44ac/element [14.898966ms] ERR:404 body={"strategy":"-android uiautomator","selector":"new UiSelector().textContains(\"Tiếng Anh\")"}
05:35:52.112922 POST /session/a880ccf9-282d-4356-b5e5-3a1a9f8c44ac/element [15.480925ms] ERR:404 body={"strategy":"-android uiautomator","selector":"new UiSelector().descriptionContains(\"Tiếng Anh\")...
05:35:52.129362 POST /session/a880ccf9-282d-4356-b5e5-3a1a9f8c44ac/element [16.317306ms] ERR:404 body={"strategy":"-android uiautomator","selector":"new UiSelector().textMatches(\"(?is).*\\QTiếng Anh\...
05:35:52.151336 POST /session/a880ccf9-282d-4356-b5e5-3a1a9f8c44ac/element [21.817811ms] ERR:404 body={"strategy":"-android uiautomator","selector":"new UiSelector().descriptionMatches(\"(?is).*\\QTiế...
05:35:52.166682 POST /session/a880ccf9-282d-4356-b5e5-3a1a9f8c44ac/element [15.199249ms] ERR:404 body={"strategy":"-android uiautomator","selector":"new UiSelector().textContains(\"Tiếng Anh\")"}
05:35:52.180710 POST /session/a880ccf9-282d-4356-b5e5-3a1a9f8c44ac/element [13.885831ms] ERR:404 body={"strategy":"-android uiautomator","selector":"new UiSelector().descriptionContains(\"Tiếng Anh\")...
05:35:52.195066 POST /session/a880ccf9-282d-4356-b5e5-3a1a9f8c44ac/element [14.228994ms] ERR:404 body={"strategy":"-android uiautomator","selector":"new UiSelector().textMatches(\"(?is).*\\QTiếng Anh\...
05:35:52.208590 POST /session/a880ccf9-282d-4356-b5e5-3a1a9f8c44ac/element [13.390603ms] ERR:404 body={"strategy":"-android uiautomator","selector":"new UiSelector().descriptionMatches(\"(?is).*\\QTiế...
05:35:52.222648 POST /session/a880ccf9-282d-4356-b5e5-3a1a9f8c44ac/element [13.926714ms] ERR:404 body={"strategy":"-android uiautomator","selector":"new UiSelector().textContains(\"Tiếng Anh\")"}
05:35:52.237116 POST /session/a880ccf9-282d-4356-b5e5-3a1a9f8c44ac/element [14.338618ms] ERR:404 body={"strategy":"-android uiautomator","selector":"new UiSelector().descriptionContains(\"Tiếng Anh\")...
05:35:52.252428 POST /session/a880ccf9-282d-4356-b5e5-3a1a9f8c44ac/element [15.153127ms] ERR:404 body={"strategy":"-android uiautomator","selector":"new UiSelector().textMatches(\"(?is).*\\QTiếng Anh\...
05:35:52.266955 POST /session/a880ccf9-282d-4356-b5e5-3a1a9f8c44ac/element [14.357627ms] ERR:404 body={"strategy":"-android uiautomator","selector":"new UiSelector().descriptionMatches(\"(?is).*\\QTiế...
05:35:52.280796 POST /session/a880ccf9-282d-4356-b5e5-3a1a9f8c44ac/element [13.675736ms] ERR:404 body={"strategy":"-android uiautomator","selector":"new UiSelector().textContains(\"Tiếng Anh\")"}
05:35:52.294660 POST /session/a880ccf9-282d-4356-b5e5-3a1a9f8c44ac/element [13.741395ms] ERR:404 body={"strategy":"-android uiautomator","selector":"new UiSelector().descriptionContains(\"Tiếng Anh\")...
05:35:52.310926 POST /session/a880ccf9-282d-4356-b5e5-3a1a9f8c44ac/element [16.110584ms] ERR:404 body={"strategy":"-android uiautomator","selector":"new UiSelector().textMatches(\"(?is).*\\QTiếng Anh\...
05:35:52.327162 POST /session/a880ccf9-282d-4356-b5e5-3a1a9f8c44ac/element [16.107694ms] ERR:404 body={"strategy":"-android uiautomator","selector":"new UiSelector().descriptionMatches(\"(?is).*\\QTiế...
05:35:52.343294 POST /session/a880ccf9-282d-4356-b5e5-3a1a9f8c44ac/element [15.965048ms] ERR:404 body={"strategy":"-android uiautomator","selector":"new UiSelector().textContains(\"Tiếng Anh\")"}
05:35:52.358926 POST /session/a880ccf9-282d-4356-b5e5-3a1a9f8c44ac/element [15.518435ms] ERR:404 body={"strategy":"-android uiautomator","selector":"new UiSelector().descriptionContains(\"Tiếng Anh\")...
05:35:52.375743 POST /session/a880ccf9-282d-4356-b5e5-3a1a9f8c44ac/element [16.697545ms] ERR:404 body={"strategy":"-android uiautomator","selector":"new UiSelector().textMatches(\"(?is).*\\QTiếng Anh\...
05:35:52.389740 POST /session/a880ccf9-282d-4356-b5e5-3a1a9f8c44ac/element [13.845571ms] ERR:404 body={"strategy":"-android uiautomator","selector":"new UiSelector().descriptionMatches(\"(?is).*\\QTiế...
05:35:52.414903 POST /session/a880ccf9-282d-4356-b5e5-3a1a9f8c44ac/element [25.017494ms] ERR:404 body={"strategy":"-android uiautomator","selector":"new UiSelector().textContains(\"Tiếng Anh\")"}
05:35:52.432035 POST /session/a880ccf9-282d-4356-b5e5-3a1a9f8c44ac/element [16.99503ms] ERR:404 body={"strategy":"-android uiautomator","selector":"new UiSelector().descriptionContains(\"Tiếng Anh\")...
05:35:52.456260 POST /session/a880ccf9-282d-4356-b5e5-3a1a9f8c44ac/element [24.039208ms] ERR:404 body={"strategy":"-android uiautomator","selector":"new UiSelector().textMatches(\"(?is).*\\QTiếng Anh\...
05:35:52.471332 POST /session/a880ccf9-282d-4356-b5e5-3a1a9f8c44ac/element [14.94329ms] ERR:404 body={"strategy":"-android uiautomator","selector":"new UiSelector().descriptionMatches(\"(?is).*\\QTiế...
05:35:52.499402 POST /session/a880ccf9-282d-4356-b5e5-3a1a9f8c44ac/element [27.936563ms] ERR:404 body={"strategy":"-android uiautomator","selector":"new UiSelector().textContains(\"Tiếng Anh\")"}
05:35:52.519943 POST /session/a880ccf9-282d-4356-b5e5-3a1a9f8c44ac/element [20.409094ms] ERR:404 body={"strategy":"-android uiautomator","selector":"new UiSelector().descriptionContains(\"Tiếng Anh\")...
05:35:52.540651 POST /session/a880ccf9-282d-4356-b5e5-3a1a9f8c44ac/element [20.603269ms] ERR:404 body={"strategy":"-android uiautomator","selector":"new UiSelector().textMatches(\"(?is).*\\QTiếng Anh\...
05:35:52.554498 POST /session/a880ccf9-282d-4356-b5e5-3a1a9f8c44ac/element [13.712139ms] ERR:404 body={"strategy":"-android uiautomator","selector":"new UiSelector().descriptionMatches(\"(?is).*\\QTiế...
05:35:52.574336 POST /session/a880ccf9-282d-4356-b5e5-3a1a9f8c44ac/element [19.721039ms] ERR:404 body={"strategy":"-android uiautomator","selector":"new UiSelector().textContains(\"Tiếng Anh\")"}
05:35:52.590844 POST /session/a880ccf9-282d-4356-b5e5-3a1a9f8c44ac/element [16.37618ms] ERR:404 body={"strategy":"-android uiautomator","selector":"new UiSelector().descriptionContains(\"Tiếng Anh\")...
05:35:52.610096 POST /session/a880ccf9-282d-4356-b5e5-3a1a9f8c44ac/element [19.122816ms] ERR:404 body={"strategy":"-android uiautomator","selector":"new UiSelector().textMatches(\"(?is).*\\QTiếng Anh\...
05:35:52.625689 POST /session/a880ccf9-282d-4356-b5e5-3a1a9f8c44ac/element [15.437607ms] ERR:404 body={"strategy":"-android uiautomator","selector":"new UiSelector().descriptionMatches(\"(?is).*\\QTiế...
05:35:52.641479 POST /session/a880ccf9-282d-4356-b5e5-3a1a9f8c44ac/element [15.657594ms] ERR:404 body={"strategy":"-android uiautomator","selector":"new UiSelector().textContains(\"Tiếng Anh\")"}
05:35:52.658128 POST /session/a880ccf9-282d-4356-b5e5-3a1a9f8c44ac/element [16.5235ms] ERR:404 body={"strategy":"-android uiautomator","selector":"new UiSelector().descriptionContains(\"Tiếng Anh\")...
05:35:52.679957 POST /session/a880ccf9-282d-4356-b5e5-3a1a9f8c44ac/element [21.6831ms] ERR:404 body={"strategy":"-android uiautomator","selector":"new UiSelector().textMatches(\"(?is).*\\QTiếng Anh\...
05:35:52.704315 POST /session/a880ccf9-282d-4356-b5e5-3a1a9f8c44ac/element [24.212231ms] ERR:404 body={"strategy":"-android uiautomator","selector":"new UiSelector().descriptionMatches(\"(?is).*\\QTiế...
05:35:52.719750 POST /session/a880ccf9-282d-4356-b5e5-3a1a9f8c44ac/element [15.315986ms] ERR:404 body={"strategy":"-android uiautomator","selector":"new UiSelector().textContains(\"Tiếng Anh\")"}
05:35:52.736367 POST /session/a880ccf9-282d-4356-b5e5-3a1a9f8c44ac/element [16.476939ms] ERR:404 body={"strategy":"-android uiautomator","selector":"new UiSelector().descriptionContains(\"Tiếng Anh\")...
05:35:52.751569 POST /session/a880ccf9-282d-4356-b5e5-3a1a9f8c44ac/element [15.066892ms] ERR:404 body={"strategy":"-android uiautomator","selector":"new UiSelector().textMatches(\"(?is).*\\QTiếng Anh\...
05:35:52.768092 POST /session/a880ccf9-282d-4356-b5e5-3a1a9f8c44ac/element [16.388734ms] ERR:404 body={"strategy":"-android uiautomator","selector":"new UiSelector().descriptionMatches(\"(?is).*\\QTiế...
05:35:52.786064 POST /session/a880ccf9-282d-4356-b5e5-3a1a9f8c44ac/element [17.826041ms] ERR:404 body={"strategy":"-android uiautomator","selector":"new UiSelector().textContains(\"Tiếng Anh\")"}
05:35:52.805513 POST /session/a880ccf9-282d-4356-b5e5-3a1a9f8c44ac/element [19.312156ms] ERR:404 body={"strategy":"-android uiautomator","selector":"new UiSelector().descriptionContains(\"Tiếng Anh\")...
05:35:52.824546 POST /session/a880ccf9-282d-4356-b5e5-3a1a9f8c44ac/element [18.892011ms] ERR:404 body={"strategy":"-android uiautomator","selector":"new UiSelector().textMatches(\"(?is).*\\QTiếng Anh\...
05:35:52.844174 POST /session/a880ccf9-282d-4356-b5e5-3a1a9f8c44ac/element [19.466583ms] ERR:404 body={"strategy":"-android uiautomator","selector":"new UiSelector().descriptionMatches(\"(?is).*\\QTiế...
05:35:52.860647 POST /session/a880ccf9-282d-4356-b5e5-3a1a9f8c44ac/element [16.320933ms] ERR:404 body={"strategy":"-android uiautomator","selector":"new UiSelector().textContains(\"Tiếng Anh\")"}
05:35:52.887034 POST /session/a880ccf9-282d-4356-b5e5-3a1a9f8c44ac/element [26.265664ms] ERR:404 body={"strategy":"-android uiautomator","selector":"new UiSelector().descriptionContains(\"Tiếng Anh\")...
05:35:52.901985 POST /session/a880ccf9-282d-4356-b5e5-3a1a9f8c44ac/element [14.820339ms] ERR:404 body={"strategy":"-android uiautomator","selector":"new UiSelector().textMatches(\"(?is).*\\QTiếng Anh\...
05:35:52.919634 POST /session/a880ccf9-282d-4356-b5e5-3a1a9f8c44ac/element [17.499552ms] ERR:404 body={"strategy":"-android uiautomator","selector":"new UiSelector().descriptionMatches(\"(?is).*\\QTiế...
05:35:52.940615 POST /session/a880ccf9-282d-4356-b5e5-3a1a9f8c44ac/element [20.838284ms] ERR:404 body={"strategy":"-android uiautomator","selector":"new UiSelector().textContains(\"Tiếng Anh\")"}
05:35:52.956394 POST /session/a880ccf9-282d-4356-b5e5-3a1a9f8c44ac/element [15.623601ms] ERR:404 body={"strategy":"-android uiautomator","selector":"new UiSelector().descriptionContains(\"Tiếng Anh\")...
05:35:52.981841 POST /session/a880ccf9-282d-4356-b5e5-3a1a9f8c44ac/element [25.316842ms] ERR:404 body={"strategy":"-android uiautomator","selector":"new UiSelector().textMatches(\"(?is).*\\QTiếng Anh\...
05:35:52.999330 POST /session/a880ccf9-282d-4356-b5e5-3a1a9f8c44ac/element [17.340215ms] ERR:404 body={"strategy":"-android uiautomator","selector":"new UiSelector().descriptionMatches(\"(?is).*\\QTiế...
05:35:53.015106 POST /session/a880ccf9-282d-4356-b5e5-3a1a9f8c44ac/element [15.638176ms] ERR:404 body={"strategy":"-android uiautomator","selector":"new UiSelector().textContains(\"Tiếng Anh\")"}
05:35:53.034017 POST /session/a880ccf9-282d-4356-b5e5-3a1a9f8c44ac/element [18.75593ms] ERR:404 body={"strategy":"-android uiautomator","selector":"new UiSelector().descriptionContains(\"Tiếng Anh\")...
05:35:53.050651 POST /session/a880ccf9-282d-4356-b5e5-3a1a9f8c44ac/element [16.494356ms] ERR:404 body={"strategy":"-android uiautomator","selector":"new UiSelector().textMatches(\"(?is).*\\QTiếng Anh\...
05:35:53.066964 POST /session/a880ccf9-282d-4356-b5e5-3a1a9f8c44ac/element [16.157457ms] ERR:404 body={"strategy":"-android uiautomator","selector":"new UiSelector().descriptionMatches(\"(?is).*\\QTiế...
05:35:53.166595 GET /session/a880ccf9-282d-4356-b5e5-3a1a9f8c44ac/source [98.589894ms] OK body=
05:35:53.193855 POST /session/a880ccf9-282d-4356-b5e5-3a1a9f8c44ac/element [22.968477ms] OK body={"strategy":"-android uiautomator","selector":"new UiSelector().resourceIdMatches(\".*active-speakin...
05:35:53.206786 GET /session/a880ccf9-282d-4356-b5e5-3a1a9f8c44ac/element/00000000-0000-0010-ffff-ffff000001e0/text [12.829456ms] OK body=
05:35:53.219476 GET /session/a880ccf9-282d-4356-b5e5-3a1a9f8c44ac/element/00000000-0000-0010-ffff-ffff000001e0/rect [12.618422ms] OK body=
05:35:53.250312 POST /session/a880ccf9-282d-4356-b5e5-3a1a9f8c44ac/element/00000000-0000-0010-ffff-ffff000001e0/click [30.756697ms] OK body=
05:35:53.342411 POST /session/a880ccf9-282d-4356-b5e5-3a1a9f8c44ac/element [91.07677ms] OK body={"strategy":"-android uiautomator","selector":"new UiSelector().resourceIdMatches(\".*cooking-next-b...
05:35:53.768679 GET /session/a880ccf9-282d-4356-b5e5-3a1a9f8c44ac/element/00000000-0000-0010-ffff-ffff000001e4/text [426.15299ms] OK body=
05:35:53.783838 GET /session/a880ccf9-282d-4356-b5e5-3a1a9f8c44ac/element/00000000-0000-0010-ffff-ffff000001e4/rect [15.08241ms] OK body=
05:35:53.816316 POST /session/a880ccf9-282d-4356-b5e5-3a1a9f8c44ac/element/00000000-0000-0010-ffff-ffff000001e4/click [32.396166ms] OK body=
05:35:53.840237 POST /session/a880ccf9-282d-4356-b5e5-3a1a9f8c44ac/element [22.759407ms] OK body={"strategy":"-android uiautomator","selector":"new UiSelector().resourceIdMatches(\".*cooking-back-b...
05:35:53.850173 GET /session/a880ccf9-282d-4356-b5e5-3a1a9f8c44ac/element/00000000-0000-0010-ffff-ffff000001e3/text [9.854927ms] OK body=
05:35:53.863568 GET /session/a880ccf9-282d-4356-b5e5-3a1a9f8c44ac/element/00000000-0000-0010-ffff-ffff000001e3/rect [13.306025ms] OK body=
05:35:53.902281 POST /session/a880ccf9-282d-4356-b5e5-3a1a9f8c44ac/element/00000000-0000-0010-ffff-ffff000001e3/click [38.632521ms] OK body=
05:35:59.391018 POST /session/a880ccf9-282d-4356-b5e5-3a1a9f8c44ac/appium/device/launch_app [3.211424ms] ERR:404 body={"appId":"com.tastopia.app"}
05:36:02.419278 POST /session/a880ccf9-282d-4356-b5e5-3a1a9f8c44ac/element [1.118711441s] OK body={"strategy":"-android uiautomator","selector":"new UiSelector().resourceIdMatches(\".*MENU.*\")"}
05:36:03.307281 GET /session/a880ccf9-282d-4356-b5e5-3a1a9f8c44ac/element/00000000-0000-0012-ffff-ffff0000006f/text [887.914838ms] OK body=
05:36:04.858760 GET /session/a880ccf9-282d-4356-b5e5-3a1a9f8c44ac/element/00000000-0000-0012-ffff-ffff0000006f/rect [1.551402402s] OK body=
05:36:04.890857 POST /session/a880ccf9-282d-4356-b5e5-3a1a9f8c44ac/element [31.696021ms] ERR:404 body={"strategy":"-android uiautomator","selector":"new UiSelector().resourceIdMatches(\".*MENU.*\").clic...
05:36:04.921648 POST /session/a880ccf9-282d-4356-b5e5-3a1a9f8c44ac/element [30.65944ms] OK body={"strategy":"-android uiautomator","selector":"new UiSelector().resourceIdMatches(\".*MENU.*\")"}
05:36:04.936147 GET /session/a880ccf9-282d-4356-b5e5-3a1a9f8c44ac/element/00000000-0000-0012-ffff-ffff0000006f/text [14.42803ms] OK body=
05:36:04.948936 GET /session/a880ccf9-282d-4356-b5e5-3a1a9f8c44ac/element/00000000-0000-0012-ffff-ffff0000006f/rect [12.667443ms] OK body=
05:36:04.980995 POST /session/a880ccf9-282d-4356-b5e5-3a1a9f8c44ac/element/00000000-0000-0012-ffff-ffff0000006f/click [31.970444ms] OK body=
05:36:04.992363 POST /session/a880ccf9-282d-4356-b5e5-3a1a9f8c44ac/appium/device/hide_keyboard [11.223679ms] ERR:404 body=
05:36:05.155831 POST /session/a880ccf9-282d-4356-b5e5-3a1a9f8c44ac/element [163.102704ms] ERR:404 body={"strategy":"-android uiautomator","selector":"new UiSelector().textContains(\"History\")"}
05:36:05.195176 POST /session/a880ccf9-282d-4356-b5e5-3a1a9f8c44ac/element [39.208034ms] ERR:404 body={"strategy":"-android uiautomator","selector":"new UiSelector().descriptionContains(\"History\")"}
05:36:05.220550 POST /session/a880ccf9-282d-4356-b5e5-3a1a9f8c44ac/element [25.191496ms] ERR:404 body={"strategy":"-android uiautomator","selector":"new UiSelector().textMatches(\"(?is).*\\QHistory\\E.*...
05:36:05.251403 POST /session/a880ccf9-282d-4356-b5e5-3a1a9f8c44ac/element [30.713978ms] ERR:404 body={"strategy":"-android uiautomator","selector":"new UiSelector().descriptionMatches(\"(?is).*\\QHisto...
05:36:05.279280 POST /session/a880ccf9-282d-4356-b5e5-3a1a9f8c44ac/element [27.719413ms] ERR:404 body={"strategy":"-android uiautomator","selector":"new UiSelector().textContains(\"History\")"}
05:36:05.466302 POST /session/a880ccf9-282d-4356-b5e5-3a1a9f8c44ac/element [186.903423ms] ERR:404 body={"strategy":"-android uiautomator","selector":"new UiSelector().descriptionContains(\"History\")"}
05:36:06.364575 POST /session/a880ccf9-282d-4356-b5e5-3a1a9f8c44ac/element [898.162587ms] OK body={"strategy":"-android uiautomator","selector":"new UiSelector().textMatches(\"(?is).*\\QHistory\\E.*...
05:36:06.522943 POST /session/a880ccf9-282d-4356-b5e5-3a1a9f8c44ac/element [158.037653ms] OK body={"strategy":"-android uiautomator","selector":"new UiSelector().resourceIdMatches(\".*menu-logout-bu...
05:36:06.544219 GET /session/a880ccf9-282d-4356-b5e5-3a1a9f8c44ac/element/00000000-0000-0012-ffff-ffff000000c8/text [21.164644ms] OK body=
05:36:06.558312 GET /session/a880ccf9-282d-4356-b5e5-3a1a9f8c44ac/element/00000000-0000-0012-ffff-ffff000000c8/rect [14.008228ms] OK body=
05:36:06.591901 POST /session/a880ccf9-282d-4356-b5e5-3a1a9f8c44ac/element/00000000-0000-0012-ffff-ffff000000c8/click [33.501655ms] OK body=
05:36:06.637162 POST /session/a880ccf9-282d-4356-b5e5-3a1a9f8c44ac/element [44.947229ms] ERR:404 body={"strategy":"-android uiautomator","selector":"new UiSelector().textContains(\"Welcome to\")"}
05:36:06.672967 POST /session/a880ccf9-282d-4356-b5e5-3a1a9f8c44ac/element [35.630537ms] ERR:404 body={"strategy":"-android uiautomator","selector":"new UiSelector().descriptionContains(\"Welcome to\")"...
05:36:06.708924 POST /session/a880ccf9-282d-4356-b5e5-3a1a9f8c44ac/element [35.816933ms] ERR:404 body={"strategy":"-android uiautomator","selector":"new UiSelector().textMatches(\"(?is).*\\QWelcome to\\...
05:36:06.744521 POST /session/a880ccf9-282d-4356-b5e5-3a1a9f8c44ac/element [35.45674ms] ERR:404 body={"strategy":"-android uiautomator","selector":"new UiSelector().descriptionMatches(\"(?is).*\\QWelco...
05:36:06.791776 POST /session/a880ccf9-282d-4356-b5e5-3a1a9f8c44ac/element [47.092078ms] ERR:404 body={"strategy":"-android uiautomator","selector":"new UiSelector().textContains(\"Welcome to\")"}
05:36:06.826083 POST /session/a880ccf9-282d-4356-b5e5-3a1a9f8c44ac/element [34.169868ms] ERR:404 body={"strategy":"-android uiautomator","selector":"new UiSelector().descriptionContains(\"Welcome to\")"...
05:36:06.864420 POST /session/a880ccf9-282d-4356-b5e5-3a1a9f8c44ac/element [38.205026ms] ERR:404 body={"strategy":"-android uiautomator","selector":"new UiSelector().textMatches(\"(?is).*\\QWelcome to\\...
05:36:06.931306 POST /session/a880ccf9-282d-4356-b5e5-3a1a9f8c44ac/element [66.781072ms] ERR:404 body={"strategy":"-android uiautomator","selector":"new UiSelector().descriptionMatches(\"(?is).*\\QWelco...
05:36:08.120212 POST /session/a880ccf9-282d-4356-b5e5-3a1a9f8c44ac/element [1.188739055s] OK body={"strategy":"-android uiautomator","selector":"new UiSelector().textContains(\"Welcome to\")"}
05:36:08.144073 POST /session/a880ccf9-282d-4356-b5e5-3a1a9f8c44ac/element [23.196852ms] OK body={"strategy":"-android uiautomator","selector":"new UiSelector().textContains(\"Tastopia\")"}
05:36:08.149710 POST /session/a880ccf9-282d-4356-b5e5-3a1a9f8c44ac/appium/settings [3.305343ms] OK body={"settings":{"waitForIdleTimeout":200}}
05:36:13.400627 POST /session/a880ccf9-282d-4356-b5e5-3a1a9f8c44ac/appium/device/launch_app [3.306787ms] ERR:404 body={"appId":"com.tastopia.app"}
05:36:16.214101 POST /session/a880ccf9-282d-4356-b5e5-3a1a9f8c44ac/element [1.035929374s] OK body={"strategy":"-android uiautomator","selector":"new UiSelector().resourceIdMatches(\".*welcome-sign-i...
05:36:16.292423 GET /session/a880ccf9-282d-4356-b5e5-3a1a9f8c44ac/element/00000000-0000-0014-ffff-ffff00000022/text [78.242798ms] OK body=
05:36:16.323343 GET /session/a880ccf9-282d-4356-b5e5-3a1a9f8c44ac/element/00000000-0000-0014-ffff-ffff00000022/rect [30.848372ms] OK body=
05:36:16.367816 POST /session/a880ccf9-282d-4356-b5e5-3a1a9f8c44ac/element/00000000-0000-0014-ffff-ffff00000022/click [44.403704ms] OK body=
05:36:16.385466 POST /session/a880ccf9-282d-4356-b5e5-3a1a9f8c44ac/element [17.397484ms] ERR:404 body={"strategy":"-android uiautomator","selector":"new UiSelector().resourceIdMatches(\".*login-identifi...
05:36:16.396777 POST /session/a880ccf9-282d-4356-b5e5-3a1a9f8c44ac/element [11.147572ms] ERR:404 body={"strategy":"-android uiautomator","selector":"new UiSelector().resourceIdMatches(\".*login-identifi...
05:36:16.406105 POST /session/a880ccf9-282d-4356-b5e5-3a1a9f8c44ac/element [9.188687ms] ERR:404 body={"strategy":"-android uiautomator","selector":"new UiSelector().resourceIdMatches(\".*login-identifi...
05:36:16.414826 POST /session/a880ccf9-282d-4356-b5e5-3a1a9f8c44ac/element [8.582063ms] ERR:404 body={"strategy":"-android uiautomator","selector":"new UiSelector().resourceIdMatches(\".*login-identifi...
05:36:16.429039 POST /session/a880ccf9-282d-4356-b5e5-3a1a9f8c44ac/element [14.09041ms] ERR:404 body={"strategy":"-android uiautomator","selector":"new UiSelector().resourceIdMatches(\".*login-identifi...
05:36:16.439378 POST /session/a880ccf9-282d-4356-b5e5-3a1a9f8c44ac/element [9.995588ms] ERR:404 body={"strategy":"-android uiautomator","selector":"new UiSelector().resourceIdMatches(\".*login-identifi...
05:36:16.449956 POST /session/a880ccf9-282d-4356-b5e5-3a1a9f8c44ac/element [10.435619ms] ERR:404 body={"strategy":"-android uiautomator","selector":"new UiSelector().resourceIdMatches(\".*login-identifi...
05:36:16.457505 POST /session/a880ccf9-282d-4356-b5e5-3a1a9f8c44ac/element [7.41456ms] ERR:404 body={"strategy":"-android uiautomator","selector":"new UiSelector().resourceIdMatches(\".*login-identifi...
05:36:16.466716 POST /session/a880ccf9-282d-4356-b5e5-3a1a9f8c44ac/element [9.034834ms] ERR:404 body={"strategy":"-android uiautomator","selector":"new UiSelector().resourceIdMatches(\".*login-identifi...
05:36:16.487562 POST /session/a880ccf9-282d-4356-b5e5-3a1a9f8c44ac/element [20.712527ms] ERR:404 body={"strategy":"-android uiautomator","selector":"new UiSelector().resourceIdMatches(\".*login-identifi...
05:36:16.497029 POST /session/a880ccf9-282d-4356-b5e5-3a1a9f8c44ac/element [9.321354ms] ERR:404 body={"strategy":"-android uiautomator","selector":"new UiSelector().resourceIdMatches(\".*login-identifi...
05:36:16.504953 POST /session/a880ccf9-282d-4356-b5e5-3a1a9f8c44ac/element [7.775834ms] ERR:404 body={"strategy":"-android uiautomator","selector":"new UiSelector().resourceIdMatches(\".*login-identifi...
05:36:16.514326 POST /session/a880ccf9-282d-4356-b5e5-3a1a9f8c44ac/element [9.169797ms] ERR:404 body={"strategy":"-android uiautomator","selector":"new UiSelector().resourceIdMatches(\".*login-identifi...
05:36:16.524818 POST /session/a880ccf9-282d-4356-b5e5-3a1a9f8c44ac/element [10.348166ms] ERR:404 body={"strategy":"-android uiautomator","selector":"new UiSelector().resourceIdMatches(\".*login-identifi...
05:36:16.533862 POST /session/a880ccf9-282d-4356-b5e5-3a1a9f8c44ac/element [8.894092ms] ERR:404 body={"strategy":"-android uiautomator","selector":"new UiSelector().resourceIdMatches(\".*login-identifi...
05:36:17.229883 POST /session/a880ccf9-282d-4356-b5e5-3a1a9f8c44ac/element [695.887717ms] OK body={"strategy":"-android uiautomator","selector":"new UiSelector().resourceIdMatches(\".*login-identifi...
05:36:17.258452 POST /session/a880ccf9-282d-4356-b5e5-3a1a9f8c44ac/element [28.208694ms] OK body={"strategy":"-android uiautomator","selector":"new UiSelector().resourceIdMatches(\".*login-identifi...
05:36:17.279944 GET /session/a880ccf9-282d-4356-b5e5-3a1a9f8c44ac/element/00000000-0000-0014-ffff-ffff00000031/text [21.419501ms] OK body=
05:36:17.291454 GET /session/a880ccf9-282d-4356-b5e5-3a1a9f8c44ac/element/00000000-0000-0014-ffff-ffff00000031/rect [11.430507ms] OK body=
05:36:17.582522 POST /session/a880ccf9-282d-4356-b5e5-3a1a9f8c44ac/element/00000000-0000-0014-ffff-ffff00000031/click [290.995647ms] OK body=
05:36:18.478625 POST /session/a880ccf9-282d-4356-b5e5-3a1a9f8c44ac/actions [895.617076ms] OK body={"actions":[{"actions":[{"type":"keyDown","value":"a"},{"type":"keyUp","value":"a"},{"type":"keyDown...
05:36:18.486480 POST /session/a880ccf9-282d-4356-b5e5-3a1a9f8c44ac/appium/device/hide_keyboard [7.738776ms] ERR:404 body=
05:36:19.146804 POST /session/a880ccf9-282d-4356-b5e5-3a1a9f8c44ac/element [659.965347ms] OK body={"strategy":"-android uiautomator","selector":"new UiSelector().resourceIdMatches(\".*login-password...
05:36:19.158626 POST /session/a880ccf9-282d-4356-b5e5-3a1a9f8c44ac/element [11.299183ms] OK body={"strategy":"-android uiautomator","selector":"new UiSelector().resourceIdMatches(\".*login-password...
05:36:19.169867 GET /session/a880ccf9-282d-4356-b5e5-3a1a9f8c44ac/element/00000000-0000-0014-ffff-ffff00000032/text [11.153098ms] OK body=
05:36:19.182834 GET /session/a880ccf9-282d-4356-b5e5-3a1a9f8c44ac/element/00000000-0000-0014-ffff-ffff00000032/rect [12.880994ms] OK body=
05:36:19.849345 POST /session/a880ccf9-282d-4356-b5e5-3a1a9f8c44ac/element/00000000-0000-0014-ffff-ffff00000032/click [666.427248ms] OK body=
05:36:20.554474 POST /session/a880ccf9-282d-4356-b5e5-3a1a9f8c44ac/actions [704.708134ms] OK body={"actions":[{"actions":[{"type":"keyDown","value":"P"},{"type":"keyUp","value":"P"},{"type":"keyDown...
05:36:20.558193 POST /session/a880ccf9-282d-4356-b5e5-3a1a9f8c44ac/appium/device/hide_keyboard [3.625118ms] ERR:404 body=
05:36:21.056935 POST /session/a880ccf9-282d-4356-b5e5-3a1a9f8c44ac/element [498.316479ms] OK body={"strategy":"-android uiautomator","selector":"new UiSelector().resourceIdMatches(\".*login-submit-b...
05:36:21.067881 GET /session/a880ccf9-282d-4356-b5e5-3a1a9f8c44ac/element/00000000-0000-0014-ffff-ffff0000004b/text [10.856618ms] OK body=
05:36:21.079086 GET /session/a880ccf9-282d-4356-b5e5-3a1a9f8c44ac/element/00000000-0000-0014-ffff-ffff0000004b/rect [11.120443ms] OK body=
05:36:21.111953 POST /session/a880ccf9-282d-4356-b5e5-3a1a9f8c44ac/element/00000000-0000-0014-ffff-ffff0000004b/click [32.787511ms] OK body=
05:36:21.121459 POST /session/a880ccf9-282d-4356-b5e5-3a1a9f8c44ac/element [9.424976ms] OK body={"strategy":"-android uiautomator","selector":"new UiSelector().resourceIdMatches(\".*login-submit-b...
05:36:21.130710 GET /session/a880ccf9-282d-4356-b5e5-3a1a9f8c44ac/element/00000000-0000-0014-ffff-ffff0000004b/text [9.173043ms] OK body=
05:36:21.823838 GET /session/a880ccf9-282d-4356-b5e5-3a1a9f8c44ac/element/00000000-0000-0014-ffff-ffff0000004b/rect [693.051729ms] OK body=
05:36:21.864909 POST /session/a880ccf9-282d-4356-b5e5-3a1a9f8c44ac/element/00000000-0000-0014-ffff-ffff0000004b/click [40.985401ms] OK body=
05:36:21.883595 POST /session/a880ccf9-282d-4356-b5e5-3a1a9f8c44ac/element [18.333809ms] ERR:404 body={"strategy":"-android uiautomator","selector":"new UiSelector().resourceIdMatches(\".*COMMUNITY.*\")...
05:36:21.894662 POST /session/a880ccf9-282d-4356-b5e5-3a1a9f8c44ac/element [10.788008ms] ERR:404 body={"strategy":"-android uiautomator","selector":"new UiSelector().resourceIdMatches(\".*COMMUNITY.*\")...
05:36:21.905377 POST /session/a880ccf9-282d-4356-b5e5-3a1a9f8c44ac/element [10.549429ms] ERR:404 body={"strategy":"-android uiautomator","selector":"new UiSelector().resourceIdMatches(\".*COMMUNITY.*\")...
05:36:21.923604 POST /session/a880ccf9-282d-4356-b5e5-3a1a9f8c44ac/element [18.084495ms] ERR:404 body={"strategy":"-android uiautomator","selector":"new UiSelector().resourceIdMatches(\".*COMMUNITY.*\")...
05:36:22.664301 POST /session/a880ccf9-282d-4356-b5e5-3a1a9f8c44ac/element [740.563489ms] ERR:404 body={"strategy":"-android uiautomator","selector":"new UiSelector().resourceIdMatches(\".*COMMUNITY.*\")...
05:36:23.243309 POST /session/a880ccf9-282d-4356-b5e5-3a1a9f8c44ac/element [578.868051ms] ERR:404 body={"strategy":"-android uiautomator","selector":"new UiSelector().resourceIdMatches(\".*COMMUNITY.*\")...
05:36:23.257742 POST /session/a880ccf9-282d-4356-b5e5-3a1a9f8c44ac/element [14.283332ms] ERR:404 body={"strategy":"-android uiautomator","selector":"new UiSelector().resourceIdMatches(\".*COMMUNITY.*\")...
05:36:23.269803 POST /session/a880ccf9-282d-4356-b5e5-3a1a9f8c44ac/element [11.925916ms] ERR:404 body={"strategy":"-android uiautomator","selector":"new UiSelector().resourceIdMatches(\".*COMMUNITY.*\")...
05:36:23.282253 POST /session/a880ccf9-282d-4356-b5e5-3a1a9f8c44ac/element [12.315934ms] ERR:404 body={"strategy":"-android uiautomator","selector":"new UiSelector().resourceIdMatches(\".*COMMUNITY.*\")...
05:36:23.301446 POST /session/a880ccf9-282d-4356-b5e5-3a1a9f8c44ac/element [19.066373ms] ERR:404 body={"strategy":"-android uiautomator","selector":"new UiSelector().resourceIdMatches(\".*COMMUNITY.*\")...
05:36:23.318160 POST /session/a880ccf9-282d-4356-b5e5-3a1a9f8c44ac/element [16.52091ms] ERR:404 body={"strategy":"-android uiautomator","selector":"new UiSelector().resourceIdMatches(\".*COMMUNITY.*\")...
05:36:23.330144 POST /session/a880ccf9-282d-4356-b5e5-3a1a9f8c44ac/element [11.798935ms] ERR:404 body={"strategy":"-android uiautomator","selector":"new UiSelector().resourceIdMatches(\".*COMMUNITY.*\")...
05:36:23.341790 POST /session/a880ccf9-282d-4356-b5e5-3a1a9f8c44ac/element [11.479743ms] ERR:404 body={"strategy":"-android uiautomator","selector":"new UiSelector().resourceIdMatches(\".*COMMUNITY.*\")...
05:36:23.352001 POST /session/a880ccf9-282d-4356-b5e5-3a1a9f8c44ac/element [10.05335ms] ERR:404 body={"strategy":"-android uiautomator","selector":"new UiSelector().resourceIdMatches(\".*COMMUNITY.*\")...
05:36:23.365500 POST /session/a880ccf9-282d-4356-b5e5-3a1a9f8c44ac/element [13.343121ms] ERR:404 body={"strategy":"-android uiautomator","selector":"new UiSelector().resourceIdMatches(\".*COMMUNITY.*\")...
05:36:23.382056 POST /session/a880ccf9-282d-4356-b5e5-3a1a9f8c44ac/element [16.206451ms] ERR:404 body={"strategy":"-android uiautomator","selector":"new UiSelector().resourceIdMatches(\".*COMMUNITY.*\")...
05:36:23.393076 POST /session/a880ccf9-282d-4356-b5e5-3a1a9f8c44ac/element [10.79261ms] ERR:404 body={"strategy":"-android uiautomator","selector":"new UiSelector().resourceIdMatches(\".*COMMUNITY.*\")...
05:36:23.404565 POST /session/a880ccf9-282d-4356-b5e5-3a1a9f8c44ac/element [11.353428ms] ERR:404 body={"strategy":"-android uiautomator","selector":"new UiSelector().resourceIdMatches(\".*COMMUNITY.*\")...
05:36:23.422404 POST /session/a880ccf9-282d-4356-b5e5-3a1a9f8c44ac/element [17.73317ms] ERR:404 body={"strategy":"-android uiautomator","selector":"new UiSelector().resourceIdMatches(\".*COMMUNITY.*\")...
05:36:23.445655 POST /session/a880ccf9-282d-4356-b5e5-3a1a9f8c44ac/element [23.125576ms] ERR:404 body={"strategy":"-android uiautomator","selector":"new UiSelector().resourceIdMatches(\".*COMMUNITY.*\")...
05:36:23.457739 POST /session/a880ccf9-282d-4356-b5e5-3a1a9f8c44ac/element [11.942197ms] ERR:404 body={"strategy":"-android uiautomator","selector":"new UiSelector().resourceIdMatches(\".*COMMUNITY.*\")...
05:36:23.468798 POST /session/a880ccf9-282d-4356-b5e5-3a1a9f8c44ac/element [10.886075ms] ERR:404 body={"strategy":"-android uiautomator","selector":"new UiSelector().resourceIdMatches(\".*COMMUNITY.*\")...
05:36:23.480773 POST /session/a880ccf9-282d-4356-b5e5-3a1a9f8c44ac/element [11.794501ms] ERR:404 body={"strategy":"-android uiautomator","selector":"new UiSelector().resourceIdMatches(\".*COMMUNITY.*\")...
05:36:23.492919 POST /session/a880ccf9-282d-4356-b5e5-3a1a9f8c44ac/element [11.979757ms] ERR:404 body={"strategy":"-android uiautomator","selector":"new UiSelector().resourceIdMatches(\".*COMMUNITY.*\")...
05:36:23.507341 POST /session/a880ccf9-282d-4356-b5e5-3a1a9f8c44ac/element [14.286353ms] ERR:404 body={"strategy":"-android uiautomator","selector":"new UiSelector().resourceIdMatches(\".*COMMUNITY.*\")...
05:36:23.518338 POST /session/a880ccf9-282d-4356-b5e5-3a1a9f8c44ac/element [10.798611ms] ERR:404 body={"strategy":"-android uiautomator","selector":"new UiSelector().resourceIdMatches(\".*COMMUNITY.*\")...
05:36:23.529874 POST /session/a880ccf9-282d-4356-b5e5-3a1a9f8c44ac/element [11.378615ms] ERR:404 body={"strategy":"-android uiautomator","selector":"new UiSelector().resourceIdMatches(\".*COMMUNITY.*\")...
05:36:23.541070 POST /session/a880ccf9-282d-4356-b5e5-3a1a9f8c44ac/element [11.037628ms] ERR:404 body={"strategy":"-android uiautomator","selector":"new UiSelector().resourceIdMatches(\".*COMMUNITY.*\")...
05:36:23.552460 POST /session/a880ccf9-282d-4356-b5e5-3a1a9f8c44ac/element [11.242821ms] ERR:404 body={"strategy":"-android uiautomator","selector":"new UiSelector().resourceIdMatches(\".*COMMUNITY.*\")...
05:36:23.567356 POST /session/a880ccf9-282d-4356-b5e5-3a1a9f8c44ac/element [14.714964ms] ERR:404 body={"strategy":"-android uiautomator","selector":"new UiSelector().resourceIdMatches(\".*COMMUNITY.*\")...
05:36:23.580138 POST /session/a880ccf9-282d-4356-b5e5-3a1a9f8c44ac/element [12.621946ms] ERR:404 body={"strategy":"-android uiautomator","selector":"new UiSelector().resourceIdMatches(\".*COMMUNITY.*\")...
05:36:23.590844 POST /session/a880ccf9-282d-4356-b5e5-3a1a9f8c44ac/element [10.532225ms] ERR:404 body={"strategy":"-android uiautomator","selector":"new UiSelector().resourceIdMatches(\".*COMMUNITY.*\")...
05:36:23.625792 POST /session/a880ccf9-282d-4356-b5e5-3a1a9f8c44ac/element [34.764066ms] ERR:404 body={"strategy":"-android uiautomator","selector":"new UiSelector().resourceIdMatches(\".*COMMUNITY.*\")...
05:36:23.767957 POST /session/a880ccf9-282d-4356-b5e5-3a1a9f8c44ac/element [142.03189ms] ERR:404 body={"strategy":"-android uiautomator","selector":"new UiSelector().resourceIdMatches(\".*COMMUNITY.*\")...
05:36:23.778386 POST /session/a880ccf9-282d-4356-b5e5-3a1a9f8c44ac/element [10.296174ms] ERR:404 body={"strategy":"-android uiautomator","selector":"new UiSelector().resourceIdMatches(\".*COMMUNITY.*\")...
05:36:23.795325 POST /session/a880ccf9-282d-4356-b5e5-3a1a9f8c44ac/element [16.744122ms] ERR:404 body={"strategy":"-android uiautomator","selector":"new UiSelector().resourceIdMatches(\".*COMMUNITY.*\")...
05:36:23.956348 POST /session/a880ccf9-282d-4356-b5e5-3a1a9f8c44ac/element [160.865464ms] ERR:404 body={"strategy":"-android uiautomator","selector":"new UiSelector().resourceIdMatches(\".*COMMUNITY.*\")...
05:36:24.556894 POST /session/a880ccf9-282d-4356-b5e5-3a1a9f8c44ac/element [600.415258ms] OK body={"strategy":"-android uiautomator","selector":"new UiSelector().resourceIdMatches(\".*COMMUNITY.*\")...
05:36:26.194123 GET /session/a880ccf9-282d-4356-b5e5-3a1a9f8c44ac/element/00000000-0000-0014-ffff-ffff00000097/text [1.637146707s] OK body=
05:36:26.483388 GET /session/a880ccf9-282d-4356-b5e5-3a1a9f8c44ac/element/00000000-0000-0014-ffff-ffff00000097/rect [289.196237ms] OK body=
05:36:26.506332 POST /session/a880ccf9-282d-4356-b5e5-3a1a9f8c44ac/element [22.175808ms] ERR:404 body={"strategy":"-android uiautomator","selector":"new UiSelector().resourceIdMatches(\".*SEARCH.*\").cl...
05:36:26.525949 POST /session/a880ccf9-282d-4356-b5e5-3a1a9f8c44ac/element [19.463965ms] OK body={"strategy":"-android uiautomator","selector":"new UiSelector().resourceIdMatches(\".*SEARCH.*\")"}
05:36:26.537823 GET /session/a880ccf9-282d-4356-b5e5-3a1a9f8c44ac/element/00000000-0000-0014-ffff-ffff000000a3/text [11.758304ms] OK body=
05:36:26.549065 GET /session/a880ccf9-282d-4356-b5e5-3a1a9f8c44ac/element/00000000-0000-0014-ffff-ffff000000a3/rect [11.152732ms] OK body=
05:36:26.580749 POST /session/a880ccf9-282d-4356-b5e5-3a1a9f8c44ac/element/00000000-0000-0014-ffff-ffff000000a3/click [31.603194ms] OK body=
05:36:26.732297 POST /session/a880ccf9-282d-4356-b5e5-3a1a9f8c44ac/element [150.451484ms] ERR:404 body={"strategy":"-android uiautomator","selector":"new UiSelector().resourceIdMatches(\".*search-recipe-...
05:36:26.785441 POST /session/a880ccf9-282d-4356-b5e5-3a1a9f8c44ac/element [52.986088ms] ERR:404 body={"strategy":"-android uiautomator","selector":"new UiSelector().resourceIdMatches(\".*search-recipe-...
05:36:26.915419 POST /session/a880ccf9-282d-4356-b5e5-3a1a9f8c44ac/element [129.835379ms] ERR:404 body={"strategy":"-android uiautomator","selector":"new UiSelector().resourceIdMatches(\".*search-recipe-...
05:36:27.454613 POST /session/a880ccf9-282d-4356-b5e5-3a1a9f8c44ac/element [539.090057ms] OK body={"strategy":"-android uiautomator","selector":"new UiSelector().resourceIdMatches(\".*search-recipe-...
05:36:27.466120 GET /session/a880ccf9-282d-4356-b5e5-3a1a9f8c44ac/element/00000000-0000-0014-ffff-ffff00000107/text [11.42977ms] OK body=
05:36:27.484512 GET /session/a880ccf9-282d-4356-b5e5-3a1a9f8c44ac/element/00000000-0000-0014-ffff-ffff00000107/rect [18.31513ms] OK body=
05:36:27.755253 POST /session/a880ccf9-282d-4356-b5e5-3a1a9f8c44ac/element/00000000-0000-0014-ffff-ffff00000107/click [270.65605ms] OK body=
05:36:27.785404 POST /session/a880ccf9-282d-4356-b5e5-3a1a9f8c44ac/actions [28.789892ms] OK body={"actions":[{"actions":[{"type":"keyDown","value":"a"},{"type":"keyUp","value":"a"}],"id":"keyboard"...
05:36:27.798692 POST /session/a880ccf9-282d-4356-b5e5-3a1a9f8c44ac/appium/device/hide_keyboard [10.412204ms] ERR:404 body=
05:36:28.507047 POST /session/a880ccf9-282d-4356-b5e5-3a1a9f8c44ac/element [706.755065ms] ERR:404 body={"strategy":"-android uiautomator","selector":"new UiSelector().resourceIdMatches(\".*search-recipe-...
05:36:28.518339 POST /session/a880ccf9-282d-4356-b5e5-3a1a9f8c44ac/element [11.128165ms] ERR:404 body={"strategy":"-android uiautomator","selector":"new UiSelector().resourceIdMatches(\".*search-recipe-...
05:36:28.528773 POST /session/a880ccf9-282d-4356-b5e5-3a1a9f8c44ac/element [10.309888ms] ERR:404 body={"strategy":"-android uiautomator","selector":"new UiSelector().resourceIdMatches(\".*search-recipe-...
05:36:28.539905 POST /session/a880ccf9-282d-4356-b5e5-3a1a9f8c44ac/element [10.985915ms] ERR:404 body={"strategy":"-android uiautomator","selector":"new UiSelector().resourceIdMatches(\".*search-recipe-...
05:36:28.550074 POST /session/a880ccf9-282d-4356-b5e5-3a1a9f8c44ac/element [10.041988ms] ERR:404 body={"strategy":"-android uiautomator","selector":"new UiSelector().resourceIdMatches(\".*search-recipe-...
05:36:28.561276 POST /session/a880ccf9-282d-4356-b5e5-3a1a9f8c44ac/element [11.049734ms] ERR:404 body={"strategy":"-android uiautomator","selector":"new UiSelector().resourceIdMatches(\".*search-recipe-...
05:36:28.572937 POST /session/a880ccf9-282d-4356-b5e5-3a1a9f8c44ac/element [11.535751ms] ERR:404 body={"strategy":"-android uiautomator","selector":"new UiSelector().resourceIdMatches(\".*search-recipe-...
05:36:28.584277 POST /session/a880ccf9-282d-4356-b5e5-3a1a9f8c44ac/element [11.188914ms] ERR:404 body={"strategy":"-android uiautomator","selector":"new UiSelector().resourceIdMatches(\".*search-recipe-...
05:36:28.595540 POST /session/a880ccf9-282d-4356-b5e5-3a1a9f8c44ac/element [11.140885ms] ERR:404 body={"strategy":"-android uiautomator","selector":"new UiSelector().resourceIdMatches(\".*search-recipe-...
05:36:28.607223 POST /session/a880ccf9-282d-4356-b5e5-3a1a9f8c44ac/element [11.510915ms] ERR:404 body={"strategy":"-android uiautomator","selector":"new UiSelector().resourceIdMatches(\".*search-recipe-...
05:36:28.620086 POST /session/a880ccf9-282d-4356-b5e5-3a1a9f8c44ac/element [12.725582ms] ERR:404 body={"strategy":"-android uiautomator","selector":"new UiSelector().resourceIdMatches(\".*search-recipe-...
05:36:28.631822 POST /session/a880ccf9-282d-4356-b5e5-3a1a9f8c44ac/element [11.618436ms] ERR:404 body={"strategy":"-android uiautomator","selector":"new UiSelector().resourceIdMatches(\".*search-recipe-...
05:36:28.644062 POST /session/a880ccf9-282d-4356-b5e5-3a1a9f8c44ac/element [12.115363ms] ERR:404 body={"strategy":"-android uiautomator","selector":"new UiSelector().resourceIdMatches(\".*search-recipe-...
05:36:28.657324 POST /session/a880ccf9-282d-4356-b5e5-3a1a9f8c44ac/element [13.127943ms] ERR:404 body={"strategy":"-android uiautomator","selector":"new UiSelector().resourceIdMatches(\".*search-recipe-...
05:36:28.669883 POST /session/a880ccf9-282d-4356-b5e5-3a1a9f8c44ac/element [12.414998ms] ERR:404 body={"strategy":"-android uiautomator","selector":"new UiSelector().resourceIdMatches(\".*search-recipe-...
05:36:28.696834 POST /session/a880ccf9-282d-4356-b5e5-3a1a9f8c44ac/element [26.806329ms] ERR:404 body={"strategy":"-android uiautomator","selector":"new UiSelector().resourceIdMatches(\".*search-recipe-...
05:36:28.713299 POST /session/a880ccf9-282d-4356-b5e5-3a1a9f8c44ac/element [16.294097ms] ERR:404 body={"strategy":"-android uiautomator","selector":"new UiSelector().resourceIdMatches(\".*search-recipe-...
05:36:28.729836 POST /session/a880ccf9-282d-4356-b5e5-3a1a9f8c44ac/element [16.39675ms] ERR:404 body={"strategy":"-android uiautomator","selector":"new UiSelector().resourceIdMatches(\".*search-recipe-...
05:36:28.751338 POST /session/a880ccf9-282d-4356-b5e5-3a1a9f8c44ac/element [21.322167ms] ERR:404 body={"strategy":"-android uiautomator","selector":"new UiSelector().resourceIdMatches(\".*search-recipe-...
05:36:29.526306 POST /session/a880ccf9-282d-4356-b5e5-3a1a9f8c44ac/element [774.842342ms] OK body={"strategy":"-android uiautomator","selector":"new UiSelector().resourceIdMatches(\".*search-recipe-...
05:36:30.204161 GET /session/a880ccf9-282d-4356-b5e5-3a1a9f8c44ac/element/00000000-0000-0014-ffff-ffff00000126/text [677.772171ms] OK body=
05:36:30.214455 GET /session/a880ccf9-282d-4356-b5e5-3a1a9f8c44ac/element/00000000-0000-0014-ffff-ffff00000126/rect [10.177065ms] OK body=
05:36:35.322323 POST /session/a880ccf9-282d-4356-b5e5-3a1a9f8c44ac/appium/device/launch_app [5.688932ms] ERR:404 body={"appId":"com.tastopia.app"}
05:36:38.299464 POST /session/a880ccf9-282d-4356-b5e5-3a1a9f8c44ac/element [1.106876283s] OK body={"strategy":"-android uiautomator","selector":"new UiSelector().resourceIdMatches(\".*MENU.*\")"}
05:36:38.954643 GET /session/a880ccf9-282d-4356-b5e5-3a1a9f8c44ac/element/00000000-0000-0016-ffff-ffff0000006f/text [655.066738ms] OK body=
05:36:40.602852 GET /session/a880ccf9-282d-4356-b5e5-3a1a9f8c44ac/element/00000000-0000-0016-ffff-ffff0000006f/rect [1.648124703s] OK body=
05:36:41.214679 POST /session/a880ccf9-282d-4356-b5e5-3a1a9f8c44ac/element [611.331215ms] ERR:404 body={"strategy":"-android uiautomator","selector":"new UiSelector().resourceIdMatches(\".*MENU.*\").clic...
05:36:41.238942 POST /session/a880ccf9-282d-4356-b5e5-3a1a9f8c44ac/element [24.135412ms] OK body={"strategy":"-android uiautomator","selector":"new UiSelector().resourceIdMatches(\".*MENU.*\")"}
05:36:41.249094 GET /session/a880ccf9-282d-4356-b5e5-3a1a9f8c44ac/element/00000000-0000-0016-ffff-ffff0000006f/text [10.077401ms] OK body=
05:36:41.259989 GET /session/a880ccf9-282d-4356-b5e5-3a1a9f8c44ac/element/00000000-0000-0016-ffff-ffff0000006f/rect [10.827581ms] OK body=
05:36:41.289980 POST /session/a880ccf9-282d-4356-b5e5-3a1a9f8c44ac/element/00000000-0000-0016-ffff-ffff0000006f/click [29.9098ms] OK body=
05:36:41.301364 POST /session/a880ccf9-282d-4356-b5e5-3a1a9f8c44ac/appium/device/hide_keyboard [10.072331ms] ERR:404 body=
05:36:41.449847 POST /session/a880ccf9-282d-4356-b5e5-3a1a9f8c44ac/element [147.836592ms] ERR:404 body={"strategy":"-android uiautomator","selector":"new UiSelector().textContains(\"History\")"}
05:36:41.491547 POST /session/a880ccf9-282d-4356-b5e5-3a1a9f8c44ac/element [41.564118ms] ERR:404 body={"strategy":"-android uiautomator","selector":"new UiSelector().descriptionContains(\"History\")"}
05:36:41.516552 POST /session/a880ccf9-282d-4356-b5e5-3a1a9f8c44ac/element [24.853211ms] ERR:404 body={"strategy":"-android uiautomator","selector":"new UiSelector().textMatches(\"(?is).*\\QHistory\\E.*...
05:36:41.695852 POST /session/a880ccf9-282d-4356-b5e5-3a1a9f8c44ac/element [179.138917ms] ERR:404 body={"strategy":"-android uiautomator","selector":"new UiSelector().descriptionMatches(\"(?is).*\\QHisto...
05:36:42.538859 POST /session/a880ccf9-282d-4356-b5e5-3a1a9f8c44ac/element [842.893769ms] OK body={"strategy":"-android uiautomator","selector":"new UiSelector().textContains(\"History\")"}
05:36:42.744691 POST /session/a880ccf9-282d-4356-b5e5-3a1a9f8c44ac/element [205.511297ms] OK body={"strategy":"-android uiautomator","selector":"new UiSelector().resourceIdMatches(\".*menu-logout-bu...
05:36:42.754757 GET /session/a880ccf9-282d-4356-b5e5-3a1a9f8c44ac/element/00000000-0000-0016-ffff-ffff000000ec/text [9.996081ms] OK body=
05:36:42.767591 GET /session/a880ccf9-282d-4356-b5e5-3a1a9f8c44ac/element/00000000-0000-0016-ffff-ffff000000ec/rect [12.739796ms] OK body=
05:36:42.801231 POST /session/a880ccf9-282d-4356-b5e5-3a1a9f8c44ac/element/00000000-0000-0016-ffff-ffff000000ec/click [33.505101ms] OK body=
05:36:42.845552 POST /session/a880ccf9-282d-4356-b5e5-3a1a9f8c44ac/element [44.003647ms] ERR:404 body={"strategy":"-android uiautomator","selector":"new UiSelector().textContains(\"Welcome to\")"}
05:36:42.874898 POST /session/a880ccf9-282d-4356-b5e5-3a1a9f8c44ac/element [29.20511ms] ERR:404 body={"strategy":"-android uiautomator","selector":"new UiSelector().descriptionContains(\"Welcome to\")"...
05:36:42.902939 POST /session/a880ccf9-282d-4356-b5e5-3a1a9f8c44ac/element [27.89552ms] ERR:404 body={"strategy":"-android uiautomator","selector":"new UiSelector().textMatches(\"(?is).*\\QWelcome to\\...
05:36:42.930135 POST /session/a880ccf9-282d-4356-b5e5-3a1a9f8c44ac/element [27.058498ms] ERR:404 body={"strategy":"-android uiautomator","selector":"new UiSelector().descriptionMatches(\"(?is).*\\QWelco...
05:36:42.957357 POST /session/a880ccf9-282d-4356-b5e5-3a1a9f8c44ac/element [27.059774ms] ERR:404 body={"strategy":"-android uiautomator","selector":"new UiSelector().textContains(\"Welcome to\")"}
05:36:42.986071 POST /session/a880ccf9-282d-4356-b5e5-3a1a9f8c44ac/element [28.577128ms] ERR:404 body={"strategy":"-android uiautomator","selector":"new UiSelector().descriptionContains(\"Welcome to\")"...
05:36:43.022941 POST /session/a880ccf9-282d-4356-b5e5-3a1a9f8c44ac/element [36.719581ms] ERR:404 body={"strategy":"-android uiautomator","selector":"new UiSelector().textMatches(\"(?is).*\\QWelcome to\\...
05:36:43.065731 POST /session/a880ccf9-282d-4356-b5e5-3a1a9f8c44ac/element [42.66312ms] ERR:404 body={"strategy":"-android uiautomator","selector":"new UiSelector().descriptionMatches(\"(?is).*\\QWelco...
05:36:44.189554 POST /session/a880ccf9-282d-4356-b5e5-3a1a9f8c44ac/element [1.123716812s] OK body={"strategy":"-android uiautomator","selector":"new UiSelector().textContains(\"Welcome to\")"}
05:36:44.205244 POST /session/a880ccf9-282d-4356-b5e5-3a1a9f8c44ac/element [15.059662ms] OK body={"strategy":"-android uiautomator","selector":"new UiSelector().textContains(\"Tastopia\")"}
05:36:44.219363 POST /session/a880ccf9-282d-4356-b5e5-3a1a9f8c44ac/appium/settings [10.85649ms] OK body={"settings":{"waitForIdleTimeout":200}}
05:36:49.484018 POST /session/a880ccf9-282d-4356-b5e5-3a1a9f8c44ac/appium/device/launch_app [5.936866ms] ERR:404 body={"appId":"com.tastopia.app"}
05:36:52.298086 POST /session/a880ccf9-282d-4356-b5e5-3a1a9f8c44ac/element [1.019535552s] OK body={"strategy":"-android uiautomator","selector":"new UiSelector().resourceIdMatches(\".*welcome-sign-i...
05:36:52.326748 GET /session/a880ccf9-282d-4356-b5e5-3a1a9f8c44ac/element/00000000-0000-0018-ffff-ffff00000022/text [28.583039ms] OK body=
05:36:52.356787 GET /session/a880ccf9-282d-4356-b5e5-3a1a9f8c44ac/element/00000000-0000-0018-ffff-ffff00000022/rect [29.960332ms] OK body=
05:36:52.895332 POST /session/a880ccf9-282d-4356-b5e5-3a1a9f8c44ac/element/00000000-0000-0018-ffff-ffff00000022/click [538.442372ms] OK body=
05:36:53.401066 POST /session/a880ccf9-282d-4356-b5e5-3a1a9f8c44ac/element [504.953541ms] OK body={"strategy":"-android uiautomator","selector":"new UiSelector().resourceIdMatches(\".*login-identifi...
05:36:53.413606 POST /session/a880ccf9-282d-4356-b5e5-3a1a9f8c44ac/element [12.137014ms] OK body={"strategy":"-android uiautomator","selector":"new UiSelector().resourceIdMatches(\".*login-identifi...
05:36:53.428033 GET /session/a880ccf9-282d-4356-b5e5-3a1a9f8c44ac/element/00000000-0000-0018-ffff-ffff00000033/text [14.349678ms] OK body=
05:36:53.443475 GET /session/a880ccf9-282d-4356-b5e5-3a1a9f8c44ac/element/00000000-0000-0018-ffff-ffff00000033/rect [15.364057ms] OK body=
05:36:53.783461 POST /session/a880ccf9-282d-4356-b5e5-3a1a9f8c44ac/element/00000000-0000-0018-ffff-ffff00000033/click [339.909457ms] OK body=
05:36:54.917553 POST /session/a880ccf9-282d-4356-b5e5-3a1a9f8c44ac/actions [1.133685938s] OK body={"actions":[{"actions":[{"type":"keyDown","value":"a"},{"type":"keyUp","value":"a"},{"type":"keyDown...
05:36:54.934009 POST /session/a880ccf9-282d-4356-b5e5-3a1a9f8c44ac/appium/device/hide_keyboard [16.068415ms] ERR:404 body=
05:36:55.385438 POST /session/a880ccf9-282d-4356-b5e5-3a1a9f8c44ac/element [450.983569ms] OK body={"strategy":"-android uiautomator","selector":"new UiSelector().resourceIdMatches(\".*login-password...
05:36:55.408504 POST /session/a880ccf9-282d-4356-b5e5-3a1a9f8c44ac/element [22.761375ms] OK body={"strategy":"-android uiautomator","selector":"new UiSelector().resourceIdMatches(\".*login-password...
05:36:55.429506 GET /session/a880ccf9-282d-4356-b5e5-3a1a9f8c44ac/element/00000000-0000-0018-ffff-ffff00000034/text [20.930818ms] OK body=
05:36:55.445474 GET /session/a880ccf9-282d-4356-b5e5-3a1a9f8c44ac/element/00000000-0000-0018-ffff-ffff00000034/rect [15.894132ms] OK body=
05:36:56.105328 POST /session/a880ccf9-282d-4356-b5e5-3a1a9f8c44ac/element/00000000-0000-0018-ffff-ffff00000034/click [659.759654ms] OK body=
05:36:56.829415 POST /session/a880ccf9-282d-4356-b5e5-3a1a9f8c44ac/actions [723.532772ms] OK body={"actions":[{"actions":[{"type":"keyDown","value":"P"},{"type":"keyUp","value":"P"},{"type":"keyDown...
05:36:56.833960 POST /session/a880ccf9-282d-4356-b5e5-3a1a9f8c44ac/appium/device/hide_keyboard [3.912369ms] ERR:404 body=
05:36:57.455686 POST /session/a880ccf9-282d-4356-b5e5-3a1a9f8c44ac/element [620.788635ms] OK body={"strategy":"-android uiautomator","selector":"new UiSelector().resourceIdMatches(\".*login-submit-b...
05:36:57.465924 GET /session/a880ccf9-282d-4356-b5e5-3a1a9f8c44ac/element/00000000-0000-0018-ffff-ffff0000004b/text [10.135608ms] OK body=
05:36:57.475616 GET /session/a880ccf9-282d-4356-b5e5-3a1a9f8c44ac/element/00000000-0000-0018-ffff-ffff0000004b/rect [9.625426ms] OK body=
05:36:57.504321 POST /session/a880ccf9-282d-4356-b5e5-3a1a9f8c44ac/element/00000000-0000-0018-ffff-ffff0000004b/click [28.586226ms] OK body=
05:36:57.514283 POST /session/a880ccf9-282d-4356-b5e5-3a1a9f8c44ac/element [9.879565ms] OK body={"strategy":"-android uiautomator","selector":"new UiSelector().resourceIdMatches(\".*login-submit-b...
05:36:57.525729 GET /session/a880ccf9-282d-4356-b5e5-3a1a9f8c44ac/element/00000000-0000-0018-ffff-ffff0000004b/text [11.352329ms] OK body=
05:36:58.165671 GET /session/a880ccf9-282d-4356-b5e5-3a1a9f8c44ac/element/00000000-0000-0018-ffff-ffff0000004b/rect [639.856756ms] OK body=
05:36:58.199776 POST /session/a880ccf9-282d-4356-b5e5-3a1a9f8c44ac/element/00000000-0000-0018-ffff-ffff0000004b/click [34.02074ms] OK body=
05:36:58.230137 POST /session/a880ccf9-282d-4356-b5e5-3a1a9f8c44ac/element [30.030432ms] ERR:404 body={"strategy":"-android uiautomator","selector":"new UiSelector().resourceIdMatches(\".*COMMUNITY.*\")...
05:36:58.240694 POST /session/a880ccf9-282d-4356-b5e5-3a1a9f8c44ac/element [10.376658ms] ERR:404 body={"strategy":"-android uiautomator","selector":"new UiSelector().resourceIdMatches(\".*COMMUNITY.*\")...
05:36:58.277483 POST /session/a880ccf9-282d-4356-b5e5-3a1a9f8c44ac/element [36.652883ms] ERR:404 body={"strategy":"-android uiautomator","selector":"new UiSelector().resourceIdMatches(\".*COMMUNITY.*\")...
05:36:59.529822 POST /session/a880ccf9-282d-4356-b5e5-3a1a9f8c44ac/element [1.252196863s] ERR:404 body={"strategy":"-android uiautomator","selector":"new UiSelector().resourceIdMatches(\".*COMMUNITY.*\")...
05:36:59.541002 POST /session/a880ccf9-282d-4356-b5e5-3a1a9f8c44ac/element [11.036947ms] ERR:404 body={"strategy":"-android uiautomator","selector":"new UiSelector().resourceIdMatches(\".*COMMUNITY.*\")...
05:36:59.552201 POST /session/a880ccf9-282d-4356-b5e5-3a1a9f8c44ac/element [11.045853ms] ERR:404 body={"strategy":"-android uiautomator","selector":"new UiSelector().resourceIdMatches(\".*COMMUNITY.*\")...
05:36:59.563285 POST /session/a880ccf9-282d-4356-b5e5-3a1a9f8c44ac/element [10.9457ms] ERR:404 body={"strategy":"-android uiautomator","selector":"new UiSelector().resourceIdMatches(\".*COMMUNITY.*\")...
05:36:59.573412 POST /session/a880ccf9-282d-4356-b5e5-3a1a9f8c44ac/element [10.015763ms] ERR:404 body={"strategy":"-android uiautomator","selector":"new UiSelector().resourceIdMatches(\".*COMMUNITY.*\")...
05:36:59.587696 POST /session/a880ccf9-282d-4356-b5e5-3a1a9f8c44ac/element [14.162495ms] ERR:404 body={"strategy":"-android uiautomator","selector":"new UiSelector().resourceIdMatches(\".*COMMUNITY.*\")...
05:36:59.604357 POST /session/a880ccf9-282d-4356-b5e5-3a1a9f8c44ac/element [16.527749ms] ERR:404 body={"strategy":"-android uiautomator","selector":"new UiSelector().resourceIdMatches(\".*COMMUNITY.*\")...
05:36:59.616163 POST /session/a880ccf9-282d-4356-b5e5-3a1a9f8c44ac/element [11.443492ms] ERR:404 body={"strategy":"-android uiautomator","selector":"new UiSelector().resourceIdMatches(\".*COMMUNITY.*\")...
05:36:59.627906 POST /session/a880ccf9-282d-4356-b5e5-3a1a9f8c44ac/element [11.573091ms] ERR:404 body={"strategy":"-android uiautomator","selector":"new UiSelector().resourceIdMatches(\".*COMMUNITY.*\")...
05:36:59.637582 POST /session/a880ccf9-282d-4356-b5e5-3a1a9f8c44ac/element [9.5499ms] ERR:404 body={"strategy":"-android uiautomator","selector":"new UiSelector().resourceIdMatches(\".*COMMUNITY.*\")...
05:36:59.658384 POST /session/a880ccf9-282d-4356-b5e5-3a1a9f8c44ac/element [20.659746ms] ERR:404 body={"strategy":"-android uiautomator","selector":"new UiSelector().resourceIdMatches(\".*COMMUNITY.*\")...
05:36:59.667242 POST /session/a880ccf9-282d-4356-b5e5-3a1a9f8c44ac/element [8.709212ms] ERR:404 body={"strategy":"-android uiautomator","selector":"new UiSelector().resourceIdMatches(\".*COMMUNITY.*\")...
05:36:59.676537 POST /session/a880ccf9-282d-4356-b5e5-3a1a9f8c44ac/element [9.17237ms] ERR:404 body={"strategy":"-android uiautomator","selector":"new UiSelector().resourceIdMatches(\".*COMMUNITY.*\")...
05:36:59.686376 POST /session/a880ccf9-282d-4356-b5e5-3a1a9f8c44ac/element [9.714682ms] ERR:404 body={"strategy":"-android uiautomator","selector":"new UiSelector().resourceIdMatches(\".*COMMUNITY.*\")...
05:36:59.695445 POST /session/a880ccf9-282d-4356-b5e5-3a1a9f8c44ac/element [8.942802ms] ERR:404 body={"strategy":"-android uiautomator","selector":"new UiSelector().resourceIdMatches(\".*COMMUNITY.*\")...
05:36:59.706019 POST /session/a880ccf9-282d-4356-b5e5-3a1a9f8c44ac/element [10.437592ms] ERR:404 body={"strategy":"-android uiautomator","selector":"new UiSelector().resourceIdMatches(\".*COMMUNITY.*\")...
05:36:59.717851 POST /session/a880ccf9-282d-4356-b5e5-3a1a9f8c44ac/element [11.680783ms] ERR:404 body={"strategy":"-android uiautomator","selector":"new UiSelector().resourceIdMatches(\".*COMMUNITY.*\")...
05:36:59.728647 POST /session/a880ccf9-282d-4356-b5e5-3a1a9f8c44ac/element [10.617087ms] ERR:404 body={"strategy":"-android uiautomator","selector":"new UiSelector().resourceIdMatches(\".*COMMUNITY.*\")...
05:36:59.755067 POST /session/a880ccf9-282d-4356-b5e5-3a1a9f8c44ac/element [26.288087ms] ERR:404 body={"strategy":"-android uiautomator","selector":"new UiSelector().resourceIdMatches(\".*COMMUNITY.*\")...
05:36:59.773716 POST /session/a880ccf9-282d-4356-b5e5-3a1a9f8c44ac/element [18.468532ms] ERR:404 body={"strategy":"-android uiautomator","selector":"new UiSelector().resourceIdMatches(\".*COMMUNITY.*\")...
05:36:59.804653 POST /session/a880ccf9-282d-4356-b5e5-3a1a9f8c44ac/element [30.799448ms] ERR:404 body={"strategy":"-android uiautomator","selector":"new UiSelector().resourceIdMatches(\".*COMMUNITY.*\")...
05:36:59.815310 POST /session/a880ccf9-282d-4356-b5e5-3a1a9f8c44ac/element [10.513072ms] ERR:404 body={"strategy":"-android uiautomator","selector":"new UiSelector().resourceIdMatches(\".*COMMUNITY.*\")...
05:36:59.825315 POST /session/a880ccf9-282d-4356-b5e5-3a1a9f8c44ac/element [9.807916ms] ERR:404 body={"strategy":"-android uiautomator","selector":"new UiSelector().resourceIdMatches(\".*COMMUNITY.*\")...
05:36:59.837774 POST /session/a880ccf9-282d-4356-b5e5-3a1a9f8c44ac/element [12.257358ms] ERR:404 body={"strategy":"-android uiautomator","selector":"new UiSelector().resourceIdMatches(\".*COMMUNITY.*\")...
05:36:59.849282 POST /session/a880ccf9-282d-4356-b5e5-3a1a9f8c44ac/element [11.301264ms] ERR:404 body={"strategy":"-android uiautomator","selector":"new UiSelector().resourceIdMatches(\".*COMMUNITY.*\")...
05:36:59.861605 POST /session/a880ccf9-282d-4356-b5e5-3a1a9f8c44ac/element [12.188096ms] ERR:404 body={"strategy":"-android uiautomator","selector":"new UiSelector().resourceIdMatches(\".*COMMUNITY.*\")...
05:36:59.872912 POST /session/a880ccf9-282d-4356-b5e5-3a1a9f8c44ac/element [11.165004ms] ERR:404 body={"strategy":"-android uiautomator","selector":"new UiSelector().resourceIdMatches(\".*COMMUNITY.*\")...
05:36:59.883658 POST /session/a880ccf9-282d-4356-b5e5-3a1a9f8c44ac/element [10.614622ms] ERR:404 body={"strategy":"-android uiautomator","selector":"new UiSelector().resourceIdMatches(\".*COMMUNITY.*\")...
05:36:59.893847 POST /session/a880ccf9-282d-4356-b5e5-3a1a9f8c44ac/element [10.059887ms] ERR:404 body={"strategy":"-android uiautomator","selector":"new UiSelector().resourceIdMatches(\".*COMMUNITY.*\")...
05:36:59.904878 POST /session/a880ccf9-282d-4356-b5e5-3a1a9f8c44ac/element [10.893533ms] ERR:404 body={"strategy":"-android uiautomator","selector":"new UiSelector().resourceIdMatches(\".*COMMUNITY.*\")...
05:36:59.925730 POST /session/a880ccf9-282d-4356-b5e5-3a1a9f8c44ac/element [20.699737ms] ERR:404 body={"strategy":"-android uiautomator","selector":"new UiSelector().resourceIdMatches(\".*COMMUNITY.*\")...
05:37:00.046414 POST /session/a880ccf9-282d-4356-b5e5-3a1a9f8c44ac/element [120.538904ms] ERR:404 body={"strategy":"-android uiautomator","selector":"new UiSelector().resourceIdMatches(\".*COMMUNITY.*\")...
05:37:00.069172 POST /session/a880ccf9-282d-4356-b5e5-3a1a9f8c44ac/element [22.6069ms] ERR:404 body={"strategy":"-android uiautomator","selector":"new UiSelector().resourceIdMatches(\".*COMMUNITY.*\")...
05:37:00.086607 POST /session/a880ccf9-282d-4356-b5e5-3a1a9f8c44ac/element [17.240229ms] ERR:404 body={"strategy":"-android uiautomator","selector":"new UiSelector().resourceIdMatches(\".*COMMUNITY.*\")...
05:37:00.096282 POST /session/a880ccf9-282d-4356-b5e5-3a1a9f8c44ac/element [9.518076ms] ERR:404 body={"strategy":"-android uiautomator","selector":"new UiSelector().resourceIdMatches(\".*COMMUNITY.*\")...
05:37:00.105721 POST /session/a880ccf9-282d-4356-b5e5-3a1a9f8c44ac/element [9.315564ms] ERR:404 body={"strategy":"-android uiautomator","selector":"new UiSelector().resourceIdMatches(\".*COMMUNITY.*\")...
05:37:00.116362 POST /session/a880ccf9-282d-4356-b5e5-3a1a9f8c44ac/element [10.510022ms] ERR:404 body={"strategy":"-android uiautomator","selector":"new UiSelector().resourceIdMatches(\".*COMMUNITY.*\")...
05:37:00.126060 POST /session/a880ccf9-282d-4356-b5e5-3a1a9f8c44ac/element [9.562483ms] ERR:404 body={"strategy":"-android uiautomator","selector":"new UiSelector().resourceIdMatches(\".*COMMUNITY.*\")...
05:37:00.135322 POST /session/a880ccf9-282d-4356-b5e5-3a1a9f8c44ac/element [9.092611ms] ERR:404 body={"strategy":"-android uiautomator","selector":"new UiSelector().resourceIdMatches(\".*COMMUNITY.*\")...
05:37:00.146693 POST /session/a880ccf9-282d-4356-b5e5-3a1a9f8c44ac/element [11.224751ms] ERR:404 body={"strategy":"-android uiautomator","selector":"new UiSelector().resourceIdMatches(\".*COMMUNITY.*\")...
05:37:00.156162 POST /session/a880ccf9-282d-4356-b5e5-3a1a9f8c44ac/element [9.350458ms] ERR:404 body={"strategy":"-android uiautomator","selector":"new UiSelector().resourceIdMatches(\".*COMMUNITY.*\")...
05:37:00.165660 POST /session/a880ccf9-282d-4356-b5e5-3a1a9f8c44ac/element [9.339843ms] ERR:404 body={"strategy":"-android uiautomator","selector":"new UiSelector().resourceIdMatches(\".*COMMUNITY.*\")...
05:37:00.176256 POST /session/a880ccf9-282d-4356-b5e5-3a1a9f8c44ac/element [10.46318ms] ERR:404 body={"strategy":"-android uiautomator","selector":"new UiSelector().resourceIdMatches(\".*COMMUNITY.*\")...
05:37:00.192704 POST /session/a880ccf9-282d-4356-b5e5-3a1a9f8c44ac/element [16.304668ms] ERR:404 body={"strategy":"-android uiautomator","selector":"new UiSelector().resourceIdMatches(\".*COMMUNITY.*\")...
05:37:00.213381 POST /session/a880ccf9-282d-4356-b5e5-3a1a9f8c44ac/element [20.55468ms] ERR:404 body={"strategy":"-android uiautomator","selector":"new UiSelector().resourceIdMatches(\".*COMMUNITY.*\")...
05:37:00.916481 POST /session/a880ccf9-282d-4356-b5e5-3a1a9f8c44ac/element [702.964157ms] ERR:404 body={"strategy":"-android uiautomator","selector":"new UiSelector().resourceIdMatches(\".*COMMUNITY.*\")...
05:37:01.548052 POST /session/a880ccf9-282d-4356-b5e5-3a1a9f8c44ac/element [631.443627ms] OK body={"strategy":"-android uiautomator","selector":"new UiSelector().resourceIdMatches(\".*COMMUNITY.*\")...
05:37:03.003074 GET /session/a880ccf9-282d-4356-b5e5-3a1a9f8c44ac/element/00000000-0000-0018-ffff-ffff00000097/text [1.454886755s] OK body=
05:37:03.013960 GET /session/a880ccf9-282d-4356-b5e5-3a1a9f8c44ac/element/00000000-0000-0018-ffff-ffff00000097/rect [10.812612ms] OK body=
05:37:03.042319 POST /session/a880ccf9-282d-4356-b5e5-3a1a9f8c44ac/element [27.54837ms] ERR:404 body={"strategy":"-android uiautomator","selector":"new UiSelector().resourceIdMatches(\".*SEARCH.*\").cl...
05:37:03.066242 POST /session/a880ccf9-282d-4356-b5e5-3a1a9f8c44ac/element [23.771911ms] OK body={"strategy":"-android uiautomator","selector":"new UiSelector().resourceIdMatches(\".*SEARCH.*\")"}
05:37:03.075361 GET /session/a880ccf9-282d-4356-b5e5-3a1a9f8c44ac/element/00000000-0000-0018-ffff-ffff000000a3/text [9.038249ms] OK body=
05:37:03.086588 GET /session/a880ccf9-282d-4356-b5e5-3a1a9f8c44ac/element/00000000-0000-0018-ffff-ffff000000a3/rect [11.152829ms] OK body=
05:37:03.117013 POST /session/a880ccf9-282d-4356-b5e5-3a1a9f8c44ac/element/00000000-0000-0018-ffff-ffff000000a3/click [30.346975ms] OK body=
05:37:03.290364 POST /session/a880ccf9-282d-4356-b5e5-3a1a9f8c44ac/element [155.888757ms] ERR:404 body={"strategy":"-android uiautomator","selector":"new UiSelector().resourceIdMatches(\".*search-mode-to...
05:37:03.346913 POST /session/a880ccf9-282d-4356-b5e5-3a1a9f8c44ac/element [56.402514ms] ERR:404 body={"strategy":"-android uiautomator","selector":"new UiSelector().resourceIdMatches(\".*search-mode-to...
05:37:03.442331 POST /session/a880ccf9-282d-4356-b5e5-3a1a9f8c44ac/element [95.308836ms] ERR:404 body={"strategy":"-android uiautomator","selector":"new UiSelector().resourceIdMatches(\".*search-mode-to...
05:37:03.981547 POST /session/a880ccf9-282d-4356-b5e5-3a1a9f8c44ac/element [539.087736ms] OK body={"strategy":"-android uiautomator","selector":"new UiSelector().resourceIdMatches(\".*search-mode-to...
05:37:03.992975 GET /session/a880ccf9-282d-4356-b5e5-3a1a9f8c44ac/element/00000000-0000-0018-ffff-ffff00000114/text [11.354281ms] OK body=
05:37:04.004212 GET /session/a880ccf9-282d-4356-b5e5-3a1a9f8c44ac/element/00000000-0000-0018-ffff-ffff00000114/rect [11.134813ms] OK body=
05:37:04.035530 POST /session/a880ccf9-282d-4356-b5e5-3a1a9f8c44ac/element/00000000-0000-0018-ffff-ffff00000114/click [31.228354ms] OK body=
05:37:04.057615 POST /session/a880ccf9-282d-4356-b5e5-3a1a9f8c44ac/element [21.068471ms] ERR:404 body={"strategy":"-android uiautomator","selector":"new UiSelector().resourceIdMatches(\".*search-user-in...
05:37:04.104670 POST /session/a880ccf9-282d-4356-b5e5-3a1a9f8c44ac/element [46.906379ms] ERR:404 body={"strategy":"-android uiautomator","selector":"new UiSelector().resourceIdMatches(\".*search-user-in...
05:37:04.694811 POST /session/a880ccf9-282d-4356-b5e5-3a1a9f8c44ac/element [590.024469ms] OK body={"strategy":"-android uiautomator","selector":"new UiSelector().resourceIdMatches(\".*search-user-in...
05:37:04.704774 GET /session/a880ccf9-282d-4356-b5e5-3a1a9f8c44ac/element/00000000-0000-0018-ffff-ffff0000011f/text [9.869948ms] OK body=
05:37:04.714833 GET /session/a880ccf9-282d-4356-b5e5-3a1a9f8c44ac/element/00000000-0000-0018-ffff-ffff0000011f/rect [9.979697ms] OK body=
05:37:04.962268 POST /session/a880ccf9-282d-4356-b5e5-3a1a9f8c44ac/element/00000000-0000-0018-ffff-ffff0000011f/click [247.372868ms] OK body=
05:37:04.991469 POST /session/a880ccf9-282d-4356-b5e5-3a1a9f8c44ac/actions [28.026852ms] OK body={"actions":[{"actions":[{"type":"keyDown","value":"a"},{"type":"keyUp","value":"a"}],"id":"keyboard"...
05:37:05.003337 POST /session/a880ccf9-282d-4356-b5e5-3a1a9f8c44ac/appium/device/hide_keyboard [10.506561ms] ERR:404 body=
05:37:05.768906 POST /session/a880ccf9-282d-4356-b5e5-3a1a9f8c44ac/element [763.522118ms] ERR:404 body={"strategy":"-android uiautomator","selector":"new UiSelector().resourceIdMatches(\".*search-user-fo...
05:37:05.777899 POST /session/a880ccf9-282d-4356-b5e5-3a1a9f8c44ac/element [8.848281ms] ERR:404 body={"strategy":"-android uiautomator","selector":"new UiSelector().resourceIdMatches(\".*search-user-fo...
05:37:05.786193 POST /session/a880ccf9-282d-4356-b5e5-3a1a9f8c44ac/element [8.169113ms] ERR:404 body={"strategy":"-android uiautomator","selector":"new UiSelector().resourceIdMatches(\".*search-user-fo...
05:37:05.794688 POST /session/a880ccf9-282d-4356-b5e5-3a1a9f8c44ac/element [8.338284ms] ERR:404 body={"strategy":"-android uiautomator","selector":"new UiSelector().resourceIdMatches(\".*search-user-fo...
05:37:05.803168 POST /session/a880ccf9-282d-4356-b5e5-3a1a9f8c44ac/element [8.354418ms] ERR:404 body={"strategy":"-android uiautomator","selector":"new UiSelector().resourceIdMatches(\".*search-user-fo...
05:37:05.811032 POST /session/a880ccf9-282d-4356-b5e5-3a1a9f8c44ac/element [7.734897ms] ERR:404 body={"strategy":"-android uiautomator","selector":"new UiSelector().resourceIdMatches(\".*search-user-fo...
05:37:05.819683 POST /session/a880ccf9-282d-4356-b5e5-3a1a9f8c44ac/element [8.541459ms] ERR:404 body={"strategy":"-android uiautomator","selector":"new UiSelector().resourceIdMatches(\".*search-user-fo...
05:37:05.829841 POST /session/a880ccf9-282d-4356-b5e5-3a1a9f8c44ac/element [10.021573ms] ERR:404 body={"strategy":"-android uiautomator","selector":"new UiSelector().resourceIdMatches(\".*search-user-fo...
05:37:05.839328 POST /session/a880ccf9-282d-4356-b5e5-3a1a9f8c44ac/element [9.339203ms] ERR:404 body={"strategy":"-android uiautomator","selector":"new UiSelector().resourceIdMatches(\".*search-user-fo...
05:37:05.849568 POST /session/a880ccf9-282d-4356-b5e5-3a1a9f8c44ac/element [10.095077ms] ERR:404 body={"strategy":"-android uiautomator","selector":"new UiSelector().resourceIdMatches(\".*search-user-fo...
05:37:05.858877 POST /session/a880ccf9-282d-4356-b5e5-3a1a9f8c44ac/element [9.148636ms] ERR:404 body={"strategy":"-android uiautomator","selector":"new UiSelector().resourceIdMatches(\".*search-user-fo...
05:37:05.867920 POST /session/a880ccf9-282d-4356-b5e5-3a1a9f8c44ac/element [8.892172ms] ERR:404 body={"strategy":"-android uiautomator","selector":"new UiSelector().resourceIdMatches(\".*search-user-fo...
05:37:05.878209 POST /session/a880ccf9-282d-4356-b5e5-3a1a9f8c44ac/element [10.117821ms] ERR:404 body={"strategy":"-android uiautomator","selector":"new UiSelector().resourceIdMatches(\".*search-user-fo...
05:37:05.887793 POST /session/a880ccf9-282d-4356-b5e5-3a1a9f8c44ac/element [9.436253ms] ERR:404 body={"strategy":"-android uiautomator","selector":"new UiSelector().resourceIdMatches(\".*search-user-fo...
05:37:05.897516 POST /session/a880ccf9-282d-4356-b5e5-3a1a9f8c44ac/element [9.575748ms] ERR:404 body={"strategy":"-android uiautomator","selector":"new UiSelector().resourceIdMatches(\".*search-user-fo...
05:37:05.906840 POST /session/a880ccf9-282d-4356-b5e5-3a1a9f8c44ac/element [9.172335ms] ERR:404 body={"strategy":"-android uiautomator","selector":"new UiSelector().resourceIdMatches(\".*search-user-fo...
05:37:05.915677 POST /session/a880ccf9-282d-4356-b5e5-3a1a9f8c44ac/element [8.722615ms] ERR:404 body={"strategy":"-android uiautomator","selector":"new UiSelector().resourceIdMatches(\".*search-user-fo...
05:37:05.926062 POST /session/a880ccf9-282d-4356-b5e5-3a1a9f8c44ac/element [10.258309ms] ERR:404 body={"strategy":"-android uiautomator","selector":"new UiSelector().resourceIdMatches(\".*search-user-fo...
05:37:05.934519 POST /session/a880ccf9-282d-4356-b5e5-3a1a9f8c44ac/element [8.330413ms] ERR:404 body={"strategy":"-android uiautomator","selector":"new UiSelector().resourceIdMatches(\".*search-user-fo...
05:37:05.944040 POST /session/a880ccf9-282d-4356-b5e5-3a1a9f8c44ac/element [9.390257ms] ERR:404 body={"strategy":"-android uiautomator","selector":"new UiSelector().resourceIdMatches(\".*search-user-fo...
05:37:05.956866 POST /session/a880ccf9-282d-4356-b5e5-3a1a9f8c44ac/element [12.662054ms] ERR:404 body={"strategy":"-android uiautomator","selector":"new UiSelector().resourceIdMatches(\".*search-user-fo...
05:37:05.967827 POST /session/a880ccf9-282d-4356-b5e5-3a1a9f8c44ac/element [10.8061ms] ERR:404 body={"strategy":"-android uiautomator","selector":"new UiSelector().resourceIdMatches(\".*search-user-fo...
05:37:06.002500 POST /session/a880ccf9-282d-4356-b5e5-3a1a9f8c44ac/element [34.513559ms] ERR:404 body={"strategy":"-android uiautomator","selector":"new UiSelector().resourceIdMatches(\".*search-user-fo...
05:37:06.537284 POST /session/a880ccf9-282d-4356-b5e5-3a1a9f8c44ac/element [533.984115ms] OK body={"strategy":"-android uiautomator","selector":"new UiSelector().resourceIdMatches(\".*search-user-fo...
05:37:07.349658 POST /session/a880ccf9-282d-4356-b5e5-3a1a9f8c44ac/element [811.10958ms] OK body={"strategy":"-android uiautomator","selector":"new UiSelector().resourceIdMatches(\".*search-user-fo...
05:37:07.362800 GET /session/a880ccf9-282d-4356-b5e5-3a1a9f8c44ac/element/00000000-0000-0018-ffff-ffff00000140/text [13.056771ms] OK body=
05:37:07.377576 GET /session/a880ccf9-282d-4356-b5e5-3a1a9f8c44ac/element/00000000-0000-0018-ffff-ffff00000140/rect [14.706175ms] OK body=
05:37:07.410112 POST /session/a880ccf9-282d-4356-b5e5-3a1a9f8c44ac/element/00000000-0000-0018-ffff-ffff00000140/click [32.461693ms] OK body=
05:37:08.090311 POST /session/a880ccf9-282d-4356-b5e5-3a1a9f8c44ac/element [678.403564ms] OK body={"strategy":"-android uiautomator","selector":"new UiSelector().textContains(\"Unfollow\")"}
05:37:08.104118 POST /session/a880ccf9-282d-4356-b5e5-3a1a9f8c44ac/element [12.655492ms] OK body={"strategy":"-android uiautomator","selector":"new UiSelector().resourceIdMatches(\".*search-user-fo...
05:37:08.116895 GET /session/a880ccf9-282d-4356-b5e5-3a1a9f8c44ac/element/00000000-0000-0018-ffff-ffff00000140/text [12.697246ms] OK body=
05:37:08.128558 GET /session/a880ccf9-282d-4356-b5e5-3a1a9f8c44ac/element/00000000-0000-0018-ffff-ffff00000140/rect [11.603947ms] OK body=
05:37:08.159605 POST /session/a880ccf9-282d-4356-b5e5-3a1a9f8c44ac/element/00000000-0000-0018-ffff-ffff00000140/click [30.97634ms] OK body=
05:37:08.184273 POST /session/a880ccf9-282d-4356-b5e5-3a1a9f8c44ac/element [22.535182ms] OK body={"strategy":"-android uiautomator","selector":"new UiSelector().textContains(\"Follow\")"}
05:37:13.363151 POST /session/a880ccf9-282d-4356-b5e5-3a1a9f8c44ac/appium/device/launch_app [4.344587ms] ERR:404 body={"appId":"com.tastopia.app"}
05:37:16.270332 POST /session/a880ccf9-282d-4356-b5e5-3a1a9f8c44ac/element [1.108410995s] OK body={"strategy":"-android uiautomator","selector":"new UiSelector().resourceIdMatches(\".*MENU.*\")"}
05:37:16.942950 GET /session/a880ccf9-282d-4356-b5e5-3a1a9f8c44ac/element/00000000-0000-001a-ffff-ffff0000006f/text [672.512155ms] OK body=
05:37:18.502858 GET /session/a880ccf9-282d-4356-b5e5-3a1a9f8c44ac/element/00000000-0000-001a-ffff-ffff0000006f/rect [1.55981548s] OK body=
05:37:19.121317 POST /session/a880ccf9-282d-4356-b5e5-3a1a9f8c44ac/element [618.05222ms] ERR:404 body={"strategy":"-android uiautomator","selector":"new UiSelector().resourceIdMatches(\".*MENU.*\").clic...
05:37:19.149793 POST /session/a880ccf9-282d-4356-b5e5-3a1a9f8c44ac/element [28.342682ms] OK body={"strategy":"-android uiautomator","selector":"new UiSelector().resourceIdMatches(\".*MENU.*\")"}
05:37:19.161571 GET /session/a880ccf9-282d-4356-b5e5-3a1a9f8c44ac/element/00000000-0000-001a-ffff-ffff0000006f/text [11.706791ms] OK body=
05:37:19.175214 GET /session/a880ccf9-282d-4356-b5e5-3a1a9f8c44ac/element/00000000-0000-001a-ffff-ffff0000006f/rect [13.553979ms] OK body=
05:37:19.206351 POST /session/a880ccf9-282d-4356-b5e5-3a1a9f8c44ac/element/00000000-0000-001a-ffff-ffff0000006f/click [31.041109ms] OK body=
05:37:19.208718 POST /session/a880ccf9-282d-4356-b5e5-3a1a9f8c44ac/appium/device/hide_keyboard [2.25035ms] ERR:404 body=
05:37:19.394184 POST /session/a880ccf9-282d-4356-b5e5-3a1a9f8c44ac/element [185.086744ms] ERR:404 body={"strategy":"-android uiautomator","selector":"new UiSelector().textContains(\"History\")"}
05:37:19.425761 POST /session/a880ccf9-282d-4356-b5e5-3a1a9f8c44ac/element [31.402293ms] ERR:404 body={"strategy":"-android uiautomator","selector":"new UiSelector().descriptionContains(\"History\")"}
05:37:19.452555 POST /session/a880ccf9-282d-4356-b5e5-3a1a9f8c44ac/element [26.657737ms] ERR:404 body={"strategy":"-android uiautomator","selector":"new UiSelector().textMatches(\"(?is).*\\QHistory\\E.*...
05:37:19.484901 POST /session/a880ccf9-282d-4356-b5e5-3a1a9f8c44ac/element [32.21536ms] ERR:404 body={"strategy":"-android uiautomator","selector":"new UiSelector().descriptionMatches(\"(?is).*\\QHisto...
05:37:20.311227 POST /session/a880ccf9-282d-4356-b5e5-3a1a9f8c44ac/element [826.137561ms] OK body={"strategy":"-android uiautomator","selector":"new UiSelector().textContains(\"History\")"}
05:37:20.670130 POST /session/a880ccf9-282d-4356-b5e5-3a1a9f8c44ac/element [358.138357ms] OK body={"strategy":"-android uiautomator","selector":"new UiSelector().resourceIdMatches(\".*menu-logout-bu...
05:37:20.687820 GET /session/a880ccf9-282d-4356-b5e5-3a1a9f8c44ac/element/00000000-0000-001a-ffff-ffff000000c7/text [17.584963ms] OK body=
05:37:20.719664 GET /session/a880ccf9-282d-4356-b5e5-3a1a9f8c44ac/element/00000000-0000-001a-ffff-ffff000000c7/rect [31.744201ms] OK body=
05:37:20.757604 POST /session/a880ccf9-282d-4356-b5e5-3a1a9f8c44ac/element/00000000-0000-001a-ffff-ffff000000c7/click [37.855918ms] OK body=
05:37:20.795390 POST /session/a880ccf9-282d-4356-b5e5-3a1a9f8c44ac/element [37.34746ms] ERR:404 body={"strategy":"-android uiautomator","selector":"new UiSelector().textContains(\"Welcome to\")"}
05:37:20.819700 POST /session/a880ccf9-282d-4356-b5e5-3a1a9f8c44ac/element [24.152661ms] ERR:404 body={"strategy":"-android uiautomator","selector":"new UiSelector().descriptionContains(\"Welcome to\")"...
05:37:20.843482 POST /session/a880ccf9-282d-4356-b5e5-3a1a9f8c44ac/element [23.65152ms] ERR:404 body={"strategy":"-android uiautomator","selector":"new UiSelector().textMatches(\"(?is).*\\QWelcome to\\...
05:37:20.872302 POST /session/a880ccf9-282d-4356-b5e5-3a1a9f8c44ac/element [28.662103ms] ERR:404 body={"strategy":"-android uiautomator","selector":"new UiSelector().descriptionMatches(\"(?is).*\\QWelco...
05:37:20.902636 POST /session/a880ccf9-282d-4356-b5e5-3a1a9f8c44ac/element [30.195397ms] ERR:404 body={"strategy":"-android uiautomator","selector":"new UiSelector().textContains(\"Welcome to\")"}
05:37:20.930874 POST /session/a880ccf9-282d-4356-b5e5-3a1a9f8c44ac/element [28.111246ms] ERR:404 body={"strategy":"-android uiautomator","selector":"new UiSelector().descriptionContains(\"Welcome to\")"...
05:37:20.964729 POST /session/a880ccf9-282d-4356-b5e5-3a1a9f8c44ac/element [33.703428ms] ERR:404 body={"strategy":"-android uiautomator","selector":"new UiSelector().textMatches(\"(?is).*\\QWelcome to\\...
05:37:20.994604 POST /session/a880ccf9-282d-4356-b5e5-3a1a9f8c44ac/element [29.740694ms] ERR:404 body={"strategy":"-android uiautomator","selector":"new UiSelector().descriptionMatches(\"(?is).*\\QWelco...
05:37:21.061332 POST /session/a880ccf9-282d-4356-b5e5-3a1a9f8c44ac/element [66.600523ms] ERR:404 body={"strategy":"-android uiautomator","selector":"new UiSelector().textContains(\"Welcome to\")"}
05:37:22.020543 POST /session/a880ccf9-282d-4356-b5e5-3a1a9f8c44ac/element [959.067906ms] ERR:404 body={"strategy":"-android uiautomator","selector":"new UiSelector().descriptionContains(\"Welcome to\")"...
05:37:22.027334 POST /session/a880ccf9-282d-4356-b5e5-3a1a9f8c44ac/element [6.619538ms] ERR:404 body={"strategy":"-android uiautomator","selector":"new UiSelector().textMatches(\"(?is).*\\QWelcome to\\...
05:37:22.033847 POST /session/a880ccf9-282d-4356-b5e5-3a1a9f8c44ac/element [6.353359ms] ERR:404 body={"strategy":"-android uiautomator","selector":"new UiSelector().descriptionMatches(\"(?is).*\\QWelco...
05:37:22.038859 POST /session/a880ccf9-282d-4356-b5e5-3a1a9f8c44ac/element [4.872585ms] ERR:404 body={"strategy":"-android uiautomator","selector":"new UiSelector().textContains(\"Welcome to\")"}
05:37:22.044291 POST /session/a880ccf9-282d-4356-b5e5-3a1a9f8c44ac/element [5.324869ms] ERR:404 body={"strategy":"-android uiautomator","selector":"new UiSelector().descriptionContains(\"Welcome to\")"...
05:37:22.049291 POST /session/a880ccf9-282d-4356-b5e5-3a1a9f8c44ac/element [4.896202ms] ERR:404 body={"strategy":"-android uiautomator","selector":"new UiSelector().textMatches(\"(?is).*\\QWelcome to\\...
05:37:22.053754 POST /session/a880ccf9-282d-4356-b5e5-3a1a9f8c44ac/element [4.397937ms] ERR:404 body={"strategy":"-android uiautomator","selector":"new UiSelector().descriptionMatches(\"(?is).*\\QWelco...
05:37:22.058420 POST /session/a880ccf9-282d-4356-b5e5-3a1a9f8c44ac/element [4.567084ms] ERR:404 body={"strategy":"-android uiautomator","selector":"new UiSelector().textContains(\"Welcome to\")"}
05:37:22.063287 POST /session/a880ccf9-282d-4356-b5e5-3a1a9f8c44ac/element [4.775386ms] ERR:404 body={"strategy":"-android uiautomator","selector":"new UiSelector().descriptionContains(\"Welcome to\")"...
05:37:22.067777 POST /session/a880ccf9-282d-4356-b5e5-3a1a9f8c44ac/element [4.437014ms] ERR:404 body={"strategy":"-android uiautomator","selector":"new UiSelector().textMatches(\"(?is).*\\QWelcome to\\...
05:37:22.072384 POST /session/a880ccf9-282d-4356-b5e5-3a1a9f8c44ac/element [4.546765ms] ERR:404 body={"strategy":"-android uiautomator","selector":"new UiSelector().descriptionMatches(\"(?is).*\\QWelco...
05:37:22.076883 POST /session/a880ccf9-282d-4356-b5e5-3a1a9f8c44ac/element [4.437444ms] ERR:404 body={"strategy":"-android uiautomator","selector":"new UiSelector().textContains(\"Welcome to\")"}
05:37:22.081599 POST /session/a880ccf9-282d-4356-b5e5-3a1a9f8c44ac/element [4.643757ms] ERR:404 body={"strategy":"-android uiautomator","selector":"new UiSelector().descriptionContains(\"Welcome to\")"...
05:37:22.087596 POST /session/a880ccf9-282d-4356-b5e5-3a1a9f8c44ac/element [5.929957ms] ERR:404 body={"strategy":"-android uiautomator","selector":"new UiSelector().textMatches(\"(?is).*\\QWelcome to\\...
05:37:22.093046 POST /session/a880ccf9-282d-4356-b5e5-3a1a9f8c44ac/element [5.36788ms] ERR:404 body={"strategy":"-android uiautomator","selector":"new UiSelector().descriptionMatches(\"(?is).*\\QWelco...
05:37:22.099273 POST /session/a880ccf9-282d-4356-b5e5-3a1a9f8c44ac/element [6.142417ms] ERR:404 body={"strategy":"-android uiautomator","selector":"new UiSelector().textContains(\"Welcome to\")"}
05:37:22.104589 POST /session/a880ccf9-282d-4356-b5e5-3a1a9f8c44ac/element [5.249809ms] ERR:404 body={"strategy":"-android uiautomator","selector":"new UiSelector().descriptionContains(\"Welcome to\")"...
05:37:22.110458 POST /session/a880ccf9-282d-4356-b5e5-3a1a9f8c44ac/element [5.805265ms] ERR:404 body={"strategy":"-android uiautomator","selector":"new UiSelector().textMatches(\"(?is).*\\QWelcome to\\...
05:37:22.115649 POST /session/a880ccf9-282d-4356-b5e5-3a1a9f8c44ac/element [5.107101ms] ERR:404 body={"strategy":"-android uiautomator","selector":"new UiSelector().descriptionMatches(\"(?is).*\\QWelco...
05:37:22.120500 POST /session/a880ccf9-282d-4356-b5e5-3a1a9f8c44ac/element [4.772269ms] ERR:404 body={"strategy":"-android uiautomator","selector":"new UiSelector().textContains(\"Welcome to\")"}
05:37:22.126304 POST /session/a880ccf9-282d-4356-b5e5-3a1a9f8c44ac/element [5.732129ms] ERR:404 body={"strategy":"-android uiautomator","selector":"new UiSelector().descriptionContains(\"Welcome to\")"...
05:37:22.131144 POST /session/a880ccf9-282d-4356-b5e5-3a1a9f8c44ac/element [4.77343ms] ERR:404 body={"strategy":"-android uiautomator","selector":"new UiSelector().textMatches(\"(?is).*\\QWelcome to\\...
05:37:22.135942 POST /session/a880ccf9-282d-4356-b5e5-3a1a9f8c44ac/element [4.702077ms] ERR:404 body={"strategy":"-android uiautomator","selector":"new UiSelector().descriptionMatches(\"(?is).*\\QWelco...
05:37:22.140573 POST /session/a880ccf9-282d-4356-b5e5-3a1a9f8c44ac/element [4.541096ms] ERR:404 body={"strategy":"-android uiautomator","selector":"new UiSelector().textContains(\"Welcome to\")"}
05:37:22.145153 POST /session/a880ccf9-282d-4356-b5e5-3a1a9f8c44ac/element [4.498595ms] ERR:404 body={"strategy":"-android uiautomator","selector":"new UiSelector().descriptionContains(\"Welcome to\")"...
05:37:22.150651 POST /session/a880ccf9-282d-4356-b5e5-3a1a9f8c44ac/element [5.372508ms] ERR:404 body={"strategy":"-android uiautomator","selector":"new UiSelector().textMatches(\"(?is).*\\QWelcome to\\...
05:37:22.156243 POST /session/a880ccf9-282d-4356-b5e5-3a1a9f8c44ac/element [5.528892ms] ERR:404 body={"strategy":"-android uiautomator","selector":"new UiSelector().descriptionMatches(\"(?is).*\\QWelco...
05:37:22.162389 POST /session/a880ccf9-282d-4356-b5e5-3a1a9f8c44ac/element [6.062915ms] ERR:404 body={"strategy":"-android uiautomator","selector":"new UiSelector().textContains(\"Welcome to\")"}
05:37:22.168630 POST /session/a880ccf9-282d-4356-b5e5-3a1a9f8c44ac/element [6.082383ms] ERR:404 body={"strategy":"-android uiautomator","selector":"new UiSelector().descriptionContains(\"Welcome to\")"...
05:37:22.174722 POST /session/a880ccf9-282d-4356-b5e5-3a1a9f8c44ac/element [5.965856ms] ERR:404 body={"strategy":"-android uiautomator","selector":"new UiSelector().textMatches(\"(?is).*\\QWelcome to\\...
05:37:22.181594 POST /session/a880ccf9-282d-4356-b5e5-3a1a9f8c44ac/element [6.74926ms] ERR:404 body={"strategy":"-android uiautomator","selector":"new UiSelector().descriptionMatches(\"(?is).*\\QWelco...
05:37:22.187485 POST /session/a880ccf9-282d-4356-b5e5-3a1a9f8c44ac/element [5.781368ms] ERR:404 body={"strategy":"-android uiautomator","selector":"new UiSelector().textContains(\"Welcome to\")"}
05:37:22.193434 POST /session/a880ccf9-282d-4356-b5e5-3a1a9f8c44ac/element [5.842575ms] ERR:404 body={"strategy":"-android uiautomator","selector":"new UiSelector().descriptionContains(\"Welcome to\")"...
05:37:22.198919 POST /session/a880ccf9-282d-4356-b5e5-3a1a9f8c44ac/element [5.390501ms] ERR:404 body={"strategy":"-android uiautomator","selector":"new UiSelector().textMatches(\"(?is).*\\QWelcome to\\...
05:37:22.204435 POST /session/a880ccf9-282d-4356-b5e5-3a1a9f8c44ac/element [5.41691ms] ERR:404 body={"strategy":"-android uiautomator","selector":"new UiSelector().descriptionMatches(\"(?is).*\\QWelco...
05:37:22.210960 POST /session/a880ccf9-282d-4356-b5e5-3a1a9f8c44ac/element [6.406748ms] ERR:404 body={"strategy":"-android uiautomator","selector":"new UiSelector().textContains(\"Welcome to\")"}
05:37:22.217843 POST /session/a880ccf9-282d-4356-b5e5-3a1a9f8c44ac/element [6.748429ms] ERR:404 body={"strategy":"-android uiautomator","selector":"new UiSelector().descriptionContains(\"Welcome to\")"...
05:37:22.225104 POST /session/a880ccf9-282d-4356-b5e5-3a1a9f8c44ac/element [7.131911ms] ERR:404 body={"strategy":"-android uiautomator","selector":"new UiSelector().textMatches(\"(?is).*\\QWelcome to\\...
05:37:22.231073 POST /session/a880ccf9-282d-4356-b5e5-3a1a9f8c44ac/element [5.696369ms] ERR:404 body={"strategy":"-android uiautomator","selector":"new UiSelector().descriptionMatches(\"(?is).*\\QWelco...
05:37:22.236778 POST /session/a880ccf9-282d-4356-b5e5-3a1a9f8c44ac/element [5.493498ms] ERR:404 body={"strategy":"-android uiautomator","selector":"new UiSelector().textContains(\"Welcome to\")"}
05:37:22.241471 POST /session/a880ccf9-282d-4356-b5e5-3a1a9f8c44ac/element [4.578376ms] ERR:404 body={"strategy":"-android uiautomator","selector":"new UiSelector().descriptionContains(\"Welcome to\")"...
05:37:22.246471 POST /session/a880ccf9-282d-4356-b5e5-3a1a9f8c44ac/element [4.905324ms] ERR:404 body={"strategy":"-android uiautomator","selector":"new UiSelector().textMatches(\"(?is).*\\QWelcome to\\...
05:37:22.251060 POST /session/a880ccf9-282d-4356-b5e5-3a1a9f8c44ac/element [4.476967ms] ERR:404 body={"strategy":"-android uiautomator","selector":"new UiSelector().descriptionMatches(\"(?is).*\\QWelco...
05:37:22.255620 POST /session/a880ccf9-282d-4356-b5e5-3a1a9f8c44ac/element [4.485011ms] ERR:404 body={"strategy":"-android uiautomator","selector":"new UiSelector().textContains(\"Welcome to\")"}
05:37:22.259735 POST /session/a880ccf9-282d-4356-b5e5-3a1a9f8c44ac/element [4.053957ms] ERR:404 body={"strategy":"-android uiautomator","selector":"new UiSelector().descriptionContains(\"Welcome to\")"...
05:37:22.265174 POST /session/a880ccf9-282d-4356-b5e5-3a1a9f8c44ac/element [5.3521ms] ERR:404 body={"strategy":"-android uiautomator","selector":"new UiSelector().textMatches(\"(?is).*\\QWelcome to\\...
05:37:22.269842 POST /session/a880ccf9-282d-4356-b5e5-3a1a9f8c44ac/element [4.557172ms] ERR:404 body={"strategy":"-android uiautomator","selector":"new UiSelector().descriptionMatches(\"(?is).*\\QWelco...
05:37:22.274611 POST /session/a880ccf9-282d-4356-b5e5-3a1a9f8c44ac/element [4.688439ms] ERR:404 body={"strategy":"-android uiautomator","selector":"new UiSelector().textContains(\"Welcome to\")"}
05:37:22.278589 POST /session/a880ccf9-282d-4356-b5e5-3a1a9f8c44ac/element [3.916069ms] ERR:404 body={"strategy":"-android uiautomator","selector":"new UiSelector().descriptionContains(\"Welcome to\")"...
05:37:22.283291 POST /session/a880ccf9-282d-4356-b5e5-3a1a9f8c44ac/element [4.644409ms] ERR:404 body={"strategy":"-android uiautomator","selector":"new UiSelector().textMatches(\"(?is).*\\QWelcome to\\...
05:37:22.287506 POST /session/a880ccf9-282d-4356-b5e5-3a1a9f8c44ac/element [4.142072ms] ERR:404 body={"strategy":"-android uiautomator","selector":"new UiSelector().descriptionMatches(\"(?is).*\\QWelco...
05:37:22.291233 POST /session/a880ccf9-282d-4356-b5e5-3a1a9f8c44ac/element [3.652499ms] ERR:404 body={"strategy":"-android uiautomator","selector":"new UiSelector().textContains(\"Welcome to\")"}
05:37:22.296151 POST /session/a880ccf9-282d-4356-b5e5-3a1a9f8c44ac/element [4.82266ms] ERR:404 body={"strategy":"-android uiautomator","selector":"new UiSelector().descriptionContains(\"Welcome to\")"...
05:37:22.301084 POST /session/a880ccf9-282d-4356-b5e5-3a1a9f8c44ac/element [4.834483ms] ERR:404 body={"strategy":"-android uiautomator","selector":"new UiSelector().textMatches(\"(?is).*\\QWelcome to\\...
05:37:22.305240 POST /session/a880ccf9-282d-4356-b5e5-3a1a9f8c44ac/element [4.076791ms] ERR:404 body={"strategy":"-android uiautomator","selector":"new UiSelector().descriptionMatches(\"(?is).*\\QWelco...
05:37:22.309296 POST /session/a880ccf9-282d-4356-b5e5-3a1a9f8c44ac/element [3.950001ms] ERR:404 body={"strategy":"-android uiautomator","selector":"new UiSelector().textContains(\"Welcome to\")"}
05:37:22.313672 POST /session/a880ccf9-282d-4356-b5e5-3a1a9f8c44ac/element [4.301569ms] ERR:404 body={"strategy":"-android uiautomator","selector":"new UiSelector().descriptionContains(\"Welcome to\")"...
05:37:22.317305 POST /session/a880ccf9-282d-4356-b5e5-3a1a9f8c44ac/element [3.564353ms] ERR:404 body={"strategy":"-android uiautomator","selector":"new UiSelector().textMatches(\"(?is).*\\QWelcome to\\...
05:37:22.321248 POST /session/a880ccf9-282d-4356-b5e5-3a1a9f8c44ac/element [3.856598ms] ERR:404 body={"strategy":"-android uiautomator","selector":"new UiSelector().descriptionMatches(\"(?is).*\\QWelco...
05:37:22.325915 POST /session/a880ccf9-282d-4356-b5e5-3a1a9f8c44ac/element [4.581052ms] ERR:404 body={"strategy":"-android uiautomator","selector":"new UiSelector().textContains(\"Welcome to\")"}
05:37:22.330083 POST /session/a880ccf9-282d-4356-b5e5-3a1a9f8c44ac/element [4.091816ms] ERR:404 body={"strategy":"-android uiautomator","selector":"new UiSelector().descriptionContains(\"Welcome to\")"...
05:37:22.334878 POST /session/a880ccf9-282d-4356-b5e5-3a1a9f8c44ac/element [4.70499ms] ERR:404 body={"strategy":"-android uiautomator","selector":"new UiSelector().textMatches(\"(?is).*\\QWelcome to\\...
05:37:22.339104 POST /session/a880ccf9-282d-4356-b5e5-3a1a9f8c44ac/element [4.133457ms] ERR:404 body={"strategy":"-android uiautomator","selector":"new UiSelector().descriptionMatches(\"(?is).*\\QWelco...
05:37:22.343726 POST /session/a880ccf9-282d-4356-b5e5-3a1a9f8c44ac/element [4.527805ms] ERR:404 body={"strategy":"-android uiautomator","selector":"new UiSelector().textContains(\"Welcome to\")"}
05:37:22.348597 POST /session/a880ccf9-282d-4356-b5e5-3a1a9f8c44ac/element [4.74352ms] ERR:404 body={"strategy":"-android uiautomator","selector":"new UiSelector().descriptionContains(\"Welcome to\")"...
05:37:22.354005 POST /session/a880ccf9-282d-4356-b5e5-3a1a9f8c44ac/element [5.279645ms] ERR:404 body={"strategy":"-android uiautomator","selector":"new UiSelector().textMatches(\"(?is).*\\QWelcome to\\...
05:37:22.359725 POST /session/a880ccf9-282d-4356-b5e5-3a1a9f8c44ac/element [5.585185ms] ERR:404 body={"strategy":"-android uiautomator","selector":"new UiSelector().descriptionMatches(\"(?is).*\\QWelco...
05:37:22.366018 POST /session/a880ccf9-282d-4356-b5e5-3a1a9f8c44ac/element [6.160533ms] ERR:404 body={"strategy":"-android uiautomator","selector":"new UiSelector().textContains(\"Welcome to\")"}
05:37:22.373233 POST /session/a880ccf9-282d-4356-b5e5-3a1a9f8c44ac/element [7.064432ms] ERR:404 body={"strategy":"-android uiautomator","selector":"new UiSelector().descriptionContains(\"Welcome to\")"...
05:37:22.378754 POST /session/a880ccf9-282d-4356-b5e5-3a1a9f8c44ac/element [5.410072ms] ERR:404 body={"strategy":"-android uiautomator","selector":"new UiSelector().textMatches(\"(?is).*\\QWelcome to\\...
05:37:22.383679 POST /session/a880ccf9-282d-4356-b5e5-3a1a9f8c44ac/element [4.813961ms] ERR:404 body={"strategy":"-android uiautomator","selector":"new UiSelector().descriptionMatches(\"(?is).*\\QWelco...
05:37:22.388628 POST /session/a880ccf9-282d-4356-b5e5-3a1a9f8c44ac/element [4.859384ms] ERR:404 body={"strategy":"-android uiautomator","selector":"new UiSelector().textContains(\"Welcome to\")"}
05:37:22.392850 POST /session/a880ccf9-282d-4356-b5e5-3a1a9f8c44ac/element [4.126943ms] ERR:404 body={"strategy":"-android uiautomator","selector":"new UiSelector().descriptionContains(\"Welcome to\")"...
05:37:22.397797 POST /session/a880ccf9-282d-4356-b5e5-3a1a9f8c44ac/element [4.845134ms] ERR:404 body={"strategy":"-android uiautomator","selector":"new UiSelector().textMatches(\"(?is).*\\QWelcome to\\...
05:37:22.403127 POST /session/a880ccf9-282d-4356-b5e5-3a1a9f8c44ac/element [5.212891ms] ERR:404 body={"strategy":"-android uiautomator","selector":"new UiSelector().descriptionMatches(\"(?is).*\\QWelco...
05:37:22.408568 POST /session/a880ccf9-282d-4356-b5e5-3a1a9f8c44ac/element [5.274439ms] ERR:404 body={"strategy":"-android uiautomator","selector":"new UiSelector().textContains(\"Welcome to\")"}
05:37:22.416194 POST /session/a880ccf9-282d-4356-b5e5-3a1a9f8c44ac/element [7.479968ms] ERR:404 body={"strategy":"-android uiautomator","selector":"new UiSelector().descriptionContains(\"Welcome to\")"...
05:37:22.422184 POST /session/a880ccf9-282d-4356-b5e5-3a1a9f8c44ac/element [5.857944ms] ERR:404 body={"strategy":"-android uiautomator","selector":"new UiSelector().textMatches(\"(?is).*\\QWelcome to\\...
05:37:22.426940 POST /session/a880ccf9-282d-4356-b5e5-3a1a9f8c44ac/element [4.622127ms] ERR:404 body={"strategy":"-android uiautomator","selector":"new UiSelector().descriptionMatches(\"(?is).*\\QWelco...
05:37:22.431850 POST /session/a880ccf9-282d-4356-b5e5-3a1a9f8c44ac/element [4.807345ms] ERR:404 body={"strategy":"-android uiautomator","selector":"new UiSelector().textContains(\"Welcome to\")"}
05:37:22.436952 POST /session/a880ccf9-282d-4356-b5e5-3a1a9f8c44ac/element [5.021292ms] ERR:404 body={"strategy":"-android uiautomator","selector":"new UiSelector().descriptionContains(\"Welcome to\")"...
05:37:22.443056 POST /session/a880ccf9-282d-4356-b5e5-3a1a9f8c44ac/element [5.986985ms] ERR:404 body={"strategy":"-android uiautomator","selector":"new UiSelector().textMatches(\"(?is).*\\QWelcome to\\...
05:37:22.448228 POST /session/a880ccf9-282d-4356-b5e5-3a1a9f8c44ac/element [5.067036ms] ERR:404 body={"strategy":"-android uiautomator","selector":"new UiSelector().descriptionMatches(\"(?is).*\\QWelco...
05:37:22.452887 POST /session/a880ccf9-282d-4356-b5e5-3a1a9f8c44ac/element [4.542571ms] ERR:404 body={"strategy":"-android uiautomator","selector":"new UiSelector().textContains(\"Welcome to\")"}
05:37:22.456966 POST /session/a880ccf9-282d-4356-b5e5-3a1a9f8c44ac/element [4.006739ms] ERR:404 body={"strategy":"-android uiautomator","selector":"new UiSelector().descriptionContains(\"Welcome to\")"...
05:37:22.461232 POST /session/a880ccf9-282d-4356-b5e5-3a1a9f8c44ac/element [4.196531ms] ERR:404 body={"strategy":"-android uiautomator","selector":"new UiSelector().textMatches(\"(?is).*\\QWelcome to\\...
05:37:22.466087 POST /session/a880ccf9-282d-4356-b5e5-3a1a9f8c44ac/element [4.759604ms] ERR:404 body={"strategy":"-android uiautomator","selector":"new UiSelector().descriptionMatches(\"(?is).*\\QWelco...
05:37:22.470684 POST /session/a880ccf9-282d-4356-b5e5-3a1a9f8c44ac/element [4.531659ms] ERR:404 body={"strategy":"-android uiautomator","selector":"new UiSelector().textContains(\"Welcome to\")"}
05:37:22.476443 POST /session/a880ccf9-282d-4356-b5e5-3a1a9f8c44ac/element [5.699899ms] ERR:404 body={"strategy":"-android uiautomator","selector":"new UiSelector().descriptionContains(\"Welcome to\")"...
05:37:22.481195 POST /session/a880ccf9-282d-4356-b5e5-3a1a9f8c44ac/element [4.680998ms] ERR:404 body={"strategy":"-android uiautomator","selector":"new UiSelector().textMatches(\"(?is).*\\QWelcome to\\...
05:37:22.486428 POST /session/a880ccf9-282d-4356-b5e5-3a1a9f8c44ac/element [4.988603ms] ERR:404 body={"strategy":"-android uiautomator","selector":"new UiSelector().descriptionMatches(\"(?is).*\\QWelco...
05:37:22.492687 POST /session/a880ccf9-282d-4356-b5e5-3a1a9f8c44ac/element [6.047051ms] ERR:404 body={"strategy":"-android uiautomator","selector":"new UiSelector().textContains(\"Welcome to\")"}
05:37:22.497622 POST /session/a880ccf9-282d-4356-b5e5-3a1a9f8c44ac/element [4.835775ms] ERR:404 body={"strategy":"-android uiautomator","selector":"new UiSelector().descriptionContains(\"Welcome to\")"...
05:37:22.502474 POST /session/a880ccf9-282d-4356-b5e5-3a1a9f8c44ac/element [4.749962ms] ERR:404 body={"strategy":"-android uiautomator","selector":"new UiSelector().textMatches(\"(?is).*\\QWelcome to\\...
05:37:22.507245 POST /session/a880ccf9-282d-4356-b5e5-3a1a9f8c44ac/element [4.676324ms] ERR:404 body={"strategy":"-android uiautomator","selector":"new UiSelector().descriptionMatches(\"(?is).*\\QWelco...
05:37:22.512448 POST /session/a880ccf9-282d-4356-b5e5-3a1a9f8c44ac/element [5.086925ms] ERR:404 body={"strategy":"-android uiautomator","selector":"new UiSelector().textContains(\"Welcome to\")"}
05:37:22.517721 POST /session/a880ccf9-282d-4356-b5e5-3a1a9f8c44ac/element [5.18624ms] ERR:404 body={"strategy":"-android uiautomator","selector":"new UiSelector().descriptionContains(\"Welcome to\")"...
05:37:22.523046 POST /session/a880ccf9-282d-4356-b5e5-3a1a9f8c44ac/element [5.238077ms] ERR:404 body={"strategy":"-android uiautomator","selector":"new UiSelector().textMatches(\"(?is).*\\QWelcome to\\...
05:37:22.527700 POST /session/a880ccf9-282d-4356-b5e5-3a1a9f8c44ac/element [4.536712ms] ERR:404 body={"strategy":"-android uiautomator","selector":"new UiSelector().descriptionMatches(\"(?is).*\\QWelco...
05:37:22.532446 POST /session/a880ccf9-282d-4356-b5e5-3a1a9f8c44ac/element [4.616012ms] ERR:404 body={"strategy":"-android uiautomator","selector":"new UiSelector().textContains(\"Welcome to\")"}
05:37:22.538300 POST /session/a880ccf9-282d-4356-b5e5-3a1a9f8c44ac/element [5.744799ms] ERR:404 body={"strategy":"-android uiautomator","selector":"new UiSelector().descriptionContains(\"Welcome to\")"...
05:37:22.543888 POST /session/a880ccf9-282d-4356-b5e5-3a1a9f8c44ac/element [5.453108ms] ERR:404 body={"strategy":"-android uiautomator","selector":"new UiSelector().textMatches(\"(?is).*\\QWelcome to\\...
05:37:22.550110 POST /session/a880ccf9-282d-4356-b5e5-3a1a9f8c44ac/element [6.0668ms] ERR:404 body={"strategy":"-android uiautomator","selector":"new UiSelector().descriptionMatches(\"(?is).*\\QWelco...
05:37:22.555893 POST /session/a880ccf9-282d-4356-b5e5-3a1a9f8c44ac/element [5.616797ms] ERR:404 body={"strategy":"-android uiautomator","selector":"new UiSelector().textContains(\"Welcome to\")"}
05:37:22.561046 POST /session/a880ccf9-282d-4356-b5e5-3a1a9f8c44ac/element [5.036707ms] ERR:404 body={"strategy":"-android uiautomator","selector":"new UiSelector().descriptionContains(\"Welcome to\")"...
05:37:22.568146 POST /session/a880ccf9-282d-4356-b5e5-3a1a9f8c44ac/element [6.987192ms] ERR:404 body={"strategy":"-android uiautomator","selector":"new UiSelector().textMatches(\"(?is).*\\QWelcome to\\...
05:37:22.575990 POST /session/a880ccf9-282d-4356-b5e5-3a1a9f8c44ac/element [7.68263ms] ERR:404 body={"strategy":"-android uiautomator","selector":"new UiSelector().descriptionMatches(\"(?is).*\\QWelco...
05:37:22.582765 POST /session/a880ccf9-282d-4356-b5e5-3a1a9f8c44ac/element [6.650433ms] ERR:404 body={"strategy":"-android uiautomator","selector":"new UiSelector().textContains(\"Welcome to\")"}
05:37:22.589114 POST /session/a880ccf9-282d-4356-b5e5-3a1a9f8c44ac/element [6.200152ms] ERR:404 body={"strategy":"-android uiautomator","selector":"new UiSelector().descriptionContains(\"Welcome to\")"...
05:37:22.594579 POST /session/a880ccf9-282d-4356-b5e5-3a1a9f8c44ac/element [5.30955ms] ERR:404 body={"strategy":"-android uiautomator","selector":"new UiSelector().textMatches(\"(?is).*\\QWelcome to\\...
05:37:22.599531 POST /session/a880ccf9-282d-4356-b5e5-3a1a9f8c44ac/element [4.833101ms] ERR:404 body={"strategy":"-android uiautomator","selector":"new UiSelector().descriptionMatches(\"(?is).*\\QWelco...
05:37:22.603877 POST /session/a880ccf9-282d-4356-b5e5-3a1a9f8c44ac/element [4.21948ms] ERR:404 body={"strategy":"-android uiautomator","selector":"new UiSelector().textContains(\"Welcome to\")"}
05:37:22.608373 POST /session/a880ccf9-282d-4356-b5e5-3a1a9f8c44ac/element [4.368995ms] ERR:404 body={"strategy":"-android uiautomator","selector":"new UiSelector().descriptionContains(\"Welcome to\")"...
05:37:22.613255 POST /session/a880ccf9-282d-4356-b5e5-3a1a9f8c44ac/element [4.807281ms] ERR:404 body={"strategy":"-android uiautomator","selector":"new UiSelector().textMatches(\"(?is).*\\QWelcome to\\...
05:37:22.617873 POST /session/a880ccf9-282d-4356-b5e5-3a1a9f8c44ac/element [4.517053ms] ERR:404 body={"strategy":"-android uiautomator","selector":"new UiSelector().descriptionMatches(\"(?is).*\\QWelco...
05:37:22.622252 POST /session/a880ccf9-282d-4356-b5e5-3a1a9f8c44ac/element [4.281071ms] ERR:404 body={"strategy":"-android uiautomator","selector":"new UiSelector().textContains(\"Welcome to\")"}
05:37:22.627603 POST /session/a880ccf9-282d-4356-b5e5-3a1a9f8c44ac/element [5.232813ms] ERR:404 body={"strategy":"-android uiautomator","selector":"new UiSelector().descriptionContains(\"Welcome to\")"...
05:37:22.632878 POST /session/a880ccf9-282d-4356-b5e5-3a1a9f8c44ac/element [5.15161ms] ERR:404 body={"strategy":"-android uiautomator","selector":"new UiSelector().textMatches(\"(?is).*\\QWelcome to\\...
05:37:22.637715 POST /session/a880ccf9-282d-4356-b5e5-3a1a9f8c44ac/element [4.748072ms] ERR:404 body={"strategy":"-android uiautomator","selector":"new UiSelector().descriptionMatches(\"(?is).*\\QWelco...
05:37:22.642989 POST /session/a880ccf9-282d-4356-b5e5-3a1a9f8c44ac/element [5.150499ms] ERR:404 body={"strategy":"-android uiautomator","selector":"new UiSelector().textContains(\"Welcome to\")"}
05:37:22.647912 POST /session/a880ccf9-282d-4356-b5e5-3a1a9f8c44ac/element [4.808853ms] ERR:404 body={"strategy":"-android uiautomator","selector":"new UiSelector().descriptionContains(\"Welcome to\")"...
05:37:22.653548 POST /session/a880ccf9-282d-4356-b5e5-3a1a9f8c44ac/element [5.517182ms] ERR:404 body={"strategy":"-android uiautomator","selector":"new UiSelector().textMatches(\"(?is).*\\QWelcome to\\...
05:37:22.659024 POST /session/a880ccf9-282d-4356-b5e5-3a1a9f8c44ac/element [5.3738ms] ERR:404 body={"strategy":"-android uiautomator","selector":"new UiSelector().descriptionMatches(\"(?is).*\\QWelco...
05:37:22.663739 POST /session/a880ccf9-282d-4356-b5e5-3a1a9f8c44ac/element [4.604149ms] ERR:404 body={"strategy":"-android uiautomator","selector":"new UiSelector().textContains(\"Welcome to\")"}
05:37:22.668440 POST /session/a880ccf9-282d-4356-b5e5-3a1a9f8c44ac/element [4.589246ms] ERR:404 body={"strategy":"-android uiautomator","selector":"new UiSelector().descriptionContains(\"Welcome to\")"...
05:37:22.677289 POST /session/a880ccf9-282d-4356-b5e5-3a1a9f8c44ac/element [8.732209ms] ERR:404 body={"strategy":"-android uiautomator","selector":"new UiSelector().textMatches(\"(?is).*\\QWelcome to\\...
05:37:22.682268 POST /session/a880ccf9-282d-4356-b5e5-3a1a9f8c44ac/element [4.896648ms] ERR:404 body={"strategy":"-android uiautomator","selector":"new UiSelector().descriptionMatches(\"(?is).*\\QWelco...
05:37:22.687063 POST /session/a880ccf9-282d-4356-b5e5-3a1a9f8c44ac/element [4.708519ms] ERR:404 body={"strategy":"-android uiautomator","selector":"new UiSelector().textContains(\"Welcome to\")"}
05:37:22.691208 POST /session/a880ccf9-282d-4356-b5e5-3a1a9f8c44ac/element [4.046413ms] ERR:404 body={"strategy":"-android uiautomator","selector":"new UiSelector().descriptionContains(\"Welcome to\")"...
05:37:22.695388 POST /session/a880ccf9-282d-4356-b5e5-3a1a9f8c44ac/element [4.032387ms] ERR:404 body={"strategy":"-android uiautomator","selector":"new UiSelector().textMatches(\"(?is).*\\QWelcome to\\...
05:37:22.701983 POST /session/a880ccf9-282d-4356-b5e5-3a1a9f8c44ac/element [6.499241ms] ERR:404 body={"strategy":"-android uiautomator","selector":"new UiSelector().descriptionMatches(\"(?is).*\\QWelco...
05:37:22.707056 POST /session/a880ccf9-282d-4356-b5e5-3a1a9f8c44ac/element [4.97703ms] ERR:404 body={"strategy":"-android uiautomator","selector":"new UiSelector().textContains(\"Welcome to\")"}
05:37:22.711606 POST /session/a880ccf9-282d-4356-b5e5-3a1a9f8c44ac/element [4.456007ms] ERR:404 body={"strategy":"-android uiautomator","selector":"new UiSelector().descriptionContains(\"Welcome to\")"...
05:37:22.716440 POST /session/a880ccf9-282d-4356-b5e5-3a1a9f8c44ac/element [4.747838ms] ERR:404 body={"strategy":"-android uiautomator","selector":"new UiSelector().textMatches(\"(?is).*\\QWelcome to\\...
05:37:22.721027 POST /session/a880ccf9-282d-4356-b5e5-3a1a9f8c44ac/element [4.448929ms] ERR:404 body={"strategy":"-android uiautomator","selector":"new UiSelector().descriptionMatches(\"(?is).*\\QWelco...
05:37:22.725949 POST /session/a880ccf9-282d-4356-b5e5-3a1a9f8c44ac/element [4.807061ms] ERR:404 body={"strategy":"-android uiautomator","selector":"new UiSelector().textContains(\"Welcome to\")"}
05:37:22.731575 POST /session/a880ccf9-282d-4356-b5e5-3a1a9f8c44ac/element [5.490475ms] ERR:404 body={"strategy":"-android uiautomator","selector":"new UiSelector().descriptionContains(\"Welcome to\")"...
05:37:22.737034 POST /session/a880ccf9-282d-4356-b5e5-3a1a9f8c44ac/element [5.339155ms] ERR:404 body={"strategy":"-android uiautomator","selector":"new UiSelector().textMatches(\"(?is).*\\QWelcome to\\...
05:37:22.742830 POST /session/a880ccf9-282d-4356-b5e5-3a1a9f8c44ac/element [5.686961ms] ERR:404 body={"strategy":"-android uiautomator","selector":"new UiSelector().descriptionMatches(\"(?is).*\\QWelco...
05:37:22.749516 POST /session/a880ccf9-282d-4356-b5e5-3a1a9f8c44ac/element [6.550297ms] ERR:404 body={"strategy":"-android uiautomator","selector":"new UiSelector().textContains(\"Welcome to\")"}
05:37:22.754261 POST /session/a880ccf9-282d-4356-b5e5-3a1a9f8c44ac/element [4.603849ms] ERR:404 body={"strategy":"-android uiautomator","selector":"new UiSelector().descriptionContains(\"Welcome to\")"...
05:37:22.758649 POST /session/a880ccf9-282d-4356-b5e5-3a1a9f8c44ac/element [4.273811ms] ERR:404 body={"strategy":"-android uiautomator","selector":"new UiSelector().textMatches(\"(?is).*\\QWelcome to\\...
05:37:22.763717 POST /session/a880ccf9-282d-4356-b5e5-3a1a9f8c44ac/element [4.984764ms] ERR:404 body={"strategy":"-android uiautomator","selector":"new UiSelector().descriptionMatches(\"(?is).*\\QWelco...
05:37:22.770300 POST /session/a880ccf9-282d-4356-b5e5-3a1a9f8c44ac/element [6.43518ms] ERR:404 body={"strategy":"-android uiautomator","selector":"new UiSelector().textContains(\"Welcome to\")"}
05:37:22.777311 POST /session/a880ccf9-282d-4356-b5e5-3a1a9f8c44ac/element [6.877212ms] ERR:404 body={"strategy":"-android uiautomator","selector":"new UiSelector().descriptionContains(\"Welcome to\")"...
05:37:22.782360 POST /session/a880ccf9-282d-4356-b5e5-3a1a9f8c44ac/element [4.904664ms] ERR:404 body={"strategy":"-android uiautomator","selector":"new UiSelector().textMatches(\"(?is).*\\QWelcome to\\...
05:37:22.786422 POST /session/a880ccf9-282d-4356-b5e5-3a1a9f8c44ac/element [3.929659ms] ERR:404 body={"strategy":"-android uiautomator","selector":"new UiSelector().descriptionMatches(\"(?is).*\\QWelco...
05:37:22.791042 POST /session/a880ccf9-282d-4356-b5e5-3a1a9f8c44ac/element [4.507202ms] ERR:404 body={"strategy":"-android uiautomator","selector":"new UiSelector().textContains(\"Welcome to\")"}
05:37:22.795746 POST /session/a880ccf9-282d-4356-b5e5-3a1a9f8c44ac/element [4.56954ms] ERR:404 body={"strategy":"-android uiautomator","selector":"new UiSelector().descriptionContains(\"Welcome to\")"...
05:37:22.800324 POST /session/a880ccf9-282d-4356-b5e5-3a1a9f8c44ac/element [4.469624ms] ERR:404 body={"strategy":"-android uiautomator","selector":"new UiSelector().textMatches(\"(?is).*\\QWelcome to\\...
05:37:22.804613 POST /session/a880ccf9-282d-4356-b5e5-3a1a9f8c44ac/element [4.184479ms] ERR:404 body={"strategy":"-android uiautomator","selector":"new UiSelector().descriptionMatches(\"(?is).*\\QWelco...
05:37:22.809440 POST /session/a880ccf9-282d-4356-b5e5-3a1a9f8c44ac/element [4.746511ms] ERR:404 body={"strategy":"-android uiautomator","selector":"new UiSelector().textContains(\"Welcome to\")"}
05:37:22.813919 POST /session/a880ccf9-282d-4356-b5e5-3a1a9f8c44ac/element [4.3553ms] ERR:404 body={"strategy":"-android uiautomator","selector":"new UiSelector().descriptionContains(\"Welcome to\")"...
05:37:22.818577 POST /session/a880ccf9-282d-4356-b5e5-3a1a9f8c44ac/element [4.591128ms] ERR:404 body={"strategy":"-android uiautomator","selector":"new UiSelector().textMatches(\"(?is).*\\QWelcome to\\...
05:37:22.822855 POST /session/a880ccf9-282d-4356-b5e5-3a1a9f8c44ac/element [4.207525ms] ERR:404 body={"strategy":"-android uiautomator","selector":"new UiSelector().descriptionMatches(\"(?is).*\\QWelco...
05:37:22.827943 POST /session/a880ccf9-282d-4356-b5e5-3a1a9f8c44ac/element [4.998291ms] ERR:404 body={"strategy":"-android uiautomator","selector":"new UiSelector().textContains(\"Welcome to\")"}
05:37:22.832702 POST /session/a880ccf9-282d-4356-b5e5-3a1a9f8c44ac/element [4.675077ms] ERR:404 body={"strategy":"-android uiautomator","selector":"new UiSelector().descriptionContains(\"Welcome to\")"...
05:37:22.837288 POST /session/a880ccf9-282d-4356-b5e5-3a1a9f8c44ac/element [4.501532ms] ERR:404 body={"strategy":"-android uiautomator","selector":"new UiSelector().textMatches(\"(?is).*\\QWelcome to\\...
05:37:22.841548 POST /session/a880ccf9-282d-4356-b5e5-3a1a9f8c44ac/element [4.169341ms] ERR:404 body={"strategy":"-android uiautomator","selector":"new UiSelector().descriptionMatches(\"(?is).*\\QWelco...
05:37:22.845663 POST /session/a880ccf9-282d-4356-b5e5-3a1a9f8c44ac/element [4.040181ms] ERR:404 body={"strategy":"-android uiautomator","selector":"new UiSelector().textContains(\"Welcome to\")"}
05:37:22.849725 POST /session/a880ccf9-282d-4356-b5e5-3a1a9f8c44ac/element [3.986811ms] ERR:404 body={"strategy":"-android uiautomator","selector":"new UiSelector().descriptionContains(\"Welcome to\")"...
05:37:22.854055 POST /session/a880ccf9-282d-4356-b5e5-3a1a9f8c44ac/element [4.232191ms] ERR:404 body={"strategy":"-android uiautomator","selector":"new UiSelector().textMatches(\"(?is).*\\QWelcome to\\...
05:37:22.858529 POST /session/a880ccf9-282d-4356-b5e5-3a1a9f8c44ac/element [4.385115ms] ERR:404 body={"strategy":"-android uiautomator","selector":"new UiSelector().descriptionMatches(\"(?is).*\\QWelco...
05:37:22.862863 POST /session/a880ccf9-282d-4356-b5e5-3a1a9f8c44ac/element [4.236095ms] ERR:404 body={"strategy":"-android uiautomator","selector":"new UiSelector().textContains(\"Welcome to\")"}
05:37:22.867019 POST /session/a880ccf9-282d-4356-b5e5-3a1a9f8c44ac/element [4.071374ms] ERR:404 body={"strategy":"-android uiautomator","selector":"new UiSelector().descriptionContains(\"Welcome to\")"...
05:37:22.871154 POST /session/a880ccf9-282d-4356-b5e5-3a1a9f8c44ac/element [4.040202ms] ERR:404 body={"strategy":"-android uiautomator","selector":"new UiSelector().textMatches(\"(?is).*\\QWelcome to\\...
05:37:22.875299 POST /session/a880ccf9-282d-4356-b5e5-3a1a9f8c44ac/element [4.033709ms] ERR:404 body={"strategy":"-android uiautomator","selector":"new UiSelector().descriptionMatches(\"(?is).*\\QWelco...
05:37:22.880000 POST /session/a880ccf9-282d-4356-b5e5-3a1a9f8c44ac/element [4.605356ms] ERR:404 body={"strategy":"-android uiautomator","selector":"new UiSelector().textContains(\"Welcome to\")"}
05:37:22.884437 POST /session/a880ccf9-282d-4356-b5e5-3a1a9f8c44ac/element [4.33961ms] ERR:404 body={"strategy":"-android uiautomator","selector":"new UiSelector().descriptionContains(\"Welcome to\")"...
05:37:22.890136 POST /session/a880ccf9-282d-4356-b5e5-3a1a9f8c44ac/element [5.60918ms] ERR:404 body={"strategy":"-android uiautomator","selector":"new UiSelector().textMatches(\"(?is).*\\QWelcome to\\...
05:37:22.894559 POST /session/a880ccf9-282d-4356-b5e5-3a1a9f8c44ac/element [4.306908ms] ERR:404 body={"strategy":"-android uiautomator","selector":"new UiSelector().descriptionMatches(\"(?is).*\\QWelco...
05:37:22.899812 POST /session/a880ccf9-282d-4356-b5e5-3a1a9f8c44ac/element [5.157306ms] ERR:404 body={"strategy":"-android uiautomator","selector":"new UiSelector().textContains(\"Welcome to\")"}
05:37:22.906230 POST /session/a880ccf9-282d-4356-b5e5-3a1a9f8c44ac/element [6.272522ms] ERR:404 body={"strategy":"-android uiautomator","selector":"new UiSelector().descriptionContains(\"Welcome to\")"...
05:37:22.912078 POST /session/a880ccf9-282d-4356-b5e5-3a1a9f8c44ac/element [5.703341ms] ERR:404 body={"strategy":"-android uiautomator","selector":"new UiSelector().textMatches(\"(?is).*\\QWelcome to\\...
05:37:22.917886 POST /session/a880ccf9-282d-4356-b5e5-3a1a9f8c44ac/element [5.669096ms] ERR:404 body={"strategy":"-android uiautomator","selector":"new UiSelector().descriptionMatches(\"(?is).*\\QWelco...
05:37:22.922709 POST /session/a880ccf9-282d-4356-b5e5-3a1a9f8c44ac/element [4.713568ms] ERR:404 body={"strategy":"-android uiautomator","selector":"new UiSelector().textContains(\"Welcome to\")"}
05:37:22.927126 POST /session/a880ccf9-282d-4356-b5e5-3a1a9f8c44ac/element [4.292272ms] ERR:404 body={"strategy":"-android uiautomator","selector":"new UiSelector().descriptionContains(\"Welcome to\")"...
05:37:22.932452 POST /session/a880ccf9-282d-4356-b5e5-3a1a9f8c44ac/element [5.22899ms] ERR:404 body={"strategy":"-android uiautomator","selector":"new UiSelector().textMatches(\"(?is).*\\QWelcome to\\...
05:37:22.937262 POST /session/a880ccf9-282d-4356-b5e5-3a1a9f8c44ac/element [4.716223ms] ERR:404 body={"strategy":"-android uiautomator","selector":"new UiSelector().descriptionMatches(\"(?is).*\\QWelco...
05:37:22.942870 POST /session/a880ccf9-282d-4356-b5e5-3a1a9f8c44ac/element [5.497781ms] ERR:404 body={"strategy":"-android uiautomator","selector":"new UiSelector().textContains(\"Welcome to\")"}
05:37:22.947760 POST /session/a880ccf9-282d-4356-b5e5-3a1a9f8c44ac/element [4.772822ms] ERR:404 body={"strategy":"-android uiautomator","selector":"new UiSelector().descriptionContains(\"Welcome to\")"...
05:37:22.952781 POST /session/a880ccf9-282d-4356-b5e5-3a1a9f8c44ac/element [4.928219ms] ERR:404 body={"strategy":"-android uiautomator","selector":"new UiSelector().textMatches(\"(?is).*\\QWelcome to\\...
05:37:22.958877 POST /session/a880ccf9-282d-4356-b5e5-3a1a9f8c44ac/element [6.001862ms] ERR:404 body={"strategy":"-android uiautomator","selector":"new UiSelector().descriptionMatches(\"(?is).*\\QWelco...
05:37:22.964132 POST /session/a880ccf9-282d-4356-b5e5-3a1a9f8c44ac/element [5.139889ms] ERR:404 body={"strategy":"-android uiautomator","selector":"new UiSelector().textContains(\"Welcome to\")"}
05:37:22.969893 POST /session/a880ccf9-282d-4356-b5e5-3a1a9f8c44ac/element [5.571836ms] ERR:404 body={"strategy":"-android uiautomator","selector":"new UiSelector().descriptionContains(\"Welcome to\")"...
05:37:22.976028 POST /session/a880ccf9-282d-4356-b5e5-3a1a9f8c44ac/element [6.011539ms] ERR:404 body={"strategy":"-android uiautomator","selector":"new UiSelector().textMatches(\"(?is).*\\QWelcome to\\...
05:37:22.982360 POST /session/a880ccf9-282d-4356-b5e5-3a1a9f8c44ac/element [6.174575ms] ERR:404 body={"strategy":"-android uiautomator","selector":"new UiSelector().descriptionMatches(\"(?is).*\\QWelco...
05:37:22.987714 POST /session/a880ccf9-282d-4356-b5e5-3a1a9f8c44ac/element [5.241844ms] ERR:404 body={"strategy":"-android uiautomator","selector":"new UiSelector().textContains(\"Welcome to\")"}
05:37:22.994303 POST /session/a880ccf9-282d-4356-b5e5-3a1a9f8c44ac/element [6.419371ms] ERR:404 body={"strategy":"-android uiautomator","selector":"new UiSelector().descriptionContains(\"Welcome to\")"...
05:37:23.002100 POST /session/a880ccf9-282d-4356-b5e5-3a1a9f8c44ac/element [7.667321ms] ERR:404 body={"strategy":"-android uiautomator","selector":"new UiSelector().textMatches(\"(?is).*\\QWelcome to\\...
05:37:23.008386 POST /session/a880ccf9-282d-4356-b5e5-3a1a9f8c44ac/element [6.181508ms] ERR:404 body={"strategy":"-android uiautomator","selector":"new UiSelector().descriptionMatches(\"(?is).*\\QWelco...
05:37:23.013240 POST /session/a880ccf9-282d-4356-b5e5-3a1a9f8c44ac/element [4.765681ms] ERR:404 body={"strategy":"-android uiautomator","selector":"new UiSelector().textContains(\"Welcome to\")"}
05:37:23.018028 POST /session/a880ccf9-282d-4356-b5e5-3a1a9f8c44ac/element [4.667797ms] ERR:404 body={"strategy":"-android uiautomator","selector":"new UiSelector().descriptionContains(\"Welcome to\")"...
05:37:23.022377 POST /session/a880ccf9-282d-4356-b5e5-3a1a9f8c44ac/element [4.268763ms] ERR:404 body={"strategy":"-android uiautomator","selector":"new UiSelector().textMatches(\"(?is).*\\QWelcome to\\...
05:37:23.026481 POST /session/a880ccf9-282d-4356-b5e5-3a1a9f8c44ac/element [4.030645ms] ERR:404 body={"strategy":"-android uiautomator","selector":"new UiSelector().descriptionMatches(\"(?is).*\\QWelco...
05:37:23.030652 POST /session/a880ccf9-282d-4356-b5e5-3a1a9f8c44ac/element [4.085636ms] ERR:404 body={"strategy":"-android uiautomator","selector":"new UiSelector().textContains(\"Welcome to\")"}
05:37:23.035433 POST /session/a880ccf9-282d-4356-b5e5-3a1a9f8c44ac/element [4.713358ms] ERR:404 body={"strategy":"-android uiautomator","selector":"new UiSelector().descriptionContains(\"Welcome to\")"...
05:37:23.041088 POST /session/a880ccf9-282d-4356-b5e5-3a1a9f8c44ac/element [5.538273ms] ERR:404 body={"strategy":"-android uiautomator","selector":"new UiSelector().textMatches(\"(?is).*\\QWelcome to\\...
05:37:23.045238 POST /session/a880ccf9-282d-4356-b5e5-3a1a9f8c44ac/element [4.063495ms] ERR:404 body={"strategy":"-android uiautomator","selector":"new UiSelector().descriptionMatches(\"(?is).*\\QWelco...
05:37:23.050401 POST /session/a880ccf9-282d-4356-b5e5-3a1a9f8c44ac/element [5.017786ms] ERR:404 body={"strategy":"-android uiautomator","selector":"new UiSelector().textContains(\"Welcome to\")"}
05:37:23.054702 POST /session/a880ccf9-282d-4356-b5e5-3a1a9f8c44ac/element [4.230454ms] ERR:404 body={"strategy":"-android uiautomator","selector":"new UiSelector().descriptionContains(\"Welcome to\")"...
05:37:23.059536 POST /session/a880ccf9-282d-4356-b5e5-3a1a9f8c44ac/element [4.76833ms] ERR:404 body={"strategy":"-android uiautomator","selector":"new UiSelector().textMatches(\"(?is).*\\QWelcome to\\...
05:37:23.064850 POST /session/a880ccf9-282d-4356-b5e5-3a1a9f8c44ac/element [5.235302ms] ERR:404 body={"strategy":"-android uiautomator","selector":"new UiSelector().descriptionMatches(\"(?is).*\\QWelco...
05:37:23.069759 POST /session/a880ccf9-282d-4356-b5e5-3a1a9f8c44ac/element [4.807109ms] ERR:404 body={"strategy":"-android uiautomator","selector":"new UiSelector().textContains(\"Welcome to\")"}
05:37:23.074588 POST /session/a880ccf9-282d-4356-b5e5-3a1a9f8c44ac/element [4.742296ms] ERR:404 body={"strategy":"-android uiautomator","selector":"new UiSelector().descriptionContains(\"Welcome to\")"...
05:37:23.079763 POST /session/a880ccf9-282d-4356-b5e5-3a1a9f8c44ac/element [5.096563ms] ERR:404 body={"strategy":"-android uiautomator","selector":"new UiSelector().textMatches(\"(?is).*\\QWelcome to\\...
05:37:23.083846 POST /session/a880ccf9-282d-4356-b5e5-3a1a9f8c44ac/element [3.995267ms] ERR:404 body={"strategy":"-android uiautomator","selector":"new UiSelector().descriptionMatches(\"(?is).*\\QWelco...
05:37:23.088767 POST /session/a880ccf9-282d-4356-b5e5-3a1a9f8c44ac/element [4.839553ms] ERR:404 body={"strategy":"-android uiautomator","selector":"new UiSelector().textContains(\"Welcome to\")"}
05:37:23.093635 POST /session/a880ccf9-282d-4356-b5e5-3a1a9f8c44ac/element [4.780293ms] ERR:404 body={"strategy":"-android uiautomator","selector":"new UiSelector().descriptionContains(\"Welcome to\")"...
05:37:23.098747 POST /session/a880ccf9-282d-4356-b5e5-3a1a9f8c44ac/element [4.915345ms] ERR:404 body={"strategy":"-android uiautomator","selector":"new UiSelector().textMatches(\"(?is).*\\QWelcome to\\...
05:37:23.103853 POST /session/a880ccf9-282d-4356-b5e5-3a1a9f8c44ac/element [5.002619ms] ERR:404 body={"strategy":"-android uiautomator","selector":"new UiSelector().descriptionMatches(\"(?is).*\\QWelco...
05:37:23.109419 POST /session/a880ccf9-282d-4356-b5e5-3a1a9f8c44ac/element [5.448358ms] ERR:404 body={"strategy":"-android uiautomator","selector":"new UiSelector().textContains(\"Welcome to\")"}
05:37:23.117032 POST /session/a880ccf9-282d-4356-b5e5-3a1a9f8c44ac/element [7.479891ms] ERR:404 body={"strategy":"-android uiautomator","selector":"new UiSelector().descriptionContains(\"Welcome to\")"...
05:37:23.123390 POST /session/a880ccf9-282d-4356-b5e5-3a1a9f8c44ac/element [6.226392ms] ERR:404 body={"strategy":"-android uiautomator","selector":"new UiSelector().textMatches(\"(?is).*\\QWelcome to\\...
05:37:23.129852 POST /session/a880ccf9-282d-4356-b5e5-3a1a9f8c44ac/element [6.367625ms] ERR:404 body={"strategy":"-android uiautomator","selector":"new UiSelector().descriptionMatches(\"(?is).*\\QWelco...
05:37:23.136383 POST /session/a880ccf9-282d-4356-b5e5-3a1a9f8c44ac/element [6.441102ms] ERR:404 body={"strategy":"-android uiautomator","selector":"new UiSelector().textContains(\"Welcome to\")"}
05:37:23.142603 POST /session/a880ccf9-282d-4356-b5e5-3a1a9f8c44ac/element [6.125065ms] ERR:404 body={"strategy":"-android uiautomator","selector":"new UiSelector().descriptionContains(\"Welcome to\")"...
05:37:23.147598 POST /session/a880ccf9-282d-4356-b5e5-3a1a9f8c44ac/element [4.878365ms] ERR:404 body={"strategy":"-android uiautomator","selector":"new UiSelector().textMatches(\"(?is).*\\QWelcome to\\...
05:37:23.152616 POST /session/a880ccf9-282d-4356-b5e5-3a1a9f8c44ac/element [4.924593ms] ERR:404 body={"strategy":"-android uiautomator","selector":"new UiSelector().descriptionMatches(\"(?is).*\\QWelco...
05:37:23.157803 POST /session/a880ccf9-282d-4356-b5e5-3a1a9f8c44ac/element [5.083106ms] ERR:404 body={"strategy":"-android uiautomator","selector":"new UiSelector().textContains(\"Welcome to\")"}
05:37:23.162986 POST /session/a880ccf9-282d-4356-b5e5-3a1a9f8c44ac/element [5.093688ms] ERR:404 body={"strategy":"-android uiautomator","selector":"new UiSelector().descriptionContains(\"Welcome to\")"...
05:37:23.168320 POST /session/a880ccf9-282d-4356-b5e5-3a1a9f8c44ac/element [5.249713ms] ERR:404 body={"strategy":"-android uiautomator","selector":"new UiSelector().textMatches(\"(?is).*\\QWelcome to\\...
05:37:23.174438 POST /session/a880ccf9-282d-4356-b5e5-3a1a9f8c44ac/element [5.991738ms] ERR:404 body={"strategy":"-android uiautomator","selector":"new UiSelector().descriptionMatches(\"(?is).*\\QWelco...
05:37:23.182132 POST /session/a880ccf9-282d-4356-b5e5-3a1a9f8c44ac/element [7.555682ms] ERR:404 body={"strategy":"-android uiautomator","selector":"new UiSelector().textContains(\"Welcome to\")"}
05:37:23.190046 POST /session/a880ccf9-282d-4356-b5e5-3a1a9f8c44ac/element [7.748402ms] ERR:404 body={"strategy":"-android uiautomator","selector":"new UiSelector().descriptionContains(\"Welcome to\")"...
05:37:23.197484 POST /session/a880ccf9-282d-4356-b5e5-3a1a9f8c44ac/element [7.270631ms] ERR:404 body={"strategy":"-android uiautomator","selector":"new UiSelector().textMatches(\"(?is).*\\QWelcome to\\...
05:37:23.204443 POST /session/a880ccf9-282d-4356-b5e5-3a1a9f8c44ac/element [6.817495ms] ERR:404 body={"strategy":"-android uiautomator","selector":"new UiSelector().descriptionMatches(\"(?is).*\\QWelco...
05:37:23.212230 POST /session/a880ccf9-282d-4356-b5e5-3a1a9f8c44ac/element [7.627572ms] ERR:404 body={"strategy":"-android uiautomator","selector":"new UiSelector().textContains(\"Welcome to\")"}
05:37:23.218753 POST /session/a880ccf9-282d-4356-b5e5-3a1a9f8c44ac/element [6.382806ms] ERR:404 body={"strategy":"-android uiautomator","selector":"new UiSelector().descriptionContains(\"Welcome to\")"...
05:37:23.225076 POST /session/a880ccf9-282d-4356-b5e5-3a1a9f8c44ac/element [6.208719ms] ERR:404 body={"strategy":"-android uiautomator","selector":"new UiSelector().textMatches(\"(?is).*\\QWelcome to\\...
05:37:23.230534 POST /session/a880ccf9-282d-4356-b5e5-3a1a9f8c44ac/element [5.393266ms] ERR:404 body={"strategy":"-android uiautomator","selector":"new UiSelector().descriptionMatches(\"(?is).*\\QWelco...
05:37:23.237178 POST /session/a880ccf9-282d-4356-b5e5-3a1a9f8c44ac/element [6.552911ms] ERR:404 body={"strategy":"-android uiautomator","selector":"new UiSelector().textContains(\"Welcome to\")"}
05:37:23.244109 POST /session/a880ccf9-282d-4356-b5e5-3a1a9f8c44ac/element [6.812195ms] ERR:404 body={"strategy":"-android uiautomator","selector":"new UiSelector().descriptionContains(\"Welcome to\")"...
05:37:23.249304 POST /session/a880ccf9-282d-4356-b5e5-3a1a9f8c44ac/element [5.062968ms] ERR:404 body={"strategy":"-android uiautomator","selector":"new UiSelector().textMatches(\"(?is).*\\QWelcome to\\...
05:37:23.254516 POST /session/a880ccf9-282d-4356-b5e5-3a1a9f8c44ac/element [5.129875ms] ERR:404 body={"strategy":"-android uiautomator","selector":"new UiSelector().descriptionMatches(\"(?is).*\\QWelco...
05:37:23.259884 POST /session/a880ccf9-282d-4356-b5e5-3a1a9f8c44ac/element [5.292138ms] ERR:404 body={"strategy":"-android uiautomator","selector":"new UiSelector().textContains(\"Welcome to\")"}
05:37:23.265391 POST /session/a880ccf9-282d-4356-b5e5-3a1a9f8c44ac/element [5.408425ms] ERR:404 body={"strategy":"-android uiautomator","selector":"new UiSelector().descriptionContains(\"Welcome to\")"...
05:37:23.271553 POST /session/a880ccf9-282d-4356-b5e5-3a1a9f8c44ac/element [6.05807ms] ERR:404 body={"strategy":"-android uiautomator","selector":"new UiSelector().textMatches(\"(?is).*\\QWelcome to\\...
05:37:23.277232 POST /session/a880ccf9-282d-4356-b5e5-3a1a9f8c44ac/element [5.588961ms] ERR:404 body={"strategy":"-android uiautomator","selector":"new UiSelector().descriptionMatches(\"(?is).*\\QWelco...
05:37:23.282962 POST /session/a880ccf9-282d-4356-b5e5-3a1a9f8c44ac/element [5.613162ms] ERR:404 body={"strategy":"-android uiautomator","selector":"new UiSelector().textContains(\"Welcome to\")"}
05:37:23.288819 POST /session/a880ccf9-282d-4356-b5e5-3a1a9f8c44ac/element [5.736644ms] ERR:404 body={"strategy":"-android uiautomator","selector":"new UiSelector().descriptionContains(\"Welcome to\")"...
05:37:23.294229 POST /session/a880ccf9-282d-4356-b5e5-3a1a9f8c44ac/element [5.34107ms] ERR:404 body={"strategy":"-android uiautomator","selector":"new UiSelector().textMatches(\"(?is).*\\QWelcome to\\...
05:37:23.299250 POST /session/a880ccf9-282d-4356-b5e5-3a1a9f8c44ac/element [4.905166ms] ERR:404 body={"strategy":"-android uiautomator","selector":"new UiSelector().descriptionMatches(\"(?is).*\\QWelco...
05:37:23.304780 POST /session/a880ccf9-282d-4356-b5e5-3a1a9f8c44ac/element [5.461081ms] ERR:404 body={"strategy":"-android uiautomator","selector":"new UiSelector().textContains(\"Welcome to\")"}
05:37:23.310966 POST /session/a880ccf9-282d-4356-b5e5-3a1a9f8c44ac/element [6.093985ms] ERR:404 body={"strategy":"-android uiautomator","selector":"new UiSelector().descriptionContains(\"Welcome to\")"...
05:37:23.317088 POST /session/a880ccf9-282d-4356-b5e5-3a1a9f8c44ac/element [6.01631ms] ERR:404 body={"strategy":"-android uiautomator","selector":"new UiSelector().textMatches(\"(?is).*\\QWelcome to\\...
05:37:23.322900 POST /session/a880ccf9-282d-4356-b5e5-3a1a9f8c44ac/element [5.718514ms] ERR:404 body={"strategy":"-android uiautomator","selector":"new UiSelector().descriptionMatches(\"(?is).*\\QWelco...
05:37:23.328078 POST /session/a880ccf9-282d-4356-b5e5-3a1a9f8c44ac/element [5.075656ms] ERR:404 body={"strategy":"-android uiautomator","selector":"new UiSelector().textContains(\"Welcome to\")"}
05:37:23.333825 POST /session/a880ccf9-282d-4356-b5e5-3a1a9f8c44ac/element [5.655721ms] ERR:404 body={"strategy":"-android uiautomator","selector":"new UiSelector().descriptionContains(\"Welcome to\")"...
05:37:23.341165 POST /session/a880ccf9-282d-4356-b5e5-3a1a9f8c44ac/element [7.214472ms] ERR:404 body={"strategy":"-android uiautomator","selector":"new UiSelector().textMatches(\"(?is).*\\QWelcome to\\...
05:37:23.349476 POST /session/a880ccf9-282d-4356-b5e5-3a1a9f8c44ac/element [8.167354ms] ERR:404 body={"strategy":"-android uiautomator","selector":"new UiSelector().descriptionMatches(\"(?is).*\\QWelco...
05:37:23.356022 POST /session/a880ccf9-282d-4356-b5e5-3a1a9f8c44ac/element [6.39139ms] ERR:404 body={"strategy":"-android uiautomator","selector":"new UiSelector().textContains(\"Welcome to\")"}
05:37:23.362448 POST /session/a880ccf9-282d-4356-b5e5-3a1a9f8c44ac/element [6.300571ms] ERR:404 body={"strategy":"-android uiautomator","selector":"new UiSelector().descriptionContains(\"Welcome to\")"...
05:37:23.370009 POST /session/a880ccf9-282d-4356-b5e5-3a1a9f8c44ac/element [7.435426ms] ERR:404 body={"strategy":"-android uiautomator","selector":"new UiSelector().textMatches(\"(?is).*\\QWelcome to\\...
05:37:23.376596 POST /session/a880ccf9-282d-4356-b5e5-3a1a9f8c44ac/element [6.481879ms] ERR:404 body={"strategy":"-android uiautomator","selector":"new UiSelector().descriptionMatches(\"(?is).*\\QWelco...
05:37:23.383021 POST /session/a880ccf9-282d-4356-b5e5-3a1a9f8c44ac/element [6.289701ms] ERR:404 body={"strategy":"-android uiautomator","selector":"new UiSelector().textContains(\"Welcome to\")"}
05:37:23.388368 POST /session/a880ccf9-282d-4356-b5e5-3a1a9f8c44ac/element [5.244088ms] ERR:404 body={"strategy":"-android uiautomator","selector":"new UiSelector().descriptionContains(\"Welcome to\")"...
05:37:23.394345 POST /session/a880ccf9-282d-4356-b5e5-3a1a9f8c44ac/element [5.893548ms] ERR:404 body={"strategy":"-android uiautomator","selector":"new UiSelector().textMatches(\"(?is).*\\QWelcome to\\...
05:37:23.399830 POST /session/a880ccf9-282d-4356-b5e5-3a1a9f8c44ac/element [5.381955ms] ERR:404 body={"strategy":"-android uiautomator","selector":"new UiSelector().descriptionMatches(\"(?is).*\\QWelco...
05:37:23.405730 POST /session/a880ccf9-282d-4356-b5e5-3a1a9f8c44ac/element [5.808642ms] ERR:404 body={"strategy":"-android uiautomator","selector":"new UiSelector().textContains(\"Welcome to\")"}
05:37:23.410744 POST /session/a880ccf9-282d-4356-b5e5-3a1a9f8c44ac/element [4.887535ms] ERR:404 body={"strategy":"-android uiautomator","selector":"new UiSelector().descriptionContains(\"Welcome to\")"...
05:37:23.415981 POST /session/a880ccf9-282d-4356-b5e5-3a1a9f8c44ac/element [5.145013ms] ERR:404 body={"strategy":"-android uiautomator","selector":"new UiSelector().textMatches(\"(?is).*\\QWelcome to\\...
05:37:23.421116 POST /session/a880ccf9-282d-4356-b5e5-3a1a9f8c44ac/element [5.039987ms] ERR:404 body={"strategy":"-android uiautomator","selector":"new UiSelector().descriptionMatches(\"(?is).*\\QWelco...
05:37:23.426583 POST /session/a880ccf9-282d-4356-b5e5-3a1a9f8c44ac/element [5.349845ms] ERR:404 body={"strategy":"-android uiautomator","selector":"new UiSelector().textContains(\"Welcome to\")"}
05:37:23.433407 POST /session/a880ccf9-282d-4356-b5e5-3a1a9f8c44ac/element [6.719575ms] ERR:404 body={"strategy":"-android uiautomator","selector":"new UiSelector().descriptionContains(\"Welcome to\")"...
05:37:23.440345 POST /session/a880ccf9-282d-4356-b5e5-3a1a9f8c44ac/element [6.851929ms] ERR:404 body={"strategy":"-android uiautomator","selector":"new UiSelector().textMatches(\"(?is).*\\QWelcome to\\...
05:37:23.446899 POST /session/a880ccf9-282d-4356-b5e5-3a1a9f8c44ac/element [6.457653ms] ERR:404 body={"strategy":"-android uiautomator","selector":"new UiSelector().descriptionMatches(\"(?is).*\\QWelco...
05:37:23.452385 POST /session/a880ccf9-282d-4356-b5e5-3a1a9f8c44ac/element [5.396122ms] ERR:404 body={"strategy":"-android uiautomator","selector":"new UiSelector().textContains(\"Welcome to\")"}
05:37:23.457131 POST /session/a880ccf9-282d-4356-b5e5-3a1a9f8c44ac/element [4.666069ms] ERR:404 body={"strategy":"-android uiautomator","selector":"new UiSelector().descriptionContains(\"Welcome to\")"...
05:37:23.463367 POST /session/a880ccf9-282d-4356-b5e5-3a1a9f8c44ac/element [6.13443ms] ERR:404 body={"strategy":"-android uiautomator","selector":"new UiSelector().textMatches(\"(?is).*\\QWelcome to\\...
05:37:23.469248 POST /session/a880ccf9-282d-4356-b5e5-3a1a9f8c44ac/element [5.800468ms] ERR:404 body={"strategy":"-android uiautomator","selector":"new UiSelector().descriptionMatches(\"(?is).*\\QWelco...
05:37:23.475430 POST /session/a880ccf9-282d-4356-b5e5-3a1a9f8c44ac/element [6.081169ms] ERR:404 body={"strategy":"-android uiautomator","selector":"new UiSelector().textContains(\"Welcome to\")"}
05:37:23.481351 POST /session/a880ccf9-282d-4356-b5e5-3a1a9f8c44ac/element [5.855216ms] ERR:404 body={"strategy":"-android uiautomator","selector":"new UiSelector().descriptionContains(\"Welcome to\")"...
05:37:23.488148 POST /session/a880ccf9-282d-4356-b5e5-3a1a9f8c44ac/element [6.71343ms] ERR:404 body={"strategy":"-android uiautomator","selector":"new UiSelector().textMatches(\"(?is).*\\QWelcome to\\...
05:37:23.494223 POST /session/a880ccf9-282d-4356-b5e5-3a1a9f8c44ac/element [5.922462ms] ERR:404 body={"strategy":"-android uiautomator","selector":"new UiSelector().descriptionMatches(\"(?is).*\\QWelco...
05:37:23.500786 POST /session/a880ccf9-282d-4356-b5e5-3a1a9f8c44ac/element [6.464396ms] ERR:404 body={"strategy":"-android uiautomator","selector":"new UiSelector().textContains(\"Welcome to\")"}
05:37:23.505473 POST /session/a880ccf9-282d-4356-b5e5-3a1a9f8c44ac/element [4.599465ms] ERR:404 body={"strategy":"-android uiautomator","selector":"new UiSelector().descriptionContains(\"Welcome to\")"...
05:37:23.510469 POST /session/a880ccf9-282d-4356-b5e5-3a1a9f8c44ac/element [4.899076ms] ERR:404 body={"strategy":"-android uiautomator","selector":"new UiSelector().textMatches(\"(?is).*\\QWelcome to\\...
05:37:23.515722 POST /session/a880ccf9-282d-4356-b5e5-3a1a9f8c44ac/element [5.16007ms] ERR:404 body={"strategy":"-android uiautomator","selector":"new UiSelector().descriptionMatches(\"(?is).*\\QWelco...
05:37:23.523304 POST /session/a880ccf9-282d-4356-b5e5-3a1a9f8c44ac/element [7.515001ms] ERR:404 body={"strategy":"-android uiautomator","selector":"new UiSelector().textContains(\"Welcome to\")"}
05:37:23.527363 POST /session/a880ccf9-282d-4356-b5e5-3a1a9f8c44ac/element [3.927852ms] ERR:404 body={"strategy":"-android uiautomator","selector":"new UiSelector().descriptionContains(\"Welcome to\")"...
05:37:23.531243 POST /session/a880ccf9-282d-4356-b5e5-3a1a9f8c44ac/element [3.788501ms] ERR:404 body={"strategy":"-android uiautomator","selector":"new UiSelector().textMatches(\"(?is).*\\QWelcome to\\...
05:37:23.535839 POST /session/a880ccf9-282d-4356-b5e5-3a1a9f8c44ac/element [4.477978ms] ERR:404 body={"strategy":"-android uiautomator","selector":"new UiSelector().descriptionMatches(\"(?is).*\\QWelco...
05:37:23.541318 POST /session/a880ccf9-282d-4356-b5e5-3a1a9f8c44ac/element [5.376575ms] ERR:404 body={"strategy":"-android uiautomator","selector":"new UiSelector().textContains(\"Welcome to\")"}
05:37:23.547807 POST /session/a880ccf9-282d-4356-b5e5-3a1a9f8c44ac/element [6.382691ms] ERR:404 body={"strategy":"-android uiautomator","selector":"new UiSelector().descriptionContains(\"Welcome to\")"...
05:37:23.554519 POST /session/a880ccf9-282d-4356-b5e5-3a1a9f8c44ac/element [6.570764ms] ERR:404 body={"strategy":"-android uiautomator","selector":"new UiSelector().textMatches(\"(?is).*\\QWelcome to\\...
05:37:23.561749 POST /session/a880ccf9-282d-4356-b5e5-3a1a9f8c44ac/element [7.103499ms] ERR:404 body={"strategy":"-android uiautomator","selector":"new UiSelector().descriptionMatches(\"(?is).*\\QWelco...
05:37:23.567833 POST /session/a880ccf9-282d-4356-b5e5-3a1a9f8c44ac/element [5.97166ms] ERR:404 body={"strategy":"-android uiautomator","selector":"new UiSelector().textContains(\"Welcome to\")"}
05:37:23.573700 POST /session/a880ccf9-282d-4356-b5e5-3a1a9f8c44ac/element [5.720818ms] ERR:404 body={"strategy":"-android uiautomator","selector":"new UiSelector().descriptionContains(\"Welcome to\")"...
05:37:23.579812 POST /session/a880ccf9-282d-4356-b5e5-3a1a9f8c44ac/element [5.949435ms] ERR:404 body={"strategy":"-android uiautomator","selector":"new UiSelector().textMatches(\"(?is).*\\QWelcome to\\...
05:37:23.585615 POST /session/a880ccf9-282d-4356-b5e5-3a1a9f8c44ac/element [5.66835ms] ERR:404 body={"strategy":"-android uiautomator","selector":"new UiSelector().descriptionMatches(\"(?is).*\\QWelco...
05:37:23.590712 POST /session/a880ccf9-282d-4356-b5e5-3a1a9f8c44ac/element [4.557527ms] ERR:404 body={"strategy":"-android uiautomator","selector":"new UiSelector().textContains(\"Welcome to\")"}
05:37:23.597099 POST /session/a880ccf9-282d-4356-b5e5-3a1a9f8c44ac/element [6.259724ms] ERR:404 body={"strategy":"-android uiautomator","selector":"new UiSelector().descriptionContains(\"Welcome to\")"...
05:37:23.602822 POST /session/a880ccf9-282d-4356-b5e5-3a1a9f8c44ac/element [5.517561ms] ERR:404 body={"strategy":"-android uiautomator","selector":"new UiSelector().textMatches(\"(?is).*\\QWelcome to\\...
05:37:23.608721 POST /session/a880ccf9-282d-4356-b5e5-3a1a9f8c44ac/element [5.749359ms] ERR:404 body={"strategy":"-android uiautomator","selector":"new UiSelector().descriptionMatches(\"(?is).*\\QWelco...
05:37:23.614642 POST /session/a880ccf9-282d-4356-b5e5-3a1a9f8c44ac/element [5.778766ms] ERR:404 body={"strategy":"-android uiautomator","selector":"new UiSelector().textContains(\"Welcome to\")"}
05:37:23.620996 POST /session/a880ccf9-282d-4356-b5e5-3a1a9f8c44ac/element [6.234517ms] ERR:404 body={"strategy":"-android uiautomator","selector":"new UiSelector().descriptionContains(\"Welcome to\")"...
05:37:23.626483 POST /session/a880ccf9-282d-4356-b5e5-3a1a9f8c44ac/element [5.358802ms] ERR:404 body={"strategy":"-android uiautomator","selector":"new UiSelector().textMatches(\"(?is).*\\QWelcome to\\...
05:37:23.633473 POST /session/a880ccf9-282d-4356-b5e5-3a1a9f8c44ac/element [6.858614ms] ERR:404 body={"strategy":"-android uiautomator","selector":"new UiSelector().descriptionMatches(\"(?is).*\\QWelco...
05:37:23.638425 POST /session/a880ccf9-282d-4356-b5e5-3a1a9f8c44ac/element [4.829093ms] ERR:404 body={"strategy":"-android uiautomator","selector":"new UiSelector().textContains(\"Welcome to\")"}
05:37:23.643594 POST /session/a880ccf9-282d-4356-b5e5-3a1a9f8c44ac/element [5.053162ms] ERR:404 body={"strategy":"-android uiautomator","selector":"new UiSelector().descriptionContains(\"Welcome to\")"...
05:37:23.648988 POST /session/a880ccf9-282d-4356-b5e5-3a1a9f8c44ac/element [5.28239ms] ERR:404 body={"strategy":"-android uiautomator","selector":"new UiSelector().textMatches(\"(?is).*\\QWelcome to\\...
05:37:23.654943 POST /session/a880ccf9-282d-4356-b5e5-3a1a9f8c44ac/element [5.863725ms] ERR:404 body={"strategy":"-android uiautomator","selector":"new UiSelector().descriptionMatches(\"(?is).*\\QWelco...
05:37:23.659378 POST /session/a880ccf9-282d-4356-b5e5-3a1a9f8c44ac/element [4.338731ms] ERR:404 body={"strategy":"-android uiautomator","selector":"new UiSelector().textContains(\"Welcome to\")"}
05:37:23.664333 POST /session/a880ccf9-282d-4356-b5e5-3a1a9f8c44ac/element [4.857246ms] ERR:404 body={"strategy":"-android uiautomator","selector":"new UiSelector().descriptionContains(\"Welcome to\")"...
05:37:23.669753 POST /session/a880ccf9-282d-4356-b5e5-3a1a9f8c44ac/element [5.310053ms] ERR:404 body={"strategy":"-android uiautomator","selector":"new UiSelector().textMatches(\"(?is).*\\QWelcome to\\...
05:37:23.673948 POST /session/a880ccf9-282d-4356-b5e5-3a1a9f8c44ac/element [4.104009ms] ERR:404 body={"strategy":"-android uiautomator","selector":"new UiSelector().descriptionMatches(\"(?is).*\\QWelco...
05:37:23.678528 POST /session/a880ccf9-282d-4356-b5e5-3a1a9f8c44ac/element [4.472609ms] ERR:404 body={"strategy":"-android uiautomator","selector":"new UiSelector().textContains(\"Welcome to\")"}
05:37:23.682733 POST /session/a880ccf9-282d-4356-b5e5-3a1a9f8c44ac/element [4.134307ms] ERR:404 body={"strategy":"-android uiautomator","selector":"new UiSelector().descriptionContains(\"Welcome to\")"...
05:37:23.687502 POST /session/a880ccf9-282d-4356-b5e5-3a1a9f8c44ac/element [4.67595ms] ERR:404 body={"strategy":"-android uiautomator","selector":"new UiSelector().textMatches(\"(?is).*\\QWelcome to\\...
05:37:23.692456 POST /session/a880ccf9-282d-4356-b5e5-3a1a9f8c44ac/element [4.860592ms] ERR:404 body={"strategy":"-android uiautomator","selector":"new UiSelector().descriptionMatches(\"(?is).*\\QWelco...
05:37:23.697974 POST /session/a880ccf9-282d-4356-b5e5-3a1a9f8c44ac/element [5.410319ms] ERR:404 body={"strategy":"-android uiautomator","selector":"new UiSelector().textContains(\"Welcome to\")"}
05:37:23.702267 POST /session/a880ccf9-282d-4356-b5e5-3a1a9f8c44ac/element [4.189057ms] ERR:404 body={"strategy":"-android uiautomator","selector":"new UiSelector().descriptionContains(\"Welcome to\")"...
05:37:23.706743 POST /session/a880ccf9-282d-4356-b5e5-3a1a9f8c44ac/element [4.386399ms] ERR:404 body={"strategy":"-android uiautomator","selector":"new UiSelector().textMatches(\"(?is).*\\QWelcome to\\...
05:37:23.710841 POST /session/a880ccf9-282d-4356-b5e5-3a1a9f8c44ac/element [3.993622ms] ERR:404 body={"strategy":"-android uiautomator","selector":"new UiSelector().descriptionMatches(\"(?is).*\\QWelco...
05:37:23.715966 POST /session/a880ccf9-282d-4356-b5e5-3a1a9f8c44ac/element [5.033696ms] ERR:404 body={"strategy":"-android uiautomator","selector":"new UiSelector().textContains(\"Welcome to\")"}
05:37:23.720975 POST /session/a880ccf9-282d-4356-b5e5-3a1a9f8c44ac/element [4.912591ms] ERR:404 body={"strategy":"-android uiautomator","selector":"new UiSelector().descriptionContains(\"Welcome to\")"...
05:37:23.726134 POST /session/a880ccf9-282d-4356-b5e5-3a1a9f8c44ac/element [5.08452ms] ERR:404 body={"strategy":"-android uiautomator","selector":"new UiSelector().textMatches(\"(?is).*\\QWelcome to\\...
05:37:23.730449 POST /session/a880ccf9-282d-4356-b5e5-3a1a9f8c44ac/element [4.188518ms] ERR:404 body={"strategy":"-android uiautomator","selector":"new UiSelector().descriptionMatches(\"(?is).*\\QWelco...
05:37:23.735162 POST /session/a880ccf9-282d-4356-b5e5-3a1a9f8c44ac/element [4.62347ms] ERR:404 body={"strategy":"-android uiautomator","selector":"new UiSelector().textContains(\"Welcome to\")"}
05:37:23.741442 POST /session/a880ccf9-282d-4356-b5e5-3a1a9f8c44ac/element [6.14535ms] ERR:404 body={"strategy":"-android uiautomator","selector":"new UiSelector().descriptionContains(\"Welcome to\")"...
05:37:23.747755 POST /session/a880ccf9-282d-4356-b5e5-3a1a9f8c44ac/element [6.184363ms] ERR:404 body={"strategy":"-android uiautomator","selector":"new UiSelector().textMatches(\"(?is).*\\QWelcome to\\...
05:37:23.754240 POST /session/a880ccf9-282d-4356-b5e5-3a1a9f8c44ac/element [6.307383ms] ERR:404 body={"strategy":"-android uiautomator","selector":"new UiSelector().descriptionMatches(\"(?is).*\\QWelco...
05:37:23.758476 POST /session/a880ccf9-282d-4356-b5e5-3a1a9f8c44ac/element [4.119319ms] ERR:404 body={"strategy":"-android uiautomator","selector":"new UiSelector().textContains(\"Welcome to\")"}
05:37:23.762983 POST /session/a880ccf9-282d-4356-b5e5-3a1a9f8c44ac/element [4.417656ms] ERR:404 body={"strategy":"-android uiautomator","selector":"new UiSelector().descriptionContains(\"Welcome to\")"...
05:37:23.767626 POST /session/a880ccf9-282d-4356-b5e5-3a1a9f8c44ac/element [4.569246ms] ERR:404 body={"strategy":"-android uiautomator","selector":"new UiSelector().textMatches(\"(?is).*\\QWelcome to\\...
05:37:23.772153 POST /session/a880ccf9-282d-4356-b5e5-3a1a9f8c44ac/element [4.460696ms] ERR:404 body={"strategy":"-android uiautomator","selector":"new UiSelector().descriptionMatches(\"(?is).*\\QWelco...
05:37:23.776619 POST /session/a880ccf9-282d-4356-b5e5-3a1a9f8c44ac/element [4.330655ms] ERR:404 body={"strategy":"-android uiautomator","selector":"new UiSelector().textContains(\"Welcome to\")"}
05:37:23.780973 POST /session/a880ccf9-282d-4356-b5e5-3a1a9f8c44ac/element [4.261523ms] ERR:404 body={"strategy":"-android uiautomator","selector":"new UiSelector().descriptionContains(\"Welcome to\")"...
05:37:23.785753 POST /session/a880ccf9-282d-4356-b5e5-3a1a9f8c44ac/element [4.662685ms] ERR:404 body={"strategy":"-android uiautomator","selector":"new UiSelector().textMatches(\"(?is).*\\QWelcome to\\...
05:37:23.790668 POST /session/a880ccf9-282d-4356-b5e5-3a1a9f8c44ac/element [4.840244ms] ERR:404 body={"strategy":"-android uiautomator","selector":"new UiSelector().descriptionMatches(\"(?is).*\\QWelco...
05:37:23.796174 POST /session/a880ccf9-282d-4356-b5e5-3a1a9f8c44ac/element [5.408373ms] ERR:404 body={"strategy":"-android uiautomator","selector":"new UiSelector().textContains(\"Welcome to\")"}
05:37:23.800577 POST /session/a880ccf9-282d-4356-b5e5-3a1a9f8c44ac/element [4.278848ms] ERR:404 body={"strategy":"-android uiautomator","selector":"new UiSelector().descriptionContains(\"Welcome to\")"...
05:37:23.805204 POST /session/a880ccf9-282d-4356-b5e5-3a1a9f8c44ac/element [4.515736ms] ERR:404 body={"strategy":"-android uiautomator","selector":"new UiSelector().textMatches(\"(?is).*\\QWelcome to\\...
05:37:23.809707 POST /session/a880ccf9-282d-4356-b5e5-3a1a9f8c44ac/element [4.401255ms] ERR:404 body={"strategy":"-android uiautomator","selector":"new UiSelector().descriptionMatches(\"(?is).*\\QWelco...
05:37:23.814586 POST /session/a880ccf9-282d-4356-b5e5-3a1a9f8c44ac/element [4.769112ms] ERR:404 body={"strategy":"-android uiautomator","selector":"new UiSelector().textContains(\"Welcome to\")"}
05:37:23.818757 POST /session/a880ccf9-282d-4356-b5e5-3a1a9f8c44ac/element [4.073274ms] ERR:404 body={"strategy":"-android uiautomator","selector":"new UiSelector().descriptionContains(\"Welcome to\")"...
05:37:23.823923 POST /session/a880ccf9-282d-4356-b5e5-3a1a9f8c44ac/element [5.069161ms] ERR:404 body={"strategy":"-android uiautomator","selector":"new UiSelector().textMatches(\"(?is).*\\QWelcome to\\...
05:37:23.828781 POST /session/a880ccf9-282d-4356-b5e5-3a1a9f8c44ac/element [4.740066ms] ERR:404 body={"strategy":"-android uiautomator","selector":"new UiSelector().descriptionMatches(\"(?is).*\\QWelco...
05:37:23.833357 POST /session/a880ccf9-282d-4356-b5e5-3a1a9f8c44ac/element [4.465595ms] ERR:404 body={"strategy":"-android uiautomator","selector":"new UiSelector().textContains(\"Welcome to\")"}
05:37:23.837932 POST /session/a880ccf9-282d-4356-b5e5-3a1a9f8c44ac/element [4.482418ms] ERR:404 body={"strategy":"-android uiautomator","selector":"new UiSelector().descriptionContains(\"Welcome to\")"...
05:37:23.842696 POST /session/a880ccf9-282d-4356-b5e5-3a1a9f8c44ac/element [4.656079ms] ERR:404 body={"strategy":"-android uiautomator","selector":"new UiSelector().textMatches(\"(?is).*\\QWelcome to\\...
05:37:23.847237 POST /session/a880ccf9-282d-4356-b5e5-3a1a9f8c44ac/element [4.473398ms] ERR:404 body={"strategy":"-android uiautomator","selector":"new UiSelector().descriptionMatches(\"(?is).*\\QWelco...
05:37:23.851340 POST /session/a880ccf9-282d-4356-b5e5-3a1a9f8c44ac/element [4.001899ms] ERR:404 body={"strategy":"-android uiautomator","selector":"new UiSelector().textContains(\"Welcome to\")"}
05:37:23.855889 POST /session/a880ccf9-282d-4356-b5e5-3a1a9f8c44ac/element [4.487144ms] ERR:404 body={"strategy":"-android uiautomator","selector":"new UiSelector().descriptionContains(\"Welcome to\")"...
05:37:23.860754 POST /session/a880ccf9-282d-4356-b5e5-3a1a9f8c44ac/element [4.775864ms] ERR:404 body={"strategy":"-android uiautomator","selector":"new UiSelector().textMatches(\"(?is).*\\QWelcome to\\...
05:37:23.866289 POST /session/a880ccf9-282d-4356-b5e5-3a1a9f8c44ac/element [5.372961ms] ERR:404 body={"strategy":"-android uiautomator","selector":"new UiSelector().descriptionMatches(\"(?is).*\\QWelco...
05:37:23.873206 POST /session/a880ccf9-282d-4356-b5e5-3a1a9f8c44ac/element [6.759898ms] ERR:404 body={"strategy":"-android uiautomator","selector":"new UiSelector().textContains(\"Welcome to\")"}
05:37:23.879481 POST /session/a880ccf9-282d-4356-b5e5-3a1a9f8c44ac/element [6.138096ms] ERR:404 body={"strategy":"-android uiautomator","selector":"new UiSelector().descriptionContains(\"Welcome to\")"...
05:37:23.887021 POST /session/a880ccf9-282d-4356-b5e5-3a1a9f8c44ac/element [7.400543ms] ERR:404 body={"strategy":"-android uiautomator","selector":"new UiSelector().textMatches(\"(?is).*\\QWelcome to\\...
05:37:23.891833 POST /session/a880ccf9-282d-4356-b5e5-3a1a9f8c44ac/element [4.724459ms] ERR:404 body={"strategy":"-android uiautomator","selector":"new UiSelector().descriptionMatches(\"(?is).*\\QWelco...
05:37:23.898151 POST /session/a880ccf9-282d-4356-b5e5-3a1a9f8c44ac/element [6.162823ms] ERR:404 body={"strategy":"-android uiautomator","selector":"new UiSelector().textContains(\"Welcome to\")"}
05:37:23.903413 POST /session/a880ccf9-282d-4356-b5e5-3a1a9f8c44ac/element [5.120992ms] ERR:404 body={"strategy":"-android uiautomator","selector":"new UiSelector().descriptionContains(\"Welcome to\")"...
05:37:23.908632 POST /session/a880ccf9-282d-4356-b5e5-3a1a9f8c44ac/element [5.064904ms] ERR:404 body={"strategy":"-android uiautomator","selector":"new UiSelector().textMatches(\"(?is).*\\QWelcome to\\...
05:37:23.912952 POST /session/a880ccf9-282d-4356-b5e5-3a1a9f8c44ac/element [4.213605ms] ERR:404 body={"strategy":"-android uiautomator","selector":"new UiSelector().descriptionMatches(\"(?is).*\\QWelco...
05:37:23.917721 POST /session/a880ccf9-282d-4356-b5e5-3a1a9f8c44ac/element [4.665948ms] ERR:404 body={"strategy":"-android uiautomator","selector":"new UiSelector().textContains(\"Welcome to\")"}
05:37:23.922061 POST /session/a880ccf9-282d-4356-b5e5-3a1a9f8c44ac/element [4.228338ms] ERR:404 body={"strategy":"-android uiautomator","selector":"new UiSelector().descriptionContains(\"Welcome to\")"...
05:37:23.927812 POST /session/a880ccf9-282d-4356-b5e5-3a1a9f8c44ac/element [5.599441ms] ERR:404 body={"strategy":"-android uiautomator","selector":"new UiSelector().textMatches(\"(?is).*\\QWelcome to\\...
05:37:23.933086 POST /session/a880ccf9-282d-4356-b5e5-3a1a9f8c44ac/element [5.148901ms] ERR:404 body={"strategy":"-android uiautomator","selector":"new UiSelector().descriptionMatches(\"(?is).*\\QWelco...
05:37:23.938345 POST /session/a880ccf9-282d-4356-b5e5-3a1a9f8c44ac/element [5.135305ms] ERR:404 body={"strategy":"-android uiautomator","selector":"new UiSelector().textContains(\"Welcome to\")"}
05:37:23.942936 POST /session/a880ccf9-282d-4356-b5e5-3a1a9f8c44ac/element [4.456708ms] ERR:404 body={"strategy":"-android uiautomator","selector":"new UiSelector().descriptionContains(\"Welcome to\")"...
05:37:23.947101 POST /session/a880ccf9-282d-4356-b5e5-3a1a9f8c44ac/element [4.058845ms] ERR:404 body={"strategy":"-android uiautomator","selector":"new UiSelector().textMatches(\"(?is).*\\QWelcome to\\...
05:37:23.951177 POST /session/a880ccf9-282d-4356-b5e5-3a1a9f8c44ac/element [3.990909ms] ERR:404 body={"strategy":"-android uiautomator","selector":"new UiSelector().descriptionMatches(\"(?is).*\\QWelco...
05:37:23.955772 POST /session/a880ccf9-282d-4356-b5e5-3a1a9f8c44ac/element [4.469342ms] ERR:404 body={"strategy":"-android uiautomator","selector":"new UiSelector().textContains(\"Welcome to\")"}
05:37:23.960860 POST /session/a880ccf9-282d-4356-b5e5-3a1a9f8c44ac/element [5.019609ms] ERR:404 body={"strategy":"-android uiautomator","selector":"new UiSelector().descriptionContains(\"Welcome to\")"...
05:37:23.965577 POST /session/a880ccf9-282d-4356-b5e5-3a1a9f8c44ac/element [4.627968ms] ERR:404 body={"strategy":"-android uiautomator","selector":"new UiSelector().textMatches(\"(?is).*\\QWelcome to\\...
05:37:23.969283 POST /session/a880ccf9-282d-4356-b5e5-3a1a9f8c44ac/element [3.647386ms] ERR:404 body={"strategy":"-android uiautomator","selector":"new UiSelector().descriptionMatches(\"(?is).*\\QWelco...
05:37:23.973359 POST /session/a880ccf9-282d-4356-b5e5-3a1a9f8c44ac/element [3.987254ms] ERR:404 body={"strategy":"-android uiautomator","selector":"new UiSelector().textContains(\"Welcome to\")"}
05:37:23.977407 POST /session/a880ccf9-282d-4356-b5e5-3a1a9f8c44ac/element [3.973555ms] ERR:404 body={"strategy":"-android uiautomator","selector":"new UiSelector().descriptionContains(\"Welcome to\")"...
05:37:23.981673 POST /session/a880ccf9-282d-4356-b5e5-3a1a9f8c44ac/element [4.197515ms] ERR:404 body={"strategy":"-android uiautomator","selector":"new UiSelector().textMatches(\"(?is).*\\QWelcome to\\...
05:37:23.986613 POST /session/a880ccf9-282d-4356-b5e5-3a1a9f8c44ac/element [4.830867ms] ERR:404 body={"strategy":"-android uiautomator","selector":"new UiSelector().descriptionMatches(\"(?is).*\\QWelco...
05:37:23.991437 POST /session/a880ccf9-282d-4356-b5e5-3a1a9f8c44ac/element [4.738847ms] ERR:404 body={"strategy":"-android uiautomator","selector":"new UiSelector().textContains(\"Welcome to\")"}
05:37:23.996476 POST /session/a880ccf9-282d-4356-b5e5-3a1a9f8c44ac/element [4.742261ms] ERR:404 body={"strategy":"-android uiautomator","selector":"new UiSelector().descriptionContains(\"Welcome to\")"...
05:37:24.001720 POST /session/a880ccf9-282d-4356-b5e5-3a1a9f8c44ac/element [5.142358ms] ERR:404 body={"strategy":"-android uiautomator","selector":"new UiSelector().textMatches(\"(?is).*\\QWelcome to\\...
05:37:24.006675 POST /session/a880ccf9-282d-4356-b5e5-3a1a9f8c44ac/element [4.877083ms] ERR:404 body={"strategy":"-android uiautomator","selector":"new UiSelector().descriptionMatches(\"(?is).*\\QWelco...
05:37:24.011305 POST /session/a880ccf9-282d-4356-b5e5-3a1a9f8c44ac/element [4.547959ms] ERR:404 body={"strategy":"-android uiautomator","selector":"new UiSelector().textContains(\"Welcome to\")"}
05:37:24.016447 POST /session/a880ccf9-282d-4356-b5e5-3a1a9f8c44ac/element [5.050026ms] ERR:404 body={"strategy":"-android uiautomator","selector":"new UiSelector().descriptionContains(\"Welcome to\")"...
05:37:24.023393 POST /session/a880ccf9-282d-4356-b5e5-3a1a9f8c44ac/element [6.841009ms] ERR:404 body={"strategy":"-android uiautomator","selector":"new UiSelector().textMatches(\"(?is).*\\QWelcome to\\...
05:37:24.028363 POST /session/a880ccf9-282d-4356-b5e5-3a1a9f8c44ac/element [4.874668ms] ERR:404 body={"strategy":"-android uiautomator","selector":"new UiSelector().descriptionMatches(\"(?is).*\\QWelco...
05:37:24.032547 POST /session/a880ccf9-282d-4356-b5e5-3a1a9f8c44ac/element [4.122234ms] ERR:404 body={"strategy":"-android uiautomator","selector":"new UiSelector().textContains(\"Welcome to\")"}
05:37:24.036407 POST /session/a880ccf9-282d-4356-b5e5-3a1a9f8c44ac/element [3.792146ms] ERR:404 body={"strategy":"-android uiautomator","selector":"new UiSelector().descriptionContains(\"Welcome to\")"...
05:37:24.040357 POST /session/a880ccf9-282d-4356-b5e5-3a1a9f8c44ac/element [3.84605ms] ERR:404 body={"strategy":"-android uiautomator","selector":"new UiSelector().textMatches(\"(?is).*\\QWelcome to\\...
05:37:24.044508 POST /session/a880ccf9-282d-4356-b5e5-3a1a9f8c44ac/element [4.063795ms] ERR:404 body={"strategy":"-android uiautomator","selector":"new UiSelector().descriptionMatches(\"(?is).*\\QWelco...
05:37:24.048722 POST /session/a880ccf9-282d-4356-b5e5-3a1a9f8c44ac/element [4.150066ms] ERR:404 body={"strategy":"-android uiautomator","selector":"new UiSelector().textContains(\"Welcome to\")"}
05:37:24.052724 POST /session/a880ccf9-282d-4356-b5e5-3a1a9f8c44ac/element [3.935721ms] ERR:404 body={"strategy":"-android uiautomator","selector":"new UiSelector().descriptionContains(\"Welcome to\")"...
05:37:24.057527 POST /session/a880ccf9-282d-4356-b5e5-3a1a9f8c44ac/element [4.720415ms] ERR:404 body={"strategy":"-android uiautomator","selector":"new UiSelector().textMatches(\"(?is).*\\QWelcome to\\...
05:37:24.061544 POST /session/a880ccf9-282d-4356-b5e5-3a1a9f8c44ac/element [3.941527ms] ERR:404 body={"strategy":"-android uiautomator","selector":"new UiSelector().descriptionMatches(\"(?is).*\\QWelco...
05:37:24.065441 POST /session/a880ccf9-282d-4356-b5e5-3a1a9f8c44ac/element [3.818733ms] ERR:404 body={"strategy":"-android uiautomator","selector":"new UiSelector().textContains(\"Welcome to\")"}
05:37:24.069809 POST /session/a880ccf9-282d-4356-b5e5-3a1a9f8c44ac/element [4.276903ms] ERR:404 body={"strategy":"-android uiautomator","selector":"new UiSelector().descriptionContains(\"Welcome to\")"...
05:37:24.074626 POST /session/a880ccf9-282d-4356-b5e5-3a1a9f8c44ac/element [4.74781ms] ERR:404 body={"strategy":"-android uiautomator","selector":"new UiSelector().textMatches(\"(?is).*\\QWelcome to\\...
05:37:24.078689 POST /session/a880ccf9-282d-4356-b5e5-3a1a9f8c44ac/element [3.93144ms] ERR:404 body={"strategy":"-android uiautomator","selector":"new UiSelector().descriptionMatches(\"(?is).*\\QWelco...
05:37:24.082671 POST /session/a880ccf9-282d-4356-b5e5-3a1a9f8c44ac/element [3.887847ms] ERR:404 body={"strategy":"-android uiautomator","selector":"new UiSelector().textContains(\"Welcome to\")"}
05:37:24.087423 POST /session/a880ccf9-282d-4356-b5e5-3a1a9f8c44ac/element [4.650731ms] ERR:404 body={"strategy":"-android uiautomator","selector":"new UiSelector().descriptionContains(\"Welcome to\")"...
05:37:24.091856 POST /session/a880ccf9-282d-4356-b5e5-3a1a9f8c44ac/element [4.327565ms] ERR:404 body={"strategy":"-android uiautomator","selector":"new UiSelector().textMatches(\"(?is).*\\QWelcome to\\...
05:37:24.096771 POST /session/a880ccf9-282d-4356-b5e5-3a1a9f8c44ac/element [4.773902ms] ERR:404 body={"strategy":"-android uiautomator","selector":"new UiSelector().descriptionMatches(\"(?is).*\\QWelco...
05:37:24.101637 POST /session/a880ccf9-282d-4356-b5e5-3a1a9f8c44ac/element [4.744734ms] ERR:404 body={"strategy":"-android uiautomator","selector":"new UiSelector().textContains(\"Welcome to\")"}
05:37:24.106930 POST /session/a880ccf9-282d-4356-b5e5-3a1a9f8c44ac/element [5.149885ms] ERR:404 body={"strategy":"-android uiautomator","selector":"new UiSelector().descriptionContains(\"Welcome to\")"...
05:37:24.111790 POST /session/a880ccf9-282d-4356-b5e5-3a1a9f8c44ac/element [4.739506ms] ERR:404 body={"strategy":"-android uiautomator","selector":"new UiSelector().textMatches(\"(?is).*\\QWelcome to\\...
05:37:24.116680 POST /session/a880ccf9-282d-4356-b5e5-3a1a9f8c44ac/element [4.740086ms] ERR:404 body={"strategy":"-android uiautomator","selector":"new UiSelector().descriptionMatches(\"(?is).*\\QWelco...
05:37:24.121764 POST /session/a880ccf9-282d-4356-b5e5-3a1a9f8c44ac/element [4.917509ms] ERR:404 body={"strategy":"-android uiautomator","selector":"new UiSelector().textContains(\"Welcome to\")"}
05:37:24.127054 POST /session/a880ccf9-282d-4356-b5e5-3a1a9f8c44ac/element [5.157166ms] ERR:404 body={"strategy":"-android uiautomator","selector":"new UiSelector().descriptionContains(\"Welcome to\")"...
05:37:24.131448 POST /session/a880ccf9-282d-4356-b5e5-3a1a9f8c44ac/element [4.295338ms] ERR:404 body={"strategy":"-android uiautomator","selector":"new UiSelector().textMatches(\"(?is).*\\QWelcome to\\...
05:37:24.135604 POST /session/a880ccf9-282d-4356-b5e5-3a1a9f8c44ac/element [4.064404ms] ERR:404 body={"strategy":"-android uiautomator","selector":"new UiSelector().descriptionMatches(\"(?is).*\\QWelco...
05:37:24.139472 POST /session/a880ccf9-282d-4356-b5e5-3a1a9f8c44ac/element [3.770808ms] ERR:404 body={"strategy":"-android uiautomator","selector":"new UiSelector().textContains(\"Welcome to\")"}
05:37:24.143799 POST /session/a880ccf9-282d-4356-b5e5-3a1a9f8c44ac/element [4.246837ms] ERR:404 body={"strategy":"-android uiautomator","selector":"new UiSelector().descriptionContains(\"Welcome to\")"...
05:37:24.148384 POST /session/a880ccf9-282d-4356-b5e5-3a1a9f8c44ac/element [4.518395ms] ERR:404 body={"strategy":"-android uiautomator","selector":"new UiSelector().textMatches(\"(?is).*\\QWelcome to\\...
05:37:24.153891 POST /session/a880ccf9-282d-4356-b5e5-3a1a9f8c44ac/element [5.405191ms] ERR:404 body={"strategy":"-android uiautomator","selector":"new UiSelector().descriptionMatches(\"(?is).*\\QWelco...
05:37:24.163412 POST /session/a880ccf9-282d-4356-b5e5-3a1a9f8c44ac/element [9.414192ms] ERR:404 body={"strategy":"-android uiautomator","selector":"new UiSelector().textContains(\"Welcome to\")"}
05:37:24.170954 POST /session/a880ccf9-282d-4356-b5e5-3a1a9f8c44ac/element [7.438884ms] ERR:404 body={"strategy":"-android uiautomator","selector":"new UiSelector().descriptionContains(\"Welcome to\")"...
05:37:24.177120 POST /session/a880ccf9-282d-4356-b5e5-3a1a9f8c44ac/element [6.037719ms] ERR:404 body={"strategy":"-android uiautomator","selector":"new UiSelector().textMatches(\"(?is).*\\QWelcome to\\...
05:37:24.183355 POST /session/a880ccf9-282d-4356-b5e5-3a1a9f8c44ac/element [6.114032ms] ERR:404 body={"strategy":"-android uiautomator","selector":"new UiSelector().descriptionMatches(\"(?is).*\\QWelco...
05:37:24.188438 POST /session/a880ccf9-282d-4356-b5e5-3a1a9f8c44ac/element [4.985736ms] ERR:404 body={"strategy":"-android uiautomator","selector":"new UiSelector().textContains(\"Welcome to\")"}
05:37:24.193373 POST /session/a880ccf9-282d-4356-b5e5-3a1a9f8c44ac/element [4.849452ms] ERR:404 body={"strategy":"-android uiautomator","selector":"new UiSelector().descriptionContains(\"Welcome to\")"...
05:37:24.197782 POST /session/a880ccf9-282d-4356-b5e5-3a1a9f8c44ac/element [4.320805ms] ERR:404 body={"strategy":"-android uiautomator","selector":"new UiSelector().textMatches(\"(?is).*\\QWelcome to\\...
05:37:24.202460 POST /session/a880ccf9-282d-4356-b5e5-3a1a9f8c44ac/element [4.573617ms] ERR:404 body={"strategy":"-android uiautomator","selector":"new UiSelector().descriptionMatches(\"(?is).*\\QWelco...
05:37:24.207562 POST /session/a880ccf9-282d-4356-b5e5-3a1a9f8c44ac/element [5.016753ms] ERR:404 body={"strategy":"-android uiautomator","selector":"new UiSelector().textContains(\"Welcome to\")"}
05:37:24.212413 POST /session/a880ccf9-282d-4356-b5e5-3a1a9f8c44ac/element [4.761815ms] ERR:404 body={"strategy":"-android uiautomator","selector":"new UiSelector().descriptionContains(\"Welcome to\")"...
05:37:24.217419 POST /session/a880ccf9-282d-4356-b5e5-3a1a9f8c44ac/element [4.917789ms] ERR:404 body={"strategy":"-android uiautomator","selector":"new UiSelector().textMatches(\"(?is).*\\QWelcome to\\...
05:37:24.223303 POST /session/a880ccf9-282d-4356-b5e5-3a1a9f8c44ac/element [5.799656ms] ERR:404 body={"strategy":"-android uiautomator","selector":"new UiSelector().descriptionMatches(\"(?is).*\\QWelco...
05:37:24.229513 POST /session/a880ccf9-282d-4356-b5e5-3a1a9f8c44ac/element [6.135782ms] ERR:404 body={"strategy":"-android uiautomator","selector":"new UiSelector().textContains(\"Welcome to\")"}
05:37:24.235165 POST /session/a880ccf9-282d-4356-b5e5-3a1a9f8c44ac/element [5.528489ms] ERR:404 body={"strategy":"-android uiautomator","selector":"new UiSelector().descriptionContains(\"Welcome to\")"...
05:37:24.240858 POST /session/a880ccf9-282d-4356-b5e5-3a1a9f8c44ac/element [5.562673ms] ERR:404 body={"strategy":"-android uiautomator","selector":"new UiSelector().textMatches(\"(?is).*\\QWelcome to\\...
05:37:24.246346 POST /session/a880ccf9-282d-4356-b5e5-3a1a9f8c44ac/element [5.365477ms] ERR:404 body={"strategy":"-android uiautomator","selector":"new UiSelector().descriptionMatches(\"(?is).*\\QWelco...
05:37:24.250811 POST /session/a880ccf9-282d-4356-b5e5-3a1a9f8c44ac/element [4.353205ms] ERR:404 body={"strategy":"-android uiautomator","selector":"new UiSelector().textContains(\"Welcome to\")"}
05:37:24.255540 POST /session/a880ccf9-282d-4356-b5e5-3a1a9f8c44ac/element [4.627387ms] ERR:404 body={"strategy":"-android uiautomator","selector":"new UiSelector().descriptionContains(\"Welcome to\")"...
05:37:24.260540 POST /session/a880ccf9-282d-4356-b5e5-3a1a9f8c44ac/element [4.882198ms] ERR:404 body={"strategy":"-android uiautomator","selector":"new UiSelector().textMatches(\"(?is).*\\QWelcome to\\...
05:37:24.265278 POST /session/a880ccf9-282d-4356-b5e5-3a1a9f8c44ac/element [4.639917ms] ERR:404 body={"strategy":"-android uiautomator","selector":"new UiSelector().descriptionMatches(\"(?is).*\\QWelco...
05:37:24.270010 POST /session/a880ccf9-282d-4356-b5e5-3a1a9f8c44ac/element [4.613686ms] ERR:404 body={"strategy":"-android uiautomator","selector":"new UiSelector().textContains(\"Welcome to\")"}
05:37:24.274775 POST /session/a880ccf9-282d-4356-b5e5-3a1a9f8c44ac/element [4.674735ms] ERR:404 body={"strategy":"-android uiautomator","selector":"new UiSelector().descriptionContains(\"Welcome to\")"...
05:37:24.279577 POST /session/a880ccf9-282d-4356-b5e5-3a1a9f8c44ac/element [4.716854ms] ERR:404 body={"strategy":"-android uiautomator","selector":"new UiSelector().textMatches(\"(?is).*\\QWelcome to\\...
05:37:24.284853 POST /session/a880ccf9-282d-4356-b5e5-3a1a9f8c44ac/element [5.170681ms] ERR:404 body={"strategy":"-android uiautomator","selector":"new UiSelector().descriptionMatches(\"(?is).*\\QWelco...
05:37:24.291510 POST /session/a880ccf9-282d-4356-b5e5-3a1a9f8c44ac/element [6.516695ms] ERR:404 body={"strategy":"-android uiautomator","selector":"new UiSelector().textContains(\"Welcome to\")"}
05:37:24.297316 POST /session/a880ccf9-282d-4356-b5e5-3a1a9f8c44ac/element [5.670001ms] ERR:404 body={"strategy":"-android uiautomator","selector":"new UiSelector().descriptionContains(\"Welcome to\")"...
05:37:24.303281 POST /session/a880ccf9-282d-4356-b5e5-3a1a9f8c44ac/element [5.824812ms] ERR:404 body={"strategy":"-android uiautomator","selector":"new UiSelector().textMatches(\"(?is).*\\QWelcome to\\...
05:37:24.308202 POST /session/a880ccf9-282d-4356-b5e5-3a1a9f8c44ac/element [4.802263ms] ERR:404 body={"strategy":"-android uiautomator","selector":"new UiSelector().descriptionMatches(\"(?is).*\\QWelco...
05:37:24.313039 POST /session/a880ccf9-282d-4356-b5e5-3a1a9f8c44ac/element [4.72713ms] ERR:404 body={"strategy":"-android uiautomator","selector":"new UiSelector().textContains(\"Welcome to\")"}
05:37:24.317927 POST /session/a880ccf9-282d-4356-b5e5-3a1a9f8c44ac/element [4.759774ms] ERR:404 body={"strategy":"-android uiautomator","selector":"new UiSelector().descriptionContains(\"Welcome to\")"...
05:37:24.324341 POST /session/a880ccf9-282d-4356-b5e5-3a1a9f8c44ac/element [6.259697ms] ERR:404 body={"strategy":"-android uiautomator","selector":"new UiSelector().textMatches(\"(?is).*\\QWelcome to\\...
05:37:24.330405 POST /session/a880ccf9-282d-4356-b5e5-3a1a9f8c44ac/element [5.923356ms] ERR:404 body={"strategy":"-android uiautomator","selector":"new UiSelector().descriptionMatches(\"(?is).*\\QWelco...
05:37:24.336380 POST /session/a880ccf9-282d-4356-b5e5-3a1a9f8c44ac/element [5.845781ms] ERR:404 body={"strategy":"-android uiautomator","selector":"new UiSelector().textContains(\"Welcome to\")"}
05:37:24.343272 POST /session/a880ccf9-282d-4356-b5e5-3a1a9f8c44ac/element [6.693661ms] ERR:404 body={"strategy":"-android uiautomator","selector":"new UiSelector().descriptionContains(\"Welcome to\")"...
05:37:24.348650 POST /session/a880ccf9-282d-4356-b5e5-3a1a9f8c44ac/element [5.241808ms] ERR:404 body={"strategy":"-android uiautomator","selector":"new UiSelector().textMatches(\"(?is).*\\QWelcome to\\...
05:37:24.353310 POST /session/a880ccf9-282d-4356-b5e5-3a1a9f8c44ac/element [4.551537ms] ERR:404 body={"strategy":"-android uiautomator","selector":"new UiSelector().descriptionMatches(\"(?is).*\\QWelco...
05:37:24.358158 POST /session/a880ccf9-282d-4356-b5e5-3a1a9f8c44ac/element [4.758392ms] ERR:404 body={"strategy":"-android uiautomator","selector":"new UiSelector().textContains(\"Welcome to\")"}
05:37:24.362793 POST /session/a880ccf9-282d-4356-b5e5-3a1a9f8c44ac/element [4.517791ms] ERR:404 body={"strategy":"-android uiautomator","selector":"new UiSelector().descriptionContains(\"Welcome to\")"...
05:37:24.367251 POST /session/a880ccf9-282d-4356-b5e5-3a1a9f8c44ac/element [4.356288ms] ERR:404 body={"strategy":"-android uiautomator","selector":"new UiSelector().textMatches(\"(?is).*\\QWelcome to\\...
05:37:24.371779 POST /session/a880ccf9-282d-4356-b5e5-3a1a9f8c44ac/element [4.425671ms] ERR:404 body={"strategy":"-android uiautomator","selector":"new UiSelector().descriptionMatches(\"(?is).*\\QWelco...
05:37:24.376517 POST /session/a880ccf9-282d-4356-b5e5-3a1a9f8c44ac/element [4.644743ms] ERR:404 body={"strategy":"-android uiautomator","selector":"new UiSelector().textContains(\"Welcome to\")"}
05:37:24.381569 POST /session/a880ccf9-282d-4356-b5e5-3a1a9f8c44ac/element [4.982291ms] ERR:404 body={"strategy":"-android uiautomator","selector":"new UiSelector().descriptionContains(\"Welcome to\")"...
05:37:24.386108 POST /session/a880ccf9-282d-4356-b5e5-3a1a9f8c44ac/element [4.440437ms] ERR:404 body={"strategy":"-android uiautomator","selector":"new UiSelector().textMatches(\"(?is).*\\QWelcome to\\...
05:37:24.390788 POST /session/a880ccf9-282d-4356-b5e5-3a1a9f8c44ac/element [4.596399ms] ERR:404 body={"strategy":"-android uiautomator","selector":"new UiSelector().descriptionMatches(\"(?is).*\\QWelco...
05:37:24.395835 POST /session/a880ccf9-282d-4356-b5e5-3a1a9f8c44ac/element [4.967133ms] ERR:404 body={"strategy":"-android uiautomator","selector":"new UiSelector().textContains(\"Welcome to\")"}
05:37:24.400618 POST /session/a880ccf9-282d-4356-b5e5-3a1a9f8c44ac/element [4.684153ms] ERR:404 body={"strategy":"-android uiautomator","selector":"new UiSelector().descriptionContains(\"Welcome to\")"...
05:37:24.405324 POST /session/a880ccf9-282d-4356-b5e5-3a1a9f8c44ac/element [4.598386ms] ERR:404 body={"strategy":"-android uiautomator","selector":"new UiSelector().textMatches(\"(?is).*\\QWelcome to\\...
05:37:24.409953 POST /session/a880ccf9-282d-4356-b5e5-3a1a9f8c44ac/element [4.539851ms] ERR:404 body={"strategy":"-android uiautomator","selector":"new UiSelector().descriptionMatches(\"(?is).*\\QWelco...
05:37:24.414619 POST /session/a880ccf9-282d-4356-b5e5-3a1a9f8c44ac/element [4.576204ms] ERR:404 body={"strategy":"-android uiautomator","selector":"new UiSelector().textContains(\"Welcome to\")"}
05:37:24.419226 POST /session/a880ccf9-282d-4356-b5e5-3a1a9f8c44ac/element [4.534173ms] ERR:404 body={"strategy":"-android uiautomator","selector":"new UiSelector().descriptionContains(\"Welcome to\")"...
05:37:24.424550 POST /session/a880ccf9-282d-4356-b5e5-3a1a9f8c44ac/element [5.232206ms] ERR:404 body={"strategy":"-android uiautomator","selector":"new UiSelector().textMatches(\"(?is).*\\QWelcome to\\...
05:37:24.430082 POST /session/a880ccf9-282d-4356-b5e5-3a1a9f8c44ac/element [5.329498ms] ERR:404 body={"strategy":"-android uiautomator","selector":"new UiSelector().descriptionMatches(\"(?is).*\\QWelco...
05:37:24.435802 POST /session/a880ccf9-282d-4356-b5e5-3a1a9f8c44ac/element [5.514433ms] ERR:404 body={"strategy":"-android uiautomator","selector":"new UiSelector().textContains(\"Welcome to\")"}
05:37:24.440857 POST /session/a880ccf9-282d-4356-b5e5-3a1a9f8c44ac/element [4.952915ms] ERR:404 body={"strategy":"-android uiautomator","selector":"new UiSelector().descriptionContains(\"Welcome to\")"...
05:37:24.445511 POST /session/a880ccf9-282d-4356-b5e5-3a1a9f8c44ac/element [4.578887ms] ERR:404 body={"strategy":"-android uiautomator","selector":"new UiSelector().textMatches(\"(?is).*\\QWelcome to\\...
05:37:24.451023 POST /session/a880ccf9-282d-4356-b5e5-3a1a9f8c44ac/element [5.409569ms] ERR:404 body={"strategy":"-android uiautomator","selector":"new UiSelector().descriptionMatches(\"(?is).*\\QWelco...
05:37:24.457250 POST /session/a880ccf9-282d-4356-b5e5-3a1a9f8c44ac/element [6.141812ms] ERR:404 body={"strategy":"-android uiautomator","selector":"new UiSelector().textContains(\"Welcome to\")"}
05:37:24.463086 POST /session/a880ccf9-282d-4356-b5e5-3a1a9f8c44ac/element [5.756074ms] ERR:404 body={"strategy":"-android uiautomator","selector":"new UiSelector().descriptionContains(\"Welcome to\")"...
05:37:24.467903 POST /session/a880ccf9-282d-4356-b5e5-3a1a9f8c44ac/element [4.733527ms] ERR:404 body={"strategy":"-android uiautomator","selector":"new UiSelector().textMatches(\"(?is).*\\QWelcome to\\...
05:37:24.472636 POST /session/a880ccf9-282d-4356-b5e5-3a1a9f8c44ac/element [4.644818ms] ERR:404 body={"strategy":"-android uiautomator","selector":"new UiSelector().descriptionMatches(\"(?is).*\\QWelco...
05:37:24.477729 POST /session/a880ccf9-282d-4356-b5e5-3a1a9f8c44ac/element [5.006915ms] ERR:404 body={"strategy":"-android uiautomator","selector":"new UiSelector().textContains(\"Welcome to\")"}
05:37:24.488791 POST /session/a880ccf9-282d-4356-b5e5-3a1a9f8c44ac/element [10.991466ms] ERR:404 body={"strategy":"-android uiautomator","selector":"new UiSelector().descriptionContains(\"Welcome to\")"...
05:37:24.494979 POST /session/a880ccf9-282d-4356-b5e5-3a1a9f8c44ac/element [6.066665ms] ERR:404 body={"strategy":"-android uiautomator","selector":"new UiSelector().textMatches(\"(?is).*\\QWelcome to\\...
05:37:24.501146 POST /session/a880ccf9-282d-4356-b5e5-3a1a9f8c44ac/element [6.035029ms] ERR:404 body={"strategy":"-android uiautomator","selector":"new UiSelector().descriptionMatches(\"(?is).*\\QWelco...
05:37:24.507487 POST /session/a880ccf9-282d-4356-b5e5-3a1a9f8c44ac/element [6.186153ms] ERR:404 body={"strategy":"-android uiautomator","selector":"new UiSelector().textContains(\"Welcome to\")"}
05:37:24.513808 POST /session/a880ccf9-282d-4356-b5e5-3a1a9f8c44ac/element [6.217605ms] ERR:404 body={"strategy":"-android uiautomator","selector":"new UiSelector().descriptionContains(\"Welcome to\")"...
05:37:24.519450 POST /session/a880ccf9-282d-4356-b5e5-3a1a9f8c44ac/element [5.520474ms] ERR:404 body={"strategy":"-android uiautomator","selector":"new UiSelector().textMatches(\"(?is).*\\QWelcome to\\...
05:37:24.525275 POST /session/a880ccf9-282d-4356-b5e5-3a1a9f8c44ac/element [5.676666ms] ERR:404 body={"strategy":"-android uiautomator","selector":"new UiSelector().descriptionMatches(\"(?is).*\\QWelco...
05:37:24.531667 POST /session/a880ccf9-282d-4356-b5e5-3a1a9f8c44ac/element [6.244058ms] ERR:404 body={"strategy":"-android uiautomator","selector":"new UiSelector().textContains(\"Welcome to\")"}
05:37:24.537855 POST /session/a880ccf9-282d-4356-b5e5-3a1a9f8c44ac/element [6.035544ms] ERR:404 body={"strategy":"-android uiautomator","selector":"new UiSelector().descriptionContains(\"Welcome to\")"...
05:37:24.544598 POST /session/a880ccf9-282d-4356-b5e5-3a1a9f8c44ac/element [6.605299ms] ERR:404 body={"strategy":"-android uiautomator","selector":"new UiSelector().textMatches(\"(?is).*\\QWelcome to\\...
05:37:24.550072 POST /session/a880ccf9-282d-4356-b5e5-3a1a9f8c44ac/element [5.371806ms] ERR:404 body={"strategy":"-android uiautomator","selector":"new UiSelector().descriptionMatches(\"(?is).*\\QWelco...
05:37:24.555225 POST /session/a880ccf9-282d-4356-b5e5-3a1a9f8c44ac/element [5.049916ms] ERR:404 body={"strategy":"-android uiautomator","selector":"new UiSelector().textContains(\"Welcome to\")"}
05:37:24.560521 POST /session/a880ccf9-282d-4356-b5e5-3a1a9f8c44ac/element [5.167614ms] ERR:404 body={"strategy":"-android uiautomator","selector":"new UiSelector().descriptionContains(\"Welcome to\")"...
05:37:24.565978 POST /session/a880ccf9-282d-4356-b5e5-3a1a9f8c44ac/element [5.363822ms] ERR:404 body={"strategy":"-android uiautomator","selector":"new UiSelector().textMatches(\"(?is).*\\QWelcome to\\...
05:37:24.571044 POST /session/a880ccf9-282d-4356-b5e5-3a1a9f8c44ac/element [4.954788ms] ERR:404 body={"strategy":"-android uiautomator","selector":"new UiSelector().descriptionMatches(\"(?is).*\\QWelco...
05:37:24.576026 POST /session/a880ccf9-282d-4356-b5e5-3a1a9f8c44ac/element [4.884286ms] ERR:404 body={"strategy":"-android uiautomator","selector":"new UiSelector().textContains(\"Welcome to\")"}
05:37:24.581268 POST /session/a880ccf9-282d-4356-b5e5-3a1a9f8c44ac/element [5.145104ms] ERR:404 body={"strategy":"-android uiautomator","selector":"new UiSelector().descriptionContains(\"Welcome to\")"...
05:37:24.586015 POST /session/a880ccf9-282d-4356-b5e5-3a1a9f8c44ac/element [4.651562ms] ERR:404 body={"strategy":"-android uiautomator","selector":"new UiSelector().textMatches(\"(?is).*\\QWelcome to\\...
05:37:24.590794 POST /session/a880ccf9-282d-4356-b5e5-3a1a9f8c44ac/element [4.696531ms] ERR:404 body={"strategy":"-android uiautomator","selector":"new UiSelector().descriptionMatches(\"(?is).*\\QWelco...
05:37:24.595390 POST /session/a880ccf9-282d-4356-b5e5-3a1a9f8c44ac/element [4.507768ms] ERR:404 body={"strategy":"-android uiautomator","selector":"new UiSelector().textContains(\"Welcome to\")"}
05:37:24.600620 POST /session/a880ccf9-282d-4356-b5e5-3a1a9f8c44ac/element [5.140154ms] ERR:404 body={"strategy":"-android uiautomator","selector":"new UiSelector().descriptionContains(\"Welcome to\")"...
05:37:24.605535 POST /session/a880ccf9-282d-4356-b5e5-3a1a9f8c44ac/element [4.835606ms] ERR:404 body={"strategy":"-android uiautomator","selector":"new UiSelector().textMatches(\"(?is).*\\QWelcome to\\...
05:37:24.610252 POST /session/a880ccf9-282d-4356-b5e5-3a1a9f8c44ac/element [4.638308ms] ERR:404 body={"strategy":"-android uiautomator","selector":"new UiSelector().descriptionMatches(\"(?is).*\\QWelco...
05:37:24.614907 POST /session/a880ccf9-282d-4356-b5e5-3a1a9f8c44ac/element [4.583204ms] ERR:404 body={"strategy":"-android uiautomator","selector":"new UiSelector().textContains(\"Welcome to\")"}
05:37:24.619395 POST /session/a880ccf9-282d-4356-b5e5-3a1a9f8c44ac/element [4.413167ms] ERR:404 body={"strategy":"-android uiautomator","selector":"new UiSelector().descriptionContains(\"Welcome to\")"...
05:37:24.624219 POST /session/a880ccf9-282d-4356-b5e5-3a1a9f8c44ac/element [4.754884ms] ERR:404 body={"strategy":"-android uiautomator","selector":"new UiSelector().textMatches(\"(?is).*\\QWelcome to\\...
05:37:24.628728 POST /session/a880ccf9-282d-4356-b5e5-3a1a9f8c44ac/element [4.419358ms] ERR:404 body={"strategy":"-android uiautomator","selector":"new UiSelector().descriptionMatches(\"(?is).*\\QWelco...
05:37:24.633375 POST /session/a880ccf9-282d-4356-b5e5-3a1a9f8c44ac/element [4.577664ms] ERR:404 body={"strategy":"-android uiautomator","selector":"new UiSelector().textContains(\"Welcome to\")"}
05:37:24.638857 POST /session/a880ccf9-282d-4356-b5e5-3a1a9f8c44ac/element [5.390924ms] ERR:404 body={"strategy":"-android uiautomator","selector":"new UiSelector().descriptionContains(\"Welcome to\")"...
05:37:24.644406 POST /session/a880ccf9-282d-4356-b5e5-3a1a9f8c44ac/element [5.457547ms] ERR:404 body={"strategy":"-android uiautomator","selector":"new UiSelector().textMatches(\"(?is).*\\QWelcome to\\...
05:37:24.655564 POST /session/a880ccf9-282d-4356-b5e5-3a1a9f8c44ac/element [11.054404ms] ERR:404 body={"strategy":"-android uiautomator","selector":"new UiSelector().descriptionMatches(\"(?is).*\\QWelco...
05:37:24.661225 POST /session/a880ccf9-282d-4356-b5e5-3a1a9f8c44ac/element [5.571723ms] ERR:404 body={"strategy":"-android uiautomator","selector":"new UiSelector().textContains(\"Welcome to\")"}
05:37:24.666138 POST /session/a880ccf9-282d-4356-b5e5-3a1a9f8c44ac/element [4.813765ms] ERR:404 body={"strategy":"-android uiautomator","selector":"new UiSelector().descriptionContains(\"Welcome to\")"...
05:37:24.670617 POST /session/a880ccf9-282d-4356-b5e5-3a1a9f8c44ac/element [4.374174ms] ERR:404 body={"strategy":"-android uiautomator","selector":"new UiSelector().textMatches(\"(?is).*\\QWelcome to\\...
05:37:24.675825 POST /session/a880ccf9-282d-4356-b5e5-3a1a9f8c44ac/element [5.100015ms] ERR:404 body={"strategy":"-android uiautomator","selector":"new UiSelector().descriptionMatches(\"(?is).*\\QWelco...
05:37:24.680934 POST /session/a880ccf9-282d-4356-b5e5-3a1a9f8c44ac/element [4.983179ms] ERR:404 body={"strategy":"-android uiautomator","selector":"new UiSelector().textContains(\"Welcome to\")"}
05:37:24.686173 POST /session/a880ccf9-282d-4356-b5e5-3a1a9f8c44ac/element [5.132439ms] ERR:404 body={"strategy":"-android uiautomator","selector":"new UiSelector().descriptionContains(\"Welcome to\")"...
05:37:24.691125 POST /session/a880ccf9-282d-4356-b5e5-3a1a9f8c44ac/element [4.828282ms] ERR:404 body={"strategy":"-android uiautomator","selector":"new UiSelector().textMatches(\"(?is).*\\QWelcome to\\...
05:37:24.696342 POST /session/a880ccf9-282d-4356-b5e5-3a1a9f8c44ac/element [5.148069ms] ERR:404 body={"strategy":"-android uiautomator","selector":"new UiSelector().descriptionMatches(\"(?is).*\\QWelco...
05:37:24.701954 POST /session/a880ccf9-282d-4356-b5e5-3a1a9f8c44ac/element [5.504955ms] ERR:404 body={"strategy":"-android uiautomator","selector":"new UiSelector().textContains(\"Welcome to\")"}
05:37:24.707869 POST /session/a880ccf9-282d-4356-b5e5-3a1a9f8c44ac/element [5.79717ms] ERR:404 body={"strategy":"-android uiautomator","selector":"new UiSelector().descriptionContains(\"Welcome to\")"...
05:37:24.714171 POST /session/a880ccf9-282d-4356-b5e5-3a1a9f8c44ac/element [6.179765ms] ERR:404 body={"strategy":"-android uiautomator","selector":"new UiSelector().textMatches(\"(?is).*\\QWelcome to\\...
05:37:24.720131 POST /session/a880ccf9-282d-4356-b5e5-3a1a9f8c44ac/element [5.841023ms] ERR:404 body={"strategy":"-android uiautomator","selector":"new UiSelector().descriptionMatches(\"(?is).*\\QWelco...
05:37:24.725394 POST /session/a880ccf9-282d-4356-b5e5-3a1a9f8c44ac/element [5.109969ms] ERR:404 body={"strategy":"-android uiautomator","selector":"new UiSelector().textContains(\"Welcome to\")"}
05:37:24.730931 POST /session/a880ccf9-282d-4356-b5e5-3a1a9f8c44ac/element [5.444402ms] ERR:404 body={"strategy":"-android uiautomator","selector":"new UiSelector().descriptionContains(\"Welcome to\")"...
05:37:24.736417 POST /session/a880ccf9-282d-4356-b5e5-3a1a9f8c44ac/element [5.394939ms] ERR:404 body={"strategy":"-android uiautomator","selector":"new UiSelector().textMatches(\"(?is).*\\QWelcome to\\...
05:37:24.742636 POST /session/a880ccf9-282d-4356-b5e5-3a1a9f8c44ac/element [6.084034ms] ERR:404 body={"strategy":"-android uiautomator","selector":"new UiSelector().descriptionMatches(\"(?is).*\\QWelco...
05:37:24.747394 POST /session/a880ccf9-282d-4356-b5e5-3a1a9f8c44ac/element [4.65472ms] ERR:404 body={"strategy":"-android uiautomator","selector":"new UiSelector().textContains(\"Welcome to\")"}
05:37:24.752252 POST /session/a880ccf9-282d-4356-b5e5-3a1a9f8c44ac/element [4.769502ms] ERR:404 body={"strategy":"-android uiautomator","selector":"new UiSelector().descriptionContains(\"Welcome to\")"...
05:37:24.757138 POST /session/a880ccf9-282d-4356-b5e5-3a1a9f8c44ac/element [4.774335ms] ERR:404 body={"strategy":"-android uiautomator","selector":"new UiSelector().textMatches(\"(?is).*\\QWelcome to\\...
05:37:24.762121 POST /session/a880ccf9-282d-4356-b5e5-3a1a9f8c44ac/element [4.853965ms] ERR:404 body={"strategy":"-android uiautomator","selector":"new UiSelector().descriptionMatches(\"(?is).*\\QWelco...
05:37:24.766898 POST /session/a880ccf9-282d-4356-b5e5-3a1a9f8c44ac/element [4.652472ms] ERR:404 body={"strategy":"-android uiautomator","selector":"new UiSelector().textContains(\"Welcome to\")"}
05:37:24.771689 POST /session/a880ccf9-282d-4356-b5e5-3a1a9f8c44ac/element [4.698584ms] ERR:404 body={"strategy":"-android uiautomator","selector":"new UiSelector().descriptionContains(\"Welcome to\")"...
05:37:24.776856 POST /session/a880ccf9-282d-4356-b5e5-3a1a9f8c44ac/element [5.066927ms] ERR:404 body={"strategy":"-android uiautomator","selector":"new UiSelector().textMatches(\"(?is).*\\QWelcome to\\...
05:37:24.781624 POST /session/a880ccf9-282d-4356-b5e5-3a1a9f8c44ac/element [4.666757ms] ERR:404 body={"strategy":"-android uiautomator","selector":"new UiSelector().descriptionMatches(\"(?is).*\\QWelco...
05:37:24.787300 POST /session/a880ccf9-282d-4356-b5e5-3a1a9f8c44ac/element [5.543777ms] ERR:404 body={"strategy":"-android uiautomator","selector":"new UiSelector().textContains(\"Welcome to\")"}
05:37:24.792168 POST /session/a880ccf9-282d-4356-b5e5-3a1a9f8c44ac/element [4.781459ms] ERR:404 body={"strategy":"-android uiautomator","selector":"new UiSelector().descriptionContains(\"Welcome to\")"...
05:37:24.797127 POST /session/a880ccf9-282d-4356-b5e5-3a1a9f8c44ac/element [4.823443ms] ERR:404 body={"strategy":"-android uiautomator","selector":"new UiSelector().textMatches(\"(?is).*\\QWelcome to\\...
05:37:24.808815 POST /session/a880ccf9-282d-4356-b5e5-3a1a9f8c44ac/element [11.529475ms] ERR:404 body={"strategy":"-android uiautomator","selector":"new UiSelector().descriptionMatches(\"(?is).*\\QWelco...
05:37:24.813930 POST /session/a880ccf9-282d-4356-b5e5-3a1a9f8c44ac/element [4.995819ms] ERR:404 body={"strategy":"-android uiautomator","selector":"new UiSelector().textContains(\"Welcome to\")"}
05:37:24.818700 POST /session/a880ccf9-282d-4356-b5e5-3a1a9f8c44ac/element [4.681157ms] ERR:404 body={"strategy":"-android uiautomator","selector":"new UiSelector().descriptionContains(\"Welcome to\")"...
05:37:24.823407 POST /session/a880ccf9-282d-4356-b5e5-3a1a9f8c44ac/element [4.615575ms] ERR:404 body={"strategy":"-android uiautomator","selector":"new UiSelector().textMatches(\"(?is).*\\QWelcome to\\...
05:37:24.829635 POST /session/a880ccf9-282d-4356-b5e5-3a1a9f8c44ac/element [6.109367ms] ERR:404 body={"strategy":"-android uiautomator","selector":"new UiSelector().descriptionMatches(\"(?is).*\\QWelco...
05:37:24.835398 POST /session/a880ccf9-282d-4356-b5e5-3a1a9f8c44ac/element [5.654254ms] ERR:404 body={"strategy":"-android uiautomator","selector":"new UiSelector().textContains(\"Welcome to\")"}
05:37:24.840245 POST /session/a880ccf9-282d-4356-b5e5-3a1a9f8c44ac/element [4.742401ms] ERR:404 body={"strategy":"-android uiautomator","selector":"new UiSelector().descriptionContains(\"Welcome to\")"...
05:37:24.845034 POST /session/a880ccf9-282d-4356-b5e5-3a1a9f8c44ac/element [4.669456ms] ERR:404 body={"strategy":"-android uiautomator","selector":"new UiSelector().textMatches(\"(?is).*\\QWelcome to\\...
05:37:24.849727 POST /session/a880ccf9-282d-4356-b5e5-3a1a9f8c44ac/element [4.594622ms] ERR:404 body={"strategy":"-android uiautomator","selector":"new UiSelector().descriptionMatches(\"(?is).*\\QWelco...
05:37:24.854550 POST /session/a880ccf9-282d-4356-b5e5-3a1a9f8c44ac/element [4.71828ms] ERR:404 body={"strategy":"-android uiautomator","selector":"new UiSelector().textContains(\"Welcome to\")"}
05:37:24.859978 POST /session/a880ccf9-282d-4356-b5e5-3a1a9f8c44ac/element [5.310742ms] ERR:404 body={"strategy":"-android uiautomator","selector":"new UiSelector().descriptionContains(\"Welcome to\")"...
05:37:24.865271 POST /session/a880ccf9-282d-4356-b5e5-3a1a9f8c44ac/element [5.171894ms] ERR:404 body={"strategy":"-android uiautomator","selector":"new UiSelector().textMatches(\"(?is).*\\QWelcome to\\...
05:37:24.870171 POST /session/a880ccf9-282d-4356-b5e5-3a1a9f8c44ac/element [4.798246ms] ERR:404 body={"strategy":"-android uiautomator","selector":"new UiSelector().descriptionMatches(\"(?is).*\\QWelco...
05:37:24.875322 POST /session/a880ccf9-282d-4356-b5e5-3a1a9f8c44ac/element [5.024488ms] ERR:404 body={"strategy":"-android uiautomator","selector":"new UiSelector().textContains(\"Welcome to\")"}
05:37:24.882849 POST /session/a880ccf9-282d-4356-b5e5-3a1a9f8c44ac/element [7.386142ms] ERR:404 body={"strategy":"-android uiautomator","selector":"new UiSelector().descriptionContains(\"Welcome to\")"...
05:37:24.889484 POST /session/a880ccf9-282d-4356-b5e5-3a1a9f8c44ac/element [6.502196ms] ERR:404 body={"strategy":"-android uiautomator","selector":"new UiSelector().textMatches(\"(?is).*\\QWelcome to\\...
05:37:24.895591 POST /session/a880ccf9-282d-4356-b5e5-3a1a9f8c44ac/element [6.002082ms] ERR:404 body={"strategy":"-android uiautomator","selector":"new UiSelector().descriptionMatches(\"(?is).*\\QWelco...
05:37:24.901809 POST /session/a880ccf9-282d-4356-b5e5-3a1a9f8c44ac/element [6.099946ms] ERR:404 body={"strategy":"-android uiautomator","selector":"new UiSelector().textContains(\"Welcome to\")"}
05:37:24.906405 POST /session/a880ccf9-282d-4356-b5e5-3a1a9f8c44ac/element [4.503627ms] ERR:404 body={"strategy":"-android uiautomator","selector":"new UiSelector().descriptionContains(\"Welcome to\")"...
05:37:24.912149 POST /session/a880ccf9-282d-4356-b5e5-3a1a9f8c44ac/element [5.639586ms] ERR:404 body={"strategy":"-android uiautomator","selector":"new UiSelector().textMatches(\"(?is).*\\QWelcome to\\...
05:37:24.916944 POST /session/a880ccf9-282d-4356-b5e5-3a1a9f8c44ac/element [4.631934ms] ERR:404 body={"strategy":"-android uiautomator","selector":"new UiSelector().descriptionMatches(\"(?is).*\\QWelco...
05:37:24.921823 POST /session/a880ccf9-282d-4356-b5e5-3a1a9f8c44ac/element [4.736923ms] ERR:404 body={"strategy":"-android uiautomator","selector":"new UiSelector().textContains(\"Welcome to\")"}
05:37:24.926820 POST /session/a880ccf9-282d-4356-b5e5-3a1a9f8c44ac/element [4.854902ms] ERR:404 body={"strategy":"-android uiautomator","selector":"new UiSelector().descriptionContains(\"Welcome to\")"...
05:37:24.933686 POST /session/a880ccf9-282d-4356-b5e5-3a1a9f8c44ac/element [6.704348ms] ERR:404 body={"strategy":"-android uiautomator","selector":"new UiSelector().textMatches(\"(?is).*\\QWelcome to\\...
05:37:24.940006 POST /session/a880ccf9-282d-4356-b5e5-3a1a9f8c44ac/element [6.144108ms] ERR:404 body={"strategy":"-android uiautomator","selector":"new UiSelector().descriptionMatches(\"(?is).*\\QWelco...
05:37:24.946034 POST /session/a880ccf9-282d-4356-b5e5-3a1a9f8c44ac/element [5.881709ms] ERR:404 body={"strategy":"-android uiautomator","selector":"new UiSelector().textContains(\"Welcome to\")"}
05:37:24.951017 POST /session/a880ccf9-282d-4356-b5e5-3a1a9f8c44ac/element [4.851282ms] ERR:404 body={"strategy":"-android uiautomator","selector":"new UiSelector().descriptionContains(\"Welcome to\")"...
05:37:24.956880 POST /session/a880ccf9-282d-4356-b5e5-3a1a9f8c44ac/element [5.742322ms] ERR:404 body={"strategy":"-android uiautomator","selector":"new UiSelector().textMatches(\"(?is).*\\QWelcome to\\...
05:37:24.963742 POST /session/a880ccf9-282d-4356-b5e5-3a1a9f8c44ac/element [6.727116ms] ERR:404 body={"strategy":"-android uiautomator","selector":"new UiSelector().descriptionMatches(\"(?is).*\\QWelco...
05:37:24.968782 POST /session/a880ccf9-282d-4356-b5e5-3a1a9f8c44ac/element [4.913067ms] ERR:404 body={"strategy":"-android uiautomator","selector":"new UiSelector().textContains(\"Welcome to\")"}
05:37:24.974376 POST /session/a880ccf9-282d-4356-b5e5-3a1a9f8c44ac/element [5.494636ms] ERR:404 body={"strategy":"-android uiautomator","selector":"new UiSelector().descriptionContains(\"Welcome to\")"...
05:37:24.978973 POST /session/a880ccf9-282d-4356-b5e5-3a1a9f8c44ac/element [4.502995ms] ERR:404 body={"strategy":"-android uiautomator","selector":"new UiSelector().textMatches(\"(?is).*\\QWelcome to\\...
05:37:24.983488 POST /session/a880ccf9-282d-4356-b5e5-3a1a9f8c44ac/element [4.418667ms] ERR:404 body={"strategy":"-android uiautomator","selector":"new UiSelector().descriptionMatches(\"(?is).*\\QWelco...
05:37:24.988050 POST /session/a880ccf9-282d-4356-b5e5-3a1a9f8c44ac/element [4.453953ms] ERR:404 body={"strategy":"-android uiautomator","selector":"new UiSelector().textContains(\"Welcome to\")"}
05:37:24.992436 POST /session/a880ccf9-282d-4356-b5e5-3a1a9f8c44ac/element [4.29154ms] ERR:404 body={"strategy":"-android uiautomator","selector":"new UiSelector().descriptionContains(\"Welcome to\")"...
05:37:24.996813 POST /session/a880ccf9-282d-4356-b5e5-3a1a9f8c44ac/element [4.269929ms] ERR:404 body={"strategy":"-android uiautomator","selector":"new UiSelector().textMatches(\"(?is).*\\QWelcome to\\...
05:37:25.001790 POST /session/a880ccf9-282d-4356-b5e5-3a1a9f8c44ac/element [4.87265ms] ERR:404 body={"strategy":"-android uiautomator","selector":"new UiSelector().descriptionMatches(\"(?is).*\\QWelco...
05:37:25.006474 POST /session/a880ccf9-282d-4356-b5e5-3a1a9f8c44ac/element [4.541587ms] ERR:404 body={"strategy":"-android uiautomator","selector":"new UiSelector().textContains(\"Welcome to\")"}
05:37:25.010410 POST /session/a880ccf9-282d-4356-b5e5-3a1a9f8c44ac/element [3.847933ms] ERR:404 body={"strategy":"-android uiautomator","selector":"new UiSelector().descriptionContains(\"Welcome to\")"...
05:37:25.014454 POST /session/a880ccf9-282d-4356-b5e5-3a1a9f8c44ac/element [3.946771ms] ERR:404 body={"strategy":"-android uiautomator","selector":"new UiSelector().textMatches(\"(?is).*\\QWelcome to\\...
05:37:25.019552 POST /session/a880ccf9-282d-4356-b5e5-3a1a9f8c44ac/element [4.99853ms] ERR:404 body={"strategy":"-android uiautomator","selector":"new UiSelector().descriptionMatches(\"(?is).*\\QWelco...
05:37:25.023907 POST /session/a880ccf9-282d-4356-b5e5-3a1a9f8c44ac/element [4.253519ms] ERR:404 body={"strategy":"-android uiautomator","selector":"new UiSelector().textContains(\"Welcome to\")"}
05:37:25.028769 POST /session/a880ccf9-282d-4356-b5e5-3a1a9f8c44ac/element [4.745898ms] ERR:404 body={"strategy":"-android uiautomator","selector":"new UiSelector().descriptionContains(\"Welcome to\")"...
05:37:25.033501 POST /session/a880ccf9-282d-4356-b5e5-3a1a9f8c44ac/element [4.626205ms] ERR:404 body={"strategy":"-android uiautomator","selector":"new UiSelector().textMatches(\"(?is).*\\QWelcome to\\...
05:37:25.038443 POST /session/a880ccf9-282d-4356-b5e5-3a1a9f8c44ac/element [4.82177ms] ERR:404 body={"strategy":"-android uiautomator","selector":"new UiSelector().descriptionMatches(\"(?is).*\\QWelco...
05:37:25.044254 POST /session/a880ccf9-282d-4356-b5e5-3a1a9f8c44ac/element [5.671636ms] ERR:404 body={"strategy":"-android uiautomator","selector":"new UiSelector().textContains(\"Welcome to\")"}
05:37:25.049509 POST /session/a880ccf9-282d-4356-b5e5-3a1a9f8c44ac/element [5.130235ms] ERR:404 body={"strategy":"-android uiautomator","selector":"new UiSelector().descriptionContains(\"Welcome to\")"...
05:37:25.054300 POST /session/a880ccf9-282d-4356-b5e5-3a1a9f8c44ac/element [4.690996ms] ERR:404 body={"strategy":"-android uiautomator","selector":"new UiSelector().textMatches(\"(?is).*\\QWelcome to\\...
05:37:25.059698 POST /session/a880ccf9-282d-4356-b5e5-3a1a9f8c44ac/element [5.298841ms] ERR:404 body={"strategy":"-android uiautomator","selector":"new UiSelector().descriptionMatches(\"(?is).*\\QWelco...
05:37:25.064127 POST /session/a880ccf9-282d-4356-b5e5-3a1a9f8c44ac/element [4.31818ms] ERR:404 body={"strategy":"-android uiautomator","selector":"new UiSelector().textContains(\"Welcome to\")"}
05:37:25.068168 POST /session/a880ccf9-282d-4356-b5e5-3a1a9f8c44ac/element [3.940234ms] ERR:404 body={"strategy":"-android uiautomator","selector":"new UiSelector().descriptionContains(\"Welcome to\")"...
05:37:25.072398 POST /session/a880ccf9-282d-4356-b5e5-3a1a9f8c44ac/element [4.106365ms] ERR:404 body={"strategy":"-android uiautomator","selector":"new UiSelector().textMatches(\"(?is).*\\QWelcome to\\...
05:37:25.076421 POST /session/a880ccf9-282d-4356-b5e5-3a1a9f8c44ac/element [3.913193ms] ERR:404 body={"strategy":"-android uiautomator","selector":"new UiSelector().descriptionMatches(\"(?is).*\\QWelco...
05:37:25.080554 POST /session/a880ccf9-282d-4356-b5e5-3a1a9f8c44ac/element [4.026946ms] ERR:404 body={"strategy":"-android uiautomator","selector":"new UiSelector().textContains(\"Welcome to\")"}
05:37:25.085850 POST /session/a880ccf9-282d-4356-b5e5-3a1a9f8c44ac/element [5.194085ms] ERR:404 body={"strategy":"-android uiautomator","selector":"new UiSelector().descriptionContains(\"Welcome to\")"...
05:37:25.090654 POST /session/a880ccf9-282d-4356-b5e5-3a1a9f8c44ac/element [4.700473ms] ERR:404 body={"strategy":"-android uiautomator","selector":"new UiSelector().textMatches(\"(?is).*\\QWelcome to\\...
05:37:25.095671 POST /session/a880ccf9-282d-4356-b5e5-3a1a9f8c44ac/element [4.88094ms] ERR:404 body={"strategy":"-android uiautomator","selector":"new UiSelector().descriptionMatches(\"(?is).*\\QWelco...
05:37:25.100514 POST /session/a880ccf9-282d-4356-b5e5-3a1a9f8c44ac/element [4.717305ms] ERR:404 body={"strategy":"-android uiautomator","selector":"new UiSelector().textContains(\"Welcome to\")"}
05:37:25.106179 POST /session/a880ccf9-282d-4356-b5e5-3a1a9f8c44ac/element [5.559858ms] ERR:404 body={"strategy":"-android uiautomator","selector":"new UiSelector().descriptionContains(\"Welcome to\")"...
05:37:25.111215 POST /session/a880ccf9-282d-4356-b5e5-3a1a9f8c44ac/element [4.915626ms] ERR:404 body={"strategy":"-android uiautomator","selector":"new UiSelector().textMatches(\"(?is).*\\QWelcome to\\...
05:37:25.116135 POST /session/a880ccf9-282d-4356-b5e5-3a1a9f8c44ac/element [4.798677ms] ERR:404 body={"strategy":"-android uiautomator","selector":"new UiSelector().descriptionMatches(\"(?is).*\\QWelco...
05:37:25.121850 POST /session/a880ccf9-282d-4356-b5e5-3a1a9f8c44ac/element [5.55667ms] ERR:404 body={"strategy":"-android uiautomator","selector":"new UiSelector().textContains(\"Welcome to\")"}
05:37:25.127530 POST /session/a880ccf9-282d-4356-b5e5-3a1a9f8c44ac/element [5.578321ms] ERR:404 body={"strategy":"-android uiautomator","selector":"new UiSelector().descriptionContains(\"Welcome to\")"...
05:37:25.135075 POST /session/a880ccf9-282d-4356-b5e5-3a1a9f8c44ac/element [7.363657ms] ERR:404 body={"strategy":"-android uiautomator","selector":"new UiSelector().textMatches(\"(?is).*\\QWelcome to\\...
05:37:25.142671 POST /session/a880ccf9-282d-4356-b5e5-3a1a9f8c44ac/element [7.378997ms] ERR:404 body={"strategy":"-android uiautomator","selector":"new UiSelector().descriptionMatches(\"(?is).*\\QWelco...
05:37:25.150683 POST /session/a880ccf9-282d-4356-b5e5-3a1a9f8c44ac/element [7.871382ms] ERR:404 body={"strategy":"-android uiautomator","selector":"new UiSelector().textContains(\"Welcome to\")"}
05:37:25.157835 POST /session/a880ccf9-282d-4356-b5e5-3a1a9f8c44ac/element [6.982292ms] ERR:404 body={"strategy":"-android uiautomator","selector":"new UiSelector().descriptionContains(\"Welcome to\")"...
05:37:25.163780 POST /session/a880ccf9-282d-4356-b5e5-3a1a9f8c44ac/element [5.77876ms] ERR:404 body={"strategy":"-android uiautomator","selector":"new UiSelector().textMatches(\"(?is).*\\QWelcome to\\...
05:37:25.170088 POST /session/a880ccf9-282d-4356-b5e5-3a1a9f8c44ac/element [6.145557ms] ERR:404 body={"strategy":"-android uiautomator","selector":"new UiSelector().descriptionMatches(\"(?is).*\\QWelco...
05:37:25.176158 POST /session/a880ccf9-282d-4356-b5e5-3a1a9f8c44ac/element [5.94733ms] ERR:404 body={"strategy":"-android uiautomator","selector":"new UiSelector().textContains(\"Welcome to\")"}
05:37:25.182110 POST /session/a880ccf9-282d-4356-b5e5-3a1a9f8c44ac/element [5.817789ms] ERR:404 body={"strategy":"-android uiautomator","selector":"new UiSelector().descriptionContains(\"Welcome to\")"...
05:37:25.188053 POST /session/a880ccf9-282d-4356-b5e5-3a1a9f8c44ac/element [5.822237ms] ERR:404 body={"strategy":"-android uiautomator","selector":"new UiSelector().textMatches(\"(?is).*\\QWelcome to\\...
05:37:25.193956 POST /session/a880ccf9-282d-4356-b5e5-3a1a9f8c44ac/element [5.779086ms] ERR:404 body={"strategy":"-android uiautomator","selector":"new UiSelector().descriptionMatches(\"(?is).*\\QWelco...
05:37:25.199652 POST /session/a880ccf9-282d-4356-b5e5-3a1a9f8c44ac/element [5.607727ms] ERR:404 body={"strategy":"-android uiautomator","selector":"new UiSelector().textContains(\"Welcome to\")"}
05:37:25.205381 POST /session/a880ccf9-282d-4356-b5e5-3a1a9f8c44ac/element [5.640747ms] ERR:404 body={"strategy":"-android uiautomator","selector":"new UiSelector().descriptionContains(\"Welcome to\")"...
05:37:25.211212 POST /session/a880ccf9-282d-4356-b5e5-3a1a9f8c44ac/element [5.747369ms] ERR:404 body={"strategy":"-android uiautomator","selector":"new UiSelector().textMatches(\"(?is).*\\QWelcome to\\...
05:37:25.217458 POST /session/a880ccf9-282d-4356-b5e5-3a1a9f8c44ac/element [6.12902ms] ERR:404 body={"strategy":"-android uiautomator","selector":"new UiSelector().descriptionMatches(\"(?is).*\\QWelco...
05:37:25.223862 POST /session/a880ccf9-282d-4356-b5e5-3a1a9f8c44ac/element [6.289489ms] ERR:404 body={"strategy":"-android uiautomator","selector":"new UiSelector().textContains(\"Welcome to\")"}
05:37:25.229612 POST /session/a880ccf9-282d-4356-b5e5-3a1a9f8c44ac/element [5.625179ms] ERR:404 body={"strategy":"-android uiautomator","selector":"new UiSelector().descriptionContains(\"Welcome to\")"...
05:37:25.235332 POST /session/a880ccf9-282d-4356-b5e5-3a1a9f8c44ac/element [5.63079ms] ERR:404 body={"strategy":"-android uiautomator","selector":"new UiSelector().textMatches(\"(?is).*\\QWelcome to\\...
05:37:25.241294 POST /session/a880ccf9-282d-4356-b5e5-3a1a9f8c44ac/element [5.863555ms] ERR:404 body={"strategy":"-android uiautomator","selector":"new UiSelector().descriptionMatches(\"(?is).*\\QWelco...
05:37:25.247117 POST /session/a880ccf9-282d-4356-b5e5-3a1a9f8c44ac/element [5.721099ms] ERR:404 body={"strategy":"-android uiautomator","selector":"new UiSelector().textContains(\"Welcome to\")"}
05:37:25.252970 POST /session/a880ccf9-282d-4356-b5e5-3a1a9f8c44ac/element [5.774247ms] ERR:404 body={"strategy":"-android uiautomator","selector":"new UiSelector().descriptionContains(\"Welcome to\")"...
05:37:25.258530 POST /session/a880ccf9-282d-4356-b5e5-3a1a9f8c44ac/element [5.473817ms] ERR:404 body={"strategy":"-android uiautomator","selector":"new UiSelector().textMatches(\"(?is).*\\QWelcome to\\...
05:37:25.264105 POST /session/a880ccf9-282d-4356-b5e5-3a1a9f8c44ac/element [5.490087ms] ERR:404 body={"strategy":"-android uiautomator","selector":"new UiSelector().descriptionMatches(\"(?is).*\\QWelco...
05:37:25.269910 POST /session/a880ccf9-282d-4356-b5e5-3a1a9f8c44ac/element [5.714807ms] ERR:404 body={"strategy":"-android uiautomator","selector":"new UiSelector().textContains(\"Welcome to\")"}
05:37:25.275728 POST /session/a880ccf9-282d-4356-b5e5-3a1a9f8c44ac/element [5.727831ms] ERR:404 body={"strategy":"-android uiautomator","selector":"new UiSelector().descriptionContains(\"Welcome to\")"...
05:37:25.282094 POST /session/a880ccf9-282d-4356-b5e5-3a1a9f8c44ac/element [6.270073ms] ERR:404 body={"strategy":"-android uiautomator","selector":"new UiSelector().textMatches(\"(?is).*\\QWelcome to\\...
05:37:25.288156 POST /session/a880ccf9-282d-4356-b5e5-3a1a9f8c44ac/element [5.965064ms] ERR:404 body={"strategy":"-android uiautomator","selector":"new UiSelector().descriptionMatches(\"(?is).*\\QWelco...
05:37:25.293888 POST /session/a880ccf9-282d-4356-b5e5-3a1a9f8c44ac/element [5.645106ms] ERR:404 body={"strategy":"-android uiautomator","selector":"new UiSelector().textContains(\"Welcome to\")"}
05:37:25.301328 POST /session/a880ccf9-282d-4356-b5e5-3a1a9f8c44ac/element [7.350239ms] ERR:404 body={"strategy":"-android uiautomator","selector":"new UiSelector().descriptionContains(\"Welcome to\")"...
05:37:25.314590 POST /session/a880ccf9-282d-4356-b5e5-3a1a9f8c44ac/element [13.123295ms] ERR:404 body={"strategy":"-android uiautomator","selector":"new UiSelector().textMatches(\"(?is).*\\QWelcome to\\...
05:37:25.320076 POST /session/a880ccf9-282d-4356-b5e5-3a1a9f8c44ac/element [5.363822ms] ERR:404 body={"strategy":"-android uiautomator","selector":"new UiSelector().descriptionMatches(\"(?is).*\\QWelco...
05:37:25.326724 POST /session/a880ccf9-282d-4356-b5e5-3a1a9f8c44ac/element [6.473644ms] ERR:404 body={"strategy":"-android uiautomator","selector":"new UiSelector().textContains(\"Welcome to\")"}
05:37:25.331555 POST /session/a880ccf9-282d-4356-b5e5-3a1a9f8c44ac/element [4.711574ms] ERR:404 body={"strategy":"-android uiautomator","selector":"new UiSelector().descriptionContains(\"Welcome to\")"...
05:37:25.336647 POST /session/a880ccf9-282d-4356-b5e5-3a1a9f8c44ac/element [4.618471ms] ERR:404 body={"strategy":"-android uiautomator","selector":"new UiSelector().textMatches(\"(?is).*\\QWelcome to\\...
05:37:25.341862 POST /session/a880ccf9-282d-4356-b5e5-3a1a9f8c44ac/element [4.917121ms] ERR:404 body={"strategy":"-android uiautomator","selector":"new UiSelector().descriptionMatches(\"(?is).*\\QWelco...
05:37:25.349989 POST /session/a880ccf9-282d-4356-b5e5-3a1a9f8c44ac/element [7.956277ms] ERR:404 body={"strategy":"-android uiautomator","selector":"new UiSelector().textContains(\"Welcome to\")"}
05:37:25.356954 POST /session/a880ccf9-282d-4356-b5e5-3a1a9f8c44ac/element [6.85279ms] ERR:404 body={"strategy":"-android uiautomator","selector":"new UiSelector().descriptionContains(\"Welcome to\")"...
05:37:25.361625 POST /session/a880ccf9-282d-4356-b5e5-3a1a9f8c44ac/element [4.582087ms] ERR:404 body={"strategy":"-android uiautomator","selector":"new UiSelector().textMatches(\"(?is).*\\QWelcome to\\...
05:37:25.366217 POST /session/a880ccf9-282d-4356-b5e5-3a1a9f8c44ac/element [4.469758ms] ERR:404 body={"strategy":"-android uiautomator","selector":"new UiSelector().descriptionMatches(\"(?is).*\\QWelco...
05:37:25.370646 POST /session/a880ccf9-282d-4356-b5e5-3a1a9f8c44ac/element [4.336075ms] ERR:404 body={"strategy":"-android uiautomator","selector":"new UiSelector().textContains(\"Welcome to\")"}
05:37:25.375018 POST /session/a880ccf9-282d-4356-b5e5-3a1a9f8c44ac/element [4.280439ms] ERR:404 body={"strategy":"-android uiautomator","selector":"new UiSelector().descriptionContains(\"Welcome to\")"...
05:37:25.379281 POST /session/a880ccf9-282d-4356-b5e5-3a1a9f8c44ac/element [4.181749ms] ERR:404 body={"strategy":"-android uiautomator","selector":"new UiSelector().textMatches(\"(?is).*\\QWelcome to\\...
05:37:25.383777 POST /session/a880ccf9-282d-4356-b5e5-3a1a9f8c44ac/element [4.412642ms] ERR:404 body={"strategy":"-android uiautomator","selector":"new UiSelector().descriptionMatches(\"(?is).*\\QWelco...
05:37:25.388288 POST /session/a880ccf9-282d-4356-b5e5-3a1a9f8c44ac/element [4.433426ms] ERR:404 body={"strategy":"-android uiautomator","selector":"new UiSelector().textContains(\"Welcome to\")"}
05:37:25.392611 POST /session/a880ccf9-282d-4356-b5e5-3a1a9f8c44ac/element [4.253891ms] ERR:404 body={"strategy":"-android uiautomator","selector":"new UiSelector().descriptionContains(\"Welcome to\")"...
05:37:25.397150 POST /session/a880ccf9-282d-4356-b5e5-3a1a9f8c44ac/element [4.454002ms] ERR:404 body={"strategy":"-android uiautomator","selector":"new UiSelector().textMatches(\"(?is).*\\QWelcome to\\...
05:37:25.401750 POST /session/a880ccf9-282d-4356-b5e5-3a1a9f8c44ac/element [4.504829ms] ERR:404 body={"strategy":"-android uiautomator","selector":"new UiSelector().descriptionMatches(\"(?is).*\\QWelco...
05:37:25.406860 POST /session/a880ccf9-282d-4356-b5e5-3a1a9f8c44ac/element [5.024849ms] ERR:404 body={"strategy":"-android uiautomator","selector":"new UiSelector().textContains(\"Welcome to\")"}
05:37:25.411763 POST /session/a880ccf9-282d-4356-b5e5-3a1a9f8c44ac/element [4.79489ms] ERR:404 body={"strategy":"-android uiautomator","selector":"new UiSelector().descriptionContains(\"Welcome to\")"...
05:37:25.416919 POST /session/a880ccf9-282d-4356-b5e5-3a1a9f8c44ac/element [5.059644ms] ERR:404 body={"strategy":"-android uiautomator","selector":"new UiSelector().textMatches(\"(?is).*\\QWelcome to\\...
05:37:25.421570 POST /session/a880ccf9-282d-4356-b5e5-3a1a9f8c44ac/element [4.550945ms] ERR:404 body={"strategy":"-android uiautomator","selector":"new UiSelector().descriptionMatches(\"(?is).*\\QWelco...
05:37:25.426096 POST /session/a880ccf9-282d-4356-b5e5-3a1a9f8c44ac/element [4.432874ms] ERR:404 body={"strategy":"-android uiautomator","selector":"new UiSelector().textContains(\"Welcome to\")"}
05:37:25.430840 POST /session/a880ccf9-282d-4356-b5e5-3a1a9f8c44ac/element [4.661961ms] ERR:404 body={"strategy":"-android uiautomator","selector":"new UiSelector().descriptionContains(\"Welcome to\")"...
05:37:25.435588 POST /session/a880ccf9-282d-4356-b5e5-3a1a9f8c44ac/element [4.664617ms] ERR:404 body={"strategy":"-android uiautomator","selector":"new UiSelector().textMatches(\"(?is).*\\QWelcome to\\...
05:37:25.441651 POST /session/a880ccf9-282d-4356-b5e5-3a1a9f8c44ac/element [5.946995ms] ERR:404 body={"strategy":"-android uiautomator","selector":"new UiSelector().descriptionMatches(\"(?is).*\\QWelco...
05:37:25.447390 POST /session/a880ccf9-282d-4356-b5e5-3a1a9f8c44ac/element [5.612506ms] ERR:404 body={"strategy":"-android uiautomator","selector":"new UiSelector().textContains(\"Welcome to\")"}
05:37:25.453163 POST /session/a880ccf9-282d-4356-b5e5-3a1a9f8c44ac/element [5.662749ms] ERR:404 body={"strategy":"-android uiautomator","selector":"new UiSelector().descriptionContains(\"Welcome to\")"...
05:37:25.458601 POST /session/a880ccf9-282d-4356-b5e5-3a1a9f8c44ac/element [5.332723ms] ERR:404 body={"strategy":"-android uiautomator","selector":"new UiSelector().textMatches(\"(?is).*\\QWelcome to\\...
05:37:25.463997 POST /session/a880ccf9-282d-4356-b5e5-3a1a9f8c44ac/element [5.311214ms] ERR:404 body={"strategy":"-android uiautomator","selector":"new UiSelector().descriptionMatches(\"(?is).*\\QWelco...
05:37:25.469500 POST /session/a880ccf9-282d-4356-b5e5-3a1a9f8c44ac/element [5.42739ms] ERR:404 body={"strategy":"-android uiautomator","selector":"new UiSelector().textContains(\"Welcome to\")"}
05:37:25.474886 POST /session/a880ccf9-282d-4356-b5e5-3a1a9f8c44ac/element [5.303831ms] ERR:404 body={"strategy":"-android uiautomator","selector":"new UiSelector().descriptionContains(\"Welcome to\")"...
05:37:25.482256 POST /session/a880ccf9-282d-4356-b5e5-3a1a9f8c44ac/element [7.288023ms] ERR:404 body={"strategy":"-android uiautomator","selector":"new UiSelector().textMatches(\"(?is).*\\QWelcome to\\...
05:37:25.489039 POST /session/a880ccf9-282d-4356-b5e5-3a1a9f8c44ac/element [6.685968ms] ERR:404 body={"strategy":"-android uiautomator","selector":"new UiSelector().descriptionMatches(\"(?is).*\\QWelco...
05:37:25.495912 POST /session/a880ccf9-282d-4356-b5e5-3a1a9f8c44ac/element [6.797999ms] ERR:404 body={"strategy":"-android uiautomator","selector":"new UiSelector().textContains(\"Welcome to\")"}
05:37:25.501226 POST /session/a880ccf9-282d-4356-b5e5-3a1a9f8c44ac/element [5.238568ms] ERR:404 body={"strategy":"-android uiautomator","selector":"new UiSelector().descriptionContains(\"Welcome to\")"...
05:37:25.507089 POST /session/a880ccf9-282d-4356-b5e5-3a1a9f8c44ac/element [5.758739ms] ERR:404 body={"strategy":"-android uiautomator","selector":"new UiSelector().textMatches(\"(?is).*\\QWelcome to\\...
05:37:25.512793 POST /session/a880ccf9-282d-4356-b5e5-3a1a9f8c44ac/element [5.624137ms] ERR:404 body={"strategy":"-android uiautomator","selector":"new UiSelector().descriptionMatches(\"(?is).*\\QWelco...
05:37:25.518684 POST /session/a880ccf9-282d-4356-b5e5-3a1a9f8c44ac/element [5.815385ms] ERR:404 body={"strategy":"-android uiautomator","selector":"new UiSelector().textContains(\"Welcome to\")"}
05:37:25.524532 POST /session/a880ccf9-282d-4356-b5e5-3a1a9f8c44ac/element [5.766062ms] ERR:404 body={"strategy":"-android uiautomator","selector":"new UiSelector().descriptionContains(\"Welcome to\")"...
05:37:25.530413 POST /session/a880ccf9-282d-4356-b5e5-3a1a9f8c44ac/element [5.79624ms] ERR:404 body={"strategy":"-android uiautomator","selector":"new UiSelector().textMatches(\"(?is).*\\QWelcome to\\...
05:37:25.536557 POST /session/a880ccf9-282d-4356-b5e5-3a1a9f8c44ac/element [6.065462ms] ERR:404 body={"strategy":"-android uiautomator","selector":"new UiSelector().descriptionMatches(\"(?is).*\\QWelco...
05:37:25.542265 POST /session/a880ccf9-282d-4356-b5e5-3a1a9f8c44ac/element [5.599329ms] ERR:404 body={"strategy":"-android uiautomator","selector":"new UiSelector().textContains(\"Welcome to\")"}
05:37:25.547856 POST /session/a880ccf9-282d-4356-b5e5-3a1a9f8c44ac/element [5.502611ms] ERR:404 body={"strategy":"-android uiautomator","selector":"new UiSelector().descriptionContains(\"Welcome to\")"...
05:37:25.553591 POST /session/a880ccf9-282d-4356-b5e5-3a1a9f8c44ac/element [5.655697ms] ERR:404 body={"strategy":"-android uiautomator","selector":"new UiSelector().textMatches(\"(?is).*\\QWelcome to\\...
05:37:25.559151 POST /session/a880ccf9-282d-4356-b5e5-3a1a9f8c44ac/element [5.482022ms] ERR:404 body={"strategy":"-android uiautomator","selector":"new UiSelector().descriptionMatches(\"(?is).*\\QWelco...
05:37:25.564847 POST /session/a880ccf9-282d-4356-b5e5-3a1a9f8c44ac/element [5.611153ms] ERR:404 body={"strategy":"-android uiautomator","selector":"new UiSelector().textContains(\"Welcome to\")"}
05:37:25.570778 POST /session/a880ccf9-282d-4356-b5e5-3a1a9f8c44ac/element [5.840912ms] ERR:404 body={"strategy":"-android uiautomator","selector":"new UiSelector().descriptionContains(\"Welcome to\")"...
05:37:25.576368 POST /session/a880ccf9-282d-4356-b5e5-3a1a9f8c44ac/element [5.511718ms] ERR:404 body={"strategy":"-android uiautomator","selector":"new UiSelector().textMatches(\"(?is).*\\QWelcome to\\...
05:37:25.581116 POST /session/a880ccf9-282d-4356-b5e5-3a1a9f8c44ac/element [4.660906ms] ERR:404 body={"strategy":"-android uiautomator","selector":"new UiSelector().descriptionMatches(\"(?is).*\\QWelco...
05:37:25.585619 POST /session/a880ccf9-282d-4356-b5e5-3a1a9f8c44ac/element [4.377731ms] ERR:404 body={"strategy":"-android uiautomator","selector":"new UiSelector().textContains(\"Welcome to\")"}
05:37:25.589978 POST /session/a880ccf9-282d-4356-b5e5-3a1a9f8c44ac/element [4.267455ms] ERR:404 body={"strategy":"-android uiautomator","selector":"new UiSelector().descriptionContains(\"Welcome to\")"...
05:37:25.594442 POST /session/a880ccf9-282d-4356-b5e5-3a1a9f8c44ac/element [4.383893ms] ERR:404 body={"strategy":"-android uiautomator","selector":"new UiSelector().textMatches(\"(?is).*\\QWelcome to\\...
05:37:25.598818 POST /session/a880ccf9-282d-4356-b5e5-3a1a9f8c44ac/element [4.259931ms] ERR:404 body={"strategy":"-android uiautomator","selector":"new UiSelector().descriptionMatches(\"(?is).*\\QWelco...
05:37:25.603290 POST /session/a880ccf9-282d-4356-b5e5-3a1a9f8c44ac/element [4.388341ms] ERR:404 body={"strategy":"-android uiautomator","selector":"new UiSelector().textContains(\"Welcome to\")"}
05:37:25.607739 POST /session/a880ccf9-282d-4356-b5e5-3a1a9f8c44ac/element [4.372773ms] ERR:404 body={"strategy":"-android uiautomator","selector":"new UiSelector().descriptionContains(\"Welcome to\")"...
05:37:25.612521 POST /session/a880ccf9-282d-4356-b5e5-3a1a9f8c44ac/element [4.702218ms] ERR:404 body={"strategy":"-android uiautomator","selector":"new UiSelector().textMatches(\"(?is).*\\QWelcome to\\...
05:37:25.616769 POST /session/a880ccf9-282d-4356-b5e5-3a1a9f8c44ac/element [4.156803ms] ERR:404 body={"strategy":"-android uiautomator","selector":"new UiSelector().descriptionMatches(\"(?is).*\\QWelco...
05:37:25.620632 POST /session/a880ccf9-282d-4356-b5e5-3a1a9f8c44ac/element [3.776206ms] ERR:404 body={"strategy":"-android uiautomator","selector":"new UiSelector().textContains(\"Welcome to\")"}
05:37:25.625226 POST /session/a880ccf9-282d-4356-b5e5-3a1a9f8c44ac/element [4.503596ms] ERR:404 body={"strategy":"-android uiautomator","selector":"new UiSelector().descriptionContains(\"Welcome to\")"...
05:37:25.629456 POST /session/a880ccf9-282d-4356-b5e5-3a1a9f8c44ac/element [4.137623ms] ERR:404 body={"strategy":"-android uiautomator","selector":"new UiSelector().textMatches(\"(?is).*\\QWelcome to\\...
05:37:25.633417 POST /session/a880ccf9-282d-4356-b5e5-3a1a9f8c44ac/element [3.883421ms] ERR:404 body={"strategy":"-android uiautomator","selector":"new UiSelector().descriptionMatches(\"(?is).*\\QWelco...
05:37:25.637308 POST /session/a880ccf9-282d-4356-b5e5-3a1a9f8c44ac/element [3.794614ms] ERR:404 body={"strategy":"-android uiautomator","selector":"new UiSelector().textContains(\"Welcome to\")"}
05:37:25.642428 POST /session/a880ccf9-282d-4356-b5e5-3a1a9f8c44ac/element [5.016704ms] ERR:404 body={"strategy":"-android uiautomator","selector":"new UiSelector().descriptionContains(\"Welcome to\")"...
05:37:25.647180 POST /session/a880ccf9-282d-4356-b5e5-3a1a9f8c44ac/element [4.673122ms] ERR:404 body={"strategy":"-android uiautomator","selector":"new UiSelector().textMatches(\"(?is).*\\QWelcome to\\...
05:37:25.652306 POST /session/a880ccf9-282d-4356-b5e5-3a1a9f8c44ac/element [5.011965ms] ERR:404 body={"strategy":"-android uiautomator","selector":"new UiSelector().descriptionMatches(\"(?is).*\\QWelco...
05:37:25.656790 POST /session/a880ccf9-282d-4356-b5e5-3a1a9f8c44ac/element [4.407637ms] ERR:404 body={"strategy":"-android uiautomator","selector":"new UiSelector().textContains(\"Welcome to\")"}
05:37:25.661161 POST /session/a880ccf9-282d-4356-b5e5-3a1a9f8c44ac/element [4.284707ms] ERR:404 body={"strategy":"-android uiautomator","selector":"new UiSelector().descriptionContains(\"Welcome to\")"...
05:37:25.665772 POST /session/a880ccf9-282d-4356-b5e5-3a1a9f8c44ac/element [4.511401ms] ERR:404 body={"strategy":"-android uiautomator","selector":"new UiSelector().textMatches(\"(?is).*\\QWelcome to\\...
05:37:25.669883 POST /session/a880ccf9-282d-4356-b5e5-3a1a9f8c44ac/element [4.029767ms] ERR:404 body={"strategy":"-android uiautomator","selector":"new UiSelector().descriptionMatches(\"(?is).*\\QWelco...
05:37:25.674085 POST /session/a880ccf9-282d-4356-b5e5-3a1a9f8c44ac/element [4.121162ms] ERR:404 body={"strategy":"-android uiautomator","selector":"new UiSelector().textContains(\"Welcome to\")"}
05:37:25.678559 POST /session/a880ccf9-282d-4356-b5e5-3a1a9f8c44ac/element [4.393424ms] ERR:404 body={"strategy":"-android uiautomator","selector":"new UiSelector().descriptionContains(\"Welcome to\")"...
05:37:25.682971 POST /session/a880ccf9-282d-4356-b5e5-3a1a9f8c44ac/element [4.332442ms] ERR:404 body={"strategy":"-android uiautomator","selector":"new UiSelector().textMatches(\"(?is).*\\QWelcome to\\...
05:37:25.688461 POST /session/a880ccf9-282d-4356-b5e5-3a1a9f8c44ac/element [5.409938ms] ERR:404 body={"strategy":"-android uiautomator","selector":"new UiSelector().descriptionMatches(\"(?is).*\\QWelco...
05:37:25.694084 POST /session/a880ccf9-282d-4356-b5e5-3a1a9f8c44ac/element [5.535502ms] ERR:404 body={"strategy":"-android uiautomator","selector":"new UiSelector().textContains(\"Welcome to\")"}
05:37:25.699360 POST /session/a880ccf9-282d-4356-b5e5-3a1a9f8c44ac/element [5.195557ms] ERR:404 body={"strategy":"-android uiautomator","selector":"new UiSelector().descriptionContains(\"Welcome to\")"...
05:37:25.706281 POST /session/a880ccf9-282d-4356-b5e5-3a1a9f8c44ac/element [6.839845ms] ERR:404 body={"strategy":"-android uiautomator","selector":"new UiSelector().textMatches(\"(?is).*\\QWelcome to\\...
05:37:25.711940 POST /session/a880ccf9-282d-4356-b5e5-3a1a9f8c44ac/element [5.579065ms] ERR:404 body={"strategy":"-android uiautomator","selector":"new UiSelector().descriptionMatches(\"(?is).*\\QWelco...
05:37:25.717175 POST /session/a880ccf9-282d-4356-b5e5-3a1a9f8c44ac/element [5.154952ms] ERR:404 body={"strategy":"-android uiautomator","selector":"new UiSelector().textContains(\"Welcome to\")"}
05:37:25.722843 POST /session/a880ccf9-282d-4356-b5e5-3a1a9f8c44ac/element [5.556761ms] ERR:404 body={"strategy":"-android uiautomator","selector":"new UiSelector().descriptionContains(\"Welcome to\")"...
05:37:25.728410 POST /session/a880ccf9-282d-4356-b5e5-3a1a9f8c44ac/element [5.487763ms] ERR:404 body={"strategy":"-android uiautomator","selector":"new UiSelector().textMatches(\"(?is).*\\QWelcome to\\...
05:37:25.733958 POST /session/a880ccf9-282d-4356-b5e5-3a1a9f8c44ac/element [5.47005ms] ERR:404 body={"strategy":"-android uiautomator","selector":"new UiSelector().descriptionMatches(\"(?is).*\\QWelco...
05:37:25.739467 POST /session/a880ccf9-282d-4356-b5e5-3a1a9f8c44ac/element [5.419576ms] ERR:404 body={"strategy":"-android uiautomator","selector":"new UiSelector().textContains(\"Welcome to\")"}
05:37:25.745850 POST /session/a880ccf9-282d-4356-b5e5-3a1a9f8c44ac/element [6.307573ms] ERR:404 body={"strategy":"-android uiautomator","selector":"new UiSelector().descriptionContains(\"Welcome to\")"...
05:37:25.751491 POST /session/a880ccf9-282d-4356-b5e5-3a1a9f8c44ac/element [5.425014ms] ERR:404 body={"strategy":"-android uiautomator","selector":"new UiSelector().textMatches(\"(?is).*\\QWelcome to\\...
05:37:25.756853 POST /session/a880ccf9-282d-4356-b5e5-3a1a9f8c44ac/element [5.129485ms] ERR:404 body={"strategy":"-android uiautomator","selector":"new UiSelector().descriptionMatches(\"(?is).*\\QWelco...
05:37:25.761087 POST /session/a880ccf9-282d-4356-b5e5-3a1a9f8c44ac/element [4.171816ms] ERR:404 body={"strategy":"-android uiautomator","selector":"new UiSelector().textContains(\"Welcome to\")"}
05:37:25.765243 POST /session/a880ccf9-282d-4356-b5e5-3a1a9f8c44ac/element [4.104241ms] ERR:404 body={"strategy":"-android uiautomator","selector":"new UiSelector().descriptionContains(\"Welcome to\")"...
05:37:25.769694 POST /session/a880ccf9-282d-4356-b5e5-3a1a9f8c44ac/element [4.34502ms] ERR:404 body={"strategy":"-android uiautomator","selector":"new UiSelector().textMatches(\"(?is).*\\QWelcome to\\...
05:37:25.774075 POST /session/a880ccf9-282d-4356-b5e5-3a1a9f8c44ac/element [4.305656ms] ERR:404 body={"strategy":"-android uiautomator","selector":"new UiSelector().descriptionMatches(\"(?is).*\\QWelco...
05:37:25.778579 POST /session/a880ccf9-282d-4356-b5e5-3a1a9f8c44ac/element [4.428395ms] ERR:404 body={"strategy":"-android uiautomator","selector":"new UiSelector().textContains(\"Welcome to\")"}
05:37:25.783103 POST /session/a880ccf9-282d-4356-b5e5-3a1a9f8c44ac/element [4.443123ms] ERR:404 body={"strategy":"-android uiautomator","selector":"new UiSelector().descriptionContains(\"Welcome to\")"...
05:37:25.787391 POST /session/a880ccf9-282d-4356-b5e5-3a1a9f8c44ac/element [4.20557ms] ERR:404 body={"strategy":"-android uiautomator","selector":"new UiSelector().textMatches(\"(?is).*\\QWelcome to\\...
05:37:25.791866 POST /session/a880ccf9-282d-4356-b5e5-3a1a9f8c44ac/element [4.38226ms] ERR:404 body={"strategy":"-android uiautomator","selector":"new UiSelector().descriptionMatches(\"(?is).*\\QWelco...
05:37:25.802125 POST /session/a880ccf9-282d-4356-b5e5-3a1a9f8c44ac/element [10.162066ms] ERR:404 body={"strategy":"-android uiautomator","selector":"new UiSelector().textContains(\"Welcome to\")"}
05:37:25.807424 POST /session/a880ccf9-282d-4356-b5e5-3a1a9f8c44ac/element [5.167555ms] ERR:404 body={"strategy":"-android uiautomator","selector":"new UiSelector().descriptionContains(\"Welcome to\")"...
05:37:25.812223 POST /session/a880ccf9-282d-4356-b5e5-3a1a9f8c44ac/element [4.6965ms] ERR:404 body={"strategy":"-android uiautomator","selector":"new UiSelector().textMatches(\"(?is).*\\QWelcome to\\...
05:37:25.816247 POST /session/a880ccf9-282d-4356-b5e5-3a1a9f8c44ac/element [3.939243ms] ERR:404 body={"strategy":"-android uiautomator","selector":"new UiSelector().descriptionMatches(\"(?is).*\\QWelco...
05:37:25.820298 POST /session/a880ccf9-282d-4356-b5e5-3a1a9f8c44ac/element [3.96489ms] ERR:404 body={"strategy":"-android uiautomator","selector":"new UiSelector().textContains(\"Welcome to\")"}
05:37:25.824603 POST /session/a880ccf9-282d-4356-b5e5-3a1a9f8c44ac/element [4.222932ms] ERR:404 body={"strategy":"-android uiautomator","selector":"new UiSelector().descriptionContains(\"Welcome to\")"...
05:37:25.828781 POST /session/a880ccf9-282d-4356-b5e5-3a1a9f8c44ac/element [4.101736ms] ERR:404 body={"strategy":"-android uiautomator","selector":"new UiSelector().textMatches(\"(?is).*\\QWelcome to\\...
05:37:25.833128 POST /session/a880ccf9-282d-4356-b5e5-3a1a9f8c44ac/element [4.254497ms] ERR:404 body={"strategy":"-android uiautomator","selector":"new UiSelector().descriptionMatches(\"(?is).*\\QWelco...
05:37:25.837177 POST /session/a880ccf9-282d-4356-b5e5-3a1a9f8c44ac/element [3.950638ms] ERR:404 body={"strategy":"-android uiautomator","selector":"new UiSelector().textContains(\"Welcome to\")"}
05:37:25.841181 POST /session/a880ccf9-282d-4356-b5e5-3a1a9f8c44ac/element [3.893347ms] ERR:404 body={"strategy":"-android uiautomator","selector":"new UiSelector().descriptionContains(\"Welcome to\")"...
05:37:25.845292 POST /session/a880ccf9-282d-4356-b5e5-3a1a9f8c44ac/element [4.001759ms] ERR:404 body={"strategy":"-android uiautomator","selector":"new UiSelector().textMatches(\"(?is).*\\QWelcome to\\...
05:37:25.849528 POST /session/a880ccf9-282d-4356-b5e5-3a1a9f8c44ac/element [4.156829ms] ERR:404 body={"strategy":"-android uiautomator","selector":"new UiSelector().descriptionMatches(\"(?is).*\\QWelco...
05:37:25.853543 POST /session/a880ccf9-282d-4356-b5e5-3a1a9f8c44ac/element [3.940375ms] ERR:404 body={"strategy":"-android uiautomator","selector":"new UiSelector().textContains(\"Welcome to\")"}
05:37:25.857495 POST /session/a880ccf9-282d-4356-b5e5-3a1a9f8c44ac/element [3.870875ms] ERR:404 body={"strategy":"-android uiautomator","selector":"new UiSelector().descriptionContains(\"Welcome to\")"...
05:37:25.861523 POST /session/a880ccf9-282d-4356-b5e5-3a1a9f8c44ac/element [3.943571ms] ERR:404 body={"strategy":"-android uiautomator","selector":"new UiSelector().textMatches(\"(?is).*\\QWelcome to\\...
05:37:25.865802 POST /session/a880ccf9-282d-4356-b5e5-3a1a9f8c44ac/element [4.197886ms] ERR:404 body={"strategy":"-android uiautomator","selector":"new UiSelector().descriptionMatches(\"(?is).*\\QWelco...
05:37:25.869852 POST /session/a880ccf9-282d-4356-b5e5-3a1a9f8c44ac/element [3.974098ms] ERR:404 body={"strategy":"-android uiautomator","selector":"new UiSelector().textContains(\"Welcome to\")"}
05:37:25.874197 POST /session/a880ccf9-282d-4356-b5e5-3a1a9f8c44ac/element [4.260883ms] ERR:404 body={"strategy":"-android uiautomator","selector":"new UiSelector().descriptionContains(\"Welcome to\")"...
05:37:25.879790 POST /session/a880ccf9-282d-4356-b5e5-3a1a9f8c44ac/element [5.493894ms] ERR:404 body={"strategy":"-android uiautomator","selector":"new UiSelector().textMatches(\"(?is).*\\QWelcome to\\...
05:37:25.884077 POST /session/a880ccf9-282d-4356-b5e5-3a1a9f8c44ac/element [4.18956ms] ERR:404 body={"strategy":"-android uiautomator","selector":"new UiSelector().descriptionMatches(\"(?is).*\\QWelco...
05:37:25.888266 POST /session/a880ccf9-282d-4356-b5e5-3a1a9f8c44ac/element [4.107787ms] ERR:404 body={"strategy":"-android uiautomator","selector":"new UiSelector().textContains(\"Welcome to\")"}
05:37:25.892911 POST /session/a880ccf9-282d-4356-b5e5-3a1a9f8c44ac/element [4.557536ms] ERR:404 body={"strategy":"-android uiautomator","selector":"new UiSelector().descriptionContains(\"Welcome to\")"...
05:37:25.897434 POST /session/a880ccf9-282d-4356-b5e5-3a1a9f8c44ac/element [4.443975ms] ERR:404 body={"strategy":"-android uiautomator","selector":"new UiSelector().textMatches(\"(?is).*\\QWelcome to\\...
05:37:25.902177 POST /session/a880ccf9-282d-4356-b5e5-3a1a9f8c44ac/element [4.664777ms] ERR:404 body={"strategy":"-android uiautomator","selector":"new UiSelector().descriptionMatches(\"(?is).*\\QWelco...
05:37:25.906735 POST /session/a880ccf9-282d-4356-b5e5-3a1a9f8c44ac/element [4.462079ms] ERR:404 body={"strategy":"-android uiautomator","selector":"new UiSelector().textContains(\"Welcome to\")"}
05:37:25.911041 POST /session/a880ccf9-282d-4356-b5e5-3a1a9f8c44ac/element [4.254982ms] ERR:404 body={"strategy":"-android uiautomator","selector":"new UiSelector().descriptionContains(\"Welcome to\")"...
05:37:25.915556 POST /session/a880ccf9-282d-4356-b5e5-3a1a9f8c44ac/element [4.432183ms] ERR:404 body={"strategy":"-android uiautomator","selector":"new UiSelector().textMatches(\"(?is).*\\QWelcome to\\...
05:37:25.920776 POST /session/a880ccf9-282d-4356-b5e5-3a1a9f8c44ac/element [5.133241ms] ERR:404 body={"strategy":"-android uiautomator","selector":"new UiSelector().descriptionMatches(\"(?is).*\\QWelco...
05:37:25.925695 POST /session/a880ccf9-282d-4356-b5e5-3a1a9f8c44ac/element [4.838231ms] ERR:404 body={"strategy":"-android uiautomator","selector":"new UiSelector().textContains(\"Welcome to\")"}
05:37:25.930457 POST /session/a880ccf9-282d-4356-b5e5-3a1a9f8c44ac/element [4.685145ms] ERR:404 body={"strategy":"-android uiautomator","selector":"new UiSelector().descriptionContains(\"Welcome to\")"...
05:37:25.934769 POST /session/a880ccf9-282d-4356-b5e5-3a1a9f8c44ac/element [4.230224ms] ERR:404 body={"strategy":"-android uiautomator","selector":"new UiSelector().textMatches(\"(?is).*\\QWelcome to\\...
05:37:25.939006 POST /session/a880ccf9-282d-4356-b5e5-3a1a9f8c44ac/element [4.151316ms] ERR:404 body={"strategy":"-android uiautomator","selector":"new UiSelector().descriptionMatches(\"(?is).*\\QWelco...
05:37:25.943721 POST /session/a880ccf9-282d-4356-b5e5-3a1a9f8c44ac/element [4.62957ms] ERR:404 body={"strategy":"-android uiautomator","selector":"new UiSelector().textContains(\"Welcome to\")"}
05:37:25.948292 POST /session/a880ccf9-282d-4356-b5e5-3a1a9f8c44ac/element [4.490852ms] ERR:404 body={"strategy":"-android uiautomator","selector":"new UiSelector().descriptionContains(\"Welcome to\")"...
05:37:25.952861 POST /session/a880ccf9-282d-4356-b5e5-3a1a9f8c44ac/element [4.476546ms] ERR:404 body={"strategy":"-android uiautomator","selector":"new UiSelector().textMatches(\"(?is).*\\QWelcome to\\...
05:37:25.957206 POST /session/a880ccf9-282d-4356-b5e5-3a1a9f8c44ac/element [4.258679ms] ERR:404 body={"strategy":"-android uiautomator","selector":"new UiSelector().descriptionMatches(\"(?is).*\\QWelco...
05:37:25.961631 POST /session/a880ccf9-282d-4356-b5e5-3a1a9f8c44ac/element [4.328379ms] ERR:404 body={"strategy":"-android uiautomator","selector":"new UiSelector().textContains(\"Welcome to\")"}
05:37:25.965892 POST /session/a880ccf9-282d-4356-b5e5-3a1a9f8c44ac/element [4.17852ms] ERR:404 body={"strategy":"-android uiautomator","selector":"new UiSelector().descriptionContains(\"Welcome to\")"...
05:37:25.970102 POST /session/a880ccf9-282d-4356-b5e5-3a1a9f8c44ac/element [4.127554ms] ERR:404 body={"strategy":"-android uiautomator","selector":"new UiSelector().textMatches(\"(?is).*\\QWelcome to\\...
05:37:25.974677 POST /session/a880ccf9-282d-4356-b5e5-3a1a9f8c44ac/element [4.48985ms] ERR:404 body={"strategy":"-android uiautomator","selector":"new UiSelector().descriptionMatches(\"(?is).*\\QWelco...
05:37:25.978925 POST /session/a880ccf9-282d-4356-b5e5-3a1a9f8c44ac/element [4.164593ms] ERR:404 body={"strategy":"-android uiautomator","selector":"new UiSelector().textContains(\"Welcome to\")"}
05:37:25.983324 POST /session/a880ccf9-282d-4356-b5e5-3a1a9f8c44ac/element [4.317138ms] ERR:404 body={"strategy":"-android uiautomator","selector":"new UiSelector().descriptionContains(\"Welcome to\")"...
05:37:25.987662 POST /session/a880ccf9-282d-4356-b5e5-3a1a9f8c44ac/element [4.259288ms] ERR:404 body={"strategy":"-android uiautomator","selector":"new UiSelector().textMatches(\"(?is).*\\QWelcome to\\...
05:37:25.992036 POST /session/a880ccf9-282d-4356-b5e5-3a1a9f8c44ac/element [4.286582ms] ERR:404 body={"strategy":"-android uiautomator","selector":"new UiSelector().descriptionMatches(\"(?is).*\\QWelco...
05:37:25.996686 POST /session/a880ccf9-282d-4356-b5e5-3a1a9f8c44ac/element [4.563598ms] ERR:404 body={"strategy":"-android uiautomator","selector":"new UiSelector().textContains(\"Welcome to\")"}
05:37:26.001220 POST /session/a880ccf9-282d-4356-b5e5-3a1a9f8c44ac/element [4.44123ms] ERR:404 body={"strategy":"-android uiautomator","selector":"new UiSelector().descriptionContains(\"Welcome to\")"...
05:37:26.005852 POST /session/a880ccf9-282d-4356-b5e5-3a1a9f8c44ac/element [4.514677ms] ERR:404 body={"strategy":"-android uiautomator","selector":"new UiSelector().textMatches(\"(?is).*\\QWelcome to\\...
05:37:26.010671 POST /session/a880ccf9-282d-4356-b5e5-3a1a9f8c44ac/element [4.735409ms] ERR:404 body={"strategy":"-android uiautomator","selector":"new UiSelector().descriptionMatches(\"(?is).*\\QWelco...
05:37:26.015225 POST /session/a880ccf9-282d-4356-b5e5-3a1a9f8c44ac/element [4.457059ms] ERR:404 body={"strategy":"-android uiautomator","selector":"new UiSelector().textContains(\"Welcome to\")"}
05:37:26.019531 POST /session/a880ccf9-282d-4356-b5e5-3a1a9f8c44ac/element [4.203917ms] ERR:404 body={"strategy":"-android uiautomator","selector":"new UiSelector().descriptionContains(\"Welcome to\")"...
05:37:26.024174 POST /session/a880ccf9-282d-4356-b5e5-3a1a9f8c44ac/element [4.557627ms] ERR:404 body={"strategy":"-android uiautomator","selector":"new UiSelector().textMatches(\"(?is).*\\QWelcome to\\...
05:37:26.028488 POST /session/a880ccf9-282d-4356-b5e5-3a1a9f8c44ac/element [4.212372ms] ERR:404 body={"strategy":"-android uiautomator","selector":"new UiSelector().descriptionMatches(\"(?is).*\\QWelco...
05:37:26.032971 POST /session/a880ccf9-282d-4356-b5e5-3a1a9f8c44ac/element [4.391777ms] ERR:404 body={"strategy":"-android uiautomator","selector":"new UiSelector().textContains(\"Welcome to\")"}
05:37:26.037186 POST /session/a880ccf9-282d-4356-b5e5-3a1a9f8c44ac/element [4.129053ms] ERR:404 body={"strategy":"-android uiautomator","selector":"new UiSelector().descriptionContains(\"Welcome to\")"...
05:37:26.041588 POST /session/a880ccf9-282d-4356-b5e5-3a1a9f8c44ac/element [4.285459ms] ERR:404 body={"strategy":"-android uiautomator","selector":"new UiSelector().textMatches(\"(?is).*\\QWelcome to\\...
05:37:26.045905 POST /session/a880ccf9-282d-4356-b5e5-3a1a9f8c44ac/element [4.235095ms] ERR:404 body={"strategy":"-android uiautomator","selector":"new UiSelector().descriptionMatches(\"(?is).*\\QWelco...
05:37:26.050343 POST /session/a880ccf9-282d-4356-b5e5-3a1a9f8c44ac/element [4.358906ms] ERR:404 body={"strategy":"-android uiautomator","selector":"new UiSelector().textContains(\"Welcome to\")"}
05:37:26.054606 POST /session/a880ccf9-282d-4356-b5e5-3a1a9f8c44ac/element [4.193938ms] ERR:404 body={"strategy":"-android uiautomator","selector":"new UiSelector().descriptionContains(\"Welcome to\")"...
05:37:26.059599 POST /session/a880ccf9-282d-4356-b5e5-3a1a9f8c44ac/element [4.901439ms] ERR:404 body={"strategy":"-android uiautomator","selector":"new UiSelector().textMatches(\"(?is).*\\QWelcome to\\...
05:37:26.064736 POST /session/a880ccf9-282d-4356-b5e5-3a1a9f8c44ac/element [5.054535ms] ERR:404 body={"strategy":"-android uiautomator","selector":"new UiSelector().descriptionMatches(\"(?is).*\\QWelco...
05:37:26.069726 POST /session/a880ccf9-282d-4356-b5e5-3a1a9f8c44ac/element [4.877032ms] ERR:404 body={"strategy":"-android uiautomator","selector":"new UiSelector().textContains(\"Welcome to\")"}
05:37:26.074279 POST /session/a880ccf9-282d-4356-b5e5-3a1a9f8c44ac/element [4.465435ms] ERR:404 body={"strategy":"-android uiautomator","selector":"new UiSelector().descriptionContains(\"Welcome to\")"...
05:37:26.078527 POST /session/a880ccf9-282d-4356-b5e5-3a1a9f8c44ac/element [4.165936ms] ERR:404 body={"strategy":"-android uiautomator","selector":"new UiSelector().textMatches(\"(?is).*\\QWelcome to\\...
05:37:26.083014 POST /session/a880ccf9-282d-4356-b5e5-3a1a9f8c44ac/element [4.420061ms] ERR:404 body={"strategy":"-android uiautomator","selector":"new UiSelector().descriptionMatches(\"(?is).*\\QWelco...
05:37:26.087033 POST /session/a880ccf9-282d-4356-b5e5-3a1a9f8c44ac/element [3.954271ms] ERR:404 body={"strategy":"-android uiautomator","selector":"new UiSelector().textContains(\"Welcome to\")"}
05:37:26.091093 POST /session/a880ccf9-282d-4356-b5e5-3a1a9f8c44ac/element [3.987673ms] ERR:404 body={"strategy":"-android uiautomator","selector":"new UiSelector().descriptionContains(\"Welcome to\")"...
05:37:26.095654 POST /session/a880ccf9-282d-4356-b5e5-3a1a9f8c44ac/element [4.485853ms] ERR:404 body={"strategy":"-android uiautomator","selector":"new UiSelector().textMatches(\"(?is).*\\QWelcome to\\...
05:37:26.101943 POST /session/a880ccf9-282d-4356-b5e5-3a1a9f8c44ac/element [5.749604ms] ERR:404 body={"strategy":"-android uiautomator","selector":"new UiSelector().descriptionMatches(\"(?is).*\\QWelco...
05:37:26.107156 POST /session/a880ccf9-282d-4356-b5e5-3a1a9f8c44ac/element [5.128603ms] ERR:404 body={"strategy":"-android uiautomator","selector":"new UiSelector().textContains(\"Welcome to\")"}
05:37:26.112805 POST /session/a880ccf9-282d-4356-b5e5-3a1a9f8c44ac/element [5.538678ms] ERR:404 body={"strategy":"-android uiautomator","selector":"new UiSelector().descriptionContains(\"Welcome to\")"...
05:37:26.118157 POST /session/a880ccf9-282d-4356-b5e5-3a1a9f8c44ac/element [5.258294ms] ERR:404 body={"strategy":"-android uiautomator","selector":"new UiSelector().textMatches(\"(?is).*\\QWelcome to\\...
05:37:26.123774 POST /session/a880ccf9-282d-4356-b5e5-3a1a9f8c44ac/element [5.506007ms] ERR:404 body={"strategy":"-android uiautomator","selector":"new UiSelector().descriptionMatches(\"(?is).*\\QWelco...
05:37:26.129175 POST /session/a880ccf9-282d-4356-b5e5-3a1a9f8c44ac/element [5.309651ms] ERR:404 body={"strategy":"-android uiautomator","selector":"new UiSelector().textContains(\"Welcome to\")"}
05:37:26.133657 POST /session/a880ccf9-282d-4356-b5e5-3a1a9f8c44ac/element [4.359251ms] ERR:404 body={"strategy":"-android uiautomator","selector":"new UiSelector().descriptionContains(\"Welcome to\")"...
05:37:26.138056 POST /session/a880ccf9-282d-4356-b5e5-3a1a9f8c44ac/element [4.315344ms] ERR:404 body={"strategy":"-android uiautomator","selector":"new UiSelector().textMatches(\"(?is).*\\QWelcome to\\...
05:37:26.142718 POST /session/a880ccf9-282d-4356-b5e5-3a1a9f8c44ac/element [4.550725ms] ERR:404 body={"strategy":"-android uiautomator","selector":"new UiSelector().descriptionMatches(\"(?is).*\\QWelco...
05:37:26.148214 POST /session/a880ccf9-282d-4356-b5e5-3a1a9f8c44ac/element [5.409853ms] ERR:404 body={"strategy":"-android uiautomator","selector":"new UiSelector().textContains(\"Welcome to\")"}
05:37:26.153906 POST /session/a880ccf9-282d-4356-b5e5-3a1a9f8c44ac/element [5.548597ms] ERR:404 body={"strategy":"-android uiautomator","selector":"new UiSelector().descriptionContains(\"Welcome to\")"...
05:37:26.159230 POST /session/a880ccf9-282d-4356-b5e5-3a1a9f8c44ac/element [5.211798ms] ERR:404 body={"strategy":"-android uiautomator","selector":"new UiSelector().textMatches(\"(?is).*\\QWelcome to\\...
05:37:26.165000 POST /session/a880ccf9-282d-4356-b5e5-3a1a9f8c44ac/element [5.632313ms] ERR:404 body={"strategy":"-android uiautomator","selector":"new UiSelector().descriptionMatches(\"(?is).*\\QWelco...
05:37:26.170626 POST /session/a880ccf9-282d-4356-b5e5-3a1a9f8c44ac/element [5.521376ms] ERR:404 body={"strategy":"-android uiautomator","selector":"new UiSelector().textContains(\"Welcome to\")"}
05:37:26.175830 POST /session/a880ccf9-282d-4356-b5e5-3a1a9f8c44ac/element [5.098205ms] ERR:404 body={"strategy":"-android uiautomator","selector":"new UiSelector().descriptionContains(\"Welcome to\")"...
05:37:26.181697 POST /session/a880ccf9-282d-4356-b5e5-3a1a9f8c44ac/element [5.765031ms] ERR:404 body={"strategy":"-android uiautomator","selector":"new UiSelector().textMatches(\"(?is).*\\QWelcome to\\...
05:37:26.187905 POST /session/a880ccf9-282d-4356-b5e5-3a1a9f8c44ac/element [6.096318ms] ERR:404 body={"strategy":"-android uiautomator","selector":"new UiSelector().descriptionMatches(\"(?is).*\\QWelco...
05:37:26.193910 POST /session/a880ccf9-282d-4356-b5e5-3a1a9f8c44ac/element [5.900995ms] ERR:404 body={"strategy":"-android uiautomator","selector":"new UiSelector().textContains(\"Welcome to\")"}
05:37:26.199526 POST /session/a880ccf9-282d-4356-b5e5-3a1a9f8c44ac/element [5.500266ms] ERR:404 body={"strategy":"-android uiautomator","selector":"new UiSelector().descriptionContains(\"Welcome to\")"...
05:37:26.205890 POST /session/a880ccf9-282d-4356-b5e5-3a1a9f8c44ac/element [6.240037ms] ERR:404 body={"strategy":"-android uiautomator","selector":"new UiSelector().textMatches(\"(?is).*\\QWelcome to\\...
05:37:26.211900 POST /session/a880ccf9-282d-4356-b5e5-3a1a9f8c44ac/element [5.881526ms] ERR:404 body={"strategy":"-android uiautomator","selector":"new UiSelector().descriptionMatches(\"(?is).*\\QWelco...
05:37:26.217810 POST /session/a880ccf9-282d-4356-b5e5-3a1a9f8c44ac/element [5.749193ms] ERR:404 body={"strategy":"-android uiautomator","selector":"new UiSelector().textContains(\"Welcome to\")"}
05:37:26.224720 POST /session/a880ccf9-282d-4356-b5e5-3a1a9f8c44ac/element [6.778051ms] ERR:404 body={"strategy":"-android uiautomator","selector":"new UiSelector().descriptionContains(\"Welcome to\")"...
05:37:26.230450 POST /session/a880ccf9-282d-4356-b5e5-3a1a9f8c44ac/element [5.622945ms] ERR:404 body={"strategy":"-android uiautomator","selector":"new UiSelector().textMatches(\"(?is).*\\QWelcome to\\...
05:37:26.237352 POST /session/a880ccf9-282d-4356-b5e5-3a1a9f8c44ac/element [6.755991ms] ERR:404 body={"strategy":"-android uiautomator","selector":"new UiSelector().descriptionMatches(\"(?is).*\\QWelco...
05:37:26.243285 POST /session/a880ccf9-282d-4356-b5e5-3a1a9f8c44ac/element [5.825152ms] ERR:404 body={"strategy":"-android uiautomator","selector":"new UiSelector().textContains(\"Welcome to\")"}
05:37:26.249057 POST /session/a880ccf9-282d-4356-b5e5-3a1a9f8c44ac/element [5.66309ms] ERR:404 body={"strategy":"-android uiautomator","selector":"new UiSelector().descriptionContains(\"Welcome to\")"...
05:37:26.254979 POST /session/a880ccf9-282d-4356-b5e5-3a1a9f8c44ac/element [5.784958ms] ERR:404 body={"strategy":"-android uiautomator","selector":"new UiSelector().textMatches(\"(?is).*\\QWelcome to\\...
05:37:26.260989 POST /session/a880ccf9-282d-4356-b5e5-3a1a9f8c44ac/element [5.859337ms] ERR:404 body={"strategy":"-android uiautomator","selector":"new UiSelector().descriptionMatches(\"(?is).*\\QWelco...
05:37:26.266844 POST /session/a880ccf9-282d-4356-b5e5-3a1a9f8c44ac/element [5.726078ms] ERR:404 body={"strategy":"-android uiautomator","selector":"new UiSelector().textContains(\"Welcome to\")"}
05:37:26.272555 POST /session/a880ccf9-282d-4356-b5e5-3a1a9f8c44ac/element [5.627303ms] ERR:404 body={"strategy":"-android uiautomator","selector":"new UiSelector().descriptionContains(\"Welcome to\")"...
05:37:26.277608 POST /session/a880ccf9-282d-4356-b5e5-3a1a9f8c44ac/element [4.961318ms] ERR:404 body={"strategy":"-android uiautomator","selector":"new UiSelector().textMatches(\"(?is).*\\QWelcome to\\...
05:37:26.282948 POST /session/a880ccf9-282d-4356-b5e5-3a1a9f8c44ac/element [5.234079ms] ERR:404 body={"strategy":"-android uiautomator","selector":"new UiSelector().descriptionMatches(\"(?is).*\\QWelco...
05:37:26.288378 POST /session/a880ccf9-282d-4356-b5e5-3a1a9f8c44ac/element [5.333397ms] ERR:404 body={"strategy":"-android uiautomator","selector":"new UiSelector().textContains(\"Welcome to\")"}
05:37:26.293707 POST /session/a880ccf9-282d-4356-b5e5-3a1a9f8c44ac/element [5.219081ms] ERR:404 body={"strategy":"-android uiautomator","selector":"new UiSelector().descriptionContains(\"Welcome to\")"...
05:37:26.299411 POST /session/a880ccf9-282d-4356-b5e5-3a1a9f8c44ac/element [5.602968ms] ERR:404 body={"strategy":"-android uiautomator","selector":"new UiSelector().textMatches(\"(?is).*\\QWelcome to\\...
05:37:26.304817 POST /session/a880ccf9-282d-4356-b5e5-3a1a9f8c44ac/element [5.340729ms] ERR:404 body={"strategy":"-android uiautomator","selector":"new UiSelector().descriptionMatches(\"(?is).*\\QWelco...
05:37:26.310145 POST /session/a880ccf9-282d-4356-b5e5-3a1a9f8c44ac/element [5.243527ms] ERR:404 body={"strategy":"-android uiautomator","selector":"new UiSelector().textContains(\"Welcome to\")"}
05:37:26.314646 POST /session/a880ccf9-282d-4356-b5e5-3a1a9f8c44ac/element [4.401058ms] ERR:404 body={"strategy":"-android uiautomator","selector":"new UiSelector().descriptionContains(\"Welcome to\")"...
05:37:26.320108 POST /session/a880ccf9-282d-4356-b5e5-3a1a9f8c44ac/element [5.375353ms] ERR:404 body={"strategy":"-android uiautomator","selector":"new UiSelector().textMatches(\"(?is).*\\QWelcome to\\...
05:37:26.325503 POST /session/a880ccf9-282d-4356-b5e5-3a1a9f8c44ac/element [5.307777ms] ERR:404 body={"strategy":"-android uiautomator","selector":"new UiSelector().descriptionMatches(\"(?is).*\\QWelco...
05:37:26.330890 POST /session/a880ccf9-282d-4356-b5e5-3a1a9f8c44ac/element [5.295395ms] ERR:404 body={"strategy":"-android uiautomator","selector":"new UiSelector().textContains(\"Welcome to\")"}
05:37:26.336258 POST /session/a880ccf9-282d-4356-b5e5-3a1a9f8c44ac/element [5.270917ms] ERR:404 body={"strategy":"-android uiautomator","selector":"new UiSelector().descriptionContains(\"Welcome to\")"...
05:37:26.341813 POST /session/a880ccf9-282d-4356-b5e5-3a1a9f8c44ac/element [5.446638ms] ERR:404 body={"strategy":"-android uiautomator","selector":"new UiSelector().textMatches(\"(?is).*\\QWelcome to\\...
05:37:26.347345 POST /session/a880ccf9-282d-4356-b5e5-3a1a9f8c44ac/element [5.455733ms] ERR:404 body={"strategy":"-android uiautomator","selector":"new UiSelector().descriptionMatches(\"(?is).*\\QWelco...
05:37:26.353146 POST /session/a880ccf9-282d-4356-b5e5-3a1a9f8c44ac/element [5.719847ms] ERR:404 body={"strategy":"-android uiautomator","selector":"new UiSelector().textContains(\"Welcome to\")"}
05:37:26.358578 POST /session/a880ccf9-282d-4356-b5e5-3a1a9f8c44ac/element [5.323928ms] ERR:404 body={"strategy":"-android uiautomator","selector":"new UiSelector().descriptionContains(\"Welcome to\")"...
05:37:26.363812 POST /session/a880ccf9-282d-4356-b5e5-3a1a9f8c44ac/element [5.146702ms] ERR:404 body={"strategy":"-android uiautomator","selector":"new UiSelector().textMatches(\"(?is).*\\QWelcome to\\...
05:37:26.368119 POST /session/a880ccf9-282d-4356-b5e5-3a1a9f8c44ac/element [4.213685ms] ERR:404 body={"strategy":"-android uiautomator","selector":"new UiSelector().descriptionMatches(\"(?is).*\\QWelco...
05:37:26.372494 POST /session/a880ccf9-282d-4356-b5e5-3a1a9f8c44ac/element [4.269619ms] ERR:404 body={"strategy":"-android uiautomator","selector":"new UiSelector().textContains(\"Welcome to\")"}
05:37:26.376892 POST /session/a880ccf9-282d-4356-b5e5-3a1a9f8c44ac/element [4.276111ms] ERR:404 body={"strategy":"-android uiautomator","selector":"new UiSelector().descriptionContains(\"Welcome to\")"...
05:37:26.381324 POST /session/a880ccf9-282d-4356-b5e5-3a1a9f8c44ac/element [4.349969ms] ERR:404 body={"strategy":"-android uiautomator","selector":"new UiSelector().textMatches(\"(?is).*\\QWelcome to\\...
05:37:26.385786 POST /session/a880ccf9-282d-4356-b5e5-3a1a9f8c44ac/element [4.370185ms] ERR:404 body={"strategy":"-android uiautomator","selector":"new UiSelector().descriptionMatches(\"(?is).*\\QWelco...
05:37:26.389899 POST /session/a880ccf9-282d-4356-b5e5-3a1a9f8c44ac/element [4.021617ms] ERR:404 body={"strategy":"-android uiautomator","selector":"new UiSelector().textContains(\"Welcome to\")"}
05:37:26.395069 POST /session/a880ccf9-282d-4356-b5e5-3a1a9f8c44ac/element [5.092195ms] ERR:404 body={"strategy":"-android uiautomator","selector":"new UiSelector().descriptionContains(\"Welcome to\")"...
05:37:26.399947 POST /session/a880ccf9-282d-4356-b5e5-3a1a9f8c44ac/element [4.799929ms] ERR:404 body={"strategy":"-android uiautomator","selector":"new UiSelector().textMatches(\"(?is).*\\QWelcome to\\...
05:37:26.405040 POST /session/a880ccf9-282d-4356-b5e5-3a1a9f8c44ac/element [5.032494ms] ERR:404 body={"strategy":"-android uiautomator","selector":"new UiSelector().descriptionMatches(\"(?is).*\\QWelco...
05:37:26.409499 POST /session/a880ccf9-282d-4356-b5e5-3a1a9f8c44ac/element [4.370016ms] ERR:404 body={"strategy":"-android uiautomator","selector":"new UiSelector().textContains(\"Welcome to\")"}
05:37:26.414117 POST /session/a880ccf9-282d-4356-b5e5-3a1a9f8c44ac/element [4.528835ms] ERR:404 body={"strategy":"-android uiautomator","selector":"new UiSelector().descriptionContains(\"Welcome to\")"...
05:37:26.418896 POST /session/a880ccf9-282d-4356-b5e5-3a1a9f8c44ac/element [4.671137ms] ERR:404 body={"strategy":"-android uiautomator","selector":"new UiSelector().textMatches(\"(?is).*\\QWelcome to\\...
05:37:26.423460 POST /session/a880ccf9-282d-4356-b5e5-3a1a9f8c44ac/element [4.473029ms] ERR:404 body={"strategy":"-android uiautomator","selector":"new UiSelector().descriptionMatches(\"(?is).*\\QWelco...
05:37:26.427757 POST /session/a880ccf9-282d-4356-b5e5-3a1a9f8c44ac/element [4.213274ms] ERR:404 body={"strategy":"-android uiautomator","selector":"new UiSelector().textContains(\"Welcome to\")"}
05:37:26.436697 POST /session/a880ccf9-282d-4356-b5e5-3a1a9f8c44ac/element [8.850952ms] ERR:404 body={"strategy":"-android uiautomator","selector":"new UiSelector().descriptionContains(\"Welcome to\")"...
05:37:26.441221 POST /session/a880ccf9-282d-4356-b5e5-3a1a9f8c44ac/element [4.453481ms] ERR:404 body={"strategy":"-android uiautomator","selector":"new UiSelector().textMatches(\"(?is).*\\QWelcome to\\...
05:37:26.445309 POST /session/a880ccf9-282d-4356-b5e5-3a1a9f8c44ac/element [3.96986ms] ERR:404 body={"strategy":"-android uiautomator","selector":"new UiSelector().descriptionMatches(\"(?is).*\\QWelco...
05:37:26.449352 POST /session/a880ccf9-282d-4356-b5e5-3a1a9f8c44ac/element [3.960091ms] ERR:404 body={"strategy":"-android uiautomator","selector":"new UiSelector().textContains(\"Welcome to\")"}
05:37:26.453400 POST /session/a880ccf9-282d-4356-b5e5-3a1a9f8c44ac/element [3.972214ms] ERR:404 body={"strategy":"-android uiautomator","selector":"new UiSelector().descriptionContains(\"Welcome to\")"...
05:37:26.457739 POST /session/a880ccf9-282d-4356-b5e5-3a1a9f8c44ac/element [4.257236ms] ERR:404 body={"strategy":"-android uiautomator","selector":"new UiSelector().textMatches(\"(?is).*\\QWelcome to\\...
05:37:26.462584 POST /session/a880ccf9-282d-4356-b5e5-3a1a9f8c44ac/element [4.600667ms] ERR:404 body={"strategy":"-android uiautomator","selector":"new UiSelector().descriptionMatches(\"(?is).*\\QWelco...
05:37:26.466887 POST /session/a880ccf9-282d-4356-b5e5-3a1a9f8c44ac/element [4.196222ms] ERR:404 body={"strategy":"-android uiautomator","selector":"new UiSelector().textContains(\"Welcome to\")"}
05:37:26.471295 POST /session/a880ccf9-282d-4356-b5e5-3a1a9f8c44ac/element [4.289707ms] ERR:404 body={"strategy":"-android uiautomator","selector":"new UiSelector().descriptionContains(\"Welcome to\")"...
05:37:26.475567 POST /session/a880ccf9-282d-4356-b5e5-3a1a9f8c44ac/element [4.193257ms] ERR:404 body={"strategy":"-android uiautomator","selector":"new UiSelector().textMatches(\"(?is).*\\QWelcome to\\...
05:37:26.480194 POST /session/a880ccf9-282d-4356-b5e5-3a1a9f8c44ac/element [4.54543ms] ERR:404 body={"strategy":"-android uiautomator","selector":"new UiSelector().descriptionMatches(\"(?is).*\\QWelco...
05:37:26.485526 POST /session/a880ccf9-282d-4356-b5e5-3a1a9f8c44ac/element [5.228327ms] ERR:404 body={"strategy":"-android uiautomator","selector":"new UiSelector().textContains(\"Welcome to\")"}
05:37:26.491296 POST /session/a880ccf9-282d-4356-b5e5-3a1a9f8c44ac/element [5.691443ms] ERR:404 body={"strategy":"-android uiautomator","selector":"new UiSelector().descriptionContains(\"Welcome to\")"...
05:37:26.496363 POST /session/a880ccf9-282d-4356-b5e5-3a1a9f8c44ac/element [4.978863ms] ERR:404 body={"strategy":"-android uiautomator","selector":"new UiSelector().textMatches(\"(?is).*\\QWelcome to\\...
05:37:26.501587 POST /session/a880ccf9-282d-4356-b5e5-3a1a9f8c44ac/element [5.151165ms] ERR:404 body={"strategy":"-android uiautomator","selector":"new UiSelector().descriptionMatches(\"(?is).*\\QWelco...
05:37:26.507010 POST /session/a880ccf9-282d-4356-b5e5-3a1a9f8c44ac/element [5.346449ms] ERR:404 body={"strategy":"-android uiautomator","selector":"new UiSelector().textContains(\"Welcome to\")"}
05:37:26.512602 POST /session/a880ccf9-282d-4356-b5e5-3a1a9f8c44ac/element [5.508193ms] ERR:404 body={"strategy":"-android uiautomator","selector":"new UiSelector().descriptionContains(\"Welcome to\")"...
05:37:26.519042 POST /session/a880ccf9-282d-4356-b5e5-3a1a9f8c44ac/element [6.365071ms] ERR:404 body={"strategy":"-android uiautomator","selector":"new UiSelector().textMatches(\"(?is).*\\QWelcome to\\...
05:37:26.524753 POST /session/a880ccf9-282d-4356-b5e5-3a1a9f8c44ac/element [5.634296ms] ERR:404 body={"strategy":"-android uiautomator","selector":"new UiSelector().descriptionMatches(\"(?is).*\\QWelco...
05:37:26.530218 POST /session/a880ccf9-282d-4356-b5e5-3a1a9f8c44ac/element [5.365884ms] ERR:404 body={"strategy":"-android uiautomator","selector":"new UiSelector().textContains(\"Welcome to\")"}
05:37:26.536213 POST /session/a880ccf9-282d-4356-b5e5-3a1a9f8c44ac/element [5.890226ms] ERR:404 body={"strategy":"-android uiautomator","selector":"new UiSelector().descriptionContains(\"Welcome to\")"...
05:37:26.541802 POST /session/a880ccf9-282d-4356-b5e5-3a1a9f8c44ac/element [5.467704ms] ERR:404 body={"strategy":"-android uiautomator","selector":"new UiSelector().textMatches(\"(?is).*\\QWelcome to\\...
05:37:26.547186 POST /session/a880ccf9-282d-4356-b5e5-3a1a9f8c44ac/element [5.303059ms] ERR:404 body={"strategy":"-android uiautomator","selector":"new UiSelector().descriptionMatches(\"(?is).*\\QWelco...
05:37:26.552697 POST /session/a880ccf9-282d-4356-b5e5-3a1a9f8c44ac/element [5.40074ms] ERR:404 body={"strategy":"-android uiautomator","selector":"new UiSelector().textContains(\"Welcome to\")"}
05:37:26.559523 POST /session/a880ccf9-282d-4356-b5e5-3a1a9f8c44ac/element [6.737365ms] ERR:404 body={"strategy":"-android uiautomator","selector":"new UiSelector().descriptionContains(\"Welcome to\")"...
05:37:26.566128 POST /session/a880ccf9-282d-4356-b5e5-3a1a9f8c44ac/element [6.518859ms] ERR:404 body={"strategy":"-android uiautomator","selector":"new UiSelector().textMatches(\"(?is).*\\QWelcome to\\...
05:37:26.573280 POST /session/a880ccf9-282d-4356-b5e5-3a1a9f8c44ac/element [7.026624ms] ERR:404 body={"strategy":"-android uiautomator","selector":"new UiSelector().descriptionMatches(\"(?is).*\\QWelco...
05:37:26.578698 POST /session/a880ccf9-282d-4356-b5e5-3a1a9f8c44ac/element [5.322394ms] ERR:404 body={"strategy":"-android uiautomator","selector":"new UiSelector().textContains(\"Welcome to\")"}
05:37:26.584418 POST /session/a880ccf9-282d-4356-b5e5-3a1a9f8c44ac/element [5.637091ms] ERR:404 body={"strategy":"-android uiautomator","selector":"new UiSelector().descriptionContains(\"Welcome to\")"...
05:37:26.589688 POST /session/a880ccf9-282d-4356-b5e5-3a1a9f8c44ac/element [5.196509ms] ERR:404 body={"strategy":"-android uiautomator","selector":"new UiSelector().textMatches(\"(?is).*\\QWelcome to\\...
05:37:26.594756 POST /session/a880ccf9-282d-4356-b5e5-3a1a9f8c44ac/element [4.990455ms] ERR:404 body={"strategy":"-android uiautomator","selector":"new UiSelector().descriptionMatches(\"(?is).*\\QWelco...
05:37:26.600086 POST /session/a880ccf9-282d-4356-b5e5-3a1a9f8c44ac/element [5.254608ms] ERR:404 body={"strategy":"-android uiautomator","selector":"new UiSelector().textContains(\"Welcome to\")"}
05:37:26.606269 POST /session/a880ccf9-282d-4356-b5e5-3a1a9f8c44ac/element [6.100278ms] ERR:404 body={"strategy":"-android uiautomator","selector":"new UiSelector().descriptionContains(\"Welcome to\")"...
05:37:26.612398 POST /session/a880ccf9-282d-4356-b5e5-3a1a9f8c44ac/element [6.052826ms] ERR:404 body={"strategy":"-android uiautomator","selector":"new UiSelector().textMatches(\"(?is).*\\QWelcome to\\...
05:37:26.616747 POST /session/a880ccf9-282d-4356-b5e5-3a1a9f8c44ac/element [4.284697ms] ERR:404 body={"strategy":"-android uiautomator","selector":"new UiSelector().descriptionMatches(\"(?is).*\\QWelco...
05:37:26.621100 POST /session/a880ccf9-282d-4356-b5e5-3a1a9f8c44ac/element [4.273677ms] ERR:404 body={"strategy":"-android uiautomator","selector":"new UiSelector().textContains(\"Welcome to\")"}
05:37:26.625637 POST /session/a880ccf9-282d-4356-b5e5-3a1a9f8c44ac/element [4.455636ms] ERR:404 body={"strategy":"-android uiautomator","selector":"new UiSelector().descriptionContains(\"Welcome to\")"...
05:37:26.630159 POST /session/a880ccf9-282d-4356-b5e5-3a1a9f8c44ac/element [4.44157ms] ERR:404 body={"strategy":"-android uiautomator","selector":"new UiSelector().textMatches(\"(?is).*\\QWelcome to\\...
05:37:26.636443 POST /session/a880ccf9-282d-4356-b5e5-3a1a9f8c44ac/element [6.185415ms] ERR:404 body={"strategy":"-android uiautomator","selector":"new UiSelector().descriptionMatches(\"(?is).*\\QWelco...
05:37:26.641983 POST /session/a880ccf9-282d-4356-b5e5-3a1a9f8c44ac/element [5.461173ms] ERR:404 body={"strategy":"-android uiautomator","selector":"new UiSelector().textContains(\"Welcome to\")"}
05:37:26.647431 POST /session/a880ccf9-282d-4356-b5e5-3a1a9f8c44ac/element [5.352312ms] ERR:404 body={"strategy":"-android uiautomator","selector":"new UiSelector().descriptionContains(\"Welcome to\")"...
05:37:26.653097 POST /session/a880ccf9-282d-4356-b5e5-3a1a9f8c44ac/element [5.590473ms] ERR:404 body={"strategy":"-android uiautomator","selector":"new UiSelector().textMatches(\"(?is).*\\QWelcome to\\...
05:37:26.658540 POST /session/a880ccf9-282d-4356-b5e5-3a1a9f8c44ac/element [5.370484ms] ERR:404 body={"strategy":"-android uiautomator","selector":"new UiSelector().descriptionMatches(\"(?is).*\\QWelco...
05:37:26.663991 POST /session/a880ccf9-282d-4356-b5e5-3a1a9f8c44ac/element [5.37353ms] ERR:404 body={"strategy":"-android uiautomator","selector":"new UiSelector().textContains(\"Welcome to\")"}
05:37:26.669747 POST /session/a880ccf9-282d-4356-b5e5-3a1a9f8c44ac/element [5.683218ms] ERR:404 body={"strategy":"-android uiautomator","selector":"new UiSelector().descriptionContains(\"Welcome to\")"...
05:37:26.675264 POST /session/a880ccf9-282d-4356-b5e5-3a1a9f8c44ac/element [5.445625ms] ERR:404 body={"strategy":"-android uiautomator","selector":"new UiSelector().textMatches(\"(?is).*\\QWelcome to\\...
05:37:26.680504 POST /session/a880ccf9-282d-4356-b5e5-3a1a9f8c44ac/element [5.147989ms] ERR:404 body={"strategy":"-android uiautomator","selector":"new UiSelector().descriptionMatches(\"(?is).*\\QWelco...
05:37:26.685183 POST /session/a880ccf9-282d-4356-b5e5-3a1a9f8c44ac/element [4.59143ms] ERR:404 body={"strategy":"-android uiautomator","selector":"new UiSelector().textContains(\"Welcome to\")"}
05:37:26.689589 POST /session/a880ccf9-282d-4356-b5e5-3a1a9f8c44ac/element [4.304645ms] ERR:404 body={"strategy":"-android uiautomator","selector":"new UiSelector().descriptionContains(\"Welcome to\")"...
05:37:26.693907 POST /session/a880ccf9-282d-4356-b5e5-3a1a9f8c44ac/element [4.237099ms] ERR:404 body={"strategy":"-android uiautomator","selector":"new UiSelector().textMatches(\"(?is).*\\QWelcome to\\...
05:37:26.698311 POST /session/a880ccf9-282d-4356-b5e5-3a1a9f8c44ac/element [4.319913ms] ERR:404 body={"strategy":"-android uiautomator","selector":"new UiSelector().descriptionMatches(\"(?is).*\\QWelco...
05:37:26.702828 POST /session/a880ccf9-282d-4356-b5e5-3a1a9f8c44ac/element [4.423297ms] ERR:404 body={"strategy":"-android uiautomator","selector":"new UiSelector().textContains(\"Welcome to\")"}
05:37:26.707269 POST /session/a880ccf9-282d-4356-b5e5-3a1a9f8c44ac/element [4.364166ms] ERR:404 body={"strategy":"-android uiautomator","selector":"new UiSelector().descriptionContains(\"Welcome to\")"...
05:37:26.711766 POST /session/a880ccf9-282d-4356-b5e5-3a1a9f8c44ac/element [4.415331ms] ERR:404 body={"strategy":"-android uiautomator","selector":"new UiSelector().textMatches(\"(?is).*\\QWelcome to\\...
05:37:26.716250 POST /session/a880ccf9-282d-4356-b5e5-3a1a9f8c44ac/element [4.401215ms] ERR:404 body={"strategy":"-android uiautomator","selector":"new UiSelector().descriptionMatches(\"(?is).*\\QWelco...
05:37:26.720622 POST /session/a880ccf9-282d-4356-b5e5-3a1a9f8c44ac/element [4.293764ms] ERR:404 body={"strategy":"-android uiautomator","selector":"new UiSelector().textContains(\"Welcome to\")"}
05:37:26.726079 POST /session/a880ccf9-282d-4356-b5e5-3a1a9f8c44ac/element [5.35229ms] ERR:404 body={"strategy":"-android uiautomator","selector":"new UiSelector().descriptionContains(\"Welcome to\")"...
05:37:26.731210 POST /session/a880ccf9-282d-4356-b5e5-3a1a9f8c44ac/element [5.047643ms] ERR:404 body={"strategy":"-android uiautomator","selector":"new UiSelector().textMatches(\"(?is).*\\QWelcome to\\...
05:37:26.736225 POST /session/a880ccf9-282d-4356-b5e5-3a1a9f8c44ac/element [4.908822ms] ERR:404 body={"strategy":"-android uiautomator","selector":"new UiSelector().descriptionMatches(\"(?is).*\\QWelco...
05:37:26.740768 POST /session/a880ccf9-282d-4356-b5e5-3a1a9f8c44ac/element [4.434517ms] ERR:404 body={"strategy":"-android uiautomator","selector":"new UiSelector().textContains(\"Welcome to\")"}
05:37:26.745271 POST /session/a880ccf9-282d-4356-b5e5-3a1a9f8c44ac/element [4.424037ms] ERR:404 body={"strategy":"-android uiautomator","selector":"new UiSelector().descriptionContains(\"Welcome to\")"...
05:37:26.749521 POST /session/a880ccf9-282d-4356-b5e5-3a1a9f8c44ac/element [4.166447ms] ERR:404 body={"strategy":"-android uiautomator","selector":"new UiSelector().textMatches(\"(?is).*\\QWelcome to\\...
05:37:26.754352 POST /session/a880ccf9-282d-4356-b5e5-3a1a9f8c44ac/element [4.748392ms] ERR:404 body={"strategy":"-android uiautomator","selector":"new UiSelector().descriptionMatches(\"(?is).*\\QWelco...
05:37:26.759023 POST /session/a880ccf9-282d-4356-b5e5-3a1a9f8c44ac/element [4.584998ms] ERR:404 body={"strategy":"-android uiautomator","selector":"new UiSelector().textContains(\"Welcome to\")"}
05:37:26.763539 POST /session/a880ccf9-282d-4356-b5e5-3a1a9f8c44ac/element [4.446459ms] ERR:404 body={"strategy":"-android uiautomator","selector":"new UiSelector().descriptionContains(\"Welcome to\")"...
05:37:26.767877 POST /session/a880ccf9-282d-4356-b5e5-3a1a9f8c44ac/element [4.255863ms] ERR:404 body={"strategy":"-android uiautomator","selector":"new UiSelector().textMatches(\"(?is).*\\QWelcome to\\...
05:37:26.772310 POST /session/a880ccf9-282d-4356-b5e5-3a1a9f8c44ac/element [4.354839ms] ERR:404 body={"strategy":"-android uiautomator","selector":"new UiSelector().descriptionMatches(\"(?is).*\\QWelco...
05:37:26.776542 POST /session/a880ccf9-282d-4356-b5e5-3a1a9f8c44ac/element [4.159514ms] ERR:404 body={"strategy":"-android uiautomator","selector":"new UiSelector().textContains(\"Welcome to\")"}
05:37:26.780758 POST /session/a880ccf9-282d-4356-b5e5-3a1a9f8c44ac/element [4.144596ms] ERR:404 body={"strategy":"-android uiautomator","selector":"new UiSelector().descriptionContains(\"Welcome to\")"...
05:37:26.784916 POST /session/a880ccf9-282d-4356-b5e5-3a1a9f8c44ac/element [4.099342ms] ERR:404 body={"strategy":"-android uiautomator","selector":"new UiSelector().textMatches(\"(?is).*\\QWelcome to\\...
05:37:26.789300 POST /session/a880ccf9-282d-4356-b5e5-3a1a9f8c44ac/element [4.304494ms] ERR:404 body={"strategy":"-android uiautomator","selector":"new UiSelector().descriptionMatches(\"(?is).*\\QWelco...
05:37:26.793542 POST /session/a880ccf9-282d-4356-b5e5-3a1a9f8c44ac/element [4.165965ms] ERR:404 body={"strategy":"-android uiautomator","selector":"new UiSelector().textContains(\"Welcome to\")"}
05:37:26.797861 POST /session/a880ccf9-282d-4356-b5e5-3a1a9f8c44ac/element [4.241427ms] ERR:404 body={"strategy":"-android uiautomator","selector":"new UiSelector().descriptionContains(\"Welcome to\")"...
05:37:26.803242 POST /session/a880ccf9-282d-4356-b5e5-3a1a9f8c44ac/element [5.28273ms] ERR:404 body={"strategy":"-android uiautomator","selector":"new UiSelector().textMatches(\"(?is).*\\QWelcome to\\...
05:37:26.807574 POST /session/a880ccf9-282d-4356-b5e5-3a1a9f8c44ac/element [4.2163ms] ERR:404 body={"strategy":"-android uiautomator","selector":"new UiSelector().descriptionMatches(\"(?is).*\\QWelco...
05:37:26.812883 POST /session/a880ccf9-282d-4356-b5e5-3a1a9f8c44ac/element [5.219563ms] ERR:404 body={"strategy":"-android uiautomator","selector":"new UiSelector().textContains(\"Welcome to\")"}
05:37:26.817105 POST /session/a880ccf9-282d-4356-b5e5-3a1a9f8c44ac/element [4.136612ms] ERR:404 body={"strategy":"-android uiautomator","selector":"new UiSelector().descriptionContains(\"Welcome to\")"...
05:37:26.821555 POST /session/a880ccf9-282d-4356-b5e5-3a1a9f8c44ac/element [4.363855ms] ERR:404 body={"strategy":"-android uiautomator","selector":"new UiSelector().textMatches(\"(?is).*\\QWelcome to\\...
05:37:26.826015 POST /session/a880ccf9-282d-4356-b5e5-3a1a9f8c44ac/element [4.403109ms] ERR:404 body={"strategy":"-android uiautomator","selector":"new UiSelector().descriptionMatches(\"(?is).*\\QWelco...
05:37:26.830324 POST /session/a880ccf9-282d-4356-b5e5-3a1a9f8c44ac/element [4.227141ms] ERR:404 body={"strategy":"-android uiautomator","selector":"new UiSelector().textContains(\"Welcome to\")"}
05:37:26.834893 POST /session/a880ccf9-282d-4356-b5e5-3a1a9f8c44ac/element [4.489129ms] ERR:404 body={"strategy":"-android uiautomator","selector":"new UiSelector().descriptionContains(\"Welcome to\")"...
05:37:26.839216 POST /session/a880ccf9-282d-4356-b5e5-3a1a9f8c44ac/element [4.245213ms] ERR:404 body={"strategy":"-android uiautomator","selector":"new UiSelector().textMatches(\"(?is).*\\QWelcome to\\...
05:37:26.843735 POST /session/a880ccf9-282d-4356-b5e5-3a1a9f8c44ac/element [4.407217ms] ERR:404 body={"strategy":"-android uiautomator","selector":"new UiSelector().descriptionMatches(\"(?is).*\\QWelco...
05:37:26.848080 POST /session/a880ccf9-282d-4356-b5e5-3a1a9f8c44ac/element [4.269559ms] ERR:404 body={"strategy":"-android uiautomator","selector":"new UiSelector().textContains(\"Welcome to\")"}
05:37:26.852473 POST /session/a880ccf9-282d-4356-b5e5-3a1a9f8c44ac/element [4.314052ms] ERR:404 body={"strategy":"-android uiautomator","selector":"new UiSelector().descriptionContains(\"Welcome to\")"...
05:37:26.856902 POST /session/a880ccf9-282d-4356-b5e5-3a1a9f8c44ac/element [4.329411ms] ERR:404 body={"strategy":"-android uiautomator","selector":"new UiSelector().textMatches(\"(?is).*\\QWelcome to\\...
05:37:26.862506 POST /session/a880ccf9-282d-4356-b5e5-3a1a9f8c44ac/element [5.500236ms] ERR:404 body={"strategy":"-android uiautomator","selector":"new UiSelector().descriptionMatches(\"(?is).*\\QWelco...
05:37:26.867394 POST /session/a880ccf9-282d-4356-b5e5-3a1a9f8c44ac/element [4.792816ms] ERR:404 body={"strategy":"-android uiautomator","selector":"new UiSelector().textContains(\"Welcome to\")"}
05:37:26.872810 POST /session/a880ccf9-282d-4356-b5e5-3a1a9f8c44ac/element [5.31474ms] ERR:404 body={"strategy":"-android uiautomator","selector":"new UiSelector().descriptionContains(\"Welcome to\")"...
05:37:26.877042 POST /session/a880ccf9-282d-4356-b5e5-3a1a9f8c44ac/element [4.154224ms] ERR:404 body={"strategy":"-android uiautomator","selector":"new UiSelector().textMatches(\"(?is).*\\QWelcome to\\...
05:37:26.881308 POST /session/a880ccf9-282d-4356-b5e5-3a1a9f8c44ac/element [4.195892ms] ERR:404 body={"strategy":"-android uiautomator","selector":"new UiSelector().descriptionMatches(\"(?is).*\\QWelco...
05:37:26.885290 POST /session/a880ccf9-282d-4356-b5e5-3a1a9f8c44ac/element [3.90901ms] ERR:404 body={"strategy":"-android uiautomator","selector":"new UiSelector().textContains(\"Welcome to\")"}
05:37:26.889844 POST /session/a880ccf9-282d-4356-b5e5-3a1a9f8c44ac/element [4.475189ms] ERR:404 body={"strategy":"-android uiautomator","selector":"new UiSelector().descriptionContains(\"Welcome to\")"...
05:37:26.894232 POST /session/a880ccf9-282d-4356-b5e5-3a1a9f8c44ac/element [4.311918ms] ERR:404 body={"strategy":"-android uiautomator","selector":"new UiSelector().textMatches(\"(?is).*\\QWelcome to\\...
05:37:26.898616 POST /session/a880ccf9-282d-4356-b5e5-3a1a9f8c44ac/element [4.277734ms] ERR:404 body={"strategy":"-android uiautomator","selector":"new UiSelector().descriptionMatches(\"(?is).*\\QWelco...
05:37:26.903686 POST /session/a880ccf9-282d-4356-b5e5-3a1a9f8c44ac/element [4.984804ms] ERR:404 body={"strategy":"-android uiautomator","selector":"new UiSelector().textContains(\"Welcome to\")"}
05:37:26.907831 POST /session/a880ccf9-282d-4356-b5e5-3a1a9f8c44ac/element [4.07167ms] ERR:404 body={"strategy":"-android uiautomator","selector":"new UiSelector().descriptionContains(\"Welcome to\")"...
05:37:26.912200 POST /session/a880ccf9-282d-4356-b5e5-3a1a9f8c44ac/element [4.288765ms] ERR:404 body={"strategy":"-android uiautomator","selector":"new UiSelector().textMatches(\"(?is).*\\QWelcome to\\...
05:37:26.916172 POST /session/a880ccf9-282d-4356-b5e5-3a1a9f8c44ac/element [3.859354ms] ERR:404 body={"strategy":"-android uiautomator","selector":"new UiSelector().descriptionMatches(\"(?is).*\\QWelco...
05:37:26.920232 POST /session/a880ccf9-282d-4356-b5e5-3a1a9f8c44ac/element [3.95974ms] ERR:404 body={"strategy":"-android uiautomator","selector":"new UiSelector().textContains(\"Welcome to\")"}
05:37:26.925471 POST /session/a880ccf9-282d-4356-b5e5-3a1a9f8c44ac/element [5.161346ms] ERR:404 body={"strategy":"-android uiautomator","selector":"new UiSelector().descriptionContains(\"Welcome to\")"...
05:37:26.930389 POST /session/a880ccf9-282d-4356-b5e5-3a1a9f8c44ac/element [4.823577ms] ERR:404 body={"strategy":"-android uiautomator","selector":"new UiSelector().textMatches(\"(?is).*\\QWelcome to\\...
05:37:26.936103 POST /session/a880ccf9-282d-4356-b5e5-3a1a9f8c44ac/element [5.626588ms] ERR:404 body={"strategy":"-android uiautomator","selector":"new UiSelector().descriptionMatches(\"(?is).*\\QWelco...
05:37:26.941385 POST /session/a880ccf9-282d-4356-b5e5-3a1a9f8c44ac/element [5.199134ms] ERR:404 body={"strategy":"-android uiautomator","selector":"new UiSelector().textContains(\"Welcome to\")"}
05:37:26.946751 POST /session/a880ccf9-282d-4356-b5e5-3a1a9f8c44ac/element [5.281749ms] ERR:404 body={"strategy":"-android uiautomator","selector":"new UiSelector().descriptionContains(\"Welcome to\")"...
05:37:26.952513 POST /session/a880ccf9-282d-4356-b5e5-3a1a9f8c44ac/element [5.675273ms] ERR:404 body={"strategy":"-android uiautomator","selector":"new UiSelector().textMatches(\"(?is).*\\QWelcome to\\...
05:37:26.958198 POST /session/a880ccf9-282d-4356-b5e5-3a1a9f8c44ac/element [5.595323ms] ERR:404 body={"strategy":"-android uiautomator","selector":"new UiSelector().descriptionMatches(\"(?is).*\\QWelco...
05:37:26.963858 POST /session/a880ccf9-282d-4356-b5e5-3a1a9f8c44ac/element [5.543425ms] ERR:404 body={"strategy":"-android uiautomator","selector":"new UiSelector().textContains(\"Welcome to\")"}
05:37:26.969891 POST /session/a880ccf9-282d-4356-b5e5-3a1a9f8c44ac/element [5.931222ms] ERR:404 body={"strategy":"-android uiautomator","selector":"new UiSelector().descriptionContains(\"Welcome to\")"...
05:37:26.974583 POST /session/a880ccf9-282d-4356-b5e5-3a1a9f8c44ac/element [4.567154ms] ERR:404 body={"strategy":"-android uiautomator","selector":"new UiSelector().textMatches(\"(?is).*\\QWelcome to\\...
05:37:26.979018 POST /session/a880ccf9-282d-4356-b5e5-3a1a9f8c44ac/element [4.341434ms] ERR:404 body={"strategy":"-android uiautomator","selector":"new UiSelector().descriptionMatches(\"(?is).*\\QWelco...
05:37:26.984393 POST /session/a880ccf9-282d-4356-b5e5-3a1a9f8c44ac/element [5.298981ms] ERR:404 body={"strategy":"-android uiautomator","selector":"new UiSelector().textContains(\"Welcome to\")"}
05:37:26.990351 POST /session/a880ccf9-282d-4356-b5e5-3a1a9f8c44ac/element [5.867091ms] ERR:404 body={"strategy":"-android uiautomator","selector":"new UiSelector().descriptionContains(\"Welcome to\")"...
05:37:26.996467 POST /session/a880ccf9-282d-4356-b5e5-3a1a9f8c44ac/element [5.999338ms] ERR:404 body={"strategy":"-android uiautomator","selector":"new UiSelector().textMatches(\"(?is).*\\QWelcome to\\...
05:37:27.001104 POST /session/a880ccf9-282d-4356-b5e5-3a1a9f8c44ac/element [4.548481ms] ERR:404 body={"strategy":"-android uiautomator","selector":"new UiSelector().descriptionMatches(\"(?is).*\\QWelco...
05:37:27.005781 POST /session/a880ccf9-282d-4356-b5e5-3a1a9f8c44ac/element [4.575865ms] ERR:404 body={"strategy":"-android uiautomator","selector":"new UiSelector().textContains(\"Welcome to\")"}
05:37:27.010373 POST /session/a880ccf9-282d-4356-b5e5-3a1a9f8c44ac/element [4.472738ms] ERR:404 body={"strategy":"-android uiautomator","selector":"new UiSelector().descriptionContains(\"Welcome to\")"...
05:37:27.015664 POST /session/a880ccf9-282d-4356-b5e5-3a1a9f8c44ac/element [5.163654ms] ERR:404 body={"strategy":"-android uiautomator","selector":"new UiSelector().textMatches(\"(?is).*\\QWelcome to\\...
05:37:27.021244 POST /session/a880ccf9-282d-4356-b5e5-3a1a9f8c44ac/element [5.479207ms] ERR:404 body={"strategy":"-android uiautomator","selector":"new UiSelector().descriptionMatches(\"(?is).*\\QWelco...
05:37:27.026347 POST /session/a880ccf9-282d-4356-b5e5-3a1a9f8c44ac/element [4.957122ms] ERR:404 body={"strategy":"-android uiautomator","selector":"new UiSelector().textContains(\"Welcome to\")"}
05:37:27.032005 POST /session/a880ccf9-282d-4356-b5e5-3a1a9f8c44ac/element [5.560458ms] ERR:404 body={"strategy":"-android uiautomator","selector":"new UiSelector().descriptionContains(\"Welcome to\")"...
05:37:27.036682 POST /session/a880ccf9-282d-4356-b5e5-3a1a9f8c44ac/element [4.576822ms] ERR:404 body={"strategy":"-android uiautomator","selector":"new UiSelector().textMatches(\"(?is).*\\QWelcome to\\...
05:37:27.041102 POST /session/a880ccf9-282d-4356-b5e5-3a1a9f8c44ac/element [4.335542ms] ERR:404 body={"strategy":"-android uiautomator","selector":"new UiSelector().descriptionMatches(\"(?is).*\\QWelco...
05:37:27.045722 POST /session/a880ccf9-282d-4356-b5e5-3a1a9f8c44ac/element [4.535225ms] ERR:404 body={"strategy":"-android uiautomator","selector":"new UiSelector().textContains(\"Welcome to\")"}
05:37:27.050548 POST /session/a880ccf9-282d-4356-b5e5-3a1a9f8c44ac/element [4.763101ms] ERR:404 body={"strategy":"-android uiautomator","selector":"new UiSelector().descriptionContains(\"Welcome to\")"...
05:37:27.055037 POST /session/a880ccf9-282d-4356-b5e5-3a1a9f8c44ac/element [4.423766ms] ERR:404 body={"strategy":"-android uiautomator","selector":"new UiSelector().textMatches(\"(?is).*\\QWelcome to\\...
05:37:27.059965 POST /session/a880ccf9-282d-4356-b5e5-3a1a9f8c44ac/element [4.839278ms] ERR:404 body={"strategy":"-android uiautomator","selector":"new UiSelector().descriptionMatches(\"(?is).*\\QWelco...
05:37:27.064672 POST /session/a880ccf9-282d-4356-b5e5-3a1a9f8c44ac/element [4.575515ms] ERR:404 body={"strategy":"-android uiautomator","selector":"new UiSelector().textContains(\"Welcome to\")"}
05:37:27.069215 POST /session/a880ccf9-282d-4356-b5e5-3a1a9f8c44ac/element [4.433525ms] ERR:404 body={"strategy":"-android uiautomator","selector":"new UiSelector().descriptionContains(\"Welcome to\")"...
05:37:27.073783 POST /session/a880ccf9-282d-4356-b5e5-3a1a9f8c44ac/element [4.456908ms] ERR:404 body={"strategy":"-android uiautomator","selector":"new UiSelector().textMatches(\"(?is).*\\QWelcome to\\...
05:37:27.078272 POST /session/a880ccf9-282d-4356-b5e5-3a1a9f8c44ac/element [4.39861ms] ERR:404 body={"strategy":"-android uiautomator","selector":"new UiSelector().descriptionMatches(\"(?is).*\\QWelco...
05:37:27.083058 POST /session/a880ccf9-282d-4356-b5e5-3a1a9f8c44ac/element [4.692411ms] ERR:404 body={"strategy":"-android uiautomator","selector":"new UiSelector().textContains(\"Welcome to\")"}
05:37:27.087419 POST /session/a880ccf9-282d-4356-b5e5-3a1a9f8c44ac/element [4.26465ms] ERR:404 body={"strategy":"-android uiautomator","selector":"new UiSelector().descriptionContains(\"Welcome to\")"...
05:37:27.093076 POST /session/a880ccf9-282d-4356-b5e5-3a1a9f8c44ac/element [5.567101ms] ERR:404 body={"strategy":"-android uiautomator","selector":"new UiSelector().textMatches(\"(?is).*\\QWelcome to\\...
05:37:27.098558 POST /session/a880ccf9-282d-4356-b5e5-3a1a9f8c44ac/element [5.413053ms] ERR:404 body={"strategy":"-android uiautomator","selector":"new UiSelector().descriptionMatches(\"(?is).*\\QWelco...
05:37:27.104016 POST /session/a880ccf9-282d-4356-b5e5-3a1a9f8c44ac/element [5.367768ms] ERR:404 body={"strategy":"-android uiautomator","selector":"new UiSelector().textContains(\"Welcome to\")"}
05:37:27.109622 POST /session/a880ccf9-282d-4356-b5e5-3a1a9f8c44ac/element [5.508231ms] ERR:404 body={"strategy":"-android uiautomator","selector":"new UiSelector().descriptionContains(\"Welcome to\")"...
05:37:27.115014 POST /session/a880ccf9-282d-4356-b5e5-3a1a9f8c44ac/element [5.316895ms] ERR:404 body={"strategy":"-android uiautomator","selector":"new UiSelector().textMatches(\"(?is).*\\QWelcome to\\...
05:37:27.120638 POST /session/a880ccf9-282d-4356-b5e5-3a1a9f8c44ac/element [5.538368ms] ERR:404 body={"strategy":"-android uiautomator","selector":"new UiSelector().descriptionMatches(\"(?is).*\\QWelco...
05:37:27.126530 POST /session/a880ccf9-282d-4356-b5e5-3a1a9f8c44ac/element [5.810055ms] ERR:404 body={"strategy":"-android uiautomator","selector":"new UiSelector().textContains(\"Welcome to\")"}
05:37:27.132410 POST /session/a880ccf9-282d-4356-b5e5-3a1a9f8c44ac/element [5.795919ms] ERR:404 body={"strategy":"-android uiautomator","selector":"new UiSelector().descriptionContains(\"Welcome to\")"...
05:37:27.138652 POST /session/a880ccf9-282d-4356-b5e5-3a1a9f8c44ac/element [6.025919ms] ERR:404 body={"strategy":"-android uiautomator","selector":"new UiSelector().textMatches(\"(?is).*\\QWelcome to\\...
05:37:27.144636 POST /session/a880ccf9-282d-4356-b5e5-3a1a9f8c44ac/element [5.879101ms] ERR:404 body={"strategy":"-android uiautomator","selector":"new UiSelector().descriptionMatches(\"(?is).*\\QWelco...
05:37:27.150258 POST /session/a880ccf9-282d-4356-b5e5-3a1a9f8c44ac/element [5.527127ms] ERR:404 body={"strategy":"-android uiautomator","selector":"new UiSelector().textContains(\"Welcome to\")"}
05:37:27.155622 POST /session/a880ccf9-282d-4356-b5e5-3a1a9f8c44ac/element [5.282104ms] ERR:404 body={"strategy":"-android uiautomator","selector":"new UiSelector().descriptionContains(\"Welcome to\")"...
05:37:27.160240 POST /session/a880ccf9-282d-4356-b5e5-3a1a9f8c44ac/element [4.526325ms] ERR:404 body={"strategy":"-android uiautomator","selector":"new UiSelector().textMatches(\"(?is).*\\QWelcome to\\...
05:37:27.164602 POST /session/a880ccf9-282d-4356-b5e5-3a1a9f8c44ac/element [4.26469ms] ERR:404 body={"strategy":"-android uiautomator","selector":"new UiSelector().descriptionMatches(\"(?is).*\\QWelco...
05:37:27.169063 POST /session/a880ccf9-282d-4356-b5e5-3a1a9f8c44ac/element [4.374683ms] ERR:404 body={"strategy":"-android uiautomator","selector":"new UiSelector().textContains(\"Welcome to\")"}
05:37:27.174798 POST /session/a880ccf9-282d-4356-b5e5-3a1a9f8c44ac/element [5.629217ms] ERR:404 body={"strategy":"-android uiautomator","selector":"new UiSelector().descriptionContains(\"Welcome to\")"...
05:37:27.181549 POST /session/a880ccf9-282d-4356-b5e5-3a1a9f8c44ac/element [6.6699ms] ERR:404 body={"strategy":"-android uiautomator","selector":"new UiSelector().textMatches(\"(?is).*\\QWelcome to\\...
05:37:27.188043 POST /session/a880ccf9-282d-4356-b5e5-3a1a9f8c44ac/element [6.38237ms] ERR:404 body={"strategy":"-android uiautomator","selector":"new UiSelector().descriptionMatches(\"(?is).*\\QWelco...
05:37:27.193503 POST /session/a880ccf9-282d-4356-b5e5-3a1a9f8c44ac/element [5.343744ms] ERR:404 body={"strategy":"-android uiautomator","selector":"new UiSelector().textContains(\"Welcome to\")"}
05:37:27.198765 POST /session/a880ccf9-282d-4356-b5e5-3a1a9f8c44ac/element [5.149972ms] ERR:404 body={"strategy":"-android uiautomator","selector":"new UiSelector().descriptionContains(\"Welcome to\")"...
05:37:27.203645 POST /session/a880ccf9-282d-4356-b5e5-3a1a9f8c44ac/element [4.747952ms] ERR:404 body={"strategy":"-android uiautomator","selector":"new UiSelector().textMatches(\"(?is).*\\QWelcome to\\...
05:37:27.208306 POST /session/a880ccf9-282d-4356-b5e5-3a1a9f8c44ac/element [4.567165ms] ERR:404 body={"strategy":"-android uiautomator","selector":"new UiSelector().descriptionMatches(\"(?is).*\\QWelco...
05:37:27.212915 POST /session/a880ccf9-282d-4356-b5e5-3a1a9f8c44ac/element [4.515799ms] ERR:404 body={"strategy":"-android uiautomator","selector":"new UiSelector().textContains(\"Welcome to\")"}
05:37:27.217314 POST /session/a880ccf9-282d-4356-b5e5-3a1a9f8c44ac/element [4.312449ms] ERR:404 body={"strategy":"-android uiautomator","selector":"new UiSelector().descriptionContains(\"Welcome to\")"...
05:37:27.221865 POST /session/a880ccf9-282d-4356-b5e5-3a1a9f8c44ac/element [4.467038ms] ERR:404 body={"strategy":"-android uiautomator","selector":"new UiSelector().textMatches(\"(?is).*\\QWelcome to\\...
05:37:27.226665 POST /session/a880ccf9-282d-4356-b5e5-3a1a9f8c44ac/element [4.708278ms] ERR:404 body={"strategy":"-android uiautomator","selector":"new UiSelector().descriptionMatches(\"(?is).*\\QWelco...
05:37:27.231148 POST /session/a880ccf9-282d-4356-b5e5-3a1a9f8c44ac/element [4.392481ms] ERR:404 body={"strategy":"-android uiautomator","selector":"new UiSelector().textContains(\"Welcome to\")"}
05:37:27.235745 POST /session/a880ccf9-282d-4356-b5e5-3a1a9f8c44ac/element [4.493725ms] ERR:404 body={"strategy":"-android uiautomator","selector":"new UiSelector().descriptionContains(\"Welcome to\")"...
05:37:27.240177 POST /session/a880ccf9-282d-4356-b5e5-3a1a9f8c44ac/element [4.323599ms] ERR:404 body={"strategy":"-android uiautomator","selector":"new UiSelector().textMatches(\"(?is).*\\QWelcome to\\...
05:37:27.244809 POST /session/a880ccf9-282d-4356-b5e5-3a1a9f8c44ac/element [4.508345ms] ERR:404 body={"strategy":"-android uiautomator","selector":"new UiSelector().descriptionMatches(\"(?is).*\\QWelco...
05:37:27.249342 POST /session/a880ccf9-282d-4356-b5e5-3a1a9f8c44ac/element [4.427755ms] ERR:404 body={"strategy":"-android uiautomator","selector":"new UiSelector().textContains(\"Welcome to\")"}
05:37:27.253929 POST /session/a880ccf9-282d-4356-b5e5-3a1a9f8c44ac/element [4.485492ms] ERR:404 body={"strategy":"-android uiautomator","selector":"new UiSelector().descriptionContains(\"Welcome to\")"...
05:37:27.258395 POST /session/a880ccf9-282d-4356-b5e5-3a1a9f8c44ac/element [4.353446ms] ERR:404 body={"strategy":"-android uiautomator","selector":"new UiSelector().textMatches(\"(?is).*\\QWelcome to\\...
05:37:27.263260 POST /session/a880ccf9-282d-4356-b5e5-3a1a9f8c44ac/element [4.777217ms] ERR:404 body={"strategy":"-android uiautomator","selector":"new UiSelector().descriptionMatches(\"(?is).*\\QWelco...
05:37:27.267762 POST /session/a880ccf9-282d-4356-b5e5-3a1a9f8c44ac/element [4.400814ms] ERR:404 body={"strategy":"-android uiautomator","selector":"new UiSelector().textContains(\"Welcome to\")"}
05:37:27.272544 POST /session/a880ccf9-282d-4356-b5e5-3a1a9f8c44ac/element [4.638598ms] ERR:404 body={"strategy":"-android uiautomator","selector":"new UiSelector().descriptionContains(\"Welcome to\")"...
05:37:27.277280 POST /session/a880ccf9-282d-4356-b5e5-3a1a9f8c44ac/element [4.638488ms] ERR:404 body={"strategy":"-android uiautomator","selector":"new UiSelector().textMatches(\"(?is).*\\QWelcome to\\...
05:37:27.281849 POST /session/a880ccf9-282d-4356-b5e5-3a1a9f8c44ac/element [4.461878ms] ERR:404 body={"strategy":"-android uiautomator","selector":"new UiSelector().descriptionMatches(\"(?is).*\\QWelco...
05:37:27.286387 POST /session/a880ccf9-282d-4356-b5e5-3a1a9f8c44ac/element [4.443875ms] ERR:404 body={"strategy":"-android uiautomator","selector":"new UiSelector().textContains(\"Welcome to\")"}
05:37:27.291378 POST /session/a880ccf9-282d-4356-b5e5-3a1a9f8c44ac/element [4.849802ms] ERR:404 body={"strategy":"-android uiautomator","selector":"new UiSelector().descriptionContains(\"Welcome to\")"...
05:37:27.295948 POST /session/a880ccf9-282d-4356-b5e5-3a1a9f8c44ac/element [4.477257ms] ERR:404 body={"strategy":"-android uiautomator","selector":"new UiSelector().textMatches(\"(?is).*\\QWelcome to\\...
05:37:27.300646 POST /session/a880ccf9-282d-4356-b5e5-3a1a9f8c44ac/element [4.586792ms] ERR:404 body={"strategy":"-android uiautomator","selector":"new UiSelector().descriptionMatches(\"(?is).*\\QWelco...
05:37:27.305123 POST /session/a880ccf9-282d-4356-b5e5-3a1a9f8c44ac/element [4.372782ms] ERR:404 body={"strategy":"-android uiautomator","selector":"new UiSelector().textContains(\"Welcome to\")"}
05:37:27.309727 POST /session/a880ccf9-282d-4356-b5e5-3a1a9f8c44ac/element [4.4791ms] ERR:404 body={"strategy":"-android uiautomator","selector":"new UiSelector().descriptionContains(\"Welcome to\")"...
05:37:27.314457 POST /session/a880ccf9-282d-4356-b5e5-3a1a9f8c44ac/element [4.589806ms] ERR:404 body={"strategy":"-android uiautomator","selector":"new UiSelector().textMatches(\"(?is).*\\QWelcome to\\...
05:37:27.319241 POST /session/a880ccf9-282d-4356-b5e5-3a1a9f8c44ac/element [4.653025ms] ERR:404 body={"strategy":"-android uiautomator","selector":"new UiSelector().descriptionMatches(\"(?is).*\\QWelco...
05:37:27.323925 POST /session/a880ccf9-282d-4356-b5e5-3a1a9f8c44ac/element [4.555443ms] ERR:404 body={"strategy":"-android uiautomator","selector":"new UiSelector().textContains(\"Welcome to\")"}
05:37:27.328721 POST /session/a880ccf9-282d-4356-b5e5-3a1a9f8c44ac/element [4.701776ms] ERR:404 body={"strategy":"-android uiautomator","selector":"new UiSelector().descriptionContains(\"Welcome to\")"...
05:37:27.334368 POST /session/a880ccf9-282d-4356-b5e5-3a1a9f8c44ac/element [5.546903ms] ERR:404 body={"strategy":"-android uiautomator","selector":"new UiSelector().textMatches(\"(?is).*\\QWelcome to\\...
05:37:27.339455 POST /session/a880ccf9-282d-4356-b5e5-3a1a9f8c44ac/element [4.964286ms] ERR:404 body={"strategy":"-android uiautomator","selector":"new UiSelector().descriptionMatches(\"(?is).*\\QWelco...
05:37:27.345969 POST /session/a880ccf9-282d-4356-b5e5-3a1a9f8c44ac/element [6.409724ms] ERR:404 body={"strategy":"-android uiautomator","selector":"new UiSelector().textContains(\"Welcome to\")"}
05:37:27.351717 POST /session/a880ccf9-282d-4356-b5e5-3a1a9f8c44ac/element [5.652971ms] ERR:404 body={"strategy":"-android uiautomator","selector":"new UiSelector().descriptionContains(\"Welcome to\")"...
05:37:27.357117 POST /session/a880ccf9-282d-4356-b5e5-3a1a9f8c44ac/element [5.295714ms] ERR:404 body={"strategy":"-android uiautomator","selector":"new UiSelector().textMatches(\"(?is).*\\QWelcome to\\...
05:37:27.362983 POST /session/a880ccf9-282d-4356-b5e5-3a1a9f8c44ac/element [5.783766ms] ERR:404 body={"strategy":"-android uiautomator","selector":"new UiSelector().descriptionMatches(\"(?is).*\\QWelco...
05:37:27.368586 POST /session/a880ccf9-282d-4356-b5e5-3a1a9f8c44ac/element [5.509384ms] ERR:404 body={"strategy":"-android uiautomator","selector":"new UiSelector().textContains(\"Welcome to\")"}
05:37:27.373972 POST /session/a880ccf9-282d-4356-b5e5-3a1a9f8c44ac/element [5.262463ms] ERR:404 body={"strategy":"-android uiautomator","selector":"new UiSelector().descriptionContains(\"Welcome to\")"...
05:37:27.378463 POST /session/a880ccf9-282d-4356-b5e5-3a1a9f8c44ac/element [4.369782ms] ERR:404 body={"strategy":"-android uiautomator","selector":"new UiSelector().textMatches(\"(?is).*\\QWelcome to\\...
05:37:27.384010 POST /session/a880ccf9-282d-4356-b5e5-3a1a9f8c44ac/element [5.455022ms] ERR:404 body={"strategy":"-android uiautomator","selector":"new UiSelector().descriptionMatches(\"(?is).*\\QWelco...
05:37:27.389268 POST /session/a880ccf9-282d-4356-b5e5-3a1a9f8c44ac/element [5.171232ms] ERR:404 body={"strategy":"-android uiautomator","selector":"new UiSelector().textContains(\"Welcome to\")"}
05:37:27.394890 POST /session/a880ccf9-282d-4356-b5e5-3a1a9f8c44ac/element [5.53486ms] ERR:404 body={"strategy":"-android uiautomator","selector":"new UiSelector().descriptionContains(\"Welcome to\")"...
05:37:27.400233 POST /session/a880ccf9-282d-4356-b5e5-3a1a9f8c44ac/element [5.250069ms] ERR:404 body={"strategy":"-android uiautomator","selector":"new UiSelector().textMatches(\"(?is).*\\QWelcome to\\...
05:37:27.405465 POST /session/a880ccf9-282d-4356-b5e5-3a1a9f8c44ac/element [5.11607ms] ERR:404 body={"strategy":"-android uiautomator","selector":"new UiSelector().descriptionMatches(\"(?is).*\\QWelco...
05:37:27.410860 POST /session/a880ccf9-282d-4356-b5e5-3a1a9f8c44ac/element [5.278312ms] ERR:404 body={"strategy":"-android uiautomator","selector":"new UiSelector().textContains(\"Welcome to\")"}
05:37:27.416259 POST /session/a880ccf9-282d-4356-b5e5-3a1a9f8c44ac/element [5.299502ms] ERR:404 body={"strategy":"-android uiautomator","selector":"new UiSelector().descriptionContains(\"Welcome to\")"...
05:37:27.421689 POST /session/a880ccf9-282d-4356-b5e5-3a1a9f8c44ac/element [5.342031ms] ERR:404 body={"strategy":"-android uiautomator","selector":"new UiSelector().textMatches(\"(?is).*\\QWelcome to\\...
05:37:27.427286 POST /session/a880ccf9-282d-4356-b5e5-3a1a9f8c44ac/element [5.511948ms] ERR:404 body={"strategy":"-android uiautomator","selector":"new UiSelector().descriptionMatches(\"(?is).*\\QWelco...
05:37:27.432870 POST /session/a880ccf9-282d-4356-b5e5-3a1a9f8c44ac/element [5.487793ms] ERR:404 body={"strategy":"-android uiautomator","selector":"new UiSelector().textContains(\"Welcome to\")"}
05:37:27.438466 POST /session/a880ccf9-282d-4356-b5e5-3a1a9f8c44ac/element [5.490058ms] ERR:404 body={"strategy":"-android uiautomator","selector":"new UiSelector().descriptionContains(\"Welcome to\")"...
05:37:27.444152 POST /session/a880ccf9-282d-4356-b5e5-3a1a9f8c44ac/element [5.588812ms] ERR:404 body={"strategy":"-android uiautomator","selector":"new UiSelector().textMatches(\"(?is).*\\QWelcome to\\...
05:37:27.449815 POST /session/a880ccf9-282d-4356-b5e5-3a1a9f8c44ac/element [5.536424ms] ERR:404 body={"strategy":"-android uiautomator","selector":"new UiSelector().descriptionMatches(\"(?is).*\\QWelco...
05:37:27.455405 POST /session/a880ccf9-282d-4356-b5e5-3a1a9f8c44ac/element [5.494215ms] ERR:404 body={"strategy":"-android uiautomator","selector":"new UiSelector().textContains(\"Welcome to\")"}
05:37:27.461380 POST /session/a880ccf9-282d-4356-b5e5-3a1a9f8c44ac/element [5.890885ms] ERR:404 body={"strategy":"-android uiautomator","selector":"new UiSelector().descriptionContains(\"Welcome to\")"...
05:37:27.467103 POST /session/a880ccf9-282d-4356-b5e5-3a1a9f8c44ac/element [5.638946ms] ERR:404 body={"strategy":"-android uiautomator","selector":"new UiSelector().textMatches(\"(?is).*\\QWelcome to\\...
05:37:27.472812 POST /session/a880ccf9-282d-4356-b5e5-3a1a9f8c44ac/element [5.626412ms] ERR:404 body={"strategy":"-android uiautomator","selector":"new UiSelector().descriptionMatches(\"(?is).*\\QWelco...
05:37:27.478294 POST /session/a880ccf9-282d-4356-b5e5-3a1a9f8c44ac/element [5.401001ms] ERR:404 body={"strategy":"-android uiautomator","selector":"new UiSelector().textContains(\"Welcome to\")"}
05:37:27.484514 POST /session/a880ccf9-282d-4356-b5e5-3a1a9f8c44ac/element [5.809123ms] ERR:404 body={"strategy":"-android uiautomator","selector":"new UiSelector().descriptionContains(\"Welcome to\")"...
05:37:27.489954 POST /session/a880ccf9-282d-4356-b5e5-3a1a9f8c44ac/element [5.269269ms] ERR:404 body={"strategy":"-android uiautomator","selector":"new UiSelector().textMatches(\"(?is).*\\QWelcome to\\...
05:37:27.495630 POST /session/a880ccf9-282d-4356-b5e5-3a1a9f8c44ac/element [5.574044ms] ERR:404 body={"strategy":"-android uiautomator","selector":"new UiSelector().descriptionMatches(\"(?is).*\\QWelco...
05:37:27.501199 POST /session/a880ccf9-282d-4356-b5e5-3a1a9f8c44ac/element [5.456664ms] ERR:404 body={"strategy":"-android uiautomator","selector":"new UiSelector().textContains(\"Welcome to\")"}
05:37:27.507828 POST /session/a880ccf9-282d-4356-b5e5-3a1a9f8c44ac/element [6.512706ms] ERR:404 body={"strategy":"-android uiautomator","selector":"new UiSelector().descriptionContains(\"Welcome to\")"...
05:37:27.514239 POST /session/a880ccf9-282d-4356-b5e5-3a1a9f8c44ac/element [6.293277ms] ERR:404 body={"strategy":"-android uiautomator","selector":"new UiSelector().textMatches(\"(?is).*\\QWelcome to\\...
05:37:27.520460 POST /session/a880ccf9-282d-4356-b5e5-3a1a9f8c44ac/element [6.103913ms] ERR:404 body={"strategy":"-android uiautomator","selector":"new UiSelector().descriptionMatches(\"(?is).*\\QWelco...
05:37:27.526256 POST /session/a880ccf9-282d-4356-b5e5-3a1a9f8c44ac/element [5.706712ms] ERR:404 body={"strategy":"-android uiautomator","selector":"new UiSelector().textContains(\"Welcome to\")"}
05:37:27.530915 POST /session/a880ccf9-282d-4356-b5e5-3a1a9f8c44ac/element [4.540174ms] ERR:404 body={"strategy":"-android uiautomator","selector":"new UiSelector().descriptionContains(\"Welcome to\")"...
05:37:27.535732 POST /session/a880ccf9-282d-4356-b5e5-3a1a9f8c44ac/element [4.714951ms] ERR:404 body={"strategy":"-android uiautomator","selector":"new UiSelector().textMatches(\"(?is).*\\QWelcome to\\...
05:37:27.540393 POST /session/a880ccf9-282d-4356-b5e5-3a1a9f8c44ac/element [4.587714ms] ERR:404 body={"strategy":"-android uiautomator","selector":"new UiSelector().descriptionMatches(\"(?is).*\\QWelco...
05:37:27.544803 POST /session/a880ccf9-282d-4356-b5e5-3a1a9f8c44ac/element [4.318024ms] ERR:404 body={"strategy":"-android uiautomator","selector":"new UiSelector().textContains(\"Welcome to\")"}
05:37:27.549258 POST /session/a880ccf9-282d-4356-b5e5-3a1a9f8c44ac/element [4.378973ms] ERR:404 body={"strategy":"-android uiautomator","selector":"new UiSelector().descriptionContains(\"Welcome to\")"...
05:37:27.553700 POST /session/a880ccf9-282d-4356-b5e5-3a1a9f8c44ac/element [4.356681ms] ERR:404 body={"strategy":"-android uiautomator","selector":"new UiSelector().textMatches(\"(?is).*\\QWelcome to\\...
05:37:27.558149 POST /session/a880ccf9-282d-4356-b5e5-3a1a9f8c44ac/element [4.348967ms] ERR:404 body={"strategy":"-android uiautomator","selector":"new UiSelector().descriptionMatches(\"(?is).*\\QWelco...
05:37:27.562532 POST /session/a880ccf9-282d-4356-b5e5-3a1a9f8c44ac/element [4.27536ms] ERR:404 body={"strategy":"-android uiautomator","selector":"new UiSelector().textContains(\"Welcome to\")"}
05:37:27.567125 POST /session/a880ccf9-282d-4356-b5e5-3a1a9f8c44ac/element [4.495281ms] ERR:404 body={"strategy":"-android uiautomator","selector":"new UiSelector().descriptionContains(\"Welcome to\")"...
05:37:27.572139 POST /session/a880ccf9-282d-4356-b5e5-3a1a9f8c44ac/element [4.891418ms] ERR:404 body={"strategy":"-android uiautomator","selector":"new UiSelector().textMatches(\"(?is).*\\QWelcome to\\...
05:37:27.576681 POST /session/a880ccf9-282d-4356-b5e5-3a1a9f8c44ac/element [4.475445ms] ERR:404 body={"strategy":"-android uiautomator","selector":"new UiSelector().descriptionMatches(\"(?is).*\\QWelco...
05:37:27.581287 POST /session/a880ccf9-282d-4356-b5e5-3a1a9f8c44ac/element [4.507523ms] ERR:404 body={"strategy":"-android uiautomator","selector":"new UiSelector().textContains(\"Welcome to\")"}
05:37:27.585816 POST /session/a880ccf9-282d-4356-b5e5-3a1a9f8c44ac/element [4.395194ms] ERR:404 body={"strategy":"-android uiautomator","selector":"new UiSelector().descriptionContains(\"Welcome to\")"...
05:37:27.590374 POST /session/a880ccf9-282d-4356-b5e5-3a1a9f8c44ac/element [4.472965ms] ERR:404 body={"strategy":"-android uiautomator","selector":"new UiSelector().textMatches(\"(?is).*\\QWelcome to\\...
05:37:27.595171 POST /session/a880ccf9-282d-4356-b5e5-3a1a9f8c44ac/element [4.705217ms] ERR:404 body={"strategy":"-android uiautomator","selector":"new UiSelector().descriptionMatches(\"(?is).*\\QWelco...
05:37:27.599367 POST /session/a880ccf9-282d-4356-b5e5-3a1a9f8c44ac/element [4.107014ms] ERR:404 body={"strategy":"-android uiautomator","selector":"new UiSelector().textContains(\"Welcome to\")"}
05:37:27.603680 POST /session/a880ccf9-282d-4356-b5e5-3a1a9f8c44ac/element [4.257108ms] ERR:404 body={"strategy":"-android uiautomator","selector":"new UiSelector().descriptionContains(\"Welcome to\")"...
05:37:27.608065 POST /session/a880ccf9-282d-4356-b5e5-3a1a9f8c44ac/element [4.303763ms] ERR:404 body={"strategy":"-android uiautomator","selector":"new UiSelector().textMatches(\"(?is).*\\QWelcome to\\...
05:37:27.612703 POST /session/a880ccf9-282d-4356-b5e5-3a1a9f8c44ac/element [4.556745ms] ERR:404 body={"strategy":"-android uiautomator","selector":"new UiSelector().descriptionMatches(\"(?is).*\\QWelco...
05:37:27.616946 POST /session/a880ccf9-282d-4356-b5e5-3a1a9f8c44ac/element [4.156689ms] ERR:404 body={"strategy":"-android uiautomator","selector":"new UiSelector().textContains(\"Welcome to\")"}
05:37:27.621177 POST /session/a880ccf9-282d-4356-b5e5-3a1a9f8c44ac/element [4.147251ms] ERR:404 body={"strategy":"-android uiautomator","selector":"new UiSelector().descriptionContains(\"Welcome to\")"...
05:37:27.625364 POST /session/a880ccf9-282d-4356-b5e5-3a1a9f8c44ac/element [4.073122ms] ERR:404 body={"strategy":"-android uiautomator","selector":"new UiSelector().textMatches(\"(?is).*\\QWelcome to\\...
05:37:27.629738 POST /session/a880ccf9-282d-4356-b5e5-3a1a9f8c44ac/element [4.293163ms] ERR:404 body={"strategy":"-android uiautomator","selector":"new UiSelector().descriptionMatches(\"(?is).*\\QWelco...
05:37:27.634170 POST /session/a880ccf9-282d-4356-b5e5-3a1a9f8c44ac/element [4.352293ms] ERR:404 body={"strategy":"-android uiautomator","selector":"new UiSelector().textContains(\"Welcome to\")"}
05:37:27.638590 POST /session/a880ccf9-282d-4356-b5e5-3a1a9f8c44ac/element [4.308392ms] ERR:404 body={"strategy":"-android uiautomator","selector":"new UiSelector().descriptionContains(\"Welcome to\")"...
05:37:27.643043 POST /session/a880ccf9-282d-4356-b5e5-3a1a9f8c44ac/element [4.374285ms] ERR:404 body={"strategy":"-android uiautomator","selector":"new UiSelector().textMatches(\"(?is).*\\QWelcome to\\...
05:37:27.647197 POST /session/a880ccf9-282d-4356-b5e5-3a1a9f8c44ac/element [4.062703ms] ERR:404 body={"strategy":"-android uiautomator","selector":"new UiSelector().descriptionMatches(\"(?is).*\\QWelco...
05:37:27.651864 POST /session/a880ccf9-282d-4356-b5e5-3a1a9f8c44ac/element [4.554681ms] ERR:404 body={"strategy":"-android uiautomator","selector":"new UiSelector().textContains(\"Welcome to\")"}
05:37:27.657622 POST /session/a880ccf9-282d-4356-b5e5-3a1a9f8c44ac/element [5.658282ms] ERR:404 body={"strategy":"-android uiautomator","selector":"new UiSelector().descriptionContains(\"Welcome to\")"...
05:37:27.662677 POST /session/a880ccf9-282d-4356-b5e5-3a1a9f8c44ac/element [4.952855ms] ERR:404 body={"strategy":"-android uiautomator","selector":"new UiSelector().textMatches(\"(?is).*\\QWelcome to\\...
05:37:27.667639 POST /session/a880ccf9-282d-4356-b5e5-3a1a9f8c44ac/element [4.867786ms] ERR:404 body={"strategy":"-android uiautomator","selector":"new UiSelector().descriptionMatches(\"(?is).*\\QWelco...
05:37:27.671406 POST /session/a880ccf9-282d-4356-b5e5-3a1a9f8c44ac/element [3.666011ms] ERR:404 body={"strategy":"-android uiautomator","selector":"new UiSelector().textContains(\"Welcome to\")"}
05:37:27.674992 POST /session/a880ccf9-282d-4356-b5e5-3a1a9f8c44ac/element [3.517918ms] ERR:404 body={"strategy":"-android uiautomator","selector":"new UiSelector().descriptionContains(\"Welcome to\")"...
05:37:27.679139 POST /session/a880ccf9-282d-4356-b5e5-3a1a9f8c44ac/element [4.066038ms] ERR:404 body={"strategy":"-android uiautomator","selector":"new UiSelector().textMatches(\"(?is).*\\QWelcome to\\...
05:37:27.683453 POST /session/a880ccf9-282d-4356-b5e5-3a1a9f8c44ac/element [4.214278ms] ERR:404 body={"strategy":"-android uiautomator","selector":"new UiSelector().descriptionMatches(\"(?is).*\\QWelco...
05:37:27.686827 POST /session/a880ccf9-282d-4356-b5e5-3a1a9f8c44ac/element [3.300098ms] ERR:404 body={"strategy":"-android uiautomator","selector":"new UiSelector().textContains(\"Welcome to\")"}
05:37:27.690302 POST /session/a880ccf9-282d-4356-b5e5-3a1a9f8c44ac/element [3.395117ms] ERR:404 body={"strategy":"-android uiautomator","selector":"new UiSelector().descriptionContains(\"Welcome to\")"...
05:37:27.694009 POST /session/a880ccf9-282d-4356-b5e5-3a1a9f8c44ac/element [3.629375ms] ERR:404 body={"strategy":"-android uiautomator","selector":"new UiSelector().textMatches(\"(?is).*\\QWelcome to\\...
05:37:27.698332 POST /session/a880ccf9-282d-4356-b5e5-3a1a9f8c44ac/element [4.256515ms] ERR:404 body={"strategy":"-android uiautomator","selector":"new UiSelector().descriptionMatches(\"(?is).*\\QWelco...
05:37:27.702486 POST /session/a880ccf9-282d-4356-b5e5-3a1a9f8c44ac/element [4.082512ms] ERR:404 body={"strategy":"-android uiautomator","selector":"new UiSelector().textContains(\"Welcome to\")"}
05:37:27.706039 POST /session/a880ccf9-282d-4356-b5e5-3a1a9f8c44ac/element [3.472642ms] ERR:404 body={"strategy":"-android uiautomator","selector":"new UiSelector().descriptionContains(\"Welcome to\")"...
05:37:27.709931 POST /session/a880ccf9-282d-4356-b5e5-3a1a9f8c44ac/element [3.777139ms] ERR:404 body={"strategy":"-android uiautomator","selector":"new UiSelector().textMatches(\"(?is).*\\QWelcome to\\...
05:37:27.714434 POST /session/a880ccf9-282d-4356-b5e5-3a1a9f8c44ac/element [4.431523ms] ERR:404 body={"strategy":"-android uiautomator","selector":"new UiSelector().descriptionMatches(\"(?is).*\\QWelco...
05:37:27.717890 POST /session/a880ccf9-282d-4356-b5e5-3a1a9f8c44ac/element [3.385938ms] ERR:404 body={"strategy":"-android uiautomator","selector":"new UiSelector().textContains(\"Welcome to\")"}
05:37:27.721305 POST /session/a880ccf9-282d-4356-b5e5-3a1a9f8c44ac/element [3.322523ms] ERR:404 body={"strategy":"-android uiautomator","selector":"new UiSelector().descriptionContains(\"Welcome to\")"...
05:37:27.724993 POST /session/a880ccf9-282d-4356-b5e5-3a1a9f8c44ac/element [3.583709ms] ERR:404 body={"strategy":"-android uiautomator","selector":"new UiSelector().textMatches(\"(?is).*\\QWelcome to\\...
05:37:27.728527 POST /session/a880ccf9-282d-4356-b5e5-3a1a9f8c44ac/element [3.407206ms] ERR:404 body={"strategy":"-android uiautomator","selector":"new UiSelector().descriptionMatches(\"(?is).*\\QWelco...
05:37:27.731952 POST /session/a880ccf9-282d-4356-b5e5-3a1a9f8c44ac/element [3.315268ms] ERR:404 body={"strategy":"-android uiautomator","selector":"new UiSelector().textContains(\"Welcome to\")"}
05:37:27.735292 POST /session/a880ccf9-282d-4356-b5e5-3a1a9f8c44ac/element [3.204381ms] ERR:404 body={"strategy":"-android uiautomator","selector":"new UiSelector().descriptionContains(\"Welcome to\")"...
05:37:27.739285 POST /session/a880ccf9-282d-4356-b5e5-3a1a9f8c44ac/element [3.88436ms] ERR:404 body={"strategy":"-android uiautomator","selector":"new UiSelector().textMatches(\"(?is).*\\QWelcome to\\...
05:37:27.743477 POST /session/a880ccf9-282d-4356-b5e5-3a1a9f8c44ac/element [4.06286ms] ERR:404 body={"strategy":"-android uiautomator","selector":"new UiSelector().descriptionMatches(\"(?is).*\\QWelco...
05:37:27.746859 POST /session/a880ccf9-282d-4356-b5e5-3a1a9f8c44ac/element [3.268806ms] ERR:404 body={"strategy":"-android uiautomator","selector":"new UiSelector().textContains(\"Welcome to\")"}
05:37:27.750390 POST /session/a880ccf9-282d-4356-b5e5-3a1a9f8c44ac/element [3.433849ms] ERR:404 body={"strategy":"-android uiautomator","selector":"new UiSelector().descriptionContains(\"Welcome to\")"...
05:37:27.753902 POST /session/a880ccf9-282d-4356-b5e5-3a1a9f8c44ac/element [3.440443ms] ERR:404 body={"strategy":"-android uiautomator","selector":"new UiSelector().textMatches(\"(?is).*\\QWelcome to\\...
05:37:27.757208 POST /session/a880ccf9-282d-4356-b5e5-3a1a9f8c44ac/element [3.202483ms] ERR:404 body={"strategy":"-android uiautomator","selector":"new UiSelector().descriptionMatches(\"(?is).*\\QWelco...
05:37:27.761338 POST /session/a880ccf9-282d-4356-b5e5-3a1a9f8c44ac/element [3.998177ms] ERR:404 body={"strategy":"-android uiautomator","selector":"new UiSelector().textContains(\"Welcome to\")"}
05:37:27.764990 POST /session/a880ccf9-282d-4356-b5e5-3a1a9f8c44ac/element [3.517327ms] ERR:404 body={"strategy":"-android uiautomator","selector":"new UiSelector().descriptionContains(\"Welcome to\")"...
05:37:27.768422 POST /session/a880ccf9-282d-4356-b5e5-3a1a9f8c44ac/element [3.329911ms] ERR:404 body={"strategy":"-android uiautomator","selector":"new UiSelector().textMatches(\"(?is).*\\QWelcome to\\...
05:37:27.772560 POST /session/a880ccf9-282d-4356-b5e5-3a1a9f8c44ac/element [4.048446ms] ERR:404 body={"strategy":"-android uiautomator","selector":"new UiSelector().descriptionMatches(\"(?is).*\\QWelco...
05:37:27.782356 POST /session/a880ccf9-282d-4356-b5e5-3a1a9f8c44ac/element [9.689977ms] ERR:404 body={"strategy":"-android uiautomator","selector":"new UiSelector().textContains(\"Welcome to\")"}
05:37:27.786467 POST /session/a880ccf9-282d-4356-b5e5-3a1a9f8c44ac/element [3.995201ms] ERR:404 body={"strategy":"-android uiautomator","selector":"new UiSelector().descriptionContains(\"Welcome to\")"...
05:37:27.790319 POST /session/a880ccf9-282d-4356-b5e5-3a1a9f8c44ac/element [3.762832ms] ERR:404 body={"strategy":"-android uiautomator","selector":"new UiSelector().textMatches(\"(?is).*\\QWelcome to\\...
05:37:27.794420 POST /session/a880ccf9-282d-4356-b5e5-3a1a9f8c44ac/element [4.023178ms] ERR:404 body={"strategy":"-android uiautomator","selector":"new UiSelector().descriptionMatches(\"(?is).*\\QWelco...
05:37:27.798769 POST /session/a880ccf9-282d-4356-b5e5-3a1a9f8c44ac/element [4.023722ms] ERR:404 body={"strategy":"-android uiautomator","selector":"new UiSelector().textContains(\"Welcome to\")"}
05:37:27.803365 POST /session/a880ccf9-282d-4356-b5e5-3a1a9f8c44ac/element [4.49512ms] ERR:404 body={"strategy":"-android uiautomator","selector":"new UiSelector().descriptionContains(\"Welcome to\")"...
05:37:27.807347 POST /session/a880ccf9-282d-4356-b5e5-3a1a9f8c44ac/element [3.888296ms] ERR:404 body={"strategy":"-android uiautomator","selector":"new UiSelector().textMatches(\"(?is).*\\QWelcome to\\...
05:37:27.811390 POST /session/a880ccf9-282d-4356-b5e5-3a1a9f8c44ac/element [3.959611ms] ERR:404 body={"strategy":"-android uiautomator","selector":"new UiSelector().descriptionMatches(\"(?is).*\\QWelco...
05:37:27.815083 POST /session/a880ccf9-282d-4356-b5e5-3a1a9f8c44ac/element [3.595954ms] ERR:404 body={"strategy":"-android uiautomator","selector":"new UiSelector().textContains(\"Welcome to\")"}
05:37:27.818414 POST /session/a880ccf9-282d-4356-b5e5-3a1a9f8c44ac/element [3.230498ms] ERR:404 body={"strategy":"-android uiautomator","selector":"new UiSelector().descriptionContains(\"Welcome to\")"...
05:37:27.822558 POST /session/a880ccf9-282d-4356-b5e5-3a1a9f8c44ac/element [4.057003ms] ERR:404 body={"strategy":"-android uiautomator","selector":"new UiSelector().textMatches(\"(?is).*\\QWelcome to\\...
05:37:27.826088 POST /session/a880ccf9-282d-4356-b5e5-3a1a9f8c44ac/element [3.426054ms] ERR:404 body={"strategy":"-android uiautomator","selector":"new UiSelector().descriptionMatches(\"(?is).*\\QWelco...
05:37:27.829494 POST /session/a880ccf9-282d-4356-b5e5-3a1a9f8c44ac/element [3.312591ms] ERR:404 body={"strategy":"-android uiautomator","selector":"new UiSelector().textContains(\"Welcome to\")"}
05:37:27.833275 POST /session/a880ccf9-282d-4356-b5e5-3a1a9f8c44ac/element [3.699746ms] ERR:404 body={"strategy":"-android uiautomator","selector":"new UiSelector().descriptionContains(\"Welcome to\")"...
05:37:27.837406 POST /session/a880ccf9-282d-4356-b5e5-3a1a9f8c44ac/element [4.053326ms] ERR:404 body={"strategy":"-android uiautomator","selector":"new UiSelector().textMatches(\"(?is).*\\QWelcome to\\...
05:37:27.841035 POST /session/a880ccf9-282d-4356-b5e5-3a1a9f8c44ac/element [3.529147ms] ERR:404 body={"strategy":"-android uiautomator","selector":"new UiSelector().descriptionMatches(\"(?is).*\\QWelco...
05:37:27.845141 POST /session/a880ccf9-282d-4356-b5e5-3a1a9f8c44ac/element [4.035463ms] ERR:404 body={"strategy":"-android uiautomator","selector":"new UiSelector().textContains(\"Welcome to\")"}
05:37:27.849244 POST /session/a880ccf9-282d-4356-b5e5-3a1a9f8c44ac/element [3.992944ms] ERR:404 body={"strategy":"-android uiautomator","selector":"new UiSelector().descriptionContains(\"Welcome to\")"...
05:37:27.853568 POST /session/a880ccf9-282d-4356-b5e5-3a1a9f8c44ac/element [4.258849ms] ERR:404 body={"strategy":"-android uiautomator","selector":"new UiSelector().textMatches(\"(?is).*\\QWelcome to\\...
05:37:27.858308 POST /session/a880ccf9-282d-4356-b5e5-3a1a9f8c44ac/element [4.649819ms] ERR:404 body={"strategy":"-android uiautomator","selector":"new UiSelector().descriptionMatches(\"(?is).*\\QWelco...
05:37:27.863050 POST /session/a880ccf9-282d-4356-b5e5-3a1a9f8c44ac/element [4.650721ms] ERR:404 body={"strategy":"-android uiautomator","selector":"new UiSelector().textContains(\"Welcome to\")"}
05:37:27.867387 POST /session/a880ccf9-282d-4356-b5e5-3a1a9f8c44ac/element [4.242729ms] ERR:404 body={"strategy":"-android uiautomator","selector":"new UiSelector().descriptionContains(\"Welcome to\")"...
05:37:27.872037 POST /session/a880ccf9-282d-4356-b5e5-3a1a9f8c44ac/element [4.560683ms] ERR:404 body={"strategy":"-android uiautomator","selector":"new UiSelector().textMatches(\"(?is).*\\QWelcome to\\...
05:37:27.876611 POST /session/a880ccf9-282d-4356-b5e5-3a1a9f8c44ac/element [4.483839ms] ERR:404 body={"strategy":"-android uiautomator","selector":"new UiSelector().descriptionMatches(\"(?is).*\\QWelco...
05:37:27.880908 POST /session/a880ccf9-282d-4356-b5e5-3a1a9f8c44ac/element [4.22703ms] ERR:404 body={"strategy":"-android uiautomator","selector":"new UiSelector().textContains(\"Welcome to\")"}
05:37:27.885280 POST /session/a880ccf9-282d-4356-b5e5-3a1a9f8c44ac/element [4.28616ms] ERR:404 body={"strategy":"-android uiautomator","selector":"new UiSelector().descriptionContains(\"Welcome to\")"...
05:37:27.889777 POST /session/a880ccf9-282d-4356-b5e5-3a1a9f8c44ac/element [4.409931ms] ERR:404 body={"strategy":"-android uiautomator","selector":"new UiSelector().textMatches(\"(?is).*\\QWelcome to\\...
05:37:27.895009 POST /session/a880ccf9-282d-4356-b5e5-3a1a9f8c44ac/element [5.144713ms] ERR:404 body={"strategy":"-android uiautomator","selector":"new UiSelector().descriptionMatches(\"(?is).*\\QWelco...
05:37:27.899778 POST /session/a880ccf9-282d-4356-b5e5-3a1a9f8c44ac/element [4.647274ms] ERR:404 body={"strategy":"-android uiautomator","selector":"new UiSelector().textContains(\"Welcome to\")"}
05:37:27.905869 POST /session/a880ccf9-282d-4356-b5e5-3a1a9f8c44ac/element [5.992094ms] ERR:404 body={"strategy":"-android uiautomator","selector":"new UiSelector().descriptionContains(\"Welcome to\")"...
05:37:27.910993 POST /session/a880ccf9-282d-4356-b5e5-3a1a9f8c44ac/element [5.029794ms] ERR:404 body={"strategy":"-android uiautomator","selector":"new UiSelector().textMatches(\"(?is).*\\QWelcome to\\...
05:37:27.916607 POST /session/a880ccf9-282d-4356-b5e5-3a1a9f8c44ac/element [5.554876ms] ERR:404 body={"strategy":"-android uiautomator","selector":"new UiSelector().descriptionMatches(\"(?is).*\\QWelco...
05:37:27.922376 POST /session/a880ccf9-282d-4356-b5e5-3a1a9f8c44ac/element [5.675723ms] ERR:404 body={"strategy":"-android uiautomator","selector":"new UiSelector().textContains(\"Welcome to\")"}
05:37:27.927892 POST /session/a880ccf9-282d-4356-b5e5-3a1a9f8c44ac/element [5.412041ms] ERR:404 body={"strategy":"-android uiautomator","selector":"new UiSelector().descriptionContains(\"Welcome to\")"...
05:37:27.933724 POST /session/a880ccf9-282d-4356-b5e5-3a1a9f8c44ac/element [5.73251ms] ERR:404 body={"strategy":"-android uiautomator","selector":"new UiSelector().textMatches(\"(?is).*\\QWelcome to\\...
05:37:27.938984 POST /session/a880ccf9-282d-4356-b5e5-3a1a9f8c44ac/element [5.172004ms] ERR:404 body={"strategy":"-android uiautomator","selector":"new UiSelector().descriptionMatches(\"(?is).*\\QWelco...
05:37:27.944422 POST /session/a880ccf9-282d-4356-b5e5-3a1a9f8c44ac/element [5.350106ms] ERR:404 body={"strategy":"-android uiautomator","selector":"new UiSelector().textContains(\"Welcome to\")"}
05:37:27.949638 POST /session/a880ccf9-282d-4356-b5e5-3a1a9f8c44ac/element [5.111891ms] ERR:404 body={"strategy":"-android uiautomator","selector":"new UiSelector().descriptionContains(\"Welcome to\")"...
05:37:27.955117 POST /session/a880ccf9-282d-4356-b5e5-3a1a9f8c44ac/element [5.396563ms] ERR:404 body={"strategy":"-android uiautomator","selector":"new UiSelector().textMatches(\"(?is).*\\QWelcome to\\...
05:37:27.960542 POST /session/a880ccf9-282d-4356-b5e5-3a1a9f8c44ac/element [5.301145ms] ERR:404 body={"strategy":"-android uiautomator","selector":"new UiSelector().descriptionMatches(\"(?is).*\\QWelco...
05:37:27.965925 POST /session/a880ccf9-282d-4356-b5e5-3a1a9f8c44ac/element [5.285115ms] ERR:404 body={"strategy":"-android uiautomator","selector":"new UiSelector().textContains(\"Welcome to\")"}
05:37:27.971276 POST /session/a880ccf9-282d-4356-b5e5-3a1a9f8c44ac/element [5.268443ms] ERR:404 body={"strategy":"-android uiautomator","selector":"new UiSelector().descriptionContains(\"Welcome to\")"...
05:37:27.976692 POST /session/a880ccf9-282d-4356-b5e5-3a1a9f8c44ac/element [5.311113ms] ERR:404 body={"strategy":"-android uiautomator","selector":"new UiSelector().textMatches(\"(?is).*\\QWelcome to\\...
05:37:27.981013 POST /session/a880ccf9-282d-4356-b5e5-3a1a9f8c44ac/element [4.227297ms] ERR:404 body={"strategy":"-android uiautomator","selector":"new UiSelector().descriptionMatches(\"(?is).*\\QWelco...
05:37:27.985281 POST /session/a880ccf9-282d-4356-b5e5-3a1a9f8c44ac/element [4.177748ms] ERR:404 body={"strategy":"-android uiautomator","selector":"new UiSelector().textContains(\"Welcome to\")"}
05:37:27.989683 POST /session/a880ccf9-282d-4356-b5e5-3a1a9f8c44ac/element [4.316797ms] ERR:404 body={"strategy":"-android uiautomator","selector":"new UiSelector().descriptionContains(\"Welcome to\")"...
05:37:27.993953 POST /session/a880ccf9-282d-4356-b5e5-3a1a9f8c44ac/element [4.188297ms] ERR:404 body={"strategy":"-android uiautomator","selector":"new UiSelector().textMatches(\"(?is).*\\QWelcome to\\...
05:37:27.998319 POST /session/a880ccf9-282d-4356-b5e5-3a1a9f8c44ac/element [4.280219ms] ERR:404 body={"strategy":"-android uiautomator","selector":"new UiSelector().descriptionMatches(\"(?is).*\\QWelco...
05:37:28.002993 POST /session/a880ccf9-282d-4356-b5e5-3a1a9f8c44ac/element [4.560462ms] ERR:404 body={"strategy":"-android uiautomator","selector":"new UiSelector().textContains(\"Welcome to\")"}
05:37:28.007648 POST /session/a880ccf9-282d-4356-b5e5-3a1a9f8c44ac/element [4.574629ms] ERR:404 body={"strategy":"-android uiautomator","selector":"new UiSelector().descriptionContains(\"Welcome to\")"...
05:37:28.012014 POST /session/a880ccf9-282d-4356-b5e5-3a1a9f8c44ac/element [4.284687ms] ERR:404 body={"strategy":"-android uiautomator","selector":"new UiSelector().textMatches(\"(?is).*\\QWelcome to\\...
05:37:28.016186 POST /session/a880ccf9-282d-4356-b5e5-3a1a9f8c44ac/element [4.092389ms] ERR:404 body={"strategy":"-android uiautomator","selector":"new UiSelector().descriptionMatches(\"(?is).*\\QWelco...
05:37:28.020539 POST /session/a880ccf9-282d-4356-b5e5-3a1a9f8c44ac/element [4.23222ms] ERR:404 body={"strategy":"-android uiautomator","selector":"new UiSelector().textContains(\"Welcome to\")"}
05:37:28.025031 POST /session/a880ccf9-282d-4356-b5e5-3a1a9f8c44ac/element [4.403689ms] ERR:404 body={"strategy":"-android uiautomator","selector":"new UiSelector().descriptionContains(\"Welcome to\")"...
05:37:28.029523 POST /session/a880ccf9-282d-4356-b5e5-3a1a9f8c44ac/element [4.394212ms] ERR:404 body={"strategy":"-android uiautomator","selector":"new UiSelector().textMatches(\"(?is).*\\QWelcome to\\...
05:37:28.033903 POST /session/a880ccf9-282d-4356-b5e5-3a1a9f8c44ac/element [4.275931ms] ERR:404 body={"strategy":"-android uiautomator","selector":"new UiSelector().descriptionMatches(\"(?is).*\\QWelco...
05:37:28.038494 POST /session/a880ccf9-282d-4356-b5e5-3a1a9f8c44ac/element [4.508535ms] ERR:404 body={"strategy":"-android uiautomator","selector":"new UiSelector().textContains(\"Welcome to\")"}
05:37:28.043089 POST /session/a880ccf9-282d-4356-b5e5-3a1a9f8c44ac/element [4.497976ms] ERR:404 body={"strategy":"-android uiautomator","selector":"new UiSelector().descriptionContains(\"Welcome to\")"...
05:37:28.047604 POST /session/a880ccf9-282d-4356-b5e5-3a1a9f8c44ac/element [4.403779ms] ERR:404 body={"strategy":"-android uiautomator","selector":"new UiSelector().textMatches(\"(?is).*\\QWelcome to\\...
05:37:28.056507 POST /session/a880ccf9-282d-4356-b5e5-3a1a9f8c44ac/element [8.800927ms] ERR:404 body={"strategy":"-android uiautomator","selector":"new UiSelector().descriptionMatches(\"(?is).*\\QWelco...
05:37:28.061940 POST /session/a880ccf9-282d-4356-b5e5-3a1a9f8c44ac/element [5.315181ms] ERR:404 body={"strategy":"-android uiautomator","selector":"new UiSelector().textContains(\"Welcome to\")"}
05:37:28.066748 POST /session/a880ccf9-282d-4356-b5e5-3a1a9f8c44ac/element [4.688311ms] ERR:404 body={"strategy":"-android uiautomator","selector":"new UiSelector().descriptionContains(\"Welcome to\")"...
05:37:28.071631 POST /session/a880ccf9-282d-4356-b5e5-3a1a9f8c44ac/element [4.779201ms] ERR:404 body={"strategy":"-android uiautomator","selector":"new UiSelector().textMatches(\"(?is).*\\QWelcome to\\...
05:37:28.077043 POST /session/a880ccf9-282d-4356-b5e5-3a1a9f8c44ac/element [5.329678ms] ERR:404 body={"strategy":"-android uiautomator","selector":"new UiSelector().descriptionMatches(\"(?is).*\\QWelco...
05:37:28.081623 POST /session/a880ccf9-282d-4356-b5e5-3a1a9f8c44ac/element [4.471514ms] ERR:404 body={"strategy":"-android uiautomator","selector":"new UiSelector().textContains(\"Welcome to\")"}
05:37:28.086251 POST /session/a880ccf9-282d-4356-b5e5-3a1a9f8c44ac/element [4.530667ms] ERR:404 body={"strategy":"-android uiautomator","selector":"new UiSelector().descriptionContains(\"Welcome to\")"...
05:37:28.090811 POST /session/a880ccf9-282d-4356-b5e5-3a1a9f8c44ac/element [4.413949ms] ERR:404 body={"strategy":"-android uiautomator","selector":"new UiSelector().textMatches(\"(?is).*\\QWelcome to\\...
05:37:28.095545 POST /session/a880ccf9-282d-4356-b5e5-3a1a9f8c44ac/element [4.638567ms] ERR:404 body={"strategy":"-android uiautomator","selector":"new UiSelector().descriptionMatches(\"(?is).*\\QWelco...
05:37:28.100535 POST /session/a880ccf9-282d-4356-b5e5-3a1a9f8c44ac/element [4.871022ms] ERR:404 body={"strategy":"-android uiautomator","selector":"new UiSelector().textContains(\"Welcome to\")"}
05:37:28.105118 POST /session/a880ccf9-282d-4356-b5e5-3a1a9f8c44ac/element [4.487907ms] ERR:404 body={"strategy":"-android uiautomator","selector":"new UiSelector().descriptionContains(\"Welcome to\")"...
05:37:28.109756 POST /session/a880ccf9-282d-4356-b5e5-3a1a9f8c44ac/element [4.512322ms] ERR:404 body={"strategy":"-android uiautomator","selector":"new UiSelector().textMatches(\"(?is).*\\QWelcome to\\...
05:37:28.114205 POST /session/a880ccf9-282d-4356-b5e5-3a1a9f8c44ac/element [4.357173ms] ERR:404 body={"strategy":"-android uiautomator","selector":"new UiSelector().descriptionMatches(\"(?is).*\\QWelco...
05:37:28.118594 POST /session/a880ccf9-282d-4356-b5e5-3a1a9f8c44ac/element [4.283334ms] ERR:404 body={"strategy":"-android uiautomator","selector":"new UiSelector().textContains(\"Welcome to\")"}
05:37:28.123028 POST /session/a880ccf9-282d-4356-b5e5-3a1a9f8c44ac/element [4.347905ms] ERR:404 body={"strategy":"-android uiautomator","selector":"new UiSelector().descriptionContains(\"Welcome to\")"...
05:37:28.127209 POST /session/a880ccf9-282d-4356-b5e5-3a1a9f8c44ac/element [4.097608ms] ERR:404 body={"strategy":"-android uiautomator","selector":"new UiSelector().textMatches(\"(?is).*\\QWelcome to\\...
05:37:28.138564 POST /session/a880ccf9-282d-4356-b5e5-3a1a9f8c44ac/element [11.100851ms] ERR:404 body={"strategy":"-android uiautomator","selector":"new UiSelector().descriptionMatches(\"(?is).*\\QWelco...
05:37:28.143119 POST /session/a880ccf9-282d-4356-b5e5-3a1a9f8c44ac/element [4.45837ms] ERR:404 body={"strategy":"-android uiautomator","selector":"new UiSelector().textContains(\"Welcome to\")"}
05:37:28.147072 POST /session/a880ccf9-282d-4356-b5e5-3a1a9f8c44ac/element [3.834317ms] ERR:404 body={"strategy":"-android uiautomator","selector":"new UiSelector().descriptionContains(\"Welcome to\")"...
05:37:28.151026 POST /session/a880ccf9-282d-4356-b5e5-3a1a9f8c44ac/element [3.86364ms] ERR:404 body={"strategy":"-android uiautomator","selector":"new UiSelector().textMatches(\"(?is).*\\QWelcome to\\...
05:37:28.155186 POST /session/a880ccf9-282d-4356-b5e5-3a1a9f8c44ac/element [4.09328ms] ERR:404 body={"strategy":"-android uiautomator","selector":"new UiSelector().descriptionMatches(\"(?is).*\\QWelco...
05:37:28.159300 POST /session/a880ccf9-282d-4356-b5e5-3a1a9f8c44ac/element [4.015986ms] ERR:404 body={"strategy":"-android uiautomator","selector":"new UiSelector().textContains(\"Welcome to\")"}
05:37:28.163032 POST /session/a880ccf9-282d-4356-b5e5-3a1a9f8c44ac/element [3.65294ms] ERR:404 body={"strategy":"-android uiautomator","selector":"new UiSelector().descriptionContains(\"Welcome to\")"...
05:37:28.166425 POST /session/a880ccf9-282d-4356-b5e5-3a1a9f8c44ac/element [3.307737ms] ERR:404 body={"strategy":"-android uiautomator","selector":"new UiSelector().textMatches(\"(?is).*\\QWelcome to\\...
05:37:28.169878 POST /session/a880ccf9-282d-4356-b5e5-3a1a9f8c44ac/element [3.360007ms] ERR:404 body={"strategy":"-android uiautomator","selector":"new UiSelector().descriptionMatches(\"(?is).*\\QWelco...
05:37:28.173423 POST /session/a880ccf9-282d-4356-b5e5-3a1a9f8c44ac/element [3.45029ms] ERR:404 body={"strategy":"-android uiautomator","selector":"new UiSelector().textContains(\"Welcome to\")"}
05:37:28.176808 POST /session/a880ccf9-282d-4356-b5e5-3a1a9f8c44ac/element [3.288903ms] ERR:404 body={"strategy":"-android uiautomator","selector":"new UiSelector().descriptionContains(\"Welcome to\")"...
05:37:28.180138 POST /session/a880ccf9-282d-4356-b5e5-3a1a9f8c44ac/element [3.236056ms] ERR:404 body={"strategy":"-android uiautomator","selector":"new UiSelector().textMatches(\"(?is).*\\QWelcome to\\...
05:37:28.183862 POST /session/a880ccf9-282d-4356-b5e5-3a1a9f8c44ac/element [3.602233ms] ERR:404 body={"strategy":"-android uiautomator","selector":"new UiSelector().descriptionMatches(\"(?is).*\\QWelco...
05:37:28.188254 POST /session/a880ccf9-282d-4356-b5e5-3a1a9f8c44ac/element [4.293884ms] ERR:404 body={"strategy":"-android uiautomator","selector":"new UiSelector().textContains(\"Welcome to\")"}
05:37:28.198254 POST /session/a880ccf9-282d-4356-b5e5-3a1a9f8c44ac/element [9.867828ms] ERR:404 body={"strategy":"-android uiautomator","selector":"new UiSelector().descriptionContains(\"Welcome to\")"...
05:37:28.202330 POST /session/a880ccf9-282d-4356-b5e5-3a1a9f8c44ac/element [3.967305ms] ERR:404 body={"strategy":"-android uiautomator","selector":"new UiSelector().textMatches(\"(?is).*\\QWelcome to\\...
05:37:28.207122 POST /session/a880ccf9-282d-4356-b5e5-3a1a9f8c44ac/element [4.696466ms] ERR:404 body={"strategy":"-android uiautomator","selector":"new UiSelector().descriptionMatches(\"(?is).*\\QWelco...
05:37:28.211012 POST /session/a880ccf9-282d-4356-b5e5-3a1a9f8c44ac/element [3.779907ms] ERR:404 body={"strategy":"-android uiautomator","selector":"new UiSelector().textContains(\"Welcome to\")"}
05:37:28.215067 POST /session/a880ccf9-282d-4356-b5e5-3a1a9f8c44ac/element [3.954792ms] ERR:404 body={"strategy":"-android uiautomator","selector":"new UiSelector().descriptionContains(\"Welcome to\")"...
05:37:28.219761 POST /session/a880ccf9-282d-4356-b5e5-3a1a9f8c44ac/element [4.59692ms] ERR:404 body={"strategy":"-android uiautomator","selector":"new UiSelector().textMatches(\"(?is).*\\QWelcome to\\...
05:37:28.223665 POST /session/a880ccf9-282d-4356-b5e5-3a1a9f8c44ac/element [3.814348ms] ERR:404 body={"strategy":"-android uiautomator","selector":"new UiSelector().descriptionMatches(\"(?is).*\\QWelco...
05:37:28.227341 POST /session/a880ccf9-282d-4356-b5e5-3a1a9f8c44ac/element [3.580283ms] ERR:404 body={"strategy":"-android uiautomator","selector":"new UiSelector().textContains(\"Welcome to\")"}
05:37:28.231144 POST /session/a880ccf9-282d-4356-b5e5-3a1a9f8c44ac/element [3.708368ms] ERR:404 body={"strategy":"-android uiautomator","selector":"new UiSelector().descriptionContains(\"Welcome to\")"...
05:37:28.235223 POST /session/a880ccf9-282d-4356-b5e5-3a1a9f8c44ac/element [3.978586ms] ERR:404 body={"strategy":"-android uiautomator","selector":"new UiSelector().textMatches(\"(?is).*\\QWelcome to\\...
05:37:28.239693 POST /session/a880ccf9-282d-4356-b5e5-3a1a9f8c44ac/element [4.381188ms] ERR:404 body={"strategy":"-android uiautomator","selector":"new UiSelector().descriptionMatches(\"(?is).*\\QWelco...
05:37:28.244205 POST /session/a880ccf9-282d-4356-b5e5-3a1a9f8c44ac/element [4.432935ms] ERR:404 body={"strategy":"-android uiautomator","selector":"new UiSelector().textContains(\"Welcome to\")"}
05:37:28.248559 POST /session/a880ccf9-282d-4356-b5e5-3a1a9f8c44ac/element [4.236037ms] ERR:404 body={"strategy":"-android uiautomator","selector":"new UiSelector().descriptionContains(\"Welcome to\")"...
05:37:28.252784 POST /session/a880ccf9-282d-4356-b5e5-3a1a9f8c44ac/element [4.115271ms] ERR:404 body={"strategy":"-android uiautomator","selector":"new UiSelector().textMatches(\"(?is).*\\QWelcome to\\...
05:37:28.257505 POST /session/a880ccf9-282d-4356-b5e5-3a1a9f8c44ac/element [4.630283ms] ERR:404 body={"strategy":"-android uiautomator","selector":"new UiSelector().descriptionMatches(\"(?is).*\\QWelco...
05:37:28.261390 POST /session/a880ccf9-282d-4356-b5e5-3a1a9f8c44ac/element [3.779033ms] ERR:404 body={"strategy":"-android uiautomator","selector":"new UiSelector().textContains(\"Welcome to\")"}
05:37:28.265613 POST /session/a880ccf9-282d-4356-b5e5-3a1a9f8c44ac/element [4.128506ms] ERR:404 body={"strategy":"-android uiautomator","selector":"new UiSelector().descriptionContains(\"Welcome to\")"...
05:37:28.269534 POST /session/a880ccf9-282d-4356-b5e5-3a1a9f8c44ac/element [3.864814ms] ERR:404 body={"strategy":"-android uiautomator","selector":"new UiSelector().textMatches(\"(?is).*\\QWelcome to\\...
05:37:28.273633 POST /session/a880ccf9-282d-4356-b5e5-3a1a9f8c44ac/element [4.007981ms] ERR:404 body={"strategy":"-android uiautomator","selector":"new UiSelector().descriptionMatches(\"(?is).*\\QWelco...
05:37:28.277407 POST /session/a880ccf9-282d-4356-b5e5-3a1a9f8c44ac/element [3.676673ms] ERR:404 body={"strategy":"-android uiautomator","selector":"new UiSelector().textContains(\"Welcome to\")"}
05:37:28.281227 POST /session/a880ccf9-282d-4356-b5e5-3a1a9f8c44ac/element [3.729794ms] ERR:404 body={"strategy":"-android uiautomator","selector":"new UiSelector().descriptionContains(\"Welcome to\")"...
05:37:28.285291 POST /session/a880ccf9-282d-4356-b5e5-3a1a9f8c44ac/element [3.937199ms] ERR:404 body={"strategy":"-android uiautomator","selector":"new UiSelector().textMatches(\"(?is).*\\QWelcome to\\...
05:37:28.290515 POST /session/a880ccf9-282d-4356-b5e5-3a1a9f8c44ac/element [5.123343ms] ERR:404 body={"strategy":"-android uiautomator","selector":"new UiSelector().descriptionMatches(\"(?is).*\\QWelco...
05:37:28.294492 POST /session/a880ccf9-282d-4356-b5e5-3a1a9f8c44ac/element [3.909698ms] ERR:404 body={"strategy":"-android uiautomator","selector":"new UiSelector().textContains(\"Welcome to\")"}
05:37:28.298329 POST /session/a880ccf9-282d-4356-b5e5-3a1a9f8c44ac/element [3.742024ms] ERR:404 body={"strategy":"-android uiautomator","selector":"new UiSelector().descriptionContains(\"Welcome to\")"...
05:37:28.302424 POST /session/a880ccf9-282d-4356-b5e5-3a1a9f8c44ac/element [4.003943ms] ERR:404 body={"strategy":"-android uiautomator","selector":"new UiSelector().textMatches(\"(?is).*\\QWelcome to\\...
05:37:28.306530 POST /session/a880ccf9-282d-4356-b5e5-3a1a9f8c44ac/element [3.970639ms] ERR:404 body={"strategy":"-android uiautomator","selector":"new UiSelector().descriptionMatches(\"(?is).*\\QWelco...
05:37:28.310350 POST /session/a880ccf9-282d-4356-b5e5-3a1a9f8c44ac/element [3.72897ms] ERR:404 body={"strategy":"-android uiautomator","selector":"new UiSelector().textContains(\"Welcome to\")"}
05:37:28.314335 POST /session/a880ccf9-282d-4356-b5e5-3a1a9f8c44ac/element [3.891203ms] ERR:404 body={"strategy":"-android uiautomator","selector":"new UiSelector().descriptionContains(\"Welcome to\")"...
05:37:28.322120 POST /session/a880ccf9-282d-4356-b5e5-3a1a9f8c44ac/element [7.68331ms] ERR:404 body={"strategy":"-android uiautomator","selector":"new UiSelector().textMatches(\"(?is).*\\QWelcome to\\...
05:37:28.326679 POST /session/a880ccf9-282d-4356-b5e5-3a1a9f8c44ac/element [4.443194ms] ERR:404 body={"strategy":"-android uiautomator","selector":"new UiSelector().descriptionMatches(\"(?is).*\\QWelco...
05:37:28.330606 POST /session/a880ccf9-282d-4356-b5e5-3a1a9f8c44ac/element [3.834729ms] ERR:404 body={"strategy":"-android uiautomator","selector":"new UiSelector().textContains(\"Welcome to\")"}
05:37:28.335513 POST /session/a880ccf9-282d-4356-b5e5-3a1a9f8c44ac/element [4.81611ms] ERR:404 body={"strategy":"-android uiautomator","selector":"new UiSelector().descriptionContains(\"Welcome to\")"...
05:37:28.340695 POST /session/a880ccf9-282d-4356-b5e5-3a1a9f8c44ac/element [5.084112ms] ERR:404 body={"strategy":"-android uiautomator","selector":"new UiSelector().textMatches(\"(?is).*\\QWelcome to\\...
05:37:28.345132 POST /session/a880ccf9-282d-4356-b5e5-3a1a9f8c44ac/element [4.363623ms] ERR:404 body={"strategy":"-android uiautomator","selector":"new UiSelector().descriptionMatches(\"(?is).*\\QWelco...
05:37:28.349369 POST /session/a880ccf9-282d-4356-b5e5-3a1a9f8c44ac/element [4.135038ms] ERR:404 body={"strategy":"-android uiautomator","selector":"new UiSelector().textContains(\"Welcome to\")"}
05:37:28.353377 POST /session/a880ccf9-282d-4356-b5e5-3a1a9f8c44ac/element [3.92178ms] ERR:404 body={"strategy":"-android uiautomator","selector":"new UiSelector().descriptionContains(\"Welcome to\")"...
05:37:28.357429 POST /session/a880ccf9-282d-4356-b5e5-3a1a9f8c44ac/element [3.983714ms] ERR:404 body={"strategy":"-android uiautomator","selector":"new UiSelector().textMatches(\"(?is).*\\QWelcome to\\...
05:37:28.361451 POST /session/a880ccf9-282d-4356-b5e5-3a1a9f8c44ac/element [3.95422ms] ERR:404 body={"strategy":"-android uiautomator","selector":"new UiSelector().descriptionMatches(\"(?is).*\\QWelco...
05:37:28.366665 POST /session/a880ccf9-282d-4356-b5e5-3a1a9f8c44ac/element [5.08462ms] ERR:404 body={"strategy":"-android uiautomator","selector":"new UiSelector().textContains(\"Welcome to\")"}
05:37:28.371654 POST /session/a880ccf9-282d-4356-b5e5-3a1a9f8c44ac/element [4.914174ms] ERR:404 body={"strategy":"-android uiautomator","selector":"new UiSelector().descriptionContains(\"Welcome to\")"...
05:37:28.375596 POST /session/a880ccf9-282d-4356-b5e5-3a1a9f8c44ac/element [3.843023ms] ERR:404 body={"strategy":"-android uiautomator","selector":"new UiSelector().textMatches(\"(?is).*\\QWelcome to\\...
05:37:28.379696 POST /session/a880ccf9-282d-4356-b5e5-3a1a9f8c44ac/element [4.003342ms] ERR:404 body={"strategy":"-android uiautomator","selector":"new UiSelector().descriptionMatches(\"(?is).*\\QWelco...
05:37:28.384127 POST /session/a880ccf9-282d-4356-b5e5-3a1a9f8c44ac/element [4.331194ms] ERR:404 body={"strategy":"-android uiautomator","selector":"new UiSelector().textContains(\"Welcome to\")"}
05:37:28.388101 POST /session/a880ccf9-282d-4356-b5e5-3a1a9f8c44ac/element [3.871918ms] ERR:404 body={"strategy":"-android uiautomator","selector":"new UiSelector().descriptionContains(\"Welcome to\")"...
05:37:28.392120 POST /session/a880ccf9-282d-4356-b5e5-3a1a9f8c44ac/element [3.933933ms] ERR:404 body={"strategy":"-android uiautomator","selector":"new UiSelector().textMatches(\"(?is).*\\QWelcome to\\...
05:37:28.396596 POST /session/a880ccf9-282d-4356-b5e5-3a1a9f8c44ac/element [4.367322ms] ERR:404 body={"strategy":"-android uiautomator","selector":"new UiSelector().descriptionMatches(\"(?is).*\\QWelco...
05:37:28.401495 POST /session/a880ccf9-282d-4356-b5e5-3a1a9f8c44ac/element [4.786233ms] ERR:404 body={"strategy":"-android uiautomator","selector":"new UiSelector().textContains(\"Welcome to\")"}
05:37:28.405754 POST /session/a880ccf9-282d-4356-b5e5-3a1a9f8c44ac/element [4.175654ms] ERR:404 body={"strategy":"-android uiautomator","selector":"new UiSelector().descriptionContains(\"Welcome to\")"...
05:37:28.410342 POST /session/a880ccf9-282d-4356-b5e5-3a1a9f8c44ac/element [4.451799ms] ERR:404 body={"strategy":"-android uiautomator","selector":"new UiSelector().textMatches(\"(?is).*\\QWelcome to\\...
05:37:28.414581 POST /session/a880ccf9-282d-4356-b5e5-3a1a9f8c44ac/element [4.125809ms] ERR:404 body={"strategy":"-android uiautomator","selector":"new UiSelector().descriptionMatches(\"(?is).*\\QWelco...
05:37:28.419375 POST /session/a880ccf9-282d-4356-b5e5-3a1a9f8c44ac/element [4.686858ms] ERR:404 body={"strategy":"-android uiautomator","selector":"new UiSelector().textContains(\"Welcome to\")"}
05:37:28.423678 POST /session/a880ccf9-282d-4356-b5e5-3a1a9f8c44ac/element [4.211572ms] ERR:404 body={"strategy":"-android uiautomator","selector":"new UiSelector().descriptionContains(\"Welcome to\")"...
05:37:28.427683 POST /session/a880ccf9-282d-4356-b5e5-3a1a9f8c44ac/element [3.914235ms] ERR:404 body={"strategy":"-android uiautomator","selector":"new UiSelector().textMatches(\"(?is).*\\QWelcome to\\...
05:37:28.432545 POST /session/a880ccf9-282d-4356-b5e5-3a1a9f8c44ac/element [4.769452ms] ERR:404 body={"strategy":"-android uiautomator","selector":"new UiSelector().descriptionMatches(\"(?is).*\\QWelco...
05:37:28.436682 POST /session/a880ccf9-282d-4356-b5e5-3a1a9f8c44ac/element [4.032677ms] ERR:404 body={"strategy":"-android uiautomator","selector":"new UiSelector().textContains(\"Welcome to\")"}
05:37:28.441495 POST /session/a880ccf9-282d-4356-b5e5-3a1a9f8c44ac/element [4.710402ms] ERR:404 body={"strategy":"-android uiautomator","selector":"new UiSelector().descriptionContains(\"Welcome to\")"...
05:37:28.446455 POST /session/a880ccf9-282d-4356-b5e5-3a1a9f8c44ac/element [4.846957ms] ERR:404 body={"strategy":"-android uiautomator","selector":"new UiSelector().textMatches(\"(?is).*\\QWelcome to\\...
05:37:28.450687 POST /session/a880ccf9-282d-4356-b5e5-3a1a9f8c44ac/element [4.134978ms] ERR:404 body={"strategy":"-android uiautomator","selector":"new UiSelector().descriptionMatches(\"(?is).*\\QWelco...
05:37:28.455981 POST /session/a880ccf9-282d-4356-b5e5-3a1a9f8c44ac/element [5.172835ms] ERR:404 body={"strategy":"-android uiautomator","selector":"new UiSelector().textContains(\"Welcome to\")"}
05:37:28.460145 POST /session/a880ccf9-282d-4356-b5e5-3a1a9f8c44ac/element [4.072661ms] ERR:404 body={"strategy":"-android uiautomator","selector":"new UiSelector().descriptionContains(\"Welcome to\")"...
05:37:28.464750 POST /session/a880ccf9-282d-4356-b5e5-3a1a9f8c44ac/element [4.493026ms] ERR:404 body={"strategy":"-android uiautomator","selector":"new UiSelector().textMatches(\"(?is).*\\QWelcome to\\...
05:37:28.469524 POST /session/a880ccf9-282d-4356-b5e5-3a1a9f8c44ac/element [4.67175ms] ERR:404 body={"strategy":"-android uiautomator","selector":"new UiSelector().descriptionMatches(\"(?is).*\\QWelco...
05:37:28.473741 POST /session/a880ccf9-282d-4356-b5e5-3a1a9f8c44ac/element [4.116373ms] ERR:404 body={"strategy":"-android uiautomator","selector":"new UiSelector().textContains(\"Welcome to\")"}
05:37:28.478550 POST /session/a880ccf9-282d-4356-b5e5-3a1a9f8c44ac/element [4.679114ms] ERR:404 body={"strategy":"-android uiautomator","selector":"new UiSelector().descriptionContains(\"Welcome to\")"...
05:37:28.483846 POST /session/a880ccf9-282d-4356-b5e5-3a1a9f8c44ac/element [5.195764ms] ERR:404 body={"strategy":"-android uiautomator","selector":"new UiSelector().textMatches(\"(?is).*\\QWelcome to\\...
05:37:28.488574 POST /session/a880ccf9-282d-4356-b5e5-3a1a9f8c44ac/element [4.62108ms] ERR:404 body={"strategy":"-android uiautomator","selector":"new UiSelector().descriptionMatches(\"(?is).*\\QWelco...
05:37:28.493555 POST /session/a880ccf9-282d-4356-b5e5-3a1a9f8c44ac/element [4.866117ms] ERR:404 body={"strategy":"-android uiautomator","selector":"new UiSelector().textContains(\"Welcome to\")"}
05:37:28.497742 POST /session/a880ccf9-282d-4356-b5e5-3a1a9f8c44ac/element [4.09304ms] ERR:404 body={"strategy":"-android uiautomator","selector":"new UiSelector().descriptionContains(\"Welcome to\")"...
05:37:28.502635 POST /session/a880ccf9-282d-4356-b5e5-3a1a9f8c44ac/element [4.795816ms] ERR:404 body={"strategy":"-android uiautomator","selector":"new UiSelector().textMatches(\"(?is).*\\QWelcome to\\...
05:37:28.507139 POST /session/a880ccf9-282d-4356-b5e5-3a1a9f8c44ac/element [4.383401ms] ERR:404 body={"strategy":"-android uiautomator","selector":"new UiSelector().descriptionMatches(\"(?is).*\\QWelco...
05:37:28.511687 POST /session/a880ccf9-282d-4356-b5e5-3a1a9f8c44ac/element [4.432414ms] ERR:404 body={"strategy":"-android uiautomator","selector":"new UiSelector().textContains(\"Welcome to\")"}
05:37:28.519859 POST /session/a880ccf9-282d-4356-b5e5-3a1a9f8c44ac/element [7.924978ms] ERR:404 body={"strategy":"-android uiautomator","selector":"new UiSelector().descriptionContains(\"Welcome to\")"...
05:37:28.525487 POST /session/a880ccf9-282d-4356-b5e5-3a1a9f8c44ac/element [5.506231ms] ERR:404 body={"strategy":"-android uiautomator","selector":"new UiSelector().textMatches(\"(?is).*\\QWelcome to\\...
05:37:28.529989 POST /session/a880ccf9-282d-4356-b5e5-3a1a9f8c44ac/element [4.406114ms] ERR:404 body={"strategy":"-android uiautomator","selector":"new UiSelector().descriptionMatches(\"(?is).*\\QWelco...
05:37:28.534473 POST /session/a880ccf9-282d-4356-b5e5-3a1a9f8c44ac/element [4.379164ms] ERR:404 body={"strategy":"-android uiautomator","selector":"new UiSelector().textContains(\"Welcome to\")"}
05:37:28.539625 POST /session/a880ccf9-282d-4356-b5e5-3a1a9f8c44ac/element [5.039656ms] ERR:404 body={"strategy":"-android uiautomator","selector":"new UiSelector().descriptionContains(\"Welcome to\")"...
05:37:28.545220 POST /session/a880ccf9-282d-4356-b5e5-3a1a9f8c44ac/element [5.501388ms] ERR:404 body={"strategy":"-android uiautomator","selector":"new UiSelector().textMatches(\"(?is).*\\QWelcome to\\...
05:37:28.550959 POST /session/a880ccf9-282d-4356-b5e5-3a1a9f8c44ac/element [5.613087ms] ERR:404 body={"strategy":"-android uiautomator","selector":"new UiSelector().descriptionMatches(\"(?is).*\\QWelco...
05:37:28.556668 POST /session/a880ccf9-282d-4356-b5e5-3a1a9f8c44ac/element [5.621122ms] ERR:404 body={"strategy":"-android uiautomator","selector":"new UiSelector().textContains(\"Welcome to\")"}
05:37:28.562227 POST /session/a880ccf9-282d-4356-b5e5-3a1a9f8c44ac/element [5.493964ms] ERR:404 body={"strategy":"-android uiautomator","selector":"new UiSelector().descriptionContains(\"Welcome to\")"...
05:37:28.567722 POST /session/a880ccf9-282d-4356-b5e5-3a1a9f8c44ac/element [5.381685ms] ERR:404 body={"strategy":"-android uiautomator","selector":"new UiSelector().textMatches(\"(?is).*\\QWelcome to\\...
05:37:28.573109 POST /session/a880ccf9-282d-4356-b5e5-3a1a9f8c44ac/element [5.300974ms] ERR:404 body={"strategy":"-android uiautomator","selector":"new UiSelector().descriptionMatches(\"(?is).*\\QWelco...
05:37:28.578691 POST /session/a880ccf9-282d-4356-b5e5-3a1a9f8c44ac/element [5.46455ms] ERR:404 body={"strategy":"-android uiautomator","selector":"new UiSelector().textContains(\"Welcome to\")"}
05:37:28.584223 POST /session/a880ccf9-282d-4356-b5e5-3a1a9f8c44ac/element [5.444442ms] ERR:404 body={"strategy":"-android uiautomator","selector":"new UiSelector().descriptionContains(\"Welcome to\")"...
05:37:28.589592 POST /session/a880ccf9-282d-4356-b5e5-3a1a9f8c44ac/element [5.247554ms] ERR:404 body={"strategy":"-android uiautomator","selector":"new UiSelector().textMatches(\"(?is).*\\QWelcome to\\...
05:37:28.593904 POST /session/a880ccf9-282d-4356-b5e5-3a1a9f8c44ac/element [4.221459ms] ERR:404 body={"strategy":"-android uiautomator","selector":"new UiSelector().descriptionMatches(\"(?is).*\\QWelco...
05:37:28.601228 POST /session/a880ccf9-282d-4356-b5e5-3a1a9f8c44ac/element [7.185001ms] ERR:404 body={"strategy":"-android uiautomator","selector":"new UiSelector().textContains(\"Welcome to\")"}
05:37:28.607097 POST /session/a880ccf9-282d-4356-b5e5-3a1a9f8c44ac/element [5.774658ms] ERR:404 body={"strategy":"-android uiautomator","selector":"new UiSelector().descriptionContains(\"Welcome to\")"...
05:37:28.611480 POST /session/a880ccf9-282d-4356-b5e5-3a1a9f8c44ac/element [4.2929ms] ERR:404 body={"strategy":"-android uiautomator","selector":"new UiSelector().textMatches(\"(?is).*\\QWelcome to\\...
05:37:28.615145 POST /session/a880ccf9-282d-4356-b5e5-3a1a9f8c44ac/element [3.566597ms] ERR:404 body={"strategy":"-android uiautomator","selector":"new UiSelector().descriptionMatches(\"(?is).*\\QWelco...
05:37:28.619196 POST /session/a880ccf9-282d-4356-b5e5-3a1a9f8c44ac/element [3.931098ms] ERR:404 body={"strategy":"-android uiautomator","selector":"new UiSelector().textContains(\"Welcome to\")"}
05:37:28.623594 POST /session/a880ccf9-282d-4356-b5e5-3a1a9f8c44ac/element [4.277805ms] ERR:404 body={"strategy":"-android uiautomator","selector":"new UiSelector().descriptionContains(\"Welcome to\")"...
05:37:28.627522 POST /session/a880ccf9-282d-4356-b5e5-3a1a9f8c44ac/element [3.821983ms] ERR:404 body={"strategy":"-android uiautomator","selector":"new UiSelector().textMatches(\"(?is).*\\QWelcome to\\...
05:37:28.631212 POST /session/a880ccf9-282d-4356-b5e5-3a1a9f8c44ac/element [3.604358ms] ERR:404 body={"strategy":"-android uiautomator","selector":"new UiSelector().descriptionMatches(\"(?is).*\\QWelco...
05:37:28.635102 POST /session/a880ccf9-282d-4356-b5e5-3a1a9f8c44ac/element [3.779713ms] ERR:404 body={"strategy":"-android uiautomator","selector":"new UiSelector().textContains(\"Welcome to\")"}
05:37:28.638848 POST /session/a880ccf9-282d-4356-b5e5-3a1a9f8c44ac/element [3.644903ms] ERR:404 body={"strategy":"-android uiautomator","selector":"new UiSelector().descriptionContains(\"Welcome to\")"...
05:37:28.642750 POST /session/a880ccf9-282d-4356-b5e5-3a1a9f8c44ac/element [3.804962ms] ERR:404 body={"strategy":"-android uiautomator","selector":"new UiSelector().textMatches(\"(?is).*\\QWelcome to\\...
05:37:28.646494 POST /session/a880ccf9-282d-4356-b5e5-3a1a9f8c44ac/element [3.658291ms] ERR:404 body={"strategy":"-android uiautomator","selector":"new UiSelector().descriptionMatches(\"(?is).*\\QWelco...
05:37:28.650740 POST /session/a880ccf9-282d-4356-b5e5-3a1a9f8c44ac/element [4.138772ms] ERR:404 body={"strategy":"-android uiautomator","selector":"new UiSelector().textContains(\"Welcome to\")"}
05:37:28.654929 POST /session/a880ccf9-282d-4356-b5e5-3a1a9f8c44ac/element [4.060659ms] ERR:404 body={"strategy":"-android uiautomator","selector":"new UiSelector().descriptionContains(\"Welcome to\")"...
05:37:28.659295 POST /session/a880ccf9-282d-4356-b5e5-3a1a9f8c44ac/element [4.27986ms] ERR:404 body={"strategy":"-android uiautomator","selector":"new UiSelector().textMatches(\"(?is).*\\QWelcome to\\...
05:37:28.663620 POST /session/a880ccf9-282d-4356-b5e5-3a1a9f8c44ac/element [4.217552ms] ERR:404 body={"strategy":"-android uiautomator","selector":"new UiSelector().descriptionMatches(\"(?is).*\\QWelco...
05:37:28.667662 POST /session/a880ccf9-282d-4356-b5e5-3a1a9f8c44ac/element [3.929911ms] ERR:404 body={"strategy":"-android uiautomator","selector":"new UiSelector().textContains(\"Welcome to\")"}
05:37:28.671667 POST /session/a880ccf9-282d-4356-b5e5-3a1a9f8c44ac/element [3.887446ms] ERR:404 body={"strategy":"-android uiautomator","selector":"new UiSelector().descriptionContains(\"Welcome to\")"...
05:37:28.675966 POST /session/a880ccf9-282d-4356-b5e5-3a1a9f8c44ac/element [4.186273ms] ERR:404 body={"strategy":"-android uiautomator","selector":"new UiSelector().textMatches(\"(?is).*\\QWelcome to\\...
05:37:28.680042 POST /session/a880ccf9-282d-4356-b5e5-3a1a9f8c44ac/element [3.965562ms] ERR:404 body={"strategy":"-android uiautomator","selector":"new UiSelector().descriptionMatches(\"(?is).*\\QWelco...
05:37:28.684174 POST /session/a880ccf9-282d-4356-b5e5-3a1a9f8c44ac/element [4.008144ms] ERR:404 body={"strategy":"-android uiautomator","selector":"new UiSelector().textContains(\"Welcome to\")"}
05:37:28.688163 POST /session/a880ccf9-282d-4356-b5e5-3a1a9f8c44ac/element [3.87897ms] ERR:404 body={"strategy":"-android uiautomator","selector":"new UiSelector().descriptionContains(\"Welcome to\")"...
05:37:28.692490 POST /session/a880ccf9-282d-4356-b5e5-3a1a9f8c44ac/element [4.198647ms] ERR:404 body={"strategy":"-android uiautomator","selector":"new UiSelector().textMatches(\"(?is).*\\QWelcome to\\...
05:37:28.696574 POST /session/a880ccf9-282d-4356-b5e5-3a1a9f8c44ac/element [3.979776ms] ERR:404 body={"strategy":"-android uiautomator","selector":"new UiSelector().descriptionMatches(\"(?is).*\\QWelco...
05:37:28.700644 POST /session/a880ccf9-282d-4356-b5e5-3a1a9f8c44ac/element [3.942599ms] ERR:404 body={"strategy":"-android uiautomator","selector":"new UiSelector().textContains(\"Welcome to\")"}
05:37:28.704882 POST /session/a880ccf9-282d-4356-b5e5-3a1a9f8c44ac/element [4.124619ms] ERR:404 body={"strategy":"-android uiautomator","selector":"new UiSelector().descriptionContains(\"Welcome to\")"...
05:37:28.708829 POST /session/a880ccf9-282d-4356-b5e5-3a1a9f8c44ac/element [3.862562ms] ERR:404 body={"strategy":"-android uiautomator","selector":"new UiSelector().textMatches(\"(?is).*\\QWelcome to\\...
05:37:28.713004 POST /session/a880ccf9-282d-4356-b5e5-3a1a9f8c44ac/element [4.060879ms] ERR:404 body={"strategy":"-android uiautomator","selector":"new UiSelector().descriptionMatches(\"(?is).*\\QWelco...
05:37:28.718619 POST /session/a880ccf9-282d-4356-b5e5-3a1a9f8c44ac/element [5.489406ms] ERR:404 body={"strategy":"-android uiautomator","selector":"new UiSelector().textContains(\"Welcome to\")"}
05:37:28.723228 POST /session/a880ccf9-282d-4356-b5e5-3a1a9f8c44ac/element [4.483659ms] ERR:404 body={"strategy":"-android uiautomator","selector":"new UiSelector().descriptionContains(\"Welcome to\")"...
05:37:28.728140 POST /session/a880ccf9-282d-4356-b5e5-3a1a9f8c44ac/element [4.739206ms] ERR:404 body={"strategy":"-android uiautomator","selector":"new UiSelector().textMatches(\"(?is).*\\QWelcome to\\...
05:37:28.732391 POST /session/a880ccf9-282d-4356-b5e5-3a1a9f8c44ac/element [4.162804ms] ERR:404 body={"strategy":"-android uiautomator","selector":"new UiSelector().descriptionMatches(\"(?is).*\\QWelco...
05:37:28.736604 POST /session/a880ccf9-282d-4356-b5e5-3a1a9f8c44ac/element [4.111385ms] ERR:404 body={"strategy":"-android uiautomator","selector":"new UiSelector().textContains(\"Welcome to\")"}
05:37:28.740773 POST /session/a880ccf9-282d-4356-b5e5-3a1a9f8c44ac/element [4.058517ms] ERR:404 body={"strategy":"-android uiautomator","selector":"new UiSelector().descriptionContains(\"Welcome to\")"...
05:37:28.745294 POST /session/a880ccf9-282d-4356-b5e5-3a1a9f8c44ac/element [4.404339ms] ERR:404 body={"strategy":"-android uiautomator","selector":"new UiSelector().textMatches(\"(?is).*\\QWelcome to\\...
05:37:28.749334 POST /session/a880ccf9-282d-4356-b5e5-3a1a9f8c44ac/element [3.965502ms] ERR:404 body={"strategy":"-android uiautomator","selector":"new UiSelector().descriptionMatches(\"(?is).*\\QWelco...
05:37:28.753657 POST /session/a880ccf9-282d-4356-b5e5-3a1a9f8c44ac/element [4.237279ms] ERR:404 body={"strategy":"-android uiautomator","selector":"new UiSelector().textContains(\"Welcome to\")"}
05:37:28.757748 POST /session/a880ccf9-282d-4356-b5e5-3a1a9f8c44ac/element [3.999183ms] ERR:404 body={"strategy":"-android uiautomator","selector":"new UiSelector().descriptionContains(\"Welcome to\")"...
05:37:28.761830 POST /session/a880ccf9-282d-4356-b5e5-3a1a9f8c44ac/element [3.999345ms] ERR:404 body={"strategy":"-android uiautomator","selector":"new UiSelector().textMatches(\"(?is).*\\QWelcome to\\...
05:37:28.765925 POST /session/a880ccf9-282d-4356-b5e5-3a1a9f8c44ac/element [3.98214ms] ERR:404 body={"strategy":"-android uiautomator","selector":"new UiSelector().descriptionMatches(\"(?is).*\\QWelco...
05:37:28.771005 POST /session/a880ccf9-282d-4356-b5e5-3a1a9f8c44ac/element [4.952792ms] ERR:404 body={"strategy":"-android uiautomator","selector":"new UiSelector().textContains(\"Welcome to\")"}
05:37:28.775087 POST /session/a880ccf9-282d-4356-b5e5-3a1a9f8c44ac/element [3.986481ms] ERR:404 body={"strategy":"-android uiautomator","selector":"new UiSelector().descriptionContains(\"Welcome to\")"...
05:37:28.779978 POST /session/a880ccf9-282d-4356-b5e5-3a1a9f8c44ac/element [4.784841ms] ERR:404 body={"strategy":"-android uiautomator","selector":"new UiSelector().textMatches(\"(?is).*\\QWelcome to\\...
05:37:28.784206 POST /session/a880ccf9-282d-4356-b5e5-3a1a9f8c44ac/element [4.13055ms] ERR:404 body={"strategy":"-android uiautomator","selector":"new UiSelector().descriptionMatches(\"(?is).*\\QWelco...
05:37:28.788688 POST /session/a880ccf9-282d-4356-b5e5-3a1a9f8c44ac/element [4.367112ms] ERR:404 body={"strategy":"-android uiautomator","selector":"new UiSelector().textContains(\"Welcome to\")"}
05:37:28.792958 POST /session/a880ccf9-282d-4356-b5e5-3a1a9f8c44ac/element [4.180563ms] ERR:404 body={"strategy":"-android uiautomator","selector":"new UiSelector().descriptionContains(\"Welcome to\")"...
05:37:28.797013 POST /session/a880ccf9-282d-4356-b5e5-3a1a9f8c44ac/element [3.968918ms] ERR:404 body={"strategy":"-android uiautomator","selector":"new UiSelector().textMatches(\"(?is).*\\QWelcome to\\...
05:37:28.801091 POST /session/a880ccf9-282d-4356-b5e5-3a1a9f8c44ac/element [3.98649ms] ERR:404 body={"strategy":"-android uiautomator","selector":"new UiSelector().descriptionMatches(\"(?is).*\\QWelco...
05:37:28.805267 POST /session/a880ccf9-282d-4356-b5e5-3a1a9f8c44ac/element [4.061481ms] ERR:404 body={"strategy":"-android uiautomator","selector":"new UiSelector().textContains(\"Welcome to\")"}
05:37:28.809499 POST /session/a880ccf9-282d-4356-b5e5-3a1a9f8c44ac/element [4.086063ms] ERR:404 body={"strategy":"-android uiautomator","selector":"new UiSelector().descriptionContains(\"Welcome to\")"...
05:37:28.813600 POST /session/a880ccf9-282d-4356-b5e5-3a1a9f8c44ac/element [3.998103ms] ERR:404 body={"strategy":"-android uiautomator","selector":"new UiSelector().textMatches(\"(?is).*\\QWelcome to\\...
05:37:28.817652 POST /session/a880ccf9-282d-4356-b5e5-3a1a9f8c44ac/element [3.96971ms] ERR:404 body={"strategy":"-android uiautomator","selector":"new UiSelector().descriptionMatches(\"(?is).*\\QWelco...
05:37:28.821667 POST /session/a880ccf9-282d-4356-b5e5-3a1a9f8c44ac/element [3.904478ms] ERR:404 body={"strategy":"-android uiautomator","selector":"new UiSelector().textContains(\"Welcome to\")"}
05:37:28.825719 POST /session/a880ccf9-282d-4356-b5e5-3a1a9f8c44ac/element [3.98028ms] ERR:404 body={"strategy":"-android uiautomator","selector":"new UiSelector().descriptionContains(\"Welcome to\")"...
05:37:28.829918 POST /session/a880ccf9-282d-4356-b5e5-3a1a9f8c44ac/element [4.129576ms] ERR:404 body={"strategy":"-android uiautomator","selector":"new UiSelector().textMatches(\"(?is).*\\QWelcome to\\...
05:37:28.834061 POST /session/a880ccf9-282d-4356-b5e5-3a1a9f8c44ac/element [4.073533ms] ERR:404 body={"strategy":"-android uiautomator","selector":"new UiSelector().descriptionMatches(\"(?is).*\\QWelco...
05:37:28.838311 POST /session/a880ccf9-282d-4356-b5e5-3a1a9f8c44ac/element [4.180965ms] ERR:404 body={"strategy":"-android uiautomator","selector":"new UiSelector().textContains(\"Welcome to\")"}
05:37:28.842546 POST /session/a880ccf9-282d-4356-b5e5-3a1a9f8c44ac/element [4.162749ms] ERR:404 body={"strategy":"-android uiautomator","selector":"new UiSelector().descriptionContains(\"Welcome to\")"...
05:37:28.848568 POST /session/a880ccf9-282d-4356-b5e5-3a1a9f8c44ac/element [5.93094ms] ERR:404 body={"strategy":"-android uiautomator","selector":"new UiSelector().textMatches(\"(?is).*\\QWelcome to\\...
05:37:28.853453 POST /session/a880ccf9-282d-4356-b5e5-3a1a9f8c44ac/element [4.791743ms] ERR:404 body={"strategy":"-android uiautomator","selector":"new UiSelector().descriptionMatches(\"(?is).*\\QWelco...
05:37:28.859094 POST /session/a880ccf9-282d-4356-b5e5-3a1a9f8c44ac/element [5.516864ms] ERR:404 body={"strategy":"-android uiautomator","selector":"new UiSelector().textContains(\"Welcome to\")"}
05:37:28.863356 POST /session/a880ccf9-282d-4356-b5e5-3a1a9f8c44ac/element [4.161944ms] ERR:404 body={"strategy":"-android uiautomator","selector":"new UiSelector().descriptionContains(\"Welcome to\")"...
05:37:28.867221 POST /session/a880ccf9-282d-4356-b5e5-3a1a9f8c44ac/element [3.779607ms] ERR:404 body={"strategy":"-android uiautomator","selector":"new UiSelector().textMatches(\"(?is).*\\QWelcome to\\...
05:37:28.871143 POST /session/a880ccf9-282d-4356-b5e5-3a1a9f8c44ac/element [3.809919ms] ERR:404 body={"strategy":"-android uiautomator","selector":"new UiSelector().descriptionMatches(\"(?is).*\\QWelco...
05:37:28.875662 POST /session/a880ccf9-282d-4356-b5e5-3a1a9f8c44ac/element [4.403281ms] ERR:404 body={"strategy":"-android uiautomator","selector":"new UiSelector().textContains(\"Welcome to\")"}
05:37:28.879788 POST /session/a880ccf9-282d-4356-b5e5-3a1a9f8c44ac/element [4.016687ms] ERR:404 body={"strategy":"-android uiautomator","selector":"new UiSelector().descriptionContains(\"Welcome to\")"...
05:37:28.884372 POST /session/a880ccf9-282d-4356-b5e5-3a1a9f8c44ac/element [4.49427ms] ERR:404 body={"strategy":"-android uiautomator","selector":"new UiSelector().textMatches(\"(?is).*\\QWelcome to\\...
05:37:28.888242 POST /session/a880ccf9-282d-4356-b5e5-3a1a9f8c44ac/element [3.805152ms] ERR:404 body={"strategy":"-android uiautomator","selector":"new UiSelector().descriptionMatches(\"(?is).*\\QWelco...
05:37:28.892363 POST /session/a880ccf9-282d-4356-b5e5-3a1a9f8c44ac/element [4.03397ms] ERR:404 body={"strategy":"-android uiautomator","selector":"new UiSelector().textContains(\"Welcome to\")"}
05:37:28.896450 POST /session/a880ccf9-282d-4356-b5e5-3a1a9f8c44ac/element [4.025352ms] ERR:404 body={"strategy":"-android uiautomator","selector":"new UiSelector().descriptionContains(\"Welcome to\")"...
05:37:28.900278 POST /session/a880ccf9-282d-4356-b5e5-3a1a9f8c44ac/element [3.763024ms] ERR:404 body={"strategy":"-android uiautomator","selector":"new UiSelector().textMatches(\"(?is).*\\QWelcome to\\...
05:37:28.904173 POST /session/a880ccf9-282d-4356-b5e5-3a1a9f8c44ac/element [3.832914ms] ERR:404 body={"strategy":"-android uiautomator","selector":"new UiSelector().descriptionMatches(\"(?is).*\\QWelco...
05:37:28.908136 POST /session/a880ccf9-282d-4356-b5e5-3a1a9f8c44ac/element [3.874973ms] ERR:404 body={"strategy":"-android uiautomator","selector":"new UiSelector().textContains(\"Welcome to\")"}
05:37:28.912565 POST /session/a880ccf9-282d-4356-b5e5-3a1a9f8c44ac/element [4.352724ms] ERR:404 body={"strategy":"-android uiautomator","selector":"new UiSelector().descriptionContains(\"Welcome to\")"...
05:37:28.916096 POST /session/a880ccf9-282d-4356-b5e5-3a1a9f8c44ac/element [3.439596ms] ERR:404 body={"strategy":"-android uiautomator","selector":"new UiSelector().textMatches(\"(?is).*\\QWelcome to\\...
05:37:28.920400 POST /session/a880ccf9-282d-4356-b5e5-3a1a9f8c44ac/element [4.215488ms] ERR:404 body={"strategy":"-android uiautomator","selector":"new UiSelector().descriptionMatches(\"(?is).*\\QWelco...
05:37:28.924007 POST /session/a880ccf9-282d-4356-b5e5-3a1a9f8c44ac/element [3.52326ms] ERR:404 body={"strategy":"-android uiautomator","selector":"new UiSelector().textContains(\"Welcome to\")"}
05:37:28.927319 POST /session/a880ccf9-282d-4356-b5e5-3a1a9f8c44ac/element [3.229288ms] ERR:404 body={"strategy":"-android uiautomator","selector":"new UiSelector().descriptionContains(\"Welcome to\")"...
05:37:28.931619 POST /session/a880ccf9-282d-4356-b5e5-3a1a9f8c44ac/element [4.218429ms] ERR:404 body={"strategy":"-android uiautomator","selector":"new UiSelector().textMatches(\"(?is).*\\QWelcome to\\...
05:37:28.936272 POST /session/a880ccf9-282d-4356-b5e5-3a1a9f8c44ac/element [4.567045ms] ERR:404 body={"strategy":"-android uiautomator","selector":"new UiSelector().descriptionMatches(\"(?is).*\\QWelco...
05:37:28.940753 POST /session/a880ccf9-282d-4356-b5e5-3a1a9f8c44ac/element [4.401846ms] ERR:404 body={"strategy":"-android uiautomator","selector":"new UiSelector().textContains(\"Welcome to\")"}
05:37:28.945396 POST /session/a880ccf9-282d-4356-b5e5-3a1a9f8c44ac/element [4.53283ms] ERR:404 body={"strategy":"-android uiautomator","selector":"new UiSelector().descriptionContains(\"Welcome to\")"...
05:37:28.948957 POST /session/a880ccf9-282d-4356-b5e5-3a1a9f8c44ac/element [3.461692ms] ERR:404 body={"strategy":"-android uiautomator","selector":"new UiSelector().textMatches(\"(?is).*\\QWelcome to\\...
05:37:28.953388 POST /session/a880ccf9-282d-4356-b5e5-3a1a9f8c44ac/element [4.320751ms] ERR:404 body={"strategy":"-android uiautomator","selector":"new UiSelector().descriptionMatches(\"(?is).*\\QWelco...
05:37:28.957058 POST /session/a880ccf9-282d-4356-b5e5-3a1a9f8c44ac/element [3.558542ms] ERR:404 body={"strategy":"-android uiautomator","selector":"new UiSelector().textContains(\"Welcome to\")"}
05:37:28.961164 POST /session/a880ccf9-282d-4356-b5e5-3a1a9f8c44ac/element [3.971848ms] ERR:404 body={"strategy":"-android uiautomator","selector":"new UiSelector().descriptionContains(\"Welcome to\")"...
05:37:28.965245 POST /session/a880ccf9-282d-4356-b5e5-3a1a9f8c44ac/element [3.922121ms] ERR:404 body={"strategy":"-android uiautomator","selector":"new UiSelector().textMatches(\"(?is).*\\QWelcome to\\...
05:37:28.969342 POST /session/a880ccf9-282d-4356-b5e5-3a1a9f8c44ac/element [3.990882ms] ERR:404 body={"strategy":"-android uiautomator","selector":"new UiSelector().descriptionMatches(\"(?is).*\\QWelco...
05:37:28.973753 POST /session/a880ccf9-282d-4356-b5e5-3a1a9f8c44ac/element [4.321863ms] ERR:404 body={"strategy":"-android uiautomator","selector":"new UiSelector().textContains(\"Welcome to\")"}
05:37:28.978069 POST /session/a880ccf9-282d-4356-b5e5-3a1a9f8c44ac/element [4.198391ms] ERR:404 body={"strategy":"-android uiautomator","selector":"new UiSelector().descriptionContains(\"Welcome to\")"...
05:37:28.982651 POST /session/a880ccf9-282d-4356-b5e5-3a1a9f8c44ac/element [4.477423ms] ERR:404 body={"strategy":"-android uiautomator","selector":"new UiSelector().textMatches(\"(?is).*\\QWelcome to\\...
05:37:28.985950 POST /session/a880ccf9-282d-4356-b5e5-3a1a9f8c44ac/element [3.214139ms] ERR:404 body={"strategy":"-android uiautomator","selector":"new UiSelector().descriptionMatches(\"(?is).*\\QWelco...
05:37:28.989279 POST /session/a880ccf9-282d-4356-b5e5-3a1a9f8c44ac/element [3.240217ms] ERR:404 body={"strategy":"-android uiautomator","selector":"new UiSelector().textContains(\"Welcome to\")"}
05:37:28.993554 POST /session/a880ccf9-282d-4356-b5e5-3a1a9f8c44ac/element [4.170765ms] ERR:404 body={"strategy":"-android uiautomator","selector":"new UiSelector().descriptionContains(\"Welcome to\")"...
05:37:28.997083 POST /session/a880ccf9-282d-4356-b5e5-3a1a9f8c44ac/element [3.425814ms] ERR:404 body={"strategy":"-android uiautomator","selector":"new UiSelector().textMatches(\"(?is).*\\QWelcome to\\...
05:37:29.000330 POST /session/a880ccf9-282d-4356-b5e5-3a1a9f8c44ac/element [3.139875ms] ERR:404 body={"strategy":"-android uiautomator","selector":"new UiSelector().descriptionMatches(\"(?is).*\\QWelco...
05:37:29.004014 POST /session/a880ccf9-282d-4356-b5e5-3a1a9f8c44ac/element [3.596022ms] ERR:404 body={"strategy":"-android uiautomator","selector":"new UiSelector().textContains(\"Welcome to\")"}
05:37:29.008324 POST /session/a880ccf9-282d-4356-b5e5-3a1a9f8c44ac/element [4.217688ms] ERR:404 body={"strategy":"-android uiautomator","selector":"new UiSelector().descriptionContains(\"Welcome to\")"...
05:37:29.012275 POST /session/a880ccf9-282d-4356-b5e5-3a1a9f8c44ac/element [3.844245ms] ERR:404 body={"strategy":"-android uiautomator","selector":"new UiSelector().textMatches(\"(?is).*\\QWelcome to\\...
05:37:29.016045 POST /session/a880ccf9-282d-4356-b5e5-3a1a9f8c44ac/element [3.658729ms] ERR:404 body={"strategy":"-android uiautomator","selector":"new UiSelector().descriptionMatches(\"(?is).*\\QWelco...
05:37:29.020326 POST /session/a880ccf9-282d-4356-b5e5-3a1a9f8c44ac/element [4.190457ms] ERR:404 body={"strategy":"-android uiautomator","selector":"new UiSelector().textContains(\"Welcome to\")"}
05:37:29.024174 POST /session/a880ccf9-282d-4356-b5e5-3a1a9f8c44ac/element [3.722733ms] ERR:404 body={"strategy":"-android uiautomator","selector":"new UiSelector().descriptionContains(\"Welcome to\")"...
05:37:29.028496 POST /session/a880ccf9-282d-4356-b5e5-3a1a9f8c44ac/element [4.205525ms] ERR:404 body={"strategy":"-android uiautomator","selector":"new UiSelector().textMatches(\"(?is).*\\QWelcome to\\...
05:37:29.032381 POST /session/a880ccf9-282d-4356-b5e5-3a1a9f8c44ac/element [3.785641ms] ERR:404 body={"strategy":"-android uiautomator","selector":"new UiSelector().descriptionMatches(\"(?is).*\\QWelco...
05:37:29.036028 POST /session/a880ccf9-282d-4356-b5e5-3a1a9f8c44ac/element [3.558692ms] ERR:404 body={"strategy":"-android uiautomator","selector":"new UiSelector().textContains(\"Welcome to\")"}
05:37:29.040224 POST /session/a880ccf9-282d-4356-b5e5-3a1a9f8c44ac/element [4.100834ms] ERR:404 body={"strategy":"-android uiautomator","selector":"new UiSelector().descriptionContains(\"Welcome to\")"...
05:37:29.044547 POST /session/a880ccf9-282d-4356-b5e5-3a1a9f8c44ac/element [4.188918ms] ERR:404 body={"strategy":"-android uiautomator","selector":"new UiSelector().textMatches(\"(?is).*\\QWelcome to\\...
05:37:29.048226 POST /session/a880ccf9-282d-4356-b5e5-3a1a9f8c44ac/element [3.590478ms] ERR:404 body={"strategy":"-android uiautomator","selector":"new UiSelector().descriptionMatches(\"(?is).*\\QWelco...
05:37:29.052149 POST /session/a880ccf9-282d-4356-b5e5-3a1a9f8c44ac/element [3.786998ms] ERR:404 body={"strategy":"-android uiautomator","selector":"new UiSelector().textContains(\"Welcome to\")"}
05:37:29.056336 POST /session/a880ccf9-282d-4356-b5e5-3a1a9f8c44ac/element [4.057047ms] ERR:404 body={"strategy":"-android uiautomator","selector":"new UiSelector().descriptionContains(\"Welcome to\")"...
05:37:29.060145 POST /session/a880ccf9-282d-4356-b5e5-3a1a9f8c44ac/element [3.715124ms] ERR:404 body={"strategy":"-android uiautomator","selector":"new UiSelector().textMatches(\"(?is).*\\QWelcome to\\...
05:37:29.064192 POST /session/a880ccf9-282d-4356-b5e5-3a1a9f8c44ac/element [3.919446ms] ERR:404 body={"strategy":"-android uiautomator","selector":"new UiSelector().descriptionMatches(\"(?is).*\\QWelco...
05:37:29.068034 POST /session/a880ccf9-282d-4356-b5e5-3a1a9f8c44ac/element [3.722768ms] ERR:404 body={"strategy":"-android uiautomator","selector":"new UiSelector().textContains(\"Welcome to\")"}
05:37:29.072557 POST /session/a880ccf9-282d-4356-b5e5-3a1a9f8c44ac/element [4.423461ms] ERR:404 body={"strategy":"-android uiautomator","selector":"new UiSelector().descriptionContains(\"Welcome to\")"...
05:37:29.076138 POST /session/a880ccf9-282d-4356-b5e5-3a1a9f8c44ac/element [3.51446ms] ERR:404 body={"strategy":"-android uiautomator","selector":"new UiSelector().textMatches(\"(?is).*\\QWelcome to\\...
05:37:29.080002 POST /session/a880ccf9-282d-4356-b5e5-3a1a9f8c44ac/element [3.758094ms] ERR:404 body={"strategy":"-android uiautomator","selector":"new UiSelector().descriptionMatches(\"(?is).*\\QWelco...
05:37:29.084509 POST /session/a880ccf9-282d-4356-b5e5-3a1a9f8c44ac/element [4.429308ms] ERR:404 body={"strategy":"-android uiautomator","selector":"new UiSelector().textContains(\"Welcome to\")"}
05:37:29.088242 POST /session/a880ccf9-282d-4356-b5e5-3a1a9f8c44ac/element [3.635236ms] ERR:404 body={"strategy":"-android uiautomator","selector":"new UiSelector().descriptionContains(\"Welcome to\")"...
05:37:29.094394 POST /session/a880ccf9-282d-4356-b5e5-3a1a9f8c44ac/element [6.034484ms] ERR:404 body={"strategy":"-android uiautomator","selector":"new UiSelector().textMatches(\"(?is).*\\QWelcome to\\...
05:37:29.100409 POST /session/a880ccf9-282d-4356-b5e5-3a1a9f8c44ac/element [5.928275ms] ERR:404 body={"strategy":"-android uiautomator","selector":"new UiSelector().descriptionMatches(\"(?is).*\\QWelco...
05:37:29.104152 POST /session/a880ccf9-282d-4356-b5e5-3a1a9f8c44ac/element [3.592056ms] ERR:404 body={"strategy":"-android uiautomator","selector":"new UiSelector().textContains(\"Welcome to\")"}
05:37:29.108107 POST /session/a880ccf9-282d-4356-b5e5-3a1a9f8c44ac/element [3.792934ms] ERR:404 body={"strategy":"-android uiautomator","selector":"new UiSelector().descriptionContains(\"Welcome to\")"...
05:37:29.112209 POST /session/a880ccf9-282d-4356-b5e5-3a1a9f8c44ac/element [3.981465ms] ERR:404 body={"strategy":"-android uiautomator","selector":"new UiSelector().textMatches(\"(?is).*\\QWelcome to\\...
05:37:29.116020 POST /session/a880ccf9-282d-4356-b5e5-3a1a9f8c44ac/element [3.720985ms] ERR:404 body={"strategy":"-android uiautomator","selector":"new UiSelector().descriptionMatches(\"(?is).*\\QWelco...
05:37:29.119195 POST /session/a880ccf9-282d-4356-b5e5-3a1a9f8c44ac/element [3.075173ms] ERR:404 body={"strategy":"-android uiautomator","selector":"new UiSelector().textContains(\"Welcome to\")"}
05:37:29.122394 POST /session/a880ccf9-282d-4356-b5e5-3a1a9f8c44ac/element [3.096315ms] ERR:404 body={"strategy":"-android uiautomator","selector":"new UiSelector().descriptionContains(\"Welcome to\")"...
05:37:29.126256 POST /session/a880ccf9-282d-4356-b5e5-3a1a9f8c44ac/element [3.772391ms] ERR:404 body={"strategy":"-android uiautomator","selector":"new UiSelector().textMatches(\"(?is).*\\QWelcome to\\...
05:37:29.130147 POST /session/a880ccf9-282d-4356-b5e5-3a1a9f8c44ac/element [3.762963ms] ERR:404 body={"strategy":"-android uiautomator","selector":"new UiSelector().descriptionMatches(\"(?is).*\\QWelco...
05:37:29.133501 POST /session/a880ccf9-282d-4356-b5e5-3a1a9f8c44ac/element [3.233485ms] ERR:404 body={"strategy":"-android uiautomator","selector":"new UiSelector().textContains(\"Welcome to\")"}
05:37:29.137202 POST /session/a880ccf9-282d-4356-b5e5-3a1a9f8c44ac/element [3.61321ms] ERR:404 body={"strategy":"-android uiautomator","selector":"new UiSelector().descriptionContains(\"Welcome to\")"...
05:37:29.141032 POST /session/a880ccf9-282d-4356-b5e5-3a1a9f8c44ac/element [3.725528ms] ERR:404 body={"strategy":"-android uiautomator","selector":"new UiSelector().textMatches(\"(?is).*\\QWelcome to\\...
05:37:29.145022 POST /session/a880ccf9-282d-4356-b5e5-3a1a9f8c44ac/element [3.897961ms] ERR:404 body={"strategy":"-android uiautomator","selector":"new UiSelector().descriptionMatches(\"(?is).*\\QWelco...
05:37:29.149034 POST /session/a880ccf9-282d-4356-b5e5-3a1a9f8c44ac/element [3.930666ms] ERR:404 body={"strategy":"-android uiautomator","selector":"new UiSelector().textContains(\"Welcome to\")"}
05:37:29.152432 POST /session/a880ccf9-282d-4356-b5e5-3a1a9f8c44ac/element [3.326724ms] ERR:404 body={"strategy":"-android uiautomator","selector":"new UiSelector().descriptionContains(\"Welcome to\")"...
05:37:29.156149 POST /session/a880ccf9-282d-4356-b5e5-3a1a9f8c44ac/element [3.624966ms] ERR:404 body={"strategy":"-android uiautomator","selector":"new UiSelector().textMatches(\"(?is).*\\QWelcome to\\...
05:37:29.160120 POST /session/a880ccf9-282d-4356-b5e5-3a1a9f8c44ac/element [3.856879ms] ERR:404 body={"strategy":"-android uiautomator","selector":"new UiSelector().descriptionMatches(\"(?is).*\\QWelco...
05:37:29.164253 POST /session/a880ccf9-282d-4356-b5e5-3a1a9f8c44ac/element [4.008877ms] ERR:404 body={"strategy":"-android uiautomator","selector":"new UiSelector().textContains(\"Welcome to\")"}
05:37:29.168149 POST /session/a880ccf9-282d-4356-b5e5-3a1a9f8c44ac/element [3.781973ms] ERR:404 body={"strategy":"-android uiautomator","selector":"new UiSelector().descriptionContains(\"Welcome to\")"...
05:37:29.172171 POST /session/a880ccf9-282d-4356-b5e5-3a1a9f8c44ac/element [3.887947ms] ERR:404 body={"strategy":"-android uiautomator","selector":"new UiSelector().textMatches(\"(?is).*\\QWelcome to\\...
05:37:29.175846 POST /session/a880ccf9-282d-4356-b5e5-3a1a9f8c44ac/element [3.544676ms] ERR:404 body={"strategy":"-android uiautomator","selector":"new UiSelector().descriptionMatches(\"(?is).*\\QWelco...
05:37:29.179074 POST /session/a880ccf9-282d-4356-b5e5-3a1a9f8c44ac/element [3.168594ms] ERR:404 body={"strategy":"-android uiautomator","selector":"new UiSelector().textContains(\"Welcome to\")"}
05:37:29.182547 POST /session/a880ccf9-282d-4356-b5e5-3a1a9f8c44ac/element [3.390796ms] ERR:404 body={"strategy":"-android uiautomator","selector":"new UiSelector().descriptionContains(\"Welcome to\")"...
05:37:29.185990 POST /session/a880ccf9-282d-4356-b5e5-3a1a9f8c44ac/element [3.344533ms] ERR:404 body={"strategy":"-android uiautomator","selector":"new UiSelector().textMatches(\"(?is).*\\QWelcome to\\...
05:37:29.190102 POST /session/a880ccf9-282d-4356-b5e5-3a1a9f8c44ac/element [3.676508ms] ERR:404 body={"strategy":"-android uiautomator","selector":"new UiSelector().descriptionMatches(\"(?is).*\\QWelco...
05:37:29.194506 POST /session/a880ccf9-282d-4356-b5e5-3a1a9f8c44ac/element [4.257106ms] ERR:404 body={"strategy":"-android uiautomator","selector":"new UiSelector().textContains(\"Welcome to\")"}
05:37:29.198172 POST /session/a880ccf9-282d-4356-b5e5-3a1a9f8c44ac/element [3.572025ms] ERR:404 body={"strategy":"-android uiautomator","selector":"new UiSelector().descriptionContains(\"Welcome to\")"...
05:37:29.203435 POST /session/a880ccf9-282d-4356-b5e5-3a1a9f8c44ac/element [5.158809ms] ERR:404 body={"strategy":"-android uiautomator","selector":"new UiSelector().textMatches(\"(?is).*\\QWelcome to\\...
05:37:29.207310 POST /session/a880ccf9-282d-4356-b5e5-3a1a9f8c44ac/element [3.788904ms] ERR:404 body={"strategy":"-android uiautomator","selector":"new UiSelector().descriptionMatches(\"(?is).*\\QWelco...
05:37:29.211506 POST /session/a880ccf9-282d-4356-b5e5-3a1a9f8c44ac/element [4.10966ms] ERR:404 body={"strategy":"-android uiautomator","selector":"new UiSelector().textContains(\"Welcome to\")"}
05:37:29.215112 POST /session/a880ccf9-282d-4356-b5e5-3a1a9f8c44ac/element [3.467293ms] ERR:404 body={"strategy":"-android uiautomator","selector":"new UiSelector().descriptionContains(\"Welcome to\")"...
05:37:29.219221 POST /session/a880ccf9-282d-4356-b5e5-3a1a9f8c44ac/element [3.981808ms] ERR:404 body={"strategy":"-android uiautomator","selector":"new UiSelector().textMatches(\"(?is).*\\QWelcome to\\...
05:37:29.223373 POST /session/a880ccf9-282d-4356-b5e5-3a1a9f8c44ac/element [4.033544ms] ERR:404 body={"strategy":"-android uiautomator","selector":"new UiSelector().descriptionMatches(\"(?is).*\\QWelco...
05:37:29.226914 POST /session/a880ccf9-282d-4356-b5e5-3a1a9f8c44ac/element [3.467731ms] ERR:404 body={"strategy":"-android uiautomator","selector":"new UiSelector().textContains(\"Welcome to\")"}
05:37:29.231261 POST /session/a880ccf9-282d-4356-b5e5-3a1a9f8c44ac/element [4.278646ms] ERR:404 body={"strategy":"-android uiautomator","selector":"new UiSelector().descriptionContains(\"Welcome to\")"...
05:37:29.235463 POST /session/a880ccf9-282d-4356-b5e5-3a1a9f8c44ac/element [4.123838ms] ERR:404 body={"strategy":"-android uiautomator","selector":"new UiSelector().textMatches(\"(?is).*\\QWelcome to\\...
05:37:29.239442 POST /session/a880ccf9-282d-4356-b5e5-3a1a9f8c44ac/element [3.887686ms] ERR:404 body={"strategy":"-android uiautomator","selector":"new UiSelector().descriptionMatches(\"(?is).*\\QWelco...
05:37:29.243285 POST /session/a880ccf9-282d-4356-b5e5-3a1a9f8c44ac/element [3.741163ms] ERR:404 body={"strategy":"-android uiautomator","selector":"new UiSelector().textContains(\"Welcome to\")"}
05:37:29.247206 POST /session/a880ccf9-282d-4356-b5e5-3a1a9f8c44ac/element [3.840188ms] ERR:404 body={"strategy":"-android uiautomator","selector":"new UiSelector().descriptionContains(\"Welcome to\")"...
05:37:29.251540 POST /session/a880ccf9-282d-4356-b5e5-3a1a9f8c44ac/element [4.220808ms] ERR:404 body={"strategy":"-android uiautomator","selector":"new UiSelector().textMatches(\"(?is).*\\QWelcome to\\...
05:37:29.255246 POST /session/a880ccf9-282d-4356-b5e5-3a1a9f8c44ac/element [3.638571ms] ERR:404 body={"strategy":"-android uiautomator","selector":"new UiSelector().descriptionMatches(\"(?is).*\\QWelco...
05:37:29.259559 POST /session/a880ccf9-282d-4356-b5e5-3a1a9f8c44ac/element [4.186494ms] ERR:404 body={"strategy":"-android uiautomator","selector":"new UiSelector().textContains(\"Welcome to\")"}
05:37:29.263254 POST /session/a880ccf9-282d-4356-b5e5-3a1a9f8c44ac/element [3.618043ms] ERR:404 body={"strategy":"-android uiautomator","selector":"new UiSelector().descriptionContains(\"Welcome to\")"...
05:37:29.267404 POST /session/a880ccf9-282d-4356-b5e5-3a1a9f8c44ac/element [4.051472ms] ERR:404 body={"strategy":"-android uiautomator","selector":"new UiSelector().textMatches(\"(?is).*\\QWelcome to\\...
05:37:29.271172 POST /session/a880ccf9-282d-4356-b5e5-3a1a9f8c44ac/element [3.703442ms] ERR:404 body={"strategy":"-android uiautomator","selector":"new UiSelector().descriptionMatches(\"(?is).*\\QWelco...
05:37:29.275117 POST /session/a880ccf9-282d-4356-b5e5-3a1a9f8c44ac/element [3.822184ms] ERR:404 body={"strategy":"-android uiautomator","selector":"new UiSelector().textContains(\"Welcome to\")"}
05:37:29.279671 POST /session/a880ccf9-282d-4356-b5e5-3a1a9f8c44ac/element [4.462397ms] ERR:404 body={"strategy":"-android uiautomator","selector":"new UiSelector().descriptionContains(\"Welcome to\")"...
05:37:29.283670 POST /session/a880ccf9-282d-4356-b5e5-3a1a9f8c44ac/element [3.936477ms] ERR:404 body={"strategy":"-android uiautomator","selector":"new UiSelector().textMatches(\"(?is).*\\QWelcome to\\...
05:37:29.287738 POST /session/a880ccf9-282d-4356-b5e5-3a1a9f8c44ac/element [3.989066ms] ERR:404 body={"strategy":"-android uiautomator","selector":"new UiSelector().descriptionMatches(\"(?is).*\\QWelco...
05:37:29.291526 POST /session/a880ccf9-282d-4356-b5e5-3a1a9f8c44ac/element [3.704905ms] ERR:404 body={"strategy":"-android uiautomator","selector":"new UiSelector().textContains(\"Welcome to\")"}
05:37:29.295466 POST /session/a880ccf9-282d-4356-b5e5-3a1a9f8c44ac/element [3.854525ms] ERR:404 body={"strategy":"-android uiautomator","selector":"new UiSelector().descriptionContains(\"Welcome to\")"...
05:37:29.299161 POST /session/a880ccf9-282d-4356-b5e5-3a1a9f8c44ac/element [3.622762ms] ERR:404 body={"strategy":"-android uiautomator","selector":"new UiSelector().textMatches(\"(?is).*\\QWelcome to\\...
05:37:29.303847 POST /session/a880ccf9-282d-4356-b5e5-3a1a9f8c44ac/element [4.582436ms] ERR:404 body={"strategy":"-android uiautomator","selector":"new UiSelector().descriptionMatches(\"(?is).*\\QWelco...
05:37:29.307819 POST /session/a880ccf9-282d-4356-b5e5-3a1a9f8c44ac/element [3.886855ms] ERR:404 body={"strategy":"-android uiautomator","selector":"new UiSelector().textContains(\"Welcome to\")"}
05:37:29.311781 POST /session/a880ccf9-282d-4356-b5e5-3a1a9f8c44ac/element [3.888356ms] ERR:404 body={"strategy":"-android uiautomator","selector":"new UiSelector().descriptionContains(\"Welcome to\")"...
05:37:29.315802 POST /session/a880ccf9-282d-4356-b5e5-3a1a9f8c44ac/element [3.933683ms] ERR:404 body={"strategy":"-android uiautomator","selector":"new UiSelector().textMatches(\"(?is).*\\QWelcome to\\...
05:37:29.320347 POST /session/a880ccf9-282d-4356-b5e5-3a1a9f8c44ac/element [4.452485ms] ERR:404 body={"strategy":"-android uiautomator","selector":"new UiSelector().descriptionMatches(\"(?is).*\\QWelco...
05:37:29.324403 POST /session/a880ccf9-282d-4356-b5e5-3a1a9f8c44ac/element [3.922577ms] ERR:404 body={"strategy":"-android uiautomator","selector":"new UiSelector().textContains(\"Welcome to\")"}
05:37:29.329583 POST /session/a880ccf9-282d-4356-b5e5-3a1a9f8c44ac/element [5.074521ms] ERR:404 body={"strategy":"-android uiautomator","selector":"new UiSelector().descriptionContains(\"Welcome to\")"...
05:37:29.333809 POST /session/a880ccf9-282d-4356-b5e5-3a1a9f8c44ac/element [4.131974ms] ERR:404 body={"strategy":"-android uiautomator","selector":"new UiSelector().textMatches(\"(?is).*\\QWelcome to\\...
05:37:29.337642 POST /session/a880ccf9-282d-4356-b5e5-3a1a9f8c44ac/element [3.718709ms] ERR:404 body={"strategy":"-android uiautomator","selector":"new UiSelector().descriptionMatches(\"(?is).*\\QWelco...
05:37:29.341436 POST /session/a880ccf9-282d-4356-b5e5-3a1a9f8c44ac/element [3.703024ms] ERR:404 body={"strategy":"-android uiautomator","selector":"new UiSelector().textContains(\"Welcome to\")"}
05:37:29.345337 POST /session/a880ccf9-282d-4356-b5e5-3a1a9f8c44ac/element [3.794092ms] ERR:404 body={"strategy":"-android uiautomator","selector":"new UiSelector().descriptionContains(\"Welcome to\")"...
05:37:29.349361 POST /session/a880ccf9-282d-4356-b5e5-3a1a9f8c44ac/element [3.947678ms] ERR:404 body={"strategy":"-android uiautomator","selector":"new UiSelector().textMatches(\"(?is).*\\QWelcome to\\...
05:37:29.353013 POST /session/a880ccf9-282d-4356-b5e5-3a1a9f8c44ac/element [3.554484ms] ERR:404 body={"strategy":"-android uiautomator","selector":"new UiSelector().descriptionMatches(\"(?is).*\\QWelco...
05:37:29.356675 POST /session/a880ccf9-282d-4356-b5e5-3a1a9f8c44ac/element [3.585793ms] ERR:404 body={"strategy":"-android uiautomator","selector":"new UiSelector().textContains(\"Welcome to\")"}
05:37:29.360446 POST /session/a880ccf9-282d-4356-b5e5-3a1a9f8c44ac/element [3.686221ms] ERR:404 body={"strategy":"-android uiautomator","selector":"new UiSelector().descriptionContains(\"Welcome to\")"...
05:37:29.364342 POST /session/a880ccf9-282d-4356-b5e5-3a1a9f8c44ac/element [3.7933ms] ERR:404 body={"strategy":"-android uiautomator","selector":"new UiSelector().textMatches(\"(?is).*\\QWelcome to\\...
05:37:29.368334 POST /session/a880ccf9-282d-4356-b5e5-3a1a9f8c44ac/element [3.895381ms] ERR:404 body={"strategy":"-android uiautomator","selector":"new UiSelector().descriptionMatches(\"(?is).*\\QWelco...
05:37:29.372521 POST /session/a880ccf9-282d-4356-b5e5-3a1a9f8c44ac/element [4.093681ms] ERR:404 body={"strategy":"-android uiautomator","selector":"new UiSelector().textContains(\"Welcome to\")"}
05:37:29.376253 POST /session/a880ccf9-282d-4356-b5e5-3a1a9f8c44ac/element [3.630194ms] ERR:404 body={"strategy":"-android uiautomator","selector":"new UiSelector().descriptionContains(\"Welcome to\")"...
05:37:29.380429 POST /session/a880ccf9-282d-4356-b5e5-3a1a9f8c44ac/element [4.088301ms] ERR:404 body={"strategy":"-android uiautomator","selector":"new UiSelector().textMatches(\"(?is).*\\QWelcome to\\...
05:37:29.384156 POST /session/a880ccf9-282d-4356-b5e5-3a1a9f8c44ac/element [3.632851ms] ERR:404 body={"strategy":"-android uiautomator","selector":"new UiSelector().descriptionMatches(\"(?is).*\\QWelco...
05:37:29.388260 POST /session/a880ccf9-282d-4356-b5e5-3a1a9f8c44ac/element [3.994466ms] ERR:404 body={"strategy":"-android uiautomator","selector":"new UiSelector().textContains(\"Welcome to\")"}
05:37:29.392339 POST /session/a880ccf9-282d-4356-b5e5-3a1a9f8c44ac/element [3.978797ms] ERR:404 body={"strategy":"-android uiautomator","selector":"new UiSelector().descriptionContains(\"Welcome to\")"...
05:37:29.396362 POST /session/a880ccf9-282d-4356-b5e5-3a1a9f8c44ac/element [3.926159ms] ERR:404 body={"strategy":"-android uiautomator","selector":"new UiSelector().textMatches(\"(?is).*\\QWelcome to\\...
05:37:29.400033 POST /session/a880ccf9-282d-4356-b5e5-3a1a9f8c44ac/element [3.562431ms] ERR:404 body={"strategy":"-android uiautomator","selector":"new UiSelector().descriptionMatches(\"(?is).*\\QWelco...
05:37:29.403988 POST /session/a880ccf9-282d-4356-b5e5-3a1a9f8c44ac/element [3.865123ms] ERR:404 body={"strategy":"-android uiautomator","selector":"new UiSelector().textContains(\"Welcome to\")"}
05:37:29.408226 POST /session/a880ccf9-282d-4356-b5e5-3a1a9f8c44ac/element [4.13895ms] ERR:404 body={"strategy":"-android uiautomator","selector":"new UiSelector().descriptionContains(\"Welcome to\")"...
05:37:29.412852 POST /session/a880ccf9-282d-4356-b5e5-3a1a9f8c44ac/element [4.49502ms] ERR:404 body={"strategy":"-android uiautomator","selector":"new UiSelector().textMatches(\"(?is).*\\QWelcome to\\...
05:37:29.417497 POST /session/a880ccf9-282d-4356-b5e5-3a1a9f8c44ac/element [4.551345ms] ERR:404 body={"strategy":"-android uiautomator","selector":"new UiSelector().descriptionMatches(\"(?is).*\\QWelco...
05:37:29.422095 POST /session/a880ccf9-282d-4356-b5e5-3a1a9f8c44ac/element [4.475353ms] ERR:404 body={"strategy":"-android uiautomator","selector":"new UiSelector().textContains(\"Welcome to\")"}
05:37:29.426525 POST /session/a880ccf9-282d-4356-b5e5-3a1a9f8c44ac/element [4.333699ms] ERR:404 body={"strategy":"-android uiautomator","selector":"new UiSelector().descriptionContains(\"Welcome to\")"...
05:37:29.430405 POST /session/a880ccf9-282d-4356-b5e5-3a1a9f8c44ac/element [3.76823ms] ERR:404 body={"strategy":"-android uiautomator","selector":"new UiSelector().textMatches(\"(?is).*\\QWelcome to\\...
05:37:29.435274 POST /session/a880ccf9-282d-4356-b5e5-3a1a9f8c44ac/element [4.761817ms] ERR:404 body={"strategy":"-android uiautomator","selector":"new UiSelector().descriptionMatches(\"(?is).*\\QWelco...
05:37:29.439393 POST /session/a880ccf9-282d-4356-b5e5-3a1a9f8c44ac/element [4.012245ms] ERR:404 body={"strategy":"-android uiautomator","selector":"new UiSelector().textContains(\"Welcome to\")"}
05:37:29.443896 POST /session/a880ccf9-282d-4356-b5e5-3a1a9f8c44ac/element [4.398875ms] ERR:404 body={"strategy":"-android uiautomator","selector":"new UiSelector().descriptionContains(\"Welcome to\")"...
05:37:29.449298 POST /session/a880ccf9-282d-4356-b5e5-3a1a9f8c44ac/element [5.301906ms] ERR:404 body={"strategy":"-android uiautomator","selector":"new UiSelector().textMatches(\"(?is).*\\QWelcome to\\...
05:37:29.453655 POST /session/a880ccf9-282d-4356-b5e5-3a1a9f8c44ac/element [4.261825ms] ERR:404 body={"strategy":"-android uiautomator","selector":"new UiSelector().descriptionMatches(\"(?is).*\\QWelco...
05:37:29.457772 POST /session/a880ccf9-282d-4356-b5e5-3a1a9f8c44ac/element [4.043584ms] ERR:404 body={"strategy":"-android uiautomator","selector":"new UiSelector().textContains(\"Welcome to\")"}
05:37:29.461556 POST /session/a880ccf9-282d-4356-b5e5-3a1a9f8c44ac/element [3.683405ms] ERR:404 body={"strategy":"-android uiautomator","selector":"new UiSelector().descriptionContains(\"Welcome to\")"...
05:37:29.465369 POST /session/a880ccf9-282d-4356-b5e5-3a1a9f8c44ac/element [3.722228ms] ERR:404 body={"strategy":"-android uiautomator","selector":"new UiSelector().textMatches(\"(?is).*\\QWelcome to\\...
05:37:29.469452 POST /session/a880ccf9-282d-4356-b5e5-3a1a9f8c44ac/element [4.003627ms] ERR:404 body={"strategy":"-android uiautomator","selector":"new UiSelector().descriptionMatches(\"(?is).*\\QWelco...
05:37:29.473201 POST /session/a880ccf9-282d-4356-b5e5-3a1a9f8c44ac/element [3.645685ms] ERR:404 body={"strategy":"-android uiautomator","selector":"new UiSelector().textContains(\"Welcome to\")"}
05:37:29.477593 POST /session/a880ccf9-282d-4356-b5e5-3a1a9f8c44ac/element [4.27554ms] ERR:404 body={"strategy":"-android uiautomator","selector":"new UiSelector().descriptionContains(\"Welcome to\")"...
05:37:29.481824 POST /session/a880ccf9-282d-4356-b5e5-3a1a9f8c44ac/element [4.139672ms] ERR:404 body={"strategy":"-android uiautomator","selector":"new UiSelector().textMatches(\"(?is).*\\QWelcome to\\...
05:37:29.486418 POST /session/a880ccf9-282d-4356-b5e5-3a1a9f8c44ac/element [4.503306ms] ERR:404 body={"strategy":"-android uiautomator","selector":"new UiSelector().descriptionMatches(\"(?is).*\\QWelco...
05:37:29.490955 POST /session/a880ccf9-282d-4356-b5e5-3a1a9f8c44ac/element [4.419418ms] ERR:404 body={"strategy":"-android uiautomator","selector":"new UiSelector().textContains(\"Welcome to\")"}
05:37:29.495531 POST /session/a880ccf9-282d-4356-b5e5-3a1a9f8c44ac/element [4.475974ms] ERR:404 body={"strategy":"-android uiautomator","selector":"new UiSelector().descriptionContains(\"Welcome to\")"...
05:37:29.499911 POST /session/a880ccf9-282d-4356-b5e5-3a1a9f8c44ac/element [4.271473ms] ERR:404 body={"strategy":"-android uiautomator","selector":"new UiSelector().textMatches(\"(?is).*\\QWelcome to\\...
05:37:29.504760 POST /session/a880ccf9-282d-4356-b5e5-3a1a9f8c44ac/element [4.774261ms] ERR:404 body={"strategy":"-android uiautomator","selector":"new UiSelector().descriptionMatches(\"(?is).*\\QWelco...
05:37:29.509631 POST /session/a880ccf9-282d-4356-b5e5-3a1a9f8c44ac/element [4.772859ms] ERR:404 body={"strategy":"-android uiautomator","selector":"new UiSelector().textContains(\"Welcome to\")"}
05:37:29.514132 POST /session/a880ccf9-282d-4356-b5e5-3a1a9f8c44ac/element [4.412536ms] ERR:404 body={"strategy":"-android uiautomator","selector":"new UiSelector().descriptionContains(\"Welcome to\")"...
05:37:29.518994 POST /session/a880ccf9-282d-4356-b5e5-3a1a9f8c44ac/element [4.722625ms] ERR:404 body={"strategy":"-android uiautomator","selector":"new UiSelector().textMatches(\"(?is).*\\QWelcome to\\...
05:37:29.523776 POST /session/a880ccf9-282d-4356-b5e5-3a1a9f8c44ac/element [4.68788ms] ERR:404 body={"strategy":"-android uiautomator","selector":"new UiSelector().descriptionMatches(\"(?is).*\\QWelco...
05:37:29.528562 POST /session/a880ccf9-282d-4356-b5e5-3a1a9f8c44ac/element [4.042327ms] ERR:404 body={"strategy":"-android uiautomator","selector":"new UiSelector().textContains(\"Welcome to\")"}
05:37:29.533215 POST /session/a880ccf9-282d-4356-b5e5-3a1a9f8c44ac/element [4.515579ms] ERR:404 body={"strategy":"-android uiautomator","selector":"new UiSelector().descriptionContains(\"Welcome to\")"...
05:37:29.538157 POST /session/a880ccf9-282d-4356-b5e5-3a1a9f8c44ac/element [4.838131ms] ERR:404 body={"strategy":"-android uiautomator","selector":"new UiSelector().textMatches(\"(?is).*\\QWelcome to\\...
05:37:29.542888 POST /session/a880ccf9-282d-4356-b5e5-3a1a9f8c44ac/element [4.625023ms] ERR:404 body={"strategy":"-android uiautomator","selector":"new UiSelector().descriptionMatches(\"(?is).*\\QWelco...
05:37:29.547390 POST /session/a880ccf9-282d-4356-b5e5-3a1a9f8c44ac/element [4.417225ms] ERR:404 body={"strategy":"-android uiautomator","selector":"new UiSelector().textContains(\"Welcome to\")"}
05:37:29.551974 POST /session/a880ccf9-282d-4356-b5e5-3a1a9f8c44ac/element [4.489399ms] ERR:404 body={"strategy":"-android uiautomator","selector":"new UiSelector().descriptionContains(\"Welcome to\")"...
05:37:29.556798 POST /session/a880ccf9-282d-4356-b5e5-3a1a9f8c44ac/element [4.731551ms] ERR:404 body={"strategy":"-android uiautomator","selector":"new UiSelector().textMatches(\"(?is).*\\QWelcome to\\...
05:37:29.561422 POST /session/a880ccf9-282d-4356-b5e5-3a1a9f8c44ac/element [4.543029ms] ERR:404 body={"strategy":"-android uiautomator","selector":"new UiSelector().descriptionMatches(\"(?is).*\\QWelco...
05:37:29.566238 POST /session/a880ccf9-282d-4356-b5e5-3a1a9f8c44ac/element [4.724298ms] ERR:404 body={"strategy":"-android uiautomator","selector":"new UiSelector().textContains(\"Welcome to\")"}
05:37:29.571095 POST /session/a880ccf9-282d-4356-b5e5-3a1a9f8c44ac/element [4.716935ms] ERR:404 body={"strategy":"-android uiautomator","selector":"new UiSelector().descriptionContains(\"Welcome to\")"...
05:37:29.577375 POST /session/a880ccf9-282d-4356-b5e5-3a1a9f8c44ac/element [6.183341ms] ERR:404 body={"strategy":"-android uiautomator","selector":"new UiSelector().textMatches(\"(?is).*\\QWelcome to\\...
05:37:29.583017 POST /session/a880ccf9-282d-4356-b5e5-3a1a9f8c44ac/element [5.559026ms] ERR:404 body={"strategy":"-android uiautomator","selector":"new UiSelector().descriptionMatches(\"(?is).*\\QWelco...
05:37:29.588506 POST /session/a880ccf9-282d-4356-b5e5-3a1a9f8c44ac/element [5.387235ms] ERR:404 body={"strategy":"-android uiautomator","selector":"new UiSelector().textContains(\"Welcome to\")"}
05:37:29.593073 POST /session/a880ccf9-282d-4356-b5e5-3a1a9f8c44ac/element [4.47929ms] ERR:404 body={"strategy":"-android uiautomator","selector":"new UiSelector().descriptionContains(\"Welcome to\")"...
05:37:29.597141 POST /session/a880ccf9-282d-4356-b5e5-3a1a9f8c44ac/element [3.996189ms] ERR:404 body={"strategy":"-android uiautomator","selector":"new UiSelector().textMatches(\"(?is).*\\QWelcome to\\...
05:37:29.601070 POST /session/a880ccf9-282d-4356-b5e5-3a1a9f8c44ac/element [3.844215ms] ERR:404 body={"strategy":"-android uiautomator","selector":"new UiSelector().descriptionMatches(\"(?is).*\\QWelco...
05:37:29.605513 POST /session/a880ccf9-282d-4356-b5e5-3a1a9f8c44ac/element [4.379554ms] ERR:404 body={"strategy":"-android uiautomator","selector":"new UiSelector().textContains(\"Welcome to\")"}
05:37:29.609602 POST /session/a880ccf9-282d-4356-b5e5-3a1a9f8c44ac/element [4.012149ms] ERR:404 body={"strategy":"-android uiautomator","selector":"new UiSelector().descriptionContains(\"Welcome to\")"...
05:37:29.613617 POST /session/a880ccf9-282d-4356-b5e5-3a1a9f8c44ac/element [3.882798ms] ERR:404 body={"strategy":"-android uiautomator","selector":"new UiSelector().textMatches(\"(?is).*\\QWelcome to\\...
05:37:29.617645 POST /session/a880ccf9-282d-4356-b5e5-3a1a9f8c44ac/element [3.938201ms] ERR:404 body={"strategy":"-android uiautomator","selector":"new UiSelector().descriptionMatches(\"(?is).*\\QWelco...
05:37:29.621630 POST /session/a880ccf9-282d-4356-b5e5-3a1a9f8c44ac/element [3.892986ms] ERR:404 body={"strategy":"-android uiautomator","selector":"new UiSelector().textContains(\"Welcome to\")"}
05:37:29.625906 POST /session/a880ccf9-282d-4356-b5e5-3a1a9f8c44ac/element [4.182567ms] ERR:404 body={"strategy":"-android uiautomator","selector":"new UiSelector().descriptionContains(\"Welcome to\")"...
05:37:29.629891 POST /session/a880ccf9-282d-4356-b5e5-3a1a9f8c44ac/element [3.906705ms] ERR:404 body={"strategy":"-android uiautomator","selector":"new UiSelector().textMatches(\"(?is).*\\QWelcome to\\...
05:37:29.634051 POST /session/a880ccf9-282d-4356-b5e5-3a1a9f8c44ac/element [4.067513ms] ERR:404 body={"strategy":"-android uiautomator","selector":"new UiSelector().descriptionMatches(\"(?is).*\\QWelco...
05:37:29.638528 POST /session/a880ccf9-282d-4356-b5e5-3a1a9f8c44ac/element [4.365688ms] ERR:404 body={"strategy":"-android uiautomator","selector":"new UiSelector().textContains(\"Welcome to\")"}
05:37:29.642985 POST /session/a880ccf9-282d-4356-b5e5-3a1a9f8c44ac/element [4.364844ms] ERR:404 body={"strategy":"-android uiautomator","selector":"new UiSelector().descriptionContains(\"Welcome to\")"...
05:37:29.647142 POST /session/a880ccf9-282d-4356-b5e5-3a1a9f8c44ac/element [4.080839ms] ERR:404 body={"strategy":"-android uiautomator","selector":"new UiSelector().textMatches(\"(?is).*\\QWelcome to\\...
05:37:29.651533 POST /session/a880ccf9-282d-4356-b5e5-3a1a9f8c44ac/element [4.305426ms] ERR:404 body={"strategy":"-android uiautomator","selector":"new UiSelector().descriptionMatches(\"(?is).*\\QWelco...
05:37:29.656207 POST /session/a880ccf9-282d-4356-b5e5-3a1a9f8c44ac/element [4.55363ms] ERR:404 body={"strategy":"-android uiautomator","selector":"new UiSelector().textContains(\"Welcome to\")"}
05:37:29.660687 POST /session/a880ccf9-282d-4356-b5e5-3a1a9f8c44ac/element [4.363314ms] ERR:404 body={"strategy":"-android uiautomator","selector":"new UiSelector().descriptionContains(\"Welcome to\")"...
05:37:29.665109 POST /session/a880ccf9-282d-4356-b5e5-3a1a9f8c44ac/element [4.332656ms] ERR:404 body={"strategy":"-android uiautomator","selector":"new UiSelector().textMatches(\"(?is).*\\QWelcome to\\...
05:37:29.669497 POST /session/a880ccf9-282d-4356-b5e5-3a1a9f8c44ac/element [4.296348ms] ERR:404 body={"strategy":"-android uiautomator","selector":"new UiSelector().descriptionMatches(\"(?is).*\\QWelco...
05:37:29.674031 POST /session/a880ccf9-282d-4356-b5e5-3a1a9f8c44ac/element [4.432776ms] ERR:404 body={"strategy":"-android uiautomator","selector":"new UiSelector().textContains(\"Welcome to\")"}
05:37:29.678114 POST /session/a880ccf9-282d-4356-b5e5-3a1a9f8c44ac/element [4.016317ms] ERR:404 body={"strategy":"-android uiautomator","selector":"new UiSelector().descriptionContains(\"Welcome to\")"...
05:37:29.682182 POST /session/a880ccf9-282d-4356-b5e5-3a1a9f8c44ac/element [3.994676ms] ERR:404 body={"strategy":"-android uiautomator","selector":"new UiSelector().textMatches(\"(?is).*\\QWelcome to\\...
05:37:29.686397 POST /session/a880ccf9-282d-4356-b5e5-3a1a9f8c44ac/element [4.121643ms] ERR:404 body={"strategy":"-android uiautomator","selector":"new UiSelector().descriptionMatches(\"(?is).*\\QWelco...
05:37:29.690390 POST /session/a880ccf9-282d-4356-b5e5-3a1a9f8c44ac/element [3.906692ms] ERR:404 body={"strategy":"-android uiautomator","selector":"new UiSelector().textContains(\"Welcome to\")"}
05:37:29.694574 POST /session/a880ccf9-282d-4356-b5e5-3a1a9f8c44ac/element [4.112116ms] ERR:404 body={"strategy":"-android uiautomator","selector":"new UiSelector().descriptionContains(\"Welcome to\")"...
05:37:29.698811 POST /session/a880ccf9-282d-4356-b5e5-3a1a9f8c44ac/element [4.162152ms] ERR:404 body={"strategy":"-android uiautomator","selector":"new UiSelector().textMatches(\"(?is).*\\QWelcome to\\...
05:37:29.703236 POST /session/a880ccf9-282d-4356-b5e5-3a1a9f8c44ac/element [4.321166ms] ERR:404 body={"strategy":"-android uiautomator","selector":"new UiSelector().descriptionMatches(\"(?is).*\\QWelco...
05:37:29.707440 POST /session/a880ccf9-282d-4356-b5e5-3a1a9f8c44ac/element [4.088962ms] ERR:404 body={"strategy":"-android uiautomator","selector":"new UiSelector().textContains(\"Welcome to\")"}
05:37:29.712300 POST /session/a880ccf9-282d-4356-b5e5-3a1a9f8c44ac/element [4.7308ms] ERR:404 body={"strategy":"-android uiautomator","selector":"new UiSelector().descriptionContains(\"Welcome to\")"...
05:37:29.716354 POST /session/a880ccf9-282d-4356-b5e5-3a1a9f8c44ac/element [3.926921ms] ERR:404 body={"strategy":"-android uiautomator","selector":"new UiSelector().textMatches(\"(?is).*\\QWelcome to\\...
05:37:29.720945 POST /session/a880ccf9-282d-4356-b5e5-3a1a9f8c44ac/element [4.490079ms] ERR:404 body={"strategy":"-android uiautomator","selector":"new UiSelector().descriptionMatches(\"(?is).*\\QWelco...
05:37:29.725214 POST /session/a880ccf9-282d-4356-b5e5-3a1a9f8c44ac/element [4.14666ms] ERR:404 body={"strategy":"-android uiautomator","selector":"new UiSelector().textContains(\"Welcome to\")"}
05:37:29.729286 POST /session/a880ccf9-282d-4356-b5e5-3a1a9f8c44ac/element [3.923293ms] ERR:404 body={"strategy":"-android uiautomator","selector":"new UiSelector().descriptionContains(\"Welcome to\")"...
05:37:29.733466 POST /session/a880ccf9-282d-4356-b5e5-3a1a9f8c44ac/element [4.088461ms] ERR:404 body={"strategy":"-android uiautomator","selector":"new UiSelector().textMatches(\"(?is).*\\QWelcome to\\...
05:37:29.737606 POST /session/a880ccf9-282d-4356-b5e5-3a1a9f8c44ac/element [4.060316ms] ERR:404 body={"strategy":"-android uiautomator","selector":"new UiSelector().descriptionMatches(\"(?is).*\\QWelco...
05:37:29.741681 POST /session/a880ccf9-282d-4356-b5e5-3a1a9f8c44ac/element [3.981361ms] ERR:404 body={"strategy":"-android uiautomator","selector":"new UiSelector().textContains(\"Welcome to\")"}
05:37:29.745844 POST /session/a880ccf9-282d-4356-b5e5-3a1a9f8c44ac/element [4.07149ms] ERR:404 body={"strategy":"-android uiautomator","selector":"new UiSelector().descriptionContains(\"Welcome to\")"...
05:37:29.750568 POST /session/a880ccf9-282d-4356-b5e5-3a1a9f8c44ac/element [4.634163ms] ERR:404 body={"strategy":"-android uiautomator","selector":"new UiSelector().textMatches(\"(?is).*\\QWelcome to\\...
05:37:29.755458 POST /session/a880ccf9-282d-4356-b5e5-3a1a9f8c44ac/element [4.802324ms] ERR:404 body={"strategy":"-android uiautomator","selector":"new UiSelector().descriptionMatches(\"(?is).*\\QWelco...
05:37:29.760239 POST /session/a880ccf9-282d-4356-b5e5-3a1a9f8c44ac/element [4.689623ms] ERR:404 body={"strategy":"-android uiautomator","selector":"new UiSelector().textContains(\"Welcome to\")"}
05:37:29.765256 POST /session/a880ccf9-282d-4356-b5e5-3a1a9f8c44ac/element [4.910606ms] ERR:404 body={"strategy":"-android uiautomator","selector":"new UiSelector().descriptionContains(\"Welcome to\")"...
05:37:29.770305 POST /session/a880ccf9-282d-4356-b5e5-3a1a9f8c44ac/element [4.947094ms] ERR:404 body={"strategy":"-android uiautomator","selector":"new UiSelector().textMatches(\"(?is).*\\QWelcome to\\...
05:37:29.774607 POST /session/a880ccf9-282d-4356-b5e5-3a1a9f8c44ac/element [4.216251ms] ERR:404 body={"strategy":"-android uiautomator","selector":"new UiSelector().descriptionMatches(\"(?is).*\\QWelco...
05:37:29.778985 POST /session/a880ccf9-282d-4356-b5e5-3a1a9f8c44ac/element [4.290046ms] ERR:404 body={"strategy":"-android uiautomator","selector":"new UiSelector().textContains(\"Welcome to\")"}
05:37:29.783212 POST /session/a880ccf9-282d-4356-b5e5-3a1a9f8c44ac/element [4.139578ms] ERR:404 body={"strategy":"-android uiautomator","selector":"new UiSelector().descriptionContains(\"Welcome to\")"...
05:37:29.787393 POST /session/a880ccf9-282d-4356-b5e5-3a1a9f8c44ac/element [4.081528ms] ERR:404 body={"strategy":"-android uiautomator","selector":"new UiSelector().textMatches(\"(?is).*\\QWelcome to\\...
05:37:29.791559 POST /session/a880ccf9-282d-4356-b5e5-3a1a9f8c44ac/element [4.049398ms] ERR:404 body={"strategy":"-android uiautomator","selector":"new UiSelector().descriptionMatches(\"(?is).*\\QWelco...
05:37:29.795658 POST /session/a880ccf9-282d-4356-b5e5-3a1a9f8c44ac/element [4.034302ms] ERR:404 body={"strategy":"-android uiautomator","selector":"new UiSelector().textContains(\"Welcome to\")"}
05:37:29.799685 POST /session/a880ccf9-282d-4356-b5e5-3a1a9f8c44ac/element [3.94861ms] ERR:404 body={"strategy":"-android uiautomator","selector":"new UiSelector().descriptionContains(\"Welcome to\")"...
05:37:29.803821 POST /session/a880ccf9-282d-4356-b5e5-3a1a9f8c44ac/element [4.054247ms] ERR:404 body={"strategy":"-android uiautomator","selector":"new UiSelector().textMatches(\"(?is).*\\QWelcome to\\...
05:37:29.808261 POST /session/a880ccf9-282d-4356-b5e5-3a1a9f8c44ac/element [4.343155ms] ERR:404 body={"strategy":"-android uiautomator","selector":"new UiSelector().descriptionMatches(\"(?is).*\\QWelco...
05:37:29.812284 POST /session/a880ccf9-282d-4356-b5e5-3a1a9f8c44ac/element [3.931589ms] ERR:404 body={"strategy":"-android uiautomator","selector":"new UiSelector().textContains(\"Welcome to\")"}
05:37:29.817186 POST /session/a880ccf9-282d-4356-b5e5-3a1a9f8c44ac/element [4.814555ms] ERR:404 body={"strategy":"-android uiautomator","selector":"new UiSelector().descriptionContains(\"Welcome to\")"...
05:37:29.822338 POST /session/a880ccf9-282d-4356-b5e5-3a1a9f8c44ac/element [5.020111ms] ERR:404 body={"strategy":"-android uiautomator","selector":"new UiSelector().textMatches(\"(?is).*\\QWelcome to\\...
05:37:29.827714 POST /session/a880ccf9-282d-4356-b5e5-3a1a9f8c44ac/element [5.265829ms] ERR:404 body={"strategy":"-android uiautomator","selector":"new UiSelector().descriptionMatches(\"(?is).*\\QWelco...
05:37:29.832337 POST /session/a880ccf9-282d-4356-b5e5-3a1a9f8c44ac/element [4.513194ms] ERR:404 body={"strategy":"-android uiautomator","selector":"new UiSelector().textContains(\"Welcome to\")"}
05:37:29.836838 POST /session/a880ccf9-282d-4356-b5e5-3a1a9f8c44ac/element [4.402037ms] ERR:404 body={"strategy":"-android uiautomator","selector":"new UiSelector().descriptionContains(\"Welcome to\")"...
05:37:29.841498 POST /session/a880ccf9-282d-4356-b5e5-3a1a9f8c44ac/element [4.537664ms] ERR:404 body={"strategy":"-android uiautomator","selector":"new UiSelector().textMatches(\"(?is).*\\QWelcome to\\...
05:37:29.846457 POST /session/a880ccf9-282d-4356-b5e5-3a1a9f8c44ac/element [4.89691ms] ERR:404 body={"strategy":"-android uiautomator","selector":"new UiSelector().descriptionMatches(\"(?is).*\\QWelco...
05:37:29.850395 POST /session/a880ccf9-282d-4356-b5e5-3a1a9f8c44ac/element [3.847591ms] ERR:404 body={"strategy":"-android uiautomator","selector":"new UiSelector().textContains(\"Welcome to\")"}
05:37:29.854854 POST /session/a880ccf9-282d-4356-b5e5-3a1a9f8c44ac/element [4.372071ms] ERR:404 body={"strategy":"-android uiautomator","selector":"new UiSelector().descriptionContains(\"Welcome to\")"...
05:37:29.860210 POST /session/a880ccf9-282d-4356-b5e5-3a1a9f8c44ac/element [5.281057ms] ERR:404 body={"strategy":"-android uiautomator","selector":"new UiSelector().textMatches(\"(?is).*\\QWelcome to\\...
05:37:29.865649 POST /session/a880ccf9-282d-4356-b5e5-3a1a9f8c44ac/element [5.328046ms] ERR:404 body={"strategy":"-android uiautomator","selector":"new UiSelector().descriptionMatches(\"(?is).*\\QWelco...
05:37:29.870679 POST /session/a880ccf9-282d-4356-b5e5-3a1a9f8c44ac/element [4.924671ms] ERR:404 body={"strategy":"-android uiautomator","selector":"new UiSelector().textContains(\"Welcome to\")"}
05:37:29.876259 POST /session/a880ccf9-282d-4356-b5e5-3a1a9f8c44ac/element [5.48079ms] ERR:404 body={"strategy":"-android uiautomator","selector":"new UiSelector().descriptionContains(\"Welcome to\")"...
05:37:29.881512 POST /session/a880ccf9-282d-4356-b5e5-3a1a9f8c44ac/element [5.144364ms] ERR:404 body={"strategy":"-android uiautomator","selector":"new UiSelector().textMatches(\"(?is).*\\QWelcome to\\...
05:37:29.886761 POST /session/a880ccf9-282d-4356-b5e5-3a1a9f8c44ac/element [5.141956ms] ERR:404 body={"strategy":"-android uiautomator","selector":"new UiSelector().descriptionMatches(\"(?is).*\\QWelco...
05:37:29.892594 POST /session/a880ccf9-282d-4356-b5e5-3a1a9f8c44ac/element [5.736938ms] ERR:404 body={"strategy":"-android uiautomator","selector":"new UiSelector().textContains(\"Welcome to\")"}
05:37:29.897895 POST /session/a880ccf9-282d-4356-b5e5-3a1a9f8c44ac/element [5.206819ms] ERR:404 body={"strategy":"-android uiautomator","selector":"new UiSelector().descriptionContains(\"Welcome to\")"...
05:37:29.903668 POST /session/a880ccf9-282d-4356-b5e5-3a1a9f8c44ac/element [5.675063ms] ERR:404 body={"strategy":"-android uiautomator","selector":"new UiSelector().textMatches(\"(?is).*\\QWelcome to\\...
05:37:29.908655 POST /session/a880ccf9-282d-4356-b5e5-3a1a9f8c44ac/element [4.897191ms] ERR:404 body={"strategy":"-android uiautomator","selector":"new UiSelector().descriptionMatches(\"(?is).*\\QWelco...
05:37:29.913151 POST /session/a880ccf9-282d-4356-b5e5-3a1a9f8c44ac/element [4.41502ms] ERR:404 body={"strategy":"-android uiautomator","selector":"new UiSelector().textContains(\"Welcome to\")"}
05:37:29.917578 POST /session/a880ccf9-282d-4356-b5e5-3a1a9f8c44ac/element [4.326446ms] ERR:404 body={"strategy":"-android uiautomator","selector":"new UiSelector().descriptionContains(\"Welcome to\")"...
05:37:29.921885 POST /session/a880ccf9-282d-4356-b5e5-3a1a9f8c44ac/element [4.217972ms] ERR:404 body={"strategy":"-android uiautomator","selector":"new UiSelector().textMatches(\"(?is).*\\QWelcome to\\...
05:37:29.926251 POST /session/a880ccf9-282d-4356-b5e5-3a1a9f8c44ac/element [4.261254ms] ERR:404 body={"strategy":"-android uiautomator","selector":"new UiSelector().descriptionMatches(\"(?is).*\\QWelco...
05:37:29.930606 POST /session/a880ccf9-282d-4356-b5e5-3a1a9f8c44ac/element [4.253391ms] ERR:404 body={"strategy":"-android uiautomator","selector":"new UiSelector().textContains(\"Welcome to\")"}
05:37:29.934955 POST /session/a880ccf9-282d-4356-b5e5-3a1a9f8c44ac/element [4.290468ms] ERR:404 body={"strategy":"-android uiautomator","selector":"new UiSelector().descriptionContains(\"Welcome to\")"...
05:37:29.939138 POST /session/a880ccf9-282d-4356-b5e5-3a1a9f8c44ac/element [4.108268ms] ERR:404 body={"strategy":"-android uiautomator","selector":"new UiSelector().textMatches(\"(?is).*\\QWelcome to\\...
05:37:29.943439 POST /session/a880ccf9-282d-4356-b5e5-3a1a9f8c44ac/element [4.241486ms] ERR:404 body={"strategy":"-android uiautomator","selector":"new UiSelector().descriptionMatches(\"(?is).*\\QWelco...
05:37:29.948006 POST /session/a880ccf9-282d-4356-b5e5-3a1a9f8c44ac/element [4.48439ms] ERR:404 body={"strategy":"-android uiautomator","selector":"new UiSelector().textContains(\"Welcome to\")"}
05:37:29.952447 POST /session/a880ccf9-282d-4356-b5e5-3a1a9f8c44ac/element [4.358826ms] ERR:404 body={"strategy":"-android uiautomator","selector":"new UiSelector().descriptionContains(\"Welcome to\")"...
05:37:29.956849 POST /session/a880ccf9-282d-4356-b5e5-3a1a9f8c44ac/element [4.330934ms] ERR:404 body={"strategy":"-android uiautomator","selector":"new UiSelector().textMatches(\"(?is).*\\QWelcome to\\...
05:37:29.961043 POST /session/a880ccf9-282d-4356-b5e5-3a1a9f8c44ac/element [4.105413ms] ERR:404 body={"strategy":"-android uiautomator","selector":"new UiSelector().descriptionMatches(\"(?is).*\\QWelco...
05:37:29.965661 POST /session/a880ccf9-282d-4356-b5e5-3a1a9f8c44ac/element [4.555844ms] ERR:404 body={"strategy":"-android uiautomator","selector":"new UiSelector().textContains(\"Welcome to\")"}
05:37:29.970940 POST /session/a880ccf9-282d-4356-b5e5-3a1a9f8c44ac/element [5.205056ms] ERR:404 body={"strategy":"-android uiautomator","selector":"new UiSelector().descriptionContains(\"Welcome to\")"...
05:37:29.975822 POST /session/a880ccf9-282d-4356-b5e5-3a1a9f8c44ac/element [4.788728ms] ERR:404 body={"strategy":"-android uiautomator","selector":"new UiSelector().textMatches(\"(?is).*\\QWelcome to\\...
05:37:29.980877 POST /session/a880ccf9-282d-4356-b5e5-3a1a9f8c44ac/element [4.943017ms] ERR:404 body={"strategy":"-android uiautomator","selector":"new UiSelector().descriptionMatches(\"(?is).*\\QWelco...
05:37:29.985279 POST /session/a880ccf9-282d-4356-b5e5-3a1a9f8c44ac/element [4.277988ms] ERR:404 body={"strategy":"-android uiautomator","selector":"new UiSelector().textContains(\"Welcome to\")"}
05:37:29.989967 POST /session/a880ccf9-282d-4356-b5e5-3a1a9f8c44ac/element [4.601028ms] ERR:404 body={"strategy":"-android uiautomator","selector":"new UiSelector().descriptionContains(\"Welcome to\")"...
05:37:29.996154 POST /session/a880ccf9-282d-4356-b5e5-3a1a9f8c44ac/element [6.099425ms] ERR:404 body={"strategy":"-android uiautomator","selector":"new UiSelector().textMatches(\"(?is).*\\QWelcome to\\...
05:37:30.001016 POST /session/a880ccf9-282d-4356-b5e5-3a1a9f8c44ac/element [4.745097ms] ERR:404 body={"strategy":"-android uiautomator","selector":"new UiSelector().descriptionMatches(\"(?is).*\\QWelco...
05:37:30.006939 POST /session/a880ccf9-282d-4356-b5e5-3a1a9f8c44ac/element [5.799504ms] ERR:404 body={"strategy":"-android uiautomator","selector":"new UiSelector().textContains(\"Welcome to\")"}
05:37:30.011581 POST /session/a880ccf9-282d-4356-b5e5-3a1a9f8c44ac/element [4.548851ms] ERR:404 body={"strategy":"-android uiautomator","selector":"new UiSelector().descriptionContains(\"Welcome to\")"...
05:37:30.016378 POST /session/a880ccf9-282d-4356-b5e5-3a1a9f8c44ac/element [4.711354ms] ERR:404 body={"strategy":"-android uiautomator","selector":"new UiSelector().textMatches(\"(?is).*\\QWelcome to\\...
05:37:30.021120 POST /session/a880ccf9-282d-4356-b5e5-3a1a9f8c44ac/element [4.644699ms] ERR:404 body={"strategy":"-android uiautomator","selector":"new UiSelector().descriptionMatches(\"(?is).*\\QWelco...
05:37:30.026216 POST /session/a880ccf9-282d-4356-b5e5-3a1a9f8c44ac/element [4.973082ms] ERR:404 body={"strategy":"-android uiautomator","selector":"new UiSelector().textContains(\"Welcome to\")"}
05:37:30.031032 POST /session/a880ccf9-282d-4356-b5e5-3a1a9f8c44ac/element [4.687248ms] ERR:404 body={"strategy":"-android uiautomator","selector":"new UiSelector().descriptionContains(\"Welcome to\")"...
05:37:30.036244 POST /session/a880ccf9-282d-4356-b5e5-3a1a9f8c44ac/element [5.132961ms] ERR:404 body={"strategy":"-android uiautomator","selector":"new UiSelector().textMatches(\"(?is).*\\QWelcome to\\...
05:37:30.040834 POST /session/a880ccf9-282d-4356-b5e5-3a1a9f8c44ac/element [4.483639ms] ERR:404 body={"strategy":"-android uiautomator","selector":"new UiSelector().descriptionMatches(\"(?is).*\\QWelco...
05:37:30.045349 POST /session/a880ccf9-282d-4356-b5e5-3a1a9f8c44ac/element [4.4358ms] ERR:404 body={"strategy":"-android uiautomator","selector":"new UiSelector().textContains(\"Welcome to\")"}
05:37:30.049940 POST /session/a880ccf9-282d-4356-b5e5-3a1a9f8c44ac/element [4.511541ms] ERR:404 body={"strategy":"-android uiautomator","selector":"new UiSelector().descriptionContains(\"Welcome to\")"...
05:37:30.054109 POST /session/a880ccf9-282d-4356-b5e5-3a1a9f8c44ac/element [4.085347ms] ERR:404 body={"strategy":"-android uiautomator","selector":"new UiSelector().textMatches(\"(?is).*\\QWelcome to\\...
05:37:30.058474 POST /session/a880ccf9-282d-4356-b5e5-3a1a9f8c44ac/element [4.282594ms] ERR:404 body={"strategy":"-android uiautomator","selector":"new UiSelector().descriptionMatches(\"(?is).*\\QWelco...
05:37:30.062390 POST /session/a880ccf9-282d-4356-b5e5-3a1a9f8c44ac/element [3.841379ms] ERR:404 body={"strategy":"-android uiautomator","selector":"new UiSelector().textContains(\"Welcome to\")"}
05:37:30.066509 POST /session/a880ccf9-282d-4356-b5e5-3a1a9f8c44ac/element [4.012088ms] ERR:404 body={"strategy":"-android uiautomator","selector":"new UiSelector().descriptionContains(\"Welcome to\")"...
05:37:30.070691 POST /session/a880ccf9-282d-4356-b5e5-3a1a9f8c44ac/element [4.084131ms] ERR:404 body={"strategy":"-android uiautomator","selector":"new UiSelector().textMatches(\"(?is).*\\QWelcome to\\...
05:37:30.074896 POST /session/a880ccf9-282d-4356-b5e5-3a1a9f8c44ac/element [4.086835ms] ERR:404 body={"strategy":"-android uiautomator","selector":"new UiSelector().descriptionMatches(\"(?is).*\\QWelco...
05:37:30.078870 POST /session/a880ccf9-282d-4356-b5e5-3a1a9f8c44ac/element [3.905264ms] ERR:404 body={"strategy":"-android uiautomator","selector":"new UiSelector().textContains(\"Welcome to\")"}
05:37:30.083057 POST /session/a880ccf9-282d-4356-b5e5-3a1a9f8c44ac/element [4.097348ms] ERR:404 body={"strategy":"-android uiautomator","selector":"new UiSelector().descriptionContains(\"Welcome to\")"...
05:37:30.087282 POST /session/a880ccf9-282d-4356-b5e5-3a1a9f8c44ac/element [4.133024ms] ERR:404 body={"strategy":"-android uiautomator","selector":"new UiSelector().textMatches(\"(?is).*\\QWelcome to\\...
05:37:30.091300 POST /session/a880ccf9-282d-4356-b5e5-3a1a9f8c44ac/element [3.930697ms] ERR:404 body={"strategy":"-android uiautomator","selector":"new UiSelector().descriptionMatches(\"(?is).*\\QWelco...
05:37:30.095358 POST /session/a880ccf9-282d-4356-b5e5-3a1a9f8c44ac/element [3.967651ms] ERR:404 body={"strategy":"-android uiautomator","selector":"new UiSelector().textContains(\"Welcome to\")"}
05:37:30.099560 POST /session/a880ccf9-282d-4356-b5e5-3a1a9f8c44ac/element [4.108979ms] ERR:404 body={"strategy":"-android uiautomator","selector":"new UiSelector().descriptionContains(\"Welcome to\")"...
05:37:30.103650 POST /session/a880ccf9-282d-4356-b5e5-3a1a9f8c44ac/element [4.017604ms] ERR:404 body={"strategy":"-android uiautomator","selector":"new UiSelector().textMatches(\"(?is).*\\QWelcome to\\...
05:37:30.107566 POST /session/a880ccf9-282d-4356-b5e5-3a1a9f8c44ac/element [3.823948ms] ERR:404 body={"strategy":"-android uiautomator","selector":"new UiSelector().descriptionMatches(\"(?is).*\\QWelco...
05:37:30.111663 POST /session/a880ccf9-282d-4356-b5e5-3a1a9f8c44ac/element [4.009975ms] ERR:404 body={"strategy":"-android uiautomator","selector":"new UiSelector().textContains(\"Welcome to\")"}
05:37:30.115629 POST /session/a880ccf9-282d-4356-b5e5-3a1a9f8c44ac/element [3.875183ms] ERR:404 body={"strategy":"-android uiautomator","selector":"new UiSelector().descriptionContains(\"Welcome to\")"...
05:37:30.119415 POST /session/a880ccf9-282d-4356-b5e5-3a1a9f8c44ac/element [3.6965ms] ERR:404 body={"strategy":"-android uiautomator","selector":"new UiSelector().textMatches(\"(?is).*\\QWelcome to\\...
05:37:30.123478 POST /session/a880ccf9-282d-4356-b5e5-3a1a9f8c44ac/element [3.978977ms] ERR:404 body={"strategy":"-android uiautomator","selector":"new UiSelector().descriptionMatches(\"(?is).*\\QWelco...
05:37:30.132224 POST /session/a880ccf9-282d-4356-b5e5-3a1a9f8c44ac/element [8.644836ms] ERR:404 body={"strategy":"-android uiautomator","selector":"new UiSelector().textContains(\"Welcome to\")"}
05:37:30.137107 POST /session/a880ccf9-282d-4356-b5e5-3a1a9f8c44ac/element [4.732333ms] ERR:404 body={"strategy":"-android uiautomator","selector":"new UiSelector().descriptionContains(\"Welcome to\")"...
05:37:30.142047 POST /session/a880ccf9-282d-4356-b5e5-3a1a9f8c44ac/element [4.822631ms] ERR:404 body={"strategy":"-android uiautomator","selector":"new UiSelector().textMatches(\"(?is).*\\QWelcome to\\...
05:37:30.146085 POST /session/a880ccf9-282d-4356-b5e5-3a1a9f8c44ac/element [3.953739ms] ERR:404 body={"strategy":"-android uiautomator","selector":"new UiSelector().descriptionMatches(\"(?is).*\\QWelco...
05:37:30.150152 POST /session/a880ccf9-282d-4356-b5e5-3a1a9f8c44ac/element [3.97567ms] ERR:404 body={"strategy":"-android uiautomator","selector":"new UiSelector().textContains(\"Welcome to\")"}
05:37:30.154093 POST /session/a880ccf9-282d-4356-b5e5-3a1a9f8c44ac/element [3.836081ms] ERR:404 body={"strategy":"-android uiautomator","selector":"new UiSelector().descriptionContains(\"Welcome to\")"...
05:37:30.157845 POST /session/a880ccf9-282d-4356-b5e5-3a1a9f8c44ac/element [3.672896ms] ERR:404 body={"strategy":"-android uiautomator","selector":"new UiSelector().textMatches(\"(?is).*\\QWelcome to\\...
05:37:30.162248 POST /session/a880ccf9-282d-4356-b5e5-3a1a9f8c44ac/element [4.31581ms] ERR:404 body={"strategy":"-android uiautomator","selector":"new UiSelector().descriptionMatches(\"(?is).*\\QWelco...
05:37:30.166824 POST /session/a880ccf9-282d-4356-b5e5-3a1a9f8c44ac/element [4.462319ms] ERR:404 body={"strategy":"-android uiautomator","selector":"new UiSelector().textContains(\"Welcome to\")"}
05:37:30.170834 POST /session/a880ccf9-282d-4356-b5e5-3a1a9f8c44ac/element [3.928162ms] ERR:404 body={"strategy":"-android uiautomator","selector":"new UiSelector().descriptionContains(\"Welcome to\")"...
05:37:30.175366 POST /session/a880ccf9-282d-4356-b5e5-3a1a9f8c44ac/element [4.445127ms] ERR:404 body={"strategy":"-android uiautomator","selector":"new UiSelector().textMatches(\"(?is).*\\QWelcome to\\...
05:37:30.179395 POST /session/a880ccf9-282d-4356-b5e5-3a1a9f8c44ac/element [3.937079ms] ERR:404 body={"strategy":"-android uiautomator","selector":"new UiSelector().descriptionMatches(\"(?is).*\\QWelco...
05:37:30.183671 POST /session/a880ccf9-282d-4356-b5e5-3a1a9f8c44ac/element [4.170063ms] ERR:404 body={"strategy":"-android uiautomator","selector":"new UiSelector().textContains(\"Welcome to\")"}
05:37:30.188239 POST /session/a880ccf9-282d-4356-b5e5-3a1a9f8c44ac/element [4.447643ms] ERR:404 body={"strategy":"-android uiautomator","selector":"new UiSelector().descriptionContains(\"Welcome to\")"...
05:37:30.192589 POST /session/a880ccf9-282d-4356-b5e5-3a1a9f8c44ac/element [4.279666ms] ERR:404 body={"strategy":"-android uiautomator","selector":"new UiSelector().textMatches(\"(?is).*\\QWelcome to\\...
05:37:30.196941 POST /session/a880ccf9-282d-4356-b5e5-3a1a9f8c44ac/element [4.249827ms] ERR:404 body={"strategy":"-android uiautomator","selector":"new UiSelector().descriptionMatches(\"(?is).*\\QWelco...
05:37:30.201189 POST /session/a880ccf9-282d-4356-b5e5-3a1a9f8c44ac/element [4.15453ms] ERR:404 body={"strategy":"-android uiautomator","selector":"new UiSelector().textContains(\"Welcome to\")"}
05:37:30.205487 POST /session/a880ccf9-282d-4356-b5e5-3a1a9f8c44ac/element [4.18932ms] ERR:404 body={"strategy":"-android uiautomator","selector":"new UiSelector().descriptionContains(\"Welcome to\")"...
05:37:30.209820 POST /session/a880ccf9-282d-4356-b5e5-3a1a9f8c44ac/element [4.236007ms] ERR:404 body={"strategy":"-android uiautomator","selector":"new UiSelector().textMatches(\"(?is).*\\QWelcome to\\...
05:37:30.214117 POST /session/a880ccf9-282d-4356-b5e5-3a1a9f8c44ac/element [4.200189ms] ERR:404 body={"strategy":"-android uiautomator","selector":"new UiSelector().descriptionMatches(\"(?is).*\\QWelco...
05:37:30.218509 POST /session/a880ccf9-282d-4356-b5e5-3a1a9f8c44ac/element [4.275272ms] ERR:404 body={"strategy":"-android uiautomator","selector":"new UiSelector().textContains(\"Welcome to\")"}
05:37:30.222980 POST /session/a880ccf9-282d-4356-b5e5-3a1a9f8c44ac/element [4.349046ms] ERR:404 body={"strategy":"-android uiautomator","selector":"new UiSelector().descriptionContains(\"Welcome to\")"...
05:37:30.227351 POST /session/a880ccf9-282d-4356-b5e5-3a1a9f8c44ac/element [4.286802ms] ERR:404 body={"strategy":"-android uiautomator","selector":"new UiSelector().textMatches(\"(?is).*\\QWelcome to\\...
05:37:30.231878 POST /session/a880ccf9-282d-4356-b5e5-3a1a9f8c44ac/element [4.426673ms] ERR:404 body={"strategy":"-android uiautomator","selector":"new UiSelector().descriptionMatches(\"(?is).*\\QWelco...
05:37:30.235915 POST /session/a880ccf9-282d-4356-b5e5-3a1a9f8c44ac/element [3.95447ms] ERR:404 body={"strategy":"-android uiautomator","selector":"new UiSelector().textContains(\"Welcome to\")"}
05:37:30.240390 POST /session/a880ccf9-282d-4356-b5e5-3a1a9f8c44ac/element [4.378453ms] ERR:404 body={"strategy":"-android uiautomator","selector":"new UiSelector().descriptionContains(\"Welcome to\")"...
05:37:30.244840 POST /session/a880ccf9-282d-4356-b5e5-3a1a9f8c44ac/element [4.357441ms] ERR:404 body={"strategy":"-android uiautomator","selector":"new UiSelector().textMatches(\"(?is).*\\QWelcome to\\...
05:37:30.250249 POST /session/a880ccf9-282d-4356-b5e5-3a1a9f8c44ac/element [5.301235ms] ERR:404 body={"strategy":"-android uiautomator","selector":"new UiSelector().descriptionMatches(\"(?is).*\\QWelco...
05:37:30.255668 POST /session/a880ccf9-282d-4356-b5e5-3a1a9f8c44ac/element [5.276208ms] ERR:404 body={"strategy":"-android uiautomator","selector":"new UiSelector().textContains(\"Welcome to\")"}
05:37:30.260886 POST /session/a880ccf9-282d-4356-b5e5-3a1a9f8c44ac/element [5.135866ms] ERR:404 body={"strategy":"-android uiautomator","selector":"new UiSelector().descriptionContains(\"Welcome to\")"...
05:37:30.265706 POST /session/a880ccf9-282d-4356-b5e5-3a1a9f8c44ac/element [4.730609ms] ERR:404 body={"strategy":"-android uiautomator","selector":"new UiSelector().textMatches(\"(?is).*\\QWelcome to\\...
05:37:30.270441 POST /session/a880ccf9-282d-4356-b5e5-3a1a9f8c44ac/element [4.638189ms] ERR:404 body={"strategy":"-android uiautomator","selector":"new UiSelector().descriptionMatches(\"(?is).*\\QWelco...
05:37:30.275645 POST /session/a880ccf9-282d-4356-b5e5-3a1a9f8c44ac/element [5.125575ms] ERR:404 body={"strategy":"-android uiautomator","selector":"new UiSelector().textContains(\"Welcome to\")"}
05:37:30.279756 POST /session/a880ccf9-282d-4356-b5e5-3a1a9f8c44ac/element [3.997781ms] ERR:404 body={"strategy":"-android uiautomator","selector":"new UiSelector().descriptionContains(\"Welcome to\")"...
05:37:30.283544 POST /session/a880ccf9-282d-4356-b5e5-3a1a9f8c44ac/element [3.711437ms] ERR:404 body={"strategy":"-android uiautomator","selector":"new UiSelector().textMatches(\"(?is).*\\QWelcome to\\...
05:37:30.287939 POST /session/a880ccf9-282d-4356-b5e5-3a1a9f8c44ac/element [4.329511ms] ERR:404 body={"strategy":"-android uiautomator","selector":"new UiSelector().descriptionMatches(\"(?is).*\\QWelco...
05:37:30.291662 POST /session/a880ccf9-282d-4356-b5e5-3a1a9f8c44ac/element [3.640204ms] ERR:404 body={"strategy":"-android uiautomator","selector":"new UiSelector().textContains(\"Welcome to\")"}
05:37:30.295480 POST /session/a880ccf9-282d-4356-b5e5-3a1a9f8c44ac/element [3.738919ms] ERR:404 body={"strategy":"-android uiautomator","selector":"new UiSelector().descriptionContains(\"Welcome to\")"...
05:37:30.299495 POST /session/a880ccf9-282d-4356-b5e5-3a1a9f8c44ac/element [3.947819ms] ERR:404 body={"strategy":"-android uiautomator","selector":"new UiSelector().textMatches(\"(?is).*\\QWelcome to\\...
05:37:30.303420 POST /session/a880ccf9-282d-4356-b5e5-3a1a9f8c44ac/element [3.849285ms] ERR:404 body={"strategy":"-android uiautomator","selector":"new UiSelector().descriptionMatches(\"(?is).*\\QWelco...
05:37:30.307008 POST /session/a880ccf9-282d-4356-b5e5-3a1a9f8c44ac/element [3.507307ms] ERR:404 body={"strategy":"-android uiautomator","selector":"new UiSelector().textContains(\"Welcome to\")"}
05:37:30.310713 POST /session/a880ccf9-282d-4356-b5e5-3a1a9f8c44ac/element [3.63799ms] ERR:404 body={"strategy":"-android uiautomator","selector":"new UiSelector().descriptionContains(\"Welcome to\")"...
05:37:30.314755 POST /session/a880ccf9-282d-4356-b5e5-3a1a9f8c44ac/element [3.933945ms] ERR:404 body={"strategy":"-android uiautomator","selector":"new UiSelector().textMatches(\"(?is).*\\QWelcome to\\...
05:37:30.318541 POST /session/a880ccf9-282d-4356-b5e5-3a1a9f8c44ac/element [3.716665ms] ERR:404 body={"strategy":"-android uiautomator","selector":"new UiSelector().descriptionMatches(\"(?is).*\\QWelco...
05:37:30.322808 POST /session/a880ccf9-282d-4356-b5e5-3a1a9f8c44ac/element [4.196868ms] ERR:404 body={"strategy":"-android uiautomator","selector":"new UiSelector().textContains(\"Welcome to\")"}
05:37:30.326765 POST /session/a880ccf9-282d-4356-b5e5-3a1a9f8c44ac/element [3.863707ms] ERR:404 body={"strategy":"-android uiautomator","selector":"new UiSelector().descriptionContains(\"Welcome to\")"...
05:37:30.330577 POST /session/a880ccf9-282d-4356-b5e5-3a1a9f8c44ac/element [3.751102ms] ERR:404 body={"strategy":"-android uiautomator","selector":"new UiSelector().textMatches(\"(?is).*\\QWelcome to\\...
05:37:30.334564 POST /session/a880ccf9-282d-4356-b5e5-3a1a9f8c44ac/element [3.913755ms] ERR:404 body={"strategy":"-android uiautomator","selector":"new UiSelector().descriptionMatches(\"(?is).*\\QWelco...
05:37:30.338177 POST /session/a880ccf9-282d-4356-b5e5-3a1a9f8c44ac/element [3.515602ms] ERR:404 body={"strategy":"-android uiautomator","selector":"new UiSelector().textContains(\"Welcome to\")"}
05:37:30.342826 POST /session/a880ccf9-282d-4356-b5e5-3a1a9f8c44ac/element [4.542769ms] ERR:404 body={"strategy":"-android uiautomator","selector":"new UiSelector().descriptionContains(\"Welcome to\")"...
05:37:30.346512 POST /session/a880ccf9-282d-4356-b5e5-3a1a9f8c44ac/element [3.627421ms] ERR:404 body={"strategy":"-android uiautomator","selector":"new UiSelector().textMatches(\"(?is).*\\QWelcome to\\...
05:37:30.351052 POST /session/a880ccf9-282d-4356-b5e5-3a1a9f8c44ac/element [4.456217ms] ERR:404 body={"strategy":"-android uiautomator","selector":"new UiSelector().descriptionMatches(\"(?is).*\\QWelco...
05:37:30.355502 POST /session/a880ccf9-282d-4356-b5e5-3a1a9f8c44ac/element [4.359757ms] ERR:404 body={"strategy":"-android uiautomator","selector":"new UiSelector().textContains(\"Welcome to\")"}
05:37:30.359671 POST /session/a880ccf9-282d-4356-b5e5-3a1a9f8c44ac/element [4.063695ms] ERR:404 body={"strategy":"-android uiautomator","selector":"new UiSelector().descriptionContains(\"Welcome to\")"...
05:37:30.364597 POST /session/a880ccf9-282d-4356-b5e5-3a1a9f8c44ac/element [4.836868ms] ERR:404 body={"strategy":"-android uiautomator","selector":"new UiSelector().textMatches(\"(?is).*\\QWelcome to\\...
05:37:30.370542 POST /session/a880ccf9-282d-4356-b5e5-3a1a9f8c44ac/element [5.842866ms] ERR:404 body={"strategy":"-android uiautomator","selector":"new UiSelector().descriptionMatches(\"(?is).*\\QWelco...
05:37:30.376349 POST /session/a880ccf9-282d-4356-b5e5-3a1a9f8c44ac/element [5.700751ms] ERR:404 body={"strategy":"-android uiautomator","selector":"new UiSelector().textContains(\"Welcome to\")"}
05:37:30.382104 POST /session/a880ccf9-282d-4356-b5e5-3a1a9f8c44ac/element [5.642773ms] ERR:404 body={"strategy":"-android uiautomator","selector":"new UiSelector().descriptionContains(\"Welcome to\")"...
05:37:30.387970 POST /session/a880ccf9-282d-4356-b5e5-3a1a9f8c44ac/element [5.732146ms] ERR:404 body={"strategy":"-android uiautomator","selector":"new UiSelector().textMatches(\"(?is).*\\QWelcome to\\...
05:37:30.394851 POST /session/a880ccf9-282d-4356-b5e5-3a1a9f8c44ac/element [6.772661ms] ERR:404 body={"strategy":"-android uiautomator","selector":"new UiSelector().descriptionMatches(\"(?is).*\\QWelco...
05:37:30.401780 POST /session/a880ccf9-282d-4356-b5e5-3a1a9f8c44ac/element [6.821151ms] ERR:404 body={"strategy":"-android uiautomator","selector":"new UiSelector().textContains(\"Welcome to\")"}
05:37:30.407737 POST /session/a880ccf9-282d-4356-b5e5-3a1a9f8c44ac/element [5.847715ms] ERR:404 body={"strategy":"-android uiautomator","selector":"new UiSelector().descriptionContains(\"Welcome to\")"...
05:37:30.414643 POST /session/a880ccf9-282d-4356-b5e5-3a1a9f8c44ac/element [6.795604ms] ERR:404 body={"strategy":"-android uiautomator","selector":"new UiSelector().textMatches(\"(?is).*\\QWelcome to\\...
05:37:30.420876 POST /session/a880ccf9-282d-4356-b5e5-3a1a9f8c44ac/element [6.118911ms] ERR:404 body={"strategy":"-android uiautomator","selector":"new UiSelector().descriptionMatches(\"(?is).*\\QWelco...
05:37:30.426857 POST /session/a880ccf9-282d-4356-b5e5-3a1a9f8c44ac/element [5.887991ms] ERR:404 body={"strategy":"-android uiautomator","selector":"new UiSelector().textContains(\"Welcome to\")"}
05:37:30.433294 POST /session/a880ccf9-282d-4356-b5e5-3a1a9f8c44ac/element [6.33799ms] ERR:404 body={"strategy":"-android uiautomator","selector":"new UiSelector().descriptionContains(\"Welcome to\")"...
05:37:30.439238 POST /session/a880ccf9-282d-4356-b5e5-3a1a9f8c44ac/element [5.858815ms] ERR:404 body={"strategy":"-android uiautomator","selector":"new UiSelector().textMatches(\"(?is).*\\QWelcome to\\...
05:37:30.445237 POST /session/a880ccf9-282d-4356-b5e5-3a1a9f8c44ac/element [5.89308ms] ERR:404 body={"strategy":"-android uiautomator","selector":"new UiSelector().descriptionMatches(\"(?is).*\\QWelco...
05:37:30.451428 POST /session/a880ccf9-282d-4356-b5e5-3a1a9f8c44ac/element [6.062566ms] ERR:404 body={"strategy":"-android uiautomator","selector":"new UiSelector().textContains(\"Welcome to\")"}
05:37:30.457393 POST /session/a880ccf9-282d-4356-b5e5-3a1a9f8c44ac/element [5.852283ms] ERR:404 body={"strategy":"-android uiautomator","selector":"new UiSelector().descriptionContains(\"Welcome to\")"...
05:37:30.463590 POST /session/a880ccf9-282d-4356-b5e5-3a1a9f8c44ac/element [6.101609ms] ERR:404 body={"strategy":"-android uiautomator","selector":"new UiSelector().textMatches(\"(?is).*\\QWelcome to\\...
05:37:30.469515 POST /session/a880ccf9-282d-4356-b5e5-3a1a9f8c44ac/element [5.835652ms] ERR:404 body={"strategy":"-android uiautomator","selector":"new UiSelector().descriptionMatches(\"(?is).*\\QWelco...
05:37:30.475410 POST /session/a880ccf9-282d-4356-b5e5-3a1a9f8c44ac/element [5.808582ms] ERR:404 body={"strategy":"-android uiautomator","selector":"new UiSelector().textContains(\"Welcome to\")"}
05:37:30.481283 POST /session/a880ccf9-282d-4356-b5e5-3a1a9f8c44ac/element [5.787302ms] ERR:404 body={"strategy":"-android uiautomator","selector":"new UiSelector().descriptionContains(\"Welcome to\")"...
05:37:30.487334 POST /session/a880ccf9-282d-4356-b5e5-3a1a9f8c44ac/element [5.963531ms] ERR:404 body={"strategy":"-android uiautomator","selector":"new UiSelector().textMatches(\"(?is).*\\QWelcome to\\...
05:37:30.493556 POST /session/a880ccf9-282d-4356-b5e5-3a1a9f8c44ac/element [6.110583ms] ERR:404 body={"strategy":"-android uiautomator","selector":"new UiSelector().descriptionMatches(\"(?is).*\\QWelco...
05:37:30.499783 POST /session/a880ccf9-282d-4356-b5e5-3a1a9f8c44ac/element [6.111849ms] ERR:404 body={"strategy":"-android uiautomator","selector":"new UiSelector().textContains(\"Welcome to\")"}
05:37:30.505247 POST /session/a880ccf9-282d-4356-b5e5-3a1a9f8c44ac/element [5.379751ms] ERR:404 body={"strategy":"-android uiautomator","selector":"new UiSelector().descriptionContains(\"Welcome to\")"...
05:37:30.510743 POST /session/a880ccf9-282d-4356-b5e5-3a1a9f8c44ac/element [5.386584ms] ERR:404 body={"strategy":"-android uiautomator","selector":"new UiSelector().textMatches(\"(?is).*\\QWelcome to\\...
05:37:30.516894 POST /session/a880ccf9-282d-4356-b5e5-3a1a9f8c44ac/element [6.05945ms] ERR:404 body={"strategy":"-android uiautomator","selector":"new UiSelector().descriptionMatches(\"(?is).*\\QWelco...
05:37:30.522869 POST /session/a880ccf9-282d-4356-b5e5-3a1a9f8c44ac/element [5.884634ms] ERR:404 body={"strategy":"-android uiautomator","selector":"new UiSelector().textContains(\"Welcome to\")"}
05:37:30.528703 POST /session/a880ccf9-282d-4356-b5e5-3a1a9f8c44ac/element [5.713474ms] ERR:404 body={"strategy":"-android uiautomator","selector":"new UiSelector().descriptionContains(\"Welcome to\")"...
05:37:30.534821 POST /session/a880ccf9-282d-4356-b5e5-3a1a9f8c44ac/element [6.033411ms] ERR:404 body={"strategy":"-android uiautomator","selector":"new UiSelector().textMatches(\"(?is).*\\QWelcome to\\...
05:37:30.540713 POST /session/a880ccf9-282d-4356-b5e5-3a1a9f8c44ac/element [5.8073ms] ERR:404 body={"strategy":"-android uiautomator","selector":"new UiSelector().descriptionMatches(\"(?is).*\\QWelco...
05:37:30.546560 POST /session/a880ccf9-282d-4356-b5e5-3a1a9f8c44ac/element [5.762244ms] ERR:404 body={"strategy":"-android uiautomator","selector":"new UiSelector().textContains(\"Welcome to\")"}
05:37:30.552476 POST /session/a880ccf9-282d-4356-b5e5-3a1a9f8c44ac/element [5.82844ms] ERR:404 body={"strategy":"-android uiautomator","selector":"new UiSelector().descriptionContains(\"Welcome to\")"...
05:37:30.558161 POST /session/a880ccf9-282d-4356-b5e5-3a1a9f8c44ac/element [5.596826ms] ERR:404 body={"strategy":"-android uiautomator","selector":"new UiSelector().textMatches(\"(?is).*\\QWelcome to\\...
05:37:30.564389 POST /session/a880ccf9-282d-4356-b5e5-3a1a9f8c44ac/element [6.130323ms] ERR:404 body={"strategy":"-android uiautomator","selector":"new UiSelector().descriptionMatches(\"(?is).*\\QWelco...
05:37:30.570207 POST /session/a880ccf9-282d-4356-b5e5-3a1a9f8c44ac/element [5.717762ms] ERR:404 body={"strategy":"-android uiautomator","selector":"new UiSelector().textContains(\"Welcome to\")"}
05:37:30.575914 POST /session/a880ccf9-282d-4356-b5e5-3a1a9f8c44ac/element [5.596856ms] ERR:404 body={"strategy":"-android uiautomator","selector":"new UiSelector().descriptionContains(\"Welcome to\")"...
05:37:30.582894 POST /session/a880ccf9-282d-4356-b5e5-3a1a9f8c44ac/element [6.891403ms] ERR:404 body={"strategy":"-android uiautomator","selector":"new UiSelector().textMatches(\"(?is).*\\QWelcome to\\...
05:37:30.589276 POST /session/a880ccf9-282d-4356-b5e5-3a1a9f8c44ac/element [6.294629ms] ERR:404 body={"strategy":"-android uiautomator","selector":"new UiSelector().descriptionMatches(\"(?is).*\\QWelco...
05:37:30.595619 POST /session/a880ccf9-282d-4356-b5e5-3a1a9f8c44ac/element [6.253863ms] ERR:404 body={"strategy":"-android uiautomator","selector":"new UiSelector().textContains(\"Welcome to\")"}
05:37:30.600305 POST /session/a880ccf9-282d-4356-b5e5-3a1a9f8c44ac/element [4.594535ms] ERR:404 body={"strategy":"-android uiautomator","selector":"new UiSelector().descriptionContains(\"Welcome to\")"...
05:37:30.604774 POST /session/a880ccf9-282d-4356-b5e5-3a1a9f8c44ac/element [4.386537ms] ERR:404 body={"strategy":"-android uiautomator","selector":"new UiSelector().textMatches(\"(?is).*\\QWelcome to\\...
05:37:30.609339 POST /session/a880ccf9-282d-4356-b5e5-3a1a9f8c44ac/element [4.478766ms] ERR:404 body={"strategy":"-android uiautomator","selector":"new UiSelector().descriptionMatches(\"(?is).*\\QWelco...
05:37:30.613945 POST /session/a880ccf9-282d-4356-b5e5-3a1a9f8c44ac/element [4.517336ms] ERR:404 body={"strategy":"-android uiautomator","selector":"new UiSelector().textContains(\"Welcome to\")"}
05:37:30.618614 POST /session/a880ccf9-282d-4356-b5e5-3a1a9f8c44ac/element [4.587753ms] ERR:404 body={"strategy":"-android uiautomator","selector":"new UiSelector().descriptionContains(\"Welcome to\")"...
05:37:30.623388 POST /session/a880ccf9-282d-4356-b5e5-3a1a9f8c44ac/element [4.694282ms] ERR:404 body={"strategy":"-android uiautomator","selector":"new UiSelector().textMatches(\"(?is).*\\QWelcome to\\...
05:37:30.628137 POST /session/a880ccf9-282d-4356-b5e5-3a1a9f8c44ac/element [4.661902ms] ERR:404 body={"strategy":"-android uiautomator","selector":"new UiSelector().descriptionMatches(\"(?is).*\\QWelco...
05:37:30.632951 POST /session/a880ccf9-282d-4356-b5e5-3a1a9f8c44ac/element [4.734337ms] ERR:404 body={"strategy":"-android uiautomator","selector":"new UiSelector().textContains(\"Welcome to\")"}
05:37:30.637606 POST /session/a880ccf9-282d-4356-b5e5-3a1a9f8c44ac/element [4.561724ms] ERR:404 body={"strategy":"-android uiautomator","selector":"new UiSelector().descriptionContains(\"Welcome to\")"...
05:37:30.642272 POST /session/a880ccf9-282d-4356-b5e5-3a1a9f8c44ac/element [4.58628ms] ERR:404 body={"strategy":"-android uiautomator","selector":"new UiSelector().textMatches(\"(?is).*\\QWelcome to\\...
05:37:30.646683 POST /session/a880ccf9-282d-4356-b5e5-3a1a9f8c44ac/element [4.326366ms] ERR:404 body={"strategy":"-android uiautomator","selector":"new UiSelector().descriptionMatches(\"(?is).*\\QWelco...
05:37:30.651319 POST /session/a880ccf9-282d-4356-b5e5-3a1a9f8c44ac/element [4.542489ms] ERR:404 body={"strategy":"-android uiautomator","selector":"new UiSelector().textContains(\"Welcome to\")"}
05:37:30.655879 POST /session/a880ccf9-282d-4356-b5e5-3a1a9f8c44ac/element [4.497764ms] ERR:404 body={"strategy":"-android uiautomator","selector":"new UiSelector().descriptionContains(\"Welcome to\")"...
05:37:30.660397 POST /session/a880ccf9-282d-4356-b5e5-3a1a9f8c44ac/element [4.446591ms] ERR:404 body={"strategy":"-android uiautomator","selector":"new UiSelector().textMatches(\"(?is).*\\QWelcome to\\...
05:37:30.665006 POST /session/a880ccf9-282d-4356-b5e5-3a1a9f8c44ac/element [4.554792ms] ERR:404 body={"strategy":"-android uiautomator","selector":"new UiSelector().descriptionMatches(\"(?is).*\\QWelco...
05:37:30.669602 POST /session/a880ccf9-282d-4356-b5e5-3a1a9f8c44ac/element [4.51102ms] ERR:404 body={"strategy":"-android uiautomator","selector":"new UiSelector().textContains(\"Welcome to\")"}
05:37:30.674039 POST /session/a880ccf9-282d-4356-b5e5-3a1a9f8c44ac/element [4.359808ms] ERR:404 body={"strategy":"-android uiautomator","selector":"new UiSelector().descriptionContains(\"Welcome to\")"...
05:37:30.678294 POST /session/a880ccf9-282d-4356-b5e5-3a1a9f8c44ac/element [4.17851ms] ERR:404 body={"strategy":"-android uiautomator","selector":"new UiSelector().textMatches(\"(?is).*\\QWelcome to\\...
05:37:30.683024 POST /session/a880ccf9-282d-4356-b5e5-3a1a9f8c44ac/element [4.429638ms] ERR:404 body={"strategy":"-android uiautomator","selector":"new UiSelector().descriptionMatches(\"(?is).*\\QWelco...
05:37:30.687944 POST /session/a880ccf9-282d-4356-b5e5-3a1a9f8c44ac/element [4.832961ms] ERR:404 body={"strategy":"-android uiautomator","selector":"new UiSelector().textContains(\"Welcome to\")"}
05:37:30.692587 POST /session/a880ccf9-282d-4356-b5e5-3a1a9f8c44ac/element [4.560092ms] ERR:404 body={"strategy":"-android uiautomator","selector":"new UiSelector().descriptionContains(\"Welcome to\")"...
05:37:30.696868 POST /session/a880ccf9-282d-4356-b5e5-3a1a9f8c44ac/element [4.20019ms] ERR:404 body={"strategy":"-android uiautomator","selector":"new UiSelector().textMatches(\"(?is).*\\QWelcome to\\...
05:37:30.701601 POST /session/a880ccf9-282d-4356-b5e5-3a1a9f8c44ac/element [4.6553ms] ERR:404 body={"strategy":"-android uiautomator","selector":"new UiSelector().descriptionMatches(\"(?is).*\\QWelco...
05:37:30.706046 POST /session/a880ccf9-282d-4356-b5e5-3a1a9f8c44ac/element [4.392818ms] ERR:404 body={"strategy":"-android uiautomator","selector":"new UiSelector().textContains(\"Welcome to\")"}
05:37:30.710539 POST /session/a880ccf9-282d-4356-b5e5-3a1a9f8c44ac/element [4.439248ms] ERR:404 body={"strategy":"-android uiautomator","selector":"new UiSelector().descriptionContains(\"Welcome to\")"...
05:37:30.715927 POST /session/a880ccf9-282d-4356-b5e5-3a1a9f8c44ac/element [5.30941ms] ERR:404 body={"strategy":"-android uiautomator","selector":"new UiSelector().textMatches(\"(?is).*\\QWelcome to\\...
05:37:30.720574 POST /session/a880ccf9-282d-4356-b5e5-3a1a9f8c44ac/element [4.560211ms] ERR:404 body={"strategy":"-android uiautomator","selector":"new UiSelector().descriptionMatches(\"(?is).*\\QWelco...
05:37:30.725176 POST /session/a880ccf9-282d-4356-b5e5-3a1a9f8c44ac/element [4.508135ms] ERR:404 body={"strategy":"-android uiautomator","selector":"new UiSelector().textContains(\"Welcome to\")"}
05:37:30.729672 POST /session/a880ccf9-282d-4356-b5e5-3a1a9f8c44ac/element [4.39306ms] ERR:404 body={"strategy":"-android uiautomator","selector":"new UiSelector().descriptionContains(\"Welcome to\")"...
05:37:30.735062 POST /session/a880ccf9-282d-4356-b5e5-3a1a9f8c44ac/element [5.314209ms] ERR:404 body={"strategy":"-android uiautomator","selector":"new UiSelector().textMatches(\"(?is).*\\QWelcome to\\...
05:37:30.739901 POST /session/a880ccf9-282d-4356-b5e5-3a1a9f8c44ac/element [4.748413ms] ERR:404 body={"strategy":"-android uiautomator","selector":"new UiSelector().descriptionMatches(\"(?is).*\\QWelco...
05:37:30.744953 POST /session/a880ccf9-282d-4356-b5e5-3a1a9f8c44ac/element [4.936023ms] ERR:404 body={"strategy":"-android uiautomator","selector":"new UiSelector().textContains(\"Welcome to\")"}
05:37:30.749734 POST /session/a880ccf9-282d-4356-b5e5-3a1a9f8c44ac/element [4.662463ms] ERR:404 body={"strategy":"-android uiautomator","selector":"new UiSelector().descriptionContains(\"Welcome to\")"...
05:37:30.754486 POST /session/a880ccf9-282d-4356-b5e5-3a1a9f8c44ac/element [4.678452ms] ERR:404 body={"strategy":"-android uiautomator","selector":"new UiSelector().textMatches(\"(?is).*\\QWelcome to\\...
05:37:30.759233 POST /session/a880ccf9-282d-4356-b5e5-3a1a9f8c44ac/element [4.658716ms] ERR:404 body={"strategy":"-android uiautomator","selector":"new UiSelector().descriptionMatches(\"(?is).*\\QWelco...
05:37:30.763822 POST /session/a880ccf9-282d-4356-b5e5-3a1a9f8c44ac/element [4.481425ms] ERR:404 body={"strategy":"-android uiautomator","selector":"new UiSelector().textContains(\"Welcome to\")"}
05:37:30.768497 POST /session/a880ccf9-282d-4356-b5e5-3a1a9f8c44ac/element [4.555363ms] ERR:404 body={"strategy":"-android uiautomator","selector":"new UiSelector().descriptionContains(\"Welcome to\")"...
05:37:30.773206 POST /session/a880ccf9-282d-4356-b5e5-3a1a9f8c44ac/element [4.613652ms] ERR:404 body={"strategy":"-android uiautomator","selector":"new UiSelector().textMatches(\"(?is).*\\QWelcome to\\...
05:37:30.777622 POST /session/a880ccf9-282d-4356-b5e5-3a1a9f8c44ac/element [4.30766ms] ERR:404 body={"strategy":"-android uiautomator","selector":"new UiSelector().descriptionMatches(\"(?is).*\\QWelco...
05:37:30.782206 POST /session/a880ccf9-282d-4356-b5e5-3a1a9f8c44ac/element [4.488097ms] ERR:404 body={"strategy":"-android uiautomator","selector":"new UiSelector().textContains(\"Welcome to\")"}
05:37:30.786628 POST /session/a880ccf9-282d-4356-b5e5-3a1a9f8c44ac/element [4.309574ms] ERR:404 body={"strategy":"-android uiautomator","selector":"new UiSelector().descriptionContains(\"Welcome to\")"...
05:37:30.791172 POST /session/a880ccf9-282d-4356-b5e5-3a1a9f8c44ac/element [4.460225ms] ERR:404 body={"strategy":"-android uiautomator","selector":"new UiSelector().textMatches(\"(?is).*\\QWelcome to\\...
05:37:30.795457 POST /session/a880ccf9-282d-4356-b5e5-3a1a9f8c44ac/element [4.170474ms] ERR:404 body={"strategy":"-android uiautomator","selector":"new UiSelector().descriptionMatches(\"(?is).*\\QWelco...
05:37:30.799638 POST /session/a880ccf9-282d-4356-b5e5-3a1a9f8c44ac/element [4.09448ms] ERR:404 body={"strategy":"-android uiautomator","selector":"new UiSelector().textContains(\"Welcome to\")"}
05:37:30.804279 POST /session/a880ccf9-282d-4356-b5e5-3a1a9f8c44ac/element [4.555097ms] ERR:404 body={"strategy":"-android uiautomator","selector":"new UiSelector().descriptionContains(\"Welcome to\")"...
05:37:30.809020 POST /session/a880ccf9-282d-4356-b5e5-3a1a9f8c44ac/element [4.661541ms] ERR:404 body={"strategy":"-android uiautomator","selector":"new UiSelector().textMatches(\"(?is).*\\QWelcome to\\...
05:37:30.813539 POST /session/a880ccf9-282d-4356-b5e5-3a1a9f8c44ac/element [4.43038ms] ERR:404 body={"strategy":"-android uiautomator","selector":"new UiSelector().descriptionMatches(\"(?is).*\\QWelco...
05:37:30.818267 POST /session/a880ccf9-282d-4356-b5e5-3a1a9f8c44ac/element [4.636695ms] ERR:404 body={"strategy":"-android uiautomator","selector":"new UiSelector().textContains(\"Welcome to\")"}
05:37:30.823153 POST /session/a880ccf9-282d-4356-b5e5-3a1a9f8c44ac/element [4.792475ms] ERR:404 body={"strategy":"-android uiautomator","selector":"new UiSelector().descriptionContains(\"Welcome to\")"...
05:37:30.828378 POST /session/a880ccf9-282d-4356-b5e5-3a1a9f8c44ac/element [5.114366ms] ERR:404 body={"strategy":"-android uiautomator","selector":"new UiSelector().textMatches(\"(?is).*\\QWelcome to\\...
05:37:30.833218 POST /session/a880ccf9-282d-4356-b5e5-3a1a9f8c44ac/element [4.747541ms] ERR:404 body={"strategy":"-android uiautomator","selector":"new UiSelector().descriptionMatches(\"(?is).*\\QWelco...
05:37:30.837981 POST /session/a880ccf9-282d-4356-b5e5-3a1a9f8c44ac/element [4.630153ms] ERR:404 body={"strategy":"-android uiautomator","selector":"new UiSelector().textContains(\"Welcome to\")"}
05:37:30.842963 POST /session/a880ccf9-282d-4356-b5e5-3a1a9f8c44ac/element [4.889176ms] ERR:404 body={"strategy":"-android uiautomator","selector":"new UiSelector().descriptionContains(\"Welcome to\")"...
05:37:30.847668 POST /session/a880ccf9-282d-4356-b5e5-3a1a9f8c44ac/element [4.613581ms] ERR:404 body={"strategy":"-android uiautomator","selector":"new UiSelector().textMatches(\"(?is).*\\QWelcome to\\...
05:37:30.852554 POST /session/a880ccf9-282d-4356-b5e5-3a1a9f8c44ac/element [4.794259ms] ERR:404 body={"strategy":"-android uiautomator","selector":"new UiSelector().descriptionMatches(\"(?is).*\\QWelco...
05:37:30.857654 POST /session/a880ccf9-282d-4356-b5e5-3a1a9f8c44ac/element [5.012836ms] ERR:404 body={"strategy":"-android uiautomator","selector":"new UiSelector().textContains(\"Welcome to\")"}
05:37:30.862629 POST /session/a880ccf9-282d-4356-b5e5-3a1a9f8c44ac/element [4.872995ms] ERR:404 body={"strategy":"-android uiautomator","selector":"new UiSelector().descriptionContains(\"Welcome to\")"...
05:37:30.867290 POST /session/a880ccf9-282d-4356-b5e5-3a1a9f8c44ac/element [4.564812ms] ERR:404 body={"strategy":"-android uiautomator","selector":"new UiSelector().textMatches(\"(?is).*\\QWelcome to\\...
05:37:30.872063 POST /session/a880ccf9-282d-4356-b5e5-3a1a9f8c44ac/element [4.664886ms] ERR:404 body={"strategy":"-android uiautomator","selector":"new UiSelector().descriptionMatches(\"(?is).*\\QWelco...
05:37:30.876949 POST /session/a880ccf9-282d-4356-b5e5-3a1a9f8c44ac/element [4.786875ms] ERR:404 body={"strategy":"-android uiautomator","selector":"new UiSelector().textContains(\"Welcome to\")"}
05:37:30.883754 POST /session/a880ccf9-282d-4356-b5e5-3a1a9f8c44ac/element [6.704466ms] ERR:404 body={"strategy":"-android uiautomator","selector":"new UiSelector().descriptionContains(\"Welcome to\")"...
05:37:30.888707 POST /session/a880ccf9-282d-4356-b5e5-3a1a9f8c44ac/element [4.884655ms] ERR:404 body={"strategy":"-android uiautomator","selector":"new UiSelector().textMatches(\"(?is).*\\QWelcome to\\...
05:37:30.894694 POST /session/a880ccf9-282d-4356-b5e5-3a1a9f8c44ac/element [5.881488ms] ERR:404 body={"strategy":"-android uiautomator","selector":"new UiSelector().descriptionMatches(\"(?is).*\\QWelco...
05:37:30.899335 POST /session/a880ccf9-282d-4356-b5e5-3a1a9f8c44ac/element [4.545815ms] ERR:404 body={"strategy":"-android uiautomator","selector":"new UiSelector().textContains(\"Welcome to\")"}
05:37:30.904037 POST /session/a880ccf9-282d-4356-b5e5-3a1a9f8c44ac/element [4.605278ms] ERR:404 body={"strategy":"-android uiautomator","selector":"new UiSelector().descriptionContains(\"Welcome to\")"...
05:37:30.909073 POST /session/a880ccf9-282d-4356-b5e5-3a1a9f8c44ac/element [4.973333ms] ERR:404 body={"strategy":"-android uiautomator","selector":"new UiSelector().textMatches(\"(?is).*\\QWelcome to\\...
05:37:30.913945 POST /session/a880ccf9-282d-4356-b5e5-3a1a9f8c44ac/element [4.778373ms] ERR:404 body={"strategy":"-android uiautomator","selector":"new UiSelector().descriptionMatches(\"(?is).*\\QWelco...
05:37:30.918480 POST /session/a880ccf9-282d-4356-b5e5-3a1a9f8c44ac/element [4.433154ms] ERR:404 body={"strategy":"-android uiautomator","selector":"new UiSelector().textContains(\"Welcome to\")"}
05:37:30.923239 POST /session/a880ccf9-282d-4356-b5e5-3a1a9f8c44ac/element [4.664226ms] ERR:404 body={"strategy":"-android uiautomator","selector":"new UiSelector().descriptionContains(\"Welcome to\")"...
05:37:30.927771 POST /session/a880ccf9-282d-4356-b5e5-3a1a9f8c44ac/element [4.419649ms] ERR:404 body={"strategy":"-android uiautomator","selector":"new UiSelector().textMatches(\"(?is).*\\QWelcome to\\...
05:37:30.932509 POST /session/a880ccf9-282d-4356-b5e5-3a1a9f8c44ac/element [4.649188ms] ERR:404 body={"strategy":"-android uiautomator","selector":"new UiSelector().descriptionMatches(\"(?is).*\\QWelco...
05:37:30.937185 POST /session/a880ccf9-282d-4356-b5e5-3a1a9f8c44ac/element [4.58621ms] ERR:404 body={"strategy":"-android uiautomator","selector":"new UiSelector().textContains(\"Welcome to\")"}
05:37:30.942083 POST /session/a880ccf9-282d-4356-b5e5-3a1a9f8c44ac/element [4.770929ms] ERR:404 body={"strategy":"-android uiautomator","selector":"new UiSelector().descriptionContains(\"Welcome to\")"...
05:37:30.946683 POST /session/a880ccf9-282d-4356-b5e5-3a1a9f8c44ac/element [4.498696ms] ERR:404 body={"strategy":"-android uiautomator","selector":"new UiSelector().textMatches(\"(?is).*\\QWelcome to\\...
05:37:30.951284 POST /session/a880ccf9-282d-4356-b5e5-3a1a9f8c44ac/element [4.502353ms] ERR:404 body={"strategy":"-android uiautomator","selector":"new UiSelector().descriptionMatches(\"(?is).*\\QWelco...
05:37:30.956131 POST /session/a880ccf9-282d-4356-b5e5-3a1a9f8c44ac/element [4.745387ms] ERR:404 body={"strategy":"-android uiautomator","selector":"new UiSelector().textContains(\"Welcome to\")"}
05:37:30.960904 POST /session/a880ccf9-282d-4356-b5e5-3a1a9f8c44ac/element [4.627247ms] ERR:404 body={"strategy":"-android uiautomator","selector":"new UiSelector().descriptionContains(\"Welcome to\")"...
05:37:30.965521 POST /session/a880ccf9-282d-4356-b5e5-3a1a9f8c44ac/element [4.527551ms] ERR:404 body={"strategy":"-android uiautomator","selector":"new UiSelector().textMatches(\"(?is).*\\QWelcome to\\...
05:37:30.970179 POST /session/a880ccf9-282d-4356-b5e5-3a1a9f8c44ac/element [4.569439ms] ERR:404 body={"strategy":"-android uiautomator","selector":"new UiSelector().descriptionMatches(\"(?is).*\\QWelco...
05:37:30.974852 POST /session/a880ccf9-282d-4356-b5e5-3a1a9f8c44ac/element [4.546647ms] ERR:404 body={"strategy":"-android uiautomator","selector":"new UiSelector().textContains(\"Welcome to\")"}
05:37:30.979434 POST /session/a880ccf9-282d-4356-b5e5-3a1a9f8c44ac/element [4.455755ms] ERR:404 body={"strategy":"-android uiautomator","selector":"new UiSelector().descriptionContains(\"Welcome to\")"...
05:37:30.983986 POST /session/a880ccf9-282d-4356-b5e5-3a1a9f8c44ac/element [4.461207ms] ERR:404 body={"strategy":"-android uiautomator","selector":"new UiSelector().textMatches(\"(?is).*\\QWelcome to\\...
05:37:30.988698 POST /session/a880ccf9-282d-4356-b5e5-3a1a9f8c44ac/element [4.626305ms] ERR:404 body={"strategy":"-android uiautomator","selector":"new UiSelector().descriptionMatches(\"(?is).*\\QWelco...
05:37:30.993388 POST /session/a880ccf9-282d-4356-b5e5-3a1a9f8c44ac/element [4.606067ms] ERR:404 body={"strategy":"-android uiautomator","selector":"new UiSelector().textContains(\"Welcome to\")"}
05:37:30.997949 POST /session/a880ccf9-282d-4356-b5e5-3a1a9f8c44ac/element [4.46291ms] ERR:404 body={"strategy":"-android uiautomator","selector":"new UiSelector().descriptionContains(\"Welcome to\")"...
05:37:31.002785 POST /session/a880ccf9-282d-4356-b5e5-3a1a9f8c44ac/element [4.719118ms] ERR:404 body={"strategy":"-android uiautomator","selector":"new UiSelector().textMatches(\"(?is).*\\QWelcome to\\...
05:37:31.007270 POST /session/a880ccf9-282d-4356-b5e5-3a1a9f8c44ac/element [4.386868ms] ERR:404 body={"strategy":"-android uiautomator","selector":"new UiSelector().descriptionMatches(\"(?is).*\\QWelco...
05:37:31.011722 POST /session/a880ccf9-282d-4356-b5e5-3a1a9f8c44ac/element [4.361211ms] ERR:404 body={"strategy":"-android uiautomator","selector":"new UiSelector().textContains(\"Welcome to\")"}
05:37:31.016675 POST /session/a880ccf9-282d-4356-b5e5-3a1a9f8c44ac/element [4.847036ms] ERR:404 body={"strategy":"-android uiautomator","selector":"new UiSelector().descriptionContains(\"Welcome to\")"...
05:37:31.021489 POST /session/a880ccf9-282d-4356-b5e5-3a1a9f8c44ac/element [4.707607ms] ERR:404 body={"strategy":"-android uiautomator","selector":"new UiSelector().textMatches(\"(?is).*\\QWelcome to\\...
05:37:31.027416 POST /session/a880ccf9-282d-4356-b5e5-3a1a9f8c44ac/element [5.801907ms] ERR:404 body={"strategy":"-android uiautomator","selector":"new UiSelector().descriptionMatches(\"(?is).*\\QWelco...
05:37:31.032537 POST /session/a880ccf9-282d-4356-b5e5-3a1a9f8c44ac/element [5.018128ms] ERR:404 body={"strategy":"-android uiautomator","selector":"new UiSelector().textContains(\"Welcome to\")"}
05:37:31.037715 POST /session/a880ccf9-282d-4356-b5e5-3a1a9f8c44ac/element [5.070452ms] ERR:404 body={"strategy":"-android uiautomator","selector":"new UiSelector().descriptionContains(\"Welcome to\")"...
05:37:31.042618 POST /session/a880ccf9-282d-4356-b5e5-3a1a9f8c44ac/element [4.803141ms] ERR:404 body={"strategy":"-android uiautomator","selector":"new UiSelector().textMatches(\"(?is).*\\QWelcome to\\...
05:37:31.048020 POST /session/a880ccf9-282d-4356-b5e5-3a1a9f8c44ac/element [5.13487ms] ERR:404 body={"strategy":"-android uiautomator","selector":"new UiSelector().descriptionMatches(\"(?is).*\\QWelco...
05:37:31.054109 POST /session/a880ccf9-282d-4356-b5e5-3a1a9f8c44ac/element [5.988528ms] ERR:404 body={"strategy":"-android uiautomator","selector":"new UiSelector().textContains(\"Welcome to\")"}
05:37:31.060225 POST /session/a880ccf9-282d-4356-b5e5-3a1a9f8c44ac/element [5.981997ms] ERR:404 body={"strategy":"-android uiautomator","selector":"new UiSelector().descriptionContains(\"Welcome to\")"...
05:37:31.066276 POST /session/a880ccf9-282d-4356-b5e5-3a1a9f8c44ac/element [5.928435ms] ERR:404 body={"strategy":"-android uiautomator","selector":"new UiSelector().textMatches(\"(?is).*\\QWelcome to\\...
05:37:31.072042 POST /session/a880ccf9-282d-4356-b5e5-3a1a9f8c44ac/element [5.677818ms] ERR:404 body={"strategy":"-android uiautomator","selector":"new UiSelector().descriptionMatches(\"(?is).*\\QWelco...
05:37:31.077825 POST /session/a880ccf9-282d-4356-b5e5-3a1a9f8c44ac/element [5.693267ms] ERR:404 body={"strategy":"-android uiautomator","selector":"new UiSelector().textContains(\"Welcome to\")"}
05:37:31.083574 POST /session/a880ccf9-282d-4356-b5e5-3a1a9f8c44ac/element [5.659874ms] ERR:404 body={"strategy":"-android uiautomator","selector":"new UiSelector().descriptionContains(\"Welcome to\")"...
05:37:31.089854 POST /session/a880ccf9-282d-4356-b5e5-3a1a9f8c44ac/element [6.177037ms] ERR:404 body={"strategy":"-android uiautomator","selector":"new UiSelector().textMatches(\"(?is).*\\QWelcome to\\...
05:37:31.095529 POST /session/a880ccf9-282d-4356-b5e5-3a1a9f8c44ac/element [5.566281ms] ERR:404 body={"strategy":"-android uiautomator","selector":"new UiSelector().descriptionMatches(\"(?is).*\\QWelco...
05:37:31.101019 POST /session/a880ccf9-282d-4356-b5e5-3a1a9f8c44ac/element [5.408092ms] ERR:404 body={"strategy":"-android uiautomator","selector":"new UiSelector().textContains(\"Welcome to\")"}
05:37:31.105593 POST /session/a880ccf9-282d-4356-b5e5-3a1a9f8c44ac/element [4.485934ms] ERR:404 body={"strategy":"-android uiautomator","selector":"new UiSelector().descriptionContains(\"Welcome to\")"...
05:37:31.110159 POST /session/a880ccf9-282d-4356-b5e5-3a1a9f8c44ac/element [4.494319ms] ERR:404 body={"strategy":"-android uiautomator","selector":"new UiSelector().textMatches(\"(?is).*\\QWelcome to\\...
05:37:31.114730 POST /session/a880ccf9-282d-4356-b5e5-3a1a9f8c44ac/element [4.472638ms] ERR:404 body={"strategy":"-android uiautomator","selector":"new UiSelector().descriptionMatches(\"(?is).*\\QWelco...
05:37:31.119505 POST /session/a880ccf9-282d-4356-b5e5-3a1a9f8c44ac/element [4.686316ms] ERR:404 body={"strategy":"-android uiautomator","selector":"new UiSelector().textContains(\"Welcome to\")"}
05:37:31.124198 POST /session/a880ccf9-282d-4356-b5e5-3a1a9f8c44ac/element [4.591209ms] ERR:404 body={"strategy":"-android uiautomator","selector":"new UiSelector().descriptionContains(\"Welcome to\")"...
05:37:31.129093 POST /session/a880ccf9-282d-4356-b5e5-3a1a9f8c44ac/element [4.793116ms] ERR:404 body={"strategy":"-android uiautomator","selector":"new UiSelector().textMatches(\"(?is).*\\QWelcome to\\...
05:37:31.133913 POST /session/a880ccf9-282d-4356-b5e5-3a1a9f8c44ac/element [4.732353ms] ERR:404 body={"strategy":"-android uiautomator","selector":"new UiSelector().descriptionMatches(\"(?is).*\\QWelco...
05:37:31.138695 POST /session/a880ccf9-282d-4356-b5e5-3a1a9f8c44ac/element [4.696085ms] ERR:404 body={"strategy":"-android uiautomator","selector":"new UiSelector().textContains(\"Welcome to\")"}
05:37:31.143448 POST /session/a880ccf9-282d-4356-b5e5-3a1a9f8c44ac/element [4.660379ms] ERR:404 body={"strategy":"-android uiautomator","selector":"new UiSelector().descriptionContains(\"Welcome to\")"...
05:37:31.148186 POST /session/a880ccf9-282d-4356-b5e5-3a1a9f8c44ac/element [4.657183ms] ERR:404 body={"strategy":"-android uiautomator","selector":"new UiSelector().textMatches(\"(?is).*\\QWelcome to\\...
05:37:31.152783 POST /session/a880ccf9-282d-4356-b5e5-3a1a9f8c44ac/element [4.488839ms] ERR:404 body={"strategy":"-android uiautomator","selector":"new UiSelector().descriptionMatches(\"(?is).*\\QWelco...
05:37:31.157529 POST /session/a880ccf9-282d-4356-b5e5-3a1a9f8c44ac/element [4.669877ms] ERR:404 body={"strategy":"-android uiautomator","selector":"new UiSelector().textContains(\"Welcome to\")"}
05:37:31.162172 POST /session/a880ccf9-282d-4356-b5e5-3a1a9f8c44ac/element [4.562896ms] ERR:404 body={"strategy":"-android uiautomator","selector":"new UiSelector().descriptionContains(\"Welcome to\")"...
05:37:31.166691 POST /session/a880ccf9-282d-4356-b5e5-3a1a9f8c44ac/element [4.402898ms] ERR:404 body={"strategy":"-android uiautomator","selector":"new UiSelector().textMatches(\"(?is).*\\QWelcome to\\...
05:37:31.171140 POST /session/a880ccf9-282d-4356-b5e5-3a1a9f8c44ac/element [4.330353ms] ERR:404 body={"strategy":"-android uiautomator","selector":"new UiSelector().descriptionMatches(\"(?is).*\\QWelco...
05:37:31.175832 POST /session/a880ccf9-282d-4356-b5e5-3a1a9f8c44ac/element [4.587383ms] ERR:404 body={"strategy":"-android uiautomator","selector":"new UiSelector().textContains(\"Welcome to\")"}
05:37:31.180107 POST /session/a880ccf9-282d-4356-b5e5-3a1a9f8c44ac/element [4.183759ms] ERR:404 body={"strategy":"-android uiautomator","selector":"new UiSelector().descriptionContains(\"Welcome to\")"...
05:37:31.185065 POST /session/a880ccf9-282d-4356-b5e5-3a1a9f8c44ac/element [4.871934ms] ERR:404 body={"strategy":"-android uiautomator","selector":"new UiSelector().textMatches(\"(?is).*\\QWelcome to\\...
05:37:31.190035 POST /session/a880ccf9-282d-4356-b5e5-3a1a9f8c44ac/element [4.878375ms] ERR:404 body={"strategy":"-android uiautomator","selector":"new UiSelector().descriptionMatches(\"(?is).*\\QWelco...
05:37:31.194582 POST /session/a880ccf9-282d-4356-b5e5-3a1a9f8c44ac/element [4.457761ms] ERR:404 body={"strategy":"-android uiautomator","selector":"new UiSelector().textContains(\"Welcome to\")"}
05:37:31.199105 POST /session/a880ccf9-282d-4356-b5e5-3a1a9f8c44ac/element [4.44667ms] ERR:404 body={"strategy":"-android uiautomator","selector":"new UiSelector().descriptionContains(\"Welcome to\")"...
05:37:31.203634 POST /session/a880ccf9-282d-4356-b5e5-3a1a9f8c44ac/element [4.432133ms] ERR:404 body={"strategy":"-android uiautomator","selector":"new UiSelector().textMatches(\"(?is).*\\QWelcome to\\...
05:37:31.208114 POST /session/a880ccf9-282d-4356-b5e5-3a1a9f8c44ac/element [4.382701ms] ERR:404 body={"strategy":"-android uiautomator","selector":"new UiSelector().descriptionMatches(\"(?is).*\\QWelco...
05:37:31.212706 POST /session/a880ccf9-282d-4356-b5e5-3a1a9f8c44ac/element [4.510469ms] ERR:404 body={"strategy":"-android uiautomator","selector":"new UiSelector().textContains(\"Welcome to\")"}
05:37:31.217084 POST /session/a880ccf9-282d-4356-b5e5-3a1a9f8c44ac/element [4.307911ms] ERR:404 body={"strategy":"-android uiautomator","selector":"new UiSelector().descriptionContains(\"Welcome to\")"...
05:37:31.221780 POST /session/a880ccf9-282d-4356-b5e5-3a1a9f8c44ac/element [4.605476ms] ERR:404 body={"strategy":"-android uiautomator","selector":"new UiSelector().textMatches(\"(?is).*\\QWelcome to\\...
05:37:31.226340 POST /session/a880ccf9-282d-4356-b5e5-3a1a9f8c44ac/element [4.471457ms] ERR:404 body={"strategy":"-android uiautomator","selector":"new UiSelector().descriptionMatches(\"(?is).*\\QWelco...
05:37:31.230899 POST /session/a880ccf9-282d-4356-b5e5-3a1a9f8c44ac/element [4.481765ms] ERR:404 body={"strategy":"-android uiautomator","selector":"new UiSelector().textContains(\"Welcome to\")"}
05:37:31.235509 POST /session/a880ccf9-282d-4356-b5e5-3a1a9f8c44ac/element [4.52205ms] ERR:404 body={"strategy":"-android uiautomator","selector":"new UiSelector().descriptionContains(\"Welcome to\")"...
05:37:31.239888 POST /session/a880ccf9-282d-4356-b5e5-3a1a9f8c44ac/element [4.28568ms] ERR:404 body={"strategy":"-android uiautomator","selector":"new UiSelector().textMatches(\"(?is).*\\QWelcome to\\...
05:37:31.244554 POST /session/a880ccf9-282d-4356-b5e5-3a1a9f8c44ac/element [4.57531ms] ERR:404 body={"strategy":"-android uiautomator","selector":"new UiSelector().descriptionMatches(\"(?is).*\\QWelco...
05:37:31.249113 POST /session/a880ccf9-282d-4356-b5e5-3a1a9f8c44ac/element [4.472468ms] ERR:404 body={"strategy":"-android uiautomator","selector":"new UiSelector().textContains(\"Welcome to\")"}
05:37:31.253647 POST /session/a880ccf9-282d-4356-b5e5-3a1a9f8c44ac/element [4.454334ms] ERR:404 body={"strategy":"-android uiautomator","selector":"new UiSelector().descriptionContains(\"Welcome to\")"...
05:37:31.258180 POST /session/a880ccf9-282d-4356-b5e5-3a1a9f8c44ac/element [4.448894ms] ERR:404 body={"strategy":"-android uiautomator","selector":"new UiSelector().textMatches(\"(?is).*\\QWelcome to\\...
05:37:31.262762 POST /session/a880ccf9-282d-4356-b5e5-3a1a9f8c44ac/element [4.478839ms] ERR:404 body={"strategy":"-android uiautomator","selector":"new UiSelector().descriptionMatches(\"(?is).*\\QWelco...
05:37:31.267124 POST /session/a880ccf9-282d-4356-b5e5-3a1a9f8c44ac/element [4.280158ms] ERR:404 body={"strategy":"-android uiautomator","selector":"new UiSelector().textContains(\"Welcome to\")"}
05:37:31.271720 POST /session/a880ccf9-282d-4356-b5e5-3a1a9f8c44ac/element [4.477727ms] ERR:404 body={"strategy":"-android uiautomator","selector":"new UiSelector().descriptionContains(\"Welcome to\")"...
05:37:31.276358 POST /session/a880ccf9-282d-4356-b5e5-3a1a9f8c44ac/element [4.538872ms] ERR:404 body={"strategy":"-android uiautomator","selector":"new UiSelector().textMatches(\"(?is).*\\QWelcome to\\...
05:37:31.280968 POST /session/a880ccf9-282d-4356-b5e5-3a1a9f8c44ac/element [4.515955ms] ERR:404 body={"strategy":"-android uiautomator","selector":"new UiSelector().descriptionMatches(\"(?is).*\\QWelco...
05:37:31.285656 POST /session/a880ccf9-282d-4356-b5e5-3a1a9f8c44ac/element [4.594009ms] ERR:404 body={"strategy":"-android uiautomator","selector":"new UiSelector().textContains(\"Welcome to\")"}
05:37:31.290347 POST /session/a880ccf9-282d-4356-b5e5-3a1a9f8c44ac/element [4.611117ms] ERR:404 body={"strategy":"-android uiautomator","selector":"new UiSelector().descriptionContains(\"Welcome to\")"...
05:37:31.294886 POST /session/a880ccf9-282d-4356-b5e5-3a1a9f8c44ac/element [4.454936ms] ERR:404 body={"strategy":"-android uiautomator","selector":"new UiSelector().textMatches(\"(?is).*\\QWelcome to\\...
05:37:31.299390 POST /session/a880ccf9-282d-4356-b5e5-3a1a9f8c44ac/element [4.422455ms] ERR:404 body={"strategy":"-android uiautomator","selector":"new UiSelector().descriptionMatches(\"(?is).*\\QWelco...
05:37:31.303873 POST /session/a880ccf9-282d-4356-b5e5-3a1a9f8c44ac/element [4.396857ms] ERR:404 body={"strategy":"-android uiautomator","selector":"new UiSelector().textContains(\"Welcome to\")"}
05:37:31.308224 POST /session/a880ccf9-282d-4356-b5e5-3a1a9f8c44ac/element [4.263888ms] ERR:404 body={"strategy":"-android uiautomator","selector":"new UiSelector().descriptionContains(\"Welcome to\")"...
05:37:31.312726 POST /session/a880ccf9-282d-4356-b5e5-3a1a9f8c44ac/element [4.413444ms] ERR:404 body={"strategy":"-android uiautomator","selector":"new UiSelector().textMatches(\"(?is).*\\QWelcome to\\...
05:37:31.317412 POST /session/a880ccf9-282d-4356-b5e5-3a1a9f8c44ac/element [4.600377ms] ERR:404 body={"strategy":"-android uiautomator","selector":"new UiSelector().descriptionMatches(\"(?is).*\\QWelco...
05:37:31.322478 POST /session/a880ccf9-282d-4356-b5e5-3a1a9f8c44ac/element [4.978362ms] ERR:404 body={"strategy":"-android uiautomator","selector":"new UiSelector().textContains(\"Welcome to\")"}
05:37:31.327226 POST /session/a880ccf9-282d-4356-b5e5-3a1a9f8c44ac/element [4.672782ms] ERR:404 body={"strategy":"-android uiautomator","selector":"new UiSelector().descriptionContains(\"Welcome to\")"...
05:37:31.332379 POST /session/a880ccf9-282d-4356-b5e5-3a1a9f8c44ac/element [5.063361ms] ERR:404 body={"strategy":"-android uiautomator","selector":"new UiSelector().textMatches(\"(?is).*\\QWelcome to\\...
05:37:31.337024 POST /session/a880ccf9-282d-4356-b5e5-3a1a9f8c44ac/element [4.551355ms] ERR:404 body={"strategy":"-android uiautomator","selector":"new UiSelector().descriptionMatches(\"(?is).*\\QWelco...
05:37:31.342646 POST /session/a880ccf9-282d-4356-b5e5-3a1a9f8c44ac/element [5.529511ms] ERR:404 body={"strategy":"-android uiautomator","selector":"new UiSelector().textContains(\"Welcome to\")"}
05:37:31.347296 POST /session/a880ccf9-282d-4356-b5e5-3a1a9f8c44ac/element [4.560092ms] ERR:404 body={"strategy":"-android uiautomator","selector":"new UiSelector().descriptionContains(\"Welcome to\")"...
05:37:31.352159 POST /session/a880ccf9-282d-4356-b5e5-3a1a9f8c44ac/element [4.778348ms] ERR:404 body={"strategy":"-android uiautomator","selector":"new UiSelector().textMatches(\"(?is).*\\QWelcome to\\...
05:37:31.356635 POST /session/a880ccf9-282d-4356-b5e5-3a1a9f8c44ac/element [4.365929ms] ERR:404 body={"strategy":"-android uiautomator","selector":"new UiSelector().descriptionMatches(\"(?is).*\\QWelco...
05:37:31.361190 POST /session/a880ccf9-282d-4356-b5e5-3a1a9f8c44ac/element [4.467048ms] ERR:404 body={"strategy":"-android uiautomator","selector":"new UiSelector().textContains(\"Welcome to\")"}
05:37:31.365975 POST /session/a880ccf9-282d-4356-b5e5-3a1a9f8c44ac/element [4.700504ms] ERR:404 body={"strategy":"-android uiautomator","selector":"new UiSelector().descriptionContains(\"Welcome to\")"...
05:37:31.370670 POST /session/a880ccf9-282d-4356-b5e5-3a1a9f8c44ac/element [4.628519ms] ERR:404 body={"strategy":"-android uiautomator","selector":"new UiSelector().textMatches(\"(?is).*\\QWelcome to\\...
05:37:31.375250 POST /session/a880ccf9-282d-4356-b5e5-3a1a9f8c44ac/element [4.499729ms] ERR:404 body={"strategy":"-android uiautomator","selector":"new UiSelector().descriptionMatches(\"(?is).*\\QWelco...
05:37:31.379814 POST /session/a880ccf9-282d-4356-b5e5-3a1a9f8c44ac/element [4.455085ms] ERR:404 body={"strategy":"-android uiautomator","selector":"new UiSelector().textContains(\"Welcome to\")"}
05:37:31.384225 POST /session/a880ccf9-282d-4356-b5e5-3a1a9f8c44ac/element [4.332206ms] ERR:404 body={"strategy":"-android uiautomator","selector":"new UiSelector().descriptionContains(\"Welcome to\")"...
05:37:31.388807 POST /session/a880ccf9-282d-4356-b5e5-3a1a9f8c44ac/element [4.471787ms] ERR:404 body={"strategy":"-android uiautomator","selector":"new UiSelector().textMatches(\"(?is).*\\QWelcome to\\...
05:37:31.392952 POST /session/a880ccf9-282d-4356-b5e5-3a1a9f8c44ac/element [4.061501ms] ERR:404 body={"strategy":"-android uiautomator","selector":"new UiSelector().descriptionMatches(\"(?is).*\\QWelco...
05:37:31.397173 POST /session/a880ccf9-282d-4356-b5e5-3a1a9f8c44ac/element [4.137672ms] ERR:404 body={"strategy":"-android uiautomator","selector":"new UiSelector().textContains(\"Welcome to\")"}
05:37:31.401411 POST /session/a880ccf9-282d-4356-b5e5-3a1a9f8c44ac/element [4.140278ms] ERR:404 body={"strategy":"-android uiautomator","selector":"new UiSelector().descriptionContains(\"Welcome to\")"...
05:37:31.406096 POST /session/a880ccf9-282d-4356-b5e5-3a1a9f8c44ac/element [4.597665ms] ERR:404 body={"strategy":"-android uiautomator","selector":"new UiSelector().textMatches(\"(?is).*\\QWelcome to\\...
05:37:31.410745 POST /session/a880ccf9-282d-4356-b5e5-3a1a9f8c44ac/element [4.558756ms] ERR:404 body={"strategy":"-android uiautomator","selector":"new UiSelector().descriptionMatches(\"(?is).*\\QWelco...
05:37:31.415383 POST /session/a880ccf9-282d-4356-b5e5-3a1a9f8c44ac/element [4.305837ms] ERR:404 body={"strategy":"-android uiautomator","selector":"new UiSelector().textContains(\"Welcome to\")"}
05:37:31.420710 POST /session/a880ccf9-282d-4356-b5e5-3a1a9f8c44ac/element [5.23757ms] ERR:404 body={"strategy":"-android uiautomator","selector":"new UiSelector().descriptionContains(\"Welcome to\")"...
05:37:31.425200 POST /session/a880ccf9-282d-4356-b5e5-3a1a9f8c44ac/element [4.387243ms] ERR:404 body={"strategy":"-android uiautomator","selector":"new UiSelector().textMatches(\"(?is).*\\QWelcome to\\...
05:37:31.429530 POST /session/a880ccf9-282d-4356-b5e5-3a1a9f8c44ac/element [4.232655ms] ERR:404 body={"strategy":"-android uiautomator","selector":"new UiSelector().descriptionMatches(\"(?is).*\\QWelco...
05:37:31.433223 POST /session/a880ccf9-282d-4356-b5e5-3a1a9f8c44ac/element [3.601759ms] ERR:404 body={"strategy":"-android uiautomator","selector":"new UiSelector().textContains(\"Welcome to\")"}
05:37:31.437778 POST /session/a880ccf9-282d-4356-b5e5-3a1a9f8c44ac/element [4.445002ms] ERR:404 body={"strategy":"-android uiautomator","selector":"new UiSelector().descriptionContains(\"Welcome to\")"...
05:37:31.441519 POST /session/a880ccf9-282d-4356-b5e5-3a1a9f8c44ac/element [3.631108ms] ERR:404 body={"strategy":"-android uiautomator","selector":"new UiSelector().textMatches(\"(?is).*\\QWelcome to\\...
05:37:31.445213 POST /session/a880ccf9-282d-4356-b5e5-3a1a9f8c44ac/element [3.571306ms] ERR:404 body={"strategy":"-android uiautomator","selector":"new UiSelector().descriptionMatches(\"(?is).*\\QWelco...
05:37:31.448811 POST /session/a880ccf9-282d-4356-b5e5-3a1a9f8c44ac/element [3.473884ms] ERR:404 body={"strategy":"-android uiautomator","selector":"new UiSelector().textContains(\"Welcome to\")"}
05:37:31.452569 POST /session/a880ccf9-282d-4356-b5e5-3a1a9f8c44ac/element [3.61634ms] ERR:404 body={"strategy":"-android uiautomator","selector":"new UiSelector().descriptionContains(\"Welcome to\")"...
05:37:31.456060 POST /session/a880ccf9-282d-4356-b5e5-3a1a9f8c44ac/element [3.39399ms] ERR:404 body={"strategy":"-android uiautomator","selector":"new UiSelector().textMatches(\"(?is).*\\QWelcome to\\...
05:37:31.459541 POST /session/a880ccf9-282d-4356-b5e5-3a1a9f8c44ac/element [3.396861ms] ERR:404 body={"strategy":"-android uiautomator","selector":"new UiSelector().descriptionMatches(\"(?is).*\\QWelco...
05:37:31.462959 POST /session/a880ccf9-282d-4356-b5e5-3a1a9f8c44ac/element [3.326504ms] ERR:404 body={"strategy":"-android uiautomator","selector":"new UiSelector().textContains(\"Welcome to\")"}
05:37:31.473314 POST /session/a880ccf9-282d-4356-b5e5-3a1a9f8c44ac/element [10.261774ms] ERR:404 body={"strategy":"-android uiautomator","selector":"new UiSelector().descriptionContains(\"Welcome to\")"...
05:37:31.477176 POST /session/a880ccf9-282d-4356-b5e5-3a1a9f8c44ac/element [3.770919ms] ERR:404 body={"strategy":"-android uiautomator","selector":"new UiSelector().textMatches(\"(?is).*\\QWelcome to\\...
05:37:31.481566 POST /session/a880ccf9-282d-4356-b5e5-3a1a9f8c44ac/element [4.312892ms] ERR:404 body={"strategy":"-android uiautomator","selector":"new UiSelector().descriptionMatches(\"(?is).*\\QWelco...
05:37:31.486489 POST /session/a880ccf9-282d-4356-b5e5-3a1a9f8c44ac/element [4.851556ms] ERR:404 body={"strategy":"-android uiautomator","selector":"new UiSelector().textContains(\"Welcome to\")"}
05:37:31.491170 POST /session/a880ccf9-282d-4356-b5e5-3a1a9f8c44ac/element [4.580219ms] ERR:404 body={"strategy":"-android uiautomator","selector":"new UiSelector().descriptionContains(\"Welcome to\")"...
05:37:31.496112 POST /session/a880ccf9-282d-4356-b5e5-3a1a9f8c44ac/element [4.831228ms] ERR:404 body={"strategy":"-android uiautomator","selector":"new UiSelector().textMatches(\"(?is).*\\QWelcome to\\...
05:37:31.500828 POST /session/a880ccf9-282d-4356-b5e5-3a1a9f8c44ac/element [4.588094ms] ERR:404 body={"strategy":"-android uiautomator","selector":"new UiSelector().descriptionMatches(\"(?is).*\\QWelco...
05:37:31.505597 POST /session/a880ccf9-282d-4356-b5e5-3a1a9f8c44ac/element [4.68239ms] ERR:404 body={"strategy":"-android uiautomator","selector":"new UiSelector().textContains(\"Welcome to\")"}
05:37:31.510188 POST /session/a880ccf9-282d-4356-b5e5-3a1a9f8c44ac/element [4.502404ms] ERR:404 body={"strategy":"-android uiautomator","selector":"new UiSelector().descriptionContains(\"Welcome to\")"...
05:37:31.513990 POST /session/a880ccf9-282d-4356-b5e5-3a1a9f8c44ac/element [3.707831ms] ERR:404 body={"strategy":"-android uiautomator","selector":"new UiSelector().textMatches(\"(?is).*\\QWelcome to\\...
05:37:31.518100 POST /session/a880ccf9-282d-4356-b5e5-3a1a9f8c44ac/element [4.042496ms] ERR:404 body={"strategy":"-android uiautomator","selector":"new UiSelector().descriptionMatches(\"(?is).*\\QWelco...
05:37:31.522122 POST /session/a880ccf9-282d-4356-b5e5-3a1a9f8c44ac/element [3.913484ms] ERR:404 body={"strategy":"-android uiautomator","selector":"new UiSelector().textContains(\"Welcome to\")"}
05:37:31.526224 POST /session/a880ccf9-282d-4356-b5e5-3a1a9f8c44ac/element [3.944867ms] ERR:404 body={"strategy":"-android uiautomator","selector":"new UiSelector().descriptionContains(\"Welcome to\")"...
05:37:31.530235 POST /session/a880ccf9-282d-4356-b5e5-3a1a9f8c44ac/element [3.917793ms] ERR:404 body={"strategy":"-android uiautomator","selector":"new UiSelector().textMatches(\"(?is).*\\QWelcome to\\...
05:37:31.534545 POST /session/a880ccf9-282d-4356-b5e5-3a1a9f8c44ac/element [4.14678ms] ERR:404 body={"strategy":"-android uiautomator","selector":"new UiSelector().descriptionMatches(\"(?is).*\\QWelco...
05:37:31.538652 POST /session/a880ccf9-282d-4356-b5e5-3a1a9f8c44ac/element [3.964305ms] ERR:404 body={"strategy":"-android uiautomator","selector":"new UiSelector().textContains(\"Welcome to\")"}
05:37:31.542691 POST /session/a880ccf9-282d-4356-b5e5-3a1a9f8c44ac/element [3.934574ms] ERR:404 body={"strategy":"-android uiautomator","selector":"new UiSelector().descriptionContains(\"Welcome to\")"...
05:37:31.546624 POST /session/a880ccf9-282d-4356-b5e5-3a1a9f8c44ac/element [3.828596ms] ERR:404 body={"strategy":"-android uiautomator","selector":"new UiSelector().textMatches(\"(?is).*\\QWelcome to\\...
05:37:31.550136 POST /session/a880ccf9-282d-4356-b5e5-3a1a9f8c44ac/element [3.436546ms] ERR:404 body={"strategy":"-android uiautomator","selector":"new UiSelector().descriptionMatches(\"(?is).*\\QWelco...
05:37:31.554025 POST /session/a880ccf9-282d-4356-b5e5-3a1a9f8c44ac/element [3.796604ms] ERR:404 body={"strategy":"-android uiautomator","selector":"new UiSelector().textContains(\"Welcome to\")"}
05:37:31.557504 POST /session/a880ccf9-282d-4356-b5e5-3a1a9f8c44ac/element [3.403635ms] ERR:404 body={"strategy":"-android uiautomator","selector":"new UiSelector().descriptionContains(\"Welcome to\")"...
05:37:31.561027 POST /session/a880ccf9-282d-4356-b5e5-3a1a9f8c44ac/element [3.44889ms] ERR:404 body={"strategy":"-android uiautomator","selector":"new UiSelector().textMatches(\"(?is).*\\QWelcome to\\...
05:37:31.564663 POST /session/a880ccf9-282d-4356-b5e5-3a1a9f8c44ac/element [3.564904ms] ERR:404 body={"strategy":"-android uiautomator","selector":"new UiSelector().descriptionMatches(\"(?is).*\\QWelco...
05:37:31.568202 POST /session/a880ccf9-282d-4356-b5e5-3a1a9f8c44ac/element [3.442283ms] ERR:404 body={"strategy":"-android uiautomator","selector":"new UiSelector().textContains(\"Welcome to\")"}
05:37:31.572670 POST /session/a880ccf9-282d-4356-b5e5-3a1a9f8c44ac/element [4.397357ms] ERR:404 body={"strategy":"-android uiautomator","selector":"new UiSelector().descriptionContains(\"Welcome to\")"...
05:37:31.576213 POST /session/a880ccf9-282d-4356-b5e5-3a1a9f8c44ac/element [3.477739ms] ERR:404 body={"strategy":"-android uiautomator","selector":"new UiSelector().textMatches(\"(?is).*\\QWelcome to\\...
05:37:31.583108 POST /session/a880ccf9-282d-4356-b5e5-3a1a9f8c44ac/element [6.799822ms] ERR:404 body={"strategy":"-android uiautomator","selector":"new UiSelector().descriptionMatches(\"(?is).*\\QWelco...
05:37:31.587886 POST /session/a880ccf9-282d-4356-b5e5-3a1a9f8c44ac/element [4.68689ms] ERR:404 body={"strategy":"-android uiautomator","selector":"new UiSelector().textContains(\"Welcome to\")"}
05:37:31.591448 POST /session/a880ccf9-282d-4356-b5e5-3a1a9f8c44ac/element [3.494082ms] ERR:404 body={"strategy":"-android uiautomator","selector":"new UiSelector().descriptionContains(\"Welcome to\")"...
05:37:31.595153 POST /session/a880ccf9-282d-4356-b5e5-3a1a9f8c44ac/element [3.639433ms] ERR:404 body={"strategy":"-android uiautomator","selector":"new UiSelector().textMatches(\"(?is).*\\QWelcome to\\...
05:37:31.599530 POST /session/a880ccf9-282d-4356-b5e5-3a1a9f8c44ac/element [4.28065ms] ERR:404 body={"strategy":"-android uiautomator","selector":"new UiSelector().descriptionMatches(\"(?is).*\\QWelco...
05:37:31.603061 POST /session/a880ccf9-282d-4356-b5e5-3a1a9f8c44ac/element [3.427285ms] ERR:404 body={"strategy":"-android uiautomator","selector":"new UiSelector().textContains(\"Welcome to\")"}
05:37:31.606793 POST /session/a880ccf9-282d-4356-b5e5-3a1a9f8c44ac/element [3.640797ms] ERR:404 body={"strategy":"-android uiautomator","selector":"new UiSelector().descriptionContains(\"Welcome to\")"...
05:37:31.610581 POST /session/a880ccf9-282d-4356-b5e5-3a1a9f8c44ac/element [3.695076ms] ERR:404 body={"strategy":"-android uiautomator","selector":"new UiSelector().textMatches(\"(?is).*\\QWelcome to\\...
05:37:31.614400 POST /session/a880ccf9-282d-4356-b5e5-3a1a9f8c44ac/element [3.686891ms] ERR:404 body={"strategy":"-android uiautomator","selector":"new UiSelector().descriptionMatches(\"(?is).*\\QWelco...
05:37:31.618004 POST /session/a880ccf9-282d-4356-b5e5-3a1a9f8c44ac/element [3.50864ms] ERR:404 body={"strategy":"-android uiautomator","selector":"new UiSelector().textContains(\"Welcome to\")"}
05:37:31.621445 POST /session/a880ccf9-282d-4356-b5e5-3a1a9f8c44ac/element [3.363408ms] ERR:404 body={"strategy":"-android uiautomator","selector":"new UiSelector().descriptionContains(\"Welcome to\")"...
05:37:31.625196 POST /session/a880ccf9-282d-4356-b5e5-3a1a9f8c44ac/element [3.658765ms] ERR:404 body={"strategy":"-android uiautomator","selector":"new UiSelector().textMatches(\"(?is).*\\QWelcome to\\...
05:37:31.629609 POST /session/a880ccf9-282d-4356-b5e5-3a1a9f8c44ac/element [4.287567ms] ERR:404 body={"strategy":"-android uiautomator","selector":"new UiSelector().descriptionMatches(\"(?is).*\\QWelco...
05:37:31.632978 POST /session/a880ccf9-282d-4356-b5e5-3a1a9f8c44ac/element [3.294509ms] ERR:404 body={"strategy":"-android uiautomator","selector":"new UiSelector().textContains(\"Welcome to\")"}
05:37:31.636296 POST /session/a880ccf9-282d-4356-b5e5-3a1a9f8c44ac/element [3.249141ms] ERR:404 body={"strategy":"-android uiautomator","selector":"new UiSelector().descriptionContains(\"Welcome to\")"...
05:37:31.640458 POST /session/a880ccf9-282d-4356-b5e5-3a1a9f8c44ac/element [4.062396ms] ERR:404 body={"strategy":"-android uiautomator","selector":"new UiSelector().textMatches(\"(?is).*\\QWelcome to\\...
05:37:31.644085 POST /session/a880ccf9-282d-4356-b5e5-3a1a9f8c44ac/element [3.561018ms] ERR:404 body={"strategy":"-android uiautomator","selector":"new UiSelector().descriptionMatches(\"(?is).*\\QWelco...
05:37:31.647455 POST /session/a880ccf9-282d-4356-b5e5-3a1a9f8c44ac/element [3.292636ms] ERR:404 body={"strategy":"-android uiautomator","selector":"new UiSelector().textContains(\"Welcome to\")"}
05:37:31.650814 POST /session/a880ccf9-282d-4356-b5e5-3a1a9f8c44ac/element [3.288356ms] ERR:404 body={"strategy":"-android uiautomator","selector":"new UiSelector().descriptionContains(\"Welcome to\")"...
05:37:31.654376 POST /session/a880ccf9-282d-4356-b5e5-3a1a9f8c44ac/element [3.491589ms] ERR:404 body={"strategy":"-android uiautomator","selector":"new UiSelector().textMatches(\"(?is).*\\QWelcome to\\...
05:37:31.658561 POST /session/a880ccf9-282d-4356-b5e5-3a1a9f8c44ac/element [4.101554ms] ERR:404 body={"strategy":"-android uiautomator","selector":"new UiSelector().descriptionMatches(\"(?is).*\\QWelco...
05:37:31.662103 POST /session/a880ccf9-282d-4356-b5e5-3a1a9f8c44ac/element [3.446824ms] ERR:404 body={"strategy":"-android uiautomator","selector":"new UiSelector().textContains(\"Welcome to\")"}
05:37:31.665469 POST /session/a880ccf9-282d-4356-b5e5-3a1a9f8c44ac/element [3.299839ms] ERR:404 body={"strategy":"-android uiautomator","selector":"new UiSelector().descriptionContains(\"Welcome to\")"...
05:37:31.668882 POST /session/a880ccf9-282d-4356-b5e5-3a1a9f8c44ac/element [3.344723ms] ERR:404 body={"strategy":"-android uiautomator","selector":"new UiSelector().textMatches(\"(?is).*\\QWelcome to\\...
05:37:31.672373 POST /session/a880ccf9-282d-4356-b5e5-3a1a9f8c44ac/element [3.42381ms] ERR:404 body={"strategy":"-android uiautomator","selector":"new UiSelector().descriptionMatches(\"(?is).*\\QWelco...
05:37:31.676320 POST /session/a880ccf9-282d-4356-b5e5-3a1a9f8c44ac/element [3.881274ms] ERR:404 body={"strategy":"-android uiautomator","selector":"new UiSelector().textContains(\"Welcome to\")"}
05:37:31.680506 POST /session/a880ccf9-282d-4356-b5e5-3a1a9f8c44ac/element [4.116375ms] ERR:404 body={"strategy":"-android uiautomator","selector":"new UiSelector().descriptionContains(\"Welcome to\")"...
05:37:31.684235 POST /session/a880ccf9-282d-4356-b5e5-3a1a9f8c44ac/element [3.66551ms] ERR:404 body={"strategy":"-android uiautomator","selector":"new UiSelector().textMatches(\"(?is).*\\QWelcome to\\...
05:37:31.688526 POST /session/a880ccf9-282d-4356-b5e5-3a1a9f8c44ac/element [4.20757ms] ERR:404 body={"strategy":"-android uiautomator","selector":"new UiSelector().descriptionMatches(\"(?is).*\\QWelco...
05:37:31.694130 POST /session/a880ccf9-282d-4356-b5e5-3a1a9f8c44ac/element [5.493163ms] ERR:404 body={"strategy":"-android uiautomator","selector":"new UiSelector().textContains(\"Welcome to\")"}
05:37:31.698951 POST /session/a880ccf9-282d-4356-b5e5-3a1a9f8c44ac/element [4.697568ms] ERR:404 body={"strategy":"-android uiautomator","selector":"new UiSelector().descriptionContains(\"Welcome to\")"...
05:37:31.703126 POST /session/a880ccf9-282d-4356-b5e5-3a1a9f8c44ac/element [4.065969ms] ERR:404 body={"strategy":"-android uiautomator","selector":"new UiSelector().textMatches(\"(?is).*\\QWelcome to\\...
05:37:31.706982 POST /session/a880ccf9-282d-4356-b5e5-3a1a9f8c44ac/element [3.725103ms] ERR:404 body={"strategy":"-android uiautomator","selector":"new UiSelector().descriptionMatches(\"(?is).*\\QWelco...
05:37:31.711003 POST /session/a880ccf9-282d-4356-b5e5-3a1a9f8c44ac/element [3.91301ms] ERR:404 body={"strategy":"-android uiautomator","selector":"new UiSelector().textContains(\"Welcome to\")"}
05:37:31.716050 POST /session/a880ccf9-282d-4356-b5e5-3a1a9f8c44ac/element [4.943111ms] ERR:404 body={"strategy":"-android uiautomator","selector":"new UiSelector().descriptionContains(\"Welcome to\")"...
05:37:31.722065 POST /session/a880ccf9-282d-4356-b5e5-3a1a9f8c44ac/element [5.889096ms] ERR:404 body={"strategy":"-android uiautomator","selector":"new UiSelector().textMatches(\"(?is).*\\QWelcome to\\...
05:37:31.727402 POST /session/a880ccf9-282d-4356-b5e5-3a1a9f8c44ac/element [5.187167ms] ERR:404 body={"strategy":"-android uiautomator","selector":"new UiSelector().descriptionMatches(\"(?is).*\\QWelco...
05:37:31.732905 POST /session/a880ccf9-282d-4356-b5e5-3a1a9f8c44ac/element [5.379076ms] ERR:404 body={"strategy":"-android uiautomator","selector":"new UiSelector().textContains(\"Welcome to\")"}
05:37:31.737798 POST /session/a880ccf9-282d-4356-b5e5-3a1a9f8c44ac/element [4.794709ms] ERR:404 body={"strategy":"-android uiautomator","selector":"new UiSelector().descriptionContains(\"Welcome to\")"...
05:37:31.742790 POST /session/a880ccf9-282d-4356-b5e5-3a1a9f8c44ac/element [4.897581ms] ERR:404 body={"strategy":"-android uiautomator","selector":"new UiSelector().textMatches(\"(?is).*\\QWelcome to\\...
05:37:31.747282 POST /session/a880ccf9-282d-4356-b5e5-3a1a9f8c44ac/element [4.401426ms] ERR:404 body={"strategy":"-android uiautomator","selector":"new UiSelector().descriptionMatches(\"(?is).*\\QWelco...
05:37:31.752333 POST /session/a880ccf9-282d-4356-b5e5-3a1a9f8c44ac/element [4.921606ms] ERR:404 body={"strategy":"-android uiautomator","selector":"new UiSelector().textContains(\"Welcome to\")"}
05:37:31.756754 POST /session/a880ccf9-282d-4356-b5e5-3a1a9f8c44ac/element [4.320955ms] ERR:404 body={"strategy":"-android uiautomator","selector":"new UiSelector().descriptionContains(\"Welcome to\")"...
05:37:31.761196 POST /session/a880ccf9-282d-4356-b5e5-3a1a9f8c44ac/element [4.333509ms] ERR:404 body={"strategy":"-android uiautomator","selector":"new UiSelector().textMatches(\"(?is).*\\QWelcome to\\...
05:37:31.766165 POST /session/a880ccf9-282d-4356-b5e5-3a1a9f8c44ac/element [4.837153ms] ERR:404 body={"strategy":"-android uiautomator","selector":"new UiSelector().descriptionMatches(\"(?is).*\\QWelco...
05:37:31.770796 POST /session/a880ccf9-282d-4356-b5e5-3a1a9f8c44ac/element [4.480178ms] ERR:404 body={"strategy":"-android uiautomator","selector":"new UiSelector().textContains(\"Welcome to\")"}
05:37:31.775365 POST /session/a880ccf9-282d-4356-b5e5-3a1a9f8c44ac/element [4.466397ms] ERR:404 body={"strategy":"-android uiautomator","selector":"new UiSelector().descriptionContains(\"Welcome to\")"...
05:37:31.780764 POST /session/a880ccf9-282d-4356-b5e5-3a1a9f8c44ac/element [5.314556ms] ERR:404 body={"strategy":"-android uiautomator","selector":"new UiSelector().textMatches(\"(?is).*\\QWelcome to\\...
05:37:31.786163 POST /session/a880ccf9-282d-4356-b5e5-3a1a9f8c44ac/element [5.294322ms] ERR:404 body={"strategy":"-android uiautomator","selector":"new UiSelector().descriptionMatches(\"(?is).*\\QWelco...
05:37:31.791783 POST /session/a880ccf9-282d-4356-b5e5-3a1a9f8c44ac/element [5.497511ms] ERR:404 body={"strategy":"-android uiautomator","selector":"new UiSelector().textContains(\"Welcome to\")"}
05:37:31.797762 POST /session/a880ccf9-282d-4356-b5e5-3a1a9f8c44ac/element [5.873032ms] ERR:404 body={"strategy":"-android uiautomator","selector":"new UiSelector().descriptionContains(\"Welcome to\")"...
05:37:31.803440 POST /session/a880ccf9-282d-4356-b5e5-3a1a9f8c44ac/element [5.572702ms] ERR:404 body={"strategy":"-android uiautomator","selector":"new UiSelector().textMatches(\"(?is).*\\QWelcome to\\...
05:37:31.808890 POST /session/a880ccf9-282d-4356-b5e5-3a1a9f8c44ac/element [5.355526ms] ERR:404 body={"strategy":"-android uiautomator","selector":"new UiSelector().descriptionMatches(\"(?is).*\\QWelco...
05:37:31.814558 POST /session/a880ccf9-282d-4356-b5e5-3a1a9f8c44ac/element [5.572681ms] ERR:404 body={"strategy":"-android uiautomator","selector":"new UiSelector().textContains(\"Welcome to\")"}
05:37:31.820491 POST /session/a880ccf9-282d-4356-b5e5-3a1a9f8c44ac/element [5.831224ms] ERR:404 body={"strategy":"-android uiautomator","selector":"new UiSelector().descriptionContains(\"Welcome to\")"...
05:37:31.826642 POST /session/a880ccf9-282d-4356-b5e5-3a1a9f8c44ac/element [6.034473ms] ERR:404 body={"strategy":"-android uiautomator","selector":"new UiSelector().textMatches(\"(?is).*\\QWelcome to\\...
05:37:31.832972 POST /session/a880ccf9-282d-4356-b5e5-3a1a9f8c44ac/element [6.219108ms] ERR:404 body={"strategy":"-android uiautomator","selector":"new UiSelector().descriptionMatches(\"(?is).*\\QWelco...
05:37:31.838954 POST /session/a880ccf9-282d-4356-b5e5-3a1a9f8c44ac/element [5.874214ms] ERR:404 body={"strategy":"-android uiautomator","selector":"new UiSelector().textContains(\"Welcome to\")"}
05:37:31.845029 POST /session/a880ccf9-282d-4356-b5e5-3a1a9f8c44ac/element [5.975533ms] ERR:404 body={"strategy":"-android uiautomator","selector":"new UiSelector().descriptionContains(\"Welcome to\")"...
05:37:31.852667 POST /session/a880ccf9-282d-4356-b5e5-3a1a9f8c44ac/element [7.517904ms] ERR:404 body={"strategy":"-android uiautomator","selector":"new UiSelector().textMatches(\"(?is).*\\QWelcome to\\...
05:37:31.859295 POST /session/a880ccf9-282d-4356-b5e5-3a1a9f8c44ac/element [6.533986ms] ERR:404 body={"strategy":"-android uiautomator","selector":"new UiSelector().descriptionMatches(\"(?is).*\\QWelco...
05:37:31.866273 POST /session/a880ccf9-282d-4356-b5e5-3a1a9f8c44ac/element [6.850859ms] ERR:404 body={"strategy":"-android uiautomator","selector":"new UiSelector().textContains(\"Welcome to\")"}
05:37:31.872424 POST /session/a880ccf9-282d-4356-b5e5-3a1a9f8c44ac/element [6.034253ms] ERR:404 body={"strategy":"-android uiautomator","selector":"new UiSelector().descriptionContains(\"Welcome to\")"...
05:37:31.877856 POST /session/a880ccf9-282d-4356-b5e5-3a1a9f8c44ac/element [5.341219ms] ERR:404 body={"strategy":"-android uiautomator","selector":"new UiSelector().textMatches(\"(?is).*\\QWelcome to\\...
05:37:31.884326 POST /session/a880ccf9-282d-4356-b5e5-3a1a9f8c44ac/element [6.379476ms] ERR:404 body={"strategy":"-android uiautomator","selector":"new UiSelector().descriptionMatches(\"(?is).*\\QWelco...
05:37:31.890222 POST /session/a880ccf9-282d-4356-b5e5-3a1a9f8c44ac/element [5.794688ms] ERR:404 body={"strategy":"-android uiautomator","selector":"new UiSelector().textContains(\"Welcome to\")"}
05:37:31.895940 POST /session/a880ccf9-282d-4356-b5e5-3a1a9f8c44ac/element [5.588751ms] ERR:404 body={"strategy":"-android uiautomator","selector":"new UiSelector().descriptionContains(\"Welcome to\")"...
05:37:31.901705 POST /session/a880ccf9-282d-4356-b5e5-3a1a9f8c44ac/element [5.677347ms] ERR:404 body={"strategy":"-android uiautomator","selector":"new UiSelector().textMatches(\"(?is).*\\QWelcome to\\...
05:37:31.907229 POST /session/a880ccf9-282d-4356-b5e5-3a1a9f8c44ac/element [5.427119ms] ERR:404 body={"strategy":"-android uiautomator","selector":"new UiSelector().descriptionMatches(\"(?is).*\\QWelco...
05:37:31.913111 POST /session/a880ccf9-282d-4356-b5e5-3a1a9f8c44ac/element [5.773687ms] ERR:404 body={"strategy":"-android uiautomator","selector":"new UiSelector().textContains(\"Welcome to\")"}
05:37:31.918726 POST /session/a880ccf9-282d-4356-b5e5-3a1a9f8c44ac/element [5.531154ms] ERR:404 body={"strategy":"-android uiautomator","selector":"new UiSelector().descriptionContains(\"Welcome to\")"...
05:37:31.924505 POST /session/a880ccf9-282d-4356-b5e5-3a1a9f8c44ac/element [5.672467ms] ERR:404 body={"strategy":"-android uiautomator","selector":"new UiSelector().textMatches(\"(?is).*\\QWelcome to\\...
05:37:31.930535 POST /session/a880ccf9-282d-4356-b5e5-3a1a9f8c44ac/element [5.924989ms] ERR:404 body={"strategy":"-android uiautomator","selector":"new UiSelector().descriptionMatches(\"(?is).*\\QWelco...
05:37:31.937126 POST /session/a880ccf9-282d-4356-b5e5-3a1a9f8c44ac/element [6.46664ms] ERR:404 body={"strategy":"-android uiautomator","selector":"new UiSelector().textContains(\"Welcome to\")"}
05:37:31.943943 POST /session/a880ccf9-282d-4356-b5e5-3a1a9f8c44ac/element [6.669429ms] ERR:404 body={"strategy":"-android uiautomator","selector":"new UiSelector().descriptionContains(\"Welcome to\")"...
05:37:31.950677 POST /session/a880ccf9-282d-4356-b5e5-3a1a9f8c44ac/element [6.617392ms] ERR:404 body={"strategy":"-android uiautomator","selector":"new UiSelector().textMatches(\"(?is).*\\QWelcome to\\...
05:37:31.957003 POST /session/a880ccf9-282d-4356-b5e5-3a1a9f8c44ac/element [6.223857ms] ERR:404 body={"strategy":"-android uiautomator","selector":"new UiSelector().descriptionMatches(\"(?is).*\\QWelco...
05:37:31.963095 POST /session/a880ccf9-282d-4356-b5e5-3a1a9f8c44ac/element [5.978269ms] ERR:404 body={"strategy":"-android uiautomator","selector":"new UiSelector().textContains(\"Welcome to\")"}
05:37:31.969866 POST /session/a880ccf9-282d-4356-b5e5-3a1a9f8c44ac/element [6.628362ms] ERR:404 body={"strategy":"-android uiautomator","selector":"new UiSelector().descriptionContains(\"Welcome to\")"...
05:37:31.976008 POST /session/a880ccf9-282d-4356-b5e5-3a1a9f8c44ac/element [5.994749ms] ERR:404 body={"strategy":"-android uiautomator","selector":"new UiSelector().textMatches(\"(?is).*\\QWelcome to\\...
05:37:31.981849 POST /session/a880ccf9-282d-4356-b5e5-3a1a9f8c44ac/element [5.735154ms] ERR:404 body={"strategy":"-android uiautomator","selector":"new UiSelector().descriptionMatches(\"(?is).*\\QWelco...
05:37:31.987486 POST /session/a880ccf9-282d-4356-b5e5-3a1a9f8c44ac/element [5.534931ms] ERR:404 body={"strategy":"-android uiautomator","selector":"new UiSelector().textContains(\"Welcome to\")"}
05:37:31.993056 POST /session/a880ccf9-282d-4356-b5e5-3a1a9f8c44ac/element [5.474963ms] ERR:404 body={"strategy":"-android uiautomator","selector":"new UiSelector().descriptionContains(\"Welcome to\")"...
05:37:31.997465 POST /session/a880ccf9-282d-4356-b5e5-3a1a9f8c44ac/element [4.322839ms] ERR:404 body={"strategy":"-android uiautomator","selector":"new UiSelector().textMatches(\"(?is).*\\QWelcome to\\...
05:37:32.001952 POST /session/a880ccf9-282d-4356-b5e5-3a1a9f8c44ac/element [4.393277ms] ERR:404 body={"strategy":"-android uiautomator","selector":"new UiSelector().descriptionMatches(\"(?is).*\\QWelco...
05:37:32.006269 POST /session/a880ccf9-282d-4356-b5e5-3a1a9f8c44ac/element [4.234434ms] ERR:404 body={"strategy":"-android uiautomator","selector":"new UiSelector().textContains(\"Welcome to\")"}
05:37:32.010451 POST /session/a880ccf9-282d-4356-b5e5-3a1a9f8c44ac/element [4.098911ms] ERR:404 body={"strategy":"-android uiautomator","selector":"new UiSelector().descriptionContains(\"Welcome to\")"...
05:37:32.015289 POST /session/a880ccf9-282d-4356-b5e5-3a1a9f8c44ac/element [4.748593ms] ERR:404 body={"strategy":"-android uiautomator","selector":"new UiSelector().textMatches(\"(?is).*\\QWelcome to\\...
05:37:32.019923 POST /session/a880ccf9-282d-4356-b5e5-3a1a9f8c44ac/element [4.500119ms] ERR:404 body={"strategy":"-android uiautomator","selector":"new UiSelector().descriptionMatches(\"(?is).*\\QWelco...
05:37:32.024399 POST /session/a880ccf9-282d-4356-b5e5-3a1a9f8c44ac/element [4.361581ms] ERR:404 body={"strategy":"-android uiautomator","selector":"new UiSelector().textContains(\"Welcome to\")"}
05:37:32.028458 POST /session/a880ccf9-282d-4356-b5e5-3a1a9f8c44ac/element [3.97512ms] ERR:404 body={"strategy":"-android uiautomator","selector":"new UiSelector().descriptionContains(\"Welcome to\")"...
05:37:32.033935 POST /session/a880ccf9-282d-4356-b5e5-3a1a9f8c44ac/element [5.392115ms] ERR:404 body={"strategy":"-android uiautomator","selector":"new UiSelector().textMatches(\"(?is).*\\QWelcome to\\...
05:37:32.038490 POST /session/a880ccf9-282d-4356-b5e5-3a1a9f8c44ac/element [4.470013ms] ERR:404 body={"strategy":"-android uiautomator","selector":"new UiSelector().descriptionMatches(\"(?is).*\\QWelco...
05:37:32.043215 POST /session/a880ccf9-282d-4356-b5e5-3a1a9f8c44ac/element [4.631244ms] ERR:404 body={"strategy":"-android uiautomator","selector":"new UiSelector().textContains(\"Welcome to\")"}
05:37:32.049014 POST /session/a880ccf9-282d-4356-b5e5-3a1a9f8c44ac/element [5.680116ms] ERR:404 body={"strategy":"-android uiautomator","selector":"new UiSelector().descriptionContains(\"Welcome to\")"...
05:37:32.054751 POST /session/a880ccf9-282d-4356-b5e5-3a1a9f8c44ac/element [5.638353ms] ERR:404 body={"strategy":"-android uiautomator","selector":"new UiSelector().textMatches(\"(?is).*\\QWelcome to\\...
05:37:32.060467 POST /session/a880ccf9-282d-4356-b5e5-3a1a9f8c44ac/element [5.624739ms] ERR:404 body={"strategy":"-android uiautomator","selector":"new UiSelector().descriptionMatches(\"(?is).*\\QWelco...
05:37:32.066117 POST /session/a880ccf9-282d-4356-b5e5-3a1a9f8c44ac/element [5.546064ms] ERR:404 body={"strategy":"-android uiautomator","selector":"new UiSelector().textContains(\"Welcome to\")"}
05:37:32.071567 POST /session/a880ccf9-282d-4356-b5e5-3a1a9f8c44ac/element [5.376604ms] ERR:404 body={"strategy":"-android uiautomator","selector":"new UiSelector().descriptionContains(\"Welcome to\")"...
05:37:32.077270 POST /session/a880ccf9-282d-4356-b5e5-3a1a9f8c44ac/element [5.631121ms] ERR:404 body={"strategy":"-android uiautomator","selector":"new UiSelector().textMatches(\"(?is).*\\QWelcome to\\...
05:37:32.083190 POST /session/a880ccf9-282d-4356-b5e5-3a1a9f8c44ac/element [5.818621ms] ERR:404 body={"strategy":"-android uiautomator","selector":"new UiSelector().descriptionMatches(\"(?is).*\\QWelco...
05:37:32.088465 POST /session/a880ccf9-282d-4356-b5e5-3a1a9f8c44ac/element [5.13469ms] ERR:404 body={"strategy":"-android uiautomator","selector":"new UiSelector().textContains(\"Welcome to\")"}
05:37:32.093077 POST /session/a880ccf9-282d-4356-b5e5-3a1a9f8c44ac/element [4.534173ms] ERR:404 body={"strategy":"-android uiautomator","selector":"new UiSelector().descriptionContains(\"Welcome to\")"...
05:37:32.097527 POST /session/a880ccf9-282d-4356-b5e5-3a1a9f8c44ac/element [4.364917ms] ERR:404 body={"strategy":"-android uiautomator","selector":"new UiSelector().textMatches(\"(?is).*\\QWelcome to\\...
05:37:32.101939 POST /session/a880ccf9-282d-4356-b5e5-3a1a9f8c44ac/element [4.327086ms] ERR:404 body={"strategy":"-android uiautomator","selector":"new UiSelector().descriptionMatches(\"(?is).*\\QWelco...
05:37:32.106545 POST /session/a880ccf9-282d-4356-b5e5-3a1a9f8c44ac/element [4.52146ms] ERR:404 body={"strategy":"-android uiautomator","selector":"new UiSelector().textContains(\"Welcome to\")"}
05:37:32.111148 POST /session/a880ccf9-282d-4356-b5e5-3a1a9f8c44ac/element [4.5057ms] ERR:404 body={"strategy":"-android uiautomator","selector":"new UiSelector().descriptionContains(\"Welcome to\")"...
05:37:32.115596 POST /session/a880ccf9-282d-4356-b5e5-3a1a9f8c44ac/element [4.32913ms] ERR:404 body={"strategy":"-android uiautomator","selector":"new UiSelector().textMatches(\"(?is).*\\QWelcome to\\...
05:37:32.119905 POST /session/a880ccf9-282d-4356-b5e5-3a1a9f8c44ac/element [4.22165ms] ERR:404 body={"strategy":"-android uiautomator","selector":"new UiSelector().descriptionMatches(\"(?is).*\\QWelco...
05:37:32.125665 POST /session/a880ccf9-282d-4356-b5e5-3a1a9f8c44ac/element [5.622751ms] ERR:404 body={"strategy":"-android uiautomator","selector":"new UiSelector().textContains(\"Welcome to\")"}
05:37:32.131759 POST /session/a880ccf9-282d-4356-b5e5-3a1a9f8c44ac/element [5.977116ms] ERR:404 body={"strategy":"-android uiautomator","selector":"new UiSelector().descriptionContains(\"Welcome to\")"...
05:37:32.138605 POST /session/a880ccf9-282d-4356-b5e5-3a1a9f8c44ac/element [6.746763ms] ERR:404 body={"strategy":"-android uiautomator","selector":"new UiSelector().textMatches(\"(?is).*\\QWelcome to\\...
05:37:32.144580 POST /session/a880ccf9-282d-4356-b5e5-3a1a9f8c44ac/element [5.873072ms] ERR:404 body={"strategy":"-android uiautomator","selector":"new UiSelector().descriptionMatches(\"(?is).*\\QWelco...
05:37:32.150224 POST /session/a880ccf9-282d-4356-b5e5-3a1a9f8c44ac/element [5.542154ms] ERR:404 body={"strategy":"-android uiautomator","selector":"new UiSelector().textContains(\"Welcome to\")"}
05:37:32.156077 POST /session/a880ccf9-282d-4356-b5e5-3a1a9f8c44ac/element [5.724727ms] ERR:404 body={"strategy":"-android uiautomator","selector":"new UiSelector().descriptionContains(\"Welcome to\")"...
05:37:32.161893 POST /session/a880ccf9-282d-4356-b5e5-3a1a9f8c44ac/element [5.716731ms] ERR:404 body={"strategy":"-android uiautomator","selector":"new UiSelector().textMatches(\"(?is).*\\QWelcome to\\...
05:37:32.167434 POST /session/a880ccf9-282d-4356-b5e5-3a1a9f8c44ac/element [5.455623ms] ERR:404 body={"strategy":"-android uiautomator","selector":"new UiSelector().descriptionMatches(\"(?is).*\\QWelco...
05:37:32.173055 POST /session/a880ccf9-282d-4356-b5e5-3a1a9f8c44ac/element [5.523389ms] ERR:404 body={"strategy":"-android uiautomator","selector":"new UiSelector().textContains(\"Welcome to\")"}
05:37:32.178614 POST /session/a880ccf9-282d-4356-b5e5-3a1a9f8c44ac/element [5.482733ms] ERR:404 body={"strategy":"-android uiautomator","selector":"new UiSelector().descriptionContains(\"Welcome to\")"...
05:37:32.184137 POST /session/a880ccf9-282d-4356-b5e5-3a1a9f8c44ac/element [5.434664ms] ERR:404 body={"strategy":"-android uiautomator","selector":"new UiSelector().textMatches(\"(?is).*\\QWelcome to\\...
05:37:32.190069 POST /session/a880ccf9-282d-4356-b5e5-3a1a9f8c44ac/element [5.80734ms] ERR:404 body={"strategy":"-android uiautomator","selector":"new UiSelector().descriptionMatches(\"(?is).*\\QWelco...
05:37:32.195572 POST /session/a880ccf9-282d-4356-b5e5-3a1a9f8c44ac/element [5.41633ms] ERR:404 body={"strategy":"-android uiautomator","selector":"new UiSelector().textContains(\"Welcome to\")"}
05:37:32.202280 POST /session/a880ccf9-282d-4356-b5e5-3a1a9f8c44ac/element [6.587233ms] ERR:404 body={"strategy":"-android uiautomator","selector":"new UiSelector().descriptionContains(\"Welcome to\")"...
05:37:32.209002 POST /session/a880ccf9-282d-4356-b5e5-3a1a9f8c44ac/element [6.62595ms] ERR:404 body={"strategy":"-android uiautomator","selector":"new UiSelector().textMatches(\"(?is).*\\QWelcome to\\...
05:37:32.216339 POST /session/a880ccf9-282d-4356-b5e5-3a1a9f8c44ac/element [7.198025ms] ERR:404 body={"strategy":"-android uiautomator","selector":"new UiSelector().descriptionMatches(\"(?is).*\\QWelco...
05:37:32.222787 POST /session/a880ccf9-282d-4356-b5e5-3a1a9f8c44ac/element [6.312695ms] ERR:404 body={"strategy":"-android uiautomator","selector":"new UiSelector().textContains(\"Welcome to\")"}
05:37:32.228759 POST /session/a880ccf9-282d-4356-b5e5-3a1a9f8c44ac/element [5.858024ms] ERR:404 body={"strategy":"-android uiautomator","selector":"new UiSelector().descriptionContains(\"Welcome to\")"...
05:37:32.234625 POST /session/a880ccf9-282d-4356-b5e5-3a1a9f8c44ac/element [5.784006ms] ERR:404 body={"strategy":"-android uiautomator","selector":"new UiSelector().textMatches(\"(?is).*\\QWelcome to\\...
05:37:32.240364 POST /session/a880ccf9-282d-4356-b5e5-3a1a9f8c44ac/element [5.643003ms] ERR:404 body={"strategy":"-android uiautomator","selector":"new UiSelector().descriptionMatches(\"(?is).*\\QWelco...
05:37:32.245055 POST /session/a880ccf9-282d-4356-b5e5-3a1a9f8c44ac/element [4.603793ms] ERR:404 body={"strategy":"-android uiautomator","selector":"new UiSelector().textContains(\"Welcome to\")"}
05:37:32.250041 POST /session/a880ccf9-282d-4356-b5e5-3a1a9f8c44ac/element [4.870671ms] ERR:404 body={"strategy":"-android uiautomator","selector":"new UiSelector().descriptionContains(\"Welcome to\")"...
05:37:32.255003 POST /session/a880ccf9-282d-4356-b5e5-3a1a9f8c44ac/element [4.851586ms] ERR:404 body={"strategy":"-android uiautomator","selector":"new UiSelector().textMatches(\"(?is).*\\QWelcome to\\...
05:37:32.259778 POST /session/a880ccf9-282d-4356-b5e5-3a1a9f8c44ac/element [4.688431ms] ERR:404 body={"strategy":"-android uiautomator","selector":"new UiSelector().descriptionMatches(\"(?is).*\\QWelco...
05:37:32.264435 POST /session/a880ccf9-282d-4356-b5e5-3a1a9f8c44ac/element [4.562576ms] ERR:404 body={"strategy":"-android uiautomator","selector":"new UiSelector().textContains(\"Welcome to\")"}
05:37:32.268964 POST /session/a880ccf9-282d-4356-b5e5-3a1a9f8c44ac/element [4.429027ms] ERR:404 body={"strategy":"-android uiautomator","selector":"new UiSelector().descriptionContains(\"Welcome to\")"...
05:37:32.273891 POST /session/a880ccf9-282d-4356-b5e5-3a1a9f8c44ac/element [4.820778ms] ERR:404 body={"strategy":"-android uiautomator","selector":"new UiSelector().textMatches(\"(?is).*\\QWelcome to\\...
05:37:32.279218 POST /session/a880ccf9-282d-4356-b5e5-3a1a9f8c44ac/element [5.215745ms] ERR:404 body={"strategy":"-android uiautomator","selector":"new UiSelector().descriptionMatches(\"(?is).*\\QWelco...
05:37:32.283891 POST /session/a880ccf9-282d-4356-b5e5-3a1a9f8c44ac/element [4.557266ms] ERR:404 body={"strategy":"-android uiautomator","selector":"new UiSelector().textContains(\"Welcome to\")"}
05:37:32.289049 POST /session/a880ccf9-282d-4356-b5e5-3a1a9f8c44ac/element [5.06817ms] ERR:404 body={"strategy":"-android uiautomator","selector":"new UiSelector().descriptionContains(\"Welcome to\")"...
05:37:32.293865 POST /session/a880ccf9-282d-4356-b5e5-3a1a9f8c44ac/element [4.727073ms] ERR:404 body={"strategy":"-android uiautomator","selector":"new UiSelector().textMatches(\"(?is).*\\QWelcome to\\...
05:37:32.298550 POST /session/a880ccf9-282d-4356-b5e5-3a1a9f8c44ac/element [4.591139ms] ERR:404 body={"strategy":"-android uiautomator","selector":"new UiSelector().descriptionMatches(\"(?is).*\\QWelco...
05:37:32.303579 POST /session/a880ccf9-282d-4356-b5e5-3a1a9f8c44ac/element [4.920014ms] ERR:404 body={"strategy":"-android uiautomator","selector":"new UiSelector().textContains(\"Welcome to\")"}
05:37:32.308295 POST /session/a880ccf9-282d-4356-b5e5-3a1a9f8c44ac/element [4.61857ms] ERR:404 body={"strategy":"-android uiautomator","selector":"new UiSelector().descriptionContains(\"Welcome to\")"...
05:37:32.312977 POST /session/a880ccf9-282d-4356-b5e5-3a1a9f8c44ac/element [4.592742ms] ERR:404 body={"strategy":"-android uiautomator","selector":"new UiSelector().textMatches(\"(?is).*\\QWelcome to\\...
05:37:32.317261 POST /session/a880ccf9-282d-4356-b5e5-3a1a9f8c44ac/element [4.199498ms] ERR:404 body={"strategy":"-android uiautomator","selector":"new UiSelector().descriptionMatches(\"(?is).*\\QWelco...
05:37:32.321880 POST /session/a880ccf9-282d-4356-b5e5-3a1a9f8c44ac/element [4.531739ms] ERR:404 body={"strategy":"-android uiautomator","selector":"new UiSelector().textContains(\"Welcome to\")"}
05:37:32.326153 POST /session/a880ccf9-282d-4356-b5e5-3a1a9f8c44ac/element [4.185923ms] ERR:404 body={"strategy":"-android uiautomator","selector":"new UiSelector().descriptionContains(\"Welcome to\")"...
05:37:32.330707 POST /session/a880ccf9-282d-4356-b5e5-3a1a9f8c44ac/element [4.443795ms] ERR:404 body={"strategy":"-android uiautomator","selector":"new UiSelector().textMatches(\"(?is).*\\QWelcome to\\...
05:37:32.334837 POST /session/a880ccf9-282d-4356-b5e5-3a1a9f8c44ac/element [4.051712ms] ERR:404 body={"strategy":"-android uiautomator","selector":"new UiSelector().descriptionMatches(\"(?is).*\\QWelco...
05:37:32.339400 POST /session/a880ccf9-282d-4356-b5e5-3a1a9f8c44ac/element [4.466367ms] ERR:404 body={"strategy":"-android uiautomator","selector":"new UiSelector().textContains(\"Welcome to\")"}
05:37:32.343940 POST /session/a880ccf9-282d-4356-b5e5-3a1a9f8c44ac/element [4.447802ms] ERR:404 body={"strategy":"-android uiautomator","selector":"new UiSelector().descriptionContains(\"Welcome to\")"...
05:37:32.348707 POST /session/a880ccf9-282d-4356-b5e5-3a1a9f8c44ac/element [4.680865ms] ERR:404 body={"strategy":"-android uiautomator","selector":"new UiSelector().textMatches(\"(?is).*\\QWelcome to\\...
05:37:32.353578 POST /session/a880ccf9-282d-4356-b5e5-3a1a9f8c44ac/element [4.781665ms] ERR:404 body={"strategy":"-android uiautomator","selector":"new UiSelector().descriptionMatches(\"(?is).*\\QWelco...
05:37:32.358264 POST /session/a880ccf9-282d-4356-b5e5-3a1a9f8c44ac/element [4.58117ms] ERR:404 body={"strategy":"-android uiautomator","selector":"new UiSelector().textContains(\"Welcome to\")"}
05:37:32.363872 POST /session/a880ccf9-282d-4356-b5e5-3a1a9f8c44ac/element [5.509491ms] ERR:404 body={"strategy":"-android uiautomator","selector":"new UiSelector().descriptionContains(\"Welcome to\")"...
05:37:32.368733 POST /session/a880ccf9-282d-4356-b5e5-3a1a9f8c44ac/element [4.767078ms] ERR:404 body={"strategy":"-android uiautomator","selector":"new UiSelector().textMatches(\"(?is).*\\QWelcome to\\...
05:37:32.373682 POST /session/a880ccf9-282d-4356-b5e5-3a1a9f8c44ac/element [4.861504ms] ERR:404 body={"strategy":"-android uiautomator","selector":"new UiSelector().descriptionMatches(\"(?is).*\\QWelco...
05:37:32.378035 POST /session/a880ccf9-282d-4356-b5e5-3a1a9f8c44ac/element [4.278706ms] ERR:404 body={"strategy":"-android uiautomator","selector":"new UiSelector().textContains(\"Welcome to\")"}
05:37:32.382559 POST /session/a880ccf9-282d-4356-b5e5-3a1a9f8c44ac/element [4.443694ms] ERR:404 body={"strategy":"-android uiautomator","selector":"new UiSelector().descriptionContains(\"Welcome to\")"...
05:37:32.386916 POST /session/a880ccf9-282d-4356-b5e5-3a1a9f8c44ac/element [4.276372ms] ERR:404 body={"strategy":"-android uiautomator","selector":"new UiSelector().textMatches(\"(?is).*\\QWelcome to\\...
05:37:32.391436 POST /session/a880ccf9-282d-4356-b5e5-3a1a9f8c44ac/element [4.438715ms] ERR:404 body={"strategy":"-android uiautomator","selector":"new UiSelector().descriptionMatches(\"(?is).*\\QWelco...
05:37:32.396169 POST /session/a880ccf9-282d-4356-b5e5-3a1a9f8c44ac/element [4.65917ms] ERR:404 body={"strategy":"-android uiautomator","selector":"new UiSelector().textContains(\"Welcome to\")"}
05:37:32.400668 POST /session/a880ccf9-282d-4356-b5e5-3a1a9f8c44ac/element [4.411019ms] ERR:404 body={"strategy":"-android uiautomator","selector":"new UiSelector().descriptionContains(\"Welcome to\")"...
05:37:32.405223 POST /session/a880ccf9-282d-4356-b5e5-3a1a9f8c44ac/element [4.461626ms] ERR:404 body={"strategy":"-android uiautomator","selector":"new UiSelector().textMatches(\"(?is).*\\QWelcome to\\...
05:37:32.409886 POST /session/a880ccf9-282d-4356-b5e5-3a1a9f8c44ac/element [4.539833ms] ERR:404 body={"strategy":"-android uiautomator","selector":"new UiSelector().descriptionMatches(\"(?is).*\\QWelco...
05:37:32.414275 POST /session/a880ccf9-282d-4356-b5e5-3a1a9f8c44ac/element [4.295648ms] ERR:404 body={"strategy":"-android uiautomator","selector":"new UiSelector().textContains(\"Welcome to\")"}
05:37:32.418583 POST /session/a880ccf9-282d-4356-b5e5-3a1a9f8c44ac/element [4.217923ms] ERR:404 body={"strategy":"-android uiautomator","selector":"new UiSelector().descriptionContains(\"Welcome to\")"...
05:37:32.423037 POST /session/a880ccf9-282d-4356-b5e5-3a1a9f8c44ac/element [4.367812ms] ERR:404 body={"strategy":"-android uiautomator","selector":"new UiSelector().textMatches(\"(?is).*\\QWelcome to\\...
05:37:32.427528 POST /session/a880ccf9-282d-4356-b5e5-3a1a9f8c44ac/element [4.410853ms] ERR:404 body={"strategy":"-android uiautomator","selector":"new UiSelector().descriptionMatches(\"(?is).*\\QWelco...
05:37:32.431737 POST /session/a880ccf9-282d-4356-b5e5-3a1a9f8c44ac/element [4.110702ms] ERR:404 body={"strategy":"-android uiautomator","selector":"new UiSelector().textContains(\"Welcome to\")"}
05:37:32.435975 POST /session/a880ccf9-282d-4356-b5e5-3a1a9f8c44ac/element [4.126572ms] ERR:404 body={"strategy":"-android uiautomator","selector":"new UiSelector().descriptionContains(\"Welcome to\")"...
05:37:32.440529 POST /session/a880ccf9-282d-4356-b5e5-3a1a9f8c44ac/element [4.464874ms] ERR:404 body={"strategy":"-android uiautomator","selector":"new UiSelector().textMatches(\"(?is).*\\QWelcome to\\...
05:37:32.444958 POST /session/a880ccf9-282d-4356-b5e5-3a1a9f8c44ac/element [4.325534ms] ERR:404 body={"strategy":"-android uiautomator","selector":"new UiSelector().descriptionMatches(\"(?is).*\\QWelco...
05:37:32.449781 POST /session/a880ccf9-282d-4356-b5e5-3a1a9f8c44ac/element [4.727774ms] ERR:404 body={"strategy":"-android uiautomator","selector":"new UiSelector().textContains(\"Welcome to\")"}
05:37:32.454710 POST /session/a880ccf9-282d-4356-b5e5-3a1a9f8c44ac/element [4.840806ms] ERR:404 body={"strategy":"-android uiautomator","selector":"new UiSelector().descriptionContains(\"Welcome to\")"...
05:37:32.459480 POST /session/a880ccf9-282d-4356-b5e5-3a1a9f8c44ac/element [4.692278ms] ERR:404 body={"strategy":"-android uiautomator","selector":"new UiSelector().textMatches(\"(?is).*\\QWelcome to\\...
05:37:32.464049 POST /session/a880ccf9-282d-4356-b5e5-3a1a9f8c44ac/element [4.481144ms] ERR:404 body={"strategy":"-android uiautomator","selector":"new UiSelector().descriptionMatches(\"(?is).*\\QWelco...
05:37:32.468453 POST /session/a880ccf9-282d-4356-b5e5-3a1a9f8c44ac/element [4.310836ms] ERR:404 body={"strategy":"-android uiautomator","selector":"new UiSelector().textContains(\"Welcome to\")"}
05:37:32.473095 POST /session/a880ccf9-282d-4356-b5e5-3a1a9f8c44ac/element [4.554762ms] ERR:404 body={"strategy":"-android uiautomator","selector":"new UiSelector().descriptionContains(\"Welcome to\")"...
05:37:32.478044 POST /session/a880ccf9-282d-4356-b5e5-3a1a9f8c44ac/element [4.856244ms] ERR:404 body={"strategy":"-android uiautomator","selector":"new UiSelector().textMatches(\"(?is).*\\QWelcome to\\...
05:37:32.483240 POST /session/a880ccf9-282d-4356-b5e5-3a1a9f8c44ac/element [5.056267ms] ERR:404 body={"strategy":"-android uiautomator","selector":"new UiSelector().descriptionMatches(\"(?is).*\\QWelco...
05:37:32.487797 POST /session/a880ccf9-282d-4356-b5e5-3a1a9f8c44ac/element [4.436731ms] ERR:404 body={"strategy":"-android uiautomator","selector":"new UiSelector().textContains(\"Welcome to\")"}
05:37:32.493093 POST /session/a880ccf9-282d-4356-b5e5-3a1a9f8c44ac/element [5.212721ms] ERR:404 body={"strategy":"-android uiautomator","selector":"new UiSelector().descriptionContains(\"Welcome to\")"...
05:37:32.497638 POST /session/a880ccf9-282d-4356-b5e5-3a1a9f8c44ac/element [4.455547ms] ERR:404 body={"strategy":"-android uiautomator","selector":"new UiSelector().textMatches(\"(?is).*\\QWelcome to\\...
05:37:32.502233 POST /session/a880ccf9-282d-4356-b5e5-3a1a9f8c44ac/element [4.467078ms] ERR:404 body={"strategy":"-android uiautomator","selector":"new UiSelector().descriptionMatches(\"(?is).*\\QWelco...
05:37:32.506574 POST /session/a880ccf9-282d-4356-b5e5-3a1a9f8c44ac/element [4.270641ms] ERR:404 body={"strategy":"-android uiautomator","selector":"new UiSelector().textContains(\"Welcome to\")"}
05:37:32.511830 POST /session/a880ccf9-282d-4356-b5e5-3a1a9f8c44ac/element [5.171633ms] ERR:404 body={"strategy":"-android uiautomator","selector":"new UiSelector().descriptionContains(\"Welcome to\")"...
05:37:32.516831 POST /session/a880ccf9-282d-4356-b5e5-3a1a9f8c44ac/element [4.916178ms] ERR:404 body={"strategy":"-android uiautomator","selector":"new UiSelector().textMatches(\"(?is).*\\QWelcome to\\...
05:37:32.521736 POST /session/a880ccf9-282d-4356-b5e5-3a1a9f8c44ac/element [4.823974ms] ERR:404 body={"strategy":"-android uiautomator","selector":"new UiSelector().descriptionMatches(\"(?is).*\\QWelco...
05:37:32.526134 POST /session/a880ccf9-282d-4356-b5e5-3a1a9f8c44ac/element [4.30763ms] ERR:404 body={"strategy":"-android uiautomator","selector":"new UiSelector().textContains(\"Welcome to\")"}
05:37:32.530786 POST /session/a880ccf9-282d-4356-b5e5-3a1a9f8c44ac/element [4.506151ms] ERR:404 body={"strategy":"-android uiautomator","selector":"new UiSelector().descriptionContains(\"Welcome to\")"...
05:37:32.535135 POST /session/a880ccf9-282d-4356-b5e5-3a1a9f8c44ac/element [4.266223ms] ERR:404 body={"strategy":"-android uiautomator","selector":"new UiSelector().textMatches(\"(?is).*\\QWelcome to\\...
05:37:32.539347 POST /session/a880ccf9-282d-4356-b5e5-3a1a9f8c44ac/element [4.119018ms] ERR:404 body={"strategy":"-android uiautomator","selector":"new UiSelector().descriptionMatches(\"(?is).*\\QWelco...
05:37:32.544109 POST /session/a880ccf9-282d-4356-b5e5-3a1a9f8c44ac/element [4.683892ms] ERR:404 body={"strategy":"-android uiautomator","selector":"new UiSelector().textContains(\"Welcome to\")"}
05:37:32.548394 POST /session/a880ccf9-282d-4356-b5e5-3a1a9f8c44ac/element [4.213655ms] ERR:404 body={"strategy":"-android uiautomator","selector":"new UiSelector().descriptionContains(\"Welcome to\")"...
05:37:32.552977 POST /session/a880ccf9-282d-4356-b5e5-3a1a9f8c44ac/element [4.507232ms] ERR:404 body={"strategy":"-android uiautomator","selector":"new UiSelector().textMatches(\"(?is).*\\QWelcome to\\...
05:37:32.557485 POST /session/a880ccf9-282d-4356-b5e5-3a1a9f8c44ac/element [4.431101ms] ERR:404 body={"strategy":"-android uiautomator","selector":"new UiSelector().descriptionMatches(\"(?is).*\\QWelco...
05:37:32.562220 POST /session/a880ccf9-282d-4356-b5e5-3a1a9f8c44ac/element [4.648757ms] ERR:404 body={"strategy":"-android uiautomator","selector":"new UiSelector().textContains(\"Welcome to\")"}
05:37:32.566413 POST /session/a880ccf9-282d-4356-b5e5-3a1a9f8c44ac/element [4.088862ms] ERR:404 body={"strategy":"-android uiautomator","selector":"new UiSelector().descriptionContains(\"Welcome to\")"...
05:37:32.570809 POST /session/a880ccf9-282d-4356-b5e5-3a1a9f8c44ac/element [4.329701ms] ERR:404 body={"strategy":"-android uiautomator","selector":"new UiSelector().textMatches(\"(?is).*\\QWelcome to\\...
05:37:32.575339 POST /session/a880ccf9-282d-4356-b5e5-3a1a9f8c44ac/element [4.450216ms] ERR:404 body={"strategy":"-android uiautomator","selector":"new UiSelector().descriptionMatches(\"(?is).*\\QWelco...
05:37:32.579623 POST /session/a880ccf9-282d-4356-b5e5-3a1a9f8c44ac/element [4.206291ms] ERR:404 body={"strategy":"-android uiautomator","selector":"new UiSelector().textContains(\"Welcome to\")"}
05:37:32.584005 POST /session/a880ccf9-282d-4356-b5e5-3a1a9f8c44ac/element [4.306348ms] ERR:404 body={"strategy":"-android uiautomator","selector":"new UiSelector().descriptionContains(\"Welcome to\")"...
05:37:32.588406 POST /session/a880ccf9-282d-4356-b5e5-3a1a9f8c44ac/element [4.322478ms] ERR:404 body={"strategy":"-android uiautomator","selector":"new UiSelector().textMatches(\"(?is).*\\QWelcome to\\...
05:37:32.592900 POST /session/a880ccf9-282d-4356-b5e5-3a1a9f8c44ac/element [4.415943ms] ERR:404 body={"strategy":"-android uiautomator","selector":"new UiSelector().descriptionMatches(\"(?is).*\\QWelco...
05:37:32.597451 POST /session/a880ccf9-282d-4356-b5e5-3a1a9f8c44ac/element [4.473901ms] ERR:404 body={"strategy":"-android uiautomator","selector":"new UiSelector().textContains(\"Welcome to\")"}
05:37:32.601931 POST /session/a880ccf9-282d-4356-b5e5-3a1a9f8c44ac/element [4.399833ms] ERR:404 body={"strategy":"-android uiautomator","selector":"new UiSelector().descriptionContains(\"Welcome to\")"...
05:37:32.606361 POST /session/a880ccf9-282d-4356-b5e5-3a1a9f8c44ac/element [4.345181ms] ERR:404 body={"strategy":"-android uiautomator","selector":"new UiSelector().textMatches(\"(?is).*\\QWelcome to\\...
05:37:32.611245 POST /session/a880ccf9-282d-4356-b5e5-3a1a9f8c44ac/element [4.755767ms] ERR:404 body={"strategy":"-android uiautomator","selector":"new UiSelector().descriptionMatches(\"(?is).*\\QWelco...
05:37:32.615818 POST /session/a880ccf9-282d-4356-b5e5-3a1a9f8c44ac/element [4.491384ms] ERR:404 body={"strategy":"-android uiautomator","selector":"new UiSelector().textContains(\"Welcome to\")"}
05:37:32.620045 POST /session/a880ccf9-282d-4356-b5e5-3a1a9f8c44ac/element [4.138063ms] ERR:404 body={"strategy":"-android uiautomator","selector":"new UiSelector().descriptionContains(\"Welcome to\")"...
05:37:32.624313 POST /session/a880ccf9-282d-4356-b5e5-3a1a9f8c44ac/element [4.197154ms] ERR:404 body={"strategy":"-android uiautomator","selector":"new UiSelector().textMatches(\"(?is).*\\QWelcome to\\...
05:37:32.628651 POST /session/a880ccf9-282d-4356-b5e5-3a1a9f8c44ac/element [4.257157ms] ERR:404 body={"strategy":"-android uiautomator","selector":"new UiSelector().descriptionMatches(\"(?is).*\\QWelco...
05:37:32.632971 POST /session/a880ccf9-282d-4356-b5e5-3a1a9f8c44ac/element [4.236708ms] ERR:404 body={"strategy":"-android uiautomator","selector":"new UiSelector().textContains(\"Welcome to\")"}
05:37:32.637039 POST /session/a880ccf9-282d-4356-b5e5-3a1a9f8c44ac/element [3.995287ms] ERR:404 body={"strategy":"-android uiautomator","selector":"new UiSelector().descriptionContains(\"Welcome to\")"...
05:37:32.641438 POST /session/a880ccf9-282d-4356-b5e5-3a1a9f8c44ac/element [4.326225ms] ERR:404 body={"strategy":"-android uiautomator","selector":"new UiSelector().textMatches(\"(?is).*\\QWelcome to\\...
05:37:32.645783 POST /session/a880ccf9-282d-4356-b5e5-3a1a9f8c44ac/element [4.26959ms] ERR:404 body={"strategy":"-android uiautomator","selector":"new UiSelector().descriptionMatches(\"(?is).*\\QWelco...
05:37:32.650324 POST /session/a880ccf9-282d-4356-b5e5-3a1a9f8c44ac/element [4.460435ms] ERR:404 body={"strategy":"-android uiautomator","selector":"new UiSelector().textContains(\"Welcome to\")"}
05:37:32.655678 POST /session/a880ccf9-282d-4356-b5e5-3a1a9f8c44ac/element [5.259096ms] ERR:404 body={"strategy":"-android uiautomator","selector":"new UiSelector().descriptionContains(\"Welcome to\")"...
05:37:32.660557 POST /session/a880ccf9-282d-4356-b5e5-3a1a9f8c44ac/element [4.794429ms] ERR:404 body={"strategy":"-android uiautomator","selector":"new UiSelector().textMatches(\"(?is).*\\QWelcome to\\...
05:37:32.665162 POST /session/a880ccf9-282d-4356-b5e5-3a1a9f8c44ac/element [4.533242ms] ERR:404 body={"strategy":"-android uiautomator","selector":"new UiSelector().descriptionMatches(\"(?is).*\\QWelco...
05:37:32.669758 POST /session/a880ccf9-282d-4356-b5e5-3a1a9f8c44ac/element [4.470915ms] ERR:404 body={"strategy":"-android uiautomator","selector":"new UiSelector().textContains(\"Welcome to\")"}
05:37:32.674592 POST /session/a880ccf9-282d-4356-b5e5-3a1a9f8c44ac/element [4.753352ms] ERR:404 body={"strategy":"-android uiautomator","selector":"new UiSelector().descriptionContains(\"Welcome to\")"...
05:37:32.679114 POST /session/a880ccf9-282d-4356-b5e5-3a1a9f8c44ac/element [4.446059ms] ERR:404 body={"strategy":"-android uiautomator","selector":"new UiSelector().textMatches(\"(?is).*\\QWelcome to\\...
05:37:32.683596 POST /session/a880ccf9-282d-4356-b5e5-3a1a9f8c44ac/element [4.408458ms] ERR:404 body={"strategy":"-android uiautomator","selector":"new UiSelector().descriptionMatches(\"(?is).*\\QWelco...
05:37:32.687936 POST /session/a880ccf9-282d-4356-b5e5-3a1a9f8c44ac/element [4.261763ms] ERR:404 body={"strategy":"-android uiautomator","selector":"new UiSelector().textContains(\"Welcome to\")"}
05:37:32.692257 POST /session/a880ccf9-282d-4356-b5e5-3a1a9f8c44ac/element [4.241486ms] ERR:404 body={"strategy":"-android uiautomator","selector":"new UiSelector().descriptionContains(\"Welcome to\")"...
05:37:32.696702 POST /session/a880ccf9-282d-4356-b5e5-3a1a9f8c44ac/element [4.375747ms] ERR:404 body={"strategy":"-android uiautomator","selector":"new UiSelector().textMatches(\"(?is).*\\QWelcome to\\...
05:37:32.701117 POST /session/a880ccf9-282d-4356-b5e5-3a1a9f8c44ac/element [4.335793ms] ERR:404 body={"strategy":"-android uiautomator","selector":"new UiSelector().descriptionMatches(\"(?is).*\\QWelco...
05:37:32.705587 POST /session/a880ccf9-282d-4356-b5e5-3a1a9f8c44ac/element [4.39341ms] ERR:404 body={"strategy":"-android uiautomator","selector":"new UiSelector().textContains(\"Welcome to\")"}
05:37:32.709911 POST /session/a880ccf9-282d-4356-b5e5-3a1a9f8c44ac/element [4.236708ms] ERR:404 body={"strategy":"-android uiautomator","selector":"new UiSelector().descriptionContains(\"Welcome to\")"...
05:37:32.715510 POST /session/a880ccf9-282d-4356-b5e5-3a1a9f8c44ac/element [5.524611ms] ERR:404 body={"strategy":"-android uiautomator","selector":"new UiSelector().textMatches(\"(?is).*\\QWelcome to\\...
05:37:32.720992 POST /session/a880ccf9-282d-4356-b5e5-3a1a9f8c44ac/element [5.385532ms] ERR:404 body={"strategy":"-android uiautomator","selector":"new UiSelector().descriptionMatches(\"(?is).*\\QWelco...
05:37:32.726477 POST /session/a880ccf9-282d-4356-b5e5-3a1a9f8c44ac/element [5.397765ms] ERR:404 body={"strategy":"-android uiautomator","selector":"new UiSelector().textContains(\"Welcome to\")"}
05:37:32.731821 POST /session/a880ccf9-282d-4356-b5e5-3a1a9f8c44ac/element [5.269247ms] ERR:404 body={"strategy":"-android uiautomator","selector":"new UiSelector().descriptionContains(\"Welcome to\")"...
05:37:32.737008 POST /session/a880ccf9-282d-4356-b5e5-3a1a9f8c44ac/element [5.104616ms] ERR:404 body={"strategy":"-android uiautomator","selector":"new UiSelector().textMatches(\"(?is).*\\QWelcome to\\...
05:37:32.742415 POST /session/a880ccf9-282d-4356-b5e5-3a1a9f8c44ac/element [5.324088ms] ERR:404 body={"strategy":"-android uiautomator","selector":"new UiSelector().descriptionMatches(\"(?is).*\\QWelco...
05:37:32.747902 POST /session/a880ccf9-282d-4356-b5e5-3a1a9f8c44ac/element [5.400821ms] ERR:404 body={"strategy":"-android uiautomator","selector":"new UiSelector().textContains(\"Welcome to\")"}
05:37:32.753516 POST /session/a880ccf9-282d-4356-b5e5-3a1a9f8c44ac/element [5.530803ms] ERR:404 body={"strategy":"-android uiautomator","selector":"new UiSelector().descriptionContains(\"Welcome to\")"...
05:37:32.758988 POST /session/a880ccf9-282d-4356-b5e5-3a1a9f8c44ac/element [5.351829ms] ERR:404 body={"strategy":"-android uiautomator","selector":"new UiSelector().textMatches(\"(?is).*\\QWelcome to\\...
05:37:32.764452 POST /session/a880ccf9-282d-4356-b5e5-3a1a9f8c44ac/element [5.385943ms] ERR:404 body={"strategy":"-android uiautomator","selector":"new UiSelector().descriptionMatches(\"(?is).*\\QWelco...
05:37:32.769987 POST /session/a880ccf9-282d-4356-b5e5-3a1a9f8c44ac/element [5.441406ms] ERR:404 body={"strategy":"-android uiautomator","selector":"new UiSelector().textContains(\"Welcome to\")"}
05:37:32.775399 POST /session/a880ccf9-282d-4356-b5e5-3a1a9f8c44ac/element [5.329497ms] ERR:404 body={"strategy":"-android uiautomator","selector":"new UiSelector().descriptionContains(\"Welcome to\")"...
05:37:32.780887 POST /session/a880ccf9-282d-4356-b5e5-3a1a9f8c44ac/element [5.40028ms] ERR:404 body={"strategy":"-android uiautomator","selector":"new UiSelector().textMatches(\"(?is).*\\QWelcome to\\...
05:37:32.786346 POST /session/a880ccf9-282d-4356-b5e5-3a1a9f8c44ac/element [5.377478ms] ERR:404 body={"strategy":"-android uiautomator","selector":"new UiSelector().descriptionMatches(\"(?is).*\\QWelco...
05:37:32.791857 POST /session/a880ccf9-282d-4356-b5e5-3a1a9f8c44ac/element [5.397134ms] ERR:404 body={"strategy":"-android uiautomator","selector":"new UiSelector().textContains(\"Welcome to\")"}
05:37:32.797486 POST /session/a880ccf9-282d-4356-b5e5-3a1a9f8c44ac/element [5.548858ms] ERR:404 body={"strategy":"-android uiautomator","selector":"new UiSelector().descriptionContains(\"Welcome to\")"...
05:37:32.803028 POST /session/a880ccf9-282d-4356-b5e5-3a1a9f8c44ac/element [5.460973ms] ERR:404 body={"strategy":"-android uiautomator","selector":"new UiSelector().textMatches(\"(?is).*\\QWelcome to\\...
05:37:32.808018 POST /session/a880ccf9-282d-4356-b5e5-3a1a9f8c44ac/element [4.90785ms] ERR:404 body={"strategy":"-android uiautomator","selector":"new UiSelector().descriptionMatches(\"(?is).*\\QWelco...
05:37:32.813599 POST /session/a880ccf9-282d-4356-b5e5-3a1a9f8c44ac/element [5.501268ms] ERR:404 body={"strategy":"-android uiautomator","selector":"new UiSelector().textContains(\"Welcome to\")"}
05:37:32.819875 POST /session/a880ccf9-282d-4356-b5e5-3a1a9f8c44ac/element [6.157954ms] ERR:404 body={"strategy":"-android uiautomator","selector":"new UiSelector().descriptionContains(\"Welcome to\")"...
05:37:32.825654 POST /session/a880ccf9-282d-4356-b5e5-3a1a9f8c44ac/element [5.694218ms] ERR:404 body={"strategy":"-android uiautomator","selector":"new UiSelector().textMatches(\"(?is).*\\QWelcome to\\...
05:37:32.831806 POST /session/a880ccf9-282d-4356-b5e5-3a1a9f8c44ac/element [6.062135ms] ERR:404 body={"strategy":"-android uiautomator","selector":"new UiSelector().descriptionMatches(\"(?is).*\\QWelco...
05:37:32.837036 POST /session/a880ccf9-282d-4356-b5e5-3a1a9f8c44ac/element [5.151075ms] ERR:404 body={"strategy":"-android uiautomator","selector":"new UiSelector().textContains(\"Welcome to\")"}
05:37:32.842278 POST /session/a880ccf9-282d-4356-b5e5-3a1a9f8c44ac/element [5.160172ms] ERR:404 body={"strategy":"-android uiautomator","selector":"new UiSelector().descriptionContains(\"Welcome to\")"...
05:37:32.847337 POST /session/a880ccf9-282d-4356-b5e5-3a1a9f8c44ac/element [4.938418ms] ERR:404 body={"strategy":"-android uiautomator","selector":"new UiSelector().textMatches(\"(?is).*\\QWelcome to\\...
05:37:32.852813 POST /session/a880ccf9-282d-4356-b5e5-3a1a9f8c44ac/element [5.392336ms] ERR:404 body={"strategy":"-android uiautomator","selector":"new UiSelector().descriptionMatches(\"(?is).*\\QWelco...
05:37:32.858053 POST /session/a880ccf9-282d-4356-b5e5-3a1a9f8c44ac/element [5.156823ms] ERR:404 body={"strategy":"-android uiautomator","selector":"new UiSelector().textContains(\"Welcome to\")"}
05:37:32.863411 POST /session/a880ccf9-282d-4356-b5e5-3a1a9f8c44ac/element [5.26689ms] ERR:404 body={"strategy":"-android uiautomator","selector":"new UiSelector().descriptionContains(\"Welcome to\")"...
05:37:32.868761 POST /session/a880ccf9-282d-4356-b5e5-3a1a9f8c44ac/element [5.267001ms] ERR:404 body={"strategy":"-android uiautomator","selector":"new UiSelector().textMatches(\"(?is).*\\QWelcome to\\...
05:37:32.874076 POST /session/a880ccf9-282d-4356-b5e5-3a1a9f8c44ac/element [5.229141ms] ERR:404 body={"strategy":"-android uiautomator","selector":"new UiSelector().descriptionMatches(\"(?is).*\\QWelco...
05:37:32.879368 POST /session/a880ccf9-282d-4356-b5e5-3a1a9f8c44ac/element [5.201899ms] ERR:404 body={"strategy":"-android uiautomator","selector":"new UiSelector().textContains(\"Welcome to\")"}
05:37:32.884740 POST /session/a880ccf9-282d-4356-b5e5-3a1a9f8c44ac/element [5.285235ms] ERR:404 body={"strategy":"-android uiautomator","selector":"new UiSelector().descriptionContains(\"Welcome to\")"...
05:37:32.889149 POST /session/a880ccf9-282d-4356-b5e5-3a1a9f8c44ac/element [4.334911ms] ERR:404 body={"strategy":"-android uiautomator","selector":"new UiSelector().textMatches(\"(?is).*\\QWelcome to\\...
05:37:32.893519 POST /session/a880ccf9-282d-4356-b5e5-3a1a9f8c44ac/element [4.270821ms] ERR:404 body={"strategy":"-android uiautomator","selector":"new UiSelector().descriptionMatches(\"(?is).*\\QWelco...
05:37:32.897798 POST /session/a880ccf9-282d-4356-b5e5-3a1a9f8c44ac/element [4.206011ms] ERR:404 body={"strategy":"-android uiautomator","selector":"new UiSelector().textContains(\"Welcome to\")"}
05:37:32.903496 POST /session/a880ccf9-282d-4356-b5e5-3a1a9f8c44ac/element [5.617506ms] ERR:404 body={"strategy":"-android uiautomator","selector":"new UiSelector().descriptionContains(\"Welcome to\")"...
05:37:32.908625 POST /session/a880ccf9-282d-4356-b5e5-3a1a9f8c44ac/element [5.034167ms] ERR:404 body={"strategy":"-android uiautomator","selector":"new UiSelector().textMatches(\"(?is).*\\QWelcome to\\...
05:37:32.913653 POST /session/a880ccf9-282d-4356-b5e5-3a1a9f8c44ac/element [4.943106ms] ERR:404 body={"strategy":"-android uiautomator","selector":"new UiSelector().descriptionMatches(\"(?is).*\\QWelco...
05:37:32.919055 POST /session/a880ccf9-282d-4356-b5e5-3a1a9f8c44ac/element [5.324067ms] ERR:404 body={"strategy":"-android uiautomator","selector":"new UiSelector().textContains(\"Welcome to\")"}
05:37:32.924330 POST /session/a880ccf9-282d-4356-b5e5-3a1a9f8c44ac/element [4.872074ms] ERR:404 body={"strategy":"-android uiautomator","selector":"new UiSelector().descriptionContains(\"Welcome to\")"...
05:37:32.929799 POST /session/a880ccf9-282d-4356-b5e5-3a1a9f8c44ac/element [5.358121ms] ERR:404 body={"strategy":"-android uiautomator","selector":"new UiSelector().textMatches(\"(?is).*\\QWelcome to\\...
05:37:32.934310 POST /session/a880ccf9-282d-4356-b5e5-3a1a9f8c44ac/element [4.416605ms] ERR:404 body={"strategy":"-android uiautomator","selector":"new UiSelector().descriptionMatches(\"(?is).*\\QWelco...
05:37:32.938852 POST /session/a880ccf9-282d-4356-b5e5-3a1a9f8c44ac/element [4.465854ms] ERR:404 body={"strategy":"-android uiautomator","selector":"new UiSelector().textContains(\"Welcome to\")"}
05:37:32.943203 POST /session/a880ccf9-282d-4356-b5e5-3a1a9f8c44ac/element [4.276072ms] ERR:404 body={"strategy":"-android uiautomator","selector":"new UiSelector().descriptionContains(\"Welcome to\")"...
05:37:32.947393 POST /session/a880ccf9-282d-4356-b5e5-3a1a9f8c44ac/element [4.099572ms] ERR:404 body={"strategy":"-android uiautomator","selector":"new UiSelector().textMatches(\"(?is).*\\QWelcome to\\...
05:37:32.952551 POST /session/a880ccf9-282d-4356-b5e5-3a1a9f8c44ac/element [5.079823ms] ERR:404 body={"strategy":"-android uiautomator","selector":"new UiSelector().descriptionMatches(\"(?is).*\\QWelco...
05:37:32.957745 POST /session/a880ccf9-282d-4356-b5e5-3a1a9f8c44ac/element [5.112582ms] ERR:404 body={"strategy":"-android uiautomator","selector":"new UiSelector().textContains(\"Welcome to\")"}
05:37:32.963090 POST /session/a880ccf9-282d-4356-b5e5-3a1a9f8c44ac/element [5.233376ms] ERR:404 body={"strategy":"-android uiautomator","selector":"new UiSelector().descriptionContains(\"Welcome to\")"...
05:37:32.968041 POST /session/a880ccf9-282d-4356-b5e5-3a1a9f8c44ac/element [4.871893ms] ERR:404 body={"strategy":"-android uiautomator","selector":"new UiSelector().textMatches(\"(?is).*\\QWelcome to\\...
05:37:32.973455 POST /session/a880ccf9-282d-4356-b5e5-3a1a9f8c44ac/element [5.332923ms] ERR:404 body={"strategy":"-android uiautomator","selector":"new UiSelector().descriptionMatches(\"(?is).*\\QWelco...
05:37:32.978575 POST /session/a880ccf9-282d-4356-b5e5-3a1a9f8c44ac/element [5.035038ms] ERR:404 body={"strategy":"-android uiautomator","selector":"new UiSelector().textContains(\"Welcome to\")"}
05:37:32.989813 POST /session/a880ccf9-282d-4356-b5e5-3a1a9f8c44ac/element [11.150733ms] ERR:404 body={"strategy":"-android uiautomator","selector":"new UiSelector().descriptionContains(\"Welcome to\")"...
05:37:32.995404 POST /session/a880ccf9-282d-4356-b5e5-3a1a9f8c44ac/element [5.491099ms] ERR:404 body={"strategy":"-android uiautomator","selector":"new UiSelector().textMatches(\"(?is).*\\QWelcome to\\...
05:37:33.000601 POST /session/a880ccf9-282d-4356-b5e5-3a1a9f8c44ac/element [5.113106ms] ERR:404 body={"strategy":"-android uiautomator","selector":"new UiSelector().descriptionMatches(\"(?is).*\\QWelco...
05:37:33.005853 POST /session/a880ccf9-282d-4356-b5e5-3a1a9f8c44ac/element [5.163085ms] ERR:404 body={"strategy":"-android uiautomator","selector":"new UiSelector().textContains(\"Welcome to\")"}
05:37:33.011181 POST /session/a880ccf9-282d-4356-b5e5-3a1a9f8c44ac/element [5.21832ms] ERR:404 body={"strategy":"-android uiautomator","selector":"new UiSelector().descriptionContains(\"Welcome to\")"...
05:37:33.016613 POST /session/a880ccf9-282d-4356-b5e5-3a1a9f8c44ac/element [5.300345ms] ERR:404 body={"strategy":"-android uiautomator","selector":"new UiSelector().textMatches(\"(?is).*\\QWelcome to\\...
05:37:33.021131 POST /session/a880ccf9-282d-4356-b5e5-3a1a9f8c44ac/element [4.431441ms] ERR:404 body={"strategy":"-android uiautomator","selector":"new UiSelector().descriptionMatches(\"(?is).*\\QWelco...
05:37:33.025595 POST /session/a880ccf9-282d-4356-b5e5-3a1a9f8c44ac/element [4.331504ms] ERR:404 body={"strategy":"-android uiautomator","selector":"new UiSelector().textContains(\"Welcome to\")"}
05:37:33.030002 POST /session/a880ccf9-282d-4356-b5e5-3a1a9f8c44ac/element [4.320444ms] ERR:404 body={"strategy":"-android uiautomator","selector":"new UiSelector().descriptionContains(\"Welcome to\")"...
05:37:33.035146 POST /session/a880ccf9-282d-4356-b5e5-3a1a9f8c44ac/element [5.050657ms] ERR:404 body={"strategy":"-android uiautomator","selector":"new UiSelector().textMatches(\"(?is).*\\QWelcome to\\...
05:37:33.040186 POST /session/a880ccf9-282d-4356-b5e5-3a1a9f8c44ac/element [4.930654ms] ERR:404 body={"strategy":"-android uiautomator","selector":"new UiSelector().descriptionMatches(\"(?is).*\\QWelco...
05:37:33.045472 POST /session/a880ccf9-282d-4356-b5e5-3a1a9f8c44ac/element [5.171282ms] ERR:404 body={"strategy":"-android uiautomator","selector":"new UiSelector().textContains(\"Welcome to\")"}
05:37:33.050828 POST /session/a880ccf9-282d-4356-b5e5-3a1a9f8c44ac/element [5.266798ms] ERR:404 body={"strategy":"-android uiautomator","selector":"new UiSelector().descriptionContains(\"Welcome to\")"...
05:37:33.056242 POST /session/a880ccf9-282d-4356-b5e5-3a1a9f8c44ac/element [5.32459ms] ERR:404 body={"strategy":"-android uiautomator","selector":"new UiSelector().textMatches(\"(?is).*\\QWelcome to\\...
05:37:33.061552 POST /session/a880ccf9-282d-4356-b5e5-3a1a9f8c44ac/element [5.196507ms] ERR:404 body={"strategy":"-android uiautomator","selector":"new UiSelector().descriptionMatches(\"(?is).*\\QWelco...
05:37:33.066882 POST /session/a880ccf9-282d-4356-b5e5-3a1a9f8c44ac/element [5.239933ms] ERR:404 body={"strategy":"-android uiautomator","selector":"new UiSelector().textContains(\"Welcome to\")"}
05:37:33.072421 POST /session/a880ccf9-282d-4356-b5e5-3a1a9f8c44ac/element [5.441516ms] ERR:404 body={"strategy":"-android uiautomator","selector":"new UiSelector().descriptionContains(\"Welcome to\")"...
05:37:33.077844 POST /session/a880ccf9-282d-4356-b5e5-3a1a9f8c44ac/element [5.331211ms] ERR:404 body={"strategy":"-android uiautomator","selector":"new UiSelector().textMatches(\"(?is).*\\QWelcome to\\...
05:37:33.083211 POST /session/a880ccf9-282d-4356-b5e5-3a1a9f8c44ac/element [5.272231ms] ERR:404 body={"strategy":"-android uiautomator","selector":"new UiSelector().descriptionMatches(\"(?is).*\\QWelco...
05:37:33.088769 POST /session/a880ccf9-282d-4356-b5e5-3a1a9f8c44ac/element [5.4329ms] ERR:404 body={"strategy":"-android uiautomator","selector":"new UiSelector().textContains(\"Welcome to\")"}
05:37:33.094074 POST /session/a880ccf9-282d-4356-b5e5-3a1a9f8c44ac/element [5.207289ms] ERR:404 body={"strategy":"-android uiautomator","selector":"new UiSelector().descriptionContains(\"Welcome to\")"...
05:37:33.099332 POST /session/a880ccf9-282d-4356-b5e5-3a1a9f8c44ac/element [5.161854ms] ERR:404 body={"strategy":"-android uiautomator","selector":"new UiSelector().textMatches(\"(?is).*\\QWelcome to\\...
05:37:33.104703 POST /session/a880ccf9-282d-4356-b5e5-3a1a9f8c44ac/element [5.258726ms] ERR:404 body={"strategy":"-android uiautomator","selector":"new UiSelector().descriptionMatches(\"(?is).*\\QWelco...
05:37:33.109913 POST /session/a880ccf9-282d-4356-b5e5-3a1a9f8c44ac/element [5.130336ms] ERR:404 body={"strategy":"-android uiautomator","selector":"new UiSelector().textContains(\"Welcome to\")"}
05:37:33.115406 POST /session/a880ccf9-282d-4356-b5e5-3a1a9f8c44ac/element [5.404247ms] ERR:404 body={"strategy":"-android uiautomator","selector":"new UiSelector().descriptionContains(\"Welcome to\")"...
05:37:33.120720 POST /session/a880ccf9-282d-4356-b5e5-3a1a9f8c44ac/element [5.227927ms] ERR:404 body={"strategy":"-android uiautomator","selector":"new UiSelector().textMatches(\"(?is).*\\QWelcome to\\...
05:37:33.125716 POST /session/a880ccf9-282d-4356-b5e5-3a1a9f8c44ac/element [4.908545ms] ERR:404 body={"strategy":"-android uiautomator","selector":"new UiSelector().descriptionMatches(\"(?is).*\\QWelco...
05:37:33.130994 POST /session/a880ccf9-282d-4356-b5e5-3a1a9f8c44ac/element [5.170438ms] ERR:404 body={"strategy":"-android uiautomator","selector":"new UiSelector().textContains(\"Welcome to\")"}
05:37:33.136344 POST /session/a880ccf9-282d-4356-b5e5-3a1a9f8c44ac/element [5.264046ms] ERR:404 body={"strategy":"-android uiautomator","selector":"new UiSelector().descriptionContains(\"Welcome to\")"...
05:37:33.141298 POST /session/a880ccf9-282d-4356-b5e5-3a1a9f8c44ac/element [4.844012ms] ERR:404 body={"strategy":"-android uiautomator","selector":"new UiSelector().textMatches(\"(?is).*\\QWelcome to\\...
05:37:33.145294 POST /session/a880ccf9-282d-4356-b5e5-3a1a9f8c44ac/element [3.906572ms] ERR:404 body={"strategy":"-android uiautomator","selector":"new UiSelector().descriptionMatches(\"(?is).*\\QWelco...
05:37:33.150384 POST /session/a880ccf9-282d-4356-b5e5-3a1a9f8c44ac/element [4.99837ms] ERR:404 body={"strategy":"-android uiautomator","selector":"new UiSelector().textContains(\"Welcome to\")"}
05:37:33.154752 POST /session/a880ccf9-282d-4356-b5e5-3a1a9f8c44ac/element [4.280029ms] ERR:404 body={"strategy":"-android uiautomator","selector":"new UiSelector().descriptionContains(\"Welcome to\")"...
05:37:33.165913 POST /session/a880ccf9-282d-4356-b5e5-3a1a9f8c44ac/element [11.055635ms] ERR:404 body={"strategy":"-android uiautomator","selector":"new UiSelector().textMatches(\"(?is).*\\QWelcome to\\...
05:37:33.172285 POST /session/a880ccf9-282d-4356-b5e5-3a1a9f8c44ac/element [6.260358ms] ERR:404 body={"strategy":"-android uiautomator","selector":"new UiSelector().descriptionMatches(\"(?is).*\\QWelco...
05:37:33.179949 POST /session/a880ccf9-282d-4356-b5e5-3a1a9f8c44ac/element [7.569029ms] ERR:404 body={"strategy":"-android uiautomator","selector":"new UiSelector().textContains(\"Welcome to\")"}
05:37:33.186440 POST /session/a880ccf9-282d-4356-b5e5-3a1a9f8c44ac/element [6.375249ms] ERR:404 body={"strategy":"-android uiautomator","selector":"new UiSelector().descriptionContains(\"Welcome to\")"...
05:37:33.194761 POST /session/a880ccf9-282d-4356-b5e5-3a1a9f8c44ac/element [8.203828ms] ERR:404 body={"strategy":"-android uiautomator","selector":"new UiSelector().textMatches(\"(?is).*\\QWelcome to\\...
05:37:33.201031 POST /session/a880ccf9-282d-4356-b5e5-3a1a9f8c44ac/element [6.173357ms] ERR:404 body={"strategy":"-android uiautomator","selector":"new UiSelector().descriptionMatches(\"(?is).*\\QWelco...
05:37:33.206383 POST /session/a880ccf9-282d-4356-b5e5-3a1a9f8c44ac/element [5.259266ms] ERR:404 body={"strategy":"-android uiautomator","selector":"new UiSelector().textContains(\"Welcome to\")"}
05:37:33.211631 POST /session/a880ccf9-282d-4356-b5e5-3a1a9f8c44ac/element [5.151025ms] ERR:404 body={"strategy":"-android uiautomator","selector":"new UiSelector().descriptionContains(\"Welcome to\")"...
05:37:33.217447 POST /session/a880ccf9-282d-4356-b5e5-3a1a9f8c44ac/element [5.724905ms] ERR:404 body={"strategy":"-android uiautomator","selector":"new UiSelector().textMatches(\"(?is).*\\QWelcome to\\...
05:37:33.223176 POST /session/a880ccf9-282d-4356-b5e5-3a1a9f8c44ac/element [5.637613ms] ERR:404 body={"strategy":"-android uiautomator","selector":"new UiSelector().descriptionMatches(\"(?is).*\\QWelco...
05:37:33.228534 POST /session/a880ccf9-282d-4356-b5e5-3a1a9f8c44ac/element [5.244056ms] ERR:404 body={"strategy":"-android uiautomator","selector":"new UiSelector().textContains(\"Welcome to\")"}
05:37:33.234482 POST /session/a880ccf9-282d-4356-b5e5-3a1a9f8c44ac/element [5.853195ms] ERR:404 body={"strategy":"-android uiautomator","selector":"new UiSelector().descriptionContains(\"Welcome to\")"...
05:37:33.239992 POST /session/a880ccf9-282d-4356-b5e5-3a1a9f8c44ac/element [5.388339ms] ERR:404 body={"strategy":"-android uiautomator","selector":"new UiSelector().textMatches(\"(?is).*\\QWelcome to\\...
05:37:33.245273 POST /session/a880ccf9-282d-4356-b5e5-3a1a9f8c44ac/element [5.194526ms] ERR:404 body={"strategy":"-android uiautomator","selector":"new UiSelector().descriptionMatches(\"(?is).*\\QWelco...
05:37:33.250441 POST /session/a880ccf9-282d-4356-b5e5-3a1a9f8c44ac/element [5.085362ms] ERR:404 body={"strategy":"-android uiautomator","selector":"new UiSelector().textContains(\"Welcome to\")"}
05:37:33.255411 POST /session/a880ccf9-282d-4356-b5e5-3a1a9f8c44ac/element [4.886541ms] ERR:404 body={"strategy":"-android uiautomator","selector":"new UiSelector().descriptionContains(\"Welcome to\")"...
05:37:33.260831 POST /session/a880ccf9-282d-4356-b5e5-3a1a9f8c44ac/element [5.329588ms] ERR:404 body={"strategy":"-android uiautomator","selector":"new UiSelector().textMatches(\"(?is).*\\QWelcome to\\...
05:37:33.266389 POST /session/a880ccf9-282d-4356-b5e5-3a1a9f8c44ac/element [5.476592ms] ERR:404 body={"strategy":"-android uiautomator","selector":"new UiSelector().descriptionMatches(\"(?is).*\\QWelco...
05:37:33.271985 POST /session/a880ccf9-282d-4356-b5e5-3a1a9f8c44ac/element [5.510937ms] ERR:404 body={"strategy":"-android uiautomator","selector":"new UiSelector().textContains(\"Welcome to\")"}
05:37:33.277423 POST /session/a880ccf9-282d-4356-b5e5-3a1a9f8c44ac/element [5.324639ms] ERR:404 body={"strategy":"-android uiautomator","selector":"new UiSelector().descriptionContains(\"Welcome to\")"...
05:37:33.283169 POST /session/a880ccf9-282d-4356-b5e5-3a1a9f8c44ac/element [5.655526ms] ERR:404 body={"strategy":"-android uiautomator","selector":"new UiSelector().textMatches(\"(?is).*\\QWelcome to\\...
05:37:33.288940 POST /session/a880ccf9-282d-4356-b5e5-3a1a9f8c44ac/element [5.660265ms] ERR:404 body={"strategy":"-android uiautomator","selector":"new UiSelector().descriptionMatches(\"(?is).*\\QWelco...
05:37:33.294210 POST /session/a880ccf9-282d-4356-b5e5-3a1a9f8c44ac/element [5.189256ms] ERR:404 body={"strategy":"-android uiautomator","selector":"new UiSelector().textContains(\"Welcome to\")"}
05:37:33.299532 POST /session/a880ccf9-282d-4356-b5e5-3a1a9f8c44ac/element [5.218299ms] ERR:404 body={"strategy":"-android uiautomator","selector":"new UiSelector().descriptionContains(\"Welcome to\")"...
05:37:33.304949 POST /session/a880ccf9-282d-4356-b5e5-3a1a9f8c44ac/element [5.333778ms] ERR:404 body={"strategy":"-android uiautomator","selector":"new UiSelector().textMatches(\"(?is).*\\QWelcome to\\...
05:37:33.310233 POST /session/a880ccf9-282d-4356-b5e5-3a1a9f8c44ac/element [5.203321ms] ERR:404 body={"strategy":"-android uiautomator","selector":"new UiSelector().descriptionMatches(\"(?is).*\\QWelco...
05:37:33.315739 POST /session/a880ccf9-282d-4356-b5e5-3a1a9f8c44ac/element [5.420618ms] ERR:404 body={"strategy":"-android uiautomator","selector":"new UiSelector().textContains(\"Welcome to\")"}
05:37:33.321209 POST /session/a880ccf9-282d-4356-b5e5-3a1a9f8c44ac/element [5.382917ms] ERR:404 body={"strategy":"-android uiautomator","selector":"new UiSelector().descriptionContains(\"Welcome to\")"...
05:37:33.326720 POST /session/a880ccf9-282d-4356-b5e5-3a1a9f8c44ac/element [5.40556ms] ERR:404 body={"strategy":"-android uiautomator","selector":"new UiSelector().textMatches(\"(?is).*\\QWelcome to\\...
05:37:33.331973 POST /session/a880ccf9-282d-4356-b5e5-3a1a9f8c44ac/element [5.172745ms] ERR:404 body={"strategy":"-android uiautomator","selector":"new UiSelector().descriptionMatches(\"(?is).*\\QWelco...
05:37:33.337573 POST /session/a880ccf9-282d-4356-b5e5-3a1a9f8c44ac/element [5.515114ms] ERR:404 body={"strategy":"-android uiautomator","selector":"new UiSelector().textContains(\"Welcome to\")"}
05:37:33.343164 POST /session/a880ccf9-282d-4356-b5e5-3a1a9f8c44ac/element [5.504054ms] ERR:404 body={"strategy":"-android uiautomator","selector":"new UiSelector().descriptionContains(\"Welcome to\")"...
05:37:33.349764 POST /session/a880ccf9-282d-4356-b5e5-3a1a9f8c44ac/element [6.491405ms] ERR:404 body={"strategy":"-android uiautomator","selector":"new UiSelector().textMatches(\"(?is).*\\QWelcome to\\...
05:37:33.356070 POST /session/a880ccf9-282d-4356-b5e5-3a1a9f8c44ac/element [6.223957ms] ERR:404 body={"strategy":"-android uiautomator","selector":"new UiSelector().descriptionMatches(\"(?is).*\\QWelco...
05:37:33.362197 POST /session/a880ccf9-282d-4356-b5e5-3a1a9f8c44ac/element [6.020678ms] ERR:404 body={"strategy":"-android uiautomator","selector":"new UiSelector().textContains(\"Welcome to\")"}
05:37:33.368174 POST /session/a880ccf9-282d-4356-b5e5-3a1a9f8c44ac/element [5.861871ms] ERR:404 body={"strategy":"-android uiautomator","selector":"new UiSelector().descriptionContains(\"Welcome to\")"...
05:37:33.373692 POST /session/a880ccf9-282d-4356-b5e5-3a1a9f8c44ac/element [5.399077ms] ERR:404 body={"strategy":"-android uiautomator","selector":"new UiSelector().textMatches(\"(?is).*\\QWelcome to\\...
05:37:33.378861 POST /session/a880ccf9-282d-4356-b5e5-3a1a9f8c44ac/element [5.084541ms] ERR:404 body={"strategy":"-android uiautomator","selector":"new UiSelector().descriptionMatches(\"(?is).*\\QWelco...
05:37:33.384719 POST /session/a880ccf9-282d-4356-b5e5-3a1a9f8c44ac/element [5.769999ms] ERR:404 body={"strategy":"-android uiautomator","selector":"new UiSelector().textContains(\"Welcome to\")"}
05:37:33.390243 POST /session/a880ccf9-282d-4356-b5e5-3a1a9f8c44ac/element [5.424455ms] ERR:404 body={"strategy":"-android uiautomator","selector":"new UiSelector().descriptionContains(\"Welcome to\")"...
05:37:33.395641 POST /session/a880ccf9-282d-4356-b5e5-3a1a9f8c44ac/element [5.315711ms] ERR:404 body={"strategy":"-android uiautomator","selector":"new UiSelector().textMatches(\"(?is).*\\QWelcome to\\...
05:37:33.401482 POST /session/a880ccf9-282d-4356-b5e5-3a1a9f8c44ac/element [5.763768ms] ERR:404 body={"strategy":"-android uiautomator","selector":"new UiSelector().descriptionMatches(\"(?is).*\\QWelco...
05:37:33.407373 POST /session/a880ccf9-282d-4356-b5e5-3a1a9f8c44ac/element [5.801236ms] ERR:404 body={"strategy":"-android uiautomator","selector":"new UiSelector().textContains(\"Welcome to\")"}
05:37:33.412210 POST /session/a880ccf9-282d-4356-b5e5-3a1a9f8c44ac/element [4.689272ms] ERR:404 body={"strategy":"-android uiautomator","selector":"new UiSelector().descriptionContains(\"Welcome to\")"...
05:37:33.417828 POST /session/a880ccf9-282d-4356-b5e5-3a1a9f8c44ac/element [5.51311ms] ERR:404 body={"strategy":"-android uiautomator","selector":"new UiSelector().textMatches(\"(?is).*\\QWelcome to\\...
05:37:33.423202 POST /session/a880ccf9-282d-4356-b5e5-3a1a9f8c44ac/element [5.294331ms] ERR:404 body={"strategy":"-android uiautomator","selector":"new UiSelector().descriptionMatches(\"(?is).*\\QWelco...
05:37:33.429143 POST /session/a880ccf9-282d-4356-b5e5-3a1a9f8c44ac/element [5.806454ms] ERR:404 body={"strategy":"-android uiautomator","selector":"new UiSelector().textContains(\"Welcome to\")"}
05:37:33.434756 POST /session/a880ccf9-282d-4356-b5e5-3a1a9f8c44ac/element [5.490488ms] ERR:404 body={"strategy":"-android uiautomator","selector":"new UiSelector().descriptionContains(\"Welcome to\")"...
05:37:33.440215 POST /session/a880ccf9-282d-4356-b5e5-3a1a9f8c44ac/element [5.376152ms] ERR:404 body={"strategy":"-android uiautomator","selector":"new UiSelector().textMatches(\"(?is).*\\QWelcome to\\...
05:37:33.445549 POST /session/a880ccf9-282d-4356-b5e5-3a1a9f8c44ac/element [5.223778ms] ERR:404 body={"strategy":"-android uiautomator","selector":"new UiSelector().descriptionMatches(\"(?is).*\\QWelco...
05:37:33.450684 POST /session/a880ccf9-282d-4356-b5e5-3a1a9f8c44ac/element [5.05205ms] ERR:404 body={"strategy":"-android uiautomator","selector":"new UiSelector().textContains(\"Welcome to\")"}
05:37:33.456006 POST /session/a880ccf9-282d-4356-b5e5-3a1a9f8c44ac/element [5.242134ms] ERR:404 body={"strategy":"-android uiautomator","selector":"new UiSelector().descriptionContains(\"Welcome to\")"...
05:37:33.461205 POST /session/a880ccf9-282d-4356-b5e5-3a1a9f8c44ac/element [5.123203ms] ERR:404 body={"strategy":"-android uiautomator","selector":"new UiSelector().textMatches(\"(?is).*\\QWelcome to\\...
05:37:33.467262 POST /session/a880ccf9-282d-4356-b5e5-3a1a9f8c44ac/element [5.951679ms] ERR:404 body={"strategy":"-android uiautomator","selector":"new UiSelector().descriptionMatches(\"(?is).*\\QWelco...
05:37:33.472978 POST /session/a880ccf9-282d-4356-b5e5-3a1a9f8c44ac/element [5.628957ms] ERR:404 body={"strategy":"-android uiautomator","selector":"new UiSelector().textContains(\"Welcome to\")"}
05:37:33.478514 POST /session/a880ccf9-282d-4356-b5e5-3a1a9f8c44ac/element [5.456194ms] ERR:404 body={"strategy":"-android uiautomator","selector":"new UiSelector().descriptionContains(\"Welcome to\")"...
05:37:33.484268 POST /session/a880ccf9-282d-4356-b5e5-3a1a9f8c44ac/element [5.665715ms] ERR:404 body={"strategy":"-android uiautomator","selector":"new UiSelector().textMatches(\"(?is).*\\QWelcome to\\...
05:37:33.490032 POST /session/a880ccf9-282d-4356-b5e5-3a1a9f8c44ac/element [5.646721ms] ERR:404 body={"strategy":"-android uiautomator","selector":"new UiSelector().descriptionMatches(\"(?is).*\\QWelco...
05:37:33.495338 POST /session/a880ccf9-282d-4356-b5e5-3a1a9f8c44ac/element [5.223078ms] ERR:404 body={"strategy":"-android uiautomator","selector":"new UiSelector().textContains(\"Welcome to\")"}
05:37:33.500727 POST /session/a880ccf9-282d-4356-b5e5-3a1a9f8c44ac/element [5.308729ms] ERR:404 body={"strategy":"-android uiautomator","selector":"new UiSelector().descriptionContains(\"Welcome to\")"...
05:37:33.506378 POST /session/a880ccf9-282d-4356-b5e5-3a1a9f8c44ac/element [5.575056ms] ERR:404 body={"strategy":"-android uiautomator","selector":"new UiSelector().textMatches(\"(?is).*\\QWelcome to\\...
05:37:33.511992 POST /session/a880ccf9-282d-4356-b5e5-3a1a9f8c44ac/element [5.529921ms] ERR:404 body={"strategy":"-android uiautomator","selector":"new UiSelector().descriptionMatches(\"(?is).*\\QWelco...
05:37:33.517443 POST /session/a880ccf9-282d-4356-b5e5-3a1a9f8c44ac/element [5.36814ms] ERR:404 body={"strategy":"-android uiautomator","selector":"new UiSelector().textContains(\"Welcome to\")"}
05:37:33.523738 POST /session/a880ccf9-282d-4356-b5e5-3a1a9f8c44ac/element [6.202496ms] ERR:404 body={"strategy":"-android uiautomator","selector":"new UiSelector().descriptionContains(\"Welcome to\")"...
05:37:33.531097 POST /session/a880ccf9-282d-4356-b5e5-3a1a9f8c44ac/element [7.274528ms] ERR:404 body={"strategy":"-android uiautomator","selector":"new UiSelector().textMatches(\"(?is).*\\QWelcome to\\...
05:37:33.537346 POST /session/a880ccf9-282d-4356-b5e5-3a1a9f8c44ac/element [6.149959ms] ERR:404 body={"strategy":"-android uiautomator","selector":"new UiSelector().descriptionMatches(\"(?is).*\\QWelco...
05:37:33.544558 POST /session/a880ccf9-282d-4356-b5e5-3a1a9f8c44ac/element [7.103889ms] ERR:404 body={"strategy":"-android uiautomator","selector":"new UiSelector().textContains(\"Welcome to\")"}
05:37:33.549917 POST /session/a880ccf9-282d-4356-b5e5-3a1a9f8c44ac/element [5.268934ms] ERR:404 body={"strategy":"-android uiautomator","selector":"new UiSelector().descriptionContains(\"Welcome to\")"...
05:37:33.555202 POST /session/a880ccf9-282d-4356-b5e5-3a1a9f8c44ac/element [5.195287ms] ERR:404 body={"strategy":"-android uiautomator","selector":"new UiSelector().textMatches(\"(?is).*\\QWelcome to\\...
05:37:33.560410 POST /session/a880ccf9-282d-4356-b5e5-3a1a9f8c44ac/element [5.110379ms] ERR:404 body={"strategy":"-android uiautomator","selector":"new UiSelector().descriptionMatches(\"(?is).*\\QWelco...
05:37:33.565868 POST /session/a880ccf9-282d-4356-b5e5-3a1a9f8c44ac/element [5.378038ms] ERR:404 body={"strategy":"-android uiautomator","selector":"new UiSelector().textContains(\"Welcome to\")"}
05:37:33.571821 POST /session/a880ccf9-282d-4356-b5e5-3a1a9f8c44ac/element [5.851211ms] ERR:404 body={"strategy":"-android uiautomator","selector":"new UiSelector().descriptionContains(\"Welcome to\")"...
05:37:33.577529 POST /session/a880ccf9-282d-4356-b5e5-3a1a9f8c44ac/element [5.599171ms] ERR:404 body={"strategy":"-android uiautomator","selector":"new UiSelector().textMatches(\"(?is).*\\QWelcome to\\...
05:37:33.583119 POST /session/a880ccf9-282d-4356-b5e5-3a1a9f8c44ac/element [5.507339ms] ERR:404 body={"strategy":"-android uiautomator","selector":"new UiSelector().descriptionMatches(\"(?is).*\\QWelco...
05:37:33.588296 POST /session/a880ccf9-282d-4356-b5e5-3a1a9f8c44ac/element [5.060736ms] ERR:404 body={"strategy":"-android uiautomator","selector":"new UiSelector().textContains(\"Welcome to\")"}
05:37:33.593918 POST /session/a880ccf9-282d-4356-b5e5-3a1a9f8c44ac/element [5.540411ms] ERR:404 body={"strategy":"-android uiautomator","selector":"new UiSelector().descriptionContains(\"Welcome to\")"...
05:37:33.599954 POST /session/a880ccf9-282d-4356-b5e5-3a1a9f8c44ac/element [5.951398ms] ERR:404 body={"strategy":"-android uiautomator","selector":"new UiSelector().textMatches(\"(?is).*\\QWelcome to\\...
05:37:33.605504 POST /session/a880ccf9-282d-4356-b5e5-3a1a9f8c44ac/element [5.452367ms] ERR:404 body={"strategy":"-android uiautomator","selector":"new UiSelector().descriptionMatches(\"(?is).*\\QWelco...
05:37:33.611132 POST /session/a880ccf9-282d-4356-b5e5-3a1a9f8c44ac/element [5.540601ms] ERR:404 body={"strategy":"-android uiautomator","selector":"new UiSelector().textContains(\"Welcome to\")"}
05:37:33.616582 POST /session/a880ccf9-282d-4356-b5e5-3a1a9f8c44ac/element [5.338454ms] ERR:404 body={"strategy":"-android uiautomator","selector":"new UiSelector().descriptionContains(\"Welcome to\")"...
05:37:33.622378 POST /session/a880ccf9-282d-4356-b5e5-3a1a9f8c44ac/element [5.716159ms] ERR:404 body={"strategy":"-android uiautomator","selector":"new UiSelector().textMatches(\"(?is).*\\QWelcome to\\...
05:37:33.628007 POST /session/a880ccf9-282d-4356-b5e5-3a1a9f8c44ac/element [5.54012ms] ERR:404 body={"strategy":"-android uiautomator","selector":"new UiSelector().descriptionMatches(\"(?is).*\\QWelco...
05:37:33.634119 POST /session/a880ccf9-282d-4356-b5e5-3a1a9f8c44ac/element [6.013013ms] ERR:404 body={"strategy":"-android uiautomator","selector":"new UiSelector().textContains(\"Welcome to\")"}
05:37:33.639746 POST /session/a880ccf9-282d-4356-b5e5-3a1a9f8c44ac/element [5.506497ms] ERR:404 body={"strategy":"-android uiautomator","selector":"new UiSelector().descriptionContains(\"Welcome to\")"...
05:37:33.645241 POST /session/a880ccf9-282d-4356-b5e5-3a1a9f8c44ac/element [5.406754ms] ERR:404 body={"strategy":"-android uiautomator","selector":"new UiSelector().textMatches(\"(?is).*\\QWelcome to\\...
05:37:33.650587 POST /session/a880ccf9-282d-4356-b5e5-3a1a9f8c44ac/element [5.239437ms] ERR:404 body={"strategy":"-android uiautomator","selector":"new UiSelector().descriptionMatches(\"(?is).*\\QWelco...
05:37:33.655977 POST /session/a880ccf9-282d-4356-b5e5-3a1a9f8c44ac/element [5.299994ms] ERR:404 body={"strategy":"-android uiautomator","selector":"new UiSelector().textContains(\"Welcome to\")"}
05:37:33.661417 POST /session/a880ccf9-282d-4356-b5e5-3a1a9f8c44ac/element [5.351858ms] ERR:404 body={"strategy":"-android uiautomator","selector":"new UiSelector().descriptionContains(\"Welcome to\")"...
05:37:33.666777 POST /session/a880ccf9-282d-4356-b5e5-3a1a9f8c44ac/element [5.281157ms] ERR:404 body={"strategy":"-android uiautomator","selector":"new UiSelector().textMatches(\"(?is).*\\QWelcome to\\...
05:37:33.672381 POST /session/a880ccf9-282d-4356-b5e5-3a1a9f8c44ac/element [5.522878ms] ERR:404 body={"strategy":"-android uiautomator","selector":"new UiSelector().descriptionMatches(\"(?is).*\\QWelco...
05:37:33.677971 POST /session/a880ccf9-282d-4356-b5e5-3a1a9f8c44ac/element [5.50754ms] ERR:404 body={"strategy":"-android uiautomator","selector":"new UiSelector().textContains(\"Welcome to\")"}
05:37:33.683670 POST /session/a880ccf9-282d-4356-b5e5-3a1a9f8c44ac/element [5.623376ms] ERR:404 body={"strategy":"-android uiautomator","selector":"new UiSelector().descriptionContains(\"Welcome to\")"...
05:37:33.689144 POST /session/a880ccf9-282d-4356-b5e5-3a1a9f8c44ac/element [5.390531ms] ERR:404 body={"strategy":"-android uiautomator","selector":"new UiSelector().textMatches(\"(?is).*\\QWelcome to\\...
05:37:33.694919 POST /session/a880ccf9-282d-4356-b5e5-3a1a9f8c44ac/element [5.640448ms] ERR:404 body={"strategy":"-android uiautomator","selector":"new UiSelector().descriptionMatches(\"(?is).*\\QWelco...
05:37:33.700479 POST /session/a880ccf9-282d-4356-b5e5-3a1a9f8c44ac/element [5.481451ms] ERR:404 body={"strategy":"-android uiautomator","selector":"new UiSelector().textContains(\"Welcome to\")"}
05:37:33.706024 POST /session/a880ccf9-282d-4356-b5e5-3a1a9f8c44ac/element [5.466123ms] ERR:404 body={"strategy":"-android uiautomator","selector":"new UiSelector().descriptionContains(\"Welcome to\")"...
05:37:33.712971 POST /session/a880ccf9-282d-4356-b5e5-3a1a9f8c44ac/element [6.860765ms] ERR:404 body={"strategy":"-android uiautomator","selector":"new UiSelector().textMatches(\"(?is).*\\QWelcome to\\...
05:37:33.719519 POST /session/a880ccf9-282d-4356-b5e5-3a1a9f8c44ac/element [6.441676ms] ERR:404 body={"strategy":"-android uiautomator","selector":"new UiSelector().descriptionMatches(\"(?is).*\\QWelco...
05:37:33.726518 POST /session/a880ccf9-282d-4356-b5e5-3a1a9f8c44ac/element [6.878477ms] ERR:404 body={"strategy":"-android uiautomator","selector":"new UiSelector().textContains(\"Welcome to\")"}
05:37:33.732431 POST /session/a880ccf9-282d-4356-b5e5-3a1a9f8c44ac/element [5.820556ms] ERR:404 body={"strategy":"-android uiautomator","selector":"new UiSelector().descriptionContains(\"Welcome to\")"...
05:37:33.736740 POST /session/a880ccf9-282d-4356-b5e5-3a1a9f8c44ac/element [4.216073ms] ERR:404 body={"strategy":"-android uiautomator","selector":"new UiSelector().textMatches(\"(?is).*\\QWelcome to\\...
05:37:33.741247 POST /session/a880ccf9-282d-4356-b5e5-3a1a9f8c44ac/element [4.41664ms] ERR:404 body={"strategy":"-android uiautomator","selector":"new UiSelector().descriptionMatches(\"(?is).*\\QWelco...
05:37:33.745627 POST /session/a880ccf9-282d-4356-b5e5-3a1a9f8c44ac/element [4.295497ms] ERR:404 body={"strategy":"-android uiautomator","selector":"new UiSelector().textContains(\"Welcome to\")"}
05:37:33.750090 POST /session/a880ccf9-282d-4356-b5e5-3a1a9f8c44ac/element [4.38283ms] ERR:404 body={"strategy":"-android uiautomator","selector":"new UiSelector().descriptionContains(\"Welcome to\")"...
05:37:33.754571 POST /session/a880ccf9-282d-4356-b5e5-3a1a9f8c44ac/element [4.399983ms] ERR:404 body={"strategy":"-android uiautomator","selector":"new UiSelector().textMatches(\"(?is).*\\QWelcome to\\...
05:37:33.759026 POST /session/a880ccf9-282d-4356-b5e5-3a1a9f8c44ac/element [4.360659ms] ERR:404 body={"strategy":"-android uiautomator","selector":"new UiSelector().descriptionMatches(\"(?is).*\\QWelco...
05:37:33.764298 POST /session/a880ccf9-282d-4356-b5e5-3a1a9f8c44ac/element [5.18443ms] ERR:404 body={"strategy":"-android uiautomator","selector":"new UiSelector().textContains(\"Welcome to\")"}
05:37:33.769516 POST /session/a880ccf9-282d-4356-b5e5-3a1a9f8c44ac/element [5.122842ms] ERR:404 body={"strategy":"-android uiautomator","selector":"new UiSelector().descriptionContains(\"Welcome to\")"...
05:37:33.774963 POST /session/a880ccf9-282d-4356-b5e5-3a1a9f8c44ac/element [5.360846ms] ERR:404 body={"strategy":"-android uiautomator","selector":"new UiSelector().textMatches(\"(?is).*\\QWelcome to\\...
05:37:33.780389 POST /session/a880ccf9-282d-4356-b5e5-3a1a9f8c44ac/element [5.342932ms] ERR:404 body={"strategy":"-android uiautomator","selector":"new UiSelector().descriptionMatches(\"(?is).*\\QWelco...
05:37:33.785638 POST /session/a880ccf9-282d-4356-b5e5-3a1a9f8c44ac/element [5.167225ms] ERR:404 body={"strategy":"-android uiautomator","selector":"new UiSelector().textContains(\"Welcome to\")"}
05:37:33.791386 POST /session/a880ccf9-282d-4356-b5e5-3a1a9f8c44ac/element [5.664212ms] ERR:404 body={"strategy":"-android uiautomator","selector":"new UiSelector().descriptionContains(\"Welcome to\")"...
05:37:33.797144 POST /session/a880ccf9-282d-4356-b5e5-3a1a9f8c44ac/element [5.659524ms] ERR:404 body={"strategy":"-android uiautomator","selector":"new UiSelector().textMatches(\"(?is).*\\QWelcome to\\...
05:37:33.802866 POST /session/a880ccf9-282d-4356-b5e5-3a1a9f8c44ac/element [5.598529ms] ERR:404 body={"strategy":"-android uiautomator","selector":"new UiSelector().descriptionMatches(\"(?is).*\\QWelco...
05:37:33.808051 POST /session/a880ccf9-282d-4356-b5e5-3a1a9f8c44ac/element [5.098136ms] ERR:404 body={"strategy":"-android uiautomator","selector":"new UiSelector().textContains(\"Welcome to\")"}
05:37:33.813739 POST /session/a880ccf9-282d-4356-b5e5-3a1a9f8c44ac/element [5.602367ms] ERR:404 body={"strategy":"-android uiautomator","selector":"new UiSelector().descriptionContains(\"Welcome to\")"...
05:37:33.819327 POST /session/a880ccf9-282d-4356-b5e5-3a1a9f8c44ac/element [5.488744ms] ERR:404 body={"strategy":"-android uiautomator","selector":"new UiSelector().textMatches(\"(?is).*\\QWelcome to\\...
05:37:33.824879 POST /session/a880ccf9-282d-4356-b5e5-3a1a9f8c44ac/element [5.442859ms] ERR:404 body={"strategy":"-android uiautomator","selector":"new UiSelector().descriptionMatches(\"(?is).*\\QWelco...
05:37:33.830321 POST /session/a880ccf9-282d-4356-b5e5-3a1a9f8c44ac/element [5.349926ms] ERR:404 body={"strategy":"-android uiautomator","selector":"new UiSelector().textContains(\"Welcome to\")"}
05:37:33.836580 POST /session/a880ccf9-282d-4356-b5e5-3a1a9f8c44ac/element [6.141032ms] ERR:404 body={"strategy":"-android uiautomator","selector":"new UiSelector().descriptionContains(\"Welcome to\")"...
05:37:33.841985 POST /session/a880ccf9-282d-4356-b5e5-3a1a9f8c44ac/element [5.308118ms] ERR:404 body={"strategy":"-android uiautomator","selector":"new UiSelector().textMatches(\"(?is).*\\QWelcome to\\...
05:37:33.846544 POST /session/a880ccf9-282d-4356-b5e5-3a1a9f8c44ac/element [4.459984ms] ERR:404 body={"strategy":"-android uiautomator","selector":"new UiSelector().descriptionMatches(\"(?is).*\\QWelco...
05:37:33.851010 POST /session/a880ccf9-282d-4356-b5e5-3a1a9f8c44ac/element [4.377831ms] ERR:404 body={"strategy":"-android uiautomator","selector":"new UiSelector().textContains(\"Welcome to\")"}
05:37:33.855663 POST /session/a880ccf9-282d-4356-b5e5-3a1a9f8c44ac/element [4.569198ms] ERR:404 body={"strategy":"-android uiautomator","selector":"new UiSelector().descriptionContains(\"Welcome to\")"...
05:37:33.860519 POST /session/a880ccf9-282d-4356-b5e5-3a1a9f8c44ac/element [4.761768ms] ERR:404 body={"strategy":"-android uiautomator","selector":"new UiSelector().textMatches(\"(?is).*\\QWelcome to\\...
05:37:33.865496 POST /session/a880ccf9-282d-4356-b5e5-3a1a9f8c44ac/element [4.881452ms] ERR:404 body={"strategy":"-android uiautomator","selector":"new UiSelector().descriptionMatches(\"(?is).*\\QWelco...
05:37:33.870326 POST /session/a880ccf9-282d-4356-b5e5-3a1a9f8c44ac/element [4.682929ms] ERR:404 body={"strategy":"-android uiautomator","selector":"new UiSelector().textContains(\"Welcome to\")"}
05:37:33.875077 POST /session/a880ccf9-282d-4356-b5e5-3a1a9f8c44ac/element [4.634971ms] ERR:404 body={"strategy":"-android uiautomator","selector":"new UiSelector().descriptionContains(\"Welcome to\")"...
05:37:33.880532 POST /session/a880ccf9-282d-4356-b5e5-3a1a9f8c44ac/element [5.354554ms] ERR:404 body={"strategy":"-android uiautomator","selector":"new UiSelector().textMatches(\"(?is).*\\QWelcome to\\...
05:37:33.885293 POST /session/a880ccf9-282d-4356-b5e5-3a1a9f8c44ac/element [4.664095ms] ERR:404 body={"strategy":"-android uiautomator","selector":"new UiSelector().descriptionMatches(\"(?is).*\\QWelco...
05:37:33.890227 POST /session/a880ccf9-282d-4356-b5e5-3a1a9f8c44ac/element [4.794349ms] ERR:404 body={"strategy":"-android uiautomator","selector":"new UiSelector().textContains(\"Welcome to\")"}
05:37:33.894850 POST /session/a880ccf9-282d-4356-b5e5-3a1a9f8c44ac/element [4.498388ms] ERR:404 body={"strategy":"-android uiautomator","selector":"new UiSelector().descriptionContains(\"Welcome to\")"...
05:37:33.899559 POST /session/a880ccf9-282d-4356-b5e5-3a1a9f8c44ac/element [4.617196ms] ERR:404 body={"strategy":"-android uiautomator","selector":"new UiSelector().textMatches(\"(?is).*\\QWelcome to\\...
05:37:33.903995 POST /session/a880ccf9-282d-4356-b5e5-3a1a9f8c44ac/element [4.350971ms] ERR:404 body={"strategy":"-android uiautomator","selector":"new UiSelector().descriptionMatches(\"(?is).*\\QWelco...
05:37:33.908705 POST /session/a880ccf9-282d-4356-b5e5-3a1a9f8c44ac/element [4.602981ms] ERR:404 body={"strategy":"-android uiautomator","selector":"new UiSelector().textContains(\"Welcome to\")"}
05:37:33.913800 POST /session/a880ccf9-282d-4356-b5e5-3a1a9f8c44ac/element [5.004702ms] ERR:404 body={"strategy":"-android uiautomator","selector":"new UiSelector().descriptionContains(\"Welcome to\")"...
05:37:33.918646 POST /session/a880ccf9-282d-4356-b5e5-3a1a9f8c44ac/element [4.722825ms] ERR:404 body={"strategy":"-android uiautomator","selector":"new UiSelector().textMatches(\"(?is).*\\QWelcome to\\...
05:37:33.923243 POST /session/a880ccf9-282d-4356-b5e5-3a1a9f8c44ac/element [4.481445ms] ERR:404 body={"strategy":"-android uiautomator","selector":"new UiSelector().descriptionMatches(\"(?is).*\\QWelco...
05:37:33.928285 POST /session/a880ccf9-282d-4356-b5e5-3a1a9f8c44ac/element [4.927848ms] ERR:404 body={"strategy":"-android uiautomator","selector":"new UiSelector().textContains(\"Welcome to\")"}
05:37:33.932942 POST /session/a880ccf9-282d-4356-b5e5-3a1a9f8c44ac/element [4.553369ms] ERR:404 body={"strategy":"-android uiautomator","selector":"new UiSelector().descriptionContains(\"Welcome to\")"...
05:37:33.937310 POST /session/a880ccf9-282d-4356-b5e5-3a1a9f8c44ac/element [4.27525ms] ERR:404 body={"strategy":"-android uiautomator","selector":"new UiSelector().textMatches(\"(?is).*\\QWelcome to\\...
05:37:33.941777 POST /session/a880ccf9-282d-4356-b5e5-3a1a9f8c44ac/element [4.373403ms] ERR:404 body={"strategy":"-android uiautomator","selector":"new UiSelector().descriptionMatches(\"(?is).*\\QWelco...
05:37:33.946462 POST /session/a880ccf9-282d-4356-b5e5-3a1a9f8c44ac/element [4.583274ms] ERR:404 body={"strategy":"-android uiautomator","selector":"new UiSelector().textContains(\"Welcome to\")"}
05:37:33.951140 POST /session/a880ccf9-282d-4356-b5e5-3a1a9f8c44ac/element [4.594165ms] ERR:404 body={"strategy":"-android uiautomator","selector":"new UiSelector().descriptionContains(\"Welcome to\")"...
05:37:33.955659 POST /session/a880ccf9-282d-4356-b5e5-3a1a9f8c44ac/element [4.410453ms] ERR:404 body={"strategy":"-android uiautomator","selector":"new UiSelector().textMatches(\"(?is).*\\QWelcome to\\...
05:37:33.960511 POST /session/a880ccf9-282d-4356-b5e5-3a1a9f8c44ac/element [4.75222ms] ERR:404 body={"strategy":"-android uiautomator","selector":"new UiSelector().descriptionMatches(\"(?is).*\\QWelco...
05:37:33.965011 POST /session/a880ccf9-282d-4356-b5e5-3a1a9f8c44ac/element [4.397117ms] ERR:404 body={"strategy":"-android uiautomator","selector":"new UiSelector().textContains(\"Welcome to\")"}
05:37:33.969512 POST /session/a880ccf9-282d-4356-b5e5-3a1a9f8c44ac/element [4.385033ms] ERR:404 body={"strategy":"-android uiautomator","selector":"new UiSelector().descriptionContains(\"Welcome to\")"...
05:37:33.974297 POST /session/a880ccf9-282d-4356-b5e5-3a1a9f8c44ac/element [4.692548ms] ERR:404 body={"strategy":"-android uiautomator","selector":"new UiSelector().textMatches(\"(?is).*\\QWelcome to\\...
05:37:33.978756 POST /session/a880ccf9-282d-4356-b5e5-3a1a9f8c44ac/element [4.360389ms] ERR:404 body={"strategy":"-android uiautomator","selector":"new UiSelector().descriptionMatches(\"(?is).*\\QWelco...
05:37:33.983189 POST /session/a880ccf9-282d-4356-b5e5-3a1a9f8c44ac/element [4.337536ms] ERR:404 body={"strategy":"-android uiautomator","selector":"new UiSelector().textContains(\"Welcome to\")"}
05:37:33.987653 POST /session/a880ccf9-282d-4356-b5e5-3a1a9f8c44ac/element [4.360639ms] ERR:404 body={"strategy":"-android uiautomator","selector":"new UiSelector().descriptionContains(\"Welcome to\")"...
05:37:33.992233 POST /session/a880ccf9-282d-4356-b5e5-3a1a9f8c44ac/element [4.491514ms] ERR:404 body={"strategy":"-android uiautomator","selector":"new UiSelector().textMatches(\"(?is).*\\QWelcome to\\...
05:37:33.997771 POST /session/a880ccf9-282d-4356-b5e5-3a1a9f8c44ac/element [5.43234ms] ERR:404 body={"strategy":"-android uiautomator","selector":"new UiSelector().descriptionMatches(\"(?is).*\\QWelco...
05:37:34.002588 POST /session/a880ccf9-282d-4356-b5e5-3a1a9f8c44ac/element [4.710729ms] ERR:404 body={"strategy":"-android uiautomator","selector":"new UiSelector().textContains(\"Welcome to\")"}
05:37:34.007018 POST /session/a880ccf9-282d-4356-b5e5-3a1a9f8c44ac/element [4.324866ms] ERR:404 body={"strategy":"-android uiautomator","selector":"new UiSelector().descriptionContains(\"Welcome to\")"...
05:37:34.011528 POST /session/a880ccf9-282d-4356-b5e5-3a1a9f8c44ac/element [4.415883ms] ERR:404 body={"strategy":"-android uiautomator","selector":"new UiSelector().textMatches(\"(?is).*\\QWelcome to\\...
05:37:34.016129 POST /session/a880ccf9-282d-4356-b5e5-3a1a9f8c44ac/element [4.496202ms] ERR:404 body={"strategy":"-android uiautomator","selector":"new UiSelector().descriptionMatches(\"(?is).*\\QWelco...
05:37:34.020911 POST /session/a880ccf9-282d-4356-b5e5-3a1a9f8c44ac/element [4.641182ms] ERR:404 body={"strategy":"-android uiautomator","selector":"new UiSelector().textContains(\"Welcome to\")"}
05:37:34.025697 POST /session/a880ccf9-282d-4356-b5e5-3a1a9f8c44ac/element [4.689152ms] ERR:404 body={"strategy":"-android uiautomator","selector":"new UiSelector().descriptionContains(\"Welcome to\")"...
05:37:34.031222 POST /session/a880ccf9-282d-4356-b5e5-3a1a9f8c44ac/element [5.42224ms] ERR:404 body={"strategy":"-android uiautomator","selector":"new UiSelector().textMatches(\"(?is).*\\QWelcome to\\...
05:37:34.036443 POST /session/a880ccf9-282d-4356-b5e5-3a1a9f8c44ac/element [5.090251ms] ERR:404 body={"strategy":"-android uiautomator","selector":"new UiSelector().descriptionMatches(\"(?is).*\\QWelco...
05:37:34.041608 POST /session/a880ccf9-282d-4356-b5e5-3a1a9f8c44ac/element [5.059904ms] ERR:404 body={"strategy":"-android uiautomator","selector":"new UiSelector().textContains(\"Welcome to\")"}
05:37:34.046384 POST /session/a880ccf9-282d-4356-b5e5-3a1a9f8c44ac/element [4.678433ms] ERR:404 body={"strategy":"-android uiautomator","selector":"new UiSelector().descriptionContains(\"Welcome to\")"...
05:37:34.050953 POST /session/a880ccf9-282d-4356-b5e5-3a1a9f8c44ac/element [4.477682ms] ERR:404 body={"strategy":"-android uiautomator","selector":"new UiSelector().textMatches(\"(?is).*\\QWelcome to\\...
05:37:34.055662 POST /session/a880ccf9-282d-4356-b5e5-3a1a9f8c44ac/element [4.609511ms] ERR:404 body={"strategy":"-android uiautomator","selector":"new UiSelector().descriptionMatches(\"(?is).*\\QWelco...
05:37:34.060854 POST /session/a880ccf9-282d-4356-b5e5-3a1a9f8c44ac/element [5.093608ms] ERR:404 body={"strategy":"-android uiautomator","selector":"new UiSelector().textContains(\"Welcome to\")"}
05:37:34.065863 POST /session/a880ccf9-282d-4356-b5e5-3a1a9f8c44ac/element [4.903131ms] ERR:404 body={"strategy":"-android uiautomator","selector":"new UiSelector().descriptionContains(\"Welcome to\")"...
05:37:34.070625 POST /session/a880ccf9-282d-4356-b5e5-3a1a9f8c44ac/element [4.659271ms] ERR:404 body={"strategy":"-android uiautomator","selector":"new UiSelector().textMatches(\"(?is).*\\QWelcome to\\...
05:37:34.075258 POST /session/a880ccf9-282d-4356-b5e5-3a1a9f8c44ac/element [4.531263ms] ERR:404 body={"strategy":"-android uiautomator","selector":"new UiSelector().descriptionMatches(\"(?is).*\\QWelco...
05:37:34.080608 POST /session/a880ccf9-282d-4356-b5e5-3a1a9f8c44ac/element [5.209804ms] ERR:404 body={"strategy":"-android uiautomator","selector":"new UiSelector().textContains(\"Welcome to\")"}
05:37:34.085552 POST /session/a880ccf9-282d-4356-b5e5-3a1a9f8c44ac/element [4.801948ms] ERR:404 body={"strategy":"-android uiautomator","selector":"new UiSelector().descriptionContains(\"Welcome to\")"...
05:37:34.090215 POST /session/a880ccf9-282d-4356-b5e5-3a1a9f8c44ac/element [4.555652ms] ERR:404 body={"strategy":"-android uiautomator","selector":"new UiSelector().textMatches(\"(?is).*\\QWelcome to\\...
05:37:34.094931 POST /session/a880ccf9-282d-4356-b5e5-3a1a9f8c44ac/element [4.581351ms] ERR:404 body={"strategy":"-android uiautomator","selector":"new UiSelector().descriptionMatches(\"(?is).*\\QWelco...
05:37:34.099688 POST /session/a880ccf9-282d-4356-b5e5-3a1a9f8c44ac/element [4.648967ms] ERR:404 body={"strategy":"-android uiautomator","selector":"new UiSelector().textContains(\"Welcome to\")"}
05:37:34.104455 POST /session/a880ccf9-282d-4356-b5e5-3a1a9f8c44ac/element [4.651182ms] ERR:404 body={"strategy":"-android uiautomator","selector":"new UiSelector().descriptionContains(\"Welcome to\")"...
05:37:34.109125 POST /session/a880ccf9-282d-4356-b5e5-3a1a9f8c44ac/element [4.571212ms] ERR:404 body={"strategy":"-android uiautomator","selector":"new UiSelector().textMatches(\"(?is).*\\QWelcome to\\...
05:37:34.113921 POST /session/a880ccf9-282d-4356-b5e5-3a1a9f8c44ac/element [4.664476ms] ERR:404 body={"strategy":"-android uiautomator","selector":"new UiSelector().descriptionMatches(\"(?is).*\\QWelco...
05:37:34.118441 POST /session/a880ccf9-282d-4356-b5e5-3a1a9f8c44ac/element [4.417485ms] ERR:404 body={"strategy":"-android uiautomator","selector":"new UiSelector().textContains(\"Welcome to\")"}
05:37:34.123119 POST /session/a880ccf9-282d-4356-b5e5-3a1a9f8c44ac/element [4.577674ms] ERR:404 body={"strategy":"-android uiautomator","selector":"new UiSelector().descriptionContains(\"Welcome to\")"...
05:37:34.127943 POST /session/a880ccf9-282d-4356-b5e5-3a1a9f8c44ac/element [4.701596ms] ERR:404 body={"strategy":"-android uiautomator","selector":"new UiSelector().textMatches(\"(?is).*\\QWelcome to\\...
05:37:34.132953 POST /session/a880ccf9-282d-4356-b5e5-3a1a9f8c44ac/element [4.88592ms] ERR:404 body={"strategy":"-android uiautomator","selector":"new UiSelector().descriptionMatches(\"(?is).*\\QWelco...
05:37:34.137605 POST /session/a880ccf9-282d-4356-b5e5-3a1a9f8c44ac/element [4.549131ms] ERR:404 body={"strategy":"-android uiautomator","selector":"new UiSelector().textContains(\"Welcome to\")"}
05:37:34.142176 POST /session/a880ccf9-282d-4356-b5e5-3a1a9f8c44ac/element [4.476184ms] ERR:404 body={"strategy":"-android uiautomator","selector":"new UiSelector().descriptionContains(\"Welcome to\")"...
05:37:34.146882 POST /session/a880ccf9-282d-4356-b5e5-3a1a9f8c44ac/element [4.599242ms] ERR:404 body={"strategy":"-android uiautomator","selector":"new UiSelector().textMatches(\"(?is).*\\QWelcome to\\...
05:37:34.151329 POST /session/a880ccf9-282d-4356-b5e5-3a1a9f8c44ac/element [4.35595ms] ERR:404 body={"strategy":"-android uiautomator","selector":"new UiSelector().descriptionMatches(\"(?is).*\\QWelco...
05:37:34.155799 POST /session/a880ccf9-282d-4356-b5e5-3a1a9f8c44ac/element [4.374165ms] ERR:404 body={"strategy":"-android uiautomator","selector":"new UiSelector().textContains(\"Welcome to\")"}
05:37:34.160296 POST /session/a880ccf9-282d-4356-b5e5-3a1a9f8c44ac/element [4.408889ms] ERR:404 body={"strategy":"-android uiautomator","selector":"new UiSelector().descriptionContains(\"Welcome to\")"...
05:37:34.164777 POST /session/a880ccf9-282d-4356-b5e5-3a1a9f8c44ac/element [4.40953ms] ERR:404 body={"strategy":"-android uiautomator","selector":"new UiSelector().textMatches(\"(?is).*\\QWelcome to\\...
05:37:34.169233 POST /session/a880ccf9-282d-4356-b5e5-3a1a9f8c44ac/element [4.36081ms] ERR:404 body={"strategy":"-android uiautomator","selector":"new UiSelector().descriptionMatches(\"(?is).*\\QWelco...
05:37:34.173561 POST /session/a880ccf9-282d-4356-b5e5-3a1a9f8c44ac/element [4.209877ms] ERR:404 body={"strategy":"-android uiautomator","selector":"new UiSelector().textContains(\"Welcome to\")"}
05:37:34.177898 POST /session/a880ccf9-282d-4356-b5e5-3a1a9f8c44ac/element [4.247648ms] ERR:404 body={"strategy":"-android uiautomator","selector":"new UiSelector().descriptionContains(\"Welcome to\")"...
05:37:34.184331 POST /session/a880ccf9-282d-4356-b5e5-3a1a9f8c44ac/element [6.345113ms] ERR:404 body={"strategy":"-android uiautomator","selector":"new UiSelector().textMatches(\"(?is).*\\QWelcome to\\...
05:37:34.190114 POST /session/a880ccf9-282d-4356-b5e5-3a1a9f8c44ac/element [5.683698ms] ERR:404 body={"strategy":"-android uiautomator","selector":"new UiSelector().descriptionMatches(\"(?is).*\\QWelco...
05:37:34.194775 POST /session/a880ccf9-282d-4356-b5e5-3a1a9f8c44ac/element [4.584647ms] ERR:404 body={"strategy":"-android uiautomator","selector":"new UiSelector().textContains(\"Welcome to\")"}
05:37:34.199584 POST /session/a880ccf9-282d-4356-b5e5-3a1a9f8c44ac/element [4.714109ms] ERR:404 body={"strategy":"-android uiautomator","selector":"new UiSelector().descriptionContains(\"Welcome to\")"...
05:37:34.204232 POST /session/a880ccf9-282d-4356-b5e5-3a1a9f8c44ac/element [4.51168ms] ERR:404 body={"strategy":"-android uiautomator","selector":"new UiSelector().textMatches(\"(?is).*\\QWelcome to\\...
05:37:34.208655 POST /session/a880ccf9-282d-4356-b5e5-3a1a9f8c44ac/element [4.36028ms] ERR:404 body={"strategy":"-android uiautomator","selector":"new UiSelector().descriptionMatches(\"(?is).*\\QWelco...
05:37:34.213633 POST /session/a880ccf9-282d-4356-b5e5-3a1a9f8c44ac/element [4.858416ms] ERR:404 body={"strategy":"-android uiautomator","selector":"new UiSelector().textContains(\"Welcome to\")"}
05:37:34.218306 POST /session/a880ccf9-282d-4356-b5e5-3a1a9f8c44ac/element [4.357709ms] ERR:404 body={"strategy":"-android uiautomator","selector":"new UiSelector().descriptionContains(\"Welcome to\")"...
05:37:34.222455 POST /session/a880ccf9-282d-4356-b5e5-3a1a9f8c44ac/element [4.006442ms] ERR:404 body={"strategy":"-android uiautomator","selector":"new UiSelector().textMatches(\"(?is).*\\QWelcome to\\...
05:37:34.225879 POST /session/a880ccf9-282d-4356-b5e5-3a1a9f8c44ac/element [3.303847ms] ERR:404 body={"strategy":"-android uiautomator","selector":"new UiSelector().descriptionMatches(\"(?is).*\\QWelco...
05:37:34.229389 POST /session/a880ccf9-282d-4356-b5e5-3a1a9f8c44ac/element [3.380804ms] ERR:404 body={"strategy":"-android uiautomator","selector":"new UiSelector().textContains(\"Welcome to\")"}
05:37:34.233427 POST /session/a880ccf9-282d-4356-b5e5-3a1a9f8c44ac/element [3.961904ms] ERR:404 body={"strategy":"-android uiautomator","selector":"new UiSelector().descriptionContains(\"Welcome to\")"...
05:37:34.236823 POST /session/a880ccf9-282d-4356-b5e5-3a1a9f8c44ac/element [3.323924ms] ERR:404 body={"strategy":"-android uiautomator","selector":"new UiSelector().textMatches(\"(?is).*\\QWelcome to\\...
05:37:34.240215 POST /session/a880ccf9-282d-4356-b5e5-3a1a9f8c44ac/element [3.317873ms] ERR:404 body={"strategy":"-android uiautomator","selector":"new UiSelector().descriptionMatches(\"(?is).*\\QWelco...
05:37:34.244320 POST /session/a880ccf9-282d-4356-b5e5-3a1a9f8c44ac/element [4.018769ms] ERR:404 body={"strategy":"-android uiautomator","selector":"new UiSelector().textContains(\"Welcome to\")"}
05:37:34.248135 POST /session/a880ccf9-282d-4356-b5e5-3a1a9f8c44ac/element [3.739177ms] ERR:404 body={"strategy":"-android uiautomator","selector":"new UiSelector().descriptionContains(\"Welcome to\")"...
05:37:34.251305 POST /session/a880ccf9-282d-4356-b5e5-3a1a9f8c44ac/element [3.065173ms] ERR:404 body={"strategy":"-android uiautomator","selector":"new UiSelector().textMatches(\"(?is).*\\QWelcome to\\...
05:37:34.255167 POST /session/a880ccf9-282d-4356-b5e5-3a1a9f8c44ac/element [3.776739ms] ERR:404 body={"strategy":"-android uiautomator","selector":"new UiSelector().descriptionMatches(\"(?is).*\\QWelco...
05:37:34.259419 POST /session/a880ccf9-282d-4356-b5e5-3a1a9f8c44ac/element [4.131616ms] ERR:404 body={"strategy":"-android uiautomator","selector":"new UiSelector().textContains(\"Welcome to\")"}
05:37:34.262916 POST /session/a880ccf9-282d-4356-b5e5-3a1a9f8c44ac/element [3.394155ms] ERR:404 body={"strategy":"-android uiautomator","selector":"new UiSelector().descriptionContains(\"Welcome to\")"...
05:37:34.266256 POST /session/a880ccf9-282d-4356-b5e5-3a1a9f8c44ac/element [3.246545ms] ERR:404 body={"strategy":"-android uiautomator","selector":"new UiSelector().textMatches(\"(?is).*\\QWelcome to\\...
05:37:34.270096 POST /session/a880ccf9-282d-4356-b5e5-3a1a9f8c44ac/element [3.741148ms] ERR:404 body={"strategy":"-android uiautomator","selector":"new UiSelector().descriptionMatches(\"(?is).*\\QWelco...
05:37:34.273506 POST /session/a880ccf9-282d-4356-b5e5-3a1a9f8c44ac/element [3.313524ms] ERR:404 body={"strategy":"-android uiautomator","selector":"new UiSelector().textContains(\"Welcome to\")"}
05:37:34.276842 POST /session/a880ccf9-282d-4356-b5e5-3a1a9f8c44ac/element [3.243337ms] ERR:404 body={"strategy":"-android uiautomator","selector":"new UiSelector().descriptionContains(\"Welcome to\")"...
05:37:34.280263 POST /session/a880ccf9-282d-4356-b5e5-3a1a9f8c44ac/element [3.298493ms] ERR:404 body={"strategy":"-android uiautomator","selector":"new UiSelector().textMatches(\"(?is).*\\QWelcome to\\...
05:37:34.284548 POST /session/a880ccf9-282d-4356-b5e5-3a1a9f8c44ac/element [4.178519ms] ERR:404 body={"strategy":"-android uiautomator","selector":"new UiSelector().descriptionMatches(\"(?is).*\\QWelco...
05:37:34.289654 POST /session/a880ccf9-282d-4356-b5e5-3a1a9f8c44ac/element [5.00408ms] ERR:404 body={"strategy":"-android uiautomator","selector":"new UiSelector().textContains(\"Welcome to\")"}
05:37:34.293662 POST /session/a880ccf9-282d-4356-b5e5-3a1a9f8c44ac/element [3.924875ms] ERR:404 body={"strategy":"-android uiautomator","selector":"new UiSelector().descriptionContains(\"Welcome to\")"...
05:37:34.298234 POST /session/a880ccf9-282d-4356-b5e5-3a1a9f8c44ac/element [4.503967ms] ERR:404 body={"strategy":"-android uiautomator","selector":"new UiSelector().textMatches(\"(?is).*\\QWelcome to\\...
05:37:34.302240 POST /session/a880ccf9-282d-4356-b5e5-3a1a9f8c44ac/element [3.859861ms] ERR:404 body={"strategy":"-android uiautomator","selector":"new UiSelector().descriptionMatches(\"(?is).*\\QWelco...
05:37:34.313116 POST /session/a880ccf9-282d-4356-b5e5-3a1a9f8c44ac/element [10.747022ms] ERR:404 body={"strategy":"-android uiautomator","selector":"new UiSelector().textContains(\"Welcome to\")"}
05:37:34.317113 POST /session/a880ccf9-282d-4356-b5e5-3a1a9f8c44ac/element [3.859614ms] ERR:404 body={"strategy":"-android uiautomator","selector":"new UiSelector().descriptionContains(\"Welcome to\")"...
05:37:34.321092 POST /session/a880ccf9-282d-4356-b5e5-3a1a9f8c44ac/element [3.903757ms] ERR:404 body={"strategy":"-android uiautomator","selector":"new UiSelector().textMatches(\"(?is).*\\QWelcome to\\...
05:37:34.325629 POST /session/a880ccf9-282d-4356-b5e5-3a1a9f8c44ac/element [4.461387ms] ERR:404 body={"strategy":"-android uiautomator","selector":"new UiSelector().descriptionMatches(\"(?is).*\\QWelco...
05:37:34.329507 POST /session/a880ccf9-282d-4356-b5e5-3a1a9f8c44ac/element [3.753653ms] ERR:404 body={"strategy":"-android uiautomator","selector":"new UiSelector().textContains(\"Welcome to\")"}
05:37:34.333471 POST /session/a880ccf9-282d-4356-b5e5-3a1a9f8c44ac/element [3.866089ms] ERR:404 body={"strategy":"-android uiautomator","selector":"new UiSelector().descriptionContains(\"Welcome to\")"...
05:37:34.337292 POST /session/a880ccf9-282d-4356-b5e5-3a1a9f8c44ac/element [3.714701ms] ERR:404 body={"strategy":"-android uiautomator","selector":"new UiSelector().textMatches(\"(?is).*\\QWelcome to\\...
05:37:34.341138 POST /session/a880ccf9-282d-4356-b5e5-3a1a9f8c44ac/element [3.743948ms] ERR:404 body={"strategy":"-android uiautomator","selector":"new UiSelector().descriptionMatches(\"(?is).*\\QWelco...
05:37:34.345283 POST /session/a880ccf9-282d-4356-b5e5-3a1a9f8c44ac/element [4.0075ms] ERR:404 body={"strategy":"-android uiautomator","selector":"new UiSelector().textContains(\"Welcome to\")"}
05:37:34.349284 POST /session/a880ccf9-282d-4356-b5e5-3a1a9f8c44ac/element [3.893116ms] ERR:404 body={"strategy":"-android uiautomator","selector":"new UiSelector().descriptionContains(\"Welcome to\")"...
05:37:34.353333 POST /session/a880ccf9-282d-4356-b5e5-3a1a9f8c44ac/element [3.951568ms] ERR:404 body={"strategy":"-android uiautomator","selector":"new UiSelector().textMatches(\"(?is).*\\QWelcome to\\...
05:37:34.357183 POST /session/a880ccf9-282d-4356-b5e5-3a1a9f8c44ac/element [3.780757ms] ERR:404 body={"strategy":"-android uiautomator","selector":"new UiSelector().descriptionMatches(\"(?is).*\\QWelco...
05:37:34.360974 POST /session/a880ccf9-282d-4356-b5e5-3a1a9f8c44ac/element [3.674796ms] ERR:404 body={"strategy":"-android uiautomator","selector":"new UiSelector().textContains(\"Welcome to\")"}
05:37:34.365115 POST /session/a880ccf9-282d-4356-b5e5-3a1a9f8c44ac/element [4.033007ms] ERR:404 body={"strategy":"-android uiautomator","selector":"new UiSelector().descriptionContains(\"Welcome to\")"...
05:37:34.368955 POST /session/a880ccf9-282d-4356-b5e5-3a1a9f8c44ac/element [3.720655ms] ERR:404 body={"strategy":"-android uiautomator","selector":"new UiSelector().textMatches(\"(?is).*\\QWelcome to\\...
05:37:34.373603 POST /session/a880ccf9-282d-4356-b5e5-3a1a9f8c44ac/element [4.554415ms] ERR:404 body={"strategy":"-android uiautomator","selector":"new UiSelector().descriptionMatches(\"(?is).*\\QWelco...
05:37:34.377841 POST /session/a880ccf9-282d-4356-b5e5-3a1a9f8c44ac/element [4.139286ms] ERR:404 body={"strategy":"-android uiautomator","selector":"new UiSelector().textContains(\"Welcome to\")"}
05:37:34.382541 POST /session/a880ccf9-282d-4356-b5e5-3a1a9f8c44ac/element [4.579233ms] ERR:404 body={"strategy":"-android uiautomator","selector":"new UiSelector().descriptionContains(\"Welcome to\")"...
05:37:34.386513 POST /session/a880ccf9-282d-4356-b5e5-3a1a9f8c44ac/element [3.850547ms] ERR:404 body={"strategy":"-android uiautomator","selector":"new UiSelector().textMatches(\"(?is).*\\QWelcome to\\...
05:37:34.390468 POST /session/a880ccf9-282d-4356-b5e5-3a1a9f8c44ac/element [3.880443ms] ERR:404 body={"strategy":"-android uiautomator","selector":"new UiSelector().descriptionMatches(\"(?is).*\\QWelco...
05:37:34.394014 POST /session/a880ccf9-282d-4356-b5e5-3a1a9f8c44ac/element [3.462745ms] ERR:404 body={"strategy":"-android uiautomator","selector":"new UiSelector().textContains(\"Welcome to\")"}
05:37:34.398274 POST /session/a880ccf9-282d-4356-b5e5-3a1a9f8c44ac/element [4.155468ms] ERR:404 body={"strategy":"-android uiautomator","selector":"new UiSelector().descriptionContains(\"Welcome to\")"...
05:37:34.402534 POST /session/a880ccf9-282d-4356-b5e5-3a1a9f8c44ac/element [4.138294ms] ERR:404 body={"strategy":"-android uiautomator","selector":"new UiSelector().textMatches(\"(?is).*\\QWelcome to\\...
05:37:34.406274 POST /session/a880ccf9-282d-4356-b5e5-3a1a9f8c44ac/element [3.65293ms] ERR:404 body={"strategy":"-android uiautomator","selector":"new UiSelector().descriptionMatches(\"(?is).*\\QWelco...
05:37:34.410377 POST /session/a880ccf9-282d-4356-b5e5-3a1a9f8c44ac/element [4.025286ms] ERR:404 body={"strategy":"-android uiautomator","selector":"new UiSelector().textContains(\"Welcome to\")"}
05:37:34.414015 POST /session/a880ccf9-282d-4356-b5e5-3a1a9f8c44ac/element [3.541721ms] ERR:404 body={"strategy":"-android uiautomator","selector":"new UiSelector().descriptionContains(\"Welcome to\")"...
05:37:34.417477 POST /session/a880ccf9-282d-4356-b5e5-3a1a9f8c44ac/element [3.373016ms] ERR:404 body={"strategy":"-android uiautomator","selector":"new UiSelector().textMatches(\"(?is).*\\QWelcome to\\...
05:37:34.422452 POST /session/a880ccf9-282d-4356-b5e5-3a1a9f8c44ac/element [4.880705ms] ERR:404 body={"strategy":"-android uiautomator","selector":"new UiSelector().descriptionMatches(\"(?is).*\\QWelco...
05:37:34.426165 POST /session/a880ccf9-282d-4356-b5e5-3a1a9f8c44ac/element [3.628913ms] ERR:404 body={"strategy":"-android uiautomator","selector":"new UiSelector().textContains(\"Welcome to\")"}
05:37:34.430636 POST /session/a880ccf9-282d-4356-b5e5-3a1a9f8c44ac/element [4.365548ms] ERR:404 body={"strategy":"-android uiautomator","selector":"new UiSelector().descriptionContains(\"Welcome to\")"...
05:37:34.434175 POST /session/a880ccf9-282d-4356-b5e5-3a1a9f8c44ac/element [3.480137ms] ERR:404 body={"strategy":"-android uiautomator","selector":"new UiSelector().textMatches(\"(?is).*\\QWelcome to\\...
05:37:34.438255 POST /session/a880ccf9-282d-4356-b5e5-3a1a9f8c44ac/element [3.981782ms] ERR:404 body={"strategy":"-android uiautomator","selector":"new UiSelector().descriptionMatches(\"(?is).*\\QWelco...
05:37:34.442371 POST /session/a880ccf9-282d-4356-b5e5-3a1a9f8c44ac/element [4.018811ms] ERR:404 body={"strategy":"-android uiautomator","selector":"new UiSelector().textContains(\"Welcome to\")"}
05:37:34.445839 POST /session/a880ccf9-282d-4356-b5e5-3a1a9f8c44ac/element [3.369869ms] ERR:404 body={"strategy":"-android uiautomator","selector":"new UiSelector().descriptionContains(\"Welcome to\")"...
05:37:34.449297 POST /session/a880ccf9-282d-4356-b5e5-3a1a9f8c44ac/element [3.357677ms] ERR:404 body={"strategy":"-android uiautomator","selector":"new UiSelector().textMatches(\"(?is).*\\QWelcome to\\...
05:37:34.453490 POST /session/a880ccf9-282d-4356-b5e5-3a1a9f8c44ac/element [4.108596ms] ERR:404 body={"strategy":"-android uiautomator","selector":"new UiSelector().descriptionMatches(\"(?is).*\\QWelco...
05:37:34.457158 POST /session/a880ccf9-282d-4356-b5e5-3a1a9f8c44ac/element [3.592125ms] ERR:404 body={"strategy":"-android uiautomator","selector":"new UiSelector().textContains(\"Welcome to\")"}
05:37:34.461209 POST /session/a880ccf9-282d-4356-b5e5-3a1a9f8c44ac/element [3.935157ms] ERR:404 body={"strategy":"-android uiautomator","selector":"new UiSelector().descriptionContains(\"Welcome to\")"...
05:37:34.465346 POST /session/a880ccf9-282d-4356-b5e5-3a1a9f8c44ac/element [4.040493ms] ERR:404 body={"strategy":"-android uiautomator","selector":"new UiSelector().textMatches(\"(?is).*\\QWelcome to\\...
05:37:34.469277 POST /session/a880ccf9-282d-4356-b5e5-3a1a9f8c44ac/element [3.839215ms] ERR:404 body={"strategy":"-android uiautomator","selector":"new UiSelector().descriptionMatches(\"(?is).*\\QWelco...
05:37:34.473517 POST /session/a880ccf9-282d-4356-b5e5-3a1a9f8c44ac/element [4.138535ms] ERR:404 body={"strategy":"-android uiautomator","selector":"new UiSelector().textContains(\"Welcome to\")"}
05:37:34.477305 POST /session/a880ccf9-282d-4356-b5e5-3a1a9f8c44ac/element [3.684537ms] ERR:404 body={"strategy":"-android uiautomator","selector":"new UiSelector().descriptionContains(\"Welcome to\")"...
05:37:34.481541 POST /session/a880ccf9-282d-4356-b5e5-3a1a9f8c44ac/element [4.148363ms] ERR:404 body={"strategy":"-android uiautomator","selector":"new UiSelector().textMatches(\"(?is).*\\QWelcome to\\...
05:37:34.484962 POST /session/a880ccf9-282d-4356-b5e5-3a1a9f8c44ac/element [3.301056ms] ERR:404 body={"strategy":"-android uiautomator","selector":"new UiSelector().descriptionMatches(\"(?is).*\\QWelco...
05:37:34.489121 POST /session/a880ccf9-282d-4356-b5e5-3a1a9f8c44ac/element [4.054121ms] ERR:404 body={"strategy":"-android uiautomator","selector":"new UiSelector().textContains(\"Welcome to\")"}
05:37:34.492534 POST /session/a880ccf9-282d-4356-b5e5-3a1a9f8c44ac/element [3.283965ms] ERR:404 body={"strategy":"-android uiautomator","selector":"new UiSelector().descriptionContains(\"Welcome to\")"...
05:37:34.495997 POST /session/a880ccf9-282d-4356-b5e5-3a1a9f8c44ac/element [3.358617ms] ERR:404 body={"strategy":"-android uiautomator","selector":"new UiSelector().textMatches(\"(?is).*\\QWelcome to\\...
05:37:34.500506 POST /session/a880ccf9-282d-4356-b5e5-3a1a9f8c44ac/element [4.439809ms] ERR:404 body={"strategy":"-android uiautomator","selector":"new UiSelector().descriptionMatches(\"(?is).*\\QWelco...
05:37:34.504474 POST /session/a880ccf9-282d-4356-b5e5-3a1a9f8c44ac/element [3.86866ms] ERR:404 body={"strategy":"-android uiautomator","selector":"new UiSelector().textContains(\"Welcome to\")"}
05:37:34.508271 POST /session/a880ccf9-282d-4356-b5e5-3a1a9f8c44ac/element [3.692567ms] ERR:404 body={"strategy":"-android uiautomator","selector":"new UiSelector().descriptionContains(\"Welcome to\")"...
05:37:34.512314 POST /session/a880ccf9-282d-4356-b5e5-3a1a9f8c44ac/element [3.941567ms] ERR:404 body={"strategy":"-android uiautomator","selector":"new UiSelector().textMatches(\"(?is).*\\QWelcome to\\...
05:37:34.516140 POST /session/a880ccf9-282d-4356-b5e5-3a1a9f8c44ac/element [3.73206ms] ERR:404 body={"strategy":"-android uiautomator","selector":"new UiSelector().descriptionMatches(\"(?is).*\\QWelco...
05:37:34.520629 POST /session/a880ccf9-282d-4356-b5e5-3a1a9f8c44ac/element [4.381613ms] ERR:404 body={"strategy":"-android uiautomator","selector":"new UiSelector().textContains(\"Welcome to\")"}
05:37:34.524239 POST /session/a880ccf9-282d-4356-b5e5-3a1a9f8c44ac/element [3.518778ms] ERR:404 body={"strategy":"-android uiautomator","selector":"new UiSelector().descriptionContains(\"Welcome to\")"...
05:37:34.527903 POST /session/a880ccf9-282d-4356-b5e5-3a1a9f8c44ac/element [3.55625ms] ERR:404 body={"strategy":"-android uiautomator","selector":"new UiSelector().textMatches(\"(?is).*\\QWelcome to\\...
05:37:34.531390 POST /session/a880ccf9-282d-4356-b5e5-3a1a9f8c44ac/element [3.406678ms] ERR:404 body={"strategy":"-android uiautomator","selector":"new UiSelector().descriptionMatches(\"(?is).*\\QWelco...
05:37:34.535790 POST /session/a880ccf9-282d-4356-b5e5-3a1a9f8c44ac/element [4.314428ms] ERR:404 body={"strategy":"-android uiautomator","selector":"new UiSelector().textContains(\"Welcome to\")"}
05:37:34.548972 POST /session/a880ccf9-282d-4356-b5e5-3a1a9f8c44ac/element [13.036061ms] ERR:404 body={"strategy":"-android uiautomator","selector":"new UiSelector().descriptionContains(\"Welcome to\")"...
05:37:34.554296 POST /session/a880ccf9-282d-4356-b5e5-3a1a9f8c44ac/element [5.197397ms] ERR:404 body={"strategy":"-android uiautomator","selector":"new UiSelector().textMatches(\"(?is).*\\QWelcome to\\...
05:37:34.558722 POST /session/a880ccf9-282d-4356-b5e5-3a1a9f8c44ac/element [4.32433ms] ERR:404 body={"strategy":"-android uiautomator","selector":"new UiSelector().descriptionMatches(\"(?is).*\\QWelco...
05:37:34.563050 POST /session/a880ccf9-282d-4356-b5e5-3a1a9f8c44ac/element [4.267816ms] ERR:404 body={"strategy":"-android uiautomator","selector":"new UiSelector().textContains(\"Welcome to\")"}
05:37:34.567300 POST /session/a880ccf9-282d-4356-b5e5-3a1a9f8c44ac/element [4.185092ms] ERR:404 body={"strategy":"-android uiautomator","selector":"new UiSelector().descriptionContains(\"Welcome to\")"...
05:37:34.571536 POST /session/a880ccf9-282d-4356-b5e5-3a1a9f8c44ac/element [4.160114ms] ERR:404 body={"strategy":"-android uiautomator","selector":"new UiSelector().textMatches(\"(?is).*\\QWelcome to\\...
05:37:34.575885 POST /session/a880ccf9-282d-4356-b5e5-3a1a9f8c44ac/element [4.285379ms] ERR:404 body={"strategy":"-android uiautomator","selector":"new UiSelector().descriptionMatches(\"(?is).*\\QWelco...
05:37:34.580044 POST /session/a880ccf9-282d-4356-b5e5-3a1a9f8c44ac/element [4.086026ms] ERR:404 body={"strategy":"-android uiautomator","selector":"new UiSelector().textContains(\"Welcome to\")"}
05:37:34.584330 POST /session/a880ccf9-282d-4356-b5e5-3a1a9f8c44ac/element [4.227081ms] ERR:404 body={"strategy":"-android uiautomator","selector":"new UiSelector().descriptionContains(\"Welcome to\")"...
05:37:34.588539 POST /session/a880ccf9-282d-4356-b5e5-3a1a9f8c44ac/element [4.123387ms] ERR:404 body={"strategy":"-android uiautomator","selector":"new UiSelector().textMatches(\"(?is).*\\QWelcome to\\...
05:37:34.592967 POST /session/a880ccf9-282d-4356-b5e5-3a1a9f8c44ac/element [4.328988ms] ERR:404 body={"strategy":"-android uiautomator","selector":"new UiSelector().descriptionMatches(\"(?is).*\\QWelco...
05:37:34.597102 POST /session/a880ccf9-282d-4356-b5e5-3a1a9f8c44ac/element [4.043728ms] ERR:404 body={"strategy":"-android uiautomator","selector":"new UiSelector().textContains(\"Welcome to\")"}
05:37:34.601422 POST /session/a880ccf9-282d-4356-b5e5-3a1a9f8c44ac/element [4.231981ms] ERR:404 body={"strategy":"-android uiautomator","selector":"new UiSelector().descriptionContains(\"Welcome to\")"...
05:37:34.605739 POST /session/a880ccf9-282d-4356-b5e5-3a1a9f8c44ac/element [4.225641ms] ERR:404 body={"strategy":"-android uiautomator","selector":"new UiSelector().textMatches(\"(?is).*\\QWelcome to\\...
05:37:34.610114 POST /session/a880ccf9-282d-4356-b5e5-3a1a9f8c44ac/element [4.274765ms] ERR:404 body={"strategy":"-android uiautomator","selector":"new UiSelector().descriptionMatches(\"(?is).*\\QWelco...
05:37:34.614225 POST /session/a880ccf9-282d-4356-b5e5-3a1a9f8c44ac/element [4.03935ms] ERR:404 body={"strategy":"-android uiautomator","selector":"new UiSelector().textContains(\"Welcome to\")"}
05:37:34.618618 POST /session/a880ccf9-282d-4356-b5e5-3a1a9f8c44ac/element [4.299629ms] ERR:404 body={"strategy":"-android uiautomator","selector":"new UiSelector().descriptionContains(\"Welcome to\")"...
05:37:34.623046 POST /session/a880ccf9-282d-4356-b5e5-3a1a9f8c44ac/element [4.319051ms] ERR:404 body={"strategy":"-android uiautomator","selector":"new UiSelector().textMatches(\"(?is).*\\QWelcome to\\...
05:37:34.627151 POST /session/a880ccf9-282d-4356-b5e5-3a1a9f8c44ac/element [3.9986ms] ERR:404 body={"strategy":"-android uiautomator","selector":"new UiSelector().descriptionMatches(\"(?is).*\\QWelco...
05:37:34.631301 POST /session/a880ccf9-282d-4356-b5e5-3a1a9f8c44ac/element [4.02163ms] ERR:404 body={"strategy":"-android uiautomator","selector":"new UiSelector().textContains(\"Welcome to\")"}
05:37:34.635923 POST /session/a880ccf9-282d-4356-b5e5-3a1a9f8c44ac/element [4.509152ms] ERR:404 body={"strategy":"-android uiautomator","selector":"new UiSelector().descriptionContains(\"Welcome to\")"...
05:37:34.640118 POST /session/a880ccf9-282d-4356-b5e5-3a1a9f8c44ac/element [4.132687ms] ERR:404 body={"strategy":"-android uiautomator","selector":"new UiSelector().textMatches(\"(?is).*\\QWelcome to\\...
05:37:34.644492 POST /session/a880ccf9-282d-4356-b5e5-3a1a9f8c44ac/element [4.235876ms] ERR:404 body={"strategy":"-android uiautomator","selector":"new UiSelector().descriptionMatches(\"(?is).*\\QWelco...
05:37:34.649623 POST /session/a880ccf9-282d-4356-b5e5-3a1a9f8c44ac/element [5.054845ms] ERR:404 body={"strategy":"-android uiautomator","selector":"new UiSelector().textContains(\"Welcome to\")"}
05:37:34.655040 POST /session/a880ccf9-282d-4356-b5e5-3a1a9f8c44ac/element [5.329206ms] ERR:404 body={"strategy":"-android uiautomator","selector":"new UiSelector().descriptionContains(\"Welcome to\")"...
05:37:34.660367 POST /session/a880ccf9-282d-4356-b5e5-3a1a9f8c44ac/element [5.248859ms] ERR:404 body={"strategy":"-android uiautomator","selector":"new UiSelector().textMatches(\"(?is).*\\QWelcome to\\...
05:37:34.665404 POST /session/a880ccf9-282d-4356-b5e5-3a1a9f8c44ac/element [4.956039ms] ERR:404 body={"strategy":"-android uiautomator","selector":"new UiSelector().descriptionMatches(\"(?is).*\\QWelco...
05:37:34.670774 POST /session/a880ccf9-282d-4356-b5e5-3a1a9f8c44ac/element [5.268949ms] ERR:404 body={"strategy":"-android uiautomator","selector":"new UiSelector().textContains(\"Welcome to\")"}
05:37:34.676298 POST /session/a880ccf9-282d-4356-b5e5-3a1a9f8c44ac/element [5.372637ms] ERR:404 body={"strategy":"-android uiautomator","selector":"new UiSelector().descriptionContains(\"Welcome to\")"...
05:37:34.681661 POST /session/a880ccf9-282d-4356-b5e5-3a1a9f8c44ac/element [5.242394ms] ERR:404 body={"strategy":"-android uiautomator","selector":"new UiSelector().textMatches(\"(?is).*\\QWelcome to\\...
05:37:34.687356 POST /session/a880ccf9-282d-4356-b5e5-3a1a9f8c44ac/element [5.615346ms] ERR:404 body={"strategy":"-android uiautomator","selector":"new UiSelector().descriptionMatches(\"(?is).*\\QWelco...
05:37:34.692299 POST /session/a880ccf9-282d-4356-b5e5-3a1a9f8c44ac/element [4.828152ms] ERR:404 body={"strategy":"-android uiautomator","selector":"new UiSelector().textContains(\"Welcome to\")"}
05:37:34.697177 POST /session/a880ccf9-282d-4356-b5e5-3a1a9f8c44ac/element [4.747741ms] ERR:404 body={"strategy":"-android uiautomator","selector":"new UiSelector().descriptionContains(\"Welcome to\")"...
05:37:34.700918 POST /session/a880ccf9-282d-4356-b5e5-3a1a9f8c44ac/element [3.614617ms] ERR:404 body={"strategy":"-android uiautomator","selector":"new UiSelector().textMatches(\"(?is).*\\QWelcome to\\...
05:37:34.705421 POST /session/a880ccf9-282d-4356-b5e5-3a1a9f8c44ac/element [4.389433ms] ERR:404 body={"strategy":"-android uiautomator","selector":"new UiSelector().descriptionMatches(\"(?is).*\\QWelco...
05:37:34.708987 POST /session/a880ccf9-282d-4356-b5e5-3a1a9f8c44ac/element [3.45003ms] ERR:404 body={"strategy":"-android uiautomator","selector":"new UiSelector().textContains(\"Welcome to\")"}
05:37:34.712620 POST /session/a880ccf9-282d-4356-b5e5-3a1a9f8c44ac/element [3.495434ms] ERR:404 body={"strategy":"-android uiautomator","selector":"new UiSelector().descriptionContains(\"Welcome to\")"...
05:37:34.716163 POST /session/a880ccf9-282d-4356-b5e5-3a1a9f8c44ac/element [3.449208ms] ERR:404 body={"strategy":"-android uiautomator","selector":"new UiSelector().textMatches(\"(?is).*\\QWelcome to\\...
05:37:34.719991 POST /session/a880ccf9-282d-4356-b5e5-3a1a9f8c44ac/element [3.718295ms] ERR:404 body={"strategy":"-android uiautomator","selector":"new UiSelector().descriptionMatches(\"(?is).*\\QWelco...
05:37:34.723619 POST /session/a880ccf9-282d-4356-b5e5-3a1a9f8c44ac/element [3.523773ms] ERR:404 body={"strategy":"-android uiautomator","selector":"new UiSelector().textContains(\"Welcome to\")"}
05:37:34.727457 POST /session/a880ccf9-282d-4356-b5e5-3a1a9f8c44ac/element [3.757834ms] ERR:404 body={"strategy":"-android uiautomator","selector":"new UiSelector().descriptionContains(\"Welcome to\")"...
05:37:34.731382 POST /session/a880ccf9-282d-4356-b5e5-3a1a9f8c44ac/element [3.848726ms] ERR:404 body={"strategy":"-android uiautomator","selector":"new UiSelector().textMatches(\"(?is).*\\QWelcome to\\...
05:37:34.735551 POST /session/a880ccf9-282d-4356-b5e5-3a1a9f8c44ac/element [4.026253ms] ERR:404 body={"strategy":"-android uiautomator","selector":"new UiSelector().descriptionMatches(\"(?is).*\\QWelco...
05:37:34.739355 POST /session/a880ccf9-282d-4356-b5e5-3a1a9f8c44ac/element [3.730865ms] ERR:404 body={"strategy":"-android uiautomator","selector":"new UiSelector().textContains(\"Welcome to\")"}
05:37:34.743357 POST /session/a880ccf9-282d-4356-b5e5-3a1a9f8c44ac/element [3.911851ms] ERR:404 body={"strategy":"-android uiautomator","selector":"new UiSelector().descriptionContains(\"Welcome to\")"...
05:37:34.747240 POST /session/a880ccf9-282d-4356-b5e5-3a1a9f8c44ac/element [3.795825ms] ERR:404 body={"strategy":"-android uiautomator","selector":"new UiSelector().textMatches(\"(?is).*\\QWelcome to\\...
05:37:34.751169 POST /session/a880ccf9-282d-4356-b5e5-3a1a9f8c44ac/element [3.801145ms] ERR:404 body={"strategy":"-android uiautomator","selector":"new UiSelector().descriptionMatches(\"(?is).*\\QWelco...
05:37:34.755128 POST /session/a880ccf9-282d-4356-b5e5-3a1a9f8c44ac/element [3.83049ms] ERR:404 body={"strategy":"-android uiautomator","selector":"new UiSelector().textContains(\"Welcome to\")"}
05:37:34.759018 POST /session/a880ccf9-282d-4356-b5e5-3a1a9f8c44ac/element [3.779404ms] ERR:404 body={"strategy":"-android uiautomator","selector":"new UiSelector().descriptionContains(\"Welcome to\")"...
05:37:34.764051 POST /session/a880ccf9-282d-4356-b5e5-3a1a9f8c44ac/element [4.943407ms] ERR:404 body={"strategy":"-android uiautomator","selector":"new UiSelector().textMatches(\"(?is).*\\QWelcome to\\...
05:37:34.770108 POST /session/a880ccf9-282d-4356-b5e5-3a1a9f8c44ac/element [5.945136ms] ERR:404 body={"strategy":"-android uiautomator","selector":"new UiSelector().descriptionMatches(\"(?is).*\\QWelco...
05:37:34.776739 POST /session/a880ccf9-282d-4356-b5e5-3a1a9f8c44ac/element [6.506612ms] ERR:404 body={"strategy":"-android uiautomator","selector":"new UiSelector().textContains(\"Welcome to\")"}
05:37:34.783125 POST /session/a880ccf9-282d-4356-b5e5-3a1a9f8c44ac/element [6.280262ms] ERR:404 body={"strategy":"-android uiautomator","selector":"new UiSelector().descriptionContains(\"Welcome to\")"...
05:37:34.789872 POST /session/a880ccf9-282d-4356-b5e5-3a1a9f8c44ac/element [6.623212ms] ERR:404 body={"strategy":"-android uiautomator","selector":"new UiSelector().textMatches(\"(?is).*\\QWelcome to\\...
05:37:34.796454 POST /session/a880ccf9-282d-4356-b5e5-3a1a9f8c44ac/element [6.480478ms] ERR:404 body={"strategy":"-android uiautomator","selector":"new UiSelector().descriptionMatches(\"(?is).*\\QWelco...
05:37:34.801564 POST /session/a880ccf9-282d-4356-b5e5-3a1a9f8c44ac/element [5.000356ms] ERR:404 body={"strategy":"-android uiautomator","selector":"new UiSelector().textContains(\"Welcome to\")"}
05:37:34.806687 POST /session/a880ccf9-282d-4356-b5e5-3a1a9f8c44ac/element [5.031862ms] ERR:404 body={"strategy":"-android uiautomator","selector":"new UiSelector().descriptionContains(\"Welcome to\")"...
05:37:34.811762 POST /session/a880ccf9-282d-4356-b5e5-3a1a9f8c44ac/element [4.980792ms] ERR:404 body={"strategy":"-android uiautomator","selector":"new UiSelector().textMatches(\"(?is).*\\QWelcome to\\...
05:37:34.817787 POST /session/a880ccf9-282d-4356-b5e5-3a1a9f8c44ac/element [5.91976ms] ERR:404 body={"strategy":"-android uiautomator","selector":"new UiSelector().descriptionMatches(\"(?is).*\\QWelco...
05:37:34.823132 POST /session/a880ccf9-282d-4356-b5e5-3a1a9f8c44ac/element [5.236274ms] ERR:404 body={"strategy":"-android uiautomator","selector":"new UiSelector().textContains(\"Welcome to\")"}
05:37:34.829032 POST /session/a880ccf9-282d-4356-b5e5-3a1a9f8c44ac/element [5.780189ms] ERR:404 body={"strategy":"-android uiautomator","selector":"new UiSelector().descriptionContains(\"Welcome to\")"...
05:37:34.834416 POST /session/a880ccf9-282d-4356-b5e5-3a1a9f8c44ac/element [5.267351ms] ERR:404 body={"strategy":"-android uiautomator","selector":"new UiSelector().textMatches(\"(?is).*\\QWelcome to\\...
05:37:34.840203 POST /session/a880ccf9-282d-4356-b5e5-3a1a9f8c44ac/element [5.64172ms] ERR:404 body={"strategy":"-android uiautomator","selector":"new UiSelector().descriptionMatches(\"(?is).*\\QWelco...
05:37:34.845658 POST /session/a880ccf9-282d-4356-b5e5-3a1a9f8c44ac/element [5.329267ms] ERR:404 body={"strategy":"-android uiautomator","selector":"new UiSelector().textContains(\"Welcome to\")"}
05:37:34.852379 POST /session/a880ccf9-282d-4356-b5e5-3a1a9f8c44ac/element [6.614937ms] ERR:404 body={"strategy":"-android uiautomator","selector":"new UiSelector().descriptionContains(\"Welcome to\")"...
05:37:34.858888 POST /session/a880ccf9-282d-4356-b5e5-3a1a9f8c44ac/element [6.39697ms] ERR:404 body={"strategy":"-android uiautomator","selector":"new UiSelector().textMatches(\"(?is).*\\QWelcome to\\...
05:37:34.865171 POST /session/a880ccf9-282d-4356-b5e5-3a1a9f8c44ac/element [6.178322ms] ERR:404 body={"strategy":"-android uiautomator","selector":"new UiSelector().descriptionMatches(\"(?is).*\\QWelco...
05:37:34.870994 POST /session/a880ccf9-282d-4356-b5e5-3a1a9f8c44ac/element [5.694589ms] ERR:404 body={"strategy":"-android uiautomator","selector":"new UiSelector().textContains(\"Welcome to\")"}
05:37:34.877576 POST /session/a880ccf9-282d-4356-b5e5-3a1a9f8c44ac/element [6.472829ms] ERR:404 body={"strategy":"-android uiautomator","selector":"new UiSelector().descriptionContains(\"Welcome to\")"...
05:37:34.883792 POST /session/a880ccf9-282d-4356-b5e5-3a1a9f8c44ac/element [6.111189ms] ERR:404 body={"strategy":"-android uiautomator","selector":"new UiSelector().textMatches(\"(?is).*\\QWelcome to\\...
05:37:34.889425 POST /session/a880ccf9-282d-4356-b5e5-3a1a9f8c44ac/element [5.536416ms] ERR:404 body={"strategy":"-android uiautomator","selector":"new UiSelector().descriptionMatches(\"(?is).*\\QWelco...
05:37:34.894847 POST /session/a880ccf9-282d-4356-b5e5-3a1a9f8c44ac/element [5.31078ms] ERR:404 body={"strategy":"-android uiautomator","selector":"new UiSelector().textContains(\"Welcome to\")"}
05:37:34.901186 POST /session/a880ccf9-282d-4356-b5e5-3a1a9f8c44ac/element [6.221673ms] ERR:404 body={"strategy":"-android uiautomator","selector":"new UiSelector().descriptionContains(\"Welcome to\")"...
05:37:34.907025 POST /session/a880ccf9-282d-4356-b5e5-3a1a9f8c44ac/element [5.670804ms] ERR:404 body={"strategy":"-android uiautomator","selector":"new UiSelector().textMatches(\"(?is).*\\QWelcome to\\...
05:37:34.912939 POST /session/a880ccf9-282d-4356-b5e5-3a1a9f8c44ac/element [5.784303ms] ERR:404 body={"strategy":"-android uiautomator","selector":"new UiSelector().descriptionMatches(\"(?is).*\\QWelco...
05:37:34.919678 POST /session/a880ccf9-282d-4356-b5e5-3a1a9f8c44ac/element [6.610439ms] ERR:404 body={"strategy":"-android uiautomator","selector":"new UiSelector().textContains(\"Welcome to\")"}
05:37:34.926736 POST /session/a880ccf9-282d-4356-b5e5-3a1a9f8c44ac/element [6.942077ms] ERR:404 body={"strategy":"-android uiautomator","selector":"new UiSelector().descriptionContains(\"Welcome to\")"...
05:37:34.933239 POST /session/a880ccf9-282d-4356-b5e5-3a1a9f8c44ac/element [6.410505ms] ERR:404 body={"strategy":"-android uiautomator","selector":"new UiSelector().textMatches(\"(?is).*\\QWelcome to\\...
05:37:34.939700 POST /session/a880ccf9-282d-4356-b5e5-3a1a9f8c44ac/element [6.297905ms] ERR:404 body={"strategy":"-android uiautomator","selector":"new UiSelector().descriptionMatches(\"(?is).*\\QWelco...
05:37:34.946317 POST /session/a880ccf9-282d-4356-b5e5-3a1a9f8c44ac/element [6.480436ms] ERR:404 body={"strategy":"-android uiautomator","selector":"new UiSelector().textContains(\"Welcome to\")"}
05:37:34.953046 POST /session/a880ccf9-282d-4356-b5e5-3a1a9f8c44ac/element [6.602894ms] ERR:404 body={"strategy":"-android uiautomator","selector":"new UiSelector().descriptionContains(\"Welcome to\")"...
05:37:34.959766 POST /session/a880ccf9-282d-4356-b5e5-3a1a9f8c44ac/element [6.581504ms] ERR:404 body={"strategy":"-android uiautomator","selector":"new UiSelector().textMatches(\"(?is).*\\QWelcome to\\...
05:37:34.966348 POST /session/a880ccf9-282d-4356-b5e5-3a1a9f8c44ac/element [6.465879ms] ERR:404 body={"strategy":"-android uiautomator","selector":"new UiSelector().descriptionMatches(\"(?is).*\\QWelco...
05:37:34.972933 POST /session/a880ccf9-282d-4356-b5e5-3a1a9f8c44ac/element [6.458935ms] ERR:404 body={"strategy":"-android uiautomator","selector":"new UiSelector().textContains(\"Welcome to\")"}
05:37:34.979900 POST /session/a880ccf9-282d-4356-b5e5-3a1a9f8c44ac/element [6.800042ms] ERR:404 body={"strategy":"-android uiautomator","selector":"new UiSelector().descriptionContains(\"Welcome to\")"...
05:37:34.986418 POST /session/a880ccf9-282d-4356-b5e5-3a1a9f8c44ac/element [6.394746ms] ERR:404 body={"strategy":"-android uiautomator","selector":"new UiSelector().textMatches(\"(?is).*\\QWelcome to\\...
05:37:34.992693 POST /session/a880ccf9-282d-4356-b5e5-3a1a9f8c44ac/element [6.165929ms] ERR:404 body={"strategy":"-android uiautomator","selector":"new UiSelector().descriptionMatches(\"(?is).*\\QWelco...
05:37:34.999216 POST /session/a880ccf9-282d-4356-b5e5-3a1a9f8c44ac/element [6.409534ms] ERR:404 body={"strategy":"-android uiautomator","selector":"new UiSelector().textContains(\"Welcome to\")"}
05:37:35.005526 POST /session/a880ccf9-282d-4356-b5e5-3a1a9f8c44ac/element [6.182159ms] ERR:404 body={"strategy":"-android uiautomator","selector":"new UiSelector().descriptionContains(\"Welcome to\")"...
05:37:35.011174 POST /session/a880ccf9-282d-4356-b5e5-3a1a9f8c44ac/element [5.504114ms] ERR:404 body={"strategy":"-android uiautomator","selector":"new UiSelector().textMatches(\"(?is).*\\QWelcome to\\...
05:37:35.016338 POST /session/a880ccf9-282d-4356-b5e5-3a1a9f8c44ac/element [5.044904ms] ERR:404 body={"strategy":"-android uiautomator","selector":"new UiSelector().descriptionMatches(\"(?is).*\\QWelco...
05:37:35.022164 POST /session/a880ccf9-282d-4356-b5e5-3a1a9f8c44ac/element [5.698566ms] ERR:404 body={"strategy":"-android uiautomator","selector":"new UiSelector().textContains(\"Welcome to\")"}
05:37:35.028085 POST /session/a880ccf9-282d-4356-b5e5-3a1a9f8c44ac/element [5.752025ms] ERR:404 body={"strategy":"-android uiautomator","selector":"new UiSelector().descriptionContains(\"Welcome to\")"...
05:37:35.033466 POST /session/a880ccf9-282d-4356-b5e5-3a1a9f8c44ac/element [5.246192ms] ERR:404 body={"strategy":"-android uiautomator","selector":"new UiSelector().textMatches(\"(?is).*\\QWelcome to\\...
05:37:35.038760 POST /session/a880ccf9-282d-4356-b5e5-3a1a9f8c44ac/element [5.156735ms] ERR:404 body={"strategy":"-android uiautomator","selector":"new UiSelector().descriptionMatches(\"(?is).*\\QWelco...
05:37:35.044285 POST /session/a880ccf9-282d-4356-b5e5-3a1a9f8c44ac/element [5.390572ms] ERR:404 body={"strategy":"-android uiautomator","selector":"new UiSelector().textContains(\"Welcome to\")"}
05:37:35.049828 POST /session/a880ccf9-282d-4356-b5e5-3a1a9f8c44ac/element [5.435756ms] ERR:404 body={"strategy":"-android uiautomator","selector":"new UiSelector().descriptionContains(\"Welcome to\")"...
05:37:35.055067 POST /session/a880ccf9-282d-4356-b5e5-3a1a9f8c44ac/element [5.135565ms] ERR:404 body={"strategy":"-android uiautomator","selector":"new UiSelector().textMatches(\"(?is).*\\QWelcome to\\...
05:37:35.060147 POST /session/a880ccf9-282d-4356-b5e5-3a1a9f8c44ac/element [4.976959ms] ERR:404 body={"strategy":"-android uiautomator","selector":"new UiSelector().descriptionMatches(\"(?is).*\\QWelco...
05:37:35.065532 POST /session/a880ccf9-282d-4356-b5e5-3a1a9f8c44ac/element [5.254928ms] ERR:404 body={"strategy":"-android uiautomator","selector":"new UiSelector().textContains(\"Welcome to\")"}
05:37:35.070817 POST /session/a880ccf9-282d-4356-b5e5-3a1a9f8c44ac/element [5.206218ms] ERR:404 body={"strategy":"-android uiautomator","selector":"new UiSelector().descriptionContains(\"Welcome to\")"...
05:37:35.075802 POST /session/a880ccf9-282d-4356-b5e5-3a1a9f8c44ac/element [4.872665ms] ERR:404 body={"strategy":"-android uiautomator","selector":"new UiSelector().textMatches(\"(?is).*\\QWelcome to\\...
05:37:35.081029 POST /session/a880ccf9-282d-4356-b5e5-3a1a9f8c44ac/element [5.08674ms] ERR:404 body={"strategy":"-android uiautomator","selector":"new UiSelector().descriptionMatches(\"(?is).*\\QWelco...
05:37:35.086133 POST /session/a880ccf9-282d-4356-b5e5-3a1a9f8c44ac/element [4.991497ms] ERR:404 body={"strategy":"-android uiautomator","selector":"new UiSelector().textContains(\"Welcome to\")"}
05:37:35.091330 POST /session/a880ccf9-282d-4356-b5e5-3a1a9f8c44ac/element [5.076235ms] ERR:404 body={"strategy":"-android uiautomator","selector":"new UiSelector().descriptionContains(\"Welcome to\")"...
05:37:35.096138 POST /session/a880ccf9-282d-4356-b5e5-3a1a9f8c44ac/element [4.703198ms] ERR:404 body={"strategy":"-android uiautomator","selector":"new UiSelector().textMatches(\"(?is).*\\QWelcome to\\...
05:37:35.100800 POST /session/a880ccf9-282d-4356-b5e5-3a1a9f8c44ac/element [4.555643ms] ERR:404 body={"strategy":"-android uiautomator","selector":"new UiSelector().descriptionMatches(\"(?is).*\\QWelco...
05:37:35.106995 POST /session/a880ccf9-282d-4356-b5e5-3a1a9f8c44ac/element [6.109002ms] ERR:404 body={"strategy":"-android uiautomator","selector":"new UiSelector().textContains(\"Welcome to\")"}
05:37:35.113228 POST /session/a880ccf9-282d-4356-b5e5-3a1a9f8c44ac/element [6.088735ms] ERR:404 body={"strategy":"-android uiautomator","selector":"new UiSelector().descriptionContains(\"Welcome to\")"...
05:37:35.120078 POST /session/a880ccf9-282d-4356-b5e5-3a1a9f8c44ac/element [6.723449ms] ERR:404 body={"strategy":"-android uiautomator","selector":"new UiSelector().textMatches(\"(?is).*\\QWelcome to\\...
05:37:35.126435 POST /session/a880ccf9-282d-4356-b5e5-3a1a9f8c44ac/element [6.239566ms] ERR:404 body={"strategy":"-android uiautomator","selector":"new UiSelector().descriptionMatches(\"(?is).*\\QWelco...
05:37:35.132815 POST /session/a880ccf9-282d-4356-b5e5-3a1a9f8c44ac/element [6.276435ms] ERR:404 body={"strategy":"-android uiautomator","selector":"new UiSelector().textContains(\"Welcome to\")"}
05:37:35.138823 POST /session/a880ccf9-282d-4356-b5e5-3a1a9f8c44ac/element [5.887008ms] ERR:404 body={"strategy":"-android uiautomator","selector":"new UiSelector().descriptionContains(\"Welcome to\")"...
05:37:35.145251 POST /session/a880ccf9-282d-4356-b5e5-3a1a9f8c44ac/element [6.289779ms] ERR:404 body={"strategy":"-android uiautomator","selector":"new UiSelector().textMatches(\"(?is).*\\QWelcome to\\...
05:37:35.151539 POST /session/a880ccf9-282d-4356-b5e5-3a1a9f8c44ac/element [6.163634ms] ERR:404 body={"strategy":"-android uiautomator","selector":"new UiSelector().descriptionMatches(\"(?is).*\\QWelco...
05:37:35.157724 POST /session/a880ccf9-282d-4356-b5e5-3a1a9f8c44ac/element [6.036738ms] ERR:404 body={"strategy":"-android uiautomator","selector":"new UiSelector().textContains(\"Welcome to\")"}
05:37:35.164111 POST /session/a880ccf9-282d-4356-b5e5-3a1a9f8c44ac/element [6.28411ms] ERR:404 body={"strategy":"-android uiautomator","selector":"new UiSelector().descriptionContains(\"Welcome to\")"...
05:37:35.170596 POST /session/a880ccf9-282d-4356-b5e5-3a1a9f8c44ac/element [6.339343ms] ERR:404 body={"strategy":"-android uiautomator","selector":"new UiSelector().textMatches(\"(?is).*\\QWelcome to\\...
05:37:35.177108 POST /session/a880ccf9-282d-4356-b5e5-3a1a9f8c44ac/element [6.3861ms] ERR:404 body={"strategy":"-android uiautomator","selector":"new UiSelector().descriptionMatches(\"(?is).*\\QWelco...
05:37:35.183891 POST /session/a880ccf9-282d-4356-b5e5-3a1a9f8c44ac/element [6.629333ms] ERR:404 body={"strategy":"-android uiautomator","selector":"new UiSelector().textContains(\"Welcome to\")"}
05:37:35.189155 POST /session/a880ccf9-282d-4356-b5e5-3a1a9f8c44ac/element [5.123764ms] ERR:404 body={"strategy":"-android uiautomator","selector":"new UiSelector().descriptionContains(\"Welcome to\")"...
05:37:35.194624 POST /session/a880ccf9-282d-4356-b5e5-3a1a9f8c44ac/element [5.321562ms] ERR:404 body={"strategy":"-android uiautomator","selector":"new UiSelector().textMatches(\"(?is).*\\QWelcome to\\...
05:37:35.200455 POST /session/a880ccf9-282d-4356-b5e5-3a1a9f8c44ac/element [5.747047ms] ERR:404 body={"strategy":"-android uiautomator","selector":"new UiSelector().descriptionMatches(\"(?is).*\\QWelco...
05:37:35.206409 POST /session/a880ccf9-282d-4356-b5e5-3a1a9f8c44ac/element [5.832627ms] ERR:404 body={"strategy":"-android uiautomator","selector":"new UiSelector().textContains(\"Welcome to\")"}
05:37:35.212293 POST /session/a880ccf9-282d-4356-b5e5-3a1a9f8c44ac/element [5.733431ms] ERR:404 body={"strategy":"-android uiautomator","selector":"new UiSelector().descriptionContains(\"Welcome to\")"...
05:37:35.217569 POST /session/a880ccf9-282d-4356-b5e5-3a1a9f8c44ac/element [5.15943ms] ERR:404 body={"strategy":"-android uiautomator","selector":"new UiSelector().textMatches(\"(?is).*\\QWelcome to\\...
05:37:35.222862 POST /session/a880ccf9-282d-4356-b5e5-3a1a9f8c44ac/element [5.179989ms] ERR:404 body={"strategy":"-android uiautomator","selector":"new UiSelector().descriptionMatches(\"(?is).*\\QWelco...
05:37:35.228070 POST /session/a880ccf9-282d-4356-b5e5-3a1a9f8c44ac/element [5.099699ms] ERR:404 body={"strategy":"-android uiautomator","selector":"new UiSelector().textContains(\"Welcome to\")"}
05:37:35.233414 POST /session/a880ccf9-282d-4356-b5e5-3a1a9f8c44ac/element [5.225733ms] ERR:404 body={"strategy":"-android uiautomator","selector":"new UiSelector().descriptionContains(\"Welcome to\")"...
05:37:35.238416 POST /session/a880ccf9-282d-4356-b5e5-3a1a9f8c44ac/element [4.859421ms] ERR:404 body={"strategy":"-android uiautomator","selector":"new UiSelector().textMatches(\"(?is).*\\QWelcome to\\...
05:37:35.243688 POST /session/a880ccf9-282d-4356-b5e5-3a1a9f8c44ac/element [5.149161ms] ERR:404 body={"strategy":"-android uiautomator","selector":"new UiSelector().descriptionMatches(\"(?is).*\\QWelco...
05:37:35.249218 POST /session/a880ccf9-282d-4356-b5e5-3a1a9f8c44ac/element [5.396192ms] ERR:404 body={"strategy":"-android uiautomator","selector":"new UiSelector().textContains(\"Welcome to\")"}
05:37:35.254356 POST /session/a880ccf9-282d-4356-b5e5-3a1a9f8c44ac/element [5.037515ms] ERR:404 body={"strategy":"-android uiautomator","selector":"new UiSelector().descriptionContains(\"Welcome to\")"...
05:37:35.259512 POST /session/a880ccf9-282d-4356-b5e5-3a1a9f8c44ac/element [5.045167ms] ERR:404 body={"strategy":"-android uiautomator","selector":"new UiSelector().textMatches(\"(?is).*\\QWelcome to\\...
05:37:35.264495 POST /session/a880ccf9-282d-4356-b5e5-3a1a9f8c44ac/element [4.869699ms] ERR:404 body={"strategy":"-android uiautomator","selector":"new UiSelector().descriptionMatches(\"(?is).*\\QWelco...
05:37:35.269929 POST /session/a880ccf9-282d-4356-b5e5-3a1a9f8c44ac/element [5.301015ms] ERR:404 body={"strategy":"-android uiautomator","selector":"new UiSelector().textContains(\"Welcome to\")"}
05:37:35.274925 POST /session/a880ccf9-282d-4356-b5e5-3a1a9f8c44ac/element [4.889026ms] ERR:404 body={"strategy":"-android uiautomator","selector":"new UiSelector().descriptionContains(\"Welcome to\")"...
05:37:35.279753 POST /session/a880ccf9-282d-4356-b5e5-3a1a9f8c44ac/element [4.715641ms] ERR:404 body={"strategy":"-android uiautomator","selector":"new UiSelector().textMatches(\"(?is).*\\QWelcome to\\...
05:37:35.284728 POST /session/a880ccf9-282d-4356-b5e5-3a1a9f8c44ac/element [4.882102ms] ERR:404 body={"strategy":"-android uiautomator","selector":"new UiSelector().descriptionMatches(\"(?is).*\\QWelco...
05:37:35.289413 POST /session/a880ccf9-282d-4356-b5e5-3a1a9f8c44ac/element [4.593614ms] ERR:404 body={"strategy":"-android uiautomator","selector":"new UiSelector().textContains(\"Welcome to\")"}
05:37:35.294122 POST /session/a880ccf9-282d-4356-b5e5-3a1a9f8c44ac/element [4.599325ms] ERR:404 body={"strategy":"-android uiautomator","selector":"new UiSelector().descriptionContains(\"Welcome to\")"...
05:37:35.298794 POST /session/a880ccf9-282d-4356-b5e5-3a1a9f8c44ac/element [4.525396ms] ERR:404 body={"strategy":"-android uiautomator","selector":"new UiSelector().textMatches(\"(?is).*\\QWelcome to\\...
05:37:35.303570 POST /session/a880ccf9-282d-4356-b5e5-3a1a9f8c44ac/element [4.685416ms] ERR:404 body={"strategy":"-android uiautomator","selector":"new UiSelector().descriptionMatches(\"(?is).*\\QWelco...
05:37:35.309662 POST /session/a880ccf9-282d-4356-b5e5-3a1a9f8c44ac/element [5.973519ms] ERR:404 body={"strategy":"-android uiautomator","selector":"new UiSelector().textContains(\"Welcome to\")"}
05:37:35.314819 POST /session/a880ccf9-282d-4356-b5e5-3a1a9f8c44ac/element [5.06291ms] ERR:404 body={"strategy":"-android uiautomator","selector":"new UiSelector().descriptionContains(\"Welcome to\")"...
05:37:35.319753 POST /session/a880ccf9-282d-4356-b5e5-3a1a9f8c44ac/element [4.814396ms] ERR:404 body={"strategy":"-android uiautomator","selector":"new UiSelector().textMatches(\"(?is).*\\QWelcome to\\...
05:37:35.324638 POST /session/a880ccf9-282d-4356-b5e5-3a1a9f8c44ac/element [4.774572ms] ERR:404 body={"strategy":"-android uiautomator","selector":"new UiSelector().descriptionMatches(\"(?is).*\\QWelco...
05:37:35.329313 POST /session/a880ccf9-282d-4356-b5e5-3a1a9f8c44ac/element [4.564289ms] ERR:404 body={"strategy":"-android uiautomator","selector":"new UiSelector().textContains(\"Welcome to\")"}
05:37:35.333863 POST /session/a880ccf9-282d-4356-b5e5-3a1a9f8c44ac/element [4.446948ms] ERR:404 body={"strategy":"-android uiautomator","selector":"new UiSelector().descriptionContains(\"Welcome to\")"...
05:37:35.338672 POST /session/a880ccf9-282d-4356-b5e5-3a1a9f8c44ac/element [4.710634ms] ERR:404 body={"strategy":"-android uiautomator","selector":"new UiSelector().textMatches(\"(?is).*\\QWelcome to\\...
05:37:35.343447 POST /session/a880ccf9-282d-4356-b5e5-3a1a9f8c44ac/element [4.700924ms] ERR:404 body={"strategy":"-android uiautomator","selector":"new UiSelector().descriptionMatches(\"(?is).*\\QWelco...
05:37:35.348151 POST /session/a880ccf9-282d-4356-b5e5-3a1a9f8c44ac/element [4.626214ms] ERR:404 body={"strategy":"-android uiautomator","selector":"new UiSelector().textContains(\"Welcome to\")"}
05:37:35.353365 POST /session/a880ccf9-282d-4356-b5e5-3a1a9f8c44ac/element [5.084671ms] ERR:404 body={"strategy":"-android uiautomator","selector":"new UiSelector().descriptionContains(\"Welcome to\")"...
05:37:35.358948 POST /session/a880ccf9-282d-4356-b5e5-3a1a9f8c44ac/element [5.469809ms] ERR:404 body={"strategy":"-android uiautomator","selector":"new UiSelector().textMatches(\"(?is).*\\QWelcome to\\...
05:37:35.364528 POST /session/a880ccf9-282d-4356-b5e5-3a1a9f8c44ac/element [5.472154ms] ERR:404 body={"strategy":"-android uiautomator","selector":"new UiSelector().descriptionMatches(\"(?is).*\\QWelco...
05:37:35.369562 POST /session/a880ccf9-282d-4356-b5e5-3a1a9f8c44ac/element [4.914477ms] ERR:404 body={"strategy":"-android uiautomator","selector":"new UiSelector().textContains(\"Welcome to\")"}
05:37:35.374781 POST /session/a880ccf9-282d-4356-b5e5-3a1a9f8c44ac/element [5.09193ms] ERR:404 body={"strategy":"-android uiautomator","selector":"new UiSelector().descriptionContains(\"Welcome to\")"...
05:37:35.379622 POST /session/a880ccf9-282d-4356-b5e5-3a1a9f8c44ac/element [4.740534ms] ERR:404 body={"strategy":"-android uiautomator","selector":"new UiSelector().textMatches(\"(?is).*\\QWelcome to\\...
05:37:35.383560 POST /session/a880ccf9-282d-4356-b5e5-3a1a9f8c44ac/element [3.830952ms] ERR:404 body={"strategy":"-android uiautomator","selector":"new UiSelector().descriptionMatches(\"(?is).*\\QWelco...
05:37:35.387229 POST /session/a880ccf9-282d-4356-b5e5-3a1a9f8c44ac/element [3.548192ms] ERR:404 body={"strategy":"-android uiautomator","selector":"new UiSelector().textContains(\"Welcome to\")"}
05:37:35.391029 POST /session/a880ccf9-282d-4356-b5e5-3a1a9f8c44ac/element [3.654792ms] ERR:404 body={"strategy":"-android uiautomator","selector":"new UiSelector().descriptionContains(\"Welcome to\")"...
05:37:35.394975 POST /session/a880ccf9-282d-4356-b5e5-3a1a9f8c44ac/element [3.832658ms] ERR:404 body={"strategy":"-android uiautomator","selector":"new UiSelector().textMatches(\"(?is).*\\QWelcome to\\...
05:37:35.398626 POST /session/a880ccf9-282d-4356-b5e5-3a1a9f8c44ac/element [3.518047ms] ERR:404 body={"strategy":"-android uiautomator","selector":"new UiSelector().descriptionMatches(\"(?is).*\\QWelco...
05:37:35.402467 POST /session/a880ccf9-282d-4356-b5e5-3a1a9f8c44ac/element [3.724923ms] ERR:404 body={"strategy":"-android uiautomator","selector":"new UiSelector().textContains(\"Welcome to\")"}
05:37:35.406126 POST /session/a880ccf9-282d-4356-b5e5-3a1a9f8c44ac/element [3.545668ms] ERR:404 body={"strategy":"-android uiautomator","selector":"new UiSelector().descriptionContains(\"Welcome to\")"...
05:37:35.410567 POST /session/a880ccf9-282d-4356-b5e5-3a1a9f8c44ac/element [4.299125ms] ERR:404 body={"strategy":"-android uiautomator","selector":"new UiSelector().textMatches(\"(?is).*\\QWelcome to\\...
05:37:35.414532 POST /session/a880ccf9-282d-4356-b5e5-3a1a9f8c44ac/element [3.845339ms] ERR:404 body={"strategy":"-android uiautomator","selector":"new UiSelector().descriptionMatches(\"(?is).*\\QWelco...
05:37:35.419346 POST /session/a880ccf9-282d-4356-b5e5-3a1a9f8c44ac/element [4.591212ms] ERR:404 body={"strategy":"-android uiautomator","selector":"new UiSelector().textContains(\"Welcome to\")"}
05:37:35.423716 POST /session/a880ccf9-282d-4356-b5e5-3a1a9f8c44ac/element [4.236417ms] ERR:404 body={"strategy":"-android uiautomator","selector":"new UiSelector().descriptionContains(\"Welcome to\")"...
05:37:35.427869 POST /session/a880ccf9-282d-4356-b5e5-3a1a9f8c44ac/element [4.045853ms] ERR:404 body={"strategy":"-android uiautomator","selector":"new UiSelector().textMatches(\"(?is).*\\QWelcome to\\...
05:37:35.432710 POST /session/a880ccf9-282d-4356-b5e5-3a1a9f8c44ac/element [4.722604ms] ERR:404 body={"strategy":"-android uiautomator","selector":"new UiSelector().descriptionMatches(\"(?is).*\\QWelco...
05:37:35.437566 POST /session/a880ccf9-282d-4356-b5e5-3a1a9f8c44ac/element [4.735268ms] ERR:404 body={"strategy":"-android uiautomator","selector":"new UiSelector().textContains(\"Welcome to\")"}
05:37:35.441357 POST /session/a880ccf9-282d-4356-b5e5-3a1a9f8c44ac/element [3.704089ms] ERR:404 body={"strategy":"-android uiautomator","selector":"new UiSelector().descriptionContains(\"Welcome to\")"...
05:37:35.445733 POST /session/a880ccf9-282d-4356-b5e5-3a1a9f8c44ac/element [4.247342ms] ERR:404 body={"strategy":"-android uiautomator","selector":"new UiSelector().textMatches(\"(?is).*\\QWelcome to\\...
05:37:35.449566 POST /session/a880ccf9-282d-4356-b5e5-3a1a9f8c44ac/element [3.704815ms] ERR:404 body={"strategy":"-android uiautomator","selector":"new UiSelector().descriptionMatches(\"(?is).*\\QWelco...
05:37:35.453675 POST /session/a880ccf9-282d-4356-b5e5-3a1a9f8c44ac/element [3.998754ms] ERR:404 body={"strategy":"-android uiautomator","selector":"new UiSelector().textContains(\"Welcome to\")"}
05:37:35.459089 POST /session/a880ccf9-282d-4356-b5e5-3a1a9f8c44ac/element [5.322184ms] ERR:404 body={"strategy":"-android uiautomator","selector":"new UiSelector().descriptionContains(\"Welcome to\")"...
05:37:35.465364 POST /session/a880ccf9-282d-4356-b5e5-3a1a9f8c44ac/element [6.175547ms] ERR:404 body={"strategy":"-android uiautomator","selector":"new UiSelector().textMatches(\"(?is).*\\QWelcome to\\...
05:37:35.471525 POST /session/a880ccf9-282d-4356-b5e5-3a1a9f8c44ac/element [6.042839ms] ERR:404 body={"strategy":"-android uiautomator","selector":"new UiSelector().descriptionMatches(\"(?is).*\\QWelco...
05:37:35.477578 POST /session/a880ccf9-282d-4356-b5e5-3a1a9f8c44ac/element [5.940999ms] ERR:404 body={"strategy":"-android uiautomator","selector":"new UiSelector().textContains(\"Welcome to\")"}
05:37:35.483153 POST /session/a880ccf9-282d-4356-b5e5-3a1a9f8c44ac/element [5.464427ms] ERR:404 body={"strategy":"-android uiautomator","selector":"new UiSelector().descriptionContains(\"Welcome to\")"...
05:37:35.494571 POST /session/a880ccf9-282d-4356-b5e5-3a1a9f8c44ac/element [11.266673ms] ERR:404 body={"strategy":"-android uiautomator","selector":"new UiSelector().textMatches(\"(?is).*\\QWelcome to\\...
05:37:35.498479 POST /session/a880ccf9-282d-4356-b5e5-3a1a9f8c44ac/element [3.756485ms] ERR:404 body={"strategy":"-android uiautomator","selector":"new UiSelector().descriptionMatches(\"(?is).*\\QWelco...
05:37:35.502122 POST /session/a880ccf9-282d-4356-b5e5-3a1a9f8c44ac/element [3.526819ms] ERR:404 body={"strategy":"-android uiautomator","selector":"new UiSelector().textContains(\"Welcome to\")"}
05:37:35.511376 POST /session/a880ccf9-282d-4356-b5e5-3a1a9f8c44ac/element [9.113476ms] ERR:404 body={"strategy":"-android uiautomator","selector":"new UiSelector().descriptionContains(\"Welcome to\")"...
05:37:35.517218 POST /session/a880ccf9-282d-4356-b5e5-3a1a9f8c44ac/element [5.708639ms] ERR:404 body={"strategy":"-android uiautomator","selector":"new UiSelector().textMatches(\"(?is).*\\QWelcome to\\...
05:37:35.520962 POST /session/a880ccf9-282d-4356-b5e5-3a1a9f8c44ac/element [3.660653ms] ERR:404 body={"strategy":"-android uiautomator","selector":"new UiSelector().descriptionMatches(\"(?is).*\\QWelco...
05:37:35.525558 POST /session/a880ccf9-282d-4356-b5e5-3a1a9f8c44ac/element [4.514767ms] ERR:404 body={"strategy":"-android uiautomator","selector":"new UiSelector().textContains(\"Welcome to\")"}
05:37:35.529444 POST /session/a880ccf9-282d-4356-b5e5-3a1a9f8c44ac/element [3.755029ms] ERR:404 body={"strategy":"-android uiautomator","selector":"new UiSelector().descriptionContains(\"Welcome to\")"...
05:37:35.533415 POST /session/a880ccf9-282d-4356-b5e5-3a1a9f8c44ac/element [3.866697ms] ERR:404 body={"strategy":"-android uiautomator","selector":"new UiSelector().textMatches(\"(?is).*\\QWelcome to\\...
05:37:35.536943 POST /session/a880ccf9-282d-4356-b5e5-3a1a9f8c44ac/element [3.463244ms] ERR:404 body={"strategy":"-android uiautomator","selector":"new UiSelector().descriptionMatches(\"(?is).*\\QWelco...
05:37:35.540476 POST /session/a880ccf9-282d-4356-b5e5-3a1a9f8c44ac/element [3.462874ms] ERR:404 body={"strategy":"-android uiautomator","selector":"new UiSelector().textContains(\"Welcome to\")"}
05:37:35.543998 POST /session/a880ccf9-282d-4356-b5e5-3a1a9f8c44ac/element [3.43288ms] ERR:404 body={"strategy":"-android uiautomator","selector":"new UiSelector().descriptionContains(\"Welcome to\")"...
05:37:35.548351 POST /session/a880ccf9-282d-4356-b5e5-3a1a9f8c44ac/element [4.251153ms] ERR:404 body={"strategy":"-android uiautomator","selector":"new UiSelector().textMatches(\"(?is).*\\QWelcome to\\...
05:37:35.552122 POST /session/a880ccf9-282d-4356-b5e5-3a1a9f8c44ac/element [3.663658ms] ERR:404 body={"strategy":"-android uiautomator","selector":"new UiSelector().descriptionMatches(\"(?is).*\\QWelco...
05:37:35.556179 POST /session/a880ccf9-282d-4356-b5e5-3a1a9f8c44ac/element [3.92375ms] ERR:404 body={"strategy":"-android uiautomator","selector":"new UiSelector().textContains(\"Welcome to\")"}
05:37:35.560158 POST /session/a880ccf9-282d-4356-b5e5-3a1a9f8c44ac/element [3.892311ms] ERR:404 body={"strategy":"-android uiautomator","selector":"new UiSelector().descriptionContains(\"Welcome to\")"...
05:37:35.564148 POST /session/a880ccf9-282d-4356-b5e5-3a1a9f8c44ac/element [3.869666ms] ERR:404 body={"strategy":"-android uiautomator","selector":"new UiSelector().textMatches(\"(?is).*\\QWelcome to\\...
05:37:35.568463 POST /session/a880ccf9-282d-4356-b5e5-3a1a9f8c44ac/element [4.18968ms] ERR:404 body={"strategy":"-android uiautomator","selector":"new UiSelector().descriptionMatches(\"(?is).*\\QWelco...
05:37:35.571975 POST /session/a880ccf9-282d-4356-b5e5-3a1a9f8c44ac/element [3.411387ms] ERR:404 body={"strategy":"-android uiautomator","selector":"new UiSelector().textContains(\"Welcome to\")"}
05:37:35.576296 POST /session/a880ccf9-282d-4356-b5e5-3a1a9f8c44ac/element [4.200765ms] ERR:404 body={"strategy":"-android uiautomator","selector":"new UiSelector().descriptionContains(\"Welcome to\")"...
05:37:35.580520 POST /session/a880ccf9-282d-4356-b5e5-3a1a9f8c44ac/element [4.130341ms] ERR:404 body={"strategy":"-android uiautomator","selector":"new UiSelector().textMatches(\"(?is).*\\QWelcome to\\...
05:37:35.585205 POST /session/a880ccf9-282d-4356-b5e5-3a1a9f8c44ac/element [4.567025ms] ERR:404 body={"strategy":"-android uiautomator","selector":"new UiSelector().descriptionMatches(\"(?is).*\\QWelco...
05:37:35.589676 POST /session/a880ccf9-282d-4356-b5e5-3a1a9f8c44ac/element [4.348286ms] ERR:404 body={"strategy":"-android uiautomator","selector":"new UiSelector().textContains(\"Welcome to\")"}
05:37:35.593957 POST /session/a880ccf9-282d-4356-b5e5-3a1a9f8c44ac/element [4.133485ms] ERR:404 body={"strategy":"-android uiautomator","selector":"new UiSelector().descriptionContains(\"Welcome to\")"...
05:37:35.598081 POST /session/a880ccf9-282d-4356-b5e5-3a1a9f8c44ac/element [3.98306ms] ERR:404 body={"strategy":"-android uiautomator","selector":"new UiSelector().textMatches(\"(?is).*\\QWelcome to\\...
05:37:35.602736 POST /session/a880ccf9-282d-4356-b5e5-3a1a9f8c44ac/element [4.542605ms] ERR:404 body={"strategy":"-android uiautomator","selector":"new UiSelector().descriptionMatches(\"(?is).*\\QWelco...
05:37:35.607704 POST /session/a880ccf9-282d-4356-b5e5-3a1a9f8c44ac/element [4.862705ms] ERR:404 body={"strategy":"-android uiautomator","selector":"new UiSelector().textContains(\"Welcome to\")"}
05:37:35.612299 POST /session/a880ccf9-282d-4356-b5e5-3a1a9f8c44ac/element [4.485973ms] ERR:404 body={"strategy":"-android uiautomator","selector":"new UiSelector().descriptionContains(\"Welcome to\")"...
05:37:35.616690 POST /session/a880ccf9-282d-4356-b5e5-3a1a9f8c44ac/element [4.292492ms] ERR:404 body={"strategy":"-android uiautomator","selector":"new UiSelector().textMatches(\"(?is).*\\QWelcome to\\...
05:37:35.621664 POST /session/a880ccf9-282d-4356-b5e5-3a1a9f8c44ac/element [4.861775ms] ERR:404 body={"strategy":"-android uiautomator","selector":"new UiSelector().descriptionMatches(\"(?is).*\\QWelco...
05:37:35.627109 POST /session/a880ccf9-282d-4356-b5e5-3a1a9f8c44ac/element [5.311598ms] ERR:404 body={"strategy":"-android uiautomator","selector":"new UiSelector().textContains(\"Welcome to\")"}
05:37:35.631369 POST /session/a880ccf9-282d-4356-b5e5-3a1a9f8c44ac/element [4.133426ms] ERR:404 body={"strategy":"-android uiautomator","selector":"new UiSelector().descriptionContains(\"Welcome to\")"...
05:37:35.635771 POST /session/a880ccf9-282d-4356-b5e5-3a1a9f8c44ac/element [4.26455ms] ERR:404 body={"strategy":"-android uiautomator","selector":"new UiSelector().textMatches(\"(?is).*\\QWelcome to\\...
05:37:35.640824 POST /session/a880ccf9-282d-4356-b5e5-3a1a9f8c44ac/element [4.911287ms] ERR:404 body={"strategy":"-android uiautomator","selector":"new UiSelector().descriptionMatches(\"(?is).*\\QWelco...
05:37:35.645992 POST /session/a880ccf9-282d-4356-b5e5-3a1a9f8c44ac/element [5.054625ms] ERR:404 body={"strategy":"-android uiautomator","selector":"new UiSelector().textContains(\"Welcome to\")"}
05:37:35.650842 POST /session/a880ccf9-282d-4356-b5e5-3a1a9f8c44ac/element [4.746109ms] ERR:404 body={"strategy":"-android uiautomator","selector":"new UiSelector().descriptionContains(\"Welcome to\")"...
05:37:35.656019 POST /session/a880ccf9-282d-4356-b5e5-3a1a9f8c44ac/element [5.068256ms] ERR:404 body={"strategy":"-android uiautomator","selector":"new UiSelector().textMatches(\"(?is).*\\QWelcome to\\...
05:37:35.660837 POST /session/a880ccf9-282d-4356-b5e5-3a1a9f8c44ac/element [4.709835ms] ERR:404 body={"strategy":"-android uiautomator","selector":"new UiSelector().descriptionMatches(\"(?is).*\\QWelco...
05:37:35.666330 POST /session/a880ccf9-282d-4356-b5e5-3a1a9f8c44ac/element [5.311504ms] ERR:404 body={"strategy":"-android uiautomator","selector":"new UiSelector().textContains(\"Welcome to\")"}
05:37:35.671600 POST /session/a880ccf9-282d-4356-b5e5-3a1a9f8c44ac/element [5.131642ms] ERR:404 body={"strategy":"-android uiautomator","selector":"new UiSelector().descriptionContains(\"Welcome to\")"...
05:37:35.676494 POST /session/a880ccf9-282d-4356-b5e5-3a1a9f8c44ac/element [4.781895ms] ERR:404 body={"strategy":"-android uiautomator","selector":"new UiSelector().textMatches(\"(?is).*\\QWelcome to\\...
05:37:35.681755 POST /session/a880ccf9-282d-4356-b5e5-3a1a9f8c44ac/element [5.155623ms] ERR:404 body={"strategy":"-android uiautomator","selector":"new UiSelector().descriptionMatches(\"(?is).*\\QWelco...
05:37:35.687827 POST /session/a880ccf9-282d-4356-b5e5-3a1a9f8c44ac/element [5.899185ms] ERR:404 body={"strategy":"-android uiautomator","selector":"new UiSelector().textContains(\"Welcome to\")"}
05:37:35.694220 POST /session/a880ccf9-282d-4356-b5e5-3a1a9f8c44ac/element [6.218687ms] ERR:404 body={"strategy":"-android uiautomator","selector":"new UiSelector().descriptionContains(\"Welcome to\")"...
05:37:35.699554 POST /session/a880ccf9-282d-4356-b5e5-3a1a9f8c44ac/element [5.206989ms] ERR:404 body={"strategy":"-android uiautomator","selector":"new UiSelector().textMatches(\"(?is).*\\QWelcome to\\...
05:37:35.704899 POST /session/a880ccf9-282d-4356-b5e5-3a1a9f8c44ac/element [5.222137ms] ERR:404 body={"strategy":"-android uiautomator","selector":"new UiSelector().descriptionMatches(\"(?is).*\\QWelco...
05:37:35.710519 POST /session/a880ccf9-282d-4356-b5e5-3a1a9f8c44ac/element [5.49917ms] ERR:404 body={"strategy":"-android uiautomator","selector":"new UiSelector().textContains(\"Welcome to\")"}
05:37:35.715768 POST /session/a880ccf9-282d-4356-b5e5-3a1a9f8c44ac/element [5.120892ms] ERR:404 body={"strategy":"-android uiautomator","selector":"new UiSelector().descriptionContains(\"Welcome to\")"...
05:37:35.720767 POST /session/a880ccf9-282d-4356-b5e5-3a1a9f8c44ac/element [4.879958ms] ERR:404 body={"strategy":"-android uiautomator","selector":"new UiSelector().textMatches(\"(?is).*\\QWelcome to\\...
05:37:35.725254 POST /session/a880ccf9-282d-4356-b5e5-3a1a9f8c44ac/element [4.325278ms] ERR:404 body={"strategy":"-android uiautomator","selector":"new UiSelector().descriptionMatches(\"(?is).*\\QWelco...
05:37:35.729037 POST /session/a880ccf9-282d-4356-b5e5-3a1a9f8c44ac/element [3.697978ms] ERR:404 body={"strategy":"-android uiautomator","selector":"new UiSelector().textContains(\"Welcome to\")"}
05:37:35.733022 POST /session/a880ccf9-282d-4356-b5e5-3a1a9f8c44ac/element [3.883773ms] ERR:404 body={"strategy":"-android uiautomator","selector":"new UiSelector().descriptionContains(\"Welcome to\")"...
05:37:35.737380 POST /session/a880ccf9-282d-4356-b5e5-3a1a9f8c44ac/element [4.27566ms] ERR:404 body={"strategy":"-android uiautomator","selector":"new UiSelector().textMatches(\"(?is).*\\QWelcome to\\...
05:37:35.741179 POST /session/a880ccf9-282d-4356-b5e5-3a1a9f8c44ac/element [3.689016ms] ERR:404 body={"strategy":"-android uiautomator","selector":"new UiSelector().descriptionMatches(\"(?is).*\\QWelco...
05:37:35.745028 POST /session/a880ccf9-282d-4356-b5e5-3a1a9f8c44ac/element [3.677802ms] ERR:404 body={"strategy":"-android uiautomator","selector":"new UiSelector().textContains(\"Welcome to\")"}
05:37:35.748565 POST /session/a880ccf9-282d-4356-b5e5-3a1a9f8c44ac/element [3.425328ms] ERR:404 body={"strategy":"-android uiautomator","selector":"new UiSelector().descriptionContains(\"Welcome to\")"...
05:37:35.752267 POST /session/a880ccf9-282d-4356-b5e5-3a1a9f8c44ac/element [3.574522ms] ERR:404 body={"strategy":"-android uiautomator","selector":"new UiSelector().textMatches(\"(?is).*\\QWelcome to\\...
05:37:35.755998 POST /session/a880ccf9-282d-4356-b5e5-3a1a9f8c44ac/element [3.620246ms] ERR:404 body={"strategy":"-android uiautomator","selector":"new UiSelector().descriptionMatches(\"(?is).*\\QWelco...
05:37:35.760435 POST /session/a880ccf9-282d-4356-b5e5-3a1a9f8c44ac/element [4.351863ms] ERR:404 body={"strategy":"-android uiautomator","selector":"new UiSelector().textContains(\"Welcome to\")"}
05:37:35.764436 POST /session/a880ccf9-282d-4356-b5e5-3a1a9f8c44ac/element [3.88437ms] ERR:404 body={"strategy":"-android uiautomator","selector":"new UiSelector().descriptionContains(\"Welcome to\")"...
05:37:35.768100 POST /session/a880ccf9-282d-4356-b5e5-3a1a9f8c44ac/element [3.545768ms] ERR:404 body={"strategy":"-android uiautomator","selector":"new UiSelector().textMatches(\"(?is).*\\QWelcome to\\...
05:37:35.775509 POST /session/a880ccf9-282d-4356-b5e5-3a1a9f8c44ac/element [7.254122ms] ERR:404 body={"strategy":"-android uiautomator","selector":"new UiSelector().descriptionMatches(\"(?is).*\\QWelco...
05:37:35.780499 POST /session/a880ccf9-282d-4356-b5e5-3a1a9f8c44ac/element [4.864299ms] ERR:404 body={"strategy":"-android uiautomator","selector":"new UiSelector().textContains(\"Welcome to\")"}
05:37:35.785533 POST /session/a880ccf9-282d-4356-b5e5-3a1a9f8c44ac/element [4.920915ms] ERR:404 body={"strategy":"-android uiautomator","selector":"new UiSelector().descriptionContains(\"Welcome to\")"...
05:37:35.789607 POST /session/a880ccf9-282d-4356-b5e5-3a1a9f8c44ac/element [3.998673ms] ERR:404 body={"strategy":"-android uiautomator","selector":"new UiSelector().textMatches(\"(?is).*\\QWelcome to\\...
05:37:35.793456 POST /session/a880ccf9-282d-4356-b5e5-3a1a9f8c44ac/element [3.77698ms] ERR:404 body={"strategy":"-android uiautomator","selector":"new UiSelector().descriptionMatches(\"(?is).*\\QWelco...
05:37:35.797108 POST /session/a880ccf9-282d-4356-b5e5-3a1a9f8c44ac/element [3.548127ms] ERR:404 body={"strategy":"-android uiautomator","selector":"new UiSelector().textContains(\"Welcome to\")"}
05:37:35.800892 POST /session/a880ccf9-282d-4356-b5e5-3a1a9f8c44ac/element [3.648566ms] ERR:404 body={"strategy":"-android uiautomator","selector":"new UiSelector().descriptionContains(\"Welcome to\")"...
05:37:35.804647 POST /session/a880ccf9-282d-4356-b5e5-3a1a9f8c44ac/element [3.639427ms] ERR:404 body={"strategy":"-android uiautomator","selector":"new UiSelector().textMatches(\"(?is).*\\QWelcome to\\...
05:37:35.808278 POST /session/a880ccf9-282d-4356-b5e5-3a1a9f8c44ac/element [3.524013ms] ERR:404 body={"strategy":"-android uiautomator","selector":"new UiSelector().descriptionMatches(\"(?is).*\\QWelco...
05:37:35.812835 POST /session/a880ccf9-282d-4356-b5e5-3a1a9f8c44ac/element [4.291354ms] ERR:404 body={"strategy":"-android uiautomator","selector":"new UiSelector().textContains(\"Welcome to\")"}
05:37:35.817049 POST /session/a880ccf9-282d-4356-b5e5-3a1a9f8c44ac/element [3.999637ms] ERR:404 body={"strategy":"-android uiautomator","selector":"new UiSelector().descriptionContains(\"Welcome to\")"...
05:37:35.821070 POST /session/a880ccf9-282d-4356-b5e5-3a1a9f8c44ac/element [3.89321ms] ERR:404 body={"strategy":"-android uiautomator","selector":"new UiSelector().textMatches(\"(?is).*\\QWelcome to\\...
05:37:35.825076 POST /session/a880ccf9-282d-4356-b5e5-3a1a9f8c44ac/element [3.87921ms] ERR:404 body={"strategy":"-android uiautomator","selector":"new UiSelector().descriptionMatches(\"(?is).*\\QWelco...
05:37:35.828999 POST /session/a880ccf9-282d-4356-b5e5-3a1a9f8c44ac/element [3.805985ms] ERR:404 body={"strategy":"-android uiautomator","selector":"new UiSelector().textContains(\"Welcome to\")"}
05:37:35.833804 POST /session/a880ccf9-282d-4356-b5e5-3a1a9f8c44ac/element [4.685375ms] ERR:404 body={"strategy":"-android uiautomator","selector":"new UiSelector().descriptionContains(\"Welcome to\")"...
05:37:35.837635 POST /session/a880ccf9-282d-4356-b5e5-3a1a9f8c44ac/element [3.752102ms] ERR:404 body={"strategy":"-android uiautomator","selector":"new UiSelector().textMatches(\"(?is).*\\QWelcome to\\...
05:37:35.841636 POST /session/a880ccf9-282d-4356-b5e5-3a1a9f8c44ac/element [3.92714ms] ERR:404 body={"strategy":"-android uiautomator","selector":"new UiSelector().descriptionMatches(\"(?is).*\\QWelco...
05:37:35.845623 POST /session/a880ccf9-282d-4356-b5e5-3a1a9f8c44ac/element [3.890551ms] ERR:404 body={"strategy":"-android uiautomator","selector":"new UiSelector().textContains(\"Welcome to\")"}
05:37:35.849471 POST /session/a880ccf9-282d-4356-b5e5-3a1a9f8c44ac/element [3.698727ms] ERR:404 body={"strategy":"-android uiautomator","selector":"new UiSelector().descriptionContains(\"Welcome to\")"...
05:37:35.853841 POST /session/a880ccf9-282d-4356-b5e5-3a1a9f8c44ac/element [4.239918ms] ERR:404 body={"strategy":"-android uiautomator","selector":"new UiSelector().textMatches(\"(?is).*\\QWelcome to\\...
05:37:35.858716 POST /session/a880ccf9-282d-4356-b5e5-3a1a9f8c44ac/element [4.785432ms] ERR:404 body={"strategy":"-android uiautomator","selector":"new UiSelector().descriptionMatches(\"(?is).*\\QWelco...
05:37:35.863645 POST /session/a880ccf9-282d-4356-b5e5-3a1a9f8c44ac/element [4.815717ms] ERR:404 body={"strategy":"-android uiautomator","selector":"new UiSelector().textContains(\"Welcome to\")"}
05:37:35.867840 POST /session/a880ccf9-282d-4356-b5e5-3a1a9f8c44ac/element [4.113778ms] ERR:404 body={"strategy":"-android uiautomator","selector":"new UiSelector().descriptionContains(\"Welcome to\")"...
05:37:35.871879 POST /session/a880ccf9-282d-4356-b5e5-3a1a9f8c44ac/element [3.92703ms] ERR:404 body={"strategy":"-android uiautomator","selector":"new UiSelector().textMatches(\"(?is).*\\QWelcome to\\...
05:37:35.875865 POST /session/a880ccf9-282d-4356-b5e5-3a1a9f8c44ac/element [3.878329ms] ERR:404 body={"strategy":"-android uiautomator","selector":"new UiSelector().descriptionMatches(\"(?is).*\\QWelco...
05:37:35.879859 POST /session/a880ccf9-282d-4356-b5e5-3a1a9f8c44ac/element [3.854394ms] ERR:404 body={"strategy":"-android uiautomator","selector":"new UiSelector().textContains(\"Welcome to\")"}
05:37:35.884046 POST /session/a880ccf9-282d-4356-b5e5-3a1a9f8c44ac/element [4.068263ms] ERR:404 body={"strategy":"-android uiautomator","selector":"new UiSelector().descriptionContains(\"Welcome to\")"...
05:37:35.888348 POST /session/a880ccf9-282d-4356-b5e5-3a1a9f8c44ac/element [4.193824ms] ERR:404 body={"strategy":"-android uiautomator","selector":"new UiSelector().textMatches(\"(?is).*\\QWelcome to\\...
05:37:35.892810 POST /session/a880ccf9-282d-4356-b5e5-3a1a9f8c44ac/element [4.336978ms] ERR:404 body={"strategy":"-android uiautomator","selector":"new UiSelector().descriptionMatches(\"(?is).*\\QWelco...
05:37:35.897186 POST /session/a880ccf9-282d-4356-b5e5-3a1a9f8c44ac/element [4.264634ms] ERR:404 body={"strategy":"-android uiautomator","selector":"new UiSelector().textContains(\"Welcome to\")"}
05:37:35.902191 POST /session/a880ccf9-282d-4356-b5e5-3a1a9f8c44ac/element [4.897864ms] ERR:404 body={"strategy":"-android uiautomator","selector":"new UiSelector().descriptionContains(\"Welcome to\")"...
05:37:35.911797 POST /session/a880ccf9-282d-4356-b5e5-3a1a9f8c44ac/element [9.478772ms] ERR:404 body={"strategy":"-android uiautomator","selector":"new UiSelector().textMatches(\"(?is).*\\QWelcome to\\...
05:37:35.916512 POST /session/a880ccf9-282d-4356-b5e5-3a1a9f8c44ac/element [4.608812ms] ERR:404 body={"strategy":"-android uiautomator","selector":"new UiSelector().descriptionMatches(\"(?is).*\\QWelco...
05:37:35.920984 POST /session/a880ccf9-282d-4356-b5e5-3a1a9f8c44ac/element [4.383482ms] ERR:404 body={"strategy":"-android uiautomator","selector":"new UiSelector().textContains(\"Welcome to\")"}
05:37:35.925248 POST /session/a880ccf9-282d-4356-b5e5-3a1a9f8c44ac/element [4.174151ms] ERR:404 body={"strategy":"-android uiautomator","selector":"new UiSelector().descriptionContains(\"Welcome to\")"...
05:37:35.929397 POST /session/a880ccf9-282d-4356-b5e5-3a1a9f8c44ac/element [4.022187ms] ERR:404 body={"strategy":"-android uiautomator","selector":"new UiSelector().textMatches(\"(?is).*\\QWelcome to\\...
05:37:35.933713 POST /session/a880ccf9-282d-4356-b5e5-3a1a9f8c44ac/element [4.201723ms] ERR:404 body={"strategy":"-android uiautomator","selector":"new UiSelector().descriptionMatches(\"(?is).*\\QWelco...
05:37:35.937778 POST /session/a880ccf9-282d-4356-b5e5-3a1a9f8c44ac/element [3.9591ms] ERR:404 body={"strategy":"-android uiautomator","selector":"new UiSelector().textContains(\"Welcome to\")"}
05:37:35.941758 POST /session/a880ccf9-282d-4356-b5e5-3a1a9f8c44ac/element [3.872157ms] ERR:404 body={"strategy":"-android uiautomator","selector":"new UiSelector().descriptionContains(\"Welcome to\")"...
05:37:35.945829 POST /session/a880ccf9-282d-4356-b5e5-3a1a9f8c44ac/element [3.946015ms] ERR:404 body={"strategy":"-android uiautomator","selector":"new UiSelector().textMatches(\"(?is).*\\QWelcome to\\...
05:37:35.949709 POST /session/a880ccf9-282d-4356-b5e5-3a1a9f8c44ac/element [3.777501ms] ERR:404 body={"strategy":"-android uiautomator","selector":"new UiSelector().descriptionMatches(\"(?is).*\\QWelco...
05:37:35.953608 POST /session/a880ccf9-282d-4356-b5e5-3a1a9f8c44ac/element [3.802057ms] ERR:404 body={"strategy":"-android uiautomator","selector":"new UiSelector().textContains(\"Welcome to\")"}
05:37:35.957462 POST /session/a880ccf9-282d-4356-b5e5-3a1a9f8c44ac/element [3.759367ms] ERR:404 body={"strategy":"-android uiautomator","selector":"new UiSelector().descriptionContains(\"Welcome to\")"...
05:37:35.961375 POST /session/a880ccf9-282d-4356-b5e5-3a1a9f8c44ac/element [3.815833ms] ERR:404 body={"strategy":"-android uiautomator","selector":"new UiSelector().textMatches(\"(?is).*\\QWelcome to\\...
05:37:35.965370 POST /session/a880ccf9-282d-4356-b5e5-3a1a9f8c44ac/element [3.901001ms] ERR:404 body={"strategy":"-android uiautomator","selector":"new UiSelector().descriptionMatches(\"(?is).*\\QWelco...
05:37:35.969315 POST /session/a880ccf9-282d-4356-b5e5-3a1a9f8c44ac/element [3.84182ms] ERR:404 body={"strategy":"-android uiautomator","selector":"new UiSelector().textContains(\"Welcome to\")"}
05:37:35.973610 POST /session/a880ccf9-282d-4356-b5e5-3a1a9f8c44ac/element [4.20026ms] ERR:404 body={"strategy":"-android uiautomator","selector":"new UiSelector().descriptionContains(\"Welcome to\")"...
05:37:35.977455 POST /session/a880ccf9-282d-4356-b5e5-3a1a9f8c44ac/element [3.75623ms] ERR:404 body={"strategy":"-android uiautomator","selector":"new UiSelector().textMatches(\"(?is).*\\QWelcome to\\...
05:37:35.981179 POST /session/a880ccf9-282d-4356-b5e5-3a1a9f8c44ac/element [3.630447ms] ERR:404 body={"strategy":"-android uiautomator","selector":"new UiSelector().descriptionMatches(\"(?is).*\\QWelco...
05:37:35.985025 POST /session/a880ccf9-282d-4356-b5e5-3a1a9f8c44ac/element [3.727067ms] ERR:404 body={"strategy":"-android uiautomator","selector":"new UiSelector().textContains(\"Welcome to\")"}
05:37:35.989127 POST /session/a880ccf9-282d-4356-b5e5-3a1a9f8c44ac/element [4.01123ms] ERR:404 body={"strategy":"-android uiautomator","selector":"new UiSelector().descriptionContains(\"Welcome to\")"...
05:37:35.993874 POST /session/a880ccf9-282d-4356-b5e5-3a1a9f8c44ac/element [4.614403ms] ERR:404 body={"strategy":"-android uiautomator","selector":"new UiSelector().textMatches(\"(?is).*\\QWelcome to\\...
05:37:35.998289 POST /session/a880ccf9-282d-4356-b5e5-3a1a9f8c44ac/element [4.315054ms] ERR:404 body={"strategy":"-android uiautomator","selector":"new UiSelector().descriptionMatches(\"(?is).*\\QWelco...
05:37:36.002852 POST /session/a880ccf9-282d-4356-b5e5-3a1a9f8c44ac/element [4.461066ms] ERR:404 body={"strategy":"-android uiautomator","selector":"new UiSelector().textContains(\"Welcome to\")"}
05:37:36.006898 POST /session/a880ccf9-282d-4356-b5e5-3a1a9f8c44ac/element [3.959987ms] ERR:404 body={"strategy":"-android uiautomator","selector":"new UiSelector().descriptionContains(\"Welcome to\")"...
05:37:36.011353 POST /session/a880ccf9-282d-4356-b5e5-3a1a9f8c44ac/element [4.355363ms] ERR:404 body={"strategy":"-android uiautomator","selector":"new UiSelector().textMatches(\"(?is).*\\QWelcome to\\...
05:37:36.015397 POST /session/a880ccf9-282d-4356-b5e5-3a1a9f8c44ac/element [3.95597ms] ERR:404 body={"strategy":"-android uiautomator","selector":"new UiSelector().descriptionMatches(\"(?is).*\\QWelco...
05:37:36.019466 POST /session/a880ccf9-282d-4356-b5e5-3a1a9f8c44ac/element [3.976252ms] ERR:404 body={"strategy":"-android uiautomator","selector":"new UiSelector().textContains(\"Welcome to\")"}
05:37:36.023475 POST /session/a880ccf9-282d-4356-b5e5-3a1a9f8c44ac/element [3.906511ms] ERR:404 body={"strategy":"-android uiautomator","selector":"new UiSelector().descriptionContains(\"Welcome to\")"...
05:37:36.027365 POST /session/a880ccf9-282d-4356-b5e5-3a1a9f8c44ac/element [3.802437ms] ERR:404 body={"strategy":"-android uiautomator","selector":"new UiSelector().textMatches(\"(?is).*\\QWelcome to\\...
05:37:36.031234 POST /session/a880ccf9-282d-4356-b5e5-3a1a9f8c44ac/element [3.781799ms] ERR:404 body={"strategy":"-android uiautomator","selector":"new UiSelector().descriptionMatches(\"(?is).*\\QWelco...
05:37:36.035281 POST /session/a880ccf9-282d-4356-b5e5-3a1a9f8c44ac/element [3.912844ms] ERR:404 body={"strategy":"-android uiautomator","selector":"new UiSelector().textContains(\"Welcome to\")"}
05:37:36.039626 POST /session/a880ccf9-282d-4356-b5e5-3a1a9f8c44ac/element [4.258729ms] ERR:404 body={"strategy":"-android uiautomator","selector":"new UiSelector().descriptionContains(\"Welcome to\")"...
05:37:36.050706 POST /session/a880ccf9-282d-4356-b5e5-3a1a9f8c44ac/element [10.930976ms] ERR:404 body={"strategy":"-android uiautomator","selector":"new UiSelector().textMatches(\"(?is).*\\QWelcome to\\...
05:37:36.055334 POST /session/a880ccf9-282d-4356-b5e5-3a1a9f8c44ac/element [4.504805ms] ERR:404 body={"strategy":"-android uiautomator","selector":"new UiSelector().descriptionMatches(\"(?is).*\\QWelco...
05:37:36.059402 POST /session/a880ccf9-282d-4356-b5e5-3a1a9f8c44ac/element [3.962646ms] ERR:404 body={"strategy":"-android uiautomator","selector":"new UiSelector().textContains(\"Welcome to\")"}
05:37:36.063660 POST /session/a880ccf9-282d-4356-b5e5-3a1a9f8c44ac/element [4.153653ms] ERR:404 body={"strategy":"-android uiautomator","selector":"new UiSelector().descriptionContains(\"Welcome to\")"...
05:37:36.068006 POST /session/a880ccf9-282d-4356-b5e5-3a1a9f8c44ac/element [4.240554ms] ERR:404 body={"strategy":"-android uiautomator","selector":"new UiSelector().textMatches(\"(?is).*\\QWelcome to\\...
05:37:36.072974 POST /session/a880ccf9-282d-4356-b5e5-3a1a9f8c44ac/element [4.872093ms] ERR:404 body={"strategy":"-android uiautomator","selector":"new UiSelector().descriptionMatches(\"(?is).*\\QWelco...
05:37:36.077807 POST /session/a880ccf9-282d-4356-b5e5-3a1a9f8c44ac/element [4.70393ms] ERR:404 body={"strategy":"-android uiautomator","selector":"new UiSelector().textContains(\"Welcome to\")"}
05:37:36.081768 POST /session/a880ccf9-282d-4356-b5e5-3a1a9f8c44ac/element [3.862129ms] ERR:404 body={"strategy":"-android uiautomator","selector":"new UiSelector().descriptionContains(\"Welcome to\")"...
05:37:36.086043 POST /session/a880ccf9-282d-4356-b5e5-3a1a9f8c44ac/element [4.175213ms] ERR:404 body={"strategy":"-android uiautomator","selector":"new UiSelector().textMatches(\"(?is).*\\QWelcome to\\...
05:37:36.090921 POST /session/a880ccf9-282d-4356-b5e5-3a1a9f8c44ac/element [4.771926ms] ERR:404 body={"strategy":"-android uiautomator","selector":"new UiSelector().descriptionMatches(\"(?is).*\\QWelco...
05:37:36.094954 POST /session/a880ccf9-282d-4356-b5e5-3a1a9f8c44ac/element [3.930586ms] ERR:404 body={"strategy":"-android uiautomator","selector":"new UiSelector().textContains(\"Welcome to\")"}
05:37:36.100004 POST /session/a880ccf9-282d-4356-b5e5-3a1a9f8c44ac/element [4.921394ms] ERR:404 body={"strategy":"-android uiautomator","selector":"new UiSelector().descriptionContains(\"Welcome to\")"...
05:37:36.104852 POST /session/a880ccf9-282d-4356-b5e5-3a1a9f8c44ac/element [4.729478ms] ERR:404 body={"strategy":"-android uiautomator","selector":"new UiSelector().textMatches(\"(?is).*\\QWelcome to\\...
05:37:36.109352 POST /session/a880ccf9-282d-4356-b5e5-3a1a9f8c44ac/element [4.381999ms] ERR:404 body={"strategy":"-android uiautomator","selector":"new UiSelector().descriptionMatches(\"(?is).*\\QWelco...
05:37:36.113774 POST /session/a880ccf9-282d-4356-b5e5-3a1a9f8c44ac/element [4.317141ms] ERR:404 body={"strategy":"-android uiautomator","selector":"new UiSelector().textContains(\"Welcome to\")"}
05:37:36.117770 POST /session/a880ccf9-282d-4356-b5e5-3a1a9f8c44ac/element [3.897371ms] ERR:404 body={"strategy":"-android uiautomator","selector":"new UiSelector().descriptionContains(\"Welcome to\")"...
05:37:36.123030 POST /session/a880ccf9-282d-4356-b5e5-3a1a9f8c44ac/element [5.150734ms] ERR:404 body={"strategy":"-android uiautomator","selector":"new UiSelector().textMatches(\"(?is).*\\QWelcome to\\...
05:37:36.127776 POST /session/a880ccf9-282d-4356-b5e5-3a1a9f8c44ac/element [4.633072ms] ERR:404 body={"strategy":"-android uiautomator","selector":"new UiSelector().descriptionMatches(\"(?is).*\\QWelco...
05:37:36.132390 POST /session/a880ccf9-282d-4356-b5e5-3a1a9f8c44ac/element [4.482353ms] ERR:404 body={"strategy":"-android uiautomator","selector":"new UiSelector().textContains(\"Welcome to\")"}
05:37:36.136516 POST /session/a880ccf9-282d-4356-b5e5-3a1a9f8c44ac/element [4.024111ms] ERR:404 body={"strategy":"-android uiautomator","selector":"new UiSelector().descriptionContains(\"Welcome to\")"...
05:37:36.140422 POST /session/a880ccf9-282d-4356-b5e5-3a1a9f8c44ac/element [3.817375ms] ERR:404 body={"strategy":"-android uiautomator","selector":"new UiSelector().textMatches(\"(?is).*\\QWelcome to\\...
05:37:36.144545 POST /session/a880ccf9-282d-4356-b5e5-3a1a9f8c44ac/element [4.029561ms] ERR:404 body={"strategy":"-android uiautomator","selector":"new UiSelector().descriptionMatches(\"(?is).*\\QWelco...
05:37:36.148649 POST /session/a880ccf9-282d-4356-b5e5-3a1a9f8c44ac/element [3.997251ms] ERR:404 body={"strategy":"-android uiautomator","selector":"new UiSelector().textContains(\"Welcome to\")"}
05:37:36.152793 POST /session/a880ccf9-282d-4356-b5e5-3a1a9f8c44ac/element [4.04458ms] ERR:404 body={"strategy":"-android uiautomator","selector":"new UiSelector().descriptionContains(\"Welcome to\")"...
05:37:36.157049 POST /session/a880ccf9-282d-4356-b5e5-3a1a9f8c44ac/element [4.116033ms] ERR:404 body={"strategy":"-android uiautomator","selector":"new UiSelector().textMatches(\"(?is).*\\QWelcome to\\...
05:37:36.161945 POST /session/a880ccf9-282d-4356-b5e5-3a1a9f8c44ac/element [4.788648ms] ERR:404 body={"strategy":"-android uiautomator","selector":"new UiSelector().descriptionMatches(\"(?is).*\\QWelco...
05:37:36.166678 POST /session/a880ccf9-282d-4356-b5e5-3a1a9f8c44ac/element [4.619015ms] ERR:404 body={"strategy":"-android uiautomator","selector":"new UiSelector().textContains(\"Welcome to\")"}
05:37:36.172319 POST /session/a880ccf9-282d-4356-b5e5-3a1a9f8c44ac/element [5.055375ms] ERR:404 body={"strategy":"-android uiautomator","selector":"new UiSelector().descriptionContains(\"Welcome to\")"...
05:37:36.184513 POST /session/a880ccf9-282d-4356-b5e5-3a1a9f8c44ac/element [11.893562ms] ERR:404 body={"strategy":"-android uiautomator","selector":"new UiSelector().textMatches(\"(?is).*\\QWelcome to\\...
05:37:36.189456 POST /session/a880ccf9-282d-4356-b5e5-3a1a9f8c44ac/element [4.807679ms] ERR:404 body={"strategy":"-android uiautomator","selector":"new UiSelector().descriptionMatches(\"(?is).*\\QWelco...
05:37:36.194529 POST /session/a880ccf9-282d-4356-b5e5-3a1a9f8c44ac/element [4.931813ms] ERR:404 body={"strategy":"-android uiautomator","selector":"new UiSelector().textContains(\"Welcome to\")"}
05:37:36.199165 POST /session/a880ccf9-282d-4356-b5e5-3a1a9f8c44ac/element [4.523273ms] ERR:404 body={"strategy":"-android uiautomator","selector":"new UiSelector().descriptionContains(\"Welcome to\")"...
05:37:36.204138 POST /session/a880ccf9-282d-4356-b5e5-3a1a9f8c44ac/element [4.835405ms] ERR:404 body={"strategy":"-android uiautomator","selector":"new UiSelector().textMatches(\"(?is).*\\QWelcome to\\...
05:37:36.208830 POST /session/a880ccf9-282d-4356-b5e5-3a1a9f8c44ac/element [4.556365ms] ERR:404 body={"strategy":"-android uiautomator","selector":"new UiSelector().descriptionMatches(\"(?is).*\\QWelco...
05:37:36.213688 POST /session/a880ccf9-282d-4356-b5e5-3a1a9f8c44ac/element [4.748463ms] ERR:404 body={"strategy":"-android uiautomator","selector":"new UiSelector().textContains(\"Welcome to\")"}
05:37:36.218441 POST /session/a880ccf9-282d-4356-b5e5-3a1a9f8c44ac/element [4.637556ms] ERR:404 body={"strategy":"-android uiautomator","selector":"new UiSelector().descriptionContains(\"Welcome to\")"...
05:37:36.223000 POST /session/a880ccf9-282d-4356-b5e5-3a1a9f8c44ac/element [4.446596ms] ERR:404 body={"strategy":"-android uiautomator","selector":"new UiSelector().textMatches(\"(?is).*\\QWelcome to\\...
05:37:36.228024 POST /session/a880ccf9-282d-4356-b5e5-3a1a9f8c44ac/element [4.91318ms] ERR:404 body={"strategy":"-android uiautomator","selector":"new UiSelector().descriptionMatches(\"(?is).*\\QWelco...
05:37:36.233093 POST /session/a880ccf9-282d-4356-b5e5-3a1a9f8c44ac/element [4.962803ms] ERR:404 body={"strategy":"-android uiautomator","selector":"new UiSelector().textContains(\"Welcome to\")"}
05:37:36.237617 POST /session/a880ccf9-282d-4356-b5e5-3a1a9f8c44ac/element [4.369526ms] ERR:404 body={"strategy":"-android uiautomator","selector":"new UiSelector().descriptionContains(\"Welcome to\")"...
05:37:36.242538 POST /session/a880ccf9-282d-4356-b5e5-3a1a9f8c44ac/element [4.801426ms] ERR:404 body={"strategy":"-android uiautomator","selector":"new UiSelector().textMatches(\"(?is).*\\QWelcome to\\...
05:37:36.247303 POST /session/a880ccf9-282d-4356-b5e5-3a1a9f8c44ac/element [4.641122ms] ERR:404 body={"strategy":"-android uiautomator","selector":"new UiSelector().descriptionMatches(\"(?is).*\\QWelco...
05:37:36.252010 POST /session/a880ccf9-282d-4356-b5e5-3a1a9f8c44ac/element [4.595748ms] ERR:404 body={"strategy":"-android uiautomator","selector":"new UiSelector().textContains(\"Welcome to\")"}
05:37:36.256696 POST /session/a880ccf9-282d-4356-b5e5-3a1a9f8c44ac/element [4.587774ms] ERR:404 body={"strategy":"-android uiautomator","selector":"new UiSelector().descriptionContains(\"Welcome to\")"...
05:37:36.261371 POST /session/a880ccf9-282d-4356-b5e5-3a1a9f8c44ac/element [4.574959ms] ERR:404 body={"strategy":"-android uiautomator","selector":"new UiSelector().textMatches(\"(?is).*\\QWelcome to\\...
05:37:36.265583 POST /session/a880ccf9-282d-4356-b5e5-3a1a9f8c44ac/element [4.104868ms] ERR:404 body={"strategy":"-android uiautomator","selector":"new UiSelector().descriptionMatches(\"(?is).*\\QWelco...
05:37:36.270195 POST /session/a880ccf9-282d-4356-b5e5-3a1a9f8c44ac/element [4.497208ms] ERR:404 body={"strategy":"-android uiautomator","selector":"new UiSelector().textContains(\"Welcome to\")"}
05:37:36.275083 POST /session/a880ccf9-282d-4356-b5e5-3a1a9f8c44ac/element [4.76269ms] ERR:404 body={"strategy":"-android uiautomator","selector":"new UiSelector().descriptionContains(\"Welcome to\")"...
05:37:36.279874 POST /session/a880ccf9-282d-4356-b5e5-3a1a9f8c44ac/element [4.683622ms] ERR:404 body={"strategy":"-android uiautomator","selector":"new UiSelector().textMatches(\"(?is).*\\QWelcome to\\...
05:37:36.284628 POST /session/a880ccf9-282d-4356-b5e5-3a1a9f8c44ac/element [4.639289ms] ERR:404 body={"strategy":"-android uiautomator","selector":"new UiSelector().descriptionMatches(\"(?is).*\\QWelco...
05:37:36.289858 POST /session/a880ccf9-282d-4356-b5e5-3a1a9f8c44ac/element [5.110087ms] ERR:404 body={"strategy":"-android uiautomator","selector":"new UiSelector().textContains(\"Welcome to\")"}
05:37:36.294658 POST /session/a880ccf9-282d-4356-b5e5-3a1a9f8c44ac/element [4.688281ms] ERR:404 body={"strategy":"-android uiautomator","selector":"new UiSelector().descriptionContains(\"Welcome to\")"...
05:37:36.298778 POST /session/a880ccf9-282d-4356-b5e5-3a1a9f8c44ac/element [3.995849ms] ERR:404 body={"strategy":"-android uiautomator","selector":"new UiSelector().textMatches(\"(?is).*\\QWelcome to\\...
05:37:36.303351 POST /session/a880ccf9-282d-4356-b5e5-3a1a9f8c44ac/element [4.460155ms] ERR:404 body={"strategy":"-android uiautomator","selector":"new UiSelector().descriptionMatches(\"(?is).*\\QWelco...
05:37:36.307681 POST /session/a880ccf9-282d-4356-b5e5-3a1a9f8c44ac/element [4.217424ms] ERR:404 body={"strategy":"-android uiautomator","selector":"new UiSelector().textContains(\"Welcome to\")"}
05:37:36.311845 POST /session/a880ccf9-282d-4356-b5e5-3a1a9f8c44ac/element [4.067627ms] ERR:404 body={"strategy":"-android uiautomator","selector":"new UiSelector().descriptionContains(\"Welcome to\")"...
05:37:36.322681 POST /session/a880ccf9-282d-4356-b5e5-3a1a9f8c44ac/element [10.717794ms] ERR:404 body={"strategy":"-android uiautomator","selector":"new UiSelector().textMatches(\"(?is).*\\QWelcome to\\...
05:37:36.327401 POST /session/a880ccf9-282d-4356-b5e5-3a1a9f8c44ac/element [4.560311ms] ERR:404 body={"strategy":"-android uiautomator","selector":"new UiSelector().descriptionMatches(\"(?is).*\\QWelco...
05:37:36.331569 POST /session/a880ccf9-282d-4356-b5e5-3a1a9f8c44ac/element [4.060369ms] ERR:404 body={"strategy":"-android uiautomator","selector":"new UiSelector().textContains(\"Welcome to\")"}
05:37:36.336335 POST /session/a880ccf9-282d-4356-b5e5-3a1a9f8c44ac/element [4.6268ms] ERR:404 body={"strategy":"-android uiautomator","selector":"new UiSelector().descriptionContains(\"Welcome to\")"...
05:37:36.340735 POST /session/a880ccf9-282d-4356-b5e5-3a1a9f8c44ac/element [4.290077ms] ERR:404 body={"strategy":"-android uiautomator","selector":"new UiSelector().textMatches(\"(?is).*\\QWelcome to\\...
05:37:36.345285 POST /session/a880ccf9-282d-4356-b5e5-3a1a9f8c44ac/element [4.459704ms] ERR:404 body={"strategy":"-android uiautomator","selector":"new UiSelector().descriptionMatches(\"(?is).*\\QWelco...
05:37:36.349497 POST /session/a880ccf9-282d-4356-b5e5-3a1a9f8c44ac/element [4.099582ms] ERR:404 body={"strategy":"-android uiautomator","selector":"new UiSelector().textContains(\"Welcome to\")"}
05:37:36.353709 POST /session/a880ccf9-282d-4356-b5e5-3a1a9f8c44ac/element [4.11477ms] ERR:404 body={"strategy":"-android uiautomator","selector":"new UiSelector().descriptionContains(\"Welcome to\")"...
05:37:36.358093 POST /session/a880ccf9-282d-4356-b5e5-3a1a9f8c44ac/element [4.28599ms] ERR:404 body={"strategy":"-android uiautomator","selector":"new UiSelector().textMatches(\"(?is).*\\QWelcome to\\...
05:37:36.362216 POST /session/a880ccf9-282d-4356-b5e5-3a1a9f8c44ac/element [4.026004ms] ERR:404 body={"strategy":"-android uiautomator","selector":"new UiSelector().descriptionMatches(\"(?is).*\\QWelco...
05:37:36.366424 POST /session/a880ccf9-282d-4356-b5e5-3a1a9f8c44ac/element [4.071279ms] ERR:404 body={"strategy":"-android uiautomator","selector":"new UiSelector().textContains(\"Welcome to\")"}
05:37:36.370616 POST /session/a880ccf9-282d-4356-b5e5-3a1a9f8c44ac/element [4.086978ms] ERR:404 body={"strategy":"-android uiautomator","selector":"new UiSelector().descriptionContains(\"Welcome to\")"...
05:37:36.375801 POST /session/a880ccf9-282d-4356-b5e5-3a1a9f8c44ac/element [5.065941ms] ERR:404 body={"strategy":"-android uiautomator","selector":"new UiSelector().textMatches(\"(?is).*\\QWelcome to\\...
05:37:36.381298 POST /session/a880ccf9-282d-4356-b5e5-3a1a9f8c44ac/element [5.374402ms] ERR:404 body={"strategy":"-android uiautomator","selector":"new UiSelector().descriptionMatches(\"(?is).*\\QWelco...
05:37:36.385818 POST /session/a880ccf9-282d-4356-b5e5-3a1a9f8c44ac/element [4.394737ms] ERR:404 body={"strategy":"-android uiautomator","selector":"new UiSelector().textContains(\"Welcome to\")"}
05:37:36.390692 POST /session/a880ccf9-282d-4356-b5e5-3a1a9f8c44ac/element [4.759881ms] ERR:404 body={"strategy":"-android uiautomator","selector":"new UiSelector().descriptionContains(\"Welcome to\")"...
05:37:36.395729 POST /session/a880ccf9-282d-4356-b5e5-3a1a9f8c44ac/element [4.933408ms] ERR:404 body={"strategy":"-android uiautomator","selector":"new UiSelector().textMatches(\"(?is).*\\QWelcome to\\...
05:37:36.400462 POST /session/a880ccf9-282d-4356-b5e5-3a1a9f8c44ac/element [4.628399ms] ERR:404 body={"strategy":"-android uiautomator","selector":"new UiSelector().descriptionMatches(\"(?is).*\\QWelco...
05:37:36.405484 POST /session/a880ccf9-282d-4356-b5e5-3a1a9f8c44ac/element [4.920875ms] ERR:404 body={"strategy":"-android uiautomator","selector":"new UiSelector().textContains(\"Welcome to\")"}
05:37:36.410175 POST /session/a880ccf9-282d-4356-b5e5-3a1a9f8c44ac/element [4.588374ms] ERR:404 body={"strategy":"-android uiautomator","selector":"new UiSelector().descriptionContains(\"Welcome to\")"...
05:37:36.415179 POST /session/a880ccf9-282d-4356-b5e5-3a1a9f8c44ac/element [4.883735ms] ERR:404 body={"strategy":"-android uiautomator","selector":"new UiSelector().textMatches(\"(?is).*\\QWelcome to\\...
05:37:36.419878 POST /session/a880ccf9-282d-4356-b5e5-3a1a9f8c44ac/element [4.573607ms] ERR:404 body={"strategy":"-android uiautomator","selector":"new UiSelector().descriptionMatches(\"(?is).*\\QWelco...
05:37:36.424895 POST /session/a880ccf9-282d-4356-b5e5-3a1a9f8c44ac/element [4.911706ms] ERR:404 body={"strategy":"-android uiautomator","selector":"new UiSelector().textContains(\"Welcome to\")"}
05:37:36.429743 POST /session/a880ccf9-282d-4356-b5e5-3a1a9f8c44ac/element [4.719681ms] ERR:404 body={"strategy":"-android uiautomator","selector":"new UiSelector().descriptionContains(\"Welcome to\")"...
05:37:36.434838 POST /session/a880ccf9-282d-4356-b5e5-3a1a9f8c44ac/element [4.993621ms] ERR:404 body={"strategy":"-android uiautomator","selector":"new UiSelector().textMatches(\"(?is).*\\QWelcome to\\...
05:37:36.439873 POST /session/a880ccf9-282d-4356-b5e5-3a1a9f8c44ac/element [4.93433ms] ERR:404 body={"strategy":"-android uiautomator","selector":"new UiSelector().descriptionMatches(\"(?is).*\\QWelco...
05:37:36.444707 POST /session/a880ccf9-282d-4356-b5e5-3a1a9f8c44ac/element [4.736651ms] ERR:404 body={"strategy":"-android uiautomator","selector":"new UiSelector().textContains(\"Welcome to\")"}
05:37:36.452104 POST /session/a880ccf9-282d-4356-b5e5-3a1a9f8c44ac/element [7.285448ms] ERR:404 body={"strategy":"-android uiautomator","selector":"new UiSelector().descriptionContains(\"Welcome to\")"...
05:37:36.457792 POST /session/a880ccf9-282d-4356-b5e5-3a1a9f8c44ac/element [5.552233ms] ERR:404 body={"strategy":"-android uiautomator","selector":"new UiSelector().textMatches(\"(?is).*\\QWelcome to\\...
05:37:36.463920 POST /session/a880ccf9-282d-4356-b5e5-3a1a9f8c44ac/element [5.993627ms] ERR:404 body={"strategy":"-android uiautomator","selector":"new UiSelector().descriptionMatches(\"(?is).*\\QWelco...
05:37:36.468609 POST /session/a880ccf9-282d-4356-b5e5-3a1a9f8c44ac/element [4.579908ms] ERR:404 body={"strategy":"-android uiautomator","selector":"new UiSelector().textContains(\"Welcome to\")"}
05:37:36.473399 POST /session/a880ccf9-282d-4356-b5e5-3a1a9f8c44ac/element [4.694682ms] ERR:404 body={"strategy":"-android uiautomator","selector":"new UiSelector().descriptionContains(\"Welcome to\")"...
05:37:36.478221 POST /session/a880ccf9-282d-4356-b5e5-3a1a9f8c44ac/element [4.723046ms] ERR:404 body={"strategy":"-android uiautomator","selector":"new UiSelector().textMatches(\"(?is).*\\QWelcome to\\...
05:37:36.483010 POST /session/a880ccf9-282d-4356-b5e5-3a1a9f8c44ac/element [4.67142ms] ERR:404 body={"strategy":"-android uiautomator","selector":"new UiSelector().descriptionMatches(\"(?is).*\\QWelco...
05:37:36.487627 POST /session/a880ccf9-282d-4356-b5e5-3a1a9f8c44ac/element [4.51617ms] ERR:404 body={"strategy":"-android uiautomator","selector":"new UiSelector().textContains(\"Welcome to\")"}
05:37:36.492623 POST /session/a880ccf9-282d-4356-b5e5-3a1a9f8c44ac/element [4.894055ms] ERR:404 body={"strategy":"-android uiautomator","selector":"new UiSelector().descriptionContains(\"Welcome to\")"...
05:37:36.497267 POST /session/a880ccf9-282d-4356-b5e5-3a1a9f8c44ac/element [4.535849ms] ERR:404 body={"strategy":"-android uiautomator","selector":"new UiSelector().textMatches(\"(?is).*\\QWelcome to\\...
05:37:36.501636 POST /session/a880ccf9-282d-4356-b5e5-3a1a9f8c44ac/element [4.255293ms] ERR:404 body={"strategy":"-android uiautomator","selector":"new UiSelector().descriptionMatches(\"(?is).*\\QWelco...
05:37:36.505753 POST /session/a880ccf9-282d-4356-b5e5-3a1a9f8c44ac/element [4.003823ms] ERR:404 body={"strategy":"-android uiautomator","selector":"new UiSelector().textContains(\"Welcome to\")"}
05:37:36.509919 POST /session/a880ccf9-282d-4356-b5e5-3a1a9f8c44ac/element [4.077967ms] ERR:404 body={"strategy":"-android uiautomator","selector":"new UiSelector().descriptionContains(\"Welcome to\")"...
05:37:36.514176 POST /session/a880ccf9-282d-4356-b5e5-3a1a9f8c44ac/element [4.181485ms] ERR:404 body={"strategy":"-android uiautomator","selector":"new UiSelector().textMatches(\"(?is).*\\QWelcome to\\...
05:37:36.518227 POST /session/a880ccf9-282d-4356-b5e5-3a1a9f8c44ac/element [3.948179ms] ERR:404 body={"strategy":"-android uiautomator","selector":"new UiSelector().descriptionMatches(\"(?is).*\\QWelco...
05:37:36.522333 POST /session/a880ccf9-282d-4356-b5e5-3a1a9f8c44ac/element [4.002486ms] ERR:404 body={"strategy":"-android uiautomator","selector":"new UiSelector().textContains(\"Welcome to\")"}
05:37:36.526318 POST /session/a880ccf9-282d-4356-b5e5-3a1a9f8c44ac/element [3.878179ms] ERR:404 body={"strategy":"-android uiautomator","selector":"new UiSelector().descriptionContains(\"Welcome to\")"...
05:37:36.530317 POST /session/a880ccf9-282d-4356-b5e5-3a1a9f8c44ac/element [3.874472ms] ERR:404 body={"strategy":"-android uiautomator","selector":"new UiSelector().textMatches(\"(?is).*\\QWelcome to\\...
05:37:36.534484 POST /session/a880ccf9-282d-4356-b5e5-3a1a9f8c44ac/element [4.074495ms] ERR:404 body={"strategy":"-android uiautomator","selector":"new UiSelector().descriptionMatches(\"(?is).*\\QWelco...
05:37:36.538335 POST /session/a880ccf9-282d-4356-b5e5-3a1a9f8c44ac/element [3.757291ms] ERR:404 body={"strategy":"-android uiautomator","selector":"new UiSelector().textContains(\"Welcome to\")"}
05:37:36.542604 POST /session/a880ccf9-282d-4356-b5e5-3a1a9f8c44ac/element [4.186785ms] ERR:404 body={"strategy":"-android uiautomator","selector":"new UiSelector().descriptionContains(\"Welcome to\")"...
05:37:36.546655 POST /session/a880ccf9-282d-4356-b5e5-3a1a9f8c44ac/element [3.977124ms] ERR:404 body={"strategy":"-android uiautomator","selector":"new UiSelector().textMatches(\"(?is).*\\QWelcome to\\...
05:37:36.550593 POST /session/a880ccf9-282d-4356-b5e5-3a1a9f8c44ac/element [3.858332ms] ERR:404 body={"strategy":"-android uiautomator","selector":"new UiSelector().descriptionMatches(\"(?is).*\\QWelco...
05:37:36.554576 POST /session/a880ccf9-282d-4356-b5e5-3a1a9f8c44ac/element [3.900883ms] ERR:404 body={"strategy":"-android uiautomator","selector":"new UiSelector().textContains(\"Welcome to\")"}
05:37:36.558548 POST /session/a880ccf9-282d-4356-b5e5-3a1a9f8c44ac/element [3.904297ms] ERR:404 body={"strategy":"-android uiautomator","selector":"new UiSelector().descriptionContains(\"Welcome to\")"...
05:37:36.562609 POST /session/a880ccf9-282d-4356-b5e5-3a1a9f8c44ac/element [3.986ms] ERR:404 body={"strategy":"-android uiautomator","selector":"new UiSelector().textMatches(\"(?is).*\\QWelcome to\\...
05:37:36.566739 POST /session/a880ccf9-282d-4356-b5e5-3a1a9f8c44ac/element [4.058074ms] ERR:404 body={"strategy":"-android uiautomator","selector":"new UiSelector().descriptionMatches(\"(?is).*\\QWelco...
05:37:36.570521 POST /session/a880ccf9-282d-4356-b5e5-3a1a9f8c44ac/element [3.665354ms] ERR:404 body={"strategy":"-android uiautomator","selector":"new UiSelector().textContains(\"Welcome to\")"}
05:37:36.575053 POST /session/a880ccf9-282d-4356-b5e5-3a1a9f8c44ac/element [4.189452ms] ERR:404 body={"strategy":"-android uiautomator","selector":"new UiSelector().descriptionContains(\"Welcome to\")"...
05:37:36.580310 POST /session/a880ccf9-282d-4356-b5e5-3a1a9f8c44ac/element [5.035419ms] ERR:404 body={"strategy":"-android uiautomator","selector":"new UiSelector().textMatches(\"(?is).*\\QWelcome to\\...
05:37:36.586531 POST /session/a880ccf9-282d-4356-b5e5-3a1a9f8c44ac/element [6.115765ms] ERR:404 body={"strategy":"-android uiautomator","selector":"new UiSelector().descriptionMatches(\"(?is).*\\QWelco...
05:37:36.591490 POST /session/a880ccf9-282d-4356-b5e5-3a1a9f8c44ac/element [4.8489ms] ERR:404 body={"strategy":"-android uiautomator","selector":"new UiSelector().textContains(\"Welcome to\")"}
05:37:36.597969 POST /session/a880ccf9-282d-4356-b5e5-3a1a9f8c44ac/element [6.379017ms] ERR:404 body={"strategy":"-android uiautomator","selector":"new UiSelector().descriptionContains(\"Welcome to\")"...
05:37:36.602401 POST /session/a880ccf9-282d-4356-b5e5-3a1a9f8c44ac/element [4.336314ms] ERR:404 body={"strategy":"-android uiautomator","selector":"new UiSelector().textMatches(\"(?is).*\\QWelcome to\\...
05:37:36.606999 POST /session/a880ccf9-282d-4356-b5e5-3a1a9f8c44ac/element [4.498546ms] ERR:404 body={"strategy":"-android uiautomator","selector":"new UiSelector().descriptionMatches(\"(?is).*\\QWelco...
05:37:36.611361 POST /session/a880ccf9-282d-4356-b5e5-3a1a9f8c44ac/element [4.270391ms] ERR:404 body={"strategy":"-android uiautomator","selector":"new UiSelector().textContains(\"Welcome to\")"}
05:37:36.615658 POST /session/a880ccf9-282d-4356-b5e5-3a1a9f8c44ac/element [4.183987ms] ERR:404 body={"strategy":"-android uiautomator","selector":"new UiSelector().descriptionContains(\"Welcome to\")"...
05:37:36.619897 POST /session/a880ccf9-282d-4356-b5e5-3a1a9f8c44ac/element [4.139479ms] ERR:404 body={"strategy":"-android uiautomator","selector":"new UiSelector().textMatches(\"(?is).*\\QWelcome to\\...
05:37:36.624131 POST /session/a880ccf9-282d-4356-b5e5-3a1a9f8c44ac/element [4.148884ms] ERR:404 body={"strategy":"-android uiautomator","selector":"new UiSelector().descriptionMatches(\"(?is).*\\QWelco...
05:37:36.628756 POST /session/a880ccf9-282d-4356-b5e5-3a1a9f8c44ac/element [4.513024ms] ERR:404 body={"strategy":"-android uiautomator","selector":"new UiSelector().textContains(\"Welcome to\")"}
05:37:36.633382 POST /session/a880ccf9-282d-4356-b5e5-3a1a9f8c44ac/element [4.536487ms] ERR:404 body={"strategy":"-android uiautomator","selector":"new UiSelector().descriptionContains(\"Welcome to\")"...
05:37:36.637884 POST /session/a880ccf9-282d-4356-b5e5-3a1a9f8c44ac/element [4.417345ms] ERR:404 body={"strategy":"-android uiautomator","selector":"new UiSelector().textMatches(\"(?is).*\\QWelcome to\\...
05:37:36.641895 POST /session/a880ccf9-282d-4356-b5e5-3a1a9f8c44ac/element [3.919967ms] ERR:404 body={"strategy":"-android uiautomator","selector":"new UiSelector().descriptionMatches(\"(?is).*\\QWelco...
05:37:36.645815 POST /session/a880ccf9-282d-4356-b5e5-3a1a9f8c44ac/element [3.827194ms] ERR:404 body={"strategy":"-android uiautomator","selector":"new UiSelector().textContains(\"Welcome to\")"}
05:37:36.650201 POST /session/a880ccf9-282d-4356-b5e5-3a1a9f8c44ac/element [4.29122ms] ERR:404 body={"strategy":"-android uiautomator","selector":"new UiSelector().descriptionContains(\"Welcome to\")"...
05:37:36.655127 POST /session/a880ccf9-282d-4356-b5e5-3a1a9f8c44ac/element [4.794318ms] ERR:404 body={"strategy":"-android uiautomator","selector":"new UiSelector().textMatches(\"(?is).*\\QWelcome to\\...
05:37:36.659816 POST /session/a880ccf9-282d-4356-b5e5-3a1a9f8c44ac/element [4.569369ms] ERR:404 body={"strategy":"-android uiautomator","selector":"new UiSelector().descriptionMatches(\"(?is).*\\QWelco...
05:37:36.664528 POST /session/a880ccf9-282d-4356-b5e5-3a1a9f8c44ac/element [4.616366ms] ERR:404 body={"strategy":"-android uiautomator","selector":"new UiSelector().textContains(\"Welcome to\")"}
05:37:36.668444 POST /session/a880ccf9-282d-4356-b5e5-3a1a9f8c44ac/element [3.80501ms] ERR:404 body={"strategy":"-android uiautomator","selector":"new UiSelector().descriptionContains(\"Welcome to\")"...
05:37:36.672309 POST /session/a880ccf9-282d-4356-b5e5-3a1a9f8c44ac/element [3.7554ms] ERR:404 body={"strategy":"-android uiautomator","selector":"new UiSelector().textMatches(\"(?is).*\\QWelcome to\\...
05:37:36.676142 POST /session/a880ccf9-282d-4356-b5e5-3a1a9f8c44ac/element [3.722708ms] ERR:404 body={"strategy":"-android uiautomator","selector":"new UiSelector().descriptionMatches(\"(?is).*\\QWelco...
05:37:36.680683 POST /session/a880ccf9-282d-4356-b5e5-3a1a9f8c44ac/element [4.413343ms] ERR:404 body={"strategy":"-android uiautomator","selector":"new UiSelector().textContains(\"Welcome to\")"}
05:37:36.684520 POST /session/a880ccf9-282d-4356-b5e5-3a1a9f8c44ac/element [3.763515ms] ERR:404 body={"strategy":"-android uiautomator","selector":"new UiSelector().descriptionContains(\"Welcome to\")"...
05:37:36.688489 POST /session/a880ccf9-282d-4356-b5e5-3a1a9f8c44ac/element [3.877923ms] ERR:404 body={"strategy":"-android uiautomator","selector":"new UiSelector().textMatches(\"(?is).*\\QWelcome to\\...
05:37:36.692645 POST /session/a880ccf9-282d-4356-b5e5-3a1a9f8c44ac/element [4.077173ms] ERR:404 body={"strategy":"-android uiautomator","selector":"new UiSelector().descriptionMatches(\"(?is).*\\QWelco...
05:37:36.697091 POST /session/a880ccf9-282d-4356-b5e5-3a1a9f8c44ac/element [4.346925ms] ERR:404 body={"strategy":"-android uiautomator","selector":"new UiSelector().textContains(\"Welcome to\")"}
05:37:36.701747 POST /session/a880ccf9-282d-4356-b5e5-3a1a9f8c44ac/element [4.567275ms] ERR:404 body={"strategy":"-android uiautomator","selector":"new UiSelector().descriptionContains(\"Welcome to\")"...
05:37:36.706453 POST /session/a880ccf9-282d-4356-b5e5-3a1a9f8c44ac/element [4.608452ms] ERR:404 body={"strategy":"-android uiautomator","selector":"new UiSelector().textMatches(\"(?is).*\\QWelcome to\\...
05:37:36.711473 POST /session/a880ccf9-282d-4356-b5e5-3a1a9f8c44ac/element [4.925914ms] ERR:404 body={"strategy":"-android uiautomator","selector":"new UiSelector().descriptionMatches(\"(?is).*\\QWelco...
05:37:36.716055 POST /session/a880ccf9-282d-4356-b5e5-3a1a9f8c44ac/element [4.467969ms] ERR:404 body={"strategy":"-android uiautomator","selector":"new UiSelector().textContains(\"Welcome to\")"}
05:37:36.721884 POST /session/a880ccf9-282d-4356-b5e5-3a1a9f8c44ac/element [5.720858ms] ERR:404 body={"strategy":"-android uiautomator","selector":"new UiSelector().descriptionContains(\"Welcome to\")"...
05:37:36.727283 POST /session/a880ccf9-282d-4356-b5e5-3a1a9f8c44ac/element [5.300052ms] ERR:404 body={"strategy":"-android uiautomator","selector":"new UiSelector().textMatches(\"(?is).*\\QWelcome to\\...
05:37:36.733090 POST /session/a880ccf9-282d-4356-b5e5-3a1a9f8c44ac/element [5.711089ms] ERR:404 body={"strategy":"-android uiautomator","selector":"new UiSelector().descriptionMatches(\"(?is).*\\QWelco...
05:37:36.737679 POST /session/a880ccf9-282d-4356-b5e5-3a1a9f8c44ac/element [4.494118ms] ERR:404 body={"strategy":"-android uiautomator","selector":"new UiSelector().textContains(\"Welcome to\")"}
05:37:36.742556 POST /session/a880ccf9-282d-4356-b5e5-3a1a9f8c44ac/element [4.791663ms] ERR:404 body={"strategy":"-android uiautomator","selector":"new UiSelector().descriptionContains(\"Welcome to\")"...
05:37:36.746886 POST /session/a880ccf9-282d-4356-b5e5-3a1a9f8c44ac/element [4.223723ms] ERR:404 body={"strategy":"-android uiautomator","selector":"new UiSelector().textMatches(\"(?is).*\\QWelcome to\\...
05:37:36.751198 POST /session/a880ccf9-282d-4356-b5e5-3a1a9f8c44ac/element [4.224124ms] ERR:404 body={"strategy":"-android uiautomator","selector":"new UiSelector().descriptionMatches(\"(?is).*\\QWelco...
05:37:36.755853 POST /session/a880ccf9-282d-4356-b5e5-3a1a9f8c44ac/element [4.520586ms] ERR:404 body={"strategy":"-android uiautomator","selector":"new UiSelector().textContains(\"Welcome to\")"}
05:37:36.760156 POST /session/a880ccf9-282d-4356-b5e5-3a1a9f8c44ac/element [4.205581ms] ERR:404 body={"strategy":"-android uiautomator","selector":"new UiSelector().descriptionContains(\"Welcome to\")"...
05:37:36.764813 POST /session/a880ccf9-282d-4356-b5e5-3a1a9f8c44ac/element [4.54822ms] ERR:404 body={"strategy":"-android uiautomator","selector":"new UiSelector().textMatches(\"(?is).*\\QWelcome to\\...
05:37:36.768705 POST /session/a880ccf9-282d-4356-b5e5-3a1a9f8c44ac/element [3.799913ms] ERR:404 body={"strategy":"-android uiautomator","selector":"new UiSelector().descriptionMatches(\"(?is).*\\QWelco...
05:37:36.773118 POST /session/a880ccf9-282d-4356-b5e5-3a1a9f8c44ac/element [4.322777ms] ERR:404 body={"strategy":"-android uiautomator","selector":"new UiSelector().textContains(\"Welcome to\")"}
05:37:36.777755 POST /session/a880ccf9-282d-4356-b5e5-3a1a9f8c44ac/element [4.517684ms] ERR:404 body={"strategy":"-android uiautomator","selector":"new UiSelector().descriptionContains(\"Welcome to\")"...
05:37:36.781547 POST /session/a880ccf9-282d-4356-b5e5-3a1a9f8c44ac/element [3.720232ms] ERR:404 body={"strategy":"-android uiautomator","selector":"new UiSelector().textMatches(\"(?is).*\\QWelcome to\\...
05:37:36.785251 POST /session/a880ccf9-282d-4356-b5e5-3a1a9f8c44ac/element [3.64802ms] ERR:404 body={"strategy":"-android uiautomator","selector":"new UiSelector().descriptionMatches(\"(?is).*\\QWelco...
05:37:36.789579 POST /session/a880ccf9-282d-4356-b5e5-3a1a9f8c44ac/element [4.255ms] ERR:404 body={"strategy":"-android uiautomator","selector":"new UiSelector().textContains(\"Welcome to\")"}
05:37:36.801789 POST /session/a880ccf9-282d-4356-b5e5-3a1a9f8c44ac/element [12.104894ms] ERR:404 body={"strategy":"-android uiautomator","selector":"new UiSelector().descriptionContains(\"Welcome to\")"...
05:37:36.806450 POST /session/a880ccf9-282d-4356-b5e5-3a1a9f8c44ac/element [4.536559ms] ERR:404 body={"strategy":"-android uiautomator","selector":"new UiSelector().textMatches(\"(?is).*\\QWelcome to\\...
05:37:36.810476 POST /session/a880ccf9-282d-4356-b5e5-3a1a9f8c44ac/element [3.957577ms] ERR:404 body={"strategy":"-android uiautomator","selector":"new UiSelector().descriptionMatches(\"(?is).*\\QWelco...
05:37:36.814520 POST /session/a880ccf9-282d-4356-b5e5-3a1a9f8c44ac/element [3.950219ms] ERR:404 body={"strategy":"-android uiautomator","selector":"new UiSelector().textContains(\"Welcome to\")"}
05:37:36.818529 POST /session/a880ccf9-282d-4356-b5e5-3a1a9f8c44ac/element [3.911871ms] ERR:404 body={"strategy":"-android uiautomator","selector":"new UiSelector().descriptionContains(\"Welcome to\")"...
05:37:36.822717 POST /session/a880ccf9-282d-4356-b5e5-3a1a9f8c44ac/element [4.091116ms] ERR:404 body={"strategy":"-android uiautomator","selector":"new UiSelector().textMatches(\"(?is).*\\QWelcome to\\...
05:37:36.826688 POST /session/a880ccf9-282d-4356-b5e5-3a1a9f8c44ac/element [3.827343ms] ERR:404 body={"strategy":"-android uiautomator","selector":"new UiSelector().descriptionMatches(\"(?is).*\\QWelco...
05:37:36.830749 POST /session/a880ccf9-282d-4356-b5e5-3a1a9f8c44ac/element [3.953168ms] ERR:404 body={"strategy":"-android uiautomator","selector":"new UiSelector().textContains(\"Welcome to\")"}
05:37:36.835351 POST /session/a880ccf9-282d-4356-b5e5-3a1a9f8c44ac/element [4.503169ms] ERR:404 body={"strategy":"-android uiautomator","selector":"new UiSelector().descriptionContains(\"Welcome to\")"...
05:37:36.839815 POST /session/a880ccf9-282d-4356-b5e5-3a1a9f8c44ac/element [4.360369ms] ERR:404 body={"strategy":"-android uiautomator","selector":"new UiSelector().textMatches(\"(?is).*\\QWelcome to\\...
05:37:36.844763 POST /session/a880ccf9-282d-4356-b5e5-3a1a9f8c44ac/element [4.85923ms] ERR:404 body={"strategy":"-android uiautomator","selector":"new UiSelector().descriptionMatches(\"(?is).*\\QWelco...
05:37:36.849152 POST /session/a880ccf9-282d-4356-b5e5-3a1a9f8c44ac/element [4.297311ms] ERR:404 body={"strategy":"-android uiautomator","selector":"new UiSelector().textContains(\"Welcome to\")"}
05:37:36.853766 POST /session/a880ccf9-282d-4356-b5e5-3a1a9f8c44ac/element [4.508915ms] ERR:404 body={"strategy":"-android uiautomator","selector":"new UiSelector().descriptionContains(\"Welcome to\")"...
05:37:36.858182 POST /session/a880ccf9-282d-4356-b5e5-3a1a9f8c44ac/element [4.326595ms] ERR:404 body={"strategy":"-android uiautomator","selector":"new UiSelector().textMatches(\"(?is).*\\QWelcome to\\...
05:37:36.863043 POST /session/a880ccf9-282d-4356-b5e5-3a1a9f8c44ac/element [4.638849ms] ERR:404 body={"strategy":"-android uiautomator","selector":"new UiSelector().descriptionMatches(\"(?is).*\\QWelco...
05:37:36.868608 POST /session/a880ccf9-282d-4356-b5e5-3a1a9f8c44ac/element [5.456474ms] ERR:404 body={"strategy":"-android uiautomator","selector":"new UiSelector().textContains(\"Welcome to\")"}
05:37:36.872849 POST /session/a880ccf9-282d-4356-b5e5-3a1a9f8c44ac/element [4.125314ms] ERR:404 body={"strategy":"-android uiautomator","selector":"new UiSelector().descriptionContains(\"Welcome to\")"...
05:37:36.877761 POST /session/a880ccf9-282d-4356-b5e5-3a1a9f8c44ac/element [4.792491ms] ERR:404 body={"strategy":"-android uiautomator","selector":"new UiSelector().textMatches(\"(?is).*\\QWelcome to\\...
05:37:36.882679 POST /session/a880ccf9-282d-4356-b5e5-3a1a9f8c44ac/element [4.811361ms] ERR:404 body={"strategy":"-android uiautomator","selector":"new UiSelector().descriptionMatches(\"(?is).*\\QWelco...
05:37:36.887255 POST /session/a880ccf9-282d-4356-b5e5-3a1a9f8c44ac/element [4.491544ms] ERR:404 body={"strategy":"-android uiautomator","selector":"new UiSelector().textContains(\"Welcome to\")"}
05:37:36.891670 POST /session/a880ccf9-282d-4356-b5e5-3a1a9f8c44ac/element [4.324722ms] ERR:404 body={"strategy":"-android uiautomator","selector":"new UiSelector().descriptionContains(\"Welcome to\")"...
05:37:36.896181 POST /session/a880ccf9-282d-4356-b5e5-3a1a9f8c44ac/element [4.401805ms] ERR:404 body={"strategy":"-android uiautomator","selector":"new UiSelector().textMatches(\"(?is).*\\QWelcome to\\...
05:37:36.900155 POST /session/a880ccf9-282d-4356-b5e5-3a1a9f8c44ac/element [3.85217ms] ERR:404 body={"strategy":"-android uiautomator","selector":"new UiSelector().descriptionMatches(\"(?is).*\\QWelco...
05:37:36.904325 POST /session/a880ccf9-282d-4356-b5e5-3a1a9f8c44ac/element [4.052053ms] ERR:404 body={"strategy":"-android uiautomator","selector":"new UiSelector().textContains(\"Welcome to\")"}
05:37:36.908918 POST /session/a880ccf9-282d-4356-b5e5-3a1a9f8c44ac/element [4.493347ms] ERR:404 body={"strategy":"-android uiautomator","selector":"new UiSelector().descriptionContains(\"Welcome to\")"...
05:37:36.913502 POST /session/a880ccf9-282d-4356-b5e5-3a1a9f8c44ac/element [4.489128ms] ERR:404 body={"strategy":"-android uiautomator","selector":"new UiSelector().textMatches(\"(?is).*\\QWelcome to\\...
05:37:36.918084 POST /session/a880ccf9-282d-4356-b5e5-3a1a9f8c44ac/element [4.490898ms] ERR:404 body={"strategy":"-android uiautomator","selector":"new UiSelector().descriptionMatches(\"(?is).*\\QWelco...
05:37:36.922256 POST /session/a880ccf9-282d-4356-b5e5-3a1a9f8c44ac/element [4.065548ms] ERR:404 body={"strategy":"-android uiautomator","selector":"new UiSelector().textContains(\"Welcome to\")"}
05:37:36.926181 POST /session/a880ccf9-282d-4356-b5e5-3a1a9f8c44ac/element [3.806294ms] ERR:404 body={"strategy":"-android uiautomator","selector":"new UiSelector().descriptionContains(\"Welcome to\")"...
05:37:36.930275 POST /session/a880ccf9-282d-4356-b5e5-3a1a9f8c44ac/element [3.968778ms] ERR:404 body={"strategy":"-android uiautomator","selector":"new UiSelector().textMatches(\"(?is).*\\QWelcome to\\...
05:37:36.934302 POST /session/a880ccf9-282d-4356-b5e5-3a1a9f8c44ac/element [3.933903ms] ERR:404 body={"strategy":"-android uiautomator","selector":"new UiSelector().descriptionMatches(\"(?is).*\\QWelco...
05:37:36.938267 POST /session/a880ccf9-282d-4356-b5e5-3a1a9f8c44ac/element [3.871757ms] ERR:404 body={"strategy":"-android uiautomator","selector":"new UiSelector().textContains(\"Welcome to\")"}
05:37:36.942292 POST /session/a880ccf9-282d-4356-b5e5-3a1a9f8c44ac/element [3.940549ms] ERR:404 body={"strategy":"-android uiautomator","selector":"new UiSelector().descriptionContains(\"Welcome to\")"...
05:37:36.946547 POST /session/a880ccf9-282d-4356-b5e5-3a1a9f8c44ac/element [4.161714ms] ERR:404 body={"strategy":"-android uiautomator","selector":"new UiSelector().textMatches(\"(?is).*\\QWelcome to\\...
05:37:36.950532 POST /session/a880ccf9-282d-4356-b5e5-3a1a9f8c44ac/element [3.898266ms] ERR:404 body={"strategy":"-android uiautomator","selector":"new UiSelector().descriptionMatches(\"(?is).*\\QWelco...
05:37:36.954605 POST /session/a880ccf9-282d-4356-b5e5-3a1a9f8c44ac/element [3.961788ms] ERR:404 body={"strategy":"-android uiautomator","selector":"new UiSelector().textContains(\"Welcome to\")"}
05:37:36.958482 POST /session/a880ccf9-282d-4356-b5e5-3a1a9f8c44ac/element [3.789393ms] ERR:404 body={"strategy":"-android uiautomator","selector":"new UiSelector().descriptionContains(\"Welcome to\")"...
05:37:36.962686 POST /session/a880ccf9-282d-4356-b5e5-3a1a9f8c44ac/element [4.10911ms] ERR:404 body={"strategy":"-android uiautomator","selector":"new UiSelector().textMatches(\"(?is).*\\QWelcome to\\...
05:37:36.966733 POST /session/a880ccf9-282d-4356-b5e5-3a1a9f8c44ac/element [3.9488ms] ERR:404 body={"strategy":"-android uiautomator","selector":"new UiSelector().descriptionMatches(\"(?is).*\\QWelco...
05:37:36.970595 POST /session/a880ccf9-282d-4356-b5e5-3a1a9f8c44ac/element [3.773904ms] ERR:404 body={"strategy":"-android uiautomator","selector":"new UiSelector().textContains(\"Welcome to\")"}
05:37:36.974463 POST /session/a880ccf9-282d-4356-b5e5-3a1a9f8c44ac/element [3.761601ms] ERR:404 body={"strategy":"-android uiautomator","selector":"new UiSelector().descriptionContains(\"Welcome to\")"...
05:37:36.978856 POST /session/a880ccf9-282d-4356-b5e5-3a1a9f8c44ac/element [4.284703ms] ERR:404 body={"strategy":"-android uiautomator","selector":"new UiSelector().textMatches(\"(?is).*\\QWelcome to\\...
05:37:36.982718 POST /session/a880ccf9-282d-4356-b5e5-3a1a9f8c44ac/element [3.785691ms] ERR:404 body={"strategy":"-android uiautomator","selector":"new UiSelector().descriptionMatches(\"(?is).*\\QWelco...
05:37:36.987050 POST /session/a880ccf9-282d-4356-b5e5-3a1a9f8c44ac/element [4.237308ms] ERR:404 body={"strategy":"-android uiautomator","selector":"new UiSelector().textContains(\"Welcome to\")"}
05:37:36.991283 POST /session/a880ccf9-282d-4356-b5e5-3a1a9f8c44ac/element [4.149856ms] ERR:404 body={"strategy":"-android uiautomator","selector":"new UiSelector().descriptionContains(\"Welcome to\")"...
05:37:36.995705 POST /session/a880ccf9-282d-4356-b5e5-3a1a9f8c44ac/element [4.337296ms] ERR:404 body={"strategy":"-android uiautomator","selector":"new UiSelector().textMatches(\"(?is).*\\QWelcome to\\...
05:37:37.001330 POST /session/a880ccf9-282d-4356-b5e5-3a1a9f8c44ac/element [5.531926ms] ERR:404 body={"strategy":"-android uiautomator","selector":"new UiSelector().descriptionMatches(\"(?is).*\\QWelco...
05:37:37.006407 POST /session/a880ccf9-282d-4356-b5e5-3a1a9f8c44ac/element [4.989172ms] ERR:404 body={"strategy":"-android uiautomator","selector":"new UiSelector().textContains(\"Welcome to\")"}
05:37:37.012052 POST /session/a880ccf9-282d-4356-b5e5-3a1a9f8c44ac/element [5.553024ms] ERR:404 body={"strategy":"-android uiautomator","selector":"new UiSelector().descriptionContains(\"Welcome to\")"...
05:37:37.016458 POST /session/a880ccf9-282d-4356-b5e5-3a1a9f8c44ac/element [4.329882ms] ERR:404 body={"strategy":"-android uiautomator","selector":"new UiSelector().textMatches(\"(?is).*\\QWelcome to\\...
05:37:37.020668 POST /session/a880ccf9-282d-4356-b5e5-3a1a9f8c44ac/element [4.126522ms] ERR:404 body={"strategy":"-android uiautomator","selector":"new UiSelector().descriptionMatches(\"(?is).*\\QWelco...
05:37:37.024870 POST /session/a880ccf9-282d-4356-b5e5-3a1a9f8c44ac/element [4.115932ms] ERR:404 body={"strategy":"-android uiautomator","selector":"new UiSelector().textContains(\"Welcome to\")"}
05:37:37.029806 POST /session/a880ccf9-282d-4356-b5e5-3a1a9f8c44ac/element [4.849221ms] ERR:404 body={"strategy":"-android uiautomator","selector":"new UiSelector().descriptionContains(\"Welcome to\")"...
05:37:37.034182 POST /session/a880ccf9-282d-4356-b5e5-3a1a9f8c44ac/element [4.287959ms] ERR:404 body={"strategy":"-android uiautomator","selector":"new UiSelector().textMatches(\"(?is).*\\QWelcome to\\...
05:37:37.038609 POST /session/a880ccf9-282d-4356-b5e5-3a1a9f8c44ac/element [4.309193ms] ERR:404 body={"strategy":"-android uiautomator","selector":"new UiSelector().descriptionMatches(\"(?is).*\\QWelco...
05:37:37.042892 POST /session/a880ccf9-282d-4356-b5e5-3a1a9f8c44ac/element [4.197244ms] ERR:404 body={"strategy":"-android uiautomator","selector":"new UiSelector().textContains(\"Welcome to\")"}
05:37:37.047574 POST /session/a880ccf9-282d-4356-b5e5-3a1a9f8c44ac/element [4.579979ms] ERR:404 body={"strategy":"-android uiautomator","selector":"new UiSelector().descriptionContains(\"Welcome to\")"...
05:37:37.051851 POST /session/a880ccf9-282d-4356-b5e5-3a1a9f8c44ac/element [4.183669ms] ERR:404 body={"strategy":"-android uiautomator","selector":"new UiSelector().textMatches(\"(?is).*\\QWelcome to\\...
05:37:37.056141 POST /session/a880ccf9-282d-4356-b5e5-3a1a9f8c44ac/element [4.185282ms] ERR:404 body={"strategy":"-android uiautomator","selector":"new UiSelector().descriptionMatches(\"(?is).*\\QWelco...
05:37:37.060076 POST /session/a880ccf9-282d-4356-b5e5-3a1a9f8c44ac/element [3.824486ms] ERR:404 body={"strategy":"-android uiautomator","selector":"new UiSelector().textContains(\"Welcome to\")"}
05:37:37.064669 POST /session/a880ccf9-282d-4356-b5e5-3a1a9f8c44ac/element [4.501552ms] ERR:404 body={"strategy":"-android uiautomator","selector":"new UiSelector().descriptionContains(\"Welcome to\")"...
05:37:37.069391 POST /session/a880ccf9-282d-4356-b5e5-3a1a9f8c44ac/element [4.6237ms] ERR:404 body={"strategy":"-android uiautomator","selector":"new UiSelector().textMatches(\"(?is).*\\QWelcome to\\...
05:37:37.074089 POST /session/a880ccf9-282d-4356-b5e5-3a1a9f8c44ac/element [4.570851ms] ERR:404 body={"strategy":"-android uiautomator","selector":"new UiSelector().descriptionMatches(\"(?is).*\\QWelco...
05:37:37.078104 POST /session/a880ccf9-282d-4356-b5e5-3a1a9f8c44ac/element [3.923503ms] ERR:404 body={"strategy":"-android uiautomator","selector":"new UiSelector().textContains(\"Welcome to\")"}
05:37:37.082333 POST /session/a880ccf9-282d-4356-b5e5-3a1a9f8c44ac/element [4.149194ms] ERR:404 body={"strategy":"-android uiautomator","selector":"new UiSelector().descriptionContains(\"Welcome to\")"...
05:37:37.086729 POST /session/a880ccf9-282d-4356-b5e5-3a1a9f8c44ac/element [4.276738ms] ERR:404 body={"strategy":"-android uiautomator","selector":"new UiSelector().textMatches(\"(?is).*\\QWelcome to\\...
05:37:37.090551 POST /session/a880ccf9-282d-4356-b5e5-3a1a9f8c44ac/element [3.731246ms] ERR:404 body={"strategy":"-android uiautomator","selector":"new UiSelector().descriptionMatches(\"(?is).*\\QWelco...
05:37:37.095368 POST /session/a880ccf9-282d-4356-b5e5-3a1a9f8c44ac/element [4.749177ms] ERR:404 body={"strategy":"-android uiautomator","selector":"new UiSelector().textContains(\"Welcome to\")"}
05:37:37.099623 POST /session/a880ccf9-282d-4356-b5e5-3a1a9f8c44ac/element [4.157963ms] ERR:404 body={"strategy":"-android uiautomator","selector":"new UiSelector().descriptionContains(\"Welcome to\")"...
05:37:37.104191 POST /session/a880ccf9-282d-4356-b5e5-3a1a9f8c44ac/element [4.47954ms] ERR:404 body={"strategy":"-android uiautomator","selector":"new UiSelector().textMatches(\"(?is).*\\QWelcome to\\...
05:37:37.108379 POST /session/a880ccf9-282d-4356-b5e5-3a1a9f8c44ac/element [4.083702ms] ERR:404 body={"strategy":"-android uiautomator","selector":"new UiSelector().descriptionMatches(\"(?is).*\\QWelco...
05:37:37.113140 POST /session/a880ccf9-282d-4356-b5e5-3a1a9f8c44ac/element [4.669005ms] ERR:404 body={"strategy":"-android uiautomator","selector":"new UiSelector().textContains(\"Welcome to\")"}
05:37:37.117519 POST /session/a880ccf9-282d-4356-b5e5-3a1a9f8c44ac/element [4.271843ms] ERR:404 body={"strategy":"-android uiautomator","selector":"new UiSelector().descriptionContains(\"Welcome to\")"...
05:37:37.121369 POST /session/a880ccf9-282d-4356-b5e5-3a1a9f8c44ac/element [3.766642ms] ERR:404 body={"strategy":"-android uiautomator","selector":"new UiSelector().textMatches(\"(?is).*\\QWelcome to\\...
05:37:37.125259 POST /session/a880ccf9-282d-4356-b5e5-3a1a9f8c44ac/element [3.815231ms] ERR:404 body={"strategy":"-android uiautomator","selector":"new UiSelector().descriptionMatches(\"(?is).*\\QWelco...
05:37:37.129346 POST /session/a880ccf9-282d-4356-b5e5-3a1a9f8c44ac/element [4.00216ms] ERR:404 body={"strategy":"-android uiautomator","selector":"new UiSelector().textContains(\"Welcome to\")"}
05:37:37.133705 POST /session/a880ccf9-282d-4356-b5e5-3a1a9f8c44ac/element [4.26976ms] ERR:404 body={"strategy":"-android uiautomator","selector":"new UiSelector().descriptionContains(\"Welcome to\")"...
05:37:37.138092 POST /session/a880ccf9-282d-4356-b5e5-3a1a9f8c44ac/element [4.294336ms] ERR:404 body={"strategy":"-android uiautomator","selector":"new UiSelector().textMatches(\"(?is).*\\QWelcome to\\...
05:37:37.143468 POST /session/a880ccf9-282d-4356-b5e5-3a1a9f8c44ac/element [5.28788ms] ERR:404 body={"strategy":"-android uiautomator","selector":"new UiSelector().descriptionMatches(\"(?is).*\\QWelco...
05:37:37.147348 POST /session/a880ccf9-282d-4356-b5e5-3a1a9f8c44ac/element [3.796406ms] ERR:404 body={"strategy":"-android uiautomator","selector":"new UiSelector().textContains(\"Welcome to\")"}
05:37:37.152098 POST /session/a880ccf9-282d-4356-b5e5-3a1a9f8c44ac/element [4.65058ms] ERR:404 body={"strategy":"-android uiautomator","selector":"new UiSelector().descriptionContains(\"Welcome to\")"...
05:37:37.155981 POST /session/a880ccf9-282d-4356-b5e5-3a1a9f8c44ac/element [3.811424ms] ERR:404 body={"strategy":"-android uiautomator","selector":"new UiSelector().textMatches(\"(?is).*\\QWelcome to\\...
05:37:37.161348 POST /session/a880ccf9-282d-4356-b5e5-3a1a9f8c44ac/element [5.262162ms] ERR:404 body={"strategy":"-android uiautomator","selector":"new UiSelector().descriptionMatches(\"(?is).*\\QWelco...
05:37:37.165709 POST /session/a880ccf9-282d-4356-b5e5-3a1a9f8c44ac/element [4.266975ms] ERR:404 body={"strategy":"-android uiautomator","selector":"new UiSelector().textContains(\"Welcome to\")"}
05:37:37.170180 POST /session/a880ccf9-282d-4356-b5e5-3a1a9f8c44ac/element [4.386357ms] ERR:404 body={"strategy":"-android uiautomator","selector":"new UiSelector().descriptionContains(\"Welcome to\")"...
05:37:37.174725 POST /session/a880ccf9-282d-4356-b5e5-3a1a9f8c44ac/element [4.443834ms] ERR:404 body={"strategy":"-android uiautomator","selector":"new UiSelector().textMatches(\"(?is).*\\QWelcome to\\...
05:37:37.179921 POST /session/a880ccf9-282d-4356-b5e5-3a1a9f8c44ac/element [5.113635ms] ERR:404 body={"strategy":"-android uiautomator","selector":"new UiSelector().descriptionMatches(\"(?is).*\\QWelco...
05:37:37.184296 POST /session/a880ccf9-282d-4356-b5e5-3a1a9f8c44ac/element [4.292603ms] ERR:404 body={"strategy":"-android uiautomator","selector":"new UiSelector().textContains(\"Welcome to\")"}
05:37:37.188541 POST /session/a880ccf9-282d-4356-b5e5-3a1a9f8c44ac/element [4.158511ms] ERR:404 body={"strategy":"-android uiautomator","selector":"new UiSelector().descriptionContains(\"Welcome to\")"...
05:37:37.192935 POST /session/a880ccf9-282d-4356-b5e5-3a1a9f8c44ac/element [4.304875ms] ERR:404 body={"strategy":"-android uiautomator","selector":"new UiSelector().textMatches(\"(?is).*\\QWelcome to\\...
05:37:37.197501 POST /session/a880ccf9-282d-4356-b5e5-3a1a9f8c44ac/element [4.477277ms] ERR:404 body={"strategy":"-android uiautomator","selector":"new UiSelector().descriptionMatches(\"(?is).*\\QWelco...
05:37:37.201879 POST /session/a880ccf9-282d-4356-b5e5-3a1a9f8c44ac/element [4.290398ms] ERR:404 body={"strategy":"-android uiautomator","selector":"new UiSelector().textContains(\"Welcome to\")"}
05:37:37.206411 POST /session/a880ccf9-282d-4356-b5e5-3a1a9f8c44ac/element [4.431492ms] ERR:404 body={"strategy":"-android uiautomator","selector":"new UiSelector().descriptionContains(\"Welcome to\")"...
05:37:37.211235 POST /session/a880ccf9-282d-4356-b5e5-3a1a9f8c44ac/element [4.704601ms] ERR:404 body={"strategy":"-android uiautomator","selector":"new UiSelector().textMatches(\"(?is).*\\QWelcome to\\...
05:37:37.215972 POST /session/a880ccf9-282d-4356-b5e5-3a1a9f8c44ac/element [4.636544ms] ERR:404 body={"strategy":"-android uiautomator","selector":"new UiSelector().descriptionMatches(\"(?is).*\\QWelco...
05:37:37.220468 POST /session/a880ccf9-282d-4356-b5e5-3a1a9f8c44ac/element [4.4039ms] ERR:404 body={"strategy":"-android uiautomator","selector":"new UiSelector().textContains(\"Welcome to\")"}
05:37:37.224474 POST /session/a880ccf9-282d-4356-b5e5-3a1a9f8c44ac/element [3.909435ms] ERR:404 body={"strategy":"-android uiautomator","selector":"new UiSelector().descriptionContains(\"Welcome to\")"...
05:37:37.229485 POST /session/a880ccf9-282d-4356-b5e5-3a1a9f8c44ac/element [4.917789ms] ERR:404 body={"strategy":"-android uiautomator","selector":"new UiSelector().textMatches(\"(?is).*\\QWelcome to\\...
05:37:37.234144 POST /session/a880ccf9-282d-4356-b5e5-3a1a9f8c44ac/element [4.577353ms] ERR:404 body={"strategy":"-android uiautomator","selector":"new UiSelector().descriptionMatches(\"(?is).*\\QWelco...
05:37:37.238448 POST /session/a880ccf9-282d-4356-b5e5-3a1a9f8c44ac/element [4.202113ms] ERR:404 body={"strategy":"-android uiautomator","selector":"new UiSelector().textContains(\"Welcome to\")"}
05:37:37.242771 POST /session/a880ccf9-282d-4356-b5e5-3a1a9f8c44ac/element [4.238071ms] ERR:404 body={"strategy":"-android uiautomator","selector":"new UiSelector().descriptionContains(\"Welcome to\")"...
05:37:37.247992 POST /session/a880ccf9-282d-4356-b5e5-3a1a9f8c44ac/element [5.121118ms] ERR:404 body={"strategy":"-android uiautomator","selector":"new UiSelector().textMatches(\"(?is).*\\QWelcome to\\...
05:37:37.252834 POST /session/a880ccf9-282d-4356-b5e5-3a1a9f8c44ac/element [4.748193ms] ERR:404 body={"strategy":"-android uiautomator","selector":"new UiSelector().descriptionMatches(\"(?is).*\\QWelco...
05:37:37.257280 POST /session/a880ccf9-282d-4356-b5e5-3a1a9f8c44ac/element [4.34489ms] ERR:404 body={"strategy":"-android uiautomator","selector":"new UiSelector().textContains(\"Welcome to\")"}
05:37:37.261661 POST /session/a880ccf9-282d-4356-b5e5-3a1a9f8c44ac/element [4.28568ms] ERR:404 body={"strategy":"-android uiautomator","selector":"new UiSelector().descriptionContains(\"Welcome to\")"...
05:37:37.265992 POST /session/a880ccf9-282d-4356-b5e5-3a1a9f8c44ac/element [4.240204ms] ERR:404 body={"strategy":"-android uiautomator","selector":"new UiSelector().textMatches(\"(?is).*\\QWelcome to\\...
05:37:37.270382 POST /session/a880ccf9-282d-4356-b5e5-3a1a9f8c44ac/element [4.304656ms] ERR:404 body={"strategy":"-android uiautomator","selector":"new UiSelector().descriptionMatches(\"(?is).*\\QWelco...
05:37:37.274316 POST /session/a880ccf9-282d-4356-b5e5-3a1a9f8c44ac/element [3.837653ms] ERR:404 body={"strategy":"-android uiautomator","selector":"new UiSelector().textContains(\"Welcome to\")"}
05:37:37.278370 POST /session/a880ccf9-282d-4356-b5e5-3a1a9f8c44ac/element [3.967244ms] ERR:404 body={"strategy":"-android uiautomator","selector":"new UiSelector().descriptionContains(\"Welcome to\")"...
05:37:37.283937 POST /session/a880ccf9-282d-4356-b5e5-3a1a9f8c44ac/element [5.468677ms] ERR:404 body={"strategy":"-android uiautomator","selector":"new UiSelector().textMatches(\"(?is).*\\QWelcome to\\...
05:37:37.288700 POST /session/a880ccf9-282d-4356-b5e5-3a1a9f8c44ac/element [4.676467ms] ERR:404 body={"strategy":"-android uiautomator","selector":"new UiSelector().descriptionMatches(\"(?is).*\\QWelco...
05:37:37.294800 POST /session/a880ccf9-282d-4356-b5e5-3a1a9f8c44ac/element [6.004407ms] ERR:404 body={"strategy":"-android uiautomator","selector":"new UiSelector().textContains(\"Welcome to\")"}
05:37:37.300233 POST /session/a880ccf9-282d-4356-b5e5-3a1a9f8c44ac/element [5.302846ms] ERR:404 body={"strategy":"-android uiautomator","selector":"new UiSelector().descriptionContains(\"Welcome to\")"...
05:37:37.305246 POST /session/a880ccf9-282d-4356-b5e5-3a1a9f8c44ac/element [4.881461ms] ERR:404 body={"strategy":"-android uiautomator","selector":"new UiSelector().textMatches(\"(?is).*\\QWelcome to\\...
05:37:37.309714 POST /session/a880ccf9-282d-4356-b5e5-3a1a9f8c44ac/element [4.372962ms] ERR:404 body={"strategy":"-android uiautomator","selector":"new UiSelector().descriptionMatches(\"(?is).*\\QWelco...
05:37:37.313770 POST /session/a880ccf9-282d-4356-b5e5-3a1a9f8c44ac/element [3.968718ms] ERR:404 body={"strategy":"-android uiautomator","selector":"new UiSelector().textContains(\"Welcome to\")"}
05:37:37.317785 POST /session/a880ccf9-282d-4356-b5e5-3a1a9f8c44ac/element [3.919888ms] ERR:404 body={"strategy":"-android uiautomator","selector":"new UiSelector().descriptionContains(\"Welcome to\")"...
05:37:37.321616 POST /session/a880ccf9-282d-4356-b5e5-3a1a9f8c44ac/element [3.724932ms] ERR:404 body={"strategy":"-android uiautomator","selector":"new UiSelector().textMatches(\"(?is).*\\QWelcome to\\...
05:37:37.325697 POST /session/a880ccf9-282d-4356-b5e5-3a1a9f8c44ac/element [3.995917ms] ERR:404 body={"strategy":"-android uiautomator","selector":"new UiSelector().descriptionMatches(\"(?is).*\\QWelco...
05:37:37.329546 POST /session/a880ccf9-282d-4356-b5e5-3a1a9f8c44ac/element [3.753816ms] ERR:404 body={"strategy":"-android uiautomator","selector":"new UiSelector().textContains(\"Welcome to\")"}
05:37:37.333510 POST /session/a880ccf9-282d-4356-b5e5-3a1a9f8c44ac/element [3.871045ms] ERR:404 body={"strategy":"-android uiautomator","selector":"new UiSelector().descriptionContains(\"Welcome to\")"...
05:37:37.337475 POST /session/a880ccf9-282d-4356-b5e5-3a1a9f8c44ac/element [3.897725ms] ERR:404 body={"strategy":"-android uiautomator","selector":"new UiSelector().textMatches(\"(?is).*\\QWelcome to\\...
05:37:37.341266 POST /session/a880ccf9-282d-4356-b5e5-3a1a9f8c44ac/element [3.710717ms] ERR:404 body={"strategy":"-android uiautomator","selector":"new UiSelector().descriptionMatches(\"(?is).*\\QWelco...
05:37:37.345404 POST /session/a880ccf9-282d-4356-b5e5-3a1a9f8c44ac/element [4.051973ms] ERR:404 body={"strategy":"-android uiautomator","selector":"new UiSelector().textContains(\"Welcome to\")"}
05:37:37.350192 POST /session/a880ccf9-282d-4356-b5e5-3a1a9f8c44ac/element [4.683312ms] ERR:404 body={"strategy":"-android uiautomator","selector":"new UiSelector().descriptionContains(\"Welcome to\")"...
05:37:37.355438 POST /session/a880ccf9-282d-4356-b5e5-3a1a9f8c44ac/element [5.113813ms] ERR:404 body={"strategy":"-android uiautomator","selector":"new UiSelector().textMatches(\"(?is).*\\QWelcome to\\...
05:37:37.360598 POST /session/a880ccf9-282d-4356-b5e5-3a1a9f8c44ac/element [5.059044ms] ERR:404 body={"strategy":"-android uiautomator","selector":"new UiSelector().descriptionMatches(\"(?is).*\\QWelco...
05:37:37.365546 POST /session/a880ccf9-282d-4356-b5e5-3a1a9f8c44ac/element [4.846967ms] ERR:404 body={"strategy":"-android uiautomator","selector":"new UiSelector().textContains(\"Welcome to\")"}
05:37:37.370140 POST /session/a880ccf9-282d-4356-b5e5-3a1a9f8c44ac/element [4.48987ms] ERR:404 body={"strategy":"-android uiautomator","selector":"new UiSelector().descriptionContains(\"Welcome to\")"...
05:37:37.374776 POST /session/a880ccf9-282d-4356-b5e5-3a1a9f8c44ac/element [4.523163ms] ERR:404 body={"strategy":"-android uiautomator","selector":"new UiSelector().textMatches(\"(?is).*\\QWelcome to\\...
05:37:37.379500 POST /session/a880ccf9-282d-4356-b5e5-3a1a9f8c44ac/element [4.630533ms] ERR:404 body={"strategy":"-android uiautomator","selector":"new UiSelector().descriptionMatches(\"(?is).*\\QWelco...
05:37:37.384425 POST /session/a880ccf9-282d-4356-b5e5-3a1a9f8c44ac/element [4.813107ms] ERR:404 body={"strategy":"-android uiautomator","selector":"new UiSelector().textContains(\"Welcome to\")"}
05:37:37.388537 POST /session/a880ccf9-282d-4356-b5e5-3a1a9f8c44ac/element [3.980586ms] ERR:404 body={"strategy":"-android uiautomator","selector":"new UiSelector().descriptionContains(\"Welcome to\")"...
05:37:37.392855 POST /session/a880ccf9-282d-4356-b5e5-3a1a9f8c44ac/element [4.183264ms] ERR:404 body={"strategy":"-android uiautomator","selector":"new UiSelector().textMatches(\"(?is).*\\QWelcome to\\...
05:37:37.396778 POST /session/a880ccf9-282d-4356-b5e5-3a1a9f8c44ac/element [3.834236ms] ERR:404 body={"strategy":"-android uiautomator","selector":"new UiSelector().descriptionMatches(\"(?is).*\\QWelco...
05:37:37.400689 POST /session/a880ccf9-282d-4356-b5e5-3a1a9f8c44ac/element [3.850886ms] ERR:404 body={"strategy":"-android uiautomator","selector":"new UiSelector().textContains(\"Welcome to\")"}
05:37:37.405757 POST /session/a880ccf9-282d-4356-b5e5-3a1a9f8c44ac/element [4.994332ms] ERR:404 body={"strategy":"-android uiautomator","selector":"new UiSelector().descriptionContains(\"Welcome to\")"...
05:37:37.409695 POST /session/a880ccf9-282d-4356-b5e5-3a1a9f8c44ac/element [3.868811ms] ERR:404 body={"strategy":"-android uiautomator","selector":"new UiSelector().textMatches(\"(?is).*\\QWelcome to\\...
05:37:37.413486 POST /session/a880ccf9-282d-4356-b5e5-3a1a9f8c44ac/element [3.716448ms] ERR:404 body={"strategy":"-android uiautomator","selector":"new UiSelector().descriptionMatches(\"(?is).*\\QWelco...
05:37:37.418336 POST /session/a880ccf9-282d-4356-b5e5-3a1a9f8c44ac/element [4.769155ms] ERR:404 body={"strategy":"-android uiautomator","selector":"new UiSelector().textContains(\"Welcome to\")"}
05:37:37.422452 POST /session/a880ccf9-282d-4356-b5e5-3a1a9f8c44ac/element [4.01149ms] ERR:404 body={"strategy":"-android uiautomator","selector":"new UiSelector().descriptionContains(\"Welcome to\")"...
05:37:37.426719 POST /session/a880ccf9-282d-4356-b5e5-3a1a9f8c44ac/element [4.166597ms] ERR:404 body={"strategy":"-android uiautomator","selector":"new UiSelector().textMatches(\"(?is).*\\QWelcome to\\...
05:37:37.431086 POST /session/a880ccf9-282d-4356-b5e5-3a1a9f8c44ac/element [4.237414ms] ERR:404 body={"strategy":"-android uiautomator","selector":"new UiSelector().descriptionMatches(\"(?is).*\\QWelco...
05:37:37.435128 POST /session/a880ccf9-282d-4356-b5e5-3a1a9f8c44ac/element [3.962436ms] ERR:404 body={"strategy":"-android uiautomator","selector":"new UiSelector().textContains(\"Welcome to\")"}
05:37:37.439083 POST /session/a880ccf9-282d-4356-b5e5-3a1a9f8c44ac/element [3.879633ms] ERR:404 body={"strategy":"-android uiautomator","selector":"new UiSelector().descriptionContains(\"Welcome to\")"...
05:37:37.443988 POST /session/a880ccf9-282d-4356-b5e5-3a1a9f8c44ac/element [4.823433ms] ERR:404 body={"strategy":"-android uiautomator","selector":"new UiSelector().textMatches(\"(?is).*\\QWelcome to\\...
05:37:37.448509 POST /session/a880ccf9-282d-4356-b5e5-3a1a9f8c44ac/element [4.424879ms] ERR:404 body={"strategy":"-android uiautomator","selector":"new UiSelector().descriptionMatches(\"(?is).*\\QWelco...
05:37:37.453166 POST /session/a880ccf9-282d-4356-b5e5-3a1a9f8c44ac/element [4.387779ms] ERR:404 body={"strategy":"-android uiautomator","selector":"new UiSelector().textContains(\"Welcome to\")"}
05:37:37.458517 POST /session/a880ccf9-282d-4356-b5e5-3a1a9f8c44ac/element [4.790553ms] ERR:404 body={"strategy":"-android uiautomator","selector":"new UiSelector().descriptionContains(\"Welcome to\")"...
05:37:37.462628 POST /session/a880ccf9-282d-4356-b5e5-3a1a9f8c44ac/element [4.018069ms] ERR:404 body={"strategy":"-android uiautomator","selector":"new UiSelector().textMatches(\"(?is).*\\QWelcome to\\...
05:37:37.466487 POST /session/a880ccf9-282d-4356-b5e5-3a1a9f8c44ac/element [3.770838ms] ERR:404 body={"strategy":"-android uiautomator","selector":"new UiSelector().descriptionMatches(\"(?is).*\\QWelco...
05:37:37.470385 POST /session/a880ccf9-282d-4356-b5e5-3a1a9f8c44ac/element [3.809761ms] ERR:404 body={"strategy":"-android uiautomator","selector":"new UiSelector().textContains(\"Welcome to\")"}
05:37:37.474212 POST /session/a880ccf9-282d-4356-b5e5-3a1a9f8c44ac/element [3.762012ms] ERR:404 body={"strategy":"-android uiautomator","selector":"new UiSelector().descriptionContains(\"Welcome to\")"...
05:37:37.478107 POST /session/a880ccf9-282d-4356-b5e5-3a1a9f8c44ac/element [3.789491ms] ERR:404 body={"strategy":"-android uiautomator","selector":"new UiSelector().textMatches(\"(?is).*\\QWelcome to\\...
05:37:37.482084 POST /session/a880ccf9-282d-4356-b5e5-3a1a9f8c44ac/element [3.893737ms] ERR:404 body={"strategy":"-android uiautomator","selector":"new UiSelector().descriptionMatches(\"(?is).*\\QWelco...
05:37:37.485980 POST /session/a880ccf9-282d-4356-b5e5-3a1a9f8c44ac/element [3.821413ms] ERR:404 body={"strategy":"-android uiautomator","selector":"new UiSelector().textContains(\"Welcome to\")"}
05:37:37.489691 POST /session/a880ccf9-282d-4356-b5e5-3a1a9f8c44ac/element [3.639223ms] ERR:404 body={"strategy":"-android uiautomator","selector":"new UiSelector().descriptionContains(\"Welcome to\")"...
05:37:37.494714 POST /session/a880ccf9-282d-4356-b5e5-3a1a9f8c44ac/element [4.957875ms] ERR:404 body={"strategy":"-android uiautomator","selector":"new UiSelector().textMatches(\"(?is).*\\QWelcome to\\...
05:37:37.498752 POST /session/a880ccf9-282d-4356-b5e5-3a1a9f8c44ac/element [3.969738ms] ERR:404 body={"strategy":"-android uiautomator","selector":"new UiSelector().descriptionMatches(\"(?is).*\\QWelco...
05:37:37.502976 POST /session/a880ccf9-282d-4356-b5e5-3a1a9f8c44ac/element [4.133545ms] ERR:404 body={"strategy":"-android uiautomator","selector":"new UiSelector().textContains(\"Welcome to\")"}
05:37:37.507921 POST /session/a880ccf9-282d-4356-b5e5-3a1a9f8c44ac/element [4.849672ms] ERR:404 body={"strategy":"-android uiautomator","selector":"new UiSelector().descriptionContains(\"Welcome to\")"...
05:37:37.512427 POST /session/a880ccf9-282d-4356-b5e5-3a1a9f8c44ac/element [4.374395ms] ERR:404 body={"strategy":"-android uiautomator","selector":"new UiSelector().textMatches(\"(?is).*\\QWelcome to\\...
05:37:37.516428 POST /session/a880ccf9-282d-4356-b5e5-3a1a9f8c44ac/element [3.895093ms] ERR:404 body={"strategy":"-android uiautomator","selector":"new UiSelector().descriptionMatches(\"(?is).*\\QWelco...
05:37:37.522536 POST /session/a880ccf9-282d-4356-b5e5-3a1a9f8c44ac/element [6.001982ms] ERR:404 body={"strategy":"-android uiautomator","selector":"new UiSelector().textContains(\"Welcome to\")"}
05:37:37.527340 POST /session/a880ccf9-282d-4356-b5e5-3a1a9f8c44ac/element [4.711546ms] ERR:404 body={"strategy":"-android uiautomator","selector":"new UiSelector().descriptionContains(\"Welcome to\")"...
05:37:37.533269 POST /session/a880ccf9-282d-4356-b5e5-3a1a9f8c44ac/element [5.834299ms] ERR:404 body={"strategy":"-android uiautomator","selector":"new UiSelector().textMatches(\"(?is).*\\QWelcome to\\...
05:37:37.539273 POST /session/a880ccf9-282d-4356-b5e5-3a1a9f8c44ac/element [5.900053ms] ERR:404 body={"strategy":"-android uiautomator","selector":"new UiSelector().descriptionMatches(\"(?is).*\\QWelco...
05:37:37.545140 POST /session/a880ccf9-282d-4356-b5e5-3a1a9f8c44ac/element [5.751516ms] ERR:404 body={"strategy":"-android uiautomator","selector":"new UiSelector().textContains(\"Welcome to\")"}
05:37:37.550919 POST /session/a880ccf9-282d-4356-b5e5-3a1a9f8c44ac/element [5.655787ms] ERR:404 body={"strategy":"-android uiautomator","selector":"new UiSelector().descriptionContains(\"Welcome to\")"...
05:37:37.557143 POST /session/a880ccf9-282d-4356-b5e5-3a1a9f8c44ac/element [6.133208ms] ERR:404 body={"strategy":"-android uiautomator","selector":"new UiSelector().textMatches(\"(?is).*\\QWelcome to\\...
05:37:37.564493 POST /session/a880ccf9-282d-4356-b5e5-3a1a9f8c44ac/element [7.212803ms] ERR:404 body={"strategy":"-android uiautomator","selector":"new UiSelector().descriptionMatches(\"(?is).*\\QWelco...
05:37:37.571977 POST /session/a880ccf9-282d-4356-b5e5-3a1a9f8c44ac/element [7.337836ms] ERR:404 body={"strategy":"-android uiautomator","selector":"new UiSelector().textContains(\"Welcome to\")"}
05:37:37.578426 POST /session/a880ccf9-282d-4356-b5e5-3a1a9f8c44ac/element [6.335204ms] ERR:404 body={"strategy":"-android uiautomator","selector":"new UiSelector().descriptionContains(\"Welcome to\")"...
05:37:37.584408 POST /session/a880ccf9-282d-4356-b5e5-3a1a9f8c44ac/element [5.880115ms] ERR:404 body={"strategy":"-android uiautomator","selector":"new UiSelector().textMatches(\"(?is).*\\QWelcome to\\...
05:37:37.590426 POST /session/a880ccf9-282d-4356-b5e5-3a1a9f8c44ac/element [5.92002ms] ERR:404 body={"strategy":"-android uiautomator","selector":"new UiSelector().descriptionMatches(\"(?is).*\\QWelco...
05:37:37.596453 POST /session/a880ccf9-282d-4356-b5e5-3a1a9f8c44ac/element [5.900523ms] ERR:404 body={"strategy":"-android uiautomator","selector":"new UiSelector().textContains(\"Welcome to\")"}
05:37:37.602789 POST /session/a880ccf9-282d-4356-b5e5-3a1a9f8c44ac/element [6.167342ms] ERR:404 body={"strategy":"-android uiautomator","selector":"new UiSelector().descriptionContains(\"Welcome to\")"...
05:37:37.609019 POST /session/a880ccf9-282d-4356-b5e5-3a1a9f8c44ac/element [6.117748ms] ERR:404 body={"strategy":"-android uiautomator","selector":"new UiSelector().textMatches(\"(?is).*\\QWelcome to\\...
05:37:37.615069 POST /session/a880ccf9-282d-4356-b5e5-3a1a9f8c44ac/element [5.941289ms] ERR:404 body={"strategy":"-android uiautomator","selector":"new UiSelector().descriptionMatches(\"(?is).*\\QWelco...
05:37:37.621088 POST /session/a880ccf9-282d-4356-b5e5-3a1a9f8c44ac/element [5.91512ms] ERR:404 body={"strategy":"-android uiautomator","selector":"new UiSelector().textContains(\"Welcome to\")"}
05:37:37.625851 POST /session/a880ccf9-282d-4356-b5e5-3a1a9f8c44ac/element [4.640708ms] ERR:404 body={"strategy":"-android uiautomator","selector":"new UiSelector().descriptionContains(\"Welcome to\")"...
05:37:37.629684 POST /session/a880ccf9-282d-4356-b5e5-3a1a9f8c44ac/element [3.733067ms] ERR:404 body={"strategy":"-android uiautomator","selector":"new UiSelector().textMatches(\"(?is).*\\QWelcome to\\...
05:37:37.633656 POST /session/a880ccf9-282d-4356-b5e5-3a1a9f8c44ac/element [3.869031ms] ERR:404 body={"strategy":"-android uiautomator","selector":"new UiSelector().descriptionMatches(\"(?is).*\\QWelco...
05:37:37.637548 POST /session/a880ccf9-282d-4356-b5e5-3a1a9f8c44ac/element [3.776414ms] ERR:404 body={"strategy":"-android uiautomator","selector":"new UiSelector().textContains(\"Welcome to\")"}
05:37:37.641387 POST /session/a880ccf9-282d-4356-b5e5-3a1a9f8c44ac/element [3.736699ms] ERR:404 body={"strategy":"-android uiautomator","selector":"new UiSelector().descriptionContains(\"Welcome to\")"...
05:37:37.645313 POST /session/a880ccf9-282d-4356-b5e5-3a1a9f8c44ac/element [3.850853ms] ERR:404 body={"strategy":"-android uiautomator","selector":"new UiSelector().textMatches(\"(?is).*\\QWelcome to\\...
05:37:37.649014 POST /session/a880ccf9-282d-4356-b5e5-3a1a9f8c44ac/element [3.589103ms] ERR:404 body={"strategy":"-android uiautomator","selector":"new UiSelector().descriptionMatches(\"(?is).*\\QWelco...
05:37:37.652778 POST /session/a880ccf9-282d-4356-b5e5-3a1a9f8c44ac/element [3.68584ms] ERR:404 body={"strategy":"-android uiautomator","selector":"new UiSelector().textContains(\"Welcome to\")"}
05:37:37.656476 POST /session/a880ccf9-282d-4356-b5e5-3a1a9f8c44ac/element [3.630846ms] ERR:404 body={"strategy":"-android uiautomator","selector":"new UiSelector().descriptionContains(\"Welcome to\")"...
05:37:37.660230 POST /session/a880ccf9-282d-4356-b5e5-3a1a9f8c44ac/element [3.671545ms] ERR:404 body={"strategy":"-android uiautomator","selector":"new UiSelector().textMatches(\"(?is).*\\QWelcome to\\...
05:37:37.664747 POST /session/a880ccf9-282d-4356-b5e5-3a1a9f8c44ac/element [4.385401ms] ERR:404 body={"strategy":"-android uiautomator","selector":"new UiSelector().descriptionMatches(\"(?is).*\\QWelco...
05:37:37.668863 POST /session/a880ccf9-282d-4356-b5e5-3a1a9f8c44ac/element [4.008071ms] ERR:404 body={"strategy":"-android uiautomator","selector":"new UiSelector().textContains(\"Welcome to\")"}
05:37:37.673197 POST /session/a880ccf9-282d-4356-b5e5-3a1a9f8c44ac/element [4.229239ms] ERR:404 body={"strategy":"-android uiautomator","selector":"new UiSelector().descriptionContains(\"Welcome to\")"...
05:37:37.677479 POST /session/a880ccf9-282d-4356-b5e5-3a1a9f8c44ac/element [4.1602ms] ERR:404 body={"strategy":"-android uiautomator","selector":"new UiSelector().textMatches(\"(?is).*\\QWelcome to\\...
05:37:37.681582 POST /session/a880ccf9-282d-4356-b5e5-3a1a9f8c44ac/element [3.978576ms] ERR:404 body={"strategy":"-android uiautomator","selector":"new UiSelector().descriptionMatches(\"(?is).*\\QWelco...
05:37:37.685599 POST /session/a880ccf9-282d-4356-b5e5-3a1a9f8c44ac/element [3.910661ms] ERR:404 body={"strategy":"-android uiautomator","selector":"new UiSelector().textContains(\"Welcome to\")"}
05:37:37.690080 POST /session/a880ccf9-282d-4356-b5e5-3a1a9f8c44ac/element [4.385275ms] ERR:404 body={"strategy":"-android uiautomator","selector":"new UiSelector().descriptionContains(\"Welcome to\")"...
05:37:37.694389 POST /session/a880ccf9-282d-4356-b5e5-3a1a9f8c44ac/element [4.199735ms] ERR:404 body={"strategy":"-android uiautomator","selector":"new UiSelector().textMatches(\"(?is).*\\QWelcome to\\...
05:37:37.698604 POST /session/a880ccf9-282d-4356-b5e5-3a1a9f8c44ac/element [4.11273ms] ERR:404 body={"strategy":"-android uiautomator","selector":"new UiSelector().descriptionMatches(\"(?is).*\\QWelco...
05:37:37.702716 POST /session/a880ccf9-282d-4356-b5e5-3a1a9f8c44ac/element [4.023749ms] ERR:404 body={"strategy":"-android uiautomator","selector":"new UiSelector().textContains(\"Welcome to\")"}
05:37:37.706390 POST /session/a880ccf9-282d-4356-b5e5-3a1a9f8c44ac/element [3.581525ms] ERR:404 body={"strategy":"-android uiautomator","selector":"new UiSelector().descriptionContains(\"Welcome to\")"...
05:37:37.712495 POST /session/a880ccf9-282d-4356-b5e5-3a1a9f8c44ac/element [6.014666ms] ERR:404 body={"strategy":"-android uiautomator","selector":"new UiSelector().textMatches(\"(?is).*\\QWelcome to\\...
05:37:37.716675 POST /session/a880ccf9-282d-4356-b5e5-3a1a9f8c44ac/element [4.104441ms] ERR:404 body={"strategy":"-android uiautomator","selector":"new UiSelector().descriptionMatches(\"(?is).*\\QWelco...
05:37:37.720550 POST /session/a880ccf9-282d-4356-b5e5-3a1a9f8c44ac/element [3.736534ms] ERR:404 body={"strategy":"-android uiautomator","selector":"new UiSelector().textContains(\"Welcome to\")"}
05:37:37.724400 POST /session/a880ccf9-282d-4356-b5e5-3a1a9f8c44ac/element [3.765951ms] ERR:404 body={"strategy":"-android uiautomator","selector":"new UiSelector().descriptionContains(\"Welcome to\")"...
05:37:37.728868 POST /session/a880ccf9-282d-4356-b5e5-3a1a9f8c44ac/element [4.371126ms] ERR:404 body={"strategy":"-android uiautomator","selector":"new UiSelector().textMatches(\"(?is).*\\QWelcome to\\...
05:37:37.732522 POST /session/a880ccf9-282d-4356-b5e5-3a1a9f8c44ac/element [3.58961ms] ERR:404 body={"strategy":"-android uiautomator","selector":"new UiSelector().descriptionMatches(\"(?is).*\\QWelco...
05:37:37.736010 POST /session/a880ccf9-282d-4356-b5e5-3a1a9f8c44ac/element [3.393265ms] ERR:404 body={"strategy":"-android uiautomator","selector":"new UiSelector().textContains(\"Welcome to\")"}
05:37:37.739633 POST /session/a880ccf9-282d-4356-b5e5-3a1a9f8c44ac/element [3.53098ms] ERR:404 body={"strategy":"-android uiautomator","selector":"new UiSelector().descriptionContains(\"Welcome to\")"...
05:37:37.743392 POST /session/a880ccf9-282d-4356-b5e5-3a1a9f8c44ac/element [3.660972ms] ERR:404 body={"strategy":"-android uiautomator","selector":"new UiSelector().textMatches(\"(?is).*\\QWelcome to\\...
05:37:37.747026 POST /session/a880ccf9-282d-4356-b5e5-3a1a9f8c44ac/element [3.537673ms] ERR:404 body={"strategy":"-android uiautomator","selector":"new UiSelector().descriptionMatches(\"(?is).*\\QWelco...
05:37:37.750616 POST /session/a880ccf9-282d-4356-b5e5-3a1a9f8c44ac/element [3.496165ms] ERR:404 body={"strategy":"-android uiautomator","selector":"new UiSelector().textContains(\"Welcome to\")"}
05:37:37.754206 POST /session/a880ccf9-282d-4356-b5e5-3a1a9f8c44ac/element [3.498782ms] ERR:404 body={"strategy":"-android uiautomator","selector":"new UiSelector().descriptionContains(\"Welcome to\")"...
05:37:37.758728 POST /session/a880ccf9-282d-4356-b5e5-3a1a9f8c44ac/element [4.441816ms] ERR:404 body={"strategy":"-android uiautomator","selector":"new UiSelector().textMatches(\"(?is).*\\QWelcome to\\...
05:37:37.762368 POST /session/a880ccf9-282d-4356-b5e5-3a1a9f8c44ac/element [3.543214ms] ERR:404 body={"strategy":"-android uiautomator","selector":"new UiSelector().descriptionMatches(\"(?is).*\\QWelco...
05:37:37.770846 GET /session/a880ccf9-282d-4356-b5e5-3a1a9f8c44ac/source [8.34198ms] OK body=
05:37:38.024311 GET /session/a880ccf9-282d-4356-b5e5-3a1a9f8c44ac/screenshot [252.796563ms] OK body=
05:37:38.037262 GET /session/a880ccf9-282d-4356-b5e5-3a1a9f8c44ac/source [12.427859ms] OK body=
05:37:38.285300 GET /session/a880ccf9-282d-4356-b5e5-3a1a9f8c44ac/screenshot [247.66381ms] OK body=
05:37:38.296276 GET /session/a880ccf9-282d-4356-b5e5-3a1a9f8c44ac/source [10.440717ms] OK body=
05:37:38.313612 DELETE /session/a880ccf9-282d-4356-b5e5-3a1a9f8c44ac [2.359194ms] OK body=
