07:00:11.517068 POST /session [26.722029ms] OK body={"capabilities":{"platformName":"Android","deviceName":"Android SDK built for x86"}}
07:00:11.524485 POST /session/b3dece3d-73af-4a39-8b8f-21d37408982c/appium/settings [7.286966ms] OK body={"settings":{"waitForIdleTimeout":200}}
07:00:11.531780 POST /session/b3dece3d-73af-4a39-8b8f-21d37408982c/appium/settings [7.235939ms] OK body={"settings":{"implicitWait":100}}
07:00:11.686299 GET /session/b3dece3d-73af-4a39-8b8f-21d37408982c/appium/device/info [54.334725ms] OK body=
07:00:11.704184 POST /session/b3dece3d-73af-4a39-8b8f-21d37408982c/appium/settings [10.35166ms] OK body={"settings":{"waitForIdleTimeout":200}}
07:00:16.196601 POST /session/b3dece3d-73af-4a39-8b8f-21d37408982c/appium/device/launch_app [9.772462ms] ERR:404 body={"appId":"com.tastopia.app"}
07:00:20.909124 POST /session/b3dece3d-73af-4a39-8b8f-21d37408982c/element [692.82907ms] ERR:404 body={"strategy":"-android uiautomator","selector":"new UiSelector().resourceIdMatches(\".*welcome-sign-i...
07:00:21.823745 POST /session/b3dece3d-73af-4a39-8b8f-21d37408982c/element [914.506484ms] OK body={"strategy":"-android uiautomator","selector":"new UiSelector().resourceIdMatches(\".*welcome-sign-i...
07:00:21.972845 GET /session/b3dece3d-73af-4a39-8b8f-21d37408982c/element/00000000-0000-0007-ffff-ffff00000022/text [149.005296ms] OK body=
07:00:22.018743 GET /session/b3dece3d-73af-4a39-8b8f-21d37408982c/element/00000000-0000-0007-ffff-ffff00000022/rect [45.825374ms] OK body=
07:00:22.059616 POST /session/b3dece3d-73af-4a39-8b8f-21d37408982c/element/00000000-0000-0007-ffff-ffff00000022/click [40.774106ms] OK body=
07:00:22.952302 POST /session/b3dece3d-73af-4a39-8b8f-21d37408982c/element [189.028129ms] OK body={"strategy":"-android uiautomator","selector":"new UiSelector().resourceIdMatches(\".*login-identifi...
07:00:22.966445 POST /session/b3dece3d-73af-4a39-8b8f-21d37408982c/element [13.875933ms] OK body={"strategy":"-android uiautomator","selector":"new UiSelector().resourceIdMatches(\".*login-identifi...
07:00:22.982637 GET /session/b3dece3d-73af-4a39-8b8f-21d37408982c/element/00000000-0000-0007-ffff-ffff00000030/text [16.118332ms] OK body=
07:00:22.996845 GET /session/b3dece3d-73af-4a39-8b8f-21d37408982c/element/00000000-0000-0007-ffff-ffff00000030/rect [14.128893ms] OK body=
07:00:23.700092 POST /session/b3dece3d-73af-4a39-8b8f-21d37408982c/element/00000000-0000-0007-ffff-ffff00000030/click [703.187547ms] OK body=
07:00:26.488845 POST /session/b3dece3d-73af-4a39-8b8f-21d37408982c/actions [2.788354753s] OK body={"actions":[{"actions":[{"type":"keyDown","value":"a"},{"type":"keyUp","value":"a"},{"type":"keyDown...
07:00:26.541880 POST /session/b3dece3d-73af-4a39-8b8f-21d37408982c/appium/device/hide_keyboard [52.924908ms] ERR:404 body=
07:00:27.151759 POST /session/b3dece3d-73af-4a39-8b8f-21d37408982c/element [609.575933ms] OK body={"strategy":"-android uiautomator","selector":"new UiSelector().resourceIdMatches(\".*login-password...
07:00:27.171392 POST /session/b3dece3d-73af-4a39-8b8f-21d37408982c/element [19.012284ms] OK body={"strategy":"-android uiautomator","selector":"new UiSelector().resourceIdMatches(\".*login-password...
07:00:27.204190 GET /session/b3dece3d-73af-4a39-8b8f-21d37408982c/element/00000000-0000-0007-ffff-ffff00000031/text [32.720505ms] OK body=
07:00:27.219848 GET /session/b3dece3d-73af-4a39-8b8f-21d37408982c/element/00000000-0000-0007-ffff-ffff00000031/rect [15.58774ms] OK body=
07:00:27.482588 POST /session/b3dece3d-73af-4a39-8b8f-21d37408982c/element/00000000-0000-0007-ffff-ffff00000031/click [262.670071ms] OK body=
07:00:28.098712 POST /session/b3dece3d-73af-4a39-8b8f-21d37408982c/actions [615.796948ms] OK body={"actions":[{"actions":[{"type":"keyDown","value":"P"},{"type":"keyUp","value":"P"},{"type":"keyDown...
07:00:28.129831 POST /session/b3dece3d-73af-4a39-8b8f-21d37408982c/appium/device/hide_keyboard [31.014592ms] ERR:404 body=
07:00:28.747764 POST /session/b3dece3d-73af-4a39-8b8f-21d37408982c/element [617.645449ms] OK body={"strategy":"-android uiautomator","selector":"new UiSelector().resourceIdMatches(\".*login-submit-b...
07:00:28.759884 GET /session/b3dece3d-73af-4a39-8b8f-21d37408982c/element/00000000-0000-0007-ffff-ffff0000004a/text [12.025203ms] OK body=
07:00:28.773762 GET /session/b3dece3d-73af-4a39-8b8f-21d37408982c/element/00000000-0000-0007-ffff-ffff0000004a/rect [13.80711ms] OK body=
07:00:28.806375 POST /session/b3dece3d-73af-4a39-8b8f-21d37408982c/element/00000000-0000-0007-ffff-ffff0000004a/click [32.51437ms] OK body=
07:00:28.824911 POST /session/b3dece3d-73af-4a39-8b8f-21d37408982c/element [18.344796ms] OK body={"strategy":"-android uiautomator","selector":"new UiSelector().resourceIdMatches(\".*login-submit-b...
07:00:29.478514 GET /session/b3dece3d-73af-4a39-8b8f-21d37408982c/element/00000000-0000-0007-ffff-ffff0000004a/text [653.520286ms] OK body=
07:00:29.492313 GET /session/b3dece3d-73af-4a39-8b8f-21d37408982c/element/00000000-0000-0007-ffff-ffff0000004a/rect [13.718035ms] OK body=
07:00:29.524852 POST /session/b3dece3d-73af-4a39-8b8f-21d37408982c/element/00000000-0000-0007-ffff-ffff0000004a/click [32.452746ms] OK body=
07:00:29.754968 POST /session/b3dece3d-73af-4a39-8b8f-21d37408982c/element [229.558504ms] ERR:404 body={"strategy":"-android uiautomator","selector":"new UiSelector().resourceIdMatches(\".*COMMUNITY.*\")...
07:00:30.253775 POST /session/b3dece3d-73af-4a39-8b8f-21d37408982c/element [498.686484ms] ERR:404 body={"strategy":"-android uiautomator","selector":"new UiSelector().resourceIdMatches(\".*COMMUNITY.*\")...
07:00:30.265322 POST /session/b3dece3d-73af-4a39-8b8f-21d37408982c/element [11.431535ms] ERR:404 body={"strategy":"-android uiautomator","selector":"new UiSelector().resourceIdMatches(\".*COMMUNITY.*\")...
07:00:30.276728 POST /session/b3dece3d-73af-4a39-8b8f-21d37408982c/element [11.307335ms] ERR:404 body={"strategy":"-android uiautomator","selector":"new UiSelector().resourceIdMatches(\".*COMMUNITY.*\")...
07:00:30.289264 POST /session/b3dece3d-73af-4a39-8b8f-21d37408982c/element [12.428614ms] ERR:404 body={"strategy":"-android uiautomator","selector":"new UiSelector().resourceIdMatches(\".*COMMUNITY.*\")...
07:00:30.300979 POST /session/b3dece3d-73af-4a39-8b8f-21d37408982c/element [11.62092ms] ERR:404 body={"strategy":"-android uiautomator","selector":"new UiSelector().resourceIdMatches(\".*COMMUNITY.*\")...
07:00:30.312262 POST /session/b3dece3d-73af-4a39-8b8f-21d37408982c/element [11.17759ms] ERR:404 body={"strategy":"-android uiautomator","selector":"new UiSelector().resourceIdMatches(\".*COMMUNITY.*\")...
07:00:30.326028 POST /session/b3dece3d-73af-4a39-8b8f-21d37408982c/element [13.639457ms] ERR:404 body={"strategy":"-android uiautomator","selector":"new UiSelector().resourceIdMatches(\".*COMMUNITY.*\")...
07:00:30.339022 POST /session/b3dece3d-73af-4a39-8b8f-21d37408982c/element [12.87563ms] ERR:404 body={"strategy":"-android uiautomator","selector":"new UiSelector().resourceIdMatches(\".*COMMUNITY.*\")...
07:00:30.352373 POST /session/b3dece3d-73af-4a39-8b8f-21d37408982c/element [13.233858ms] ERR:404 body={"strategy":"-android uiautomator","selector":"new UiSelector().resourceIdMatches(\".*COMMUNITY.*\")...
07:00:30.365740 POST /session/b3dece3d-73af-4a39-8b8f-21d37408982c/element [13.249477ms] ERR:404 body={"strategy":"-android uiautomator","selector":"new UiSelector().resourceIdMatches(\".*COMMUNITY.*\")...
07:00:30.387598 POST /session/b3dece3d-73af-4a39-8b8f-21d37408982c/element [21.748803ms] ERR:404 body={"strategy":"-android uiautomator","selector":"new UiSelector().resourceIdMatches(\".*COMMUNITY.*\")...
07:00:30.400293 POST /session/b3dece3d-73af-4a39-8b8f-21d37408982c/element [12.566496ms] ERR:404 body={"strategy":"-android uiautomator","selector":"new UiSelector().resourceIdMatches(\".*COMMUNITY.*\")...
07:00:30.418958 POST /session/b3dece3d-73af-4a39-8b8f-21d37408982c/element [18.529312ms] ERR:404 body={"strategy":"-android uiautomator","selector":"new UiSelector().resourceIdMatches(\".*COMMUNITY.*\")...
07:00:30.433676 POST /session/b3dece3d-73af-4a39-8b8f-21d37408982c/element [14.573029ms] ERR:404 body={"strategy":"-android uiautomator","selector":"new UiSelector().resourceIdMatches(\".*COMMUNITY.*\")...
07:00:31.058073 POST /session/b3dece3d-73af-4a39-8b8f-21d37408982c/element [624.253719ms] ERR:404 body={"strategy":"-android uiautomator","selector":"new UiSelector().resourceIdMatches(\".*COMMUNITY.*\")...
07:00:31.070183 POST /session/b3dece3d-73af-4a39-8b8f-21d37408982c/element [12.000586ms] ERR:404 body={"strategy":"-android uiautomator","selector":"new UiSelector().resourceIdMatches(\".*COMMUNITY.*\")...
07:00:31.083391 POST /session/b3dece3d-73af-4a39-8b8f-21d37408982c/element [13.110322ms] ERR:404 body={"strategy":"-android uiautomator","selector":"new UiSelector().resourceIdMatches(\".*COMMUNITY.*\")...
07:00:31.096469 POST /session/b3dece3d-73af-4a39-8b8f-21d37408982c/element [12.990362ms] ERR:404 body={"strategy":"-android uiautomator","selector":"new UiSelector().resourceIdMatches(\".*COMMUNITY.*\")...
07:00:31.111826 POST /session/b3dece3d-73af-4a39-8b8f-21d37408982c/element [15.247643ms] ERR:404 body={"strategy":"-android uiautomator","selector":"new UiSelector().resourceIdMatches(\".*COMMUNITY.*\")...
07:00:31.126960 POST /session/b3dece3d-73af-4a39-8b8f-21d37408982c/element [15.05224ms] ERR:404 body={"strategy":"-android uiautomator","selector":"new UiSelector().resourceIdMatches(\".*COMMUNITY.*\")...
07:00:31.142079 POST /session/b3dece3d-73af-4a39-8b8f-21d37408982c/element [15.027893ms] ERR:404 body={"strategy":"-android uiautomator","selector":"new UiSelector().resourceIdMatches(\".*COMMUNITY.*\")...
07:00:31.152963 POST /session/b3dece3d-73af-4a39-8b8f-21d37408982c/element [10.761314ms] ERR:404 body={"strategy":"-android uiautomator","selector":"new UiSelector().resourceIdMatches(\".*COMMUNITY.*\")...
07:00:31.168155 POST /session/b3dece3d-73af-4a39-8b8f-21d37408982c/element [15.09901ms] ERR:404 body={"strategy":"-android uiautomator","selector":"new UiSelector().resourceIdMatches(\".*COMMUNITY.*\")...
07:00:31.179300 POST /session/b3dece3d-73af-4a39-8b8f-21d37408982c/element [11.047183ms] ERR:404 body={"strategy":"-android uiautomator","selector":"new UiSelector().resourceIdMatches(\".*COMMUNITY.*\")...
07:00:31.190408 POST /session/b3dece3d-73af-4a39-8b8f-21d37408982c/element [11.011801ms] ERR:404 body={"strategy":"-android uiautomator","selector":"new UiSelector().resourceIdMatches(\".*COMMUNITY.*\")...
07:00:31.201924 POST /session/b3dece3d-73af-4a39-8b8f-21d37408982c/element [11.406163ms] ERR:404 body={"strategy":"-android uiautomator","selector":"new UiSelector().resourceIdMatches(\".*COMMUNITY.*\")...
07:00:31.218336 POST /session/b3dece3d-73af-4a39-8b8f-21d37408982c/element [16.28426ms] ERR:404 body={"strategy":"-android uiautomator","selector":"new UiSelector().resourceIdMatches(\".*COMMUNITY.*\")...
07:00:31.252895 POST /session/b3dece3d-73af-4a39-8b8f-21d37408982c/element [34.438409ms] ERR:404 body={"strategy":"-android uiautomator","selector":"new UiSelector().resourceIdMatches(\".*COMMUNITY.*\")...
07:00:31.268768 POST /session/b3dece3d-73af-4a39-8b8f-21d37408982c/element [15.751079ms] ERR:404 body={"strategy":"-android uiautomator","selector":"new UiSelector().resourceIdMatches(\".*COMMUNITY.*\")...
07:00:31.282426 POST /session/b3dece3d-73af-4a39-8b8f-21d37408982c/element [13.517634ms] ERR:404 body={"strategy":"-android uiautomator","selector":"new UiSelector().resourceIdMatches(\".*COMMUNITY.*\")...
07:00:31.296005 POST /session/b3dece3d-73af-4a39-8b8f-21d37408982c/element [13.459387ms] ERR:404 body={"strategy":"-android uiautomator","selector":"new UiSelector().resourceIdMatches(\".*COMMUNITY.*\")...
07:00:31.314142 POST /session/b3dece3d-73af-4a39-8b8f-21d37408982c/element [18.051995ms] ERR:404 body={"strategy":"-android uiautomator","selector":"new UiSelector().resourceIdMatches(\".*COMMUNITY.*\")...
07:00:31.336831 POST /session/b3dece3d-73af-4a39-8b8f-21d37408982c/element [22.529841ms] ERR:404 body={"strategy":"-android uiautomator","selector":"new UiSelector().resourceIdMatches(\".*COMMUNITY.*\")...
07:00:31.350045 POST /session/b3dece3d-73af-4a39-8b8f-21d37408982c/element [13.076292ms] ERR:404 body={"strategy":"-android uiautomator","selector":"new UiSelector().resourceIdMatches(\".*COMMUNITY.*\")...
07:00:31.360998 POST /session/b3dece3d-73af-4a39-8b8f-21d37408982c/element [10.850578ms] ERR:404 body={"strategy":"-android uiautomator","selector":"new UiSelector().resourceIdMatches(\".*COMMUNITY.*\")...
07:00:31.371388 POST /session/b3dece3d-73af-4a39-8b8f-21d37408982c/element [10.27881ms] ERR:404 body={"strategy":"-android uiautomator","selector":"new UiSelector().resourceIdMatches(\".*COMMUNITY.*\")...
07:00:31.431879 POST /session/b3dece3d-73af-4a39-8b8f-21d37408982c/element [60.391332ms] ERR:404 body={"strategy":"-android uiautomator","selector":"new UiSelector().resourceIdMatches(\".*COMMUNITY.*\")...
07:00:31.531992 POST /session/b3dece3d-73af-4a39-8b8f-21d37408982c/element [99.954809ms] ERR:404 body={"strategy":"-android uiautomator","selector":"new UiSelector().resourceIdMatches(\".*COMMUNITY.*\")...
07:00:31.547397 POST /session/b3dece3d-73af-4a39-8b8f-21d37408982c/element [14.488072ms] ERR:404 body={"strategy":"-android uiautomator","selector":"new UiSelector().resourceIdMatches(\".*COMMUNITY.*\")...
07:00:31.570055 POST /session/b3dece3d-73af-4a39-8b8f-21d37408982c/element [22.409341ms] ERR:404 body={"strategy":"-android uiautomator","selector":"new UiSelector().resourceIdMatches(\".*COMMUNITY.*\")...
07:00:31.716058 POST /session/b3dece3d-73af-4a39-8b8f-21d37408982c/element [145.889347ms] ERR:404 body={"strategy":"-android uiautomator","selector":"new UiSelector().resourceIdMatches(\".*COMMUNITY.*\")...
07:00:31.730502 POST /session/b3dece3d-73af-4a39-8b8f-21d37408982c/element [14.305648ms] ERR:404 body={"strategy":"-android uiautomator","selector":"new UiSelector().resourceIdMatches(\".*COMMUNITY.*\")...
07:00:31.752160 POST /session/b3dece3d-73af-4a39-8b8f-21d37408982c/element [21.542118ms] ERR:404 body={"strategy":"-android uiautomator","selector":"new UiSelector().resourceIdMatches(\".*COMMUNITY.*\")...
07:00:31.764794 POST /session/b3dece3d-73af-4a39-8b8f-21d37408982c/element [12.512375ms] ERR:404 body={"strategy":"-android uiautomator","selector":"new UiSelector().resourceIdMatches(\".*COMMUNITY.*\")...
07:00:31.775485 POST /session/b3dece3d-73af-4a39-8b8f-21d37408982c/element [10.583467ms] ERR:404 body={"strategy":"-android uiautomator","selector":"new UiSelector().resourceIdMatches(\".*COMMUNITY.*\")...
07:00:32.741436 POST /session/b3dece3d-73af-4a39-8b8f-21d37408982c/element [965.84733ms] ERR:404 body={"strategy":"-android uiautomator","selector":"new UiSelector().resourceIdMatches(\".*COMMUNITY.*\")...
07:00:33.635806 POST /session/b3dece3d-73af-4a39-8b8f-21d37408982c/element [894.256084ms] OK body={"strategy":"-android uiautomator","selector":"new UiSelector().resourceIdMatches(\".*COMMUNITY.*\")...
07:00:33.731495 GET /session/b3dece3d-73af-4a39-8b8f-21d37408982c/element/00000000-0000-0007-ffff-ffff00000096/text [95.613409ms] OK body=
07:00:33.827498 GET /session/b3dece3d-73af-4a39-8b8f-21d37408982c/element/00000000-0000-0007-ffff-ffff00000096/rect [95.928171ms] OK body=
07:00:33.956857 POST /session/b3dece3d-73af-4a39-8b8f-21d37408982c/element [128.164082ms] OK body={"strategy":"-android uiautomator","selector":"new UiSelector().textContains(\"Community\")"}
07:00:33.983606 POST /session/b3dece3d-73af-4a39-8b8f-21d37408982c/element [25.429497ms] ERR:404 body={"strategy":"-android uiautomator","selector":"new UiSelector().resourceIdMatches(\".*COMMUNITY.*\")...
07:00:34.028217 POST /session/b3dece3d-73af-4a39-8b8f-21d37408982c/element [44.48505ms] OK body={"strategy":"-android uiautomator","selector":"new UiSelector().resourceIdMatches(\".*COMMUNITY.*\")...
07:00:34.044518 GET /session/b3dece3d-73af-4a39-8b8f-21d37408982c/element/00000000-0000-0007-ffff-ffff00000096/text [16.222097ms] OK body=
07:00:34.056737 GET /session/b3dece3d-73af-4a39-8b8f-21d37408982c/element/00000000-0000-0007-ffff-ffff00000096/rect [12.151322ms] OK body=
07:00:34.115599 POST /session/b3dece3d-73af-4a39-8b8f-21d37408982c/element/00000000-0000-0007-ffff-ffff00000096/click [58.791905ms] OK body=
07:00:34.192139 POST /session/b3dece3d-73af-4a39-8b8f-21d37408982c/element [75.545845ms] ERR:404 body={"strategy":"-android uiautomator","selector":"new UiSelector().resourceIdMatches(\".*recipe.*\").cl...
07:00:34.431064 POST /session/b3dece3d-73af-4a39-8b8f-21d37408982c/element [238.804406ms] OK body={"strategy":"-android uiautomator","selector":"new UiSelector().resourceIdMatches(\".*recipe.*\")"}
07:00:35.435307 GET /session/b3dece3d-73af-4a39-8b8f-21d37408982c/element/00000000-0000-0007-ffff-ffff000000c6/text [1.0041642s] OK body=
07:00:36.113911 GET /session/b3dece3d-73af-4a39-8b8f-21d37408982c/element/00000000-0000-0007-ffff-ffff000000c6/rect [678.52796ms] OK body=
07:00:36.371591 POST /session/b3dece3d-73af-4a39-8b8f-21d37408982c/element/00000000-0000-0007-ffff-ffff000000c6/click [257.606354ms] OK body=
07:00:36.757107 POST /session/b3dece3d-73af-4a39-8b8f-21d37408982c/element [384.534981ms] ERR:404 body={"strategy":"-android uiautomator","selector":"new UiSelector().resourceIdMatches(\".*recipe-comment...
07:00:36.802963 POST /session/b3dece3d-73af-4a39-8b8f-21d37408982c/element [45.008976ms] ERR:404 body={"strategy":"-android uiautomator","selector":"new UiSelector().resourceIdMatches(\".*recipe-comment...
07:00:37.002867 POST /session/b3dece3d-73af-4a39-8b8f-21d37408982c/element [199.755318ms] ERR:404 body={"strategy":"-android uiautomator","selector":"new UiSelector().resourceIdMatches(\".*recipe-comment...
07:00:38.034041 POST /session/b3dece3d-73af-4a39-8b8f-21d37408982c/element [1.031048131s] ERR:404 body={"strategy":"-android uiautomator","selector":"new UiSelector().resourceIdMatches(\".*recipe-comment...
07:00:39.782308 POST /session/b3dece3d-73af-4a39-8b8f-21d37408982c/appium/gestures/scroll [1.748135385s] OK body={"area":{"left":0,"top":300,"width":1080,"height":1800},"direction":"down","percent":0.3}
07:00:40.763697 POST /session/b3dece3d-73af-4a39-8b8f-21d37408982c/element [680.82877ms] ERR:404 body={"strategy":"-android uiautomator","selector":"new UiSelector().resourceIdMatches(\".*recipe-comment...
07:00:40.940591 POST /session/b3dece3d-73af-4a39-8b8f-21d37408982c/element [176.775827ms] ERR:404 body={"strategy":"-android uiautomator","selector":"new UiSelector().resourceIdMatches(\".*recipe-comment...
07:00:41.303063 POST /session/b3dece3d-73af-4a39-8b8f-21d37408982c/element [362.327851ms] ERR:404 body={"strategy":"-android uiautomator","selector":"new UiSelector().resourceIdMatches(\".*recipe-comment...
07:00:43.452141 POST /session/b3dece3d-73af-4a39-8b8f-21d37408982c/appium/gestures/scroll [2.148966952s] OK body={"area":{"left":0,"top":300,"width":1080,"height":1800},"direction":"down","percent":0.3}
07:00:43.860865 POST /session/b3dece3d-73af-4a39-8b8f-21d37408982c/element [107.760765ms] ERR:404 body={"strategy":"-android uiautomator","selector":"new UiSelector().resourceIdMatches(\".*recipe-comment...
07:00:44.026658 POST /session/b3dece3d-73af-4a39-8b8f-21d37408982c/element [165.659504ms] ERR:404 body={"strategy":"-android uiautomator","selector":"new UiSelector().resourceIdMatches(\".*recipe-comment...
07:00:44.140200 POST /session/b3dece3d-73af-4a39-8b8f-21d37408982c/element [113.41921ms] ERR:404 body={"strategy":"-android uiautomator","selector":"new UiSelector().resourceIdMatches(\".*recipe-comment...
07:00:44.289112 POST /session/b3dece3d-73af-4a39-8b8f-21d37408982c/element [148.79721ms] ERR:404 body={"strategy":"-android uiautomator","selector":"new UiSelector().resourceIdMatches(\".*recipe-comment...
07:00:44.363160 POST /session/b3dece3d-73af-4a39-8b8f-21d37408982c/element [73.854936ms] ERR:404 body={"strategy":"-android uiautomator","selector":"new UiSelector().resourceIdMatches(\".*recipe-comment...
07:00:44.453730 POST /session/b3dece3d-73af-4a39-8b8f-21d37408982c/element [90.438386ms] ERR:404 body={"strategy":"-android uiautomator","selector":"new UiSelector().resourceIdMatches(\".*recipe-comment...
07:00:44.542340 POST /session/b3dece3d-73af-4a39-8b8f-21d37408982c/element [88.479504ms] ERR:404 body={"strategy":"-android uiautomator","selector":"new UiSelector().resourceIdMatches(\".*recipe-comment...
07:00:44.626083 POST /session/b3dece3d-73af-4a39-8b8f-21d37408982c/element [83.621396ms] ERR:404 body={"strategy":"-android uiautomator","selector":"new UiSelector().resourceIdMatches(\".*recipe-comment...
07:00:44.716981 POST /session/b3dece3d-73af-4a39-8b8f-21d37408982c/element [90.775062ms] ERR:404 body={"strategy":"-android uiautomator","selector":"new UiSelector().resourceIdMatches(\".*recipe-comment...
07:00:44.816444 POST /session/b3dece3d-73af-4a39-8b8f-21d37408982c/element [99.352406ms] ERR:404 body={"strategy":"-android uiautomator","selector":"new UiSelector().resourceIdMatches(\".*recipe-comment...
07:00:46.608555 POST /session/b3dece3d-73af-4a39-8b8f-21d37408982c/appium/gestures/scroll [1.791997587s] OK body={"area":{"left":0,"top":300,"width":1080,"height":1800},"direction":"down","percent":0.3}
07:00:47.117451 POST /session/b3dece3d-73af-4a39-8b8f-21d37408982c/element [208.120893ms] ERR:404 body={"strategy":"-android uiautomator","selector":"new UiSelector().resourceIdMatches(\".*recipe-comment...
07:00:47.216489 POST /session/b3dece3d-73af-4a39-8b8f-21d37408982c/element [98.916374ms] ERR:404 body={"strategy":"-android uiautomator","selector":"new UiSelector().resourceIdMatches(\".*recipe-comment...
07:00:47.898419 POST /session/b3dece3d-73af-4a39-8b8f-21d37408982c/element [681.823261ms] ERR:404 body={"strategy":"-android uiautomator","selector":"new UiSelector().resourceIdMatches(\".*recipe-comment...
07:00:48.663812 POST /session/b3dece3d-73af-4a39-8b8f-21d37408982c/element [765.272957ms] ERR:404 body={"strategy":"-android uiautomator","selector":"new UiSelector().resourceIdMatches(\".*recipe-comment...
07:00:50.709335 POST /session/b3dece3d-73af-4a39-8b8f-21d37408982c/appium/gestures/scroll [2.045395783s] OK body={"area":{"left":0,"top":300,"width":1080,"height":1800},"direction":"down","percent":0.3}
07:00:51.276054 POST /session/b3dece3d-73af-4a39-8b8f-21d37408982c/element [266.206573ms] OK body={"strategy":"-android uiautomator","selector":"new UiSelector().resourceIdMatches(\".*recipe-comment...
07:00:51.348788 GET /session/b3dece3d-73af-4a39-8b8f-21d37408982c/element/00000000-0000-0007-ffff-ffff00000111/text [72.634925ms] OK body=
07:00:51.443329 GET /session/b3dece3d-73af-4a39-8b8f-21d37408982c/element/00000000-0000-0007-ffff-ffff00000111/rect [94.455424ms] OK body=
07:00:51.807743 POST /session/b3dece3d-73af-4a39-8b8f-21d37408982c/element [180.812167ms] OK body={"strategy":"-android uiautomator","selector":"new UiSelector().resourceIdMatches(\".*recipe-comment...
07:00:51.818001 GET /session/b3dece3d-73af-4a39-8b8f-21d37408982c/element/00000000-0000-0007-ffff-ffff00000111/text [10.189523ms] OK body=
07:00:51.851485 GET /session/b3dece3d-73af-4a39-8b8f-21d37408982c/element/00000000-0000-0007-ffff-ffff00000111/rect [33.415424ms] OK body=
07:00:52.337069 POST /session/b3dece3d-73af-4a39-8b8f-21d37408982c/element/00000000-0000-0007-ffff-ffff00000111/click [485.49991ms] OK body=
07:00:54.061330 POST /session/b3dece3d-73af-4a39-8b8f-21d37408982c/actions [1.601350821s] OK body={"actions":[{"actions":[{"type":"keyDown","value":"t"},{"type":"keyUp","value":"t"},{"type":"keyDown...
07:00:54.068382 POST /session/b3dece3d-73af-4a39-8b8f-21d37408982c/appium/device/hide_keyboard [6.042552ms] ERR:404 body=
07:00:54.751132 POST /session/b3dece3d-73af-4a39-8b8f-21d37408982c/element [681.877406ms] ERR:404 body={"strategy":"-android uiautomator","selector":"new UiSelector().resourceIdMatches(\".*submit-comment...
07:00:55.318568 POST /session/b3dece3d-73af-4a39-8b8f-21d37408982c/element [567.337786ms] OK body={"strategy":"-android uiautomator","selector":"new UiSelector().resourceIdMatches(\".*submit-comment...
07:00:55.986629 GET /session/b3dece3d-73af-4a39-8b8f-21d37408982c/element/00000000-0000-0007-ffff-ffff000001d5/text [667.940596ms] OK body=
07:00:56.539661 GET /session/b3dece3d-73af-4a39-8b8f-21d37408982c/element/00000000-0000-0007-ffff-ffff000001d5/rect [552.929974ms] OK body=
07:00:57.416995 POST /session/b3dece3d-73af-4a39-8b8f-21d37408982c/element/00000000-0000-0007-ffff-ffff000001d5/click [876.898456ms] OK body=
07:00:58.157804 POST /session/b3dece3d-73af-4a39-8b8f-21d37408982c/element [740.571839ms] ERR:404 body={"strategy":"-android uiautomator","selector":"new UiSelector().resourceIdMatches(\".*submit-comment...
07:00:58.184861 POST /session/b3dece3d-73af-4a39-8b8f-21d37408982c/element [26.958776ms] OK body={"strategy":"-android uiautomator","selector":"new UiSelector().resourceIdMatches(\".*submit-comment...
07:00:58.194184 GET /session/b3dece3d-73af-4a39-8b8f-21d37408982c/element/00000000-0000-0007-ffff-ffff000001d5/text [9.264867ms] OK body=
07:00:58.205236 GET /session/b3dece3d-73af-4a39-8b8f-21d37408982c/element/00000000-0000-0007-ffff-ffff000001d5/rect [11.003008ms] OK body=
07:00:58.242080 POST /session/b3dece3d-73af-4a39-8b8f-21d37408982c/element/00000000-0000-0007-ffff-ffff000001d5/click [36.775793ms] OK body=
07:01:03.576374 POST /session/b3dece3d-73af-4a39-8b8f-21d37408982c/appium/device/launch_app [4.599928ms] ERR:404 body={"appId":"com.tastopia.app"}
07:01:06.334053 POST /session/b3dece3d-73af-4a39-8b8f-21d37408982c/element [928.181868ms] OK body={"strategy":"-android uiautomator","selector":"new UiSelector().resourceIdMatches(\".*MENU.*\")"}
07:01:08.524155 GET /session/b3dece3d-73af-4a39-8b8f-21d37408982c/element/00000000-0000-000a-ffff-ffff0000006f/text [2.190003656s] OK body=
07:01:09.076077 GET /session/b3dece3d-73af-4a39-8b8f-21d37408982c/element/00000000-0000-000a-ffff-ffff0000006f/rect [551.835518ms] OK body=
07:01:09.101629 POST /session/b3dece3d-73af-4a39-8b8f-21d37408982c/element [24.889092ms] ERR:404 body={"strategy":"-android uiautomator","selector":"new UiSelector().resourceIdMatches(\".*MENU.*\").clic...
07:01:09.140688 POST /session/b3dece3d-73af-4a39-8b8f-21d37408982c/element [38.91267ms] OK body={"strategy":"-android uiautomator","selector":"new UiSelector().resourceIdMatches(\".*MENU.*\")"}
07:01:09.731442 GET /session/b3dece3d-73af-4a39-8b8f-21d37408982c/element/00000000-0000-000a-ffff-ffff0000006f/text [590.677539ms] OK body=
07:01:09.741143 GET /session/b3dece3d-73af-4a39-8b8f-21d37408982c/element/00000000-0000-000a-ffff-ffff0000006f/rect [9.616812ms] OK body=
07:01:09.775153 POST /session/b3dece3d-73af-4a39-8b8f-21d37408982c/element/00000000-0000-000a-ffff-ffff0000006f/click [33.913381ms] OK body=
07:01:09.788804 POST /session/b3dece3d-73af-4a39-8b8f-21d37408982c/appium/device/hide_keyboard [13.548232ms] ERR:404 body=
07:01:09.978966 POST /session/b3dece3d-73af-4a39-8b8f-21d37408982c/element [189.808571ms] ERR:404 body={"strategy":"-android uiautomator","selector":"new UiSelector().textContains(\"History\")"}
07:01:10.213084 POST /session/b3dece3d-73af-4a39-8b8f-21d37408982c/element [233.982486ms] ERR:404 body={"strategy":"-android uiautomator","selector":"new UiSelector().descriptionContains(\"History\")"}
07:01:11.240322 POST /session/b3dece3d-73af-4a39-8b8f-21d37408982c/element [1.027128378s] OK body={"strategy":"-android uiautomator","selector":"new UiSelector().textMatches(\"(?is).*\\QHistory\\E.*...
07:01:11.280432 POST /session/b3dece3d-73af-4a39-8b8f-21d37408982c/element [39.804562ms] OK body={"strategy":"-android uiautomator","selector":"new UiSelector().resourceIdMatches(\".*menu-logout-bu...
07:01:11.400948 GET /session/b3dece3d-73af-4a39-8b8f-21d37408982c/element/00000000-0000-000a-ffff-ffff000000e7/text [120.436799ms] OK body=
07:01:11.634532 GET /session/b3dece3d-73af-4a39-8b8f-21d37408982c/element/00000000-0000-000a-ffff-ffff000000e7/rect [233.50556ms] OK body=
07:01:11.740206 POST /session/b3dece3d-73af-4a39-8b8f-21d37408982c/element/00000000-0000-000a-ffff-ffff000000e7/click [105.592302ms] OK body=
07:01:12.051721 POST /session/b3dece3d-73af-4a39-8b8f-21d37408982c/element [311.229349ms] ERR:404 body={"strategy":"-android uiautomator","selector":"new UiSelector().textContains(\"Welcome to\")"}
07:01:12.094729 POST /session/b3dece3d-73af-4a39-8b8f-21d37408982c/element [42.893145ms] ERR:404 body={"strategy":"-android uiautomator","selector":"new UiSelector().descriptionContains(\"Welcome to\")"...
07:01:12.134104 POST /session/b3dece3d-73af-4a39-8b8f-21d37408982c/element [39.278649ms] ERR:404 body={"strategy":"-android uiautomator","selector":"new UiSelector().textMatches(\"(?is).*\\QWelcome to\\...
07:01:13.200874 POST /session/b3dece3d-73af-4a39-8b8f-21d37408982c/element [1.066634277s] ERR:404 body={"strategy":"-android uiautomator","selector":"new UiSelector().descriptionMatches(\"(?is).*\\QWelco...
07:01:13.570068 POST /session/b3dece3d-73af-4a39-8b8f-21d37408982c/element [369.086848ms] OK body={"strategy":"-android uiautomator","selector":"new UiSelector().textContains(\"Welcome to\")"}
07:01:13.582924 POST /session/b3dece3d-73af-4a39-8b8f-21d37408982c/element [12.591299ms] OK body={"strategy":"-android uiautomator","selector":"new UiSelector().textContains(\"Tastopia\")"}
07:01:13.588899 POST /session/b3dece3d-73af-4a39-8b8f-21d37408982c/appium/settings [5.177681ms] OK body={"settings":{"waitForIdleTimeout":200}}
07:01:18.380503 POST /session/b3dece3d-73af-4a39-8b8f-21d37408982c/appium/device/launch_app [5.01002ms] ERR:404 body={"appId":"com.tastopia.app"}
07:01:21.124225 POST /session/b3dece3d-73af-4a39-8b8f-21d37408982c/element [896.944253ms] OK body={"strategy":"-android uiautomator","selector":"new UiSelector().resourceIdMatches(\".*welcome-sign-i...
07:01:21.258895 GET /session/b3dece3d-73af-4a39-8b8f-21d37408982c/element/00000000-0000-000c-ffff-ffff00000021/text [134.579569ms] OK body=
07:01:21.285843 GET /session/b3dece3d-73af-4a39-8b8f-21d37408982c/element/00000000-0000-000c-ffff-ffff00000021/rect [26.865142ms] OK body=
07:01:21.335335 POST /session/b3dece3d-73af-4a39-8b8f-21d37408982c/element/00000000-0000-000c-ffff-ffff00000021/click [49.409193ms] OK body=
07:01:21.350204 POST /session/b3dece3d-73af-4a39-8b8f-21d37408982c/element [14.54692ms] ERR:404 body={"strategy":"-android uiautomator","selector":"new UiSelector().resourceIdMatches(\".*login-identifi...
07:01:21.360784 POST /session/b3dece3d-73af-4a39-8b8f-21d37408982c/element [10.461373ms] ERR:404 body={"strategy":"-android uiautomator","selector":"new UiSelector().resourceIdMatches(\".*login-identifi...
07:01:21.376080 POST /session/b3dece3d-73af-4a39-8b8f-21d37408982c/element [15.18614ms] ERR:404 body={"strategy":"-android uiautomator","selector":"new UiSelector().resourceIdMatches(\".*login-identifi...
07:01:21.384965 POST /session/b3dece3d-73af-4a39-8b8f-21d37408982c/element [8.783402ms] ERR:404 body={"strategy":"-android uiautomator","selector":"new UiSelector().resourceIdMatches(\".*login-identifi...
07:01:21.396784 POST /session/b3dece3d-73af-4a39-8b8f-21d37408982c/element [11.720765ms] ERR:404 body={"strategy":"-android uiautomator","selector":"new UiSelector().resourceIdMatches(\".*login-identifi...
07:01:21.404602 POST /session/b3dece3d-73af-4a39-8b8f-21d37408982c/element [7.720416ms] ERR:404 body={"strategy":"-android uiautomator","selector":"new UiSelector().resourceIdMatches(\".*login-identifi...
07:01:21.413602 POST /session/b3dece3d-73af-4a39-8b8f-21d37408982c/element [8.787058ms] ERR:404 body={"strategy":"-android uiautomator","selector":"new UiSelector().resourceIdMatches(\".*login-identifi...
07:01:21.424634 POST /session/b3dece3d-73af-4a39-8b8f-21d37408982c/element [10.895464ms] ERR:404 body={"strategy":"-android uiautomator","selector":"new UiSelector().resourceIdMatches(\".*login-identifi...
07:01:21.440802 POST /session/b3dece3d-73af-4a39-8b8f-21d37408982c/element [16.045225ms] ERR:404 body={"strategy":"-android uiautomator","selector":"new UiSelector().resourceIdMatches(\".*login-identifi...
07:01:21.466167 POST /session/b3dece3d-73af-4a39-8b8f-21d37408982c/element [25.249269ms] ERR:404 body={"strategy":"-android uiautomator","selector":"new UiSelector().resourceIdMatches(\".*login-identifi...
07:01:21.525189 POST /session/b3dece3d-73af-4a39-8b8f-21d37408982c/element [58.923589ms] ERR:404 body={"strategy":"-android uiautomator","selector":"new UiSelector().resourceIdMatches(\".*login-identifi...
07:01:22.319565 POST /session/b3dece3d-73af-4a39-8b8f-21d37408982c/element [794.277477ms] OK body={"strategy":"-android uiautomator","selector":"new UiSelector().resourceIdMatches(\".*login-identifi...
07:01:22.330057 POST /session/b3dece3d-73af-4a39-8b8f-21d37408982c/element [10.140826ms] OK body={"strategy":"-android uiautomator","selector":"new UiSelector().resourceIdMatches(\".*login-identifi...
07:01:22.338110 GET /session/b3dece3d-73af-4a39-8b8f-21d37408982c/element/00000000-0000-000c-ffff-ffff0000002f/text [8.000667ms] OK body=
07:01:22.347044 GET /session/b3dece3d-73af-4a39-8b8f-21d37408982c/element/00000000-0000-000c-ffff-ffff0000002f/rect [8.882111ms] OK body=
07:01:22.643671 POST /session/b3dece3d-73af-4a39-8b8f-21d37408982c/element/00000000-0000-000c-ffff-ffff0000002f/click [296.541837ms] OK body=
07:01:23.497836 POST /session/b3dece3d-73af-4a39-8b8f-21d37408982c/actions [853.837105ms] OK body={"actions":[{"actions":[{"type":"keyDown","value":"a"},{"type":"keyUp","value":"a"},{"type":"keyDown...
07:01:23.516874 POST /session/b3dece3d-73af-4a39-8b8f-21d37408982c/appium/device/hide_keyboard [18.936523ms] ERR:404 body=
07:01:24.578583 POST /session/b3dece3d-73af-4a39-8b8f-21d37408982c/element [1.061405459s] OK body={"strategy":"-android uiautomator","selector":"new UiSelector().resourceIdMatches(\".*login-password...
07:01:24.591341 POST /session/b3dece3d-73af-4a39-8b8f-21d37408982c/element [12.349764ms] OK body={"strategy":"-android uiautomator","selector":"new UiSelector().resourceIdMatches(\".*login-password...
07:01:24.601235 GET /session/b3dece3d-73af-4a39-8b8f-21d37408982c/element/00000000-0000-000c-ffff-ffff00000030/text [9.816595ms] OK body=
07:01:24.611241 GET /session/b3dece3d-73af-4a39-8b8f-21d37408982c/element/00000000-0000-000c-ffff-ffff00000030/rect [9.938238ms] OK body=
07:01:25.259807 POST /session/b3dece3d-73af-4a39-8b8f-21d37408982c/element/00000000-0000-000c-ffff-ffff00000030/click [648.478777ms] OK body=
07:01:25.810824 POST /session/b3dece3d-73af-4a39-8b8f-21d37408982c/actions [550.727041ms] OK body={"actions":[{"actions":[{"type":"keyDown","value":"P"},{"type":"keyUp","value":"P"},{"type":"keyDown...
07:01:25.820162 POST /session/b3dece3d-73af-4a39-8b8f-21d37408982c/appium/device/hide_keyboard [9.240593ms] ERR:404 body=
07:01:26.351852 POST /session/b3dece3d-73af-4a39-8b8f-21d37408982c/element [531.361142ms] OK body={"strategy":"-android uiautomator","selector":"new UiSelector().resourceIdMatches(\".*login-submit-b...
07:01:26.360419 GET /session/b3dece3d-73af-4a39-8b8f-21d37408982c/element/00000000-0000-000c-ffff-ffff00000040/text [8.496797ms] OK body=
07:01:26.370485 GET /session/b3dece3d-73af-4a39-8b8f-21d37408982c/element/00000000-0000-000c-ffff-ffff00000040/rect [10.020855ms] OK body=
07:01:26.406382 POST /session/b3dece3d-73af-4a39-8b8f-21d37408982c/element/00000000-0000-000c-ffff-ffff00000040/click [35.83431ms] OK body=
07:01:26.417170 POST /session/b3dece3d-73af-4a39-8b8f-21d37408982c/element [10.718427ms] OK body={"strategy":"-android uiautomator","selector":"new UiSelector().resourceIdMatches(\".*login-submit-b...
07:01:26.427220 GET /session/b3dece3d-73af-4a39-8b8f-21d37408982c/element/00000000-0000-000c-ffff-ffff00000040/text [9.994039ms] OK body=
07:01:27.063861 GET /session/b3dece3d-73af-4a39-8b8f-21d37408982c/element/00000000-0000-000c-ffff-ffff00000040/rect [636.578601ms] OK body=
07:01:27.097266 POST /session/b3dece3d-73af-4a39-8b8f-21d37408982c/element/00000000-0000-000c-ffff-ffff00000040/click [33.328478ms] OK body=
07:01:27.122056 POST /session/b3dece3d-73af-4a39-8b8f-21d37408982c/element [24.385391ms] ERR:404 body={"strategy":"-android uiautomator","selector":"new UiSelector().resourceIdMatches(\".*COMMUNITY.*\")...
07:01:27.187920 POST /session/b3dece3d-73af-4a39-8b8f-21d37408982c/element [65.736854ms] ERR:404 body={"strategy":"-android uiautomator","selector":"new UiSelector().resourceIdMatches(\".*COMMUNITY.*\")...
07:01:27.847131 POST /session/b3dece3d-73af-4a39-8b8f-21d37408982c/element [659.091821ms] ERR:404 body={"strategy":"-android uiautomator","selector":"new UiSelector().resourceIdMatches(\".*COMMUNITY.*\")...
07:01:27.864489 POST /session/b3dece3d-73af-4a39-8b8f-21d37408982c/element [17.239593ms] ERR:404 body={"strategy":"-android uiautomator","selector":"new UiSelector().resourceIdMatches(\".*COMMUNITY.*\")...
07:01:27.874757 POST /session/b3dece3d-73af-4a39-8b8f-21d37408982c/element [10.143409ms] ERR:404 body={"strategy":"-android uiautomator","selector":"new UiSelector().resourceIdMatches(\".*COMMUNITY.*\")...
07:01:27.889992 POST /session/b3dece3d-73af-4a39-8b8f-21d37408982c/element [15.10657ms] ERR:404 body={"strategy":"-android uiautomator","selector":"new UiSelector().resourceIdMatches(\".*COMMUNITY.*\")...
07:01:27.936837 POST /session/b3dece3d-73af-4a39-8b8f-21d37408982c/element [46.725041ms] ERR:404 body={"strategy":"-android uiautomator","selector":"new UiSelector().resourceIdMatches(\".*COMMUNITY.*\")...
07:01:28.504229 POST /session/b3dece3d-73af-4a39-8b8f-21d37408982c/element [567.254571ms] ERR:404 body={"strategy":"-android uiautomator","selector":"new UiSelector().resourceIdMatches(\".*COMMUNITY.*\")...
07:01:28.514635 POST /session/b3dece3d-73af-4a39-8b8f-21d37408982c/element [10.267145ms] ERR:404 body={"strategy":"-android uiautomator","selector":"new UiSelector().resourceIdMatches(\".*COMMUNITY.*\")...
07:01:28.526110 POST /session/b3dece3d-73af-4a39-8b8f-21d37408982c/element [11.335409ms] ERR:404 body={"strategy":"-android uiautomator","selector":"new UiSelector().resourceIdMatches(\".*COMMUNITY.*\")...
07:01:28.542969 POST /session/b3dece3d-73af-4a39-8b8f-21d37408982c/element [16.725561ms] ERR:404 body={"strategy":"-android uiautomator","selector":"new UiSelector().resourceIdMatches(\".*COMMUNITY.*\")...
07:01:28.552964 POST /session/b3dece3d-73af-4a39-8b8f-21d37408982c/element [9.881085ms] ERR:404 body={"strategy":"-android uiautomator","selector":"new UiSelector().resourceIdMatches(\".*COMMUNITY.*\")...
07:01:28.564598 POST /session/b3dece3d-73af-4a39-8b8f-21d37408982c/element [11.521648ms] ERR:404 body={"strategy":"-android uiautomator","selector":"new UiSelector().resourceIdMatches(\".*COMMUNITY.*\")...
07:01:28.586477 POST /session/b3dece3d-73af-4a39-8b8f-21d37408982c/element [21.749503ms] ERR:404 body={"strategy":"-android uiautomator","selector":"new UiSelector().resourceIdMatches(\".*COMMUNITY.*\")...
07:01:28.597710 POST /session/b3dece3d-73af-4a39-8b8f-21d37408982c/element [11.119855ms] ERR:404 body={"strategy":"-android uiautomator","selector":"new UiSelector().resourceIdMatches(\".*COMMUNITY.*\")...
07:01:28.608512 POST /session/b3dece3d-73af-4a39-8b8f-21d37408982c/element [10.685533ms] ERR:404 body={"strategy":"-android uiautomator","selector":"new UiSelector().resourceIdMatches(\".*COMMUNITY.*\")...
07:01:28.617770 POST /session/b3dece3d-73af-4a39-8b8f-21d37408982c/element [9.159637ms] ERR:404 body={"strategy":"-android uiautomator","selector":"new UiSelector().resourceIdMatches(\".*COMMUNITY.*\")...
07:01:28.629488 POST /session/b3dece3d-73af-4a39-8b8f-21d37408982c/element [11.594498ms] ERR:404 body={"strategy":"-android uiautomator","selector":"new UiSelector().resourceIdMatches(\".*COMMUNITY.*\")...
07:01:28.649064 POST /session/b3dece3d-73af-4a39-8b8f-21d37408982c/element [19.466601ms] ERR:404 body={"strategy":"-android uiautomator","selector":"new UiSelector().resourceIdMatches(\".*COMMUNITY.*\")...
07:01:28.670031 POST /session/b3dece3d-73af-4a39-8b8f-21d37408982c/element [20.811816ms] ERR:404 body={"strategy":"-android uiautomator","selector":"new UiSelector().resourceIdMatches(\".*COMMUNITY.*\")...
07:01:28.691005 POST /session/b3dece3d-73af-4a39-8b8f-21d37408982c/element [20.837153ms] ERR:404 body={"strategy":"-android uiautomator","selector":"new UiSelector().resourceIdMatches(\".*COMMUNITY.*\")...
07:01:28.707812 POST /session/b3dece3d-73af-4a39-8b8f-21d37408982c/element [16.681034ms] ERR:404 body={"strategy":"-android uiautomator","selector":"new UiSelector().resourceIdMatches(\".*COMMUNITY.*\")...
07:01:28.717771 POST /session/b3dece3d-73af-4a39-8b8f-21d37408982c/element [9.85767ms] ERR:404 body={"strategy":"-android uiautomator","selector":"new UiSelector().resourceIdMatches(\".*COMMUNITY.*\")...
07:01:28.727484 POST /session/b3dece3d-73af-4a39-8b8f-21d37408982c/element [9.628586ms] ERR:404 body={"strategy":"-android uiautomator","selector":"new UiSelector().resourceIdMatches(\".*COMMUNITY.*\")...
07:01:28.736318 POST /session/b3dece3d-73af-4a39-8b8f-21d37408982c/element [8.734774ms] ERR:404 body={"strategy":"-android uiautomator","selector":"new UiSelector().resourceIdMatches(\".*COMMUNITY.*\")...
07:01:28.748319 POST /session/b3dece3d-73af-4a39-8b8f-21d37408982c/element [11.917502ms] ERR:404 body={"strategy":"-android uiautomator","selector":"new UiSelector().resourceIdMatches(\".*COMMUNITY.*\")...
07:01:28.761169 POST /session/b3dece3d-73af-4a39-8b8f-21d37408982c/element [12.738815ms] ERR:404 body={"strategy":"-android uiautomator","selector":"new UiSelector().resourceIdMatches(\".*COMMUNITY.*\")...
07:01:28.771122 POST /session/b3dece3d-73af-4a39-8b8f-21d37408982c/element [9.866814ms] ERR:404 body={"strategy":"-android uiautomator","selector":"new UiSelector().resourceIdMatches(\".*COMMUNITY.*\")...
07:01:28.781722 POST /session/b3dece3d-73af-4a39-8b8f-21d37408982c/element [10.498141ms] ERR:404 body={"strategy":"-android uiautomator","selector":"new UiSelector().resourceIdMatches(\".*COMMUNITY.*\")...
07:01:28.791974 POST /session/b3dece3d-73af-4a39-8b8f-21d37408982c/element [10.145281ms] ERR:404 body={"strategy":"-android uiautomator","selector":"new UiSelector().resourceIdMatches(\".*COMMUNITY.*\")...
07:01:28.805598 POST /session/b3dece3d-73af-4a39-8b8f-21d37408982c/element [13.459347ms] ERR:404 body={"strategy":"-android uiautomator","selector":"new UiSelector().resourceIdMatches(\".*COMMUNITY.*\")...
07:01:28.818271 POST /session/b3dece3d-73af-4a39-8b8f-21d37408982c/element [12.549682ms] ERR:404 body={"strategy":"-android uiautomator","selector":"new UiSelector().resourceIdMatches(\".*COMMUNITY.*\")...
07:01:28.828734 POST /session/b3dece3d-73af-4a39-8b8f-21d37408982c/element [10.353484ms] ERR:404 body={"strategy":"-android uiautomator","selector":"new UiSelector().resourceIdMatches(\".*COMMUNITY.*\")...
07:01:28.838973 POST /session/b3dece3d-73af-4a39-8b8f-21d37408982c/element [10.037991ms] ERR:404 body={"strategy":"-android uiautomator","selector":"new UiSelector().resourceIdMatches(\".*COMMUNITY.*\")...
07:01:28.849142 POST /session/b3dece3d-73af-4a39-8b8f-21d37408982c/element [10.076588ms] ERR:404 body={"strategy":"-android uiautomator","selector":"new UiSelector().resourceIdMatches(\".*COMMUNITY.*\")...
07:01:28.861207 POST /session/b3dece3d-73af-4a39-8b8f-21d37408982c/element [11.966095ms] ERR:404 body={"strategy":"-android uiautomator","selector":"new UiSelector().resourceIdMatches(\".*COMMUNITY.*\")...
07:01:28.870517 POST /session/b3dece3d-73af-4a39-8b8f-21d37408982c/element [9.231589ms] ERR:404 body={"strategy":"-android uiautomator","selector":"new UiSelector().resourceIdMatches(\".*COMMUNITY.*\")...
07:01:28.885044 POST /session/b3dece3d-73af-4a39-8b8f-21d37408982c/element [14.427872ms] ERR:404 body={"strategy":"-android uiautomator","selector":"new UiSelector().resourceIdMatches(\".*COMMUNITY.*\")...
07:01:28.904321 POST /session/b3dece3d-73af-4a39-8b8f-21d37408982c/element [19.161868ms] ERR:404 body={"strategy":"-android uiautomator","selector":"new UiSelector().resourceIdMatches(\".*COMMUNITY.*\")...
07:01:28.938837 POST /session/b3dece3d-73af-4a39-8b8f-21d37408982c/element [34.396832ms] ERR:404 body={"strategy":"-android uiautomator","selector":"new UiSelector().resourceIdMatches(\".*COMMUNITY.*\")...
07:01:29.045303 POST /session/b3dece3d-73af-4a39-8b8f-21d37408982c/element [106.334266ms] ERR:404 body={"strategy":"-android uiautomator","selector":"new UiSelector().resourceIdMatches(\".*COMMUNITY.*\")...
07:01:29.062878 POST /session/b3dece3d-73af-4a39-8b8f-21d37408982c/element [17.447075ms] ERR:404 body={"strategy":"-android uiautomator","selector":"new UiSelector().resourceIdMatches(\".*COMMUNITY.*\")...
07:01:29.746721 POST /session/b3dece3d-73af-4a39-8b8f-21d37408982c/element [683.718574ms] ERR:404 body={"strategy":"-android uiautomator","selector":"new UiSelector().resourceIdMatches(\".*COMMUNITY.*\")...
07:01:30.377826 POST /session/b3dece3d-73af-4a39-8b8f-21d37408982c/element [631.006245ms] OK body={"strategy":"-android uiautomator","selector":"new UiSelector().resourceIdMatches(\".*COMMUNITY.*\")...
07:01:31.386922 GET /session/b3dece3d-73af-4a39-8b8f-21d37408982c/element/00000000-0000-000c-ffff-ffff00000095/text [1.009009201s] OK body=
07:01:31.879665 GET /session/b3dece3d-73af-4a39-8b8f-21d37408982c/element/00000000-0000-000c-ffff-ffff00000095/rect [492.644805ms] OK body=
07:01:31.898819 POST /session/b3dece3d-73af-4a39-8b8f-21d37408982c/element [18.472499ms] OK body={"strategy":"-android uiautomator","selector":"new UiSelector().textContains(\"Community\")"}
07:01:31.928758 POST /session/b3dece3d-73af-4a39-8b8f-21d37408982c/element [28.999088ms] ERR:404 body={"strategy":"-android uiautomator","selector":"new UiSelector().resourceIdMatches(\".*COMMUNITY.*\")...
07:01:31.949467 POST /session/b3dece3d-73af-4a39-8b8f-21d37408982c/element [20.59783ms] OK body={"strategy":"-android uiautomator","selector":"new UiSelector().resourceIdMatches(\".*COMMUNITY.*\")...
07:01:31.963384 GET /session/b3dece3d-73af-4a39-8b8f-21d37408982c/element/00000000-0000-000c-ffff-ffff00000095/text [13.844556ms] OK body=
07:01:31.973124 GET /session/b3dece3d-73af-4a39-8b8f-21d37408982c/element/00000000-0000-000c-ffff-ffff00000095/rect [9.668095ms] OK body=
07:01:32.003425 POST /session/b3dece3d-73af-4a39-8b8f-21d37408982c/element/00000000-0000-000c-ffff-ffff00000095/click [30.240312ms] OK body=
07:01:32.024405 POST /session/b3dece3d-73af-4a39-8b8f-21d37408982c/element [20.01849ms] OK body={"strategy":"-android uiautomator","selector":"new UiSelector().resourceIdMatches(\".*recipe.*\")"}
07:01:32.102038 GET /session/b3dece3d-73af-4a39-8b8f-21d37408982c/element/00000000-0000-000c-ffff-ffff000000ec/text [77.535533ms] OK body=
07:01:32.121516 GET /session/b3dece3d-73af-4a39-8b8f-21d37408982c/element/00000000-0000-000c-ffff-ffff000000ec/rect [19.408478ms] OK body=
07:01:32.174374 POST /session/b3dece3d-73af-4a39-8b8f-21d37408982c/element [51.949264ms] OK body={"strategy":"-android uiautomator","selector":"new UiSelector().resourceIdMatches(\".*community-filt...
07:01:32.191588 GET /session/b3dece3d-73af-4a39-8b8f-21d37408982c/element/00000000-0000-000c-ffff-ffff000000cd/text [17.134955ms] OK body=
07:01:32.219124 GET /session/b3dece3d-73af-4a39-8b8f-21d37408982c/element/00000000-0000-000c-ffff-ffff000000cd/rect [27.463623ms] OK body=
07:01:32.259613 POST /session/b3dece3d-73af-4a39-8b8f-21d37408982c/element/00000000-0000-000c-ffff-ffff000000cd/click [40.404411ms] OK body=
07:01:32.289610 POST /session/b3dece3d-73af-4a39-8b8f-21d37408982c/element [29.050836ms] OK body={"strategy":"-android uiautomator","selector":"new UiSelector().resourceIdMatches(\".*recipe.*\")"}
07:01:32.311026 GET /session/b3dece3d-73af-4a39-8b8f-21d37408982c/element/00000000-0000-000c-ffff-ffff000000ec/text [21.308872ms] OK body=
07:01:32.326162 GET /session/b3dece3d-73af-4a39-8b8f-21d37408982c/element/00000000-0000-000c-ffff-ffff000000ec/rect [15.070325ms] OK body=
07:01:32.343852 POST /session/b3dece3d-73af-4a39-8b8f-21d37408982c/element [16.860524ms] OK body={"strategy":"-android uiautomator","selector":"new UiSelector().resourceIdMatches(\".*community-filt...
07:01:32.357021 GET /session/b3dece3d-73af-4a39-8b8f-21d37408982c/element/00000000-0000-000c-ffff-ffff000000d3/text [13.105812ms] OK body=
07:01:32.367127 GET /session/b3dece3d-73af-4a39-8b8f-21d37408982c/element/00000000-0000-000c-ffff-ffff000000d3/rect [10.047014ms] OK body=
07:01:32.398885 POST /session/b3dece3d-73af-4a39-8b8f-21d37408982c/element/00000000-0000-000c-ffff-ffff000000d3/click [31.69483ms] OK body=
07:01:33.292013 POST /session/b3dece3d-73af-4a39-8b8f-21d37408982c/element [709.581917ms] OK body={"strategy":"-android uiautomator","selector":"new UiSelector().resourceIdMatches(\".*recipe.*\")"}
07:01:34.219558 GET /session/b3dece3d-73af-4a39-8b8f-21d37408982c/element/00000000-0000-000c-ffff-ffff00000108/text [927.470566ms] OK body=
07:01:34.370363 GET /session/b3dece3d-73af-4a39-8b8f-21d37408982c/element/00000000-0000-000c-ffff-ffff00000108/rect [150.734373ms] OK body=
07:01:34.960718 POST /session/b3dece3d-73af-4a39-8b8f-21d37408982c/element [589.414039ms] OK body={"strategy":"-android uiautomator","selector":"new UiSelector().resourceIdMatches(\".*community-filt...
07:01:34.970324 GET /session/b3dece3d-73af-4a39-8b8f-21d37408982c/element/00000000-0000-000c-ffff-ffff000000d9/text [9.505968ms] OK body=
07:01:34.979857 GET /session/b3dece3d-73af-4a39-8b8f-21d37408982c/element/00000000-0000-000c-ffff-ffff000000d9/rect [9.470394ms] OK body=
07:01:35.009264 POST /session/b3dece3d-73af-4a39-8b8f-21d37408982c/element/00000000-0000-000c-ffff-ffff000000d9/click [29.344716ms] OK body=
07:01:35.038732 POST /session/b3dece3d-73af-4a39-8b8f-21d37408982c/element [28.239181ms] OK body={"strategy":"-android uiautomator","selector":"new UiSelector().resourceIdMatches(\".*recipe.*\")"}
07:01:35.059756 GET /session/b3dece3d-73af-4a39-8b8f-21d37408982c/element/00000000-0000-000c-ffff-ffff00000108/text [20.930582ms] OK body=
07:01:35.077134 GET /session/b3dece3d-73af-4a39-8b8f-21d37408982c/element/00000000-0000-000c-ffff-ffff00000108/rect [17.299063ms] OK body=
07:01:35.091989 POST /session/b3dece3d-73af-4a39-8b8f-21d37408982c/element [13.719286ms] OK body={"strategy":"-android uiautomator","selector":"new UiSelector().resourceIdMatches(\".*community-filt...
07:01:35.101555 GET /session/b3dece3d-73af-4a39-8b8f-21d37408982c/element/00000000-0000-000c-ffff-ffff000000df/text [9.49411ms] OK body=
07:01:35.118662 GET /session/b3dece3d-73af-4a39-8b8f-21d37408982c/element/00000000-0000-000c-ffff-ffff000000df/rect [17.033184ms] OK body=
07:01:35.476713 POST /session/b3dece3d-73af-4a39-8b8f-21d37408982c/element/00000000-0000-000c-ffff-ffff000000df/click [357.989571ms] OK body=
07:01:36.387918 POST /session/b3dece3d-73af-4a39-8b8f-21d37408982c/element [909.51456ms] OK body={"strategy":"-android uiautomator","selector":"new UiSelector().resourceIdMatches(\".*recipe.*\")"}
07:01:36.738593 GET /session/b3dece3d-73af-4a39-8b8f-21d37408982c/element/00000000-0000-000c-ffff-ffff00000122/text [350.590827ms] OK body=
07:01:36.749900 GET /session/b3dece3d-73af-4a39-8b8f-21d37408982c/element/00000000-0000-000c-ffff-ffff00000122/rect [11.200373ms] OK body=
07:01:36.762033 POST /session/b3dece3d-73af-4a39-8b8f-21d37408982c/element [11.214134ms] OK body={"strategy":"-android uiautomator","selector":"new UiSelector().resourceIdMatches(\".*community-filt...
07:01:36.771945 GET /session/b3dece3d-73af-4a39-8b8f-21d37408982c/element/00000000-0000-000c-ffff-ffff000000c6/text [9.83323ms] OK body=
07:01:36.783049 GET /session/b3dece3d-73af-4a39-8b8f-21d37408982c/element/00000000-0000-000c-ffff-ffff000000c6/rect [11.03218ms] OK body=
07:01:36.816214 POST /session/b3dece3d-73af-4a39-8b8f-21d37408982c/element/00000000-0000-000c-ffff-ffff000000c6/click [33.070342ms] OK body=
07:01:36.872006 POST /session/b3dece3d-73af-4a39-8b8f-21d37408982c/element [54.430685ms] OK body={"strategy":"-android uiautomator","selector":"new UiSelector().resourceIdMatches(\".*recipe.*\")"}
07:01:36.884476 GET /session/b3dece3d-73af-4a39-8b8f-21d37408982c/element/00000000-0000-000c-ffff-ffff00000122/text [12.41669ms] OK body=
07:01:37.267812 GET /session/b3dece3d-73af-4a39-8b8f-21d37408982c/element/00000000-0000-000c-ffff-ffff00000122/rect [383.271198ms] OK body=
07:01:41.938973 POST /session/b3dece3d-73af-4a39-8b8f-21d37408982c/appium/device/launch_app [4.579235ms] ERR:404 body={"appId":"com.tastopia.app"}
07:01:44.656497 POST /session/b3dece3d-73af-4a39-8b8f-21d37408982c/element [1.032018939s] OK body={"strategy":"-android uiautomator","selector":"new UiSelector().resourceIdMatches(\".*MENU.*\")"}
07:01:46.279952 GET /session/b3dece3d-73af-4a39-8b8f-21d37408982c/element/00000000-0000-000e-ffff-ffff0000006f/text [1.623381352s] OK body=
07:01:46.940656 GET /session/b3dece3d-73af-4a39-8b8f-21d37408982c/element/00000000-0000-000e-ffff-ffff0000006f/rect [660.60938ms] OK body=
07:01:46.963009 POST /session/b3dece3d-73af-4a39-8b8f-21d37408982c/element [22.019266ms] ERR:404 body={"strategy":"-android uiautomator","selector":"new UiSelector().resourceIdMatches(\".*MENU.*\").clic...
07:01:46.987868 POST /session/b3dece3d-73af-4a39-8b8f-21d37408982c/element [24.756336ms] OK body={"strategy":"-android uiautomator","selector":"new UiSelector().resourceIdMatches(\".*MENU.*\")"}
07:01:46.996525 GET /session/b3dece3d-73af-4a39-8b8f-21d37408982c/element/00000000-0000-000e-ffff-ffff0000006f/text [8.567142ms] OK body=
07:01:47.007007 GET /session/b3dece3d-73af-4a39-8b8f-21d37408982c/element/00000000-0000-000e-ffff-ffff0000006f/rect [10.430458ms] OK body=
07:01:47.040790 POST /session/b3dece3d-73af-4a39-8b8f-21d37408982c/element/00000000-0000-000e-ffff-ffff0000006f/click [33.717158ms] OK body=
07:01:47.044736 POST /session/b3dece3d-73af-4a39-8b8f-21d37408982c/appium/device/hide_keyboard [3.86697ms] ERR:404 body=
07:01:47.165806 POST /session/b3dece3d-73af-4a39-8b8f-21d37408982c/element [120.780021ms] ERR:404 body={"strategy":"-android uiautomator","selector":"new UiSelector().textContains(\"History\")"}
07:01:47.381670 POST /session/b3dece3d-73af-4a39-8b8f-21d37408982c/element [215.741592ms] ERR:404 body={"strategy":"-android uiautomator","selector":"new UiSelector().descriptionContains(\"History\")"}
07:01:48.306137 POST /session/b3dece3d-73af-4a39-8b8f-21d37408982c/element [924.37266ms] OK body={"strategy":"-android uiautomator","selector":"new UiSelector().textMatches(\"(?is).*\\QHistory\\E.*...
07:01:48.341408 POST /session/b3dece3d-73af-4a39-8b8f-21d37408982c/element [34.75798ms] OK body={"strategy":"-android uiautomator","selector":"new UiSelector().resourceIdMatches(\".*menu-logout-bu...
07:01:48.366230 GET /session/b3dece3d-73af-4a39-8b8f-21d37408982c/element/00000000-0000-000e-ffff-ffff000000eb/text [24.751018ms] OK body=
07:01:48.378733 GET /session/b3dece3d-73af-4a39-8b8f-21d37408982c/element/00000000-0000-000e-ffff-ffff000000eb/rect [12.438183ms] OK body=
07:01:48.412441 POST /session/b3dece3d-73af-4a39-8b8f-21d37408982c/element/00000000-0000-000e-ffff-ffff000000eb/click [33.646602ms] OK body=
07:01:48.433443 POST /session/b3dece3d-73af-4a39-8b8f-21d37408982c/element [20.67647ms] ERR:404 body={"strategy":"-android uiautomator","selector":"new UiSelector().textContains(\"Welcome to\")"}
07:01:48.455899 POST /session/b3dece3d-73af-4a39-8b8f-21d37408982c/element [22.316192ms] ERR:404 body={"strategy":"-android uiautomator","selector":"new UiSelector().descriptionContains(\"Welcome to\")"...
07:01:48.477379 POST /session/b3dece3d-73af-4a39-8b8f-21d37408982c/element [21.361509ms] ERR:404 body={"strategy":"-android uiautomator","selector":"new UiSelector().textMatches(\"(?is).*\\QWelcome to\\...
07:01:48.499306 POST /session/b3dece3d-73af-4a39-8b8f-21d37408982c/element [21.811545ms] ERR:404 body={"strategy":"-android uiautomator","selector":"new UiSelector().descriptionMatches(\"(?is).*\\QWelco...
07:01:48.518868 POST /session/b3dece3d-73af-4a39-8b8f-21d37408982c/element [19.472623ms] ERR:404 body={"strategy":"-android uiautomator","selector":"new UiSelector().textContains(\"Welcome to\")"}
07:01:48.540708 POST /session/b3dece3d-73af-4a39-8b8f-21d37408982c/element [21.717614ms] ERR:404 body={"strategy":"-android uiautomator","selector":"new UiSelector().descriptionContains(\"Welcome to\")"...
07:01:48.561855 POST /session/b3dece3d-73af-4a39-8b8f-21d37408982c/element [21.044422ms] ERR:404 body={"strategy":"-android uiautomator","selector":"new UiSelector().textMatches(\"(?is).*\\QWelcome to\\...
07:01:48.583995 POST /session/b3dece3d-73af-4a39-8b8f-21d37408982c/element [22.059147ms] ERR:404 body={"strategy":"-android uiautomator","selector":"new UiSelector().descriptionMatches(\"(?is).*\\QWelco...
07:01:48.605549 POST /session/b3dece3d-73af-4a39-8b8f-21d37408982c/element [21.450663ms] ERR:404 body={"strategy":"-android uiautomator","selector":"new UiSelector().textContains(\"Welcome to\")"}
07:01:48.627021 POST /session/b3dece3d-73af-4a39-8b8f-21d37408982c/element [21.353667ms] ERR:404 body={"strategy":"-android uiautomator","selector":"new UiSelector().descriptionContains(\"Welcome to\")"...
07:01:48.659998 POST /session/b3dece3d-73af-4a39-8b8f-21d37408982c/element [32.855586ms] ERR:404 body={"strategy":"-android uiautomator","selector":"new UiSelector().textMatches(\"(?is).*\\QWelcome to\\...
07:01:48.717757 POST /session/b3dece3d-73af-4a39-8b8f-21d37408982c/element [57.630389ms] ERR:404 body={"strategy":"-android uiautomator","selector":"new UiSelector().descriptionMatches(\"(?is).*\\QWelco...
07:01:49.285428 POST /session/b3dece3d-73af-4a39-8b8f-21d37408982c/element [567.568865ms] OK body={"strategy":"-android uiautomator","selector":"new UiSelector().textContains(\"Welcome to\")"}
07:01:49.784787 POST /session/b3dece3d-73af-4a39-8b8f-21d37408982c/element [499.029571ms] OK body={"strategy":"-android uiautomator","selector":"new UiSelector().textContains(\"Tastopia\")"}
07:01:49.792447 POST /session/b3dece3d-73af-4a39-8b8f-21d37408982c/appium/settings [6.013907ms] OK body={"settings":{"waitForIdleTimeout":200}}
07:01:54.694188 POST /session/b3dece3d-73af-4a39-8b8f-21d37408982c/appium/device/launch_app [4.904345ms] ERR:404 body={"appId":"com.tastopia.app"}
07:01:57.228266 POST /session/b3dece3d-73af-4a39-8b8f-21d37408982c/element [851.928563ms] OK body={"strategy":"-android uiautomator","selector":"new UiSelector().resourceIdMatches(\".*welcome-sign-i...
07:01:57.289956 GET /session/b3dece3d-73af-4a39-8b8f-21d37408982c/element/00000000-0000-0010-ffff-ffff00000021/text [61.608985ms] OK body=
07:01:57.315822 GET /session/b3dece3d-73af-4a39-8b8f-21d37408982c/element/00000000-0000-0010-ffff-ffff00000021/rect [25.731745ms] OK body=
07:01:57.954516 POST /session/b3dece3d-73af-4a39-8b8f-21d37408982c/element/00000000-0000-0010-ffff-ffff00000021/click [638.593371ms] OK body=
07:01:57.973350 POST /session/b3dece3d-73af-4a39-8b8f-21d37408982c/element [17.770726ms] ERR:404 body={"strategy":"-android uiautomator","selector":"new UiSelector().resourceIdMatches(\".*login-identifi...
07:01:57.982754 POST /session/b3dece3d-73af-4a39-8b8f-21d37408982c/element [9.222153ms] ERR:404 body={"strategy":"-android uiautomator","selector":"new UiSelector().resourceIdMatches(\".*login-identifi...
07:01:57.989809 POST /session/b3dece3d-73af-4a39-8b8f-21d37408982c/element [6.937191ms] ERR:404 body={"strategy":"-android uiautomator","selector":"new UiSelector().resourceIdMatches(\".*login-identifi...
07:01:58.006718 POST /session/b3dece3d-73af-4a39-8b8f-21d37408982c/element [16.80627ms] ERR:404 body={"strategy":"-android uiautomator","selector":"new UiSelector().resourceIdMatches(\".*login-identifi...
07:01:58.020731 POST /session/b3dece3d-73af-4a39-8b8f-21d37408982c/element [13.884419ms] ERR:404 body={"strategy":"-android uiautomator","selector":"new UiSelector().resourceIdMatches(\".*login-identifi...
07:01:58.062817 POST /session/b3dece3d-73af-4a39-8b8f-21d37408982c/element [41.975598ms] ERR:404 body={"strategy":"-android uiautomator","selector":"new UiSelector().resourceIdMatches(\".*login-identifi...
07:01:58.866619 POST /session/b3dece3d-73af-4a39-8b8f-21d37408982c/element [803.697751ms] OK body={"strategy":"-android uiautomator","selector":"new UiSelector().resourceIdMatches(\".*login-identifi...
07:01:58.876484 POST /session/b3dece3d-73af-4a39-8b8f-21d37408982c/element [9.586995ms] OK body={"strategy":"-android uiautomator","selector":"new UiSelector().resourceIdMatches(\".*login-identifi...
07:01:58.885837 GET /session/b3dece3d-73af-4a39-8b8f-21d37408982c/element/00000000-0000-0010-ffff-ffff00000031/text [9.298011ms] OK body=
07:01:58.896313 GET /session/b3dece3d-73af-4a39-8b8f-21d37408982c/element/00000000-0000-0010-ffff-ffff00000031/rect [10.425743ms] OK body=
07:01:59.212806 POST /session/b3dece3d-73af-4a39-8b8f-21d37408982c/element/00000000-0000-0010-ffff-ffff00000031/click [316.424756ms] OK body=
07:02:00.245955 POST /session/b3dece3d-73af-4a39-8b8f-21d37408982c/actions [1.032828218s] OK body={"actions":[{"actions":[{"type":"keyDown","value":"a"},{"type":"keyUp","value":"a"},{"type":"keyDown...
07:02:00.256681 POST /session/b3dece3d-73af-4a39-8b8f-21d37408982c/appium/device/hide_keyboard [10.594286ms] ERR:404 body=
07:02:01.097459 POST /session/b3dece3d-73af-4a39-8b8f-21d37408982c/element [840.480391ms] OK body={"strategy":"-android uiautomator","selector":"new UiSelector().resourceIdMatches(\".*login-password...
07:02:01.107355 POST /session/b3dece3d-73af-4a39-8b8f-21d37408982c/element [9.55735ms] OK body={"strategy":"-android uiautomator","selector":"new UiSelector().resourceIdMatches(\".*login-password...
07:02:01.116243 GET /session/b3dece3d-73af-4a39-8b8f-21d37408982c/element/00000000-0000-0010-ffff-ffff00000032/text [8.834707ms] OK body=
07:02:01.125054 GET /session/b3dece3d-73af-4a39-8b8f-21d37408982c/element/00000000-0000-0010-ffff-ffff00000032/rect [8.765759ms] OK body=
07:02:01.785621 POST /session/b3dece3d-73af-4a39-8b8f-21d37408982c/element/00000000-0000-0010-ffff-ffff00000032/click [660.501469ms] OK body=
07:02:02.400453 POST /session/b3dece3d-73af-4a39-8b8f-21d37408982c/actions [614.467576ms] OK body={"actions":[{"actions":[{"type":"keyDown","value":"P"},{"type":"keyUp","value":"P"},{"type":"keyDown...
07:02:02.410152 POST /session/b3dece3d-73af-4a39-8b8f-21d37408982c/appium/device/hide_keyboard [9.57088ms] ERR:404 body=
07:02:02.898284 POST /session/b3dece3d-73af-4a39-8b8f-21d37408982c/element [487.835697ms] OK body={"strategy":"-android uiautomator","selector":"new UiSelector().resourceIdMatches(\".*login-submit-b...
07:02:02.909326 GET /session/b3dece3d-73af-4a39-8b8f-21d37408982c/element/00000000-0000-0010-ffff-ffff00000049/text [10.948824ms] OK body=
07:02:02.919740 GET /session/b3dece3d-73af-4a39-8b8f-21d37408982c/element/00000000-0000-0010-ffff-ffff00000049/rect [10.330866ms] OK body=
07:02:02.948997 POST /session/b3dece3d-73af-4a39-8b8f-21d37408982c/element/00000000-0000-0010-ffff-ffff00000049/click [29.181797ms] OK body=
07:02:02.958193 POST /session/b3dece3d-73af-4a39-8b8f-21d37408982c/element [9.110072ms] OK body={"strategy":"-android uiautomator","selector":"new UiSelector().resourceIdMatches(\".*login-submit-b...
07:02:03.620826 GET /session/b3dece3d-73af-4a39-8b8f-21d37408982c/element/00000000-0000-0010-ffff-ffff00000049/text [662.524521ms] OK body=
07:02:03.631165 GET /session/b3dece3d-73af-4a39-8b8f-21d37408982c/element/00000000-0000-0010-ffff-ffff00000049/rect [10.259188ms] OK body=
07:02:03.663921 POST /session/b3dece3d-73af-4a39-8b8f-21d37408982c/element/00000000-0000-0010-ffff-ffff00000049/click [32.67913ms] OK body=
07:02:03.687138 POST /session/b3dece3d-73af-4a39-8b8f-21d37408982c/element [22.902887ms] ERR:404 body={"strategy":"-android uiautomator","selector":"new UiSelector().resourceIdMatches(\".*COMMUNITY.*\")...
07:02:03.697905 POST /session/b3dece3d-73af-4a39-8b8f-21d37408982c/element [10.624888ms] ERR:404 body={"strategy":"-android uiautomator","selector":"new UiSelector().resourceIdMatches(\".*COMMUNITY.*\")...
07:02:03.747978 POST /session/b3dece3d-73af-4a39-8b8f-21d37408982c/element [49.947554ms] ERR:404 body={"strategy":"-android uiautomator","selector":"new UiSelector().resourceIdMatches(\".*COMMUNITY.*\")...
07:02:04.412323 POST /session/b3dece3d-73af-4a39-8b8f-21d37408982c/element [664.207879ms] ERR:404 body={"strategy":"-android uiautomator","selector":"new UiSelector().resourceIdMatches(\".*COMMUNITY.*\")...
07:02:04.423118 POST /session/b3dece3d-73af-4a39-8b8f-21d37408982c/element [10.651006ms] ERR:404 body={"strategy":"-android uiautomator","selector":"new UiSelector().resourceIdMatches(\".*COMMUNITY.*\")...
07:02:04.433945 POST /session/b3dece3d-73af-4a39-8b8f-21d37408982c/element [10.677742ms] ERR:404 body={"strategy":"-android uiautomator","selector":"new UiSelector().resourceIdMatches(\".*COMMUNITY.*\")...
07:02:04.444463 POST /session/b3dece3d-73af-4a39-8b8f-21d37408982c/element [10.400404ms] ERR:404 body={"strategy":"-android uiautomator","selector":"new UiSelector().resourceIdMatches(\".*COMMUNITY.*\")...
07:02:04.455733 POST /session/b3dece3d-73af-4a39-8b8f-21d37408982c/element [11.127542ms] ERR:404 body={"strategy":"-android uiautomator","selector":"new UiSelector().resourceIdMatches(\".*COMMUNITY.*\")...
07:02:04.470736 POST /session/b3dece3d-73af-4a39-8b8f-21d37408982c/element [14.85431ms] ERR:404 body={"strategy":"-android uiautomator","selector":"new UiSelector().resourceIdMatches(\".*COMMUNITY.*\")...
07:02:04.488891 POST /session/b3dece3d-73af-4a39-8b8f-21d37408982c/element [18.03741ms] ERR:404 body={"strategy":"-android uiautomator","selector":"new UiSelector().resourceIdMatches(\".*COMMUNITY.*\")...
07:02:04.503352 POST /session/b3dece3d-73af-4a39-8b8f-21d37408982c/element [14.321549ms] ERR:404 body={"strategy":"-android uiautomator","selector":"new UiSelector().resourceIdMatches(\".*COMMUNITY.*\")...
07:02:04.519941 POST /session/b3dece3d-73af-4a39-8b8f-21d37408982c/element [16.43987ms] ERR:404 body={"strategy":"-android uiautomator","selector":"new UiSelector().resourceIdMatches(\".*COMMUNITY.*\")...
07:02:05.138539 POST /session/b3dece3d-73af-4a39-8b8f-21d37408982c/element [618.47176ms] ERR:404 body={"strategy":"-android uiautomator","selector":"new UiSelector().resourceIdMatches(\".*COMMUNITY.*\")...
07:02:05.148944 POST /session/b3dece3d-73af-4a39-8b8f-21d37408982c/element [10.28082ms] ERR:404 body={"strategy":"-android uiautomator","selector":"new UiSelector().resourceIdMatches(\".*COMMUNITY.*\")...
07:02:05.158594 POST /session/b3dece3d-73af-4a39-8b8f-21d37408982c/element [9.532456ms] ERR:404 body={"strategy":"-android uiautomator","selector":"new UiSelector().resourceIdMatches(\".*COMMUNITY.*\")...
07:02:05.167679 POST /session/b3dece3d-73af-4a39-8b8f-21d37408982c/element [8.9355ms] ERR:404 body={"strategy":"-android uiautomator","selector":"new UiSelector().resourceIdMatches(\".*COMMUNITY.*\")...
07:02:05.178493 POST /session/b3dece3d-73af-4a39-8b8f-21d37408982c/element [10.68003ms] ERR:404 body={"strategy":"-android uiautomator","selector":"new UiSelector().resourceIdMatches(\".*COMMUNITY.*\")...
07:02:05.190622 POST /session/b3dece3d-73af-4a39-8b8f-21d37408982c/element [12.026121ms] ERR:404 body={"strategy":"-android uiautomator","selector":"new UiSelector().resourceIdMatches(\".*COMMUNITY.*\")...
07:02:05.200232 POST /session/b3dece3d-73af-4a39-8b8f-21d37408982c/element [9.477715ms] ERR:404 body={"strategy":"-android uiautomator","selector":"new UiSelector().resourceIdMatches(\".*COMMUNITY.*\")...
07:02:05.211915 POST /session/b3dece3d-73af-4a39-8b8f-21d37408982c/element [11.586642ms] ERR:404 body={"strategy":"-android uiautomator","selector":"new UiSelector().resourceIdMatches(\".*COMMUNITY.*\")...
07:02:05.224226 POST /session/b3dece3d-73af-4a39-8b8f-21d37408982c/element [12.197339ms] ERR:404 body={"strategy":"-android uiautomator","selector":"new UiSelector().resourceIdMatches(\".*COMMUNITY.*\")...
07:02:05.252624 POST /session/b3dece3d-73af-4a39-8b8f-21d37408982c/element [28.295316ms] ERR:404 body={"strategy":"-android uiautomator","selector":"new UiSelector().resourceIdMatches(\".*COMMUNITY.*\")...
07:02:05.263370 POST /session/b3dece3d-73af-4a39-8b8f-21d37408982c/element [10.601863ms] ERR:404 body={"strategy":"-android uiautomator","selector":"new UiSelector().resourceIdMatches(\".*COMMUNITY.*\")...
07:02:05.274336 POST /session/b3dece3d-73af-4a39-8b8f-21d37408982c/element [10.839295ms] ERR:404 body={"strategy":"-android uiautomator","selector":"new UiSelector().resourceIdMatches(\".*COMMUNITY.*\")...
07:02:05.284635 POST /session/b3dece3d-73af-4a39-8b8f-21d37408982c/element [10.182518ms] ERR:404 body={"strategy":"-android uiautomator","selector":"new UiSelector().resourceIdMatches(\".*COMMUNITY.*\")...
07:02:05.294539 POST /session/b3dece3d-73af-4a39-8b8f-21d37408982c/element [9.747519ms] ERR:404 body={"strategy":"-android uiautomator","selector":"new UiSelector().resourceIdMatches(\".*COMMUNITY.*\")...
07:02:05.305918 POST /session/b3dece3d-73af-4a39-8b8f-21d37408982c/element [11.237777ms] ERR:404 body={"strategy":"-android uiautomator","selector":"new UiSelector().resourceIdMatches(\".*COMMUNITY.*\")...
07:02:05.315779 POST /session/b3dece3d-73af-4a39-8b8f-21d37408982c/element [9.719337ms] ERR:404 body={"strategy":"-android uiautomator","selector":"new UiSelector().resourceIdMatches(\".*COMMUNITY.*\")...
07:02:05.346992 POST /session/b3dece3d-73af-4a39-8b8f-21d37408982c/element [31.087108ms] ERR:404 body={"strategy":"-android uiautomator","selector":"new UiSelector().resourceIdMatches(\".*COMMUNITY.*\")...
07:02:05.361024 POST /session/b3dece3d-73af-4a39-8b8f-21d37408982c/element [13.865274ms] ERR:404 body={"strategy":"-android uiautomator","selector":"new UiSelector().resourceIdMatches(\".*COMMUNITY.*\")...
07:02:05.373726 POST /session/b3dece3d-73af-4a39-8b8f-21d37408982c/element [12.571481ms] ERR:404 body={"strategy":"-android uiautomator","selector":"new UiSelector().resourceIdMatches(\".*COMMUNITY.*\")...
07:02:05.383100 POST /session/b3dece3d-73af-4a39-8b8f-21d37408982c/element [9.210683ms] ERR:404 body={"strategy":"-android uiautomator","selector":"new UiSelector().resourceIdMatches(\".*COMMUNITY.*\")...
07:02:05.402687 POST /session/b3dece3d-73af-4a39-8b8f-21d37408982c/element [19.444543ms] ERR:404 body={"strategy":"-android uiautomator","selector":"new UiSelector().resourceIdMatches(\".*COMMUNITY.*\")...
07:02:05.413819 POST /session/b3dece3d-73af-4a39-8b8f-21d37408982c/element [11.013807ms] ERR:404 body={"strategy":"-android uiautomator","selector":"new UiSelector().resourceIdMatches(\".*COMMUNITY.*\")...
07:02:05.429852 POST /session/b3dece3d-73af-4a39-8b8f-21d37408982c/element [15.904335ms] ERR:404 body={"strategy":"-android uiautomator","selector":"new UiSelector().resourceIdMatches(\".*COMMUNITY.*\")...
07:02:05.439878 POST /session/b3dece3d-73af-4a39-8b8f-21d37408982c/element [9.882669ms] ERR:404 body={"strategy":"-android uiautomator","selector":"new UiSelector().resourceIdMatches(\".*COMMUNITY.*\")...
07:02:05.457828 POST /session/b3dece3d-73af-4a39-8b8f-21d37408982c/element [17.785207ms] ERR:404 body={"strategy":"-android uiautomator","selector":"new UiSelector().resourceIdMatches(\".*COMMUNITY.*\")...
07:02:05.467021 POST /session/b3dece3d-73af-4a39-8b8f-21d37408982c/element [9.048748ms] ERR:404 body={"strategy":"-android uiautomator","selector":"new UiSelector().resourceIdMatches(\".*COMMUNITY.*\")...
07:02:05.481051 POST /session/b3dece3d-73af-4a39-8b8f-21d37408982c/element [13.882371ms] ERR:404 body={"strategy":"-android uiautomator","selector":"new UiSelector().resourceIdMatches(\".*COMMUNITY.*\")...
07:02:05.492953 POST /session/b3dece3d-73af-4a39-8b8f-21d37408982c/element [11.768549ms] ERR:404 body={"strategy":"-android uiautomator","selector":"new UiSelector().resourceIdMatches(\".*COMMUNITY.*\")...
07:02:05.502212 POST /session/b3dece3d-73af-4a39-8b8f-21d37408982c/element [9.114406ms] ERR:404 body={"strategy":"-android uiautomator","selector":"new UiSelector().resourceIdMatches(\".*COMMUNITY.*\")...
07:02:05.520231 POST /session/b3dece3d-73af-4a39-8b8f-21d37408982c/element [17.882933ms] ERR:404 body={"strategy":"-android uiautomator","selector":"new UiSelector().resourceIdMatches(\".*COMMUNITY.*\")...
07:02:05.530438 POST /session/b3dece3d-73af-4a39-8b8f-21d37408982c/element [10.072964ms] ERR:404 body={"strategy":"-android uiautomator","selector":"new UiSelector().resourceIdMatches(\".*COMMUNITY.*\")...
07:02:05.540472 POST /session/b3dece3d-73af-4a39-8b8f-21d37408982c/element [9.886064ms] ERR:404 body={"strategy":"-android uiautomator","selector":"new UiSelector().resourceIdMatches(\".*COMMUNITY.*\")...
07:02:05.550134 POST /session/b3dece3d-73af-4a39-8b8f-21d37408982c/element [9.537761ms] ERR:404 body={"strategy":"-android uiautomator","selector":"new UiSelector().resourceIdMatches(\".*COMMUNITY.*\")...
07:02:05.562003 POST /session/b3dece3d-73af-4a39-8b8f-21d37408982c/element [11.719956ms] ERR:404 body={"strategy":"-android uiautomator","selector":"new UiSelector().resourceIdMatches(\".*COMMUNITY.*\")...
07:02:05.572634 POST /session/b3dece3d-73af-4a39-8b8f-21d37408982c/element [10.504782ms] ERR:404 body={"strategy":"-android uiautomator","selector":"new UiSelector().resourceIdMatches(\".*COMMUNITY.*\")...
07:02:05.684585 POST /session/b3dece3d-73af-4a39-8b8f-21d37408982c/element [111.787739ms] ERR:404 body={"strategy":"-android uiautomator","selector":"new UiSelector().resourceIdMatches(\".*COMMUNITY.*\")...
07:02:05.704871 POST /session/b3dece3d-73af-4a39-8b8f-21d37408982c/element [20.15298ms] ERR:404 body={"strategy":"-android uiautomator","selector":"new UiSelector().resourceIdMatches(\".*COMMUNITY.*\")...
07:02:05.717991 POST /session/b3dece3d-73af-4a39-8b8f-21d37408982c/element [12.989191ms] ERR:404 body={"strategy":"-android uiautomator","selector":"new UiSelector().resourceIdMatches(\".*COMMUNITY.*\")...
07:02:05.727708 POST /session/b3dece3d-73af-4a39-8b8f-21d37408982c/element [9.566604ms] ERR:404 body={"strategy":"-android uiautomator","selector":"new UiSelector().resourceIdMatches(\".*COMMUNITY.*\")...
07:02:05.739278 POST /session/b3dece3d-73af-4a39-8b8f-21d37408982c/element [11.430111ms] ERR:404 body={"strategy":"-android uiautomator","selector":"new UiSelector().resourceIdMatches(\".*COMMUNITY.*\")...
07:02:05.748954 POST /session/b3dece3d-73af-4a39-8b8f-21d37408982c/element [9.553435ms] ERR:404 body={"strategy":"-android uiautomator","selector":"new UiSelector().resourceIdMatches(\".*COMMUNITY.*\")...
07:02:05.757799 POST /session/b3dece3d-73af-4a39-8b8f-21d37408982c/element [8.728607ms] ERR:404 body={"strategy":"-android uiautomator","selector":"new UiSelector().resourceIdMatches(\".*COMMUNITY.*\")...
07:02:05.767030 POST /session/b3dece3d-73af-4a39-8b8f-21d37408982c/element [9.107005ms] ERR:404 body={"strategy":"-android uiautomator","selector":"new UiSelector().resourceIdMatches(\".*COMMUNITY.*\")...
07:02:05.776936 POST /session/b3dece3d-73af-4a39-8b8f-21d37408982c/element [9.766494ms] ERR:404 body={"strategy":"-android uiautomator","selector":"new UiSelector().resourceIdMatches(\".*COMMUNITY.*\")...
07:02:05.786787 POST /session/b3dece3d-73af-4a39-8b8f-21d37408982c/element [9.726865ms] ERR:404 body={"strategy":"-android uiautomator","selector":"new UiSelector().resourceIdMatches(\".*COMMUNITY.*\")...
07:02:05.799715 POST /session/b3dece3d-73af-4a39-8b8f-21d37408982c/element [12.798514ms] ERR:404 body={"strategy":"-android uiautomator","selector":"new UiSelector().resourceIdMatches(\".*COMMUNITY.*\")...
07:02:05.819032 POST /session/b3dece3d-73af-4a39-8b8f-21d37408982c/element [19.168743ms] ERR:404 body={"strategy":"-android uiautomator","selector":"new UiSelector().resourceIdMatches(\".*COMMUNITY.*\")...
07:02:05.829325 POST /session/b3dece3d-73af-4a39-8b8f-21d37408982c/element [10.164031ms] ERR:404 body={"strategy":"-android uiautomator","selector":"new UiSelector().resourceIdMatches(\".*COMMUNITY.*\")...
07:02:05.838771 POST /session/b3dece3d-73af-4a39-8b8f-21d37408982c/element [9.312855ms] ERR:404 body={"strategy":"-android uiautomator","selector":"new UiSelector().resourceIdMatches(\".*COMMUNITY.*\")...
07:02:05.848345 POST /session/b3dece3d-73af-4a39-8b8f-21d37408982c/element [9.439895ms] ERR:404 body={"strategy":"-android uiautomator","selector":"new UiSelector().resourceIdMatches(\".*COMMUNITY.*\")...
07:02:05.857822 POST /session/b3dece3d-73af-4a39-8b8f-21d37408982c/element [9.365944ms] ERR:404 body={"strategy":"-android uiautomator","selector":"new UiSelector().resourceIdMatches(\".*COMMUNITY.*\")...
07:02:06.557782 POST /session/b3dece3d-73af-4a39-8b8f-21d37408982c/element [699.849494ms] ERR:404 body={"strategy":"-android uiautomator","selector":"new UiSelector().resourceIdMatches(\".*COMMUNITY.*\")...
07:02:07.164838 POST /session/b3dece3d-73af-4a39-8b8f-21d37408982c/element [606.938219ms] OK body={"strategy":"-android uiautomator","selector":"new UiSelector().resourceIdMatches(\".*COMMUNITY.*\")...
07:02:08.413568 GET /session/b3dece3d-73af-4a39-8b8f-21d37408982c/element/00000000-0000-0010-ffff-ffff00000095/text [1.248651289s] OK body=
07:02:08.425639 GET /session/b3dece3d-73af-4a39-8b8f-21d37408982c/element/00000000-0000-0010-ffff-ffff00000095/rect [11.991589ms] OK body=
07:02:08.452883 POST /session/b3dece3d-73af-4a39-8b8f-21d37408982c/element [26.605512ms] OK body={"strategy":"-android uiautomator","selector":"new UiSelector().textContains(\"Community\")"}
07:02:08.477630 POST /session/b3dece3d-73af-4a39-8b8f-21d37408982c/element [23.993757ms] ERR:404 body={"strategy":"-android uiautomator","selector":"new UiSelector().resourceIdMatches(\".*COMMUNITY.*\")...
07:02:08.500585 POST /session/b3dece3d-73af-4a39-8b8f-21d37408982c/element [22.847803ms] OK body={"strategy":"-android uiautomator","selector":"new UiSelector().resourceIdMatches(\".*COMMUNITY.*\")...
07:02:08.511261 GET /session/b3dece3d-73af-4a39-8b8f-21d37408982c/element/00000000-0000-0010-ffff-ffff00000095/text [10.56976ms] OK body=
07:02:08.522784 GET /session/b3dece3d-73af-4a39-8b8f-21d37408982c/element/00000000-0000-0010-ffff-ffff00000095/rect [11.446446ms] OK body=
07:02:08.554533 POST /session/b3dece3d-73af-4a39-8b8f-21d37408982c/element/00000000-0000-0010-ffff-ffff00000095/click [31.671394ms] OK body=
07:02:08.676774 POST /session/b3dece3d-73af-4a39-8b8f-21d37408982c/element [121.317223ms] ERR:404 body={"strategy":"-android uiautomator","selector":"new UiSelector().resourceIdMatches(\".*recipe.*\").cl...
07:02:08.715094 POST /session/b3dece3d-73af-4a39-8b8f-21d37408982c/element [38.209368ms] OK body={"strategy":"-android uiautomator","selector":"new UiSelector().resourceIdMatches(\".*recipe.*\")"}
07:02:08.733511 GET /session/b3dece3d-73af-4a39-8b8f-21d37408982c/element/00000000-0000-0010-ffff-ffff000000ec/text [18.329704ms] OK body=
07:02:08.762168 GET /session/b3dece3d-73af-4a39-8b8f-21d37408982c/element/00000000-0000-0010-ffff-ffff000000ec/rect [28.534312ms] OK body=
07:02:08.794002 POST /session/b3dece3d-73af-4a39-8b8f-21d37408982c/element/00000000-0000-0010-ffff-ffff000000ec/click [31.743726ms] OK body=
07:02:08.841185 POST /session/b3dece3d-73af-4a39-8b8f-21d37408982c/element [43.016277ms] ERR:404 body={"strategy":"-android uiautomator","selector":"new UiSelector().resourceIdMatches(\".*recipe-cook-bu...
07:02:08.870266 POST /session/b3dece3d-73af-4a39-8b8f-21d37408982c/element [28.930481ms] ERR:404 body={"strategy":"-android uiautomator","selector":"new UiSelector().resourceIdMatches(\".*recipe-cook-bu...
07:02:08.901393 POST /session/b3dece3d-73af-4a39-8b8f-21d37408982c/element [31.029761ms] ERR:404 body={"strategy":"-android uiautomator","selector":"new UiSelector().resourceIdMatches(\".*recipe-cook-bu...
07:02:08.920851 POST /session/b3dece3d-73af-4a39-8b8f-21d37408982c/element [19.362263ms] ERR:404 body={"strategy":"-android uiautomator","selector":"new UiSelector().resourceIdMatches(\".*recipe-cook-bu...
07:02:08.946429 POST /session/b3dece3d-73af-4a39-8b8f-21d37408982c/element [25.456347ms] ERR:404 body={"strategy":"-android uiautomator","selector":"new UiSelector().resourceIdMatches(\".*recipe-cook-bu...
07:02:08.970726 POST /session/b3dece3d-73af-4a39-8b8f-21d37408982c/element [24.201004ms] ERR:404 body={"strategy":"-android uiautomator","selector":"new UiSelector().resourceIdMatches(\".*recipe-cook-bu...
07:02:09.411806 POST /session/b3dece3d-73af-4a39-8b8f-21d37408982c/element [440.961679ms] ERR:404 body={"strategy":"-android uiautomator","selector":"new UiSelector().resourceIdMatches(\".*recipe-cook-bu...
07:02:10.598534 POST /session/b3dece3d-73af-4a39-8b8f-21d37408982c/element [1.186634097s] OK body={"strategy":"-android uiautomator","selector":"new UiSelector().resourceIdMatches(\".*recipe-cook-bu...
07:02:10.928295 GET /session/b3dece3d-73af-4a39-8b8f-21d37408982c/element/00000000-0000-0010-ffff-ffff00000121/text [329.684611ms] OK body=
07:02:11.008212 GET /session/b3dece3d-73af-4a39-8b8f-21d37408982c/element/00000000-0000-0010-ffff-ffff00000121/rect [79.84591ms] OK body=
07:02:11.060815 POST /session/b3dece3d-73af-4a39-8b8f-21d37408982c/element/00000000-0000-0010-ffff-ffff00000121/click [52.525725ms] OK body=
07:02:11.895482 POST /session/b3dece3d-73af-4a39-8b8f-21d37408982c/element [833.494311ms] ERR:404 body={"strategy":"-android uiautomator","selector":"new UiSelector().resourceIdMatches(\".*active-speakin...
07:02:12.315250 POST /session/b3dece3d-73af-4a39-8b8f-21d37408982c/element [419.631062ms] OK body={"strategy":"-android uiautomator","selector":"new UiSelector().resourceIdMatches(\".*active-speakin...
07:02:12.336949 GET /session/b3dece3d-73af-4a39-8b8f-21d37408982c/element/00000000-0000-0010-ffff-ffff000001d6/text [21.626201ms] OK body=
07:02:12.345007 GET /session/b3dece3d-73af-4a39-8b8f-21d37408982c/element/00000000-0000-0010-ffff-ffff000001d6/rect [7.991442ms] OK body=
07:02:12.373201 POST /session/b3dece3d-73af-4a39-8b8f-21d37408982c/element/00000000-0000-0010-ffff-ffff000001d6/click [28.135822ms] OK body=
07:02:12.883814 POST /session/b3dece3d-73af-4a39-8b8f-21d37408982c/element [507.551884ms] ERR:404 body={"strategy":"-android uiautomator","selector":"new UiSelector().textContains(\"English\")"}
07:02:12.902165 POST /session/b3dece3d-73af-4a39-8b8f-21d37408982c/element [18.203887ms] ERR:404 body={"strategy":"-android uiautomator","selector":"new UiSelector().descriptionContains(\"English\")"}
07:02:12.920147 POST /session/b3dece3d-73af-4a39-8b8f-21d37408982c/element [17.84942ms] ERR:404 body={"strategy":"-android uiautomator","selector":"new UiSelector().textMatches(\"(?is).*\\QEnglish\\E.*...
07:02:12.938175 POST /session/b3dece3d-73af-4a39-8b8f-21d37408982c/element [17.926741ms] ERR:404 body={"strategy":"-android uiautomator","selector":"new UiSelector().descriptionMatches(\"(?is).*\\QEngli...
07:02:12.957878 POST /session/b3dece3d-73af-4a39-8b8f-21d37408982c/element [19.597891ms] ERR:404 body={"strategy":"-android uiautomator","selector":"new UiSelector().textContains(\"English\")"}
07:02:12.978996 POST /session/b3dece3d-73af-4a39-8b8f-21d37408982c/element [21.01543ms] ERR:404 body={"strategy":"-android uiautomator","selector":"new UiSelector().descriptionContains(\"English\")"}
07:02:12.996466 POST /session/b3dece3d-73af-4a39-8b8f-21d37408982c/element [17.373851ms] ERR:404 body={"strategy":"-android uiautomator","selector":"new UiSelector().textMatches(\"(?is).*\\QEnglish\\E.*...
07:02:13.014910 POST /session/b3dece3d-73af-4a39-8b8f-21d37408982c/element [18.332907ms] ERR:404 body={"strategy":"-android uiautomator","selector":"new UiSelector().descriptionMatches(\"(?is).*\\QEngli...
07:02:13.033598 POST /session/b3dece3d-73af-4a39-8b8f-21d37408982c/element [18.567814ms] ERR:404 body={"strategy":"-android uiautomator","selector":"new UiSelector().textContains(\"English\")"}
07:02:13.050616 POST /session/b3dece3d-73af-4a39-8b8f-21d37408982c/element [16.858512ms] ERR:404 body={"strategy":"-android uiautomator","selector":"new UiSelector().descriptionContains(\"English\")"}
07:02:13.069272 POST /session/b3dece3d-73af-4a39-8b8f-21d37408982c/element [18.536712ms] ERR:404 body={"strategy":"-android uiautomator","selector":"new UiSelector().textMatches(\"(?is).*\\QEnglish\\E.*...
07:02:13.087956 POST /session/b3dece3d-73af-4a39-8b8f-21d37408982c/element [18.559731ms] ERR:404 body={"strategy":"-android uiautomator","selector":"new UiSelector().descriptionMatches(\"(?is).*\\QEngli...
07:02:13.105493 POST /session/b3dece3d-73af-4a39-8b8f-21d37408982c/element [17.402324ms] ERR:404 body={"strategy":"-android uiautomator","selector":"new UiSelector().textContains(\"English\")"}
07:02:13.120664 POST /session/b3dece3d-73af-4a39-8b8f-21d37408982c/element [15.040016ms] ERR:404 body={"strategy":"-android uiautomator","selector":"new UiSelector().descriptionContains(\"English\")"}
07:02:13.140851 POST /session/b3dece3d-73af-4a39-8b8f-21d37408982c/element [20.093795ms] ERR:404 body={"strategy":"-android uiautomator","selector":"new UiSelector().textMatches(\"(?is).*\\QEnglish\\E.*...
07:02:13.165999 POST /session/b3dece3d-73af-4a39-8b8f-21d37408982c/element [25.043092ms] ERR:404 body={"strategy":"-android uiautomator","selector":"new UiSelector().descriptionMatches(\"(?is).*\\QEngli...
07:02:13.183242 POST /session/b3dece3d-73af-4a39-8b8f-21d37408982c/element [17.119739ms] ERR:404 body={"strategy":"-android uiautomator","selector":"new UiSelector().textContains(\"English\")"}
07:02:13.546182 POST /session/b3dece3d-73af-4a39-8b8f-21d37408982c/element [362.831562ms] ERR:404 body={"strategy":"-android uiautomator","selector":"new UiSelector().descriptionContains(\"English\")"}
07:02:13.584841 POST /session/b3dece3d-73af-4a39-8b8f-21d37408982c/element [38.543328ms] ERR:404 body={"strategy":"-android uiautomator","selector":"new UiSelector().textMatches(\"(?is).*\\QEnglish\\E.*...
07:02:13.600072 POST /session/b3dece3d-73af-4a39-8b8f-21d37408982c/element [15.114052ms] ERR:404 body={"strategy":"-android uiautomator","selector":"new UiSelector().descriptionMatches(\"(?is).*\\QEngli...
07:02:13.617619 POST /session/b3dece3d-73af-4a39-8b8f-21d37408982c/element [17.408342ms] ERR:404 body={"strategy":"-android uiautomator","selector":"new UiSelector().textContains(\"English\")"}
07:02:13.634390 POST /session/b3dece3d-73af-4a39-8b8f-21d37408982c/element [16.628616ms] ERR:404 body={"strategy":"-android uiautomator","selector":"new UiSelector().descriptionContains(\"English\")"}
07:02:13.653269 POST /session/b3dece3d-73af-4a39-8b8f-21d37408982c/element [18.757004ms] ERR:404 body={"strategy":"-android uiautomator","selector":"new UiSelector().textMatches(\"(?is).*\\QEnglish\\E.*...
07:02:13.676864 POST /session/b3dece3d-73af-4a39-8b8f-21d37408982c/element [23.479732ms] ERR:404 body={"strategy":"-android uiautomator","selector":"new UiSelector().descriptionMatches(\"(?is).*\\QEngli...
07:02:13.699736 POST /session/b3dece3d-73af-4a39-8b8f-21d37408982c/element [22.758975ms] ERR:404 body={"strategy":"-android uiautomator","selector":"new UiSelector().textContains(\"English\")"}
07:02:13.718122 POST /session/b3dece3d-73af-4a39-8b8f-21d37408982c/element [18.266246ms] ERR:404 body={"strategy":"-android uiautomator","selector":"new UiSelector().descriptionContains(\"English\")"}
07:02:13.738326 POST /session/b3dece3d-73af-4a39-8b8f-21d37408982c/element [20.108694ms] ERR:404 body={"strategy":"-android uiautomator","selector":"new UiSelector().textMatches(\"(?is).*\\QEnglish\\E.*...
07:02:13.757100 POST /session/b3dece3d-73af-4a39-8b8f-21d37408982c/element [18.673187ms] ERR:404 body={"strategy":"-android uiautomator","selector":"new UiSelector().descriptionMatches(\"(?is).*\\QEngli...
07:02:13.773000 POST /session/b3dece3d-73af-4a39-8b8f-21d37408982c/element [15.779151ms] ERR:404 body={"strategy":"-android uiautomator","selector":"new UiSelector().textContains(\"English\")"}
07:02:13.788714 POST /session/b3dece3d-73af-4a39-8b8f-21d37408982c/element [15.603837ms] ERR:404 body={"strategy":"-android uiautomator","selector":"new UiSelector().descriptionContains(\"English\")"}
07:02:13.809325 POST /session/b3dece3d-73af-4a39-8b8f-21d37408982c/element [20.50556ms] ERR:404 body={"strategy":"-android uiautomator","selector":"new UiSelector().textMatches(\"(?is).*\\QEnglish\\E.*...
07:02:13.824531 POST /session/b3dece3d-73af-4a39-8b8f-21d37408982c/element [15.10606ms] ERR:404 body={"strategy":"-android uiautomator","selector":"new UiSelector().descriptionMatches(\"(?is).*\\QEngli...
07:02:13.839320 POST /session/b3dece3d-73af-4a39-8b8f-21d37408982c/element [14.691807ms] ERR:404 body={"strategy":"-android uiautomator","selector":"new UiSelector().textContains(\"English\")"}
07:02:13.853624 POST /session/b3dece3d-73af-4a39-8b8f-21d37408982c/element [14.215643ms] ERR:404 body={"strategy":"-android uiautomator","selector":"new UiSelector().descriptionContains(\"English\")"}
07:02:13.870785 POST /session/b3dece3d-73af-4a39-8b8f-21d37408982c/element [17.057201ms] ERR:404 body={"strategy":"-android uiautomator","selector":"new UiSelector().textMatches(\"(?is).*\\QEnglish\\E.*...
07:02:13.890545 POST /session/b3dece3d-73af-4a39-8b8f-21d37408982c/element [19.660811ms] ERR:404 body={"strategy":"-android uiautomator","selector":"new UiSelector().descriptionMatches(\"(?is).*\\QEngli...
07:02:13.908601 POST /session/b3dece3d-73af-4a39-8b8f-21d37408982c/element [17.939716ms] ERR:404 body={"strategy":"-android uiautomator","selector":"new UiSelector().textContains(\"English\")"}
07:02:13.926144 POST /session/b3dece3d-73af-4a39-8b8f-21d37408982c/element [17.419435ms] ERR:404 body={"strategy":"-android uiautomator","selector":"new UiSelector().descriptionContains(\"English\")"}
07:02:13.947131 POST /session/b3dece3d-73af-4a39-8b8f-21d37408982c/element [20.888385ms] ERR:404 body={"strategy":"-android uiautomator","selector":"new UiSelector().textMatches(\"(?is).*\\QEnglish\\E.*...
07:02:13.963290 POST /session/b3dece3d-73af-4a39-8b8f-21d37408982c/element [16.051018ms] ERR:404 body={"strategy":"-android uiautomator","selector":"new UiSelector().descriptionMatches(\"(?is).*\\QEngli...
07:02:13.978261 POST /session/b3dece3d-73af-4a39-8b8f-21d37408982c/element [14.862685ms] ERR:404 body={"strategy":"-android uiautomator","selector":"new UiSelector().textContains(\"English\")"}
07:02:13.993984 POST /session/b3dece3d-73af-4a39-8b8f-21d37408982c/element [15.629075ms] ERR:404 body={"strategy":"-android uiautomator","selector":"new UiSelector().descriptionContains(\"English\")"}
07:02:14.011169 POST /session/b3dece3d-73af-4a39-8b8f-21d37408982c/element [17.070451ms] ERR:404 body={"strategy":"-android uiautomator","selector":"new UiSelector().textMatches(\"(?is).*\\QEnglish\\E.*...
07:02:14.033272 POST /session/b3dece3d-73af-4a39-8b8f-21d37408982c/element [21.998252ms] ERR:404 body={"strategy":"-android uiautomator","selector":"new UiSelector().descriptionMatches(\"(?is).*\\QEngli...
07:02:14.050289 POST /session/b3dece3d-73af-4a39-8b8f-21d37408982c/element [16.8903ms] ERR:404 body={"strategy":"-android uiautomator","selector":"new UiSelector().textContains(\"English\")"}
07:02:14.066617 POST /session/b3dece3d-73af-4a39-8b8f-21d37408982c/element [16.194104ms] ERR:404 body={"strategy":"-android uiautomator","selector":"new UiSelector().descriptionContains(\"English\")"}
07:02:14.081701 POST /session/b3dece3d-73af-4a39-8b8f-21d37408982c/element [14.952909ms] ERR:404 body={"strategy":"-android uiautomator","selector":"new UiSelector().textMatches(\"(?is).*\\QEnglish\\E.*...
07:02:14.099116 POST /session/b3dece3d-73af-4a39-8b8f-21d37408982c/element [17.302168ms] ERR:404 body={"strategy":"-android uiautomator","selector":"new UiSelector().descriptionMatches(\"(?is).*\\QEngli...
07:02:14.114166 POST /session/b3dece3d-73af-4a39-8b8f-21d37408982c/element [14.928388ms] ERR:404 body={"strategy":"-android uiautomator","selector":"new UiSelector().textContains(\"English\")"}
07:02:14.128718 POST /session/b3dece3d-73af-4a39-8b8f-21d37408982c/element [14.456534ms] ERR:404 body={"strategy":"-android uiautomator","selector":"new UiSelector().descriptionContains(\"English\")"}
07:02:14.144267 POST /session/b3dece3d-73af-4a39-8b8f-21d37408982c/element [15.435579ms] ERR:404 body={"strategy":"-android uiautomator","selector":"new UiSelector().textMatches(\"(?is).*\\QEnglish\\E.*...
07:02:14.159586 POST /session/b3dece3d-73af-4a39-8b8f-21d37408982c/element [15.214403ms] ERR:404 body={"strategy":"-android uiautomator","selector":"new UiSelector().descriptionMatches(\"(?is).*\\QEngli...
07:02:14.176917 POST /session/b3dece3d-73af-4a39-8b8f-21d37408982c/element [17.204212ms] ERR:404 body={"strategy":"-android uiautomator","selector":"new UiSelector().textContains(\"English\")"}
07:02:14.235773 POST /session/b3dece3d-73af-4a39-8b8f-21d37408982c/element [58.764987ms] ERR:404 body={"strategy":"-android uiautomator","selector":"new UiSelector().descriptionContains(\"English\")"}
07:02:14.254231 POST /session/b3dece3d-73af-4a39-8b8f-21d37408982c/element [18.352987ms] ERR:404 body={"strategy":"-android uiautomator","selector":"new UiSelector().textMatches(\"(?is).*\\QEnglish\\E.*...
07:02:14.279251 POST /session/b3dece3d-73af-4a39-8b8f-21d37408982c/element [24.886135ms] ERR:404 body={"strategy":"-android uiautomator","selector":"new UiSelector().descriptionMatches(\"(?is).*\\QEngli...
07:02:14.297799 POST /session/b3dece3d-73af-4a39-8b8f-21d37408982c/element [18.407904ms] ERR:404 body={"strategy":"-android uiautomator","selector":"new UiSelector().textContains(\"English\")"}
07:02:14.316307 POST /session/b3dece3d-73af-4a39-8b8f-21d37408982c/element [18.385997ms] ERR:404 body={"strategy":"-android uiautomator","selector":"new UiSelector().descriptionContains(\"English\")"}
07:02:14.334185 POST /session/b3dece3d-73af-4a39-8b8f-21d37408982c/element [17.754859ms] ERR:404 body={"strategy":"-android uiautomator","selector":"new UiSelector().textMatches(\"(?is).*\\QEnglish\\E.*...
07:02:14.349197 POST /session/b3dece3d-73af-4a39-8b8f-21d37408982c/element [14.891939ms] ERR:404 body={"strategy":"-android uiautomator","selector":"new UiSelector().descriptionMatches(\"(?is).*\\QEngli...
07:02:14.365036 POST /session/b3dece3d-73af-4a39-8b8f-21d37408982c/element [15.709596ms] ERR:404 body={"strategy":"-android uiautomator","selector":"new UiSelector().textContains(\"English\")"}
07:02:14.386360 POST /session/b3dece3d-73af-4a39-8b8f-21d37408982c/element [21.201906ms] ERR:404 body={"strategy":"-android uiautomator","selector":"new UiSelector().descriptionContains(\"English\")"}
07:02:14.402132 POST /session/b3dece3d-73af-4a39-8b8f-21d37408982c/element [15.634238ms] ERR:404 body={"strategy":"-android uiautomator","selector":"new UiSelector().textMatches(\"(?is).*\\QEnglish\\E.*...
07:02:14.418621 POST /session/b3dece3d-73af-4a39-8b8f-21d37408982c/element [16.367985ms] ERR:404 body={"strategy":"-android uiautomator","selector":"new UiSelector().descriptionMatches(\"(?is).*\\QEngli...
07:02:14.433551 POST /session/b3dece3d-73af-4a39-8b8f-21d37408982c/element [14.81306ms] ERR:404 body={"strategy":"-android uiautomator","selector":"new UiSelector().textContains(\"English\")"}
07:02:14.448329 POST /session/b3dece3d-73af-4a39-8b8f-21d37408982c/element [14.659926ms] ERR:404 body={"strategy":"-android uiautomator","selector":"new UiSelector().descriptionContains(\"English\")"}
07:02:14.465606 POST /session/b3dece3d-73af-4a39-8b8f-21d37408982c/element [17.161312ms] ERR:404 body={"strategy":"-android uiautomator","selector":"new UiSelector().textMatches(\"(?is).*\\QEnglish\\E.*...
07:02:14.484549 POST /session/b3dece3d-73af-4a39-8b8f-21d37408982c/element [18.826868ms] ERR:404 body={"strategy":"-android uiautomator","selector":"new UiSelector().descriptionMatches(\"(?is).*\\QEngli...
07:02:14.499546 POST /session/b3dece3d-73af-4a39-8b8f-21d37408982c/element [14.871828ms] ERR:404 body={"strategy":"-android uiautomator","selector":"new UiSelector().textContains(\"English\")"}
07:02:14.515505 POST /session/b3dece3d-73af-4a39-8b8f-21d37408982c/element [15.836648ms] ERR:404 body={"strategy":"-android uiautomator","selector":"new UiSelector().descriptionContains(\"English\")"}
07:02:14.533307 POST /session/b3dece3d-73af-4a39-8b8f-21d37408982c/element [17.678089ms] ERR:404 body={"strategy":"-android uiautomator","selector":"new UiSelector().textMatches(\"(?is).*\\QEnglish\\E.*...
07:02:14.549381 POST /session/b3dece3d-73af-4a39-8b8f-21d37408982c/element [15.951384ms] ERR:404 body={"strategy":"-android uiautomator","selector":"new UiSelector().descriptionMatches(\"(?is).*\\QEngli...
07:02:14.566166 POST /session/b3dece3d-73af-4a39-8b8f-21d37408982c/element [16.688276ms] ERR:404 body={"strategy":"-android uiautomator","selector":"new UiSelector().textContains(\"English\")"}
07:02:14.584421 POST /session/b3dece3d-73af-4a39-8b8f-21d37408982c/element [18.140423ms] ERR:404 body={"strategy":"-android uiautomator","selector":"new UiSelector().descriptionContains(\"English\")"}
07:02:14.602177 POST /session/b3dece3d-73af-4a39-8b8f-21d37408982c/element [17.6331ms] ERR:404 body={"strategy":"-android uiautomator","selector":"new UiSelector().textMatches(\"(?is).*\\QEnglish\\E.*...
07:02:14.620067 POST /session/b3dece3d-73af-4a39-8b8f-21d37408982c/element [17.78563ms] ERR:404 body={"strategy":"-android uiautomator","selector":"new UiSelector().descriptionMatches(\"(?is).*\\QEngli...
07:02:14.636747 POST /session/b3dece3d-73af-4a39-8b8f-21d37408982c/element [16.564375ms] ERR:404 body={"strategy":"-android uiautomator","selector":"new UiSelector().textContains(\"English\")"}
07:02:14.657585 POST /session/b3dece3d-73af-4a39-8b8f-21d37408982c/element [20.706011ms] ERR:404 body={"strategy":"-android uiautomator","selector":"new UiSelector().descriptionContains(\"English\")"}
07:02:14.679673 POST /session/b3dece3d-73af-4a39-8b8f-21d37408982c/element [21.933445ms] ERR:404 body={"strategy":"-android uiautomator","selector":"new UiSelector().textMatches(\"(?is).*\\QEnglish\\E.*...
07:02:14.699931 POST /session/b3dece3d-73af-4a39-8b8f-21d37408982c/element [20.150973ms] ERR:404 body={"strategy":"-android uiautomator","selector":"new UiSelector().descriptionMatches(\"(?is).*\\QEngli...
07:02:14.715702 POST /session/b3dece3d-73af-4a39-8b8f-21d37408982c/element [15.678074ms] ERR:404 body={"strategy":"-android uiautomator","selector":"new UiSelector().textContains(\"English\")"}
07:02:14.731625 POST /session/b3dece3d-73af-4a39-8b8f-21d37408982c/element [15.797874ms] ERR:404 body={"strategy":"-android uiautomator","selector":"new UiSelector().descriptionContains(\"English\")"}
07:02:14.750811 POST /session/b3dece3d-73af-4a39-8b8f-21d37408982c/element [19.047365ms] ERR:404 body={"strategy":"-android uiautomator","selector":"new UiSelector().textMatches(\"(?is).*\\QEnglish\\E.*...
07:02:14.768514 POST /session/b3dece3d-73af-4a39-8b8f-21d37408982c/element [17.579941ms] ERR:404 body={"strategy":"-android uiautomator","selector":"new UiSelector().descriptionMatches(\"(?is).*\\QEngli...
07:02:14.787900 POST /session/b3dece3d-73af-4a39-8b8f-21d37408982c/element [19.272448ms] ERR:404 body={"strategy":"-android uiautomator","selector":"new UiSelector().textContains(\"English\")"}
07:02:14.806098 POST /session/b3dece3d-73af-4a39-8b8f-21d37408982c/element [18.078625ms] ERR:404 body={"strategy":"-android uiautomator","selector":"new UiSelector().descriptionContains(\"English\")"}
07:02:14.826977 POST /session/b3dece3d-73af-4a39-8b8f-21d37408982c/element [20.752931ms] ERR:404 body={"strategy":"-android uiautomator","selector":"new UiSelector().textMatches(\"(?is).*\\QEnglish\\E.*...
07:02:14.847789 POST /session/b3dece3d-73af-4a39-8b8f-21d37408982c/element [20.69177ms] ERR:404 body={"strategy":"-android uiautomator","selector":"new UiSelector().descriptionMatches(\"(?is).*\\QEngli...
07:02:14.870393 POST /session/b3dece3d-73af-4a39-8b8f-21d37408982c/element [22.494183ms] ERR:404 body={"strategy":"-android uiautomator","selector":"new UiSelector().textContains(\"English\")"}
07:02:14.893741 POST /session/b3dece3d-73af-4a39-8b8f-21d37408982c/element [23.229372ms] ERR:404 body={"strategy":"-android uiautomator","selector":"new UiSelector().descriptionContains(\"English\")"}
07:02:14.912856 POST /session/b3dece3d-73af-4a39-8b8f-21d37408982c/element [18.988191ms] ERR:404 body={"strategy":"-android uiautomator","selector":"new UiSelector().textMatches(\"(?is).*\\QEnglish\\E.*...
07:02:14.930258 POST /session/b3dece3d-73af-4a39-8b8f-21d37408982c/element [17.275489ms] ERR:404 body={"strategy":"-android uiautomator","selector":"new UiSelector().descriptionMatches(\"(?is).*\\QEngli...
07:02:14.948323 POST /session/b3dece3d-73af-4a39-8b8f-21d37408982c/element [17.940978ms] ERR:404 body={"strategy":"-android uiautomator","selector":"new UiSelector().textContains(\"English\")"}
07:02:14.968276 POST /session/b3dece3d-73af-4a39-8b8f-21d37408982c/element [19.831307ms] ERR:404 body={"strategy":"-android uiautomator","selector":"new UiSelector().descriptionContains(\"English\")"}
07:02:14.988851 POST /session/b3dece3d-73af-4a39-8b8f-21d37408982c/element [20.441068ms] ERR:404 body={"strategy":"-android uiautomator","selector":"new UiSelector().textMatches(\"(?is).*\\QEnglish\\E.*...
07:02:15.007274 POST /session/b3dece3d-73af-4a39-8b8f-21d37408982c/element [18.319707ms] ERR:404 body={"strategy":"-android uiautomator","selector":"new UiSelector().descriptionMatches(\"(?is).*\\QEngli...
07:02:15.028534 POST /session/b3dece3d-73af-4a39-8b8f-21d37408982c/element [21.157264ms] ERR:404 body={"strategy":"-android uiautomator","selector":"new UiSelector().textContains(\"English\")"}
07:02:15.046078 POST /session/b3dece3d-73af-4a39-8b8f-21d37408982c/element [17.419013ms] ERR:404 body={"strategy":"-android uiautomator","selector":"new UiSelector().descriptionContains(\"English\")"}
07:02:15.067969 POST /session/b3dece3d-73af-4a39-8b8f-21d37408982c/element [21.778096ms] ERR:404 body={"strategy":"-android uiautomator","selector":"new UiSelector().textMatches(\"(?is).*\\QEnglish\\E.*...
07:02:15.084678 POST /session/b3dece3d-73af-4a39-8b8f-21d37408982c/element [16.578196ms] ERR:404 body={"strategy":"-android uiautomator","selector":"new UiSelector().descriptionMatches(\"(?is).*\\QEngli...
07:02:15.107499 POST /session/b3dece3d-73af-4a39-8b8f-21d37408982c/element [22.687508ms] ERR:404 body={"strategy":"-android uiautomator","selector":"new UiSelector().textContains(\"English\")"}
07:02:15.123692 POST /session/b3dece3d-73af-4a39-8b8f-21d37408982c/element [16.031119ms] ERR:404 body={"strategy":"-android uiautomator","selector":"new UiSelector().descriptionContains(\"English\")"}
07:02:15.138398 POST /session/b3dece3d-73af-4a39-8b8f-21d37408982c/element [14.577465ms] ERR:404 body={"strategy":"-android uiautomator","selector":"new UiSelector().textMatches(\"(?is).*\\QEnglish\\E.*...
07:02:15.156973 POST /session/b3dece3d-73af-4a39-8b8f-21d37408982c/element [18.467509ms] ERR:404 body={"strategy":"-android uiautomator","selector":"new UiSelector().descriptionMatches(\"(?is).*\\QEngli...
07:02:15.176236 POST /session/b3dece3d-73af-4a39-8b8f-21d37408982c/element [19.165377ms] ERR:404 body={"strategy":"-android uiautomator","selector":"new UiSelector().textContains(\"English\")"}
07:02:15.192489 POST /session/b3dece3d-73af-4a39-8b8f-21d37408982c/element [16.136974ms] ERR:404 body={"strategy":"-android uiautomator","selector":"new UiSelector().descriptionContains(\"English\")"}
07:02:15.207892 POST /session/b3dece3d-73af-4a39-8b8f-21d37408982c/element [15.27954ms] ERR:404 body={"strategy":"-android uiautomator","selector":"new UiSelector().textMatches(\"(?is).*\\QEnglish\\E.*...
07:02:15.222982 POST /session/b3dece3d-73af-4a39-8b8f-21d37408982c/element [14.976886ms] ERR:404 body={"strategy":"-android uiautomator","selector":"new UiSelector().descriptionMatches(\"(?is).*\\QEngli...
07:02:15.238169 POST /session/b3dece3d-73af-4a39-8b8f-21d37408982c/element [15.072945ms] ERR:404 body={"strategy":"-android uiautomator","selector":"new UiSelector().textContains(\"English\")"}
07:02:15.255709 POST /session/b3dece3d-73af-4a39-8b8f-21d37408982c/element [17.409965ms] ERR:404 body={"strategy":"-android uiautomator","selector":"new UiSelector().descriptionContains(\"English\")"}
07:02:15.273693 POST /session/b3dece3d-73af-4a39-8b8f-21d37408982c/element [17.860537ms] ERR:404 body={"strategy":"-android uiautomator","selector":"new UiSelector().textMatches(\"(?is).*\\QEnglish\\E.*...
07:02:15.290405 POST /session/b3dece3d-73af-4a39-8b8f-21d37408982c/element [16.57762ms] ERR:404 body={"strategy":"-android uiautomator","selector":"new UiSelector().descriptionMatches(\"(?is).*\\QEngli...
07:02:15.307404 POST /session/b3dece3d-73af-4a39-8b8f-21d37408982c/element [16.887295ms] ERR:404 body={"strategy":"-android uiautomator","selector":"new UiSelector().textContains(\"English\")"}
07:02:15.325013 POST /session/b3dece3d-73af-4a39-8b8f-21d37408982c/element [17.483024ms] ERR:404 body={"strategy":"-android uiautomator","selector":"new UiSelector().descriptionContains(\"English\")"}
07:02:15.342782 POST /session/b3dece3d-73af-4a39-8b8f-21d37408982c/element [17.660748ms] ERR:404 body={"strategy":"-android uiautomator","selector":"new UiSelector().textMatches(\"(?is).*\\QEnglish\\E.*...
07:02:15.360100 POST /session/b3dece3d-73af-4a39-8b8f-21d37408982c/element [17.20007ms] ERR:404 body={"strategy":"-android uiautomator","selector":"new UiSelector().descriptionMatches(\"(?is).*\\QEngli...
07:02:15.378067 POST /session/b3dece3d-73af-4a39-8b8f-21d37408982c/element [17.848419ms] ERR:404 body={"strategy":"-android uiautomator","selector":"new UiSelector().textContains(\"English\")"}
07:02:15.396255 POST /session/b3dece3d-73af-4a39-8b8f-21d37408982c/element [18.06849ms] ERR:404 body={"strategy":"-android uiautomator","selector":"new UiSelector().descriptionContains(\"English\")"}
07:02:15.415630 POST /session/b3dece3d-73af-4a39-8b8f-21d37408982c/element [19.228957ms] ERR:404 body={"strategy":"-android uiautomator","selector":"new UiSelector().textMatches(\"(?is).*\\QEnglish\\E.*...
07:02:15.434376 POST /session/b3dece3d-73af-4a39-8b8f-21d37408982c/element [18.615892ms] ERR:404 body={"strategy":"-android uiautomator","selector":"new UiSelector().descriptionMatches(\"(?is).*\\QEngli...
07:02:15.451416 POST /session/b3dece3d-73af-4a39-8b8f-21d37408982c/element [16.93029ms] ERR:404 body={"strategy":"-android uiautomator","selector":"new UiSelector().textContains(\"English\")"}
07:02:15.472422 POST /session/b3dece3d-73af-4a39-8b8f-21d37408982c/element [20.897715ms] ERR:404 body={"strategy":"-android uiautomator","selector":"new UiSelector().descriptionContains(\"English\")"}
07:02:15.494537 POST /session/b3dece3d-73af-4a39-8b8f-21d37408982c/element [21.983365ms] ERR:404 body={"strategy":"-android uiautomator","selector":"new UiSelector().textMatches(\"(?is).*\\QEnglish\\E.*...
07:02:15.512296 POST /session/b3dece3d-73af-4a39-8b8f-21d37408982c/element [17.641779ms] ERR:404 body={"strategy":"-android uiautomator","selector":"new UiSelector().descriptionMatches(\"(?is).*\\QEngli...
07:02:15.530759 POST /session/b3dece3d-73af-4a39-8b8f-21d37408982c/element [18.343633ms] ERR:404 body={"strategy":"-android uiautomator","selector":"new UiSelector().textContains(\"English\")"}
07:02:15.548243 POST /session/b3dece3d-73af-4a39-8b8f-21d37408982c/element [17.384452ms] ERR:404 body={"strategy":"-android uiautomator","selector":"new UiSelector().descriptionContains(\"English\")"}
07:02:15.565471 POST /session/b3dece3d-73af-4a39-8b8f-21d37408982c/element [17.110471ms] ERR:404 body={"strategy":"-android uiautomator","selector":"new UiSelector().textMatches(\"(?is).*\\QEnglish\\E.*...
07:02:15.586751 POST /session/b3dece3d-73af-4a39-8b8f-21d37408982c/element [21.183114ms] ERR:404 body={"strategy":"-android uiautomator","selector":"new UiSelector().descriptionMatches(\"(?is).*\\QEngli...
07:02:15.604338 POST /session/b3dece3d-73af-4a39-8b8f-21d37408982c/element [17.461172ms] ERR:404 body={"strategy":"-android uiautomator","selector":"new UiSelector().textContains(\"English\")"}
07:02:15.620477 POST /session/b3dece3d-73af-4a39-8b8f-21d37408982c/element [16.05156ms] ERR:404 body={"strategy":"-android uiautomator","selector":"new UiSelector().descriptionContains(\"English\")"}
07:02:15.637362 POST /session/b3dece3d-73af-4a39-8b8f-21d37408982c/element [16.790085ms] ERR:404 body={"strategy":"-android uiautomator","selector":"new UiSelector().textMatches(\"(?is).*\\QEnglish\\E.*...
07:02:15.655360 POST /session/b3dece3d-73af-4a39-8b8f-21d37408982c/element [17.890723ms] ERR:404 body={"strategy":"-android uiautomator","selector":"new UiSelector().descriptionMatches(\"(?is).*\\QEngli...
07:02:15.673946 POST /session/b3dece3d-73af-4a39-8b8f-21d37408982c/element [18.48187ms] ERR:404 body={"strategy":"-android uiautomator","selector":"new UiSelector().textContains(\"English\")"}
07:02:15.695794 POST /session/b3dece3d-73af-4a39-8b8f-21d37408982c/element [21.569263ms] ERR:404 body={"strategy":"-android uiautomator","selector":"new UiSelector().descriptionContains(\"English\")"}
07:02:15.719383 POST /session/b3dece3d-73af-4a39-8b8f-21d37408982c/element [23.46437ms] ERR:404 body={"strategy":"-android uiautomator","selector":"new UiSelector().textMatches(\"(?is).*\\QEnglish\\E.*...
07:02:15.740457 POST /session/b3dece3d-73af-4a39-8b8f-21d37408982c/element [20.944124ms] ERR:404 body={"strategy":"-android uiautomator","selector":"new UiSelector().descriptionMatches(\"(?is).*\\QEngli...
07:02:15.761987 POST /session/b3dece3d-73af-4a39-8b8f-21d37408982c/element [21.410179ms] ERR:404 body={"strategy":"-android uiautomator","selector":"new UiSelector().textContains(\"English\")"}
07:02:15.779519 POST /session/b3dece3d-73af-4a39-8b8f-21d37408982c/element [17.414272ms] ERR:404 body={"strategy":"-android uiautomator","selector":"new UiSelector().descriptionContains(\"English\")"}
07:02:15.797723 POST /session/b3dece3d-73af-4a39-8b8f-21d37408982c/element [18.089521ms] ERR:404 body={"strategy":"-android uiautomator","selector":"new UiSelector().textMatches(\"(?is).*\\QEnglish\\E.*...
07:02:15.816433 POST /session/b3dece3d-73af-4a39-8b8f-21d37408982c/element [18.591019ms] ERR:404 body={"strategy":"-android uiautomator","selector":"new UiSelector().descriptionMatches(\"(?is).*\\QEngli...
07:02:15.840182 POST /session/b3dece3d-73af-4a39-8b8f-21d37408982c/element [23.637885ms] ERR:404 body={"strategy":"-android uiautomator","selector":"new UiSelector().textContains(\"English\")"}
07:02:15.859189 POST /session/b3dece3d-73af-4a39-8b8f-21d37408982c/element [18.89702ms] ERR:404 body={"strategy":"-android uiautomator","selector":"new UiSelector().descriptionContains(\"English\")"}
07:02:15.877012 POST /session/b3dece3d-73af-4a39-8b8f-21d37408982c/element [17.701218ms] ERR:404 body={"strategy":"-android uiautomator","selector":"new UiSelector().textMatches(\"(?is).*\\QEnglish\\E.*...
07:02:15.894371 POST /session/b3dece3d-73af-4a39-8b8f-21d37408982c/element [17.254227ms] ERR:404 body={"strategy":"-android uiautomator","selector":"new UiSelector().descriptionMatches(\"(?is).*\\QEngli...
07:02:15.930442 POST /session/b3dece3d-73af-4a39-8b8f-21d37408982c/element [35.960028ms] ERR:404 body={"strategy":"-android uiautomator","selector":"new UiSelector().textContains(\"English\")"}
07:02:15.966466 POST /session/b3dece3d-73af-4a39-8b8f-21d37408982c/element [35.90114ms] ERR:404 body={"strategy":"-android uiautomator","selector":"new UiSelector().descriptionContains(\"English\")"}
07:02:15.984175 POST /session/b3dece3d-73af-4a39-8b8f-21d37408982c/element [17.598197ms] ERR:404 body={"strategy":"-android uiautomator","selector":"new UiSelector().textMatches(\"(?is).*\\QEnglish\\E.*...
07:02:16.001816 POST /session/b3dece3d-73af-4a39-8b8f-21d37408982c/element [17.516015ms] ERR:404 body={"strategy":"-android uiautomator","selector":"new UiSelector().descriptionMatches(\"(?is).*\\QEngli...
07:02:16.019742 POST /session/b3dece3d-73af-4a39-8b8f-21d37408982c/element [17.833591ms] ERR:404 body={"strategy":"-android uiautomator","selector":"new UiSelector().textContains(\"English\")"}
07:02:16.037654 POST /session/b3dece3d-73af-4a39-8b8f-21d37408982c/element [17.770793ms] ERR:404 body={"strategy":"-android uiautomator","selector":"new UiSelector().descriptionContains(\"English\")"}
07:02:16.055720 POST /session/b3dece3d-73af-4a39-8b8f-21d37408982c/element [17.93203ms] ERR:404 body={"strategy":"-android uiautomator","selector":"new UiSelector().textMatches(\"(?is).*\\QEnglish\\E.*...
07:02:16.072557 POST /session/b3dece3d-73af-4a39-8b8f-21d37408982c/element [16.735187ms] ERR:404 body={"strategy":"-android uiautomator","selector":"new UiSelector().descriptionMatches(\"(?is).*\\QEngli...
07:02:16.091709 POST /session/b3dece3d-73af-4a39-8b8f-21d37408982c/element [19.034365ms] ERR:404 body={"strategy":"-android uiautomator","selector":"new UiSelector().textContains(\"English\")"}
07:02:16.109402 POST /session/b3dece3d-73af-4a39-8b8f-21d37408982c/element [17.594673ms] ERR:404 body={"strategy":"-android uiautomator","selector":"new UiSelector().descriptionContains(\"English\")"}
07:02:16.128046 POST /session/b3dece3d-73af-4a39-8b8f-21d37408982c/element [18.517088ms] ERR:404 body={"strategy":"-android uiautomator","selector":"new UiSelector().textMatches(\"(?is).*\\QEnglish\\E.*...
07:02:16.147196 POST /session/b3dece3d-73af-4a39-8b8f-21d37408982c/element [19.039153ms] ERR:404 body={"strategy":"-android uiautomator","selector":"new UiSelector().descriptionMatches(\"(?is).*\\QEngli...
07:02:16.172887 POST /session/b3dece3d-73af-4a39-8b8f-21d37408982c/element [25.568395ms] ERR:404 body={"strategy":"-android uiautomator","selector":"new UiSelector().textContains(\"English\")"}
07:02:16.189858 POST /session/b3dece3d-73af-4a39-8b8f-21d37408982c/element [16.839494ms] ERR:404 body={"strategy":"-android uiautomator","selector":"new UiSelector().descriptionContains(\"English\")"}
07:02:16.208966 POST /session/b3dece3d-73af-4a39-8b8f-21d37408982c/element [18.985472ms] ERR:404 body={"strategy":"-android uiautomator","selector":"new UiSelector().textMatches(\"(?is).*\\QEnglish\\E.*...
07:02:16.228765 POST /session/b3dece3d-73af-4a39-8b8f-21d37408982c/element [19.693641ms] ERR:404 body={"strategy":"-android uiautomator","selector":"new UiSelector().descriptionMatches(\"(?is).*\\QEngli...
07:02:16.249587 POST /session/b3dece3d-73af-4a39-8b8f-21d37408982c/element [20.702035ms] ERR:404 body={"strategy":"-android uiautomator","selector":"new UiSelector().textContains(\"English\")"}
07:02:16.268564 POST /session/b3dece3d-73af-4a39-8b8f-21d37408982c/element [18.855202ms] ERR:404 body={"strategy":"-android uiautomator","selector":"new UiSelector().descriptionContains(\"English\")"}
07:02:16.285824 POST /session/b3dece3d-73af-4a39-8b8f-21d37408982c/element [17.122939ms] ERR:404 body={"strategy":"-android uiautomator","selector":"new UiSelector().textMatches(\"(?is).*\\QEnglish\\E.*...
07:02:16.302931 POST /session/b3dece3d-73af-4a39-8b8f-21d37408982c/element [16.986048ms] ERR:404 body={"strategy":"-android uiautomator","selector":"new UiSelector().descriptionMatches(\"(?is).*\\QEngli...
07:02:16.319766 POST /session/b3dece3d-73af-4a39-8b8f-21d37408982c/element [16.731977ms] ERR:404 body={"strategy":"-android uiautomator","selector":"new UiSelector().textContains(\"English\")"}
07:02:16.336691 POST /session/b3dece3d-73af-4a39-8b8f-21d37408982c/element [16.782769ms] ERR:404 body={"strategy":"-android uiautomator","selector":"new UiSelector().descriptionContains(\"English\")"}
07:02:16.352677 POST /session/b3dece3d-73af-4a39-8b8f-21d37408982c/element [15.843808ms] ERR:404 body={"strategy":"-android uiautomator","selector":"new UiSelector().textMatches(\"(?is).*\\QEnglish\\E.*...
07:02:16.368931 POST /session/b3dece3d-73af-4a39-8b8f-21d37408982c/element [16.145071ms] ERR:404 body={"strategy":"-android uiautomator","selector":"new UiSelector().descriptionMatches(\"(?is).*\\QEngli...
07:02:16.398679 POST /session/b3dece3d-73af-4a39-8b8f-21d37408982c/element [29.614742ms] ERR:404 body={"strategy":"-android uiautomator","selector":"new UiSelector().textContains(\"English\")"}
07:02:16.428677 POST /session/b3dece3d-73af-4a39-8b8f-21d37408982c/element [29.856961ms] ERR:404 body={"strategy":"-android uiautomator","selector":"new UiSelector().descriptionContains(\"English\")"}
07:02:16.446034 POST /session/b3dece3d-73af-4a39-8b8f-21d37408982c/element [17.236575ms] ERR:404 body={"strategy":"-android uiautomator","selector":"new UiSelector().textMatches(\"(?is).*\\QEnglish\\E.*...
07:02:16.464151 POST /session/b3dece3d-73af-4a39-8b8f-21d37408982c/element [17.997453ms] ERR:404 body={"strategy":"-android uiautomator","selector":"new UiSelector().descriptionMatches(\"(?is).*\\QEngli...
07:02:16.485761 POST /session/b3dece3d-73af-4a39-8b8f-21d37408982c/element [21.498211ms] ERR:404 body={"strategy":"-android uiautomator","selector":"new UiSelector().textContains(\"English\")"}
07:02:16.506102 POST /session/b3dece3d-73af-4a39-8b8f-21d37408982c/element [20.226491ms] ERR:404 body={"strategy":"-android uiautomator","selector":"new UiSelector().descriptionContains(\"English\")"}
07:02:16.528949 POST /session/b3dece3d-73af-4a39-8b8f-21d37408982c/element [22.730792ms] ERR:404 body={"strategy":"-android uiautomator","selector":"new UiSelector().textMatches(\"(?is).*\\QEnglish\\E.*...
07:02:16.548713 POST /session/b3dece3d-73af-4a39-8b8f-21d37408982c/element [19.645789ms] ERR:404 body={"strategy":"-android uiautomator","selector":"new UiSelector().descriptionMatches(\"(?is).*\\QEngli...
07:02:16.572883 POST /session/b3dece3d-73af-4a39-8b8f-21d37408982c/element [24.056974ms] ERR:404 body={"strategy":"-android uiautomator","selector":"new UiSelector().textContains(\"English\")"}
07:02:16.590547 POST /session/b3dece3d-73af-4a39-8b8f-21d37408982c/element [17.55595ms] ERR:404 body={"strategy":"-android uiautomator","selector":"new UiSelector().descriptionContains(\"English\")"}
07:02:16.608159 POST /session/b3dece3d-73af-4a39-8b8f-21d37408982c/element [17.506005ms] ERR:404 body={"strategy":"-android uiautomator","selector":"new UiSelector().textMatches(\"(?is).*\\QEnglish\\E.*...
07:02:16.625057 POST /session/b3dece3d-73af-4a39-8b8f-21d37408982c/element [16.792473ms] ERR:404 body={"strategy":"-android uiautomator","selector":"new UiSelector().descriptionMatches(\"(?is).*\\QEngli...
07:02:16.642923 POST /session/b3dece3d-73af-4a39-8b8f-21d37408982c/element [17.755139ms] ERR:404 body={"strategy":"-android uiautomator","selector":"new UiSelector().textContains(\"English\")"}
07:02:16.661714 POST /session/b3dece3d-73af-4a39-8b8f-21d37408982c/element [18.679788ms] ERR:404 body={"strategy":"-android uiautomator","selector":"new UiSelector().descriptionContains(\"English\")"}
07:02:16.679555 POST /session/b3dece3d-73af-4a39-8b8f-21d37408982c/element [17.722239ms] ERR:404 body={"strategy":"-android uiautomator","selector":"new UiSelector().textMatches(\"(?is).*\\QEnglish\\E.*...
07:02:16.704464 POST /session/b3dece3d-73af-4a39-8b8f-21d37408982c/element [24.787522ms] ERR:404 body={"strategy":"-android uiautomator","selector":"new UiSelector().descriptionMatches(\"(?is).*\\QEngli...
07:02:16.737469 POST /session/b3dece3d-73af-4a39-8b8f-21d37408982c/element [32.877152ms] ERR:404 body={"strategy":"-android uiautomator","selector":"new UiSelector().textContains(\"English\")"}
07:02:16.776505 POST /session/b3dece3d-73af-4a39-8b8f-21d37408982c/element [38.911206ms] ERR:404 body={"strategy":"-android uiautomator","selector":"new UiSelector().descriptionContains(\"English\")"}
07:02:16.794092 POST /session/b3dece3d-73af-4a39-8b8f-21d37408982c/element [17.483572ms] ERR:404 body={"strategy":"-android uiautomator","selector":"new UiSelector().textMatches(\"(?is).*\\QEnglish\\E.*...
07:02:16.812463 POST /session/b3dece3d-73af-4a39-8b8f-21d37408982c/element [18.269111ms] ERR:404 body={"strategy":"-android uiautomator","selector":"new UiSelector().descriptionMatches(\"(?is).*\\QEngli...
07:02:16.830172 POST /session/b3dece3d-73af-4a39-8b8f-21d37408982c/element [17.608468ms] ERR:404 body={"strategy":"-android uiautomator","selector":"new UiSelector().textContains(\"English\")"}
07:02:16.847882 POST /session/b3dece3d-73af-4a39-8b8f-21d37408982c/element [17.592324ms] ERR:404 body={"strategy":"-android uiautomator","selector":"new UiSelector().descriptionContains(\"English\")"}
07:02:16.866159 POST /session/b3dece3d-73af-4a39-8b8f-21d37408982c/element [18.178209ms] ERR:404 body={"strategy":"-android uiautomator","selector":"new UiSelector().textMatches(\"(?is).*\\QEnglish\\E.*...
07:02:16.888817 POST /session/b3dece3d-73af-4a39-8b8f-21d37408982c/element [22.523246ms] ERR:404 body={"strategy":"-android uiautomator","selector":"new UiSelector().descriptionMatches(\"(?is).*\\QEngli...
07:02:16.907681 POST /session/b3dece3d-73af-4a39-8b8f-21d37408982c/element [18.740729ms] ERR:404 body={"strategy":"-android uiautomator","selector":"new UiSelector().textContains(\"English\")"}
07:02:16.924797 POST /session/b3dece3d-73af-4a39-8b8f-21d37408982c/element [17.00357ms] ERR:404 body={"strategy":"-android uiautomator","selector":"new UiSelector().descriptionContains(\"English\")"}
07:02:16.942235 POST /session/b3dece3d-73af-4a39-8b8f-21d37408982c/element [17.32988ms] ERR:404 body={"strategy":"-android uiautomator","selector":"new UiSelector().textMatches(\"(?is).*\\QEnglish\\E.*...
07:02:16.969147 POST /session/b3dece3d-73af-4a39-8b8f-21d37408982c/element [26.781392ms] ERR:404 body={"strategy":"-android uiautomator","selector":"new UiSelector().descriptionMatches(\"(?is).*\\QEngli...
07:02:17.006460 POST /session/b3dece3d-73af-4a39-8b8f-21d37408982c/element [37.194793ms] ERR:404 body={"strategy":"-android uiautomator","selector":"new UiSelector().textContains(\"English\")"}
07:02:17.024567 POST /session/b3dece3d-73af-4a39-8b8f-21d37408982c/element [17.886932ms] ERR:404 body={"strategy":"-android uiautomator","selector":"new UiSelector().descriptionContains(\"English\")"}
07:02:17.042267 POST /session/b3dece3d-73af-4a39-8b8f-21d37408982c/element [17.525639ms] ERR:404 body={"strategy":"-android uiautomator","selector":"new UiSelector().textMatches(\"(?is).*\\QEnglish\\E.*...
07:02:17.060786 POST /session/b3dece3d-73af-4a39-8b8f-21d37408982c/element [18.406102ms] ERR:404 body={"strategy":"-android uiautomator","selector":"new UiSelector().descriptionMatches(\"(?is).*\\QEngli...
07:02:17.078598 POST /session/b3dece3d-73af-4a39-8b8f-21d37408982c/element [17.676265ms] ERR:404 body={"strategy":"-android uiautomator","selector":"new UiSelector().textContains(\"English\")"}
07:02:17.095042 POST /session/b3dece3d-73af-4a39-8b8f-21d37408982c/element [16.331866ms] ERR:404 body={"strategy":"-android uiautomator","selector":"new UiSelector().descriptionContains(\"English\")"}
07:02:17.112958 POST /session/b3dece3d-73af-4a39-8b8f-21d37408982c/element [17.796361ms] ERR:404 body={"strategy":"-android uiautomator","selector":"new UiSelector().textMatches(\"(?is).*\\QEnglish\\E.*...
07:02:17.129233 POST /session/b3dece3d-73af-4a39-8b8f-21d37408982c/element [16.152547ms] ERR:404 body={"strategy":"-android uiautomator","selector":"new UiSelector().descriptionMatches(\"(?is).*\\QEngli...
07:02:17.145636 POST /session/b3dece3d-73af-4a39-8b8f-21d37408982c/element [16.272412ms] ERR:404 body={"strategy":"-android uiautomator","selector":"new UiSelector().textContains(\"English\")"}
07:02:17.165954 POST /session/b3dece3d-73af-4a39-8b8f-21d37408982c/element [20.191208ms] ERR:404 body={"strategy":"-android uiautomator","selector":"new UiSelector().descriptionContains(\"English\")"}
07:02:17.187491 POST /session/b3dece3d-73af-4a39-8b8f-21d37408982c/element [21.446313ms] ERR:404 body={"strategy":"-android uiautomator","selector":"new UiSelector().textMatches(\"(?is).*\\QEnglish\\E.*...
07:02:17.205047 POST /session/b3dece3d-73af-4a39-8b8f-21d37408982c/element [17.424272ms] ERR:404 body={"strategy":"-android uiautomator","selector":"new UiSelector().descriptionMatches(\"(?is).*\\QEngli...
07:02:17.224436 POST /session/b3dece3d-73af-4a39-8b8f-21d37408982c/element [19.282028ms] ERR:404 body={"strategy":"-android uiautomator","selector":"new UiSelector().textContains(\"English\")"}
07:02:17.244951 POST /session/b3dece3d-73af-4a39-8b8f-21d37408982c/element [20.391268ms] ERR:404 body={"strategy":"-android uiautomator","selector":"new UiSelector().descriptionContains(\"English\")"}
07:02:17.263841 POST /session/b3dece3d-73af-4a39-8b8f-21d37408982c/element [18.758325ms] ERR:404 body={"strategy":"-android uiautomator","selector":"new UiSelector().textMatches(\"(?is).*\\QEnglish\\E.*...
07:02:17.280351 POST /session/b3dece3d-73af-4a39-8b8f-21d37408982c/element [16.391966ms] ERR:404 body={"strategy":"-android uiautomator","selector":"new UiSelector().descriptionMatches(\"(?is).*\\QEngli...
07:02:17.309950 POST /session/b3dece3d-73af-4a39-8b8f-21d37408982c/element [29.47993ms] ERR:404 body={"strategy":"-android uiautomator","selector":"new UiSelector().textContains(\"English\")"}
07:02:17.327890 POST /session/b3dece3d-73af-4a39-8b8f-21d37408982c/element [17.827787ms] ERR:404 body={"strategy":"-android uiautomator","selector":"new UiSelector().descriptionContains(\"English\")"}
07:02:17.349936 POST /session/b3dece3d-73af-4a39-8b8f-21d37408982c/element [21.92005ms] ERR:404 body={"strategy":"-android uiautomator","selector":"new UiSelector().textMatches(\"(?is).*\\QEnglish\\E.*...
07:02:17.376277 POST /session/b3dece3d-73af-4a39-8b8f-21d37408982c/element [26.220188ms] ERR:404 body={"strategy":"-android uiautomator","selector":"new UiSelector().descriptionMatches(\"(?is).*\\QEngli...
07:02:17.412664 POST /session/b3dece3d-73af-4a39-8b8f-21d37408982c/element [36.271911ms] ERR:404 body={"strategy":"-android uiautomator","selector":"new UiSelector().textContains(\"English\")"}
07:02:17.446810 POST /session/b3dece3d-73af-4a39-8b8f-21d37408982c/element [34.02058ms] ERR:404 body={"strategy":"-android uiautomator","selector":"new UiSelector().descriptionContains(\"English\")"}
07:02:17.464756 POST /session/b3dece3d-73af-4a39-8b8f-21d37408982c/element [17.816787ms] ERR:404 body={"strategy":"-android uiautomator","selector":"new UiSelector().textMatches(\"(?is).*\\QEnglish\\E.*...
07:02:17.482625 POST /session/b3dece3d-73af-4a39-8b8f-21d37408982c/element [17.749305ms] ERR:404 body={"strategy":"-android uiautomator","selector":"new UiSelector().descriptionMatches(\"(?is).*\\QEngli...
07:02:17.518748 POST /session/b3dece3d-73af-4a39-8b8f-21d37408982c/element [35.980975ms] ERR:404 body={"strategy":"-android uiautomator","selector":"new UiSelector().textContains(\"English\")"}
07:02:17.535916 POST /session/b3dece3d-73af-4a39-8b8f-21d37408982c/element [17.072057ms] ERR:404 body={"strategy":"-android uiautomator","selector":"new UiSelector().descriptionContains(\"English\")"}
07:02:17.554109 POST /session/b3dece3d-73af-4a39-8b8f-21d37408982c/element [18.05223ms] ERR:404 body={"strategy":"-android uiautomator","selector":"new UiSelector().textMatches(\"(?is).*\\QEnglish\\E.*...
07:02:17.573472 POST /session/b3dece3d-73af-4a39-8b8f-21d37408982c/element [19.249223ms] ERR:404 body={"strategy":"-android uiautomator","selector":"new UiSelector().descriptionMatches(\"(?is).*\\QEngli...
07:02:17.590177 POST /session/b3dece3d-73af-4a39-8b8f-21d37408982c/element [16.585707ms] ERR:404 body={"strategy":"-android uiautomator","selector":"new UiSelector().textContains(\"English\")"}
07:02:17.609227 POST /session/b3dece3d-73af-4a39-8b8f-21d37408982c/element [18.923764ms] ERR:404 body={"strategy":"-android uiautomator","selector":"new UiSelector().descriptionContains(\"English\")"}
07:02:17.629956 POST /session/b3dece3d-73af-4a39-8b8f-21d37408982c/element [20.564214ms] ERR:404 body={"strategy":"-android uiautomator","selector":"new UiSelector().textMatches(\"(?is).*\\QEnglish\\E.*...
07:02:17.645533 POST /session/b3dece3d-73af-4a39-8b8f-21d37408982c/element [15.457989ms] ERR:404 body={"strategy":"-android uiautomator","selector":"new UiSelector().descriptionMatches(\"(?is).*\\QEngli...
07:02:17.661412 POST /session/b3dece3d-73af-4a39-8b8f-21d37408982c/element [15.761669ms] ERR:404 body={"strategy":"-android uiautomator","selector":"new UiSelector().textContains(\"English\")"}
07:02:17.676720 POST /session/b3dece3d-73af-4a39-8b8f-21d37408982c/element [15.195264ms] ERR:404 body={"strategy":"-android uiautomator","selector":"new UiSelector().descriptionContains(\"English\")"}
07:02:17.701944 POST /session/b3dece3d-73af-4a39-8b8f-21d37408982c/element [25.117818ms] ERR:404 body={"strategy":"-android uiautomator","selector":"new UiSelector().textMatches(\"(?is).*\\QEnglish\\E.*...
07:02:17.716921 POST /session/b3dece3d-73af-4a39-8b8f-21d37408982c/element [14.874187ms] ERR:404 body={"strategy":"-android uiautomator","selector":"new UiSelector().descriptionMatches(\"(?is).*\\QEngli...
07:02:17.732010 POST /session/b3dece3d-73af-4a39-8b8f-21d37408982c/element [14.969058ms] ERR:404 body={"strategy":"-android uiautomator","selector":"new UiSelector().textContains(\"English\")"}
07:02:17.747114 POST /session/b3dece3d-73af-4a39-8b8f-21d37408982c/element [14.980227ms] ERR:404 body={"strategy":"-android uiautomator","selector":"new UiSelector().descriptionContains(\"English\")"}
07:02:17.763420 POST /session/b3dece3d-73af-4a39-8b8f-21d37408982c/element [16.209322ms] ERR:404 body={"strategy":"-android uiautomator","selector":"new UiSelector().textMatches(\"(?is).*\\QEnglish\\E.*...
07:02:17.790111 POST /session/b3dece3d-73af-4a39-8b8f-21d37408982c/element [26.552087ms] ERR:404 body={"strategy":"-android uiautomator","selector":"new UiSelector().descriptionMatches(\"(?is).*\\QEngli...
07:02:17.809575 POST /session/b3dece3d-73af-4a39-8b8f-21d37408982c/element [19.317255ms] ERR:404 body={"strategy":"-android uiautomator","selector":"new UiSelector().textContains(\"English\")"}
07:02:17.833684 POST /session/b3dece3d-73af-4a39-8b8f-21d37408982c/element [23.941801ms] ERR:404 body={"strategy":"-android uiautomator","selector":"new UiSelector().descriptionContains(\"English\")"}
07:02:17.850678 POST /session/b3dece3d-73af-4a39-8b8f-21d37408982c/element [16.863119ms] ERR:404 body={"strategy":"-android uiautomator","selector":"new UiSelector().textMatches(\"(?is).*\\QEnglish\\E.*...
07:02:17.869424 POST /session/b3dece3d-73af-4a39-8b8f-21d37408982c/element [18.612432ms] ERR:404 body={"strategy":"-android uiautomator","selector":"new UiSelector().descriptionMatches(\"(?is).*\\QEngli...
07:02:17.905586 POST /session/b3dece3d-73af-4a39-8b8f-21d37408982c/element [36.051726ms] ERR:404 body={"strategy":"-android uiautomator","selector":"new UiSelector().textContains(\"English\")"}
07:02:17.920207 POST /session/b3dece3d-73af-4a39-8b8f-21d37408982c/element [14.485533ms] ERR:404 body={"strategy":"-android uiautomator","selector":"new UiSelector().descriptionContains(\"English\")"}
07:02:17.939755 POST /session/b3dece3d-73af-4a39-8b8f-21d37408982c/element [19.425978ms] ERR:404 body={"strategy":"-android uiautomator","selector":"new UiSelector().textMatches(\"(?is).*\\QEnglish\\E.*...
07:02:17.955837 POST /session/b3dece3d-73af-4a39-8b8f-21d37408982c/element [15.958019ms] ERR:404 body={"strategy":"-android uiautomator","selector":"new UiSelector().descriptionMatches(\"(?is).*\\QEngli...
07:02:17.972995 POST /session/b3dece3d-73af-4a39-8b8f-21d37408982c/element [17.027591ms] ERR:404 body={"strategy":"-android uiautomator","selector":"new UiSelector().textContains(\"English\")"}
07:02:17.987031 POST /session/b3dece3d-73af-4a39-8b8f-21d37408982c/element [13.93072ms] ERR:404 body={"strategy":"-android uiautomator","selector":"new UiSelector().descriptionContains(\"English\")"}
07:02:18.001567 POST /session/b3dece3d-73af-4a39-8b8f-21d37408982c/element [14.427907ms] ERR:404 body={"strategy":"-android uiautomator","selector":"new UiSelector().textMatches(\"(?is).*\\QEnglish\\E.*...
07:02:18.015818 POST /session/b3dece3d-73af-4a39-8b8f-21d37408982c/element [14.152042ms] ERR:404 body={"strategy":"-android uiautomator","selector":"new UiSelector().descriptionMatches(\"(?is).*\\QEngli...
07:02:18.030404 POST /session/b3dece3d-73af-4a39-8b8f-21d37408982c/element [14.453385ms] ERR:404 body={"strategy":"-android uiautomator","selector":"new UiSelector().textContains(\"English\")"}
07:02:18.044721 POST /session/b3dece3d-73af-4a39-8b8f-21d37408982c/element [14.202537ms] ERR:404 body={"strategy":"-android uiautomator","selector":"new UiSelector().descriptionContains(\"English\")"}
07:02:18.063510 POST /session/b3dece3d-73af-4a39-8b8f-21d37408982c/element [18.650243ms] ERR:404 body={"strategy":"-android uiautomator","selector":"new UiSelector().textMatches(\"(?is).*\\QEnglish\\E.*...
07:02:18.083406 POST /session/b3dece3d-73af-4a39-8b8f-21d37408982c/element [19.77316ms] ERR:404 body={"strategy":"-android uiautomator","selector":"new UiSelector().descriptionMatches(\"(?is).*\\QEngli...
07:02:18.101638 POST /session/b3dece3d-73af-4a39-8b8f-21d37408982c/element [18.097568ms] ERR:404 body={"strategy":"-android uiautomator","selector":"new UiSelector().textContains(\"English\")"}
07:02:18.119845 POST /session/b3dece3d-73af-4a39-8b8f-21d37408982c/element [18.089681ms] ERR:404 body={"strategy":"-android uiautomator","selector":"new UiSelector().descriptionContains(\"English\")"}
07:02:18.138099 POST /session/b3dece3d-73af-4a39-8b8f-21d37408982c/element [18.147939ms] ERR:404 body={"strategy":"-android uiautomator","selector":"new UiSelector().textMatches(\"(?is).*\\QEnglish\\E.*...
07:02:18.155902 POST /session/b3dece3d-73af-4a39-8b8f-21d37408982c/element [17.695679ms] ERR:404 body={"strategy":"-android uiautomator","selector":"new UiSelector().descriptionMatches(\"(?is).*\\QEngli...
07:02:18.177344 POST /session/b3dece3d-73af-4a39-8b8f-21d37408982c/element [21.329017ms] ERR:404 body={"strategy":"-android uiautomator","selector":"new UiSelector().textContains(\"English\")"}
07:02:18.194623 POST /session/b3dece3d-73af-4a39-8b8f-21d37408982c/element [17.15717ms] ERR:404 body={"strategy":"-android uiautomator","selector":"new UiSelector().descriptionContains(\"English\")"}
07:02:18.211789 POST /session/b3dece3d-73af-4a39-8b8f-21d37408982c/element [17.047466ms] ERR:404 body={"strategy":"-android uiautomator","selector":"new UiSelector().textMatches(\"(?is).*\\QEnglish\\E.*...
07:02:18.235071 POST /session/b3dece3d-73af-4a39-8b8f-21d37408982c/element [23.166036ms] ERR:404 body={"strategy":"-android uiautomator","selector":"new UiSelector().descriptionMatches(\"(?is).*\\QEngli...
07:02:18.249904 POST /session/b3dece3d-73af-4a39-8b8f-21d37408982c/element [14.735289ms] ERR:404 body={"strategy":"-android uiautomator","selector":"new UiSelector().textContains(\"English\")"}
07:02:18.264402 POST /session/b3dece3d-73af-4a39-8b8f-21d37408982c/element [14.398813ms] ERR:404 body={"strategy":"-android uiautomator","selector":"new UiSelector().descriptionContains(\"English\")"}
07:02:18.278890 POST /session/b3dece3d-73af-4a39-8b8f-21d37408982c/element [14.362258ms] ERR:404 body={"strategy":"-android uiautomator","selector":"new UiSelector().textMatches(\"(?is).*\\QEnglish\\E.*...
07:02:18.296007 POST /session/b3dece3d-73af-4a39-8b8f-21d37408982c/element [17.03063ms] ERR:404 body={"strategy":"-android uiautomator","selector":"new UiSelector().descriptionMatches(\"(?is).*\\QEngli...
07:02:18.312768 POST /session/b3dece3d-73af-4a39-8b8f-21d37408982c/element [16.629262ms] ERR:404 body={"strategy":"-android uiautomator","selector":"new UiSelector().textContains(\"English\")"}
07:02:18.329376 POST /session/b3dece3d-73af-4a39-8b8f-21d37408982c/element [16.503299ms] ERR:404 body={"strategy":"-android uiautomator","selector":"new UiSelector().descriptionContains(\"English\")"}
07:02:18.343584 POST /session/b3dece3d-73af-4a39-8b8f-21d37408982c/element [14.109664ms] ERR:404 body={"strategy":"-android uiautomator","selector":"new UiSelector().textMatches(\"(?is).*\\QEnglish\\E.*...
07:02:18.359098 POST /session/b3dece3d-73af-4a39-8b8f-21d37408982c/element [15.389115ms] ERR:404 body={"strategy":"-android uiautomator","selector":"new UiSelector().descriptionMatches(\"(?is).*\\QEngli...
07:02:18.374957 POST /session/b3dece3d-73af-4a39-8b8f-21d37408982c/element [15.728369ms] ERR:404 body={"strategy":"-android uiautomator","selector":"new UiSelector().textContains(\"English\")"}
07:02:18.400722 POST /session/b3dece3d-73af-4a39-8b8f-21d37408982c/element [25.642421ms] ERR:404 body={"strategy":"-android uiautomator","selector":"new UiSelector().descriptionContains(\"English\")"}
07:02:18.415653 POST /session/b3dece3d-73af-4a39-8b8f-21d37408982c/element [14.79313ms] ERR:404 body={"strategy":"-android uiautomator","selector":"new UiSelector().textMatches(\"(?is).*\\QEnglish\\E.*...
07:02:18.453728 POST /session/b3dece3d-73af-4a39-8b8f-21d37408982c/element [37.956733ms] ERR:404 body={"strategy":"-android uiautomator","selector":"new UiSelector().descriptionMatches(\"(?is).*\\QEngli...
07:02:18.469897 POST /session/b3dece3d-73af-4a39-8b8f-21d37408982c/element [16.073363ms] ERR:404 body={"strategy":"-android uiautomator","selector":"new UiSelector().textContains(\"English\")"}
07:02:18.485063 POST /session/b3dece3d-73af-4a39-8b8f-21d37408982c/element [15.042815ms] ERR:404 body={"strategy":"-android uiautomator","selector":"new UiSelector().descriptionContains(\"English\")"}
07:02:18.500158 POST /session/b3dece3d-73af-4a39-8b8f-21d37408982c/element [14.997277ms] ERR:404 body={"strategy":"-android uiautomator","selector":"new UiSelector().textMatches(\"(?is).*\\QEnglish\\E.*...
07:02:18.519299 POST /session/b3dece3d-73af-4a39-8b8f-21d37408982c/element [19.047389ms] ERR:404 body={"strategy":"-android uiautomator","selector":"new UiSelector().descriptionMatches(\"(?is).*\\QEngli...
07:02:18.534521 POST /session/b3dece3d-73af-4a39-8b8f-21d37408982c/element [15.110708ms] ERR:404 body={"strategy":"-android uiautomator","selector":"new UiSelector().textContains(\"English\")"}
07:02:18.549428 POST /session/b3dece3d-73af-4a39-8b8f-21d37408982c/element [14.810526ms] ERR:404 body={"strategy":"-android uiautomator","selector":"new UiSelector().descriptionContains(\"English\")"}
07:02:18.564111 POST /session/b3dece3d-73af-4a39-8b8f-21d37408982c/element [14.579278ms] ERR:404 body={"strategy":"-android uiautomator","selector":"new UiSelector().textMatches(\"(?is).*\\QEnglish\\E.*...
07:02:18.579099 POST /session/b3dece3d-73af-4a39-8b8f-21d37408982c/element [14.865839ms] ERR:404 body={"strategy":"-android uiautomator","selector":"new UiSelector().descriptionMatches(\"(?is).*\\QEngli...
07:02:18.593124 POST /session/b3dece3d-73af-4a39-8b8f-21d37408982c/element [13.90752ms] ERR:404 body={"strategy":"-android uiautomator","selector":"new UiSelector().textContains(\"English\")"}
07:02:18.607464 POST /session/b3dece3d-73af-4a39-8b8f-21d37408982c/element [14.224415ms] ERR:404 body={"strategy":"-android uiautomator","selector":"new UiSelector().descriptionContains(\"English\")"}
07:02:18.622609 POST /session/b3dece3d-73af-4a39-8b8f-21d37408982c/element [15.044307ms] ERR:404 body={"strategy":"-android uiautomator","selector":"new UiSelector().textMatches(\"(?is).*\\QEnglish\\E.*...
07:02:18.637008 POST /session/b3dece3d-73af-4a39-8b8f-21d37408982c/element [14.269764ms] ERR:404 body={"strategy":"-android uiautomator","selector":"new UiSelector().descriptionMatches(\"(?is).*\\QEngli...
07:02:18.651285 POST /session/b3dece3d-73af-4a39-8b8f-21d37408982c/element [14.148482ms] ERR:404 body={"strategy":"-android uiautomator","selector":"new UiSelector().textContains(\"English\")"}
07:02:18.668392 POST /session/b3dece3d-73af-4a39-8b8f-21d37408982c/element [16.994396ms] ERR:404 body={"strategy":"-android uiautomator","selector":"new UiSelector().descriptionContains(\"English\")"}
07:02:18.695711 POST /session/b3dece3d-73af-4a39-8b8f-21d37408982c/element [27.198503ms] ERR:404 body={"strategy":"-android uiautomator","selector":"new UiSelector().textMatches(\"(?is).*\\QEnglish\\E.*...
07:02:18.713366 POST /session/b3dece3d-73af-4a39-8b8f-21d37408982c/element [17.558193ms] ERR:404 body={"strategy":"-android uiautomator","selector":"new UiSelector().descriptionMatches(\"(?is).*\\QEngli...
07:02:18.730283 POST /session/b3dece3d-73af-4a39-8b8f-21d37408982c/element [16.813264ms] ERR:404 body={"strategy":"-android uiautomator","selector":"new UiSelector().textContains(\"English\")"}
07:02:18.747003 POST /session/b3dece3d-73af-4a39-8b8f-21d37408982c/element [16.597781ms] ERR:404 body={"strategy":"-android uiautomator","selector":"new UiSelector().descriptionContains(\"English\")"}
07:02:18.765606 POST /session/b3dece3d-73af-4a39-8b8f-21d37408982c/element [18.502201ms] ERR:404 body={"strategy":"-android uiautomator","selector":"new UiSelector().textMatches(\"(?is).*\\QEnglish\\E.*...
07:02:18.783086 POST /session/b3dece3d-73af-4a39-8b8f-21d37408982c/element [17.341608ms] ERR:404 body={"strategy":"-android uiautomator","selector":"new UiSelector().descriptionMatches(\"(?is).*\\QEngli...
07:02:18.802678 POST /session/b3dece3d-73af-4a39-8b8f-21d37408982c/element [19.4835ms] ERR:404 body={"strategy":"-android uiautomator","selector":"new UiSelector().textContains(\"English\")"}
07:02:18.821365 POST /session/b3dece3d-73af-4a39-8b8f-21d37408982c/element [18.573222ms] ERR:404 body={"strategy":"-android uiautomator","selector":"new UiSelector().descriptionContains(\"English\")"}
07:02:18.838275 POST /session/b3dece3d-73af-4a39-8b8f-21d37408982c/element [16.802332ms] ERR:404 body={"strategy":"-android uiautomator","selector":"new UiSelector().textMatches(\"(?is).*\\QEnglish\\E.*...
07:02:18.855070 POST /session/b3dece3d-73af-4a39-8b8f-21d37408982c/element [16.716028ms] ERR:404 body={"strategy":"-android uiautomator","selector":"new UiSelector().descriptionMatches(\"(?is).*\\QEngli...
07:02:18.872210 POST /session/b3dece3d-73af-4a39-8b8f-21d37408982c/element [17.042478ms] ERR:404 body={"strategy":"-android uiautomator","selector":"new UiSelector().textContains(\"English\")"}
07:02:18.890099 POST /session/b3dece3d-73af-4a39-8b8f-21d37408982c/element [17.791914ms] ERR:404 body={"strategy":"-android uiautomator","selector":"new UiSelector().descriptionContains(\"English\")"}
07:02:18.908120 POST /session/b3dece3d-73af-4a39-8b8f-21d37408982c/element [17.919075ms] ERR:404 body={"strategy":"-android uiautomator","selector":"new UiSelector().textMatches(\"(?is).*\\QEnglish\\E.*...
07:02:18.925558 POST /session/b3dece3d-73af-4a39-8b8f-21d37408982c/element [17.341583ms] ERR:404 body={"strategy":"-android uiautomator","selector":"new UiSelector().descriptionMatches(\"(?is).*\\QEngli...
07:02:18.944605 POST /session/b3dece3d-73af-4a39-8b8f-21d37408982c/element [18.886288ms] ERR:404 body={"strategy":"-android uiautomator","selector":"new UiSelector().textContains(\"English\")"}
07:02:18.961958 POST /session/b3dece3d-73af-4a39-8b8f-21d37408982c/element [17.232514ms] ERR:404 body={"strategy":"-android uiautomator","selector":"new UiSelector().descriptionContains(\"English\")"}
07:02:18.987793 POST /session/b3dece3d-73af-4a39-8b8f-21d37408982c/element [25.729707ms] ERR:404 body={"strategy":"-android uiautomator","selector":"new UiSelector().textMatches(\"(?is).*\\QEnglish\\E.*...
07:02:19.028451 POST /session/b3dece3d-73af-4a39-8b8f-21d37408982c/element [40.549967ms] ERR:404 body={"strategy":"-android uiautomator","selector":"new UiSelector().descriptionMatches(\"(?is).*\\QEngli...
07:02:19.054426 POST /session/b3dece3d-73af-4a39-8b8f-21d37408982c/element [25.872432ms] ERR:404 body={"strategy":"-android uiautomator","selector":"new UiSelector().textContains(\"English\")"}
07:02:19.070377 POST /session/b3dece3d-73af-4a39-8b8f-21d37408982c/element [15.837619ms] ERR:404 body={"strategy":"-android uiautomator","selector":"new UiSelector().descriptionContains(\"English\")"}
07:02:19.086727 POST /session/b3dece3d-73af-4a39-8b8f-21d37408982c/element [16.147514ms] ERR:404 body={"strategy":"-android uiautomator","selector":"new UiSelector().textMatches(\"(?is).*\\QEnglish\\E.*...
07:02:19.101923 POST /session/b3dece3d-73af-4a39-8b8f-21d37408982c/element [15.063015ms] ERR:404 body={"strategy":"-android uiautomator","selector":"new UiSelector().descriptionMatches(\"(?is).*\\QEngli...
07:02:19.116527 POST /session/b3dece3d-73af-4a39-8b8f-21d37408982c/element [14.511867ms] ERR:404 body={"strategy":"-android uiautomator","selector":"new UiSelector().textContains(\"English\")"}
07:02:19.133682 POST /session/b3dece3d-73af-4a39-8b8f-21d37408982c/element [17.049739ms] ERR:404 body={"strategy":"-android uiautomator","selector":"new UiSelector().descriptionContains(\"English\")"}
07:02:19.152948 POST /session/b3dece3d-73af-4a39-8b8f-21d37408982c/element [19.166319ms] ERR:404 body={"strategy":"-android uiautomator","selector":"new UiSelector().textMatches(\"(?is).*\\QEnglish\\E.*...
07:02:19.169628 POST /session/b3dece3d-73af-4a39-8b8f-21d37408982c/element [16.568887ms] ERR:404 body={"strategy":"-android uiautomator","selector":"new UiSelector().descriptionMatches(\"(?is).*\\QEngli...
07:02:19.184563 POST /session/b3dece3d-73af-4a39-8b8f-21d37408982c/element [14.810897ms] ERR:404 body={"strategy":"-android uiautomator","selector":"new UiSelector().textContains(\"English\")"}
07:02:19.200631 POST /session/b3dece3d-73af-4a39-8b8f-21d37408982c/element [15.962736ms] ERR:404 body={"strategy":"-android uiautomator","selector":"new UiSelector().descriptionContains(\"English\")"}
07:02:19.221916 POST /session/b3dece3d-73af-4a39-8b8f-21d37408982c/element [21.174065ms] ERR:404 body={"strategy":"-android uiautomator","selector":"new UiSelector().textMatches(\"(?is).*\\QEnglish\\E.*...
07:02:19.236485 POST /session/b3dece3d-73af-4a39-8b8f-21d37408982c/element [14.467291ms] ERR:404 body={"strategy":"-android uiautomator","selector":"new UiSelector().descriptionMatches(\"(?is).*\\QEngli...
07:02:19.250473 POST /session/b3dece3d-73af-4a39-8b8f-21d37408982c/element [13.894159ms] ERR:404 body={"strategy":"-android uiautomator","selector":"new UiSelector().textContains(\"English\")"}
07:02:19.270392 POST /session/b3dece3d-73af-4a39-8b8f-21d37408982c/element [19.821593ms] ERR:404 body={"strategy":"-android uiautomator","selector":"new UiSelector().descriptionContains(\"English\")"}
07:02:19.285410 POST /session/b3dece3d-73af-4a39-8b8f-21d37408982c/element [14.92592ms] ERR:404 body={"strategy":"-android uiautomator","selector":"new UiSelector().textMatches(\"(?is).*\\QEnglish\\E.*...
07:02:19.301842 POST /session/b3dece3d-73af-4a39-8b8f-21d37408982c/element [16.342367ms] ERR:404 body={"strategy":"-android uiautomator","selector":"new UiSelector().descriptionMatches(\"(?is).*\\QEngli...
07:02:19.318974 POST /session/b3dece3d-73af-4a39-8b8f-21d37408982c/element [16.997351ms] ERR:404 body={"strategy":"-android uiautomator","selector":"new UiSelector().textContains(\"English\")"}
07:02:19.335870 POST /session/b3dece3d-73af-4a39-8b8f-21d37408982c/element [16.7568ms] ERR:404 body={"strategy":"-android uiautomator","selector":"new UiSelector().descriptionContains(\"English\")"}
07:02:19.353420 POST /session/b3dece3d-73af-4a39-8b8f-21d37408982c/element [17.42605ms] ERR:404 body={"strategy":"-android uiautomator","selector":"new UiSelector().textMatches(\"(?is).*\\QEnglish\\E.*...
07:02:19.375417 POST /session/b3dece3d-73af-4a39-8b8f-21d37408982c/element [21.872327ms] ERR:404 body={"strategy":"-android uiautomator","selector":"new UiSelector().descriptionMatches(\"(?is).*\\QEngli...
07:02:19.392394 POST /session/b3dece3d-73af-4a39-8b8f-21d37408982c/element [16.859503ms] ERR:404 body={"strategy":"-android uiautomator","selector":"new UiSelector().textContains(\"English\")"}
07:02:19.412774 POST /session/b3dece3d-73af-4a39-8b8f-21d37408982c/element [20.254443ms] ERR:404 body={"strategy":"-android uiautomator","selector":"new UiSelector().descriptionContains(\"English\")"}
07:02:19.429655 POST /session/b3dece3d-73af-4a39-8b8f-21d37408982c/element [16.743279ms] ERR:404 body={"strategy":"-android uiautomator","selector":"new UiSelector().textMatches(\"(?is).*\\QEnglish\\E.*...
07:02:19.451172 POST /session/b3dece3d-73af-4a39-8b8f-21d37408982c/element [21.38508ms] ERR:404 body={"strategy":"-android uiautomator","selector":"new UiSelector().descriptionMatches(\"(?is).*\\QEngli...
07:02:19.584452 GET /session/b3dece3d-73af-4a39-8b8f-21d37408982c/source [133.121233ms] OK body=
07:02:19.604812 POST /session/b3dece3d-73af-4a39-8b8f-21d37408982c/element [17.676576ms] ERR:404 body={"strategy":"-android uiautomator","selector":"new UiSelector().textContains(\"Tiếng Anh\")"}
07:02:19.629735 POST /session/b3dece3d-73af-4a39-8b8f-21d37408982c/element [24.788644ms] ERR:404 body={"strategy":"-android uiautomator","selector":"new UiSelector().descriptionContains(\"Tiếng Anh\")...
07:02:19.644506 POST /session/b3dece3d-73af-4a39-8b8f-21d37408982c/element [14.681342ms] ERR:404 body={"strategy":"-android uiautomator","selector":"new UiSelector().textMatches(\"(?is).*\\QTiếng Anh\...
07:02:19.671322 POST /session/b3dece3d-73af-4a39-8b8f-21d37408982c/element [26.705613ms] ERR:404 body={"strategy":"-android uiautomator","selector":"new UiSelector().descriptionMatches(\"(?is).*\\QTiế...
07:02:19.690125 POST /session/b3dece3d-73af-4a39-8b8f-21d37408982c/element [18.70413ms] ERR:404 body={"strategy":"-android uiautomator","selector":"new UiSelector().textContains(\"Tiếng Anh\")"}
07:02:19.721252 POST /session/b3dece3d-73af-4a39-8b8f-21d37408982c/element [30.551724ms] ERR:404 body={"strategy":"-android uiautomator","selector":"new UiSelector().descriptionContains(\"Tiếng Anh\")...
07:02:19.738784 POST /session/b3dece3d-73af-4a39-8b8f-21d37408982c/element [17.415629ms] ERR:404 body={"strategy":"-android uiautomator","selector":"new UiSelector().textMatches(\"(?is).*\\QTiếng Anh\...
07:02:19.767747 POST /session/b3dece3d-73af-4a39-8b8f-21d37408982c/element [28.85435ms] ERR:404 body={"strategy":"-android uiautomator","selector":"new UiSelector().descriptionMatches(\"(?is).*\\QTiế...
07:02:19.782346 POST /session/b3dece3d-73af-4a39-8b8f-21d37408982c/element [14.501462ms] ERR:404 body={"strategy":"-android uiautomator","selector":"new UiSelector().textContains(\"Tiếng Anh\")"}
07:02:19.797831 POST /session/b3dece3d-73af-4a39-8b8f-21d37408982c/element [15.37905ms] ERR:404 body={"strategy":"-android uiautomator","selector":"new UiSelector().descriptionContains(\"Tiếng Anh\")...
07:02:19.817168 POST /session/b3dece3d-73af-4a39-8b8f-21d37408982c/element [19.236834ms] ERR:404 body={"strategy":"-android uiautomator","selector":"new UiSelector().textMatches(\"(?is).*\\QTiếng Anh\...
07:02:19.833406 POST /session/b3dece3d-73af-4a39-8b8f-21d37408982c/element [16.1383ms] ERR:404 body={"strategy":"-android uiautomator","selector":"new UiSelector().descriptionMatches(\"(?is).*\\QTiế...
07:02:19.856126 POST /session/b3dece3d-73af-4a39-8b8f-21d37408982c/element [22.613627ms] ERR:404 body={"strategy":"-android uiautomator","selector":"new UiSelector().textContains(\"Tiếng Anh\")"}
07:02:19.874825 POST /session/b3dece3d-73af-4a39-8b8f-21d37408982c/element [18.583243ms] ERR:404 body={"strategy":"-android uiautomator","selector":"new UiSelector().descriptionContains(\"Tiếng Anh\")...
07:02:19.893293 POST /session/b3dece3d-73af-4a39-8b8f-21d37408982c/element [18.377834ms] ERR:404 body={"strategy":"-android uiautomator","selector":"new UiSelector().textMatches(\"(?is).*\\QTiếng Anh\...
07:02:19.927603 POST /session/b3dece3d-73af-4a39-8b8f-21d37408982c/element [34.191797ms] ERR:404 body={"strategy":"-android uiautomator","selector":"new UiSelector().descriptionMatches(\"(?is).*\\QTiế...
07:02:19.946770 POST /session/b3dece3d-73af-4a39-8b8f-21d37408982c/element [19.037475ms] ERR:404 body={"strategy":"-android uiautomator","selector":"new UiSelector().textContains(\"Tiếng Anh\")"}
07:02:19.968528 POST /session/b3dece3d-73af-4a39-8b8f-21d37408982c/element [21.652923ms] ERR:404 body={"strategy":"-android uiautomator","selector":"new UiSelector().descriptionContains(\"Tiếng Anh\")...
07:02:19.988946 POST /session/b3dece3d-73af-4a39-8b8f-21d37408982c/element [20.312931ms] ERR:404 body={"strategy":"-android uiautomator","selector":"new UiSelector().textMatches(\"(?is).*\\QTiếng Anh\...
07:02:20.012248 POST /session/b3dece3d-73af-4a39-8b8f-21d37408982c/element [23.204835ms] ERR:404 body={"strategy":"-android uiautomator","selector":"new UiSelector().descriptionMatches(\"(?is).*\\QTiế...
07:02:20.026568 POST /session/b3dece3d-73af-4a39-8b8f-21d37408982c/element [14.191867ms] ERR:404 body={"strategy":"-android uiautomator","selector":"new UiSelector().textContains(\"Tiếng Anh\")"}
07:02:20.041157 POST /session/b3dece3d-73af-4a39-8b8f-21d37408982c/element [14.443625ms] ERR:404 body={"strategy":"-android uiautomator","selector":"new UiSelector().descriptionContains(\"Tiếng Anh\")...
07:02:20.057063 POST /session/b3dece3d-73af-4a39-8b8f-21d37408982c/element [15.801975ms] ERR:404 body={"strategy":"-android uiautomator","selector":"new UiSelector().textMatches(\"(?is).*\\QTiếng Anh\...
07:02:20.072926 POST /session/b3dece3d-73af-4a39-8b8f-21d37408982c/element [15.746372ms] ERR:404 body={"strategy":"-android uiautomator","selector":"new UiSelector().descriptionMatches(\"(?is).*\\QTiế...
07:02:20.088944 POST /session/b3dece3d-73af-4a39-8b8f-21d37408982c/element [15.911791ms] ERR:404 body={"strategy":"-android uiautomator","selector":"new UiSelector().textContains(\"Tiếng Anh\")"}
07:02:20.104250 POST /session/b3dece3d-73af-4a39-8b8f-21d37408982c/element [15.197247ms] ERR:404 body={"strategy":"-android uiautomator","selector":"new UiSelector().descriptionContains(\"Tiếng Anh\")...
07:02:20.119726 POST /session/b3dece3d-73af-4a39-8b8f-21d37408982c/element [15.350838ms] ERR:404 body={"strategy":"-android uiautomator","selector":"new UiSelector().textMatches(\"(?is).*\\QTiếng Anh\...
07:02:20.134655 POST /session/b3dece3d-73af-4a39-8b8f-21d37408982c/element [14.797987ms] ERR:404 body={"strategy":"-android uiautomator","selector":"new UiSelector().descriptionMatches(\"(?is).*\\QTiế...
07:02:20.150250 POST /session/b3dece3d-73af-4a39-8b8f-21d37408982c/element [15.494554ms] ERR:404 body={"strategy":"-android uiautomator","selector":"new UiSelector().textContains(\"Tiếng Anh\")"}
07:02:20.165000 POST /session/b3dece3d-73af-4a39-8b8f-21d37408982c/element [14.632289ms] ERR:404 body={"strategy":"-android uiautomator","selector":"new UiSelector().descriptionContains(\"Tiếng Anh\")...
07:02:20.180018 POST /session/b3dece3d-73af-4a39-8b8f-21d37408982c/element [14.886199ms] ERR:404 body={"strategy":"-android uiautomator","selector":"new UiSelector().textMatches(\"(?is).*\\QTiếng Anh\...
07:02:20.195215 POST /session/b3dece3d-73af-4a39-8b8f-21d37408982c/element [15.077848ms] ERR:404 body={"strategy":"-android uiautomator","selector":"new UiSelector().descriptionMatches(\"(?is).*\\QTiế...
07:02:20.211070 POST /session/b3dece3d-73af-4a39-8b8f-21d37408982c/element [15.719441ms] ERR:404 body={"strategy":"-android uiautomator","selector":"new UiSelector().textContains(\"Tiếng Anh\")"}
07:02:20.226483 POST /session/b3dece3d-73af-4a39-8b8f-21d37408982c/element [15.282995ms] ERR:404 body={"strategy":"-android uiautomator","selector":"new UiSelector().descriptionContains(\"Tiếng Anh\")...
07:02:20.242621 POST /session/b3dece3d-73af-4a39-8b8f-21d37408982c/element [16.016263ms] ERR:404 body={"strategy":"-android uiautomator","selector":"new UiSelector().textMatches(\"(?is).*\\QTiếng Anh\...
07:02:20.262722 POST /session/b3dece3d-73af-4a39-8b8f-21d37408982c/element [19.974307ms] ERR:404 body={"strategy":"-android uiautomator","selector":"new UiSelector().descriptionMatches(\"(?is).*\\QTiế...
07:02:20.289013 POST /session/b3dece3d-73af-4a39-8b8f-21d37408982c/element [26.152933ms] ERR:404 body={"strategy":"-android uiautomator","selector":"new UiSelector().textContains(\"Tiếng Anh\")"}
07:02:20.305697 POST /session/b3dece3d-73af-4a39-8b8f-21d37408982c/element [16.55781ms] ERR:404 body={"strategy":"-android uiautomator","selector":"new UiSelector().descriptionContains(\"Tiếng Anh\")...
07:02:20.321722 POST /session/b3dece3d-73af-4a39-8b8f-21d37408982c/element [15.894224ms] ERR:404 body={"strategy":"-android uiautomator","selector":"new UiSelector().textMatches(\"(?is).*\\QTiếng Anh\...
07:02:20.344701 POST /session/b3dece3d-73af-4a39-8b8f-21d37408982c/element [22.869541ms] ERR:404 body={"strategy":"-android uiautomator","selector":"new UiSelector().descriptionMatches(\"(?is).*\\QTiế...
07:02:20.368194 POST /session/b3dece3d-73af-4a39-8b8f-21d37408982c/element [23.393067ms] ERR:404 body={"strategy":"-android uiautomator","selector":"new UiSelector().textContains(\"Tiếng Anh\")"}
07:02:20.385899 POST /session/b3dece3d-73af-4a39-8b8f-21d37408982c/element [17.61ms] ERR:404 body={"strategy":"-android uiautomator","selector":"new UiSelector().descriptionContains(\"Tiếng Anh\")...
07:02:20.404285 POST /session/b3dece3d-73af-4a39-8b8f-21d37408982c/element [18.275561ms] ERR:404 body={"strategy":"-android uiautomator","selector":"new UiSelector().textMatches(\"(?is).*\\QTiếng Anh\...
07:02:20.429338 POST /session/b3dece3d-73af-4a39-8b8f-21d37408982c/element [24.952139ms] ERR:404 body={"strategy":"-android uiautomator","selector":"new UiSelector().descriptionMatches(\"(?is).*\\QTiế...
07:02:20.463868 POST /session/b3dece3d-73af-4a39-8b8f-21d37408982c/element [34.415773ms] ERR:404 body={"strategy":"-android uiautomator","selector":"new UiSelector().textContains(\"Tiếng Anh\")"}
07:02:20.481565 POST /session/b3dece3d-73af-4a39-8b8f-21d37408982c/element [17.590752ms] ERR:404 body={"strategy":"-android uiautomator","selector":"new UiSelector().descriptionContains(\"Tiếng Anh\")...
07:02:20.498337 POST /session/b3dece3d-73af-4a39-8b8f-21d37408982c/element [16.66453ms] ERR:404 body={"strategy":"-android uiautomator","selector":"new UiSelector().textMatches(\"(?is).*\\QTiếng Anh\...
07:02:20.516847 POST /session/b3dece3d-73af-4a39-8b8f-21d37408982c/element [18.400308ms] ERR:404 body={"strategy":"-android uiautomator","selector":"new UiSelector().descriptionMatches(\"(?is).*\\QTiế...
07:02:20.535294 POST /session/b3dece3d-73af-4a39-8b8f-21d37408982c/element [18.316893ms] ERR:404 body={"strategy":"-android uiautomator","selector":"new UiSelector().textContains(\"Tiếng Anh\")"}
07:02:20.553407 POST /session/b3dece3d-73af-4a39-8b8f-21d37408982c/element [18.014359ms] ERR:404 body={"strategy":"-android uiautomator","selector":"new UiSelector().descriptionContains(\"Tiếng Anh\")...
07:02:20.571501 POST /session/b3dece3d-73af-4a39-8b8f-21d37408982c/element [17.983582ms] ERR:404 body={"strategy":"-android uiautomator","selector":"new UiSelector().textMatches(\"(?is).*\\QTiếng Anh\...
07:02:20.593320 POST /session/b3dece3d-73af-4a39-8b8f-21d37408982c/element [21.701336ms] ERR:404 body={"strategy":"-android uiautomator","selector":"new UiSelector().descriptionMatches(\"(?is).*\\QTiế...
07:02:20.620708 POST /session/b3dece3d-73af-4a39-8b8f-21d37408982c/element [27.251412ms] ERR:404 body={"strategy":"-android uiautomator","selector":"new UiSelector().textContains(\"Tiếng Anh\")"}
07:02:20.636529 POST /session/b3dece3d-73af-4a39-8b8f-21d37408982c/element [15.707814ms] ERR:404 body={"strategy":"-android uiautomator","selector":"new UiSelector().descriptionContains(\"Tiếng Anh\")...
07:02:20.653455 POST /session/b3dece3d-73af-4a39-8b8f-21d37408982c/element [16.820214ms] ERR:404 body={"strategy":"-android uiautomator","selector":"new UiSelector().textMatches(\"(?is).*\\QTiếng Anh\...
07:02:20.672067 POST /session/b3dece3d-73af-4a39-8b8f-21d37408982c/element [18.499096ms] ERR:404 body={"strategy":"-android uiautomator","selector":"new UiSelector().descriptionMatches(\"(?is).*\\QTiế...
07:02:20.687170 POST /session/b3dece3d-73af-4a39-8b8f-21d37408982c/element [14.990186ms] ERR:404 body={"strategy":"-android uiautomator","selector":"new UiSelector().textContains(\"Tiếng Anh\")"}
07:02:20.709612 POST /session/b3dece3d-73af-4a39-8b8f-21d37408982c/element [22.317522ms] ERR:404 body={"strategy":"-android uiautomator","selector":"new UiSelector().descriptionContains(\"Tiếng Anh\")...
07:02:20.730054 POST /session/b3dece3d-73af-4a39-8b8f-21d37408982c/element [20.322595ms] ERR:404 body={"strategy":"-android uiautomator","selector":"new UiSelector().textMatches(\"(?is).*\\QTiếng Anh\...
07:02:20.748217 POST /session/b3dece3d-73af-4a39-8b8f-21d37408982c/element [18.065425ms] ERR:404 body={"strategy":"-android uiautomator","selector":"new UiSelector().descriptionMatches(\"(?is).*\\QTiế...
07:02:20.766310 POST /session/b3dece3d-73af-4a39-8b8f-21d37408982c/element [17.999406ms] ERR:404 body={"strategy":"-android uiautomator","selector":"new UiSelector().textContains(\"Tiếng Anh\")"}
07:02:20.783285 POST /session/b3dece3d-73af-4a39-8b8f-21d37408982c/element [16.87043ms] ERR:404 body={"strategy":"-android uiautomator","selector":"new UiSelector().descriptionContains(\"Tiếng Anh\")...
07:02:20.801797 POST /session/b3dece3d-73af-4a39-8b8f-21d37408982c/element [18.405506ms] ERR:404 body={"strategy":"-android uiautomator","selector":"new UiSelector().textMatches(\"(?is).*\\QTiếng Anh\...
07:02:20.818415 POST /session/b3dece3d-73af-4a39-8b8f-21d37408982c/element [16.515963ms] ERR:404 body={"strategy":"-android uiautomator","selector":"new UiSelector().descriptionMatches(\"(?is).*\\QTiế...
07:02:20.837306 POST /session/b3dece3d-73af-4a39-8b8f-21d37408982c/element [18.792772ms] ERR:404 body={"strategy":"-android uiautomator","selector":"new UiSelector().textContains(\"Tiếng Anh\")"}
07:02:20.851338 POST /session/b3dece3d-73af-4a39-8b8f-21d37408982c/element [13.919293ms] ERR:404 body={"strategy":"-android uiautomator","selector":"new UiSelector().descriptionContains(\"Tiếng Anh\")...
07:02:20.873469 POST /session/b3dece3d-73af-4a39-8b8f-21d37408982c/element [22.015884ms] ERR:404 body={"strategy":"-android uiautomator","selector":"new UiSelector().textMatches(\"(?is).*\\QTiếng Anh\...
07:02:20.893149 POST /session/b3dece3d-73af-4a39-8b8f-21d37408982c/element [19.561381ms] ERR:404 body={"strategy":"-android uiautomator","selector":"new UiSelector().descriptionMatches(\"(?is).*\\QTiế...
07:02:20.912676 POST /session/b3dece3d-73af-4a39-8b8f-21d37408982c/element [19.369564ms] ERR:404 body={"strategy":"-android uiautomator","selector":"new UiSelector().textContains(\"Tiếng Anh\")"}
07:02:20.928425 POST /session/b3dece3d-73af-4a39-8b8f-21d37408982c/element [15.636026ms] ERR:404 body={"strategy":"-android uiautomator","selector":"new UiSelector().descriptionContains(\"Tiếng Anh\")...
07:02:20.949918 POST /session/b3dece3d-73af-4a39-8b8f-21d37408982c/element [21.384611ms] ERR:404 body={"strategy":"-android uiautomator","selector":"new UiSelector().textMatches(\"(?is).*\\QTiếng Anh\...
07:02:20.970142 POST /session/b3dece3d-73af-4a39-8b8f-21d37408982c/element [20.124277ms] ERR:404 body={"strategy":"-android uiautomator","selector":"new UiSelector().descriptionMatches(\"(?is).*\\QTiế...
07:02:20.986606 POST /session/b3dece3d-73af-4a39-8b8f-21d37408982c/element [16.335672ms] ERR:404 body={"strategy":"-android uiautomator","selector":"new UiSelector().textContains(\"Tiếng Anh\")"}
07:02:21.003421 POST /session/b3dece3d-73af-4a39-8b8f-21d37408982c/element [16.691395ms] ERR:404 body={"strategy":"-android uiautomator","selector":"new UiSelector().descriptionContains(\"Tiếng Anh\")...
07:02:21.019684 POST /session/b3dece3d-73af-4a39-8b8f-21d37408982c/element [16.12158ms] ERR:404 body={"strategy":"-android uiautomator","selector":"new UiSelector().textMatches(\"(?is).*\\QTiếng Anh\...
07:02:21.034989 POST /session/b3dece3d-73af-4a39-8b8f-21d37408982c/element [15.177853ms] ERR:404 body={"strategy":"-android uiautomator","selector":"new UiSelector().descriptionMatches(\"(?is).*\\QTiế...
07:02:21.050172 POST /session/b3dece3d-73af-4a39-8b8f-21d37408982c/element [15.068018ms] ERR:404 body={"strategy":"-android uiautomator","selector":"new UiSelector().textContains(\"Tiếng Anh\")"}
07:02:21.066447 POST /session/b3dece3d-73af-4a39-8b8f-21d37408982c/element [16.141169ms] ERR:404 body={"strategy":"-android uiautomator","selector":"new UiSelector().descriptionContains(\"Tiếng Anh\")...
07:02:21.083884 POST /session/b3dece3d-73af-4a39-8b8f-21d37408982c/element [17.319795ms] ERR:404 body={"strategy":"-android uiautomator","selector":"new UiSelector().textMatches(\"(?is).*\\QTiếng Anh\...
07:02:21.106812 POST /session/b3dece3d-73af-4a39-8b8f-21d37408982c/element [22.800207ms] ERR:404 body={"strategy":"-android uiautomator","selector":"new UiSelector().descriptionMatches(\"(?is).*\\QTiế...
07:02:21.125472 POST /session/b3dece3d-73af-4a39-8b8f-21d37408982c/element [18.533328ms] ERR:404 body={"strategy":"-android uiautomator","selector":"new UiSelector().textContains(\"Tiếng Anh\")"}
07:02:21.141986 POST /session/b3dece3d-73af-4a39-8b8f-21d37408982c/element [16.387505ms] ERR:404 body={"strategy":"-android uiautomator","selector":"new UiSelector().descriptionContains(\"Tiếng Anh\")...
07:02:21.158015 POST /session/b3dece3d-73af-4a39-8b8f-21d37408982c/element [15.91789ms] ERR:404 body={"strategy":"-android uiautomator","selector":"new UiSelector().textMatches(\"(?is).*\\QTiếng Anh\...
07:02:21.178840 POST /session/b3dece3d-73af-4a39-8b8f-21d37408982c/element [20.712681ms] ERR:404 body={"strategy":"-android uiautomator","selector":"new UiSelector().descriptionMatches(\"(?is).*\\QTiế...
07:02:21.194473 POST /session/b3dece3d-73af-4a39-8b8f-21d37408982c/element [15.513742ms] ERR:404 body={"strategy":"-android uiautomator","selector":"new UiSelector().textContains(\"Tiếng Anh\")"}
07:02:21.217706 POST /session/b3dece3d-73af-4a39-8b8f-21d37408982c/element [23.118445ms] ERR:404 body={"strategy":"-android uiautomator","selector":"new UiSelector().descriptionContains(\"Tiếng Anh\")...
07:02:21.234775 POST /session/b3dece3d-73af-4a39-8b8f-21d37408982c/element [16.954486ms] ERR:404 body={"strategy":"-android uiautomator","selector":"new UiSelector().textMatches(\"(?is).*\\QTiếng Anh\...
07:02:21.252144 POST /session/b3dece3d-73af-4a39-8b8f-21d37408982c/element [17.255558ms] ERR:404 body={"strategy":"-android uiautomator","selector":"new UiSelector().descriptionMatches(\"(?is).*\\QTiế...
07:02:21.269718 POST /session/b3dece3d-73af-4a39-8b8f-21d37408982c/element [17.46932ms] ERR:404 body={"strategy":"-android uiautomator","selector":"new UiSelector().textContains(\"Tiếng Anh\")"}
07:02:21.286156 POST /session/b3dece3d-73af-4a39-8b8f-21d37408982c/element [16.335236ms] ERR:404 body={"strategy":"-android uiautomator","selector":"new UiSelector().descriptionContains(\"Tiếng Anh\")...
07:02:21.304090 POST /session/b3dece3d-73af-4a39-8b8f-21d37408982c/element [17.804142ms] ERR:404 body={"strategy":"-android uiautomator","selector":"new UiSelector().textMatches(\"(?is).*\\QTiếng Anh\...
07:02:21.320332 POST /session/b3dece3d-73af-4a39-8b8f-21d37408982c/element [16.121795ms] ERR:404 body={"strategy":"-android uiautomator","selector":"new UiSelector().descriptionMatches(\"(?is).*\\QTiế...
07:02:21.336293 POST /session/b3dece3d-73af-4a39-8b8f-21d37408982c/element [15.846963ms] ERR:404 body={"strategy":"-android uiautomator","selector":"new UiSelector().textContains(\"Tiếng Anh\")"}
07:02:21.356715 POST /session/b3dece3d-73af-4a39-8b8f-21d37408982c/element [20.318609ms] ERR:404 body={"strategy":"-android uiautomator","selector":"new UiSelector().descriptionContains(\"Tiếng Anh\")...
07:02:21.373661 POST /session/b3dece3d-73af-4a39-8b8f-21d37408982c/element [16.816509ms] ERR:404 body={"strategy":"-android uiautomator","selector":"new UiSelector().textMatches(\"(?is).*\\QTiếng Anh\...
07:02:21.389960 POST /session/b3dece3d-73af-4a39-8b8f-21d37408982c/element [16.175596ms] ERR:404 body={"strategy":"-android uiautomator","selector":"new UiSelector().descriptionMatches(\"(?is).*\\QTiế...
07:02:21.411160 POST /session/b3dece3d-73af-4a39-8b8f-21d37408982c/element [21.105441ms] ERR:404 body={"strategy":"-android uiautomator","selector":"new UiSelector().textContains(\"Tiếng Anh\")"}
07:02:21.432471 POST /session/b3dece3d-73af-4a39-8b8f-21d37408982c/element [21.203142ms] ERR:404 body={"strategy":"-android uiautomator","selector":"new UiSelector().descriptionContains(\"Tiếng Anh\")...
07:02:21.453617 POST /session/b3dece3d-73af-4a39-8b8f-21d37408982c/element [21.026909ms] ERR:404 body={"strategy":"-android uiautomator","selector":"new UiSelector().textMatches(\"(?is).*\\QTiếng Anh\...
07:02:21.474531 POST /session/b3dece3d-73af-4a39-8b8f-21d37408982c/element [20.798555ms] ERR:404 body={"strategy":"-android uiautomator","selector":"new UiSelector().descriptionMatches(\"(?is).*\\QTiế...
07:02:21.494813 POST /session/b3dece3d-73af-4a39-8b8f-21d37408982c/element [20.171654ms] ERR:404 body={"strategy":"-android uiautomator","selector":"new UiSelector().textContains(\"Tiếng Anh\")"}
07:02:21.515352 POST /session/b3dece3d-73af-4a39-8b8f-21d37408982c/element [20.446466ms] ERR:404 body={"strategy":"-android uiautomator","selector":"new UiSelector().descriptionContains(\"Tiếng Anh\")...
07:02:21.531486 POST /session/b3dece3d-73af-4a39-8b8f-21d37408982c/element [16.017045ms] ERR:404 body={"strategy":"-android uiautomator","selector":"new UiSelector().textMatches(\"(?is).*\\QTiếng Anh\...
07:02:21.547013 POST /session/b3dece3d-73af-4a39-8b8f-21d37408982c/element [15.390623ms] ERR:404 body={"strategy":"-android uiautomator","selector":"new UiSelector().descriptionMatches(\"(?is).*\\QTiế...
07:02:21.563997 POST /session/b3dece3d-73af-4a39-8b8f-21d37408982c/element [16.876816ms] ERR:404 body={"strategy":"-android uiautomator","selector":"new UiSelector().textContains(\"Tiếng Anh\")"}
07:02:21.580420 POST /session/b3dece3d-73af-4a39-8b8f-21d37408982c/element [16.312488ms] ERR:404 body={"strategy":"-android uiautomator","selector":"new UiSelector().descriptionContains(\"Tiếng Anh\")...
07:02:21.597912 POST /session/b3dece3d-73af-4a39-8b8f-21d37408982c/element [17.374263ms] ERR:404 body={"strategy":"-android uiautomator","selector":"new UiSelector().textMatches(\"(?is).*\\QTiếng Anh\...
07:02:21.617960 POST /session/b3dece3d-73af-4a39-8b8f-21d37408982c/element [19.943481ms] ERR:404 body={"strategy":"-android uiautomator","selector":"new UiSelector().descriptionMatches(\"(?is).*\\QTiế...
07:02:21.636773 POST /session/b3dece3d-73af-4a39-8b8f-21d37408982c/element [18.711701ms] ERR:404 body={"strategy":"-android uiautomator","selector":"new UiSelector().textContains(\"Tiếng Anh\")"}
07:02:21.657200 POST /session/b3dece3d-73af-4a39-8b8f-21d37408982c/element [20.320697ms] ERR:404 body={"strategy":"-android uiautomator","selector":"new UiSelector().descriptionContains(\"Tiếng Anh\")...
07:02:21.676565 POST /session/b3dece3d-73af-4a39-8b8f-21d37408982c/element [19.25046ms] ERR:404 body={"strategy":"-android uiautomator","selector":"new UiSelector().textMatches(\"(?is).*\\QTiếng Anh\...
07:02:21.692209 POST /session/b3dece3d-73af-4a39-8b8f-21d37408982c/element [15.539077ms] ERR:404 body={"strategy":"-android uiautomator","selector":"new UiSelector().descriptionMatches(\"(?is).*\\QTiế...
07:02:21.708099 POST /session/b3dece3d-73af-4a39-8b8f-21d37408982c/element [15.784805ms] ERR:404 body={"strategy":"-android uiautomator","selector":"new UiSelector().textContains(\"Tiếng Anh\")"}
07:02:21.724004 POST /session/b3dece3d-73af-4a39-8b8f-21d37408982c/element [15.777946ms] ERR:404 body={"strategy":"-android uiautomator","selector":"new UiSelector().descriptionContains(\"Tiếng Anh\")...
07:02:21.744990 POST /session/b3dece3d-73af-4a39-8b8f-21d37408982c/element [20.862251ms] ERR:404 body={"strategy":"-android uiautomator","selector":"new UiSelector().textMatches(\"(?is).*\\QTiếng Anh\...
07:02:21.770177 POST /session/b3dece3d-73af-4a39-8b8f-21d37408982c/element [25.051167ms] ERR:404 body={"strategy":"-android uiautomator","selector":"new UiSelector().descriptionMatches(\"(?is).*\\QTiế...
07:02:21.786230 POST /session/b3dece3d-73af-4a39-8b8f-21d37408982c/element [15.923503ms] ERR:404 body={"strategy":"-android uiautomator","selector":"new UiSelector().textContains(\"Tiếng Anh\")"}
07:02:21.808022 POST /session/b3dece3d-73af-4a39-8b8f-21d37408982c/element [21.66683ms] ERR:404 body={"strategy":"-android uiautomator","selector":"new UiSelector().descriptionContains(\"Tiếng Anh\")...
07:02:21.829330 POST /session/b3dece3d-73af-4a39-8b8f-21d37408982c/element [21.20482ms] ERR:404 body={"strategy":"-android uiautomator","selector":"new UiSelector().textMatches(\"(?is).*\\QTiếng Anh\...
07:02:21.844944 POST /session/b3dece3d-73af-4a39-8b8f-21d37408982c/element [15.507294ms] ERR:404 body={"strategy":"-android uiautomator","selector":"new UiSelector().descriptionMatches(\"(?is).*\\QTiế...
07:02:21.861419 POST /session/b3dece3d-73af-4a39-8b8f-21d37408982c/element [16.353199ms] ERR:404 body={"strategy":"-android uiautomator","selector":"new UiSelector().textContains(\"Tiếng Anh\")"}
07:02:21.883128 POST /session/b3dece3d-73af-4a39-8b8f-21d37408982c/element [21.603594ms] ERR:404 body={"strategy":"-android uiautomator","selector":"new UiSelector().descriptionContains(\"Tiếng Anh\")...
07:02:21.899013 POST /session/b3dece3d-73af-4a39-8b8f-21d37408982c/element [15.772707ms] ERR:404 body={"strategy":"-android uiautomator","selector":"new UiSelector().textMatches(\"(?is).*\\QTiếng Anh\...
07:02:21.915109 POST /session/b3dece3d-73af-4a39-8b8f-21d37408982c/element [15.978196ms] ERR:404 body={"strategy":"-android uiautomator","selector":"new UiSelector().descriptionMatches(\"(?is).*\\QTiế...
07:02:21.932078 POST /session/b3dece3d-73af-4a39-8b8f-21d37408982c/element [16.863857ms] ERR:404 body={"strategy":"-android uiautomator","selector":"new UiSelector().textContains(\"Tiếng Anh\")"}
07:02:21.947385 POST /session/b3dece3d-73af-4a39-8b8f-21d37408982c/element [15.185545ms] ERR:404 body={"strategy":"-android uiautomator","selector":"new UiSelector().descriptionContains(\"Tiếng Anh\")...
07:02:21.960855 POST /session/b3dece3d-73af-4a39-8b8f-21d37408982c/element [13.360164ms] ERR:404 body={"strategy":"-android uiautomator","selector":"new UiSelector().textMatches(\"(?is).*\\QTiếng Anh\...
07:02:21.973954 POST /session/b3dece3d-73af-4a39-8b8f-21d37408982c/element [13.006883ms] ERR:404 body={"strategy":"-android uiautomator","selector":"new UiSelector().descriptionMatches(\"(?is).*\\QTiế...
07:02:21.989790 POST /session/b3dece3d-73af-4a39-8b8f-21d37408982c/element [15.70116ms] ERR:404 body={"strategy":"-android uiautomator","selector":"new UiSelector().textContains(\"Tiếng Anh\")"}
07:02:22.005287 POST /session/b3dece3d-73af-4a39-8b8f-21d37408982c/element [15.395751ms] ERR:404 body={"strategy":"-android uiautomator","selector":"new UiSelector().descriptionContains(\"Tiếng Anh\")...
07:02:22.021797 POST /session/b3dece3d-73af-4a39-8b8f-21d37408982c/element [16.179248ms] ERR:404 body={"strategy":"-android uiautomator","selector":"new UiSelector().textMatches(\"(?is).*\\QTiếng Anh\...
07:02:22.037984 POST /session/b3dece3d-73af-4a39-8b8f-21d37408982c/element [16.080089ms] ERR:404 body={"strategy":"-android uiautomator","selector":"new UiSelector().descriptionMatches(\"(?is).*\\QTiế...
07:02:22.054234 POST /session/b3dece3d-73af-4a39-8b8f-21d37408982c/element [16.115592ms] ERR:404 body={"strategy":"-android uiautomator","selector":"new UiSelector().textContains(\"Tiếng Anh\")"}
07:02:22.071021 POST /session/b3dece3d-73af-4a39-8b8f-21d37408982c/element [16.63349ms] ERR:404 body={"strategy":"-android uiautomator","selector":"new UiSelector().descriptionContains(\"Tiếng Anh\")...
07:02:22.083693 POST /session/b3dece3d-73af-4a39-8b8f-21d37408982c/element [12.544769ms] ERR:404 body={"strategy":"-android uiautomator","selector":"new UiSelector().textMatches(\"(?is).*\\QTiếng Anh\...
07:02:22.097314 POST /session/b3dece3d-73af-4a39-8b8f-21d37408982c/element [13.524501ms] ERR:404 body={"strategy":"-android uiautomator","selector":"new UiSelector().descriptionMatches(\"(?is).*\\QTiế...
07:02:22.111174 POST /session/b3dece3d-73af-4a39-8b8f-21d37408982c/element [13.734337ms] ERR:404 body={"strategy":"-android uiautomator","selector":"new UiSelector().textContains(\"Tiếng Anh\")"}
07:02:22.125399 POST /session/b3dece3d-73af-4a39-8b8f-21d37408982c/element [14.063962ms] ERR:404 body={"strategy":"-android uiautomator","selector":"new UiSelector().descriptionContains(\"Tiếng Anh\")...
07:02:22.140053 POST /session/b3dece3d-73af-4a39-8b8f-21d37408982c/element [14.541714ms] ERR:404 body={"strategy":"-android uiautomator","selector":"new UiSelector().textMatches(\"(?is).*\\QTiếng Anh\...
07:02:22.155142 POST /session/b3dece3d-73af-4a39-8b8f-21d37408982c/element [14.963056ms] ERR:404 body={"strategy":"-android uiautomator","selector":"new UiSelector().descriptionMatches(\"(?is).*\\QTiế...
07:02:22.175611 POST /session/b3dece3d-73af-4a39-8b8f-21d37408982c/element [20.342445ms] ERR:404 body={"strategy":"-android uiautomator","selector":"new UiSelector().textContains(\"Tiếng Anh\")"}
07:02:22.191086 POST /session/b3dece3d-73af-4a39-8b8f-21d37408982c/element [15.341359ms] ERR:404 body={"strategy":"-android uiautomator","selector":"new UiSelector().descriptionContains(\"Tiếng Anh\")...
07:02:22.206835 POST /session/b3dece3d-73af-4a39-8b8f-21d37408982c/element [15.633884ms] ERR:404 body={"strategy":"-android uiautomator","selector":"new UiSelector().textMatches(\"(?is).*\\QTiếng Anh\...
07:02:22.224234 POST /session/b3dece3d-73af-4a39-8b8f-21d37408982c/element [17.26944ms] ERR:404 body={"strategy":"-android uiautomator","selector":"new UiSelector().descriptionMatches(\"(?is).*\\QTiế...
07:02:22.238600 POST /session/b3dece3d-73af-4a39-8b8f-21d37408982c/element [14.25656ms] ERR:404 body={"strategy":"-android uiautomator","selector":"new UiSelector().textContains(\"Tiếng Anh\")"}
07:02:22.253094 POST /session/b3dece3d-73af-4a39-8b8f-21d37408982c/element [14.36296ms] ERR:404 body={"strategy":"-android uiautomator","selector":"new UiSelector().descriptionContains(\"Tiếng Anh\")...
07:02:22.268582 POST /session/b3dece3d-73af-4a39-8b8f-21d37408982c/element [15.376612ms] ERR:404 body={"strategy":"-android uiautomator","selector":"new UiSelector().textMatches(\"(?is).*\\QTiếng Anh\...
07:02:22.283363 POST /session/b3dece3d-73af-4a39-8b8f-21d37408982c/element [14.649591ms] ERR:404 body={"strategy":"-android uiautomator","selector":"new UiSelector().descriptionMatches(\"(?is).*\\QTiế...
07:02:22.298574 POST /session/b3dece3d-73af-4a39-8b8f-21d37408982c/element [15.100718ms] ERR:404 body={"strategy":"-android uiautomator","selector":"new UiSelector().textContains(\"Tiếng Anh\")"}
07:02:22.313804 POST /session/b3dece3d-73af-4a39-8b8f-21d37408982c/element [15.099607ms] ERR:404 body={"strategy":"-android uiautomator","selector":"new UiSelector().descriptionContains(\"Tiếng Anh\")...
07:02:22.330557 POST /session/b3dece3d-73af-4a39-8b8f-21d37408982c/element [16.634782ms] ERR:404 body={"strategy":"-android uiautomator","selector":"new UiSelector().textMatches(\"(?is).*\\QTiếng Anh\...
07:02:22.346238 POST /session/b3dece3d-73af-4a39-8b8f-21d37408982c/element [15.589922ms] ERR:404 body={"strategy":"-android uiautomator","selector":"new UiSelector().descriptionMatches(\"(?is).*\\QTiế...
07:02:22.361178 POST /session/b3dece3d-73af-4a39-8b8f-21d37408982c/element [14.850652ms] ERR:404 body={"strategy":"-android uiautomator","selector":"new UiSelector().textContains(\"Tiếng Anh\")"}
07:02:22.376029 POST /session/b3dece3d-73af-4a39-8b8f-21d37408982c/element [14.738004ms] ERR:404 body={"strategy":"-android uiautomator","selector":"new UiSelector().descriptionContains(\"Tiếng Anh\")...
07:02:22.391742 POST /session/b3dece3d-73af-4a39-8b8f-21d37408982c/element [15.610574ms] ERR:404 body={"strategy":"-android uiautomator","selector":"new UiSelector().textMatches(\"(?is).*\\QTiếng Anh\...
07:02:22.407157 POST /session/b3dece3d-73af-4a39-8b8f-21d37408982c/element [15.306477ms] ERR:404 body={"strategy":"-android uiautomator","selector":"new UiSelector().descriptionMatches(\"(?is).*\\QTiế...
07:02:22.433765 POST /session/b3dece3d-73af-4a39-8b8f-21d37408982c/element [26.475951ms] ERR:404 body={"strategy":"-android uiautomator","selector":"new UiSelector().textContains(\"Tiếng Anh\")"}
07:02:22.450320 POST /session/b3dece3d-73af-4a39-8b8f-21d37408982c/element [16.440274ms] ERR:404 body={"strategy":"-android uiautomator","selector":"new UiSelector().descriptionContains(\"Tiếng Anh\")...
07:02:22.471872 POST /session/b3dece3d-73af-4a39-8b8f-21d37408982c/element [21.463424ms] ERR:404 body={"strategy":"-android uiautomator","selector":"new UiSelector().textMatches(\"(?is).*\\QTiếng Anh\...
07:02:22.507233 POST /session/b3dece3d-73af-4a39-8b8f-21d37408982c/element [35.265863ms] ERR:404 body={"strategy":"-android uiautomator","selector":"new UiSelector().descriptionMatches(\"(?is).*\\QTiế...
07:02:22.522295 POST /session/b3dece3d-73af-4a39-8b8f-21d37408982c/element [14.950742ms] ERR:404 body={"strategy":"-android uiautomator","selector":"new UiSelector().textContains(\"Tiếng Anh\")"}
07:02:22.537826 POST /session/b3dece3d-73af-4a39-8b8f-21d37408982c/element [15.403353ms] ERR:404 body={"strategy":"-android uiautomator","selector":"new UiSelector().descriptionContains(\"Tiếng Anh\")...
07:02:22.554155 POST /session/b3dece3d-73af-4a39-8b8f-21d37408982c/element [16.186619ms] ERR:404 body={"strategy":"-android uiautomator","selector":"new UiSelector().textMatches(\"(?is).*\\QTiếng Anh\...
07:02:22.570503 POST /session/b3dece3d-73af-4a39-8b8f-21d37408982c/element [16.224936ms] ERR:404 body={"strategy":"-android uiautomator","selector":"new UiSelector().descriptionMatches(\"(?is).*\\QTiế...
07:02:22.587271 POST /session/b3dece3d-73af-4a39-8b8f-21d37408982c/element [16.634812ms] ERR:404 body={"strategy":"-android uiautomator","selector":"new UiSelector().textContains(\"Tiếng Anh\")"}
07:02:22.605822 POST /session/b3dece3d-73af-4a39-8b8f-21d37408982c/element [18.427795ms] ERR:404 body={"strategy":"-android uiautomator","selector":"new UiSelector().descriptionContains(\"Tiếng Anh\")...
07:02:22.622302 POST /session/b3dece3d-73af-4a39-8b8f-21d37408982c/element [16.351346ms] ERR:404 body={"strategy":"-android uiautomator","selector":"new UiSelector().textMatches(\"(?is).*\\QTiếng Anh\...
07:02:22.638593 POST /session/b3dece3d-73af-4a39-8b8f-21d37408982c/element [16.191456ms] ERR:404 body={"strategy":"-android uiautomator","selector":"new UiSelector().descriptionMatches(\"(?is).*\\QTiế...
07:02:22.654014 POST /session/b3dece3d-73af-4a39-8b8f-21d37408982c/element [15.27532ms] ERR:404 body={"strategy":"-android uiautomator","selector":"new UiSelector().textContains(\"Tiếng Anh\")"}
07:02:22.669346 POST /session/b3dece3d-73af-4a39-8b8f-21d37408982c/element [15.216211ms] ERR:404 body={"strategy":"-android uiautomator","selector":"new UiSelector().descriptionContains(\"Tiếng Anh\")...
07:02:22.685091 POST /session/b3dece3d-73af-4a39-8b8f-21d37408982c/element [15.633548ms] ERR:404 body={"strategy":"-android uiautomator","selector":"new UiSelector().textMatches(\"(?is).*\\QTiếng Anh\...
07:02:22.701465 POST /session/b3dece3d-73af-4a39-8b8f-21d37408982c/element [16.218507ms] ERR:404 body={"strategy":"-android uiautomator","selector":"new UiSelector().descriptionMatches(\"(?is).*\\QTiế...
07:02:22.719064 POST /session/b3dece3d-73af-4a39-8b8f-21d37408982c/element [17.470417ms] ERR:404 body={"strategy":"-android uiautomator","selector":"new UiSelector().textContains(\"Tiếng Anh\")"}
07:02:22.734901 POST /session/b3dece3d-73af-4a39-8b8f-21d37408982c/element [15.720319ms] ERR:404 body={"strategy":"-android uiautomator","selector":"new UiSelector().descriptionContains(\"Tiếng Anh\")...
07:02:22.753892 POST /session/b3dece3d-73af-4a39-8b8f-21d37408982c/element [18.889158ms] ERR:404 body={"strategy":"-android uiautomator","selector":"new UiSelector().textMatches(\"(?is).*\\QTiếng Anh\...
07:02:22.770310 POST /session/b3dece3d-73af-4a39-8b8f-21d37408982c/element [16.282733ms] ERR:404 body={"strategy":"-android uiautomator","selector":"new UiSelector().descriptionMatches(\"(?is).*\\QTiế...
07:02:22.787285 POST /session/b3dece3d-73af-4a39-8b8f-21d37408982c/element [16.856936ms] ERR:404 body={"strategy":"-android uiautomator","selector":"new UiSelector().textContains(\"Tiếng Anh\")"}
07:02:22.802609 POST /session/b3dece3d-73af-4a39-8b8f-21d37408982c/element [15.194869ms] ERR:404 body={"strategy":"-android uiautomator","selector":"new UiSelector().descriptionContains(\"Tiếng Anh\")...
07:02:22.818164 POST /session/b3dece3d-73af-4a39-8b8f-21d37408982c/element [15.432777ms] ERR:404 body={"strategy":"-android uiautomator","selector":"new UiSelector().textMatches(\"(?is).*\\QTiếng Anh\...
07:02:22.833298 POST /session/b3dece3d-73af-4a39-8b8f-21d37408982c/element [15.025184ms] ERR:404 body={"strategy":"-android uiautomator","selector":"new UiSelector().descriptionMatches(\"(?is).*\\QTiế...
07:02:22.849836 POST /session/b3dece3d-73af-4a39-8b8f-21d37408982c/element [16.411567ms] ERR:404 body={"strategy":"-android uiautomator","selector":"new UiSelector().textContains(\"Tiếng Anh\")"}
07:02:22.865229 POST /session/b3dece3d-73af-4a39-8b8f-21d37408982c/element [15.261599ms] ERR:404 body={"strategy":"-android uiautomator","selector":"new UiSelector().descriptionContains(\"Tiếng Anh\")...
07:02:22.881156 POST /session/b3dece3d-73af-4a39-8b8f-21d37408982c/element [15.818767ms] ERR:404 body={"strategy":"-android uiautomator","selector":"new UiSelector().textMatches(\"(?is).*\\QTiếng Anh\...
07:02:22.896971 POST /session/b3dece3d-73af-4a39-8b8f-21d37408982c/element [15.684334ms] ERR:404 body={"strategy":"-android uiautomator","selector":"new UiSelector().descriptionMatches(\"(?is).*\\QTiế...
07:02:22.913274 POST /session/b3dece3d-73af-4a39-8b8f-21d37408982c/element [16.189273ms] ERR:404 body={"strategy":"-android uiautomator","selector":"new UiSelector().textContains(\"Tiếng Anh\")"}
07:02:22.929223 POST /session/b3dece3d-73af-4a39-8b8f-21d37408982c/element [15.830424ms] ERR:404 body={"strategy":"-android uiautomator","selector":"new UiSelector().descriptionContains(\"Tiếng Anh\")...
07:02:22.945514 POST /session/b3dece3d-73af-4a39-8b8f-21d37408982c/element [16.172909ms] ERR:404 body={"strategy":"-android uiautomator","selector":"new UiSelector().textMatches(\"(?is).*\\QTiếng Anh\...
07:02:22.961543 POST /session/b3dece3d-73af-4a39-8b8f-21d37408982c/element [15.871806ms] ERR:404 body={"strategy":"-android uiautomator","selector":"new UiSelector().descriptionMatches(\"(?is).*\\QTiế...
07:02:22.977672 POST /session/b3dece3d-73af-4a39-8b8f-21d37408982c/element [16.012657ms] ERR:404 body={"strategy":"-android uiautomator","selector":"new UiSelector().textContains(\"Tiếng Anh\")"}
07:02:22.992596 POST /session/b3dece3d-73af-4a39-8b8f-21d37408982c/element [14.79501ms] ERR:404 body={"strategy":"-android uiautomator","selector":"new UiSelector().descriptionContains(\"Tiếng Anh\")...
07:02:23.006919 POST /session/b3dece3d-73af-4a39-8b8f-21d37408982c/element [14.187873ms] ERR:404 body={"strategy":"-android uiautomator","selector":"new UiSelector().textMatches(\"(?is).*\\QTiếng Anh\...
07:02:23.020866 POST /session/b3dece3d-73af-4a39-8b8f-21d37408982c/element [13.819679ms] ERR:404 body={"strategy":"-android uiautomator","selector":"new UiSelector().descriptionMatches(\"(?is).*\\QTiế...
07:02:23.038837 POST /session/b3dece3d-73af-4a39-8b8f-21d37408982c/element [17.859857ms] ERR:404 body={"strategy":"-android uiautomator","selector":"new UiSelector().textContains(\"Tiếng Anh\")"}
07:02:23.056606 POST /session/b3dece3d-73af-4a39-8b8f-21d37408982c/element [17.671179ms] ERR:404 body={"strategy":"-android uiautomator","selector":"new UiSelector().descriptionContains(\"Tiếng Anh\")...
07:02:23.076960 POST /session/b3dece3d-73af-4a39-8b8f-21d37408982c/element [20.204613ms] ERR:404 body={"strategy":"-android uiautomator","selector":"new UiSelector().textMatches(\"(?is).*\\QTiếng Anh\...
07:02:23.097250 POST /session/b3dece3d-73af-4a39-8b8f-21d37408982c/element [20.171864ms] ERR:404 body={"strategy":"-android uiautomator","selector":"new UiSelector().descriptionMatches(\"(?is).*\\QTiế...
07:02:23.120898 POST /session/b3dece3d-73af-4a39-8b8f-21d37408982c/element [23.539106ms] ERR:404 body={"strategy":"-android uiautomator","selector":"new UiSelector().textContains(\"Tiếng Anh\")"}
07:02:23.139570 POST /session/b3dece3d-73af-4a39-8b8f-21d37408982c/element [18.529758ms] ERR:404 body={"strategy":"-android uiautomator","selector":"new UiSelector().descriptionContains(\"Tiếng Anh\")...
07:02:23.156283 POST /session/b3dece3d-73af-4a39-8b8f-21d37408982c/element [16.624377ms] ERR:404 body={"strategy":"-android uiautomator","selector":"new UiSelector().textMatches(\"(?is).*\\QTiếng Anh\...
07:02:23.176345 POST /session/b3dece3d-73af-4a39-8b8f-21d37408982c/element [19.979235ms] ERR:404 body={"strategy":"-android uiautomator","selector":"new UiSelector().descriptionMatches(\"(?is).*\\QTiế...
07:02:23.192629 POST /session/b3dece3d-73af-4a39-8b8f-21d37408982c/element [16.172358ms] ERR:404 body={"strategy":"-android uiautomator","selector":"new UiSelector().textContains(\"Tiếng Anh\")"}
07:02:23.214009 POST /session/b3dece3d-73af-4a39-8b8f-21d37408982c/element [21.24521ms] ERR:404 body={"strategy":"-android uiautomator","selector":"new UiSelector().descriptionContains(\"Tiếng Anh\")...
07:02:23.230810 POST /session/b3dece3d-73af-4a39-8b8f-21d37408982c/element [16.686299ms] ERR:404 body={"strategy":"-android uiautomator","selector":"new UiSelector().textMatches(\"(?is).*\\QTiếng Anh\...
07:02:23.249382 POST /session/b3dece3d-73af-4a39-8b8f-21d37408982c/element [18.460745ms] ERR:404 body={"strategy":"-android uiautomator","selector":"new UiSelector().descriptionMatches(\"(?is).*\\QTiế...
07:02:23.266708 POST /session/b3dece3d-73af-4a39-8b8f-21d37408982c/element [17.227352ms] ERR:404 body={"strategy":"-android uiautomator","selector":"new UiSelector().textContains(\"Tiếng Anh\")"}
07:02:23.293975 POST /session/b3dece3d-73af-4a39-8b8f-21d37408982c/element [27.162723ms] ERR:404 body={"strategy":"-android uiautomator","selector":"new UiSelector().descriptionContains(\"Tiếng Anh\")...
07:02:23.317323 POST /session/b3dece3d-73af-4a39-8b8f-21d37408982c/element [23.240252ms] ERR:404 body={"strategy":"-android uiautomator","selector":"new UiSelector().textMatches(\"(?is).*\\QTiếng Anh\...
07:02:23.333964 POST /session/b3dece3d-73af-4a39-8b8f-21d37408982c/element [16.51343ms] ERR:404 body={"strategy":"-android uiautomator","selector":"new UiSelector().descriptionMatches(\"(?is).*\\QTiế...
07:02:23.351240 POST /session/b3dece3d-73af-4a39-8b8f-21d37408982c/element [17.16608ms] ERR:404 body={"strategy":"-android uiautomator","selector":"new UiSelector().textContains(\"Tiếng Anh\")"}
07:02:23.369980 POST /session/b3dece3d-73af-4a39-8b8f-21d37408982c/element [18.636348ms] ERR:404 body={"strategy":"-android uiautomator","selector":"new UiSelector().descriptionContains(\"Tiếng Anh\")...
07:02:23.386341 POST /session/b3dece3d-73af-4a39-8b8f-21d37408982c/element [16.26728ms] ERR:404 body={"strategy":"-android uiautomator","selector":"new UiSelector().textMatches(\"(?is).*\\QTiếng Anh\...
07:02:23.402537 POST /session/b3dece3d-73af-4a39-8b8f-21d37408982c/element [16.069649ms] ERR:404 body={"strategy":"-android uiautomator","selector":"new UiSelector().descriptionMatches(\"(?is).*\\QTiế...
07:02:23.418677 POST /session/b3dece3d-73af-4a39-8b8f-21d37408982c/element [16.004901ms] ERR:404 body={"strategy":"-android uiautomator","selector":"new UiSelector().textContains(\"Tiếng Anh\")"}
07:02:23.434613 POST /session/b3dece3d-73af-4a39-8b8f-21d37408982c/element [15.82794ms] ERR:404 body={"strategy":"-android uiautomator","selector":"new UiSelector().descriptionContains(\"Tiếng Anh\")...
07:02:23.451028 POST /session/b3dece3d-73af-4a39-8b8f-21d37408982c/element [16.30724ms] ERR:404 body={"strategy":"-android uiautomator","selector":"new UiSelector().textMatches(\"(?is).*\\QTiếng Anh\...
07:02:23.467252 POST /session/b3dece3d-73af-4a39-8b8f-21d37408982c/element [16.1143ms] ERR:404 body={"strategy":"-android uiautomator","selector":"new UiSelector().descriptionMatches(\"(?is).*\\QTiế...
07:02:23.483035 POST /session/b3dece3d-73af-4a39-8b8f-21d37408982c/element [15.673378ms] ERR:404 body={"strategy":"-android uiautomator","selector":"new UiSelector().textContains(\"Tiếng Anh\")"}
07:02:23.498988 POST /session/b3dece3d-73af-4a39-8b8f-21d37408982c/element [15.839898ms] ERR:404 body={"strategy":"-android uiautomator","selector":"new UiSelector().descriptionContains(\"Tiếng Anh\")...
07:02:23.515330 POST /session/b3dece3d-73af-4a39-8b8f-21d37408982c/element [16.206479ms] ERR:404 body={"strategy":"-android uiautomator","selector":"new UiSelector().textMatches(\"(?is).*\\QTiếng Anh\...
07:02:23.536466 POST /session/b3dece3d-73af-4a39-8b8f-21d37408982c/element [21.04133ms] ERR:404 body={"strategy":"-android uiautomator","selector":"new UiSelector().descriptionMatches(\"(?is).*\\QTiế...
07:02:23.558915 POST /session/b3dece3d-73af-4a39-8b8f-21d37408982c/element [22.340762ms] ERR:404 body={"strategy":"-android uiautomator","selector":"new UiSelector().textContains(\"Tiếng Anh\")"}
07:02:23.575351 POST /session/b3dece3d-73af-4a39-8b8f-21d37408982c/element [16.308667ms] ERR:404 body={"strategy":"-android uiautomator","selector":"new UiSelector().descriptionContains(\"Tiếng Anh\")...
07:02:23.591680 POST /session/b3dece3d-73af-4a39-8b8f-21d37408982c/element [16.19747ms] ERR:404 body={"strategy":"-android uiautomator","selector":"new UiSelector().textMatches(\"(?is).*\\QTiếng Anh\...
07:02:23.608083 POST /session/b3dece3d-73af-4a39-8b8f-21d37408982c/element [16.297195ms] ERR:404 body={"strategy":"-android uiautomator","selector":"new UiSelector().descriptionMatches(\"(?is).*\\QTiế...
07:02:23.628253 POST /session/b3dece3d-73af-4a39-8b8f-21d37408982c/element [20.068629ms] ERR:404 body={"strategy":"-android uiautomator","selector":"new UiSelector().textContains(\"Tiếng Anh\")"}
07:02:23.644254 POST /session/b3dece3d-73af-4a39-8b8f-21d37408982c/element [15.894139ms] ERR:404 body={"strategy":"-android uiautomator","selector":"new UiSelector().descriptionContains(\"Tiếng Anh\")...
07:02:23.657894 POST /session/b3dece3d-73af-4a39-8b8f-21d37408982c/element [13.537961ms] ERR:404 body={"strategy":"-android uiautomator","selector":"new UiSelector().textMatches(\"(?is).*\\QTiếng Anh\...
07:02:23.671333 POST /session/b3dece3d-73af-4a39-8b8f-21d37408982c/element [13.344681ms] ERR:404 body={"strategy":"-android uiautomator","selector":"new UiSelector().descriptionMatches(\"(?is).*\\QTiế...
07:02:23.684822 POST /session/b3dece3d-73af-4a39-8b8f-21d37408982c/element [13.382633ms] ERR:404 body={"strategy":"-android uiautomator","selector":"new UiSelector().textContains(\"Tiếng Anh\")"}
07:02:23.698513 POST /session/b3dece3d-73af-4a39-8b8f-21d37408982c/element [13.585488ms] ERR:404 body={"strategy":"-android uiautomator","selector":"new UiSelector().descriptionContains(\"Tiếng Anh\")...
07:02:23.712508 POST /session/b3dece3d-73af-4a39-8b8f-21d37408982c/element [13.902148ms] ERR:404 body={"strategy":"-android uiautomator","selector":"new UiSelector().textMatches(\"(?is).*\\QTiếng Anh\...
07:02:23.725727 POST /session/b3dece3d-73af-4a39-8b8f-21d37408982c/element [13.119963ms] ERR:404 body={"strategy":"-android uiautomator","selector":"new UiSelector().descriptionMatches(\"(?is).*\\QTiế...
07:02:23.739089 POST /session/b3dece3d-73af-4a39-8b8f-21d37408982c/element [13.254315ms] ERR:404 body={"strategy":"-android uiautomator","selector":"new UiSelector().textContains(\"Tiếng Anh\")"}
07:02:23.753423 POST /session/b3dece3d-73af-4a39-8b8f-21d37408982c/element [14.221523ms] ERR:404 body={"strategy":"-android uiautomator","selector":"new UiSelector().descriptionContains(\"Tiếng Anh\")...
07:02:23.770977 POST /session/b3dece3d-73af-4a39-8b8f-21d37408982c/element [17.443762ms] ERR:404 body={"strategy":"-android uiautomator","selector":"new UiSelector().textMatches(\"(?is).*\\QTiếng Anh\...
07:02:23.789330 POST /session/b3dece3d-73af-4a39-8b8f-21d37408982c/element [18.231961ms] ERR:404 body={"strategy":"-android uiautomator","selector":"new UiSelector().descriptionMatches(\"(?is).*\\QTiế...
07:02:23.808070 POST /session/b3dece3d-73af-4a39-8b8f-21d37408982c/element [18.614986ms] ERR:404 body={"strategy":"-android uiautomator","selector":"new UiSelector().textContains(\"Tiếng Anh\")"}
07:02:23.825120 POST /session/b3dece3d-73af-4a39-8b8f-21d37408982c/element [16.927282ms] ERR:404 body={"strategy":"-android uiautomator","selector":"new UiSelector().descriptionContains(\"Tiếng Anh\")...
07:02:23.842401 POST /session/b3dece3d-73af-4a39-8b8f-21d37408982c/element [17.145509ms] ERR:404 body={"strategy":"-android uiautomator","selector":"new UiSelector().textMatches(\"(?is).*\\QTiếng Anh\...
07:02:23.858688 POST /session/b3dece3d-73af-4a39-8b8f-21d37408982c/element [16.155742ms] ERR:404 body={"strategy":"-android uiautomator","selector":"new UiSelector().descriptionMatches(\"(?is).*\\QTiế...
07:02:23.875263 POST /session/b3dece3d-73af-4a39-8b8f-21d37408982c/element [16.464937ms] ERR:404 body={"strategy":"-android uiautomator","selector":"new UiSelector().textContains(\"Tiếng Anh\")"}
07:02:23.896186 POST /session/b3dece3d-73af-4a39-8b8f-21d37408982c/element [20.830463ms] ERR:404 body={"strategy":"-android uiautomator","selector":"new UiSelector().descriptionContains(\"Tiếng Anh\")...
07:02:23.918114 POST /session/b3dece3d-73af-4a39-8b8f-21d37408982c/element [21.813159ms] ERR:404 body={"strategy":"-android uiautomator","selector":"new UiSelector().textMatches(\"(?is).*\\QTiếng Anh\...
07:02:23.935790 POST /session/b3dece3d-73af-4a39-8b8f-21d37408982c/element [17.561003ms] ERR:404 body={"strategy":"-android uiautomator","selector":"new UiSelector().descriptionMatches(\"(?is).*\\QTiế...
07:02:23.952694 POST /session/b3dece3d-73af-4a39-8b8f-21d37408982c/element [16.788522ms] ERR:404 body={"strategy":"-android uiautomator","selector":"new UiSelector().textContains(\"Tiếng Anh\")"}
07:02:23.969246 POST /session/b3dece3d-73af-4a39-8b8f-21d37408982c/element [16.437706ms] ERR:404 body={"strategy":"-android uiautomator","selector":"new UiSelector().descriptionContains(\"Tiếng Anh\")...
07:02:23.986089 POST /session/b3dece3d-73af-4a39-8b8f-21d37408982c/element [16.740912ms] ERR:404 body={"strategy":"-android uiautomator","selector":"new UiSelector().textMatches(\"(?is).*\\QTiếng Anh\...
07:02:24.003298 POST /session/b3dece3d-73af-4a39-8b8f-21d37408982c/element [17.093802ms] ERR:404 body={"strategy":"-android uiautomator","selector":"new UiSelector().descriptionMatches(\"(?is).*\\QTiế...
07:02:24.020318 POST /session/b3dece3d-73af-4a39-8b8f-21d37408982c/element [16.917056ms] ERR:404 body={"strategy":"-android uiautomator","selector":"new UiSelector().textContains(\"Tiếng Anh\")"}
07:02:24.041515 POST /session/b3dece3d-73af-4a39-8b8f-21d37408982c/element [21.086849ms] ERR:404 body={"strategy":"-android uiautomator","selector":"new UiSelector().descriptionContains(\"Tiếng Anh\")...
07:02:24.059114 POST /session/b3dece3d-73af-4a39-8b8f-21d37408982c/element [17.458289ms] ERR:404 body={"strategy":"-android uiautomator","selector":"new UiSelector().textMatches(\"(?is).*\\QTiếng Anh\...
07:02:24.076423 POST /session/b3dece3d-73af-4a39-8b8f-21d37408982c/element [17.187732ms] ERR:404 body={"strategy":"-android uiautomator","selector":"new UiSelector().descriptionMatches(\"(?is).*\\QTiế...
07:02:24.098420 POST /session/b3dece3d-73af-4a39-8b8f-21d37408982c/element [21.876314ms] ERR:404 body={"strategy":"-android uiautomator","selector":"new UiSelector().textContains(\"Tiếng Anh\")"}
07:02:24.115483 POST /session/b3dece3d-73af-4a39-8b8f-21d37408982c/element [16.942124ms] ERR:404 body={"strategy":"-android uiautomator","selector":"new UiSelector().descriptionContains(\"Tiếng Anh\")...
07:02:24.132932 POST /session/b3dece3d-73af-4a39-8b8f-21d37408982c/element [17.332074ms] ERR:404 body={"strategy":"-android uiautomator","selector":"new UiSelector().textMatches(\"(?is).*\\QTiếng Anh\...
07:02:24.150216 POST /session/b3dece3d-73af-4a39-8b8f-21d37408982c/element [17.185128ms] ERR:404 body={"strategy":"-android uiautomator","selector":"new UiSelector().descriptionMatches(\"(?is).*\\QTiế...
07:02:24.168120 POST /session/b3dece3d-73af-4a39-8b8f-21d37408982c/element [17.786977ms] ERR:404 body={"strategy":"-android uiautomator","selector":"new UiSelector().textContains(\"Tiếng Anh\")"}
07:02:24.185339 POST /session/b3dece3d-73af-4a39-8b8f-21d37408982c/element [17.105013ms] ERR:404 body={"strategy":"-android uiautomator","selector":"new UiSelector().descriptionContains(\"Tiếng Anh\")...
07:02:24.202930 POST /session/b3dece3d-73af-4a39-8b8f-21d37408982c/element [17.455605ms] ERR:404 body={"strategy":"-android uiautomator","selector":"new UiSelector().textMatches(\"(?is).*\\QTiếng Anh\...
07:02:24.219908 POST /session/b3dece3d-73af-4a39-8b8f-21d37408982c/element [16.878903ms] ERR:404 body={"strategy":"-android uiautomator","selector":"new UiSelector().descriptionMatches(\"(?is).*\\QTiế...
07:02:24.236494 POST /session/b3dece3d-73af-4a39-8b8f-21d37408982c/element [16.471857ms] ERR:404 body={"strategy":"-android uiautomator","selector":"new UiSelector().textContains(\"Tiếng Anh\")"}
07:02:24.254200 POST /session/b3dece3d-73af-4a39-8b8f-21d37408982c/element [17.577868ms] ERR:404 body={"strategy":"-android uiautomator","selector":"new UiSelector().descriptionContains(\"Tiếng Anh\")...
07:02:24.272431 POST /session/b3dece3d-73af-4a39-8b8f-21d37408982c/element [18.119282ms] ERR:404 body={"strategy":"-android uiautomator","selector":"new UiSelector().textMatches(\"(?is).*\\QTiếng Anh\...
07:02:24.288566 POST /session/b3dece3d-73af-4a39-8b8f-21d37408982c/element [16.037305ms] ERR:404 body={"strategy":"-android uiautomator","selector":"new UiSelector().descriptionMatches(\"(?is).*\\QTiế...
07:02:24.305688 POST /session/b3dece3d-73af-4a39-8b8f-21d37408982c/element [17.02609ms] ERR:404 body={"strategy":"-android uiautomator","selector":"new UiSelector().textContains(\"Tiếng Anh\")"}
07:02:24.322178 POST /session/b3dece3d-73af-4a39-8b8f-21d37408982c/element [16.394962ms] ERR:404 body={"strategy":"-android uiautomator","selector":"new UiSelector().descriptionContains(\"Tiếng Anh\")...
07:02:24.339090 POST /session/b3dece3d-73af-4a39-8b8f-21d37408982c/element [16.80044ms] ERR:404 body={"strategy":"-android uiautomator","selector":"new UiSelector().textMatches(\"(?is).*\\QTiếng Anh\...
07:02:24.356577 POST /session/b3dece3d-73af-4a39-8b8f-21d37408982c/element [17.379891ms] ERR:404 body={"strategy":"-android uiautomator","selector":"new UiSelector().descriptionMatches(\"(?is).*\\QTiế...
07:02:24.371959 POST /session/b3dece3d-73af-4a39-8b8f-21d37408982c/element [15.238475ms] ERR:404 body={"strategy":"-android uiautomator","selector":"new UiSelector().textContains(\"Tiếng Anh\")"}
07:02:24.385777 POST /session/b3dece3d-73af-4a39-8b8f-21d37408982c/element [13.712203ms] ERR:404 body={"strategy":"-android uiautomator","selector":"new UiSelector().descriptionContains(\"Tiếng Anh\")...
07:02:24.399570 POST /session/b3dece3d-73af-4a39-8b8f-21d37408982c/element [13.693946ms] ERR:404 body={"strategy":"-android uiautomator","selector":"new UiSelector().textMatches(\"(?is).*\\QTiếng Anh\...
07:02:24.414262 POST /session/b3dece3d-73af-4a39-8b8f-21d37408982c/element [14.567257ms] ERR:404 body={"strategy":"-android uiautomator","selector":"new UiSelector().descriptionMatches(\"(?is).*\\QTiế...
07:02:24.432063 POST /session/b3dece3d-73af-4a39-8b8f-21d37408982c/element [17.691489ms] ERR:404 body={"strategy":"-android uiautomator","selector":"new UiSelector().textContains(\"Tiếng Anh\")"}
07:02:24.448103 POST /session/b3dece3d-73af-4a39-8b8f-21d37408982c/element [15.944315ms] ERR:404 body={"strategy":"-android uiautomator","selector":"new UiSelector().descriptionContains(\"Tiếng Anh\")...
07:02:24.464853 POST /session/b3dece3d-73af-4a39-8b8f-21d37408982c/element [16.66024ms] ERR:404 body={"strategy":"-android uiautomator","selector":"new UiSelector().textMatches(\"(?is).*\\QTiếng Anh\...
07:02:24.479257 POST /session/b3dece3d-73af-4a39-8b8f-21d37408982c/element [14.291232ms] ERR:404 body={"strategy":"-android uiautomator","selector":"new UiSelector().descriptionMatches(\"(?is).*\\QTiế...
07:02:24.494441 POST /session/b3dece3d-73af-4a39-8b8f-21d37408982c/element [15.052626ms] ERR:404 body={"strategy":"-android uiautomator","selector":"new UiSelector().textContains(\"Tiếng Anh\")"}
07:02:24.508817 POST /session/b3dece3d-73af-4a39-8b8f-21d37408982c/element [14.255168ms] ERR:404 body={"strategy":"-android uiautomator","selector":"new UiSelector().descriptionContains(\"Tiếng Anh\")...
07:02:24.523515 POST /session/b3dece3d-73af-4a39-8b8f-21d37408982c/element [14.578574ms] ERR:404 body={"strategy":"-android uiautomator","selector":"new UiSelector().textMatches(\"(?is).*\\QTiếng Anh\...
07:02:24.540767 POST /session/b3dece3d-73af-4a39-8b8f-21d37408982c/element [17.133611ms] ERR:404 body={"strategy":"-android uiautomator","selector":"new UiSelector().descriptionMatches(\"(?is).*\\QTiế...
07:02:24.557999 POST /session/b3dece3d-73af-4a39-8b8f-21d37408982c/element [17.131142ms] ERR:404 body={"strategy":"-android uiautomator","selector":"new UiSelector().textContains(\"Tiếng Anh\")"}
07:02:24.575578 POST /session/b3dece3d-73af-4a39-8b8f-21d37408982c/element [17.47607ms] ERR:404 body={"strategy":"-android uiautomator","selector":"new UiSelector().descriptionContains(\"Tiếng Anh\")...
07:02:24.592356 POST /session/b3dece3d-73af-4a39-8b8f-21d37408982c/element [16.646309ms] ERR:404 body={"strategy":"-android uiautomator","selector":"new UiSelector().textMatches(\"(?is).*\\QTiếng Anh\...
07:02:24.608719 POST /session/b3dece3d-73af-4a39-8b8f-21d37408982c/element [16.253339ms] ERR:404 body={"strategy":"-android uiautomator","selector":"new UiSelector().descriptionMatches(\"(?is).*\\QTiế...
07:02:24.629228 POST /session/b3dece3d-73af-4a39-8b8f-21d37408982c/element [20.380688ms] ERR:404 body={"strategy":"-android uiautomator","selector":"new UiSelector().textContains(\"Tiếng Anh\")"}
07:02:24.644421 POST /session/b3dece3d-73af-4a39-8b8f-21d37408982c/element [15.066347ms] ERR:404 body={"strategy":"-android uiautomator","selector":"new UiSelector().descriptionContains(\"Tiếng Anh\")...
07:02:24.659381 POST /session/b3dece3d-73af-4a39-8b8f-21d37408982c/element [14.832055ms] ERR:404 body={"strategy":"-android uiautomator","selector":"new UiSelector().textMatches(\"(?is).*\\QTiếng Anh\...
07:02:24.675571 POST /session/b3dece3d-73af-4a39-8b8f-21d37408982c/element [16.072789ms] ERR:404 body={"strategy":"-android uiautomator","selector":"new UiSelector().descriptionMatches(\"(?is).*\\QTiế...
07:02:24.692984 POST /session/b3dece3d-73af-4a39-8b8f-21d37408982c/element [16.936595ms] ERR:404 body={"strategy":"-android uiautomator","selector":"new UiSelector().textContains(\"Tiếng Anh\")"}
07:02:24.709675 POST /session/b3dece3d-73af-4a39-8b8f-21d37408982c/element [16.550651ms] ERR:404 body={"strategy":"-android uiautomator","selector":"new UiSelector().descriptionContains(\"Tiếng Anh\")...
07:02:24.726179 POST /session/b3dece3d-73af-4a39-8b8f-21d37408982c/element [16.36017ms] ERR:404 body={"strategy":"-android uiautomator","selector":"new UiSelector().textMatches(\"(?is).*\\QTiếng Anh\...
07:02:24.742633 POST /session/b3dece3d-73af-4a39-8b8f-21d37408982c/element [16.332248ms] ERR:404 body={"strategy":"-android uiautomator","selector":"new UiSelector().descriptionMatches(\"(?is).*\\QTiế...
07:02:24.759633 POST /session/b3dece3d-73af-4a39-8b8f-21d37408982c/element [16.857997ms] ERR:404 body={"strategy":"-android uiautomator","selector":"new UiSelector().textContains(\"Tiếng Anh\")"}
07:02:24.775543 POST /session/b3dece3d-73af-4a39-8b8f-21d37408982c/element [15.793498ms] ERR:404 body={"strategy":"-android uiautomator","selector":"new UiSelector().descriptionContains(\"Tiếng Anh\")...
07:02:24.791950 POST /session/b3dece3d-73af-4a39-8b8f-21d37408982c/element [16.297315ms] ERR:404 body={"strategy":"-android uiautomator","selector":"new UiSelector().textMatches(\"(?is).*\\QTiếng Anh\...
07:02:24.807149 POST /session/b3dece3d-73af-4a39-8b8f-21d37408982c/element [15.081019ms] ERR:404 body={"strategy":"-android uiautomator","selector":"new UiSelector().descriptionMatches(\"(?is).*\\QTiế...
07:02:24.822368 POST /session/b3dece3d-73af-4a39-8b8f-21d37408982c/element [15.116703ms] ERR:404 body={"strategy":"-android uiautomator","selector":"new UiSelector().textContains(\"Tiếng Anh\")"}
07:02:24.840749 POST /session/b3dece3d-73af-4a39-8b8f-21d37408982c/element [18.283998ms] ERR:404 body={"strategy":"-android uiautomator","selector":"new UiSelector().descriptionContains(\"Tiếng Anh\")...
07:02:24.859377 POST /session/b3dece3d-73af-4a39-8b8f-21d37408982c/element [18.51784ms] ERR:404 body={"strategy":"-android uiautomator","selector":"new UiSelector().textMatches(\"(?is).*\\QTiếng Anh\...
07:02:24.877319 POST /session/b3dece3d-73af-4a39-8b8f-21d37408982c/element [17.842996ms] ERR:404 body={"strategy":"-android uiautomator","selector":"new UiSelector().descriptionMatches(\"(?is).*\\QTiế...
07:02:24.895481 POST /session/b3dece3d-73af-4a39-8b8f-21d37408982c/element [18.05841ms] ERR:404 body={"strategy":"-android uiautomator","selector":"new UiSelector().textContains(\"Tiếng Anh\")"}
07:02:24.911202 POST /session/b3dece3d-73af-4a39-8b8f-21d37408982c/element [15.597724ms] ERR:404 body={"strategy":"-android uiautomator","selector":"new UiSelector().descriptionContains(\"Tiếng Anh\")...
07:02:24.927315 POST /session/b3dece3d-73af-4a39-8b8f-21d37408982c/element [16.002983ms] ERR:404 body={"strategy":"-android uiautomator","selector":"new UiSelector().textMatches(\"(?is).*\\QTiếng Anh\...
07:02:24.943225 POST /session/b3dece3d-73af-4a39-8b8f-21d37408982c/element [15.791054ms] ERR:404 body={"strategy":"-android uiautomator","selector":"new UiSelector().descriptionMatches(\"(?is).*\\QTiế...
07:02:24.958813 POST /session/b3dece3d-73af-4a39-8b8f-21d37408982c/element [15.477695ms] ERR:404 body={"strategy":"-android uiautomator","selector":"new UiSelector().textContains(\"Tiếng Anh\")"}
07:02:24.974002 POST /session/b3dece3d-73af-4a39-8b8f-21d37408982c/element [15.074128ms] ERR:404 body={"strategy":"-android uiautomator","selector":"new UiSelector().descriptionContains(\"Tiếng Anh\")...
07:02:24.989661 POST /session/b3dece3d-73af-4a39-8b8f-21d37408982c/element [15.522211ms] ERR:404 body={"strategy":"-android uiautomator","selector":"new UiSelector().textMatches(\"(?is).*\\QTiếng Anh\...
07:02:25.004707 POST /session/b3dece3d-73af-4a39-8b8f-21d37408982c/element [14.937463ms] ERR:404 body={"strategy":"-android uiautomator","selector":"new UiSelector().descriptionMatches(\"(?is).*\\QTiế...
07:02:25.020280 POST /session/b3dece3d-73af-4a39-8b8f-21d37408982c/element [15.458325ms] ERR:404 body={"strategy":"-android uiautomator","selector":"new UiSelector().textContains(\"Tiếng Anh\")"}
07:02:25.037238 POST /session/b3dece3d-73af-4a39-8b8f-21d37408982c/element [16.845338ms] ERR:404 body={"strategy":"-android uiautomator","selector":"new UiSelector().descriptionContains(\"Tiếng Anh\")...
07:02:25.054599 POST /session/b3dece3d-73af-4a39-8b8f-21d37408982c/element [17.253341ms] ERR:404 body={"strategy":"-android uiautomator","selector":"new UiSelector().textMatches(\"(?is).*\\QTiếng Anh\...
07:02:25.072702 POST /session/b3dece3d-73af-4a39-8b8f-21d37408982c/element [17.957499ms] ERR:404 body={"strategy":"-android uiautomator","selector":"new UiSelector().descriptionMatches(\"(?is).*\\QTiế...
07:02:25.091831 POST /session/b3dece3d-73af-4a39-8b8f-21d37408982c/element [19.008738ms] ERR:404 body={"strategy":"-android uiautomator","selector":"new UiSelector().textContains(\"Tiếng Anh\")"}
07:02:25.112458 POST /session/b3dece3d-73af-4a39-8b8f-21d37408982c/element [20.516851ms] ERR:404 body={"strategy":"-android uiautomator","selector":"new UiSelector().descriptionContains(\"Tiếng Anh\")...
07:02:25.134125 POST /session/b3dece3d-73af-4a39-8b8f-21d37408982c/element [21.552167ms] ERR:404 body={"strategy":"-android uiautomator","selector":"new UiSelector().textMatches(\"(?is).*\\QTiếng Anh\...
07:02:25.151181 POST /session/b3dece3d-73af-4a39-8b8f-21d37408982c/element [16.940742ms] ERR:404 body={"strategy":"-android uiautomator","selector":"new UiSelector().descriptionMatches(\"(?is).*\\QTiế...
07:02:25.172210 POST /session/b3dece3d-73af-4a39-8b8f-21d37408982c/element [20.904549ms] ERR:404 body={"strategy":"-android uiautomator","selector":"new UiSelector().textContains(\"Tiếng Anh\")"}
07:02:25.187983 POST /session/b3dece3d-73af-4a39-8b8f-21d37408982c/element [15.672437ms] ERR:404 body={"strategy":"-android uiautomator","selector":"new UiSelector().descriptionContains(\"Tiếng Anh\")...
07:02:25.206177 POST /session/b3dece3d-73af-4a39-8b8f-21d37408982c/element [18.057423ms] ERR:404 body={"strategy":"-android uiautomator","selector":"new UiSelector().textMatches(\"(?is).*\\QTiếng Anh\...
07:02:25.224405 POST /session/b3dece3d-73af-4a39-8b8f-21d37408982c/element [18.109407ms] ERR:404 body={"strategy":"-android uiautomator","selector":"new UiSelector().descriptionMatches(\"(?is).*\\QTiế...
07:02:25.241679 POST /session/b3dece3d-73af-4a39-8b8f-21d37408982c/element [17.135825ms] ERR:404 body={"strategy":"-android uiautomator","selector":"new UiSelector().textContains(\"Tiếng Anh\")"}
07:02:25.258583 POST /session/b3dece3d-73af-4a39-8b8f-21d37408982c/element [16.792749ms] ERR:404 body={"strategy":"-android uiautomator","selector":"new UiSelector().descriptionContains(\"Tiếng Anh\")...
07:02:25.275939 POST /session/b3dece3d-73af-4a39-8b8f-21d37408982c/element [17.239941ms] ERR:404 body={"strategy":"-android uiautomator","selector":"new UiSelector().textMatches(\"(?is).*\\QTiếng Anh\...
07:02:25.293671 POST /session/b3dece3d-73af-4a39-8b8f-21d37408982c/element [17.607813ms] ERR:404 body={"strategy":"-android uiautomator","selector":"new UiSelector().descriptionMatches(\"(?is).*\\QTiế...
07:02:25.310914 POST /session/b3dece3d-73af-4a39-8b8f-21d37408982c/element [17.1263ms] ERR:404 body={"strategy":"-android uiautomator","selector":"new UiSelector().textContains(\"Tiếng Anh\")"}
07:02:25.327713 POST /session/b3dece3d-73af-4a39-8b8f-21d37408982c/element [16.684837ms] ERR:404 body={"strategy":"-android uiautomator","selector":"new UiSelector().descriptionContains(\"Tiếng Anh\")...
07:02:25.344918 POST /session/b3dece3d-73af-4a39-8b8f-21d37408982c/element [17.075614ms] ERR:404 body={"strategy":"-android uiautomator","selector":"new UiSelector().textMatches(\"(?is).*\\QTiếng Anh\...
07:02:25.362773 POST /session/b3dece3d-73af-4a39-8b8f-21d37408982c/element [17.730708ms] ERR:404 body={"strategy":"-android uiautomator","selector":"new UiSelector().descriptionMatches(\"(?is).*\\QTiế...
07:02:25.379734 POST /session/b3dece3d-73af-4a39-8b8f-21d37408982c/element [16.856114ms] ERR:404 body={"strategy":"-android uiautomator","selector":"new UiSelector().textContains(\"Tiếng Anh\")"}
07:02:25.400138 POST /session/b3dece3d-73af-4a39-8b8f-21d37408982c/element [20.275064ms] ERR:404 body={"strategy":"-android uiautomator","selector":"new UiSelector().descriptionContains(\"Tiếng Anh\")...
07:02:25.417403 POST /session/b3dece3d-73af-4a39-8b8f-21d37408982c/element [17.140786ms] ERR:404 body={"strategy":"-android uiautomator","selector":"new UiSelector().textMatches(\"(?is).*\\QTiếng Anh\...
07:02:25.435341 POST /session/b3dece3d-73af-4a39-8b8f-21d37408982c/element [17.807423ms] ERR:404 body={"strategy":"-android uiautomator","selector":"new UiSelector().descriptionMatches(\"(?is).*\\QTiế...
07:02:25.452954 POST /session/b3dece3d-73af-4a39-8b8f-21d37408982c/element [17.515175ms] ERR:404 body={"strategy":"-android uiautomator","selector":"new UiSelector().textContains(\"Tiếng Anh\")"}
07:02:25.471005 POST /session/b3dece3d-73af-4a39-8b8f-21d37408982c/element [17.928721ms] ERR:404 body={"strategy":"-android uiautomator","selector":"new UiSelector().descriptionContains(\"Tiếng Anh\")...
07:02:25.493243 POST /session/b3dece3d-73af-4a39-8b8f-21d37408982c/element [22.126669ms] ERR:404 body={"strategy":"-android uiautomator","selector":"new UiSelector().textMatches(\"(?is).*\\QTiếng Anh\...
07:02:25.514734 POST /session/b3dece3d-73af-4a39-8b8f-21d37408982c/element [21.397675ms] ERR:404 body={"strategy":"-android uiautomator","selector":"new UiSelector().descriptionMatches(\"(?is).*\\QTiế...
07:02:25.531709 POST /session/b3dece3d-73af-4a39-8b8f-21d37408982c/element [16.838248ms] ERR:404 body={"strategy":"-android uiautomator","selector":"new UiSelector().textContains(\"Tiếng Anh\")"}
07:02:25.549137 POST /session/b3dece3d-73af-4a39-8b8f-21d37408982c/element [17.325319ms] ERR:404 body={"strategy":"-android uiautomator","selector":"new UiSelector().descriptionContains(\"Tiếng Anh\")...
07:02:25.565821 POST /session/b3dece3d-73af-4a39-8b8f-21d37408982c/element [16.542323ms] ERR:404 body={"strategy":"-android uiautomator","selector":"new UiSelector().textMatches(\"(?is).*\\QTiếng Anh\...
07:02:25.580447 POST /session/b3dece3d-73af-4a39-8b8f-21d37408982c/element [14.527432ms] ERR:404 body={"strategy":"-android uiautomator","selector":"new UiSelector().descriptionMatches(\"(?is).*\\QTiế...
07:02:25.595208 POST /session/b3dece3d-73af-4a39-8b8f-21d37408982c/element [14.648219ms] ERR:404 body={"strategy":"-android uiautomator","selector":"new UiSelector().textContains(\"Tiếng Anh\")"}
07:02:25.609697 POST /session/b3dece3d-73af-4a39-8b8f-21d37408982c/element [14.367657ms] ERR:404 body={"strategy":"-android uiautomator","selector":"new UiSelector().descriptionContains(\"Tiếng Anh\")...
07:02:25.625046 POST /session/b3dece3d-73af-4a39-8b8f-21d37408982c/element [15.237814ms] ERR:404 body={"strategy":"-android uiautomator","selector":"new UiSelector().textMatches(\"(?is).*\\QTiếng Anh\...
07:02:25.639008 POST /session/b3dece3d-73af-4a39-8b8f-21d37408982c/element [13.846204ms] ERR:404 body={"strategy":"-android uiautomator","selector":"new UiSelector().descriptionMatches(\"(?is).*\\QTiế...
07:02:25.653357 POST /session/b3dece3d-73af-4a39-8b8f-21d37408982c/element [14.227978ms] ERR:404 body={"strategy":"-android uiautomator","selector":"new UiSelector().textContains(\"Tiếng Anh\")"}
07:02:25.670626 POST /session/b3dece3d-73af-4a39-8b8f-21d37408982c/element [17.135019ms] ERR:404 body={"strategy":"-android uiautomator","selector":"new UiSelector().descriptionContains(\"Tiếng Anh\")...
07:02:25.688148 POST /session/b3dece3d-73af-4a39-8b8f-21d37408982c/element [17.367011ms] ERR:404 body={"strategy":"-android uiautomator","selector":"new UiSelector().textMatches(\"(?is).*\\QTiếng Anh\...
07:02:25.705335 POST /session/b3dece3d-73af-4a39-8b8f-21d37408982c/element [17.07924ms] ERR:404 body={"strategy":"-android uiautomator","selector":"new UiSelector().descriptionMatches(\"(?is).*\\QTiế...
07:02:25.722006 POST /session/b3dece3d-73af-4a39-8b8f-21d37408982c/element [16.555212ms] ERR:404 body={"strategy":"-android uiautomator","selector":"new UiSelector().textContains(\"Tiếng Anh\")"}
07:02:25.744069 POST /session/b3dece3d-73af-4a39-8b8f-21d37408982c/element [21.952253ms] ERR:404 body={"strategy":"-android uiautomator","selector":"new UiSelector().descriptionContains(\"Tiếng Anh\")...
07:02:25.767086 POST /session/b3dece3d-73af-4a39-8b8f-21d37408982c/element [22.904898ms] ERR:404 body={"strategy":"-android uiautomator","selector":"new UiSelector().textMatches(\"(?is).*\\QTiếng Anh\...
07:02:25.784091 POST /session/b3dece3d-73af-4a39-8b8f-21d37408982c/element [16.894421ms] ERR:404 body={"strategy":"-android uiautomator","selector":"new UiSelector().descriptionMatches(\"(?is).*\\QTiế...
07:02:25.801552 POST /session/b3dece3d-73af-4a39-8b8f-21d37408982c/element [17.354273ms] ERR:404 body={"strategy":"-android uiautomator","selector":"new UiSelector().textContains(\"Tiếng Anh\")"}
07:02:25.817481 POST /session/b3dece3d-73af-4a39-8b8f-21d37408982c/element [15.829042ms] ERR:404 body={"strategy":"-android uiautomator","selector":"new UiSelector().descriptionContains(\"Tiếng Anh\")...
07:02:25.832311 POST /session/b3dece3d-73af-4a39-8b8f-21d37408982c/element [14.715089ms] ERR:404 body={"strategy":"-android uiautomator","selector":"new UiSelector().textMatches(\"(?is).*\\QTiếng Anh\...
07:02:25.847222 POST /session/b3dece3d-73af-4a39-8b8f-21d37408982c/element [14.801163ms] ERR:404 body={"strategy":"-android uiautomator","selector":"new UiSelector().descriptionMatches(\"(?is).*\\QTiế...
07:02:25.862089 POST /session/b3dece3d-73af-4a39-8b8f-21d37408982c/element [14.766421ms] ERR:404 body={"strategy":"-android uiautomator","selector":"new UiSelector().textContains(\"Tiếng Anh\")"}
07:02:25.879022 POST /session/b3dece3d-73af-4a39-8b8f-21d37408982c/element [16.825604ms] ERR:404 body={"strategy":"-android uiautomator","selector":"new UiSelector().descriptionContains(\"Tiếng Anh\")...
07:02:25.897267 POST /session/b3dece3d-73af-4a39-8b8f-21d37408982c/element [18.122896ms] ERR:404 body={"strategy":"-android uiautomator","selector":"new UiSelector().textMatches(\"(?is).*\\QTiếng Anh\...
07:02:25.914548 POST /session/b3dece3d-73af-4a39-8b8f-21d37408982c/element [17.150086ms] ERR:404 body={"strategy":"-android uiautomator","selector":"new UiSelector().descriptionMatches(\"(?is).*\\QTiế...
07:02:25.931930 POST /session/b3dece3d-73af-4a39-8b8f-21d37408982c/element [17.267922ms] ERR:404 body={"strategy":"-android uiautomator","selector":"new UiSelector().textContains(\"Tiếng Anh\")"}
07:02:25.949071 POST /session/b3dece3d-73af-4a39-8b8f-21d37408982c/element [17.03279ms] ERR:404 body={"strategy":"-android uiautomator","selector":"new UiSelector().descriptionContains(\"Tiếng Anh\")...
07:02:25.977715 POST /session/b3dece3d-73af-4a39-8b8f-21d37408982c/element [28.52581ms] ERR:404 body={"strategy":"-android uiautomator","selector":"new UiSelector().textMatches(\"(?is).*\\QTiếng Anh\...
07:02:25.992254 POST /session/b3dece3d-73af-4a39-8b8f-21d37408982c/element [14.432404ms] ERR:404 body={"strategy":"-android uiautomator","selector":"new UiSelector().descriptionMatches(\"(?is).*\\QTiế...
07:02:26.011857 POST /session/b3dece3d-73af-4a39-8b8f-21d37408982c/element [19.464331ms] ERR:404 body={"strategy":"-android uiautomator","selector":"new UiSelector().textContains(\"Tiếng Anh\")"}
07:02:26.035899 POST /session/b3dece3d-73af-4a39-8b8f-21d37408982c/element [23.932977ms] ERR:404 body={"strategy":"-android uiautomator","selector":"new UiSelector().descriptionContains(\"Tiếng Anh\")...
07:02:26.078717 POST /session/b3dece3d-73af-4a39-8b8f-21d37408982c/element [42.709451ms] ERR:404 body={"strategy":"-android uiautomator","selector":"new UiSelector().textMatches(\"(?is).*\\QTiếng Anh\...
07:02:26.097142 POST /session/b3dece3d-73af-4a39-8b8f-21d37408982c/element [18.302456ms] ERR:404 body={"strategy":"-android uiautomator","selector":"new UiSelector().descriptionMatches(\"(?is).*\\QTiế...
07:02:26.115297 POST /session/b3dece3d-73af-4a39-8b8f-21d37408982c/element [18.036617ms] ERR:404 body={"strategy":"-android uiautomator","selector":"new UiSelector().textContains(\"Tiếng Anh\")"}
07:02:26.135371 POST /session/b3dece3d-73af-4a39-8b8f-21d37408982c/element [19.793776ms] ERR:404 body={"strategy":"-android uiautomator","selector":"new UiSelector().descriptionContains(\"Tiếng Anh\")...
07:02:26.154450 POST /session/b3dece3d-73af-4a39-8b8f-21d37408982c/element [18.956229ms] ERR:404 body={"strategy":"-android uiautomator","selector":"new UiSelector().textMatches(\"(?is).*\\QTiếng Anh\...
07:02:26.173104 POST /session/b3dece3d-73af-4a39-8b8f-21d37408982c/element [18.520293ms] ERR:404 body={"strategy":"-android uiautomator","selector":"new UiSelector().descriptionMatches(\"(?is).*\\QTiế...
07:02:26.190958 POST /session/b3dece3d-73af-4a39-8b8f-21d37408982c/element [17.745319ms] ERR:404 body={"strategy":"-android uiautomator","selector":"new UiSelector().textContains(\"Tiếng Anh\")"}
07:02:26.209817 POST /session/b3dece3d-73af-4a39-8b8f-21d37408982c/element [18.742297ms] ERR:404 body={"strategy":"-android uiautomator","selector":"new UiSelector().descriptionContains(\"Tiếng Anh\")...
07:02:26.229239 POST /session/b3dece3d-73af-4a39-8b8f-21d37408982c/element [19.302529ms] ERR:404 body={"strategy":"-android uiautomator","selector":"new UiSelector().textMatches(\"(?is).*\\QTiếng Anh\...
07:02:26.248441 POST /session/b3dece3d-73af-4a39-8b8f-21d37408982c/element [19.077241ms] ERR:404 body={"strategy":"-android uiautomator","selector":"new UiSelector().descriptionMatches(\"(?is).*\\QTiế...
07:02:26.266568 POST /session/b3dece3d-73af-4a39-8b8f-21d37408982c/element [17.985009ms] ERR:404 body={"strategy":"-android uiautomator","selector":"new UiSelector().textContains(\"Tiếng Anh\")"}
07:02:26.284695 POST /session/b3dece3d-73af-4a39-8b8f-21d37408982c/element [17.994724ms] ERR:404 body={"strategy":"-android uiautomator","selector":"new UiSelector().descriptionContains(\"Tiếng Anh\")...
07:02:26.303418 POST /session/b3dece3d-73af-4a39-8b8f-21d37408982c/element [18.574555ms] ERR:404 body={"strategy":"-android uiautomator","selector":"new UiSelector().textMatches(\"(?is).*\\QTiếng Anh\...
07:02:26.326226 POST /session/b3dece3d-73af-4a39-8b8f-21d37408982c/element [22.71316ms] ERR:404 body={"strategy":"-android uiautomator","selector":"new UiSelector().descriptionMatches(\"(?is).*\\QTiế...
07:02:26.345761 POST /session/b3dece3d-73af-4a39-8b8f-21d37408982c/element [19.427286ms] ERR:404 body={"strategy":"-android uiautomator","selector":"new UiSelector().textContains(\"Tiếng Anh\")"}
07:02:26.363998 POST /session/b3dece3d-73af-4a39-8b8f-21d37408982c/element [18.140203ms] ERR:404 body={"strategy":"-android uiautomator","selector":"new UiSelector().descriptionContains(\"Tiếng Anh\")...
07:02:26.388584 POST /session/b3dece3d-73af-4a39-8b8f-21d37408982c/element [24.475027ms] ERR:404 body={"strategy":"-android uiautomator","selector":"new UiSelector().textMatches(\"(?is).*\\QTiếng Anh\...
07:02:26.407118 POST /session/b3dece3d-73af-4a39-8b8f-21d37408982c/element [18.403658ms] ERR:404 body={"strategy":"-android uiautomator","selector":"new UiSelector().descriptionMatches(\"(?is).*\\QTiế...
07:02:26.428872 POST /session/b3dece3d-73af-4a39-8b8f-21d37408982c/element [21.639929ms] ERR:404 body={"strategy":"-android uiautomator","selector":"new UiSelector().textContains(\"Tiếng Anh\")"}
07:02:26.451477 POST /session/b3dece3d-73af-4a39-8b8f-21d37408982c/element [22.504146ms] ERR:404 body={"strategy":"-android uiautomator","selector":"new UiSelector().descriptionContains(\"Tiếng Anh\")...
07:02:26.470726 POST /session/b3dece3d-73af-4a39-8b8f-21d37408982c/element [19.143149ms] ERR:404 body={"strategy":"-android uiautomator","selector":"new UiSelector().textMatches(\"(?is).*\\QTiếng Anh\...
07:02:26.492548 POST /session/b3dece3d-73af-4a39-8b8f-21d37408982c/element [21.704556ms] ERR:404 body={"strategy":"-android uiautomator","selector":"new UiSelector().descriptionMatches(\"(?is).*\\QTiế...
07:02:26.517041 POST /session/b3dece3d-73af-4a39-8b8f-21d37408982c/element [24.396148ms] ERR:404 body={"strategy":"-android uiautomator","selector":"new UiSelector().textContains(\"Tiếng Anh\")"}
07:02:26.530776 POST /session/b3dece3d-73af-4a39-8b8f-21d37408982c/element [13.621552ms] ERR:404 body={"strategy":"-android uiautomator","selector":"new UiSelector().descriptionContains(\"Tiếng Anh\")...
07:02:26.545683 POST /session/b3dece3d-73af-4a39-8b8f-21d37408982c/element [14.765234ms] ERR:404 body={"strategy":"-android uiautomator","selector":"new UiSelector().textMatches(\"(?is).*\\QTiếng Anh\...
07:02:26.560102 POST /session/b3dece3d-73af-4a39-8b8f-21d37408982c/element [14.287467ms] ERR:404 body={"strategy":"-android uiautomator","selector":"new UiSelector().descriptionMatches(\"(?is).*\\QTiế...
07:02:26.574690 POST /session/b3dece3d-73af-4a39-8b8f-21d37408982c/element [14.474042ms] ERR:404 body={"strategy":"-android uiautomator","selector":"new UiSelector().textContains(\"Tiếng Anh\")"}
07:02:26.592317 POST /session/b3dece3d-73af-4a39-8b8f-21d37408982c/element [17.499777ms] ERR:404 body={"strategy":"-android uiautomator","selector":"new UiSelector().descriptionContains(\"Tiếng Anh\")...
07:02:26.610749 POST /session/b3dece3d-73af-4a39-8b8f-21d37408982c/element [18.313733ms] ERR:404 body={"strategy":"-android uiautomator","selector":"new UiSelector().textMatches(\"(?is).*\\QTiếng Anh\...
07:02:26.626004 POST /session/b3dece3d-73af-4a39-8b8f-21d37408982c/element [15.128235ms] ERR:404 body={"strategy":"-android uiautomator","selector":"new UiSelector().descriptionMatches(\"(?is).*\\QTiế...
07:02:26.716846 GET /session/b3dece3d-73af-4a39-8b8f-21d37408982c/source [90.680584ms] OK body=
07:02:26.736072 POST /session/b3dece3d-73af-4a39-8b8f-21d37408982c/element [17.020982ms] OK body={"strategy":"-android uiautomator","selector":"new UiSelector().resourceIdMatches(\".*active-speakin...
07:02:26.747198 GET /session/b3dece3d-73af-4a39-8b8f-21d37408982c/element/00000000-0000-0010-ffff-ffff000001d6/text [11.045368ms] OK body=
07:02:26.767329 GET /session/b3dece3d-73af-4a39-8b8f-21d37408982c/element/00000000-0000-0010-ffff-ffff000001d6/rect [20.051568ms] OK body=
07:02:26.800039 POST /session/b3dece3d-73af-4a39-8b8f-21d37408982c/element/00000000-0000-0010-ffff-ffff000001d6/click [32.639087ms] OK body=
07:02:26.904285 POST /session/b3dece3d-73af-4a39-8b8f-21d37408982c/element [103.431954ms] OK body={"strategy":"-android uiautomator","selector":"new UiSelector().resourceIdMatches(\".*cooking-next-b...
07:02:27.315292 GET /session/b3dece3d-73af-4a39-8b8f-21d37408982c/element/00000000-0000-0010-ffff-ffff000001ef/text [410.923562ms] OK body=
07:02:27.323666 GET /session/b3dece3d-73af-4a39-8b8f-21d37408982c/element/00000000-0000-0010-ffff-ffff000001ef/rect [8.276259ms] OK body=
07:02:27.352835 POST /session/b3dece3d-73af-4a39-8b8f-21d37408982c/element/00000000-0000-0010-ffff-ffff000001ef/click [29.086442ms] OK body=
07:02:27.364928 POST /session/b3dece3d-73af-4a39-8b8f-21d37408982c/element [10.654907ms] OK body={"strategy":"-android uiautomator","selector":"new UiSelector().resourceIdMatches(\".*cooking-back-b...
07:02:27.371740 GET /session/b3dece3d-73af-4a39-8b8f-21d37408982c/element/00000000-0000-0010-ffff-ffff000001ed/text [6.740873ms] OK body=
07:02:27.378700 GET /session/b3dece3d-73af-4a39-8b8f-21d37408982c/element/00000000-0000-0010-ffff-ffff000001ed/rect [6.895426ms] OK body=
07:02:27.406088 POST /session/b3dece3d-73af-4a39-8b8f-21d37408982c/element/00000000-0000-0010-ffff-ffff000001ed/click [27.307159ms] OK body=
07:02:32.286713 POST /session/b3dece3d-73af-4a39-8b8f-21d37408982c/appium/device/launch_app [3.694288ms] ERR:404 body={"appId":"com.tastopia.app"}
07:02:34.822568 POST /session/b3dece3d-73af-4a39-8b8f-21d37408982c/element [948.176611ms] OK body={"strategy":"-android uiautomator","selector":"new UiSelector().resourceIdMatches(\".*MENU.*\")"}
07:02:35.422726 GET /session/b3dece3d-73af-4a39-8b8f-21d37408982c/element/00000000-0000-0012-ffff-ffff0000006f/text [600.055411ms] OK body=
07:02:37.015215 GET /session/b3dece3d-73af-4a39-8b8f-21d37408982c/element/00000000-0000-0012-ffff-ffff0000006f/rect [1.592386932s] OK body=
07:02:37.039813 POST /session/b3dece3d-73af-4a39-8b8f-21d37408982c/element [24.316811ms] ERR:404 body={"strategy":"-android uiautomator","selector":"new UiSelector().resourceIdMatches(\".*MENU.*\").clic...
07:02:37.063702 POST /session/b3dece3d-73af-4a39-8b8f-21d37408982c/element [23.773985ms] OK body={"strategy":"-android uiautomator","selector":"new UiSelector().resourceIdMatches(\".*MENU.*\")"}
07:02:37.072299 GET /session/b3dece3d-73af-4a39-8b8f-21d37408982c/element/00000000-0000-0012-ffff-ffff0000006f/text [8.511954ms] OK body=
07:02:37.083888 GET /session/b3dece3d-73af-4a39-8b8f-21d37408982c/element/00000000-0000-0012-ffff-ffff0000006f/rect [11.513836ms] OK body=
07:02:37.115839 POST /session/b3dece3d-73af-4a39-8b8f-21d37408982c/element/00000000-0000-0012-ffff-ffff0000006f/click [31.85075ms] OK body=
07:02:37.119670 POST /session/b3dece3d-73af-4a39-8b8f-21d37408982c/appium/device/hide_keyboard [3.713166ms] ERR:404 body=
07:02:37.281024 POST /session/b3dece3d-73af-4a39-8b8f-21d37408982c/element [161.032237ms] ERR:404 body={"strategy":"-android uiautomator","selector":"new UiSelector().textContains(\"History\")"}
07:02:37.365820 POST /session/b3dece3d-73af-4a39-8b8f-21d37408982c/element [84.674043ms] ERR:404 body={"strategy":"-android uiautomator","selector":"new UiSelector().descriptionContains(\"History\")"}
07:02:38.275314 POST /session/b3dece3d-73af-4a39-8b8f-21d37408982c/element [909.385693ms] OK body={"strategy":"-android uiautomator","selector":"new UiSelector().textMatches(\"(?is).*\\QHistory\\E.*...
07:02:38.493681 POST /session/b3dece3d-73af-4a39-8b8f-21d37408982c/element [217.08497ms] OK body={"strategy":"-android uiautomator","selector":"new UiSelector().resourceIdMatches(\".*menu-logout-bu...
07:02:38.517090 GET /session/b3dece3d-73af-4a39-8b8f-21d37408982c/element/00000000-0000-0012-ffff-ffff000000e8/text [23.287425ms] OK body=
07:02:38.528001 GET /session/b3dece3d-73af-4a39-8b8f-21d37408982c/element/00000000-0000-0012-ffff-ffff000000e8/rect [10.850837ms] OK body=
07:02:38.574834 POST /session/b3dece3d-73af-4a39-8b8f-21d37408982c/element/00000000-0000-0012-ffff-ffff000000e8/click [46.75463ms] OK body=
07:02:38.615863 POST /session/b3dece3d-73af-4a39-8b8f-21d37408982c/element [40.533297ms] ERR:404 body={"strategy":"-android uiautomator","selector":"new UiSelector().textContains(\"Welcome to\")"}
07:02:38.695798 POST /session/b3dece3d-73af-4a39-8b8f-21d37408982c/element [79.837352ms] ERR:404 body={"strategy":"-android uiautomator","selector":"new UiSelector().descriptionContains(\"Welcome to\")"...
07:02:38.725632 POST /session/b3dece3d-73af-4a39-8b8f-21d37408982c/element [29.712481ms] ERR:404 body={"strategy":"-android uiautomator","selector":"new UiSelector().textMatches(\"(?is).*\\QWelcome to\\...
07:02:38.755402 POST /session/b3dece3d-73af-4a39-8b8f-21d37408982c/element [29.639521ms] ERR:404 body={"strategy":"-android uiautomator","selector":"new UiSelector().descriptionMatches(\"(?is).*\\QWelco...
07:02:38.792040 POST /session/b3dece3d-73af-4a39-8b8f-21d37408982c/element [36.523189ms] ERR:404 body={"strategy":"-android uiautomator","selector":"new UiSelector().textContains(\"Welcome to\")"}
07:02:38.841476 POST /session/b3dece3d-73af-4a39-8b8f-21d37408982c/element [49.350469ms] ERR:404 body={"strategy":"-android uiautomator","selector":"new UiSelector().descriptionContains(\"Welcome to\")"...
07:02:39.865427 POST /session/b3dece3d-73af-4a39-8b8f-21d37408982c/element [1.023838019s] OK body={"strategy":"-android uiautomator","selector":"new UiSelector().textMatches(\"(?is).*\\QWelcome to\\...
07:02:39.976275 POST /session/b3dece3d-73af-4a39-8b8f-21d37408982c/element [107.371772ms] OK body={"strategy":"-android uiautomator","selector":"new UiSelector().textContains(\"Tastopia\")"}
07:02:39.979744 POST /session/b3dece3d-73af-4a39-8b8f-21d37408982c/appium/settings [2.575839ms] OK body={"settings":{"waitForIdleTimeout":200}}
07:02:44.581767 POST /session/b3dece3d-73af-4a39-8b8f-21d37408982c/appium/device/launch_app [2.850476ms] ERR:404 body={"appId":"com.tastopia.app"}
07:02:47.005027 POST /session/b3dece3d-73af-4a39-8b8f-21d37408982c/element [906.003673ms] OK body={"strategy":"-android uiautomator","selector":"new UiSelector().resourceIdMatches(\".*welcome-sign-i...
07:02:47.023385 GET /session/b3dece3d-73af-4a39-8b8f-21d37408982c/element/00000000-0000-0014-ffff-ffff00000021/text [18.267579ms] OK body=
07:02:47.052931 GET /session/b3dece3d-73af-4a39-8b8f-21d37408982c/element/00000000-0000-0014-ffff-ffff00000021/rect [29.467724ms] OK body=
07:02:47.092010 POST /session/b3dece3d-73af-4a39-8b8f-21d37408982c/element/00000000-0000-0014-ffff-ffff00000021/click [39.000163ms] OK body=
07:02:47.103594 POST /session/b3dece3d-73af-4a39-8b8f-21d37408982c/element [11.294497ms] ERR:404 body={"strategy":"-android uiautomator","selector":"new UiSelector().resourceIdMatches(\".*login-identifi...
07:02:47.112405 POST /session/b3dece3d-73af-4a39-8b8f-21d37408982c/element [8.689201ms] ERR:404 body={"strategy":"-android uiautomator","selector":"new UiSelector().resourceIdMatches(\".*login-identifi...
07:02:47.133855 POST /session/b3dece3d-73af-4a39-8b8f-21d37408982c/element [21.347648ms] ERR:404 body={"strategy":"-android uiautomator","selector":"new UiSelector().resourceIdMatches(\".*login-identifi...
07:02:47.159132 POST /session/b3dece3d-73af-4a39-8b8f-21d37408982c/element [25.166398ms] ERR:404 body={"strategy":"-android uiautomator","selector":"new UiSelector().resourceIdMatches(\".*login-identifi...
07:02:47.167087 POST /session/b3dece3d-73af-4a39-8b8f-21d37408982c/element [7.844321ms] ERR:404 body={"strategy":"-android uiautomator","selector":"new UiSelector().resourceIdMatches(\".*login-identifi...
07:02:47.176456 POST /session/b3dece3d-73af-4a39-8b8f-21d37408982c/element [9.257986ms] ERR:404 body={"strategy":"-android uiautomator","selector":"new UiSelector().resourceIdMatches(\".*login-identifi...
07:02:47.186024 POST /session/b3dece3d-73af-4a39-8b8f-21d37408982c/element [9.463425ms] ERR:404 body={"strategy":"-android uiautomator","selector":"new UiSelector().resourceIdMatches(\".*login-identifi...
07:02:47.526051 POST /session/b3dece3d-73af-4a39-8b8f-21d37408982c/element [339.891122ms] OK body={"strategy":"-android uiautomator","selector":"new UiSelector().resourceIdMatches(\".*login-identifi...
07:02:48.014282 POST /session/b3dece3d-73af-4a39-8b8f-21d37408982c/element [487.942201ms] OK body={"strategy":"-android uiautomator","selector":"new UiSelector().resourceIdMatches(\".*login-identifi...
07:02:48.022530 GET /session/b3dece3d-73af-4a39-8b8f-21d37408982c/element/00000000-0000-0014-ffff-ffff0000002f/text [8.162154ms] OK body=
07:02:48.031686 GET /session/b3dece3d-73af-4a39-8b8f-21d37408982c/element/00000000-0000-0014-ffff-ffff0000002f/rect [9.088857ms] OK body=
07:02:48.327034 POST /session/b3dece3d-73af-4a39-8b8f-21d37408982c/element/00000000-0000-0014-ffff-ffff0000002f/click [295.274096ms] OK body=
07:02:49.146721 POST /session/b3dece3d-73af-4a39-8b8f-21d37408982c/actions [819.373937ms] OK body={"actions":[{"actions":[{"type":"keyDown","value":"a"},{"type":"keyUp","value":"a"},{"type":"keyDown...
07:02:49.153087 POST /session/b3dece3d-73af-4a39-8b8f-21d37408982c/appium/device/hide_keyboard [5.870434ms] ERR:404 body=
07:02:49.699345 POST /session/b3dece3d-73af-4a39-8b8f-21d37408982c/element [545.968353ms] OK body={"strategy":"-android uiautomator","selector":"new UiSelector().resourceIdMatches(\".*login-password...
07:02:49.720758 POST /session/b3dece3d-73af-4a39-8b8f-21d37408982c/element [19.394983ms] OK body={"strategy":"-android uiautomator","selector":"new UiSelector().resourceIdMatches(\".*login-password...
07:02:49.734966 GET /session/b3dece3d-73af-4a39-8b8f-21d37408982c/element/00000000-0000-0014-ffff-ffff00000030/text [14.127836ms] OK body=
07:02:49.744536 GET /session/b3dece3d-73af-4a39-8b8f-21d37408982c/element/00000000-0000-0014-ffff-ffff00000030/rect [9.491998ms] OK body=
07:02:50.194623 POST /session/b3dece3d-73af-4a39-8b8f-21d37408982c/element/00000000-0000-0014-ffff-ffff00000030/click [450.00727ms] OK body=
07:02:50.975979 POST /session/b3dece3d-73af-4a39-8b8f-21d37408982c/actions [781.053926ms] OK body={"actions":[{"actions":[{"type":"keyDown","value":"P"},{"type":"keyUp","value":"P"},{"type":"keyDown...
07:02:50.989920 POST /session/b3dece3d-73af-4a39-8b8f-21d37408982c/appium/device/hide_keyboard [12.775789ms] ERR:404 body=
07:02:51.515684 POST /session/b3dece3d-73af-4a39-8b8f-21d37408982c/element [525.46933ms] OK body={"strategy":"-android uiautomator","selector":"new UiSelector().resourceIdMatches(\".*login-submit-b...
07:02:51.523965 GET /session/b3dece3d-73af-4a39-8b8f-21d37408982c/element/00000000-0000-0014-ffff-ffff00000049/text [8.220917ms] OK body=
07:02:51.535277 GET /session/b3dece3d-73af-4a39-8b8f-21d37408982c/element/00000000-0000-0014-ffff-ffff00000049/rect [11.25344ms] OK body=
07:02:51.564072 POST /session/b3dece3d-73af-4a39-8b8f-21d37408982c/element/00000000-0000-0014-ffff-ffff00000049/click [28.721182ms] OK body=
07:02:51.574449 POST /session/b3dece3d-73af-4a39-8b8f-21d37408982c/element [10.314534ms] OK body={"strategy":"-android uiautomator","selector":"new UiSelector().resourceIdMatches(\".*login-submit-b...
07:02:51.583055 GET /session/b3dece3d-73af-4a39-8b8f-21d37408982c/element/00000000-0000-0014-ffff-ffff00000049/text [8.547608ms] OK body=
07:02:51.621424 GET /session/b3dece3d-73af-4a39-8b8f-21d37408982c/element/00000000-0000-0014-ffff-ffff00000049/rect [38.312299ms] OK body=
07:02:52.257206 POST /session/b3dece3d-73af-4a39-8b8f-21d37408982c/element/00000000-0000-0014-ffff-ffff00000049/click [635.7059ms] OK body=
07:02:52.274757 POST /session/b3dece3d-73af-4a39-8b8f-21d37408982c/element [17.252573ms] ERR:404 body={"strategy":"-android uiautomator","selector":"new UiSelector().resourceIdMatches(\".*COMMUNITY.*\")...
07:02:52.307800 POST /session/b3dece3d-73af-4a39-8b8f-21d37408982c/element [32.91822ms] ERR:404 body={"strategy":"-android uiautomator","selector":"new UiSelector().resourceIdMatches(\".*COMMUNITY.*\")...
07:02:52.993010 POST /session/b3dece3d-73af-4a39-8b8f-21d37408982c/element [685.084373ms] ERR:404 body={"strategy":"-android uiautomator","selector":"new UiSelector().resourceIdMatches(\".*COMMUNITY.*\")...
07:02:53.002495 POST /session/b3dece3d-73af-4a39-8b8f-21d37408982c/element [9.325928ms] ERR:404 body={"strategy":"-android uiautomator","selector":"new UiSelector().resourceIdMatches(\".*COMMUNITY.*\")...
07:02:53.012056 POST /session/b3dece3d-73af-4a39-8b8f-21d37408982c/element [9.448543ms] ERR:404 body={"strategy":"-android uiautomator","selector":"new UiSelector().resourceIdMatches(\".*COMMUNITY.*\")...
07:02:53.020965 POST /session/b3dece3d-73af-4a39-8b8f-21d37408982c/element [8.806288ms] ERR:404 body={"strategy":"-android uiautomator","selector":"new UiSelector().resourceIdMatches(\".*COMMUNITY.*\")...
07:02:53.029847 POST /session/b3dece3d-73af-4a39-8b8f-21d37408982c/element [8.763763ms] ERR:404 body={"strategy":"-android uiautomator","selector":"new UiSelector().resourceIdMatches(\".*COMMUNITY.*\")...
07:02:53.040811 POST /session/b3dece3d-73af-4a39-8b8f-21d37408982c/element [10.860736ms] ERR:404 body={"strategy":"-android uiautomator","selector":"new UiSelector().resourceIdMatches(\".*COMMUNITY.*\")...
07:02:53.051441 POST /session/b3dece3d-73af-4a39-8b8f-21d37408982c/element [10.509397ms] ERR:404 body={"strategy":"-android uiautomator","selector":"new UiSelector().resourceIdMatches(\".*COMMUNITY.*\")...
07:02:53.061664 POST /session/b3dece3d-73af-4a39-8b8f-21d37408982c/element [10.099016ms] ERR:404 body={"strategy":"-android uiautomator","selector":"new UiSelector().resourceIdMatches(\".*COMMUNITY.*\")...
07:02:53.070922 POST /session/b3dece3d-73af-4a39-8b8f-21d37408982c/element [9.162357ms] ERR:404 body={"strategy":"-android uiautomator","selector":"new UiSelector().resourceIdMatches(\".*COMMUNITY.*\")...
07:02:53.080035 POST /session/b3dece3d-73af-4a39-8b8f-21d37408982c/element [8.998697ms] ERR:404 body={"strategy":"-android uiautomator","selector":"new UiSelector().resourceIdMatches(\".*COMMUNITY.*\")...
07:02:53.089722 POST /session/b3dece3d-73af-4a39-8b8f-21d37408982c/element [9.571027ms] ERR:404 body={"strategy":"-android uiautomator","selector":"new UiSelector().resourceIdMatches(\".*COMMUNITY.*\")...
07:02:53.098658 POST /session/b3dece3d-73af-4a39-8b8f-21d37408982c/element [8.801329ms] ERR:404 body={"strategy":"-android uiautomator","selector":"new UiSelector().resourceIdMatches(\".*COMMUNITY.*\")...
07:02:53.108059 POST /session/b3dece3d-73af-4a39-8b8f-21d37408982c/element [9.181466ms] ERR:404 body={"strategy":"-android uiautomator","selector":"new UiSelector().resourceIdMatches(\".*COMMUNITY.*\")...
07:02:53.116556 POST /session/b3dece3d-73af-4a39-8b8f-21d37408982c/element [8.373571ms] ERR:404 body={"strategy":"-android uiautomator","selector":"new UiSelector().resourceIdMatches(\".*COMMUNITY.*\")...
07:02:53.125240 POST /session/b3dece3d-73af-4a39-8b8f-21d37408982c/element [8.602651ms] ERR:404 body={"strategy":"-android uiautomator","selector":"new UiSelector().resourceIdMatches(\".*COMMUNITY.*\")...
07:02:53.133909 POST /session/b3dece3d-73af-4a39-8b8f-21d37408982c/element [8.576972ms] ERR:404 body={"strategy":"-android uiautomator","selector":"new UiSelector().resourceIdMatches(\".*COMMUNITY.*\")...
07:02:53.144401 POST /session/b3dece3d-73af-4a39-8b8f-21d37408982c/element [10.400914ms] ERR:404 body={"strategy":"-android uiautomator","selector":"new UiSelector().resourceIdMatches(\".*COMMUNITY.*\")...
07:02:53.156634 POST /session/b3dece3d-73af-4a39-8b8f-21d37408982c/element [12.139367ms] ERR:404 body={"strategy":"-android uiautomator","selector":"new UiSelector().resourceIdMatches(\".*COMMUNITY.*\")...
07:02:53.168485 POST /session/b3dece3d-73af-4a39-8b8f-21d37408982c/element [11.740557ms] ERR:404 body={"strategy":"-android uiautomator","selector":"new UiSelector().resourceIdMatches(\".*COMMUNITY.*\")...
07:02:53.179585 POST /session/b3dece3d-73af-4a39-8b8f-21d37408982c/element [11.00992ms] ERR:404 body={"strategy":"-android uiautomator","selector":"new UiSelector().resourceIdMatches(\".*COMMUNITY.*\")...
07:02:53.189968 POST /session/b3dece3d-73af-4a39-8b8f-21d37408982c/element [10.249612ms] ERR:404 body={"strategy":"-android uiautomator","selector":"new UiSelector().resourceIdMatches(\".*COMMUNITY.*\")...
07:02:53.200056 POST /session/b3dece3d-73af-4a39-8b8f-21d37408982c/element [9.937858ms] ERR:404 body={"strategy":"-android uiautomator","selector":"new UiSelector().resourceIdMatches(\".*COMMUNITY.*\")...
07:02:53.209634 POST /session/b3dece3d-73af-4a39-8b8f-21d37408982c/element [9.456494ms] ERR:404 body={"strategy":"-android uiautomator","selector":"new UiSelector().resourceIdMatches(\".*COMMUNITY.*\")...
07:02:53.218963 POST /session/b3dece3d-73af-4a39-8b8f-21d37408982c/element [9.203063ms] ERR:404 body={"strategy":"-android uiautomator","selector":"new UiSelector().resourceIdMatches(\".*COMMUNITY.*\")...
07:02:53.228361 POST /session/b3dece3d-73af-4a39-8b8f-21d37408982c/element [9.273274ms] ERR:404 body={"strategy":"-android uiautomator","selector":"new UiSelector().resourceIdMatches(\".*COMMUNITY.*\")...
07:02:53.237149 POST /session/b3dece3d-73af-4a39-8b8f-21d37408982c/element [8.674514ms] ERR:404 body={"strategy":"-android uiautomator","selector":"new UiSelector().resourceIdMatches(\".*COMMUNITY.*\")...
07:02:53.246319 POST /session/b3dece3d-73af-4a39-8b8f-21d37408982c/element [9.063384ms] ERR:404 body={"strategy":"-android uiautomator","selector":"new UiSelector().resourceIdMatches(\".*COMMUNITY.*\")...
07:02:53.255701 POST /session/b3dece3d-73af-4a39-8b8f-21d37408982c/element [9.273008ms] ERR:404 body={"strategy":"-android uiautomator","selector":"new UiSelector().resourceIdMatches(\".*COMMUNITY.*\")...
07:02:53.265932 POST /session/b3dece3d-73af-4a39-8b8f-21d37408982c/element [10.124708ms] ERR:404 body={"strategy":"-android uiautomator","selector":"new UiSelector().resourceIdMatches(\".*COMMUNITY.*\")...
07:02:53.275978 POST /session/b3dece3d-73af-4a39-8b8f-21d37408982c/element [9.906781ms] ERR:404 body={"strategy":"-android uiautomator","selector":"new UiSelector().resourceIdMatches(\".*COMMUNITY.*\")...
07:02:53.285586 POST /session/b3dece3d-73af-4a39-8b8f-21d37408982c/element [9.505408ms] ERR:404 body={"strategy":"-android uiautomator","selector":"new UiSelector().resourceIdMatches(\".*COMMUNITY.*\")...
07:02:53.295064 POST /session/b3dece3d-73af-4a39-8b8f-21d37408982c/element [9.339093ms] ERR:404 body={"strategy":"-android uiautomator","selector":"new UiSelector().resourceIdMatches(\".*COMMUNITY.*\")...
07:02:53.304827 POST /session/b3dece3d-73af-4a39-8b8f-21d37408982c/element [9.646134ms] ERR:404 body={"strategy":"-android uiautomator","selector":"new UiSelector().resourceIdMatches(\".*COMMUNITY.*\")...
07:02:53.314479 POST /session/b3dece3d-73af-4a39-8b8f-21d37408982c/element [9.538508ms] ERR:404 body={"strategy":"-android uiautomator","selector":"new UiSelector().resourceIdMatches(\".*COMMUNITY.*\")...
07:02:53.324390 POST /session/b3dece3d-73af-4a39-8b8f-21d37408982c/element [9.796957ms] ERR:404 body={"strategy":"-android uiautomator","selector":"new UiSelector().resourceIdMatches(\".*COMMUNITY.*\")...
07:02:53.334007 POST /session/b3dece3d-73af-4a39-8b8f-21d37408982c/element [9.496174ms] ERR:404 body={"strategy":"-android uiautomator","selector":"new UiSelector().resourceIdMatches(\".*COMMUNITY.*\")...
07:02:53.351852 POST /session/b3dece3d-73af-4a39-8b8f-21d37408982c/element [17.71933ms] ERR:404 body={"strategy":"-android uiautomator","selector":"new UiSelector().resourceIdMatches(\".*COMMUNITY.*\")...
07:02:53.362126 POST /session/b3dece3d-73af-4a39-8b8f-21d37408982c/element [10.156326ms] ERR:404 body={"strategy":"-android uiautomator","selector":"new UiSelector().resourceIdMatches(\".*COMMUNITY.*\")...
07:02:53.371685 POST /session/b3dece3d-73af-4a39-8b8f-21d37408982c/element [9.41764ms] ERR:404 body={"strategy":"-android uiautomator","selector":"new UiSelector().resourceIdMatches(\".*COMMUNITY.*\")...
07:02:53.380985 POST /session/b3dece3d-73af-4a39-8b8f-21d37408982c/element [9.182222ms] ERR:404 body={"strategy":"-android uiautomator","selector":"new UiSelector().resourceIdMatches(\".*COMMUNITY.*\")...
07:02:53.390283 POST /session/b3dece3d-73af-4a39-8b8f-21d37408982c/element [9.157344ms] ERR:404 body={"strategy":"-android uiautomator","selector":"new UiSelector().resourceIdMatches(\".*COMMUNITY.*\")...
07:02:53.399502 POST /session/b3dece3d-73af-4a39-8b8f-21d37408982c/element [9.099984ms] ERR:404 body={"strategy":"-android uiautomator","selector":"new UiSelector().resourceIdMatches(\".*COMMUNITY.*\")...
07:02:53.409117 POST /session/b3dece3d-73af-4a39-8b8f-21d37408982c/element [9.508728ms] ERR:404 body={"strategy":"-android uiautomator","selector":"new UiSelector().resourceIdMatches(\".*COMMUNITY.*\")...
07:02:53.419122 POST /session/b3dece3d-73af-4a39-8b8f-21d37408982c/element [9.906802ms] ERR:404 body={"strategy":"-android uiautomator","selector":"new UiSelector().resourceIdMatches(\".*COMMUNITY.*\")...
07:02:53.429826 POST /session/b3dece3d-73af-4a39-8b8f-21d37408982c/element [10.595917ms] ERR:404 body={"strategy":"-android uiautomator","selector":"new UiSelector().resourceIdMatches(\".*COMMUNITY.*\")...
07:02:53.439906 POST /session/b3dece3d-73af-4a39-8b8f-21d37408982c/element [9.967342ms] ERR:404 body={"strategy":"-android uiautomator","selector":"new UiSelector().resourceIdMatches(\".*COMMUNITY.*\")...
07:02:53.449544 POST /session/b3dece3d-73af-4a39-8b8f-21d37408982c/element [9.520671ms] ERR:404 body={"strategy":"-android uiautomator","selector":"new UiSelector().resourceIdMatches(\".*COMMUNITY.*\")...
07:02:53.458922 POST /session/b3dece3d-73af-4a39-8b8f-21d37408982c/element [9.247672ms] ERR:404 body={"strategy":"-android uiautomator","selector":"new UiSelector().resourceIdMatches(\".*COMMUNITY.*\")...
07:02:53.468727 POST /session/b3dece3d-73af-4a39-8b8f-21d37408982c/element [9.688885ms] ERR:404 body={"strategy":"-android uiautomator","selector":"new UiSelector().resourceIdMatches(\".*COMMUNITY.*\")...
07:02:53.477812 POST /session/b3dece3d-73af-4a39-8b8f-21d37408982c/element [8.967364ms] ERR:404 body={"strategy":"-android uiautomator","selector":"new UiSelector().resourceIdMatches(\".*COMMUNITY.*\")...
07:02:53.487178 POST /session/b3dece3d-73af-4a39-8b8f-21d37408982c/element [9.267701ms] ERR:404 body={"strategy":"-android uiautomator","selector":"new UiSelector().resourceIdMatches(\".*COMMUNITY.*\")...
07:02:53.496860 POST /session/b3dece3d-73af-4a39-8b8f-21d37408982c/element [9.541421ms] ERR:404 body={"strategy":"-android uiautomator","selector":"new UiSelector().resourceIdMatches(\".*COMMUNITY.*\")...
07:02:53.506068 POST /session/b3dece3d-73af-4a39-8b8f-21d37408982c/element [9.082245ms] ERR:404 body={"strategy":"-android uiautomator","selector":"new UiSelector().resourceIdMatches(\".*COMMUNITY.*\")...
07:02:53.515105 POST /session/b3dece3d-73af-4a39-8b8f-21d37408982c/element [8.94685ms] ERR:404 body={"strategy":"-android uiautomator","selector":"new UiSelector().resourceIdMatches(\".*COMMUNITY.*\")...
07:02:53.526030 POST /session/b3dece3d-73af-4a39-8b8f-21d37408982c/element [10.808364ms] ERR:404 body={"strategy":"-android uiautomator","selector":"new UiSelector().resourceIdMatches(\".*COMMUNITY.*\")...
07:02:53.537961 POST /session/b3dece3d-73af-4a39-8b8f-21d37408982c/element [11.830814ms] ERR:404 body={"strategy":"-android uiautomator","selector":"new UiSelector().resourceIdMatches(\".*COMMUNITY.*\")...
07:02:53.547430 POST /session/b3dece3d-73af-4a39-8b8f-21d37408982c/element [9.360071ms] ERR:404 body={"strategy":"-android uiautomator","selector":"new UiSelector().resourceIdMatches(\".*COMMUNITY.*\")...
07:02:53.556046 POST /session/b3dece3d-73af-4a39-8b8f-21d37408982c/element [8.522781ms] ERR:404 body={"strategy":"-android uiautomator","selector":"new UiSelector().resourceIdMatches(\".*COMMUNITY.*\")...
07:02:53.564416 POST /session/b3dece3d-73af-4a39-8b8f-21d37408982c/element [8.288611ms] ERR:404 body={"strategy":"-android uiautomator","selector":"new UiSelector().resourceIdMatches(\".*COMMUNITY.*\")...
07:02:53.573842 POST /session/b3dece3d-73af-4a39-8b8f-21d37408982c/element [9.312574ms] ERR:404 body={"strategy":"-android uiautomator","selector":"new UiSelector().resourceIdMatches(\".*COMMUNITY.*\")...
07:02:53.584308 POST /session/b3dece3d-73af-4a39-8b8f-21d37408982c/element [10.294379ms] ERR:404 body={"strategy":"-android uiautomator","selector":"new UiSelector().resourceIdMatches(\".*COMMUNITY.*\")...
07:02:53.594799 POST /session/b3dece3d-73af-4a39-8b8f-21d37408982c/element [10.350275ms] ERR:404 body={"strategy":"-android uiautomator","selector":"new UiSelector().resourceIdMatches(\".*COMMUNITY.*\")...
07:02:53.605369 POST /session/b3dece3d-73af-4a39-8b8f-21d37408982c/element [10.428837ms] ERR:404 body={"strategy":"-android uiautomator","selector":"new UiSelector().resourceIdMatches(\".*COMMUNITY.*\")...
07:02:53.615579 POST /session/b3dece3d-73af-4a39-8b8f-21d37408982c/element [10.119505ms] ERR:404 body={"strategy":"-android uiautomator","selector":"new UiSelector().resourceIdMatches(\".*COMMUNITY.*\")...
07:02:53.626735 POST /session/b3dece3d-73af-4a39-8b8f-21d37408982c/element [11.076869ms] ERR:404 body={"strategy":"-android uiautomator","selector":"new UiSelector().resourceIdMatches(\".*COMMUNITY.*\")...
07:02:53.637955 POST /session/b3dece3d-73af-4a39-8b8f-21d37408982c/element [11.136426ms] ERR:404 body={"strategy":"-android uiautomator","selector":"new UiSelector().resourceIdMatches(\".*COMMUNITY.*\")...
07:02:53.648408 POST /session/b3dece3d-73af-4a39-8b8f-21d37408982c/element [10.360315ms] ERR:404 body={"strategy":"-android uiautomator","selector":"new UiSelector().resourceIdMatches(\".*COMMUNITY.*\")...
07:02:53.659578 POST /session/b3dece3d-73af-4a39-8b8f-21d37408982c/element [11.080044ms] ERR:404 body={"strategy":"-android uiautomator","selector":"new UiSelector().resourceIdMatches(\".*COMMUNITY.*\")...
07:02:53.670168 POST /session/b3dece3d-73af-4a39-8b8f-21d37408982c/element [10.46141ms] ERR:404 body={"strategy":"-android uiautomator","selector":"new UiSelector().resourceIdMatches(\".*COMMUNITY.*\")...
07:02:53.681007 POST /session/b3dece3d-73af-4a39-8b8f-21d37408982c/element [10.746107ms] ERR:404 body={"strategy":"-android uiautomator","selector":"new UiSelector().resourceIdMatches(\".*COMMUNITY.*\")...
07:02:53.690363 POST /session/b3dece3d-73af-4a39-8b8f-21d37408982c/element [9.248815ms] ERR:404 body={"strategy":"-android uiautomator","selector":"new UiSelector().resourceIdMatches(\".*COMMUNITY.*\")...
07:02:53.701695 POST /session/b3dece3d-73af-4a39-8b8f-21d37408982c/element [11.210095ms] ERR:404 body={"strategy":"-android uiautomator","selector":"new UiSelector().resourceIdMatches(\".*COMMUNITY.*\")...
07:02:53.714402 POST /session/b3dece3d-73af-4a39-8b8f-21d37408982c/element [12.606223ms] ERR:404 body={"strategy":"-android uiautomator","selector":"new UiSelector().resourceIdMatches(\".*COMMUNITY.*\")...
07:02:53.727593 POST /session/b3dece3d-73af-4a39-8b8f-21d37408982c/element [13.073267ms] ERR:404 body={"strategy":"-android uiautomator","selector":"new UiSelector().resourceIdMatches(\".*COMMUNITY.*\")...
07:02:53.740199 POST /session/b3dece3d-73af-4a39-8b8f-21d37408982c/element [12.491517ms] ERR:404 body={"strategy":"-android uiautomator","selector":"new UiSelector().resourceIdMatches(\".*COMMUNITY.*\")...
07:02:53.752284 POST /session/b3dece3d-73af-4a39-8b8f-21d37408982c/element [11.981829ms] ERR:404 body={"strategy":"-android uiautomator","selector":"new UiSelector().resourceIdMatches(\".*COMMUNITY.*\")...
07:02:53.761796 POST /session/b3dece3d-73af-4a39-8b8f-21d37408982c/element [9.386164ms] ERR:404 body={"strategy":"-android uiautomator","selector":"new UiSelector().resourceIdMatches(\".*COMMUNITY.*\")...
07:02:53.771949 POST /session/b3dece3d-73af-4a39-8b8f-21d37408982c/element [10.044613ms] ERR:404 body={"strategy":"-android uiautomator","selector":"new UiSelector().resourceIdMatches(\".*COMMUNITY.*\")...
07:02:53.783121 POST /session/b3dece3d-73af-4a39-8b8f-21d37408982c/element [11.061755ms] ERR:404 body={"strategy":"-android uiautomator","selector":"new UiSelector().resourceIdMatches(\".*COMMUNITY.*\")...
07:02:53.793405 POST /session/b3dece3d-73af-4a39-8b8f-21d37408982c/element [10.159424ms] ERR:404 body={"strategy":"-android uiautomator","selector":"new UiSelector().resourceIdMatches(\".*COMMUNITY.*\")...
07:02:53.804034 POST /session/b3dece3d-73af-4a39-8b8f-21d37408982c/element [10.502166ms] ERR:404 body={"strategy":"-android uiautomator","selector":"new UiSelector().resourceIdMatches(\".*COMMUNITY.*\")...
07:02:53.814521 POST /session/b3dece3d-73af-4a39-8b8f-21d37408982c/element [10.35704ms] ERR:404 body={"strategy":"-android uiautomator","selector":"new UiSelector().resourceIdMatches(\".*COMMUNITY.*\")...
07:02:53.824607 POST /session/b3dece3d-73af-4a39-8b8f-21d37408982c/element [9.977544ms] ERR:404 body={"strategy":"-android uiautomator","selector":"new UiSelector().resourceIdMatches(\".*COMMUNITY.*\")...
07:02:53.834613 POST /session/b3dece3d-73af-4a39-8b8f-21d37408982c/element [9.868126ms] ERR:404 body={"strategy":"-android uiautomator","selector":"new UiSelector().resourceIdMatches(\".*COMMUNITY.*\")...
07:02:53.844699 POST /session/b3dece3d-73af-4a39-8b8f-21d37408982c/element [9.960115ms] ERR:404 body={"strategy":"-android uiautomator","selector":"new UiSelector().resourceIdMatches(\".*COMMUNITY.*\")...
07:02:53.854432 POST /session/b3dece3d-73af-4a39-8b8f-21d37408982c/element [9.613212ms] ERR:404 body={"strategy":"-android uiautomator","selector":"new UiSelector().resourceIdMatches(\".*COMMUNITY.*\")...
07:02:53.864316 POST /session/b3dece3d-73af-4a39-8b8f-21d37408982c/element [9.765249ms] ERR:404 body={"strategy":"-android uiautomator","selector":"new UiSelector().resourceIdMatches(\".*COMMUNITY.*\")...
07:02:53.873545 POST /session/b3dece3d-73af-4a39-8b8f-21d37408982c/element [9.118348ms] ERR:404 body={"strategy":"-android uiautomator","selector":"new UiSelector().resourceIdMatches(\".*COMMUNITY.*\")...
07:02:53.882760 POST /session/b3dece3d-73af-4a39-8b8f-21d37408982c/element [9.09419ms] ERR:404 body={"strategy":"-android uiautomator","selector":"new UiSelector().resourceIdMatches(\".*COMMUNITY.*\")...
07:02:53.892296 POST /session/b3dece3d-73af-4a39-8b8f-21d37408982c/element [9.419207ms] ERR:404 body={"strategy":"-android uiautomator","selector":"new UiSelector().resourceIdMatches(\".*COMMUNITY.*\")...
07:02:53.901708 POST /session/b3dece3d-73af-4a39-8b8f-21d37408982c/element [9.289257ms] ERR:404 body={"strategy":"-android uiautomator","selector":"new UiSelector().resourceIdMatches(\".*COMMUNITY.*\")...
07:02:53.911300 POST /session/b3dece3d-73af-4a39-8b8f-21d37408982c/element [9.472904ms] ERR:404 body={"strategy":"-android uiautomator","selector":"new UiSelector().resourceIdMatches(\".*COMMUNITY.*\")...
07:02:53.920300 POST /session/b3dece3d-73af-4a39-8b8f-21d37408982c/element [8.880422ms] ERR:404 body={"strategy":"-android uiautomator","selector":"new UiSelector().resourceIdMatches(\".*COMMUNITY.*\")...
07:02:53.930087 POST /session/b3dece3d-73af-4a39-8b8f-21d37408982c/element [9.666979ms] ERR:404 body={"strategy":"-android uiautomator","selector":"new UiSelector().resourceIdMatches(\".*COMMUNITY.*\")...
07:02:53.939783 POST /session/b3dece3d-73af-4a39-8b8f-21d37408982c/element [9.578581ms] ERR:404 body={"strategy":"-android uiautomator","selector":"new UiSelector().resourceIdMatches(\".*COMMUNITY.*\")...
07:02:53.951242 POST /session/b3dece3d-73af-4a39-8b8f-21d37408982c/element [11.340758ms] ERR:404 body={"strategy":"-android uiautomator","selector":"new UiSelector().resourceIdMatches(\".*COMMUNITY.*\")...
07:02:53.960805 POST /session/b3dece3d-73af-4a39-8b8f-21d37408982c/element [9.448695ms] ERR:404 body={"strategy":"-android uiautomator","selector":"new UiSelector().resourceIdMatches(\".*COMMUNITY.*\")...
07:02:53.970178 POST /session/b3dece3d-73af-4a39-8b8f-21d37408982c/element [9.260589ms] ERR:404 body={"strategy":"-android uiautomator","selector":"new UiSelector().resourceIdMatches(\".*COMMUNITY.*\")...
07:02:53.980975 POST /session/b3dece3d-73af-4a39-8b8f-21d37408982c/element [10.664019ms] ERR:404 body={"strategy":"-android uiautomator","selector":"new UiSelector().resourceIdMatches(\".*COMMUNITY.*\")...
07:02:53.990394 POST /session/b3dece3d-73af-4a39-8b8f-21d37408982c/element [9.296608ms] ERR:404 body={"strategy":"-android uiautomator","selector":"new UiSelector().resourceIdMatches(\".*COMMUNITY.*\")...
07:02:54.000676 POST /session/b3dece3d-73af-4a39-8b8f-21d37408982c/element [10.12927ms] ERR:404 body={"strategy":"-android uiautomator","selector":"new UiSelector().resourceIdMatches(\".*COMMUNITY.*\")...
07:02:54.010034 POST /session/b3dece3d-73af-4a39-8b8f-21d37408982c/element [9.242615ms] ERR:404 body={"strategy":"-android uiautomator","selector":"new UiSelector().resourceIdMatches(\".*COMMUNITY.*\")...
07:02:54.019437 POST /session/b3dece3d-73af-4a39-8b8f-21d37408982c/element [9.291506ms] ERR:404 body={"strategy":"-android uiautomator","selector":"new UiSelector().resourceIdMatches(\".*COMMUNITY.*\")...
07:02:54.029862 POST /session/b3dece3d-73af-4a39-8b8f-21d37408982c/element [10.325769ms] ERR:404 body={"strategy":"-android uiautomator","selector":"new UiSelector().resourceIdMatches(\".*COMMUNITY.*\")...
07:02:54.041614 POST /session/b3dece3d-73af-4a39-8b8f-21d37408982c/element [11.629898ms] ERR:404 body={"strategy":"-android uiautomator","selector":"new UiSelector().resourceIdMatches(\".*COMMUNITY.*\")...
07:02:54.053205 POST /session/b3dece3d-73af-4a39-8b8f-21d37408982c/element [11.46487ms] ERR:404 body={"strategy":"-android uiautomator","selector":"new UiSelector().resourceIdMatches(\".*COMMUNITY.*\")...
07:02:54.061599 POST /session/b3dece3d-73af-4a39-8b8f-21d37408982c/element [8.286608ms] ERR:404 body={"strategy":"-android uiautomator","selector":"new UiSelector().resourceIdMatches(\".*COMMUNITY.*\")...
07:02:54.070217 POST /session/b3dece3d-73af-4a39-8b8f-21d37408982c/element [8.504121ms] ERR:404 body={"strategy":"-android uiautomator","selector":"new UiSelector().resourceIdMatches(\".*COMMUNITY.*\")...
07:02:54.078557 POST /session/b3dece3d-73af-4a39-8b8f-21d37408982c/element [8.261937ms] ERR:404 body={"strategy":"-android uiautomator","selector":"new UiSelector().resourceIdMatches(\".*COMMUNITY.*\")...
07:02:54.086481 POST /session/b3dece3d-73af-4a39-8b8f-21d37408982c/element [7.818037ms] ERR:404 body={"strategy":"-android uiautomator","selector":"new UiSelector().resourceIdMatches(\".*COMMUNITY.*\")...
07:02:54.094259 POST /session/b3dece3d-73af-4a39-8b8f-21d37408982c/element [7.67236ms] ERR:404 body={"strategy":"-android uiautomator","selector":"new UiSelector().resourceIdMatches(\".*COMMUNITY.*\")...
07:02:54.102364 POST /session/b3dece3d-73af-4a39-8b8f-21d37408982c/element [7.987632ms] ERR:404 body={"strategy":"-android uiautomator","selector":"new UiSelector().resourceIdMatches(\".*COMMUNITY.*\")...
07:02:54.111724 POST /session/b3dece3d-73af-4a39-8b8f-21d37408982c/element [9.245685ms] ERR:404 body={"strategy":"-android uiautomator","selector":"new UiSelector().resourceIdMatches(\".*COMMUNITY.*\")...
07:02:54.120302 POST /session/b3dece3d-73af-4a39-8b8f-21d37408982c/element [8.458778ms] ERR:404 body={"strategy":"-android uiautomator","selector":"new UiSelector().resourceIdMatches(\".*COMMUNITY.*\")...
07:02:54.129212 POST /session/b3dece3d-73af-4a39-8b8f-21d37408982c/element [8.791959ms] ERR:404 body={"strategy":"-android uiautomator","selector":"new UiSelector().resourceIdMatches(\".*COMMUNITY.*\")...
07:02:54.138044 POST /session/b3dece3d-73af-4a39-8b8f-21d37408982c/element [8.70655ms] ERR:404 body={"strategy":"-android uiautomator","selector":"new UiSelector().resourceIdMatches(\".*COMMUNITY.*\")...
07:02:54.147943 POST /session/b3dece3d-73af-4a39-8b8f-21d37408982c/element [9.774795ms] ERR:404 body={"strategy":"-android uiautomator","selector":"new UiSelector().resourceIdMatches(\".*COMMUNITY.*\")...
07:02:54.158871 POST /session/b3dece3d-73af-4a39-8b8f-21d37408982c/element [10.623572ms] ERR:404 body={"strategy":"-android uiautomator","selector":"new UiSelector().resourceIdMatches(\".*COMMUNITY.*\")...
07:02:54.169104 POST /session/b3dece3d-73af-4a39-8b8f-21d37408982c/element [10.090007ms] ERR:404 body={"strategy":"-android uiautomator","selector":"new UiSelector().resourceIdMatches(\".*COMMUNITY.*\")...
07:02:54.178864 POST /session/b3dece3d-73af-4a39-8b8f-21d37408982c/element [9.644944ms] ERR:404 body={"strategy":"-android uiautomator","selector":"new UiSelector().resourceIdMatches(\".*COMMUNITY.*\")...
07:02:54.186976 POST /session/b3dece3d-73af-4a39-8b8f-21d37408982c/element [8.01099ms] ERR:404 body={"strategy":"-android uiautomator","selector":"new UiSelector().resourceIdMatches(\".*COMMUNITY.*\")...
07:02:54.195331 POST /session/b3dece3d-73af-4a39-8b8f-21d37408982c/element [8.246778ms] ERR:404 body={"strategy":"-android uiautomator","selector":"new UiSelector().resourceIdMatches(\".*COMMUNITY.*\")...
07:02:54.203341 POST /session/b3dece3d-73af-4a39-8b8f-21d37408982c/element [7.894376ms] ERR:404 body={"strategy":"-android uiautomator","selector":"new UiSelector().resourceIdMatches(\".*COMMUNITY.*\")...
07:02:54.214010 POST /session/b3dece3d-73af-4a39-8b8f-21d37408982c/element [10.58168ms] ERR:404 body={"strategy":"-android uiautomator","selector":"new UiSelector().resourceIdMatches(\".*COMMUNITY.*\")...
07:02:54.221738 POST /session/b3dece3d-73af-4a39-8b8f-21d37408982c/element [7.618082ms] ERR:404 body={"strategy":"-android uiautomator","selector":"new UiSelector().resourceIdMatches(\".*COMMUNITY.*\")...
07:02:54.230130 POST /session/b3dece3d-73af-4a39-8b8f-21d37408982c/element [8.2909ms] ERR:404 body={"strategy":"-android uiautomator","selector":"new UiSelector().resourceIdMatches(\".*COMMUNITY.*\")...
07:02:54.238493 POST /session/b3dece3d-73af-4a39-8b8f-21d37408982c/element [8.273156ms] ERR:404 body={"strategy":"-android uiautomator","selector":"new UiSelector().resourceIdMatches(\".*COMMUNITY.*\")...
07:02:54.246163 POST /session/b3dece3d-73af-4a39-8b8f-21d37408982c/element [7.583501ms] ERR:404 body={"strategy":"-android uiautomator","selector":"new UiSelector().resourceIdMatches(\".*COMMUNITY.*\")...
07:02:54.253487 POST /session/b3dece3d-73af-4a39-8b8f-21d37408982c/element [7.236126ms] ERR:404 body={"strategy":"-android uiautomator","selector":"new UiSelector().resourceIdMatches(\".*COMMUNITY.*\")...
07:02:54.261243 POST /session/b3dece3d-73af-4a39-8b8f-21d37408982c/element [7.660225ms] ERR:404 body={"strategy":"-android uiautomator","selector":"new UiSelector().resourceIdMatches(\".*COMMUNITY.*\")...
07:02:54.273915 POST /session/b3dece3d-73af-4a39-8b8f-21d37408982c/element [12.586341ms] ERR:404 body={"strategy":"-android uiautomator","selector":"new UiSelector().resourceIdMatches(\".*COMMUNITY.*\")...
07:02:54.294187 POST /session/b3dece3d-73af-4a39-8b8f-21d37408982c/element [20.169356ms] ERR:404 body={"strategy":"-android uiautomator","selector":"new UiSelector().resourceIdMatches(\".*COMMUNITY.*\")...
07:02:54.319514 POST /session/b3dece3d-73af-4a39-8b8f-21d37408982c/element [25.213092ms] ERR:404 body={"strategy":"-android uiautomator","selector":"new UiSelector().resourceIdMatches(\".*COMMUNITY.*\")...
07:02:54.356888 POST /session/b3dece3d-73af-4a39-8b8f-21d37408982c/element [37.256176ms] ERR:404 body={"strategy":"-android uiautomator","selector":"new UiSelector().resourceIdMatches(\".*COMMUNITY.*\")...
07:02:54.940695 POST /session/b3dece3d-73af-4a39-8b8f-21d37408982c/element [583.702338ms] ERR:404 body={"strategy":"-android uiautomator","selector":"new UiSelector().resourceIdMatches(\".*COMMUNITY.*\")...
07:02:54.950305 POST /session/b3dece3d-73af-4a39-8b8f-21d37408982c/element [9.476135ms] ERR:404 body={"strategy":"-android uiautomator","selector":"new UiSelector().resourceIdMatches(\".*COMMUNITY.*\")...
07:02:54.960012 POST /session/b3dece3d-73af-4a39-8b8f-21d37408982c/element [9.590391ms] ERR:404 body={"strategy":"-android uiautomator","selector":"new UiSelector().resourceIdMatches(\".*COMMUNITY.*\")...
07:02:54.969023 POST /session/b3dece3d-73af-4a39-8b8f-21d37408982c/element [8.92707ms] ERR:404 body={"strategy":"-android uiautomator","selector":"new UiSelector().resourceIdMatches(\".*COMMUNITY.*\")...
07:02:54.978524 POST /session/b3dece3d-73af-4a39-8b8f-21d37408982c/element [9.406156ms] ERR:404 body={"strategy":"-android uiautomator","selector":"new UiSelector().resourceIdMatches(\".*COMMUNITY.*\")...
07:02:54.988402 POST /session/b3dece3d-73af-4a39-8b8f-21d37408982c/element [9.764409ms] ERR:404 body={"strategy":"-android uiautomator","selector":"new UiSelector().resourceIdMatches(\".*COMMUNITY.*\")...
07:02:55.006240 POST /session/b3dece3d-73af-4a39-8b8f-21d37408982c/element [17.70864ms] ERR:404 body={"strategy":"-android uiautomator","selector":"new UiSelector().resourceIdMatches(\".*COMMUNITY.*\")...
07:02:55.014808 POST /session/b3dece3d-73af-4a39-8b8f-21d37408982c/element [8.451695ms] ERR:404 body={"strategy":"-android uiautomator","selector":"new UiSelector().resourceIdMatches(\".*COMMUNITY.*\")...
07:02:55.022262 POST /session/b3dece3d-73af-4a39-8b8f-21d37408982c/element [7.346904ms] ERR:404 body={"strategy":"-android uiautomator","selector":"new UiSelector().resourceIdMatches(\".*COMMUNITY.*\")...
07:02:55.031571 POST /session/b3dece3d-73af-4a39-8b8f-21d37408982c/element [9.198618ms] ERR:404 body={"strategy":"-android uiautomator","selector":"new UiSelector().resourceIdMatches(\".*COMMUNITY.*\")...
07:02:55.040591 POST /session/b3dece3d-73af-4a39-8b8f-21d37408982c/element [8.932838ms] ERR:404 body={"strategy":"-android uiautomator","selector":"new UiSelector().resourceIdMatches(\".*COMMUNITY.*\")...
07:02:55.056123 POST /session/b3dece3d-73af-4a39-8b8f-21d37408982c/element [15.416895ms] ERR:404 body={"strategy":"-android uiautomator","selector":"new UiSelector().resourceIdMatches(\".*COMMUNITY.*\")...
07:02:55.067594 POST /session/b3dece3d-73af-4a39-8b8f-21d37408982c/element [11.359095ms] ERR:404 body={"strategy":"-android uiautomator","selector":"new UiSelector().resourceIdMatches(\".*COMMUNITY.*\")...
07:02:55.078638 POST /session/b3dece3d-73af-4a39-8b8f-21d37408982c/element [10.921813ms] ERR:404 body={"strategy":"-android uiautomator","selector":"new UiSelector().resourceIdMatches(\".*COMMUNITY.*\")...
07:02:55.088054 POST /session/b3dece3d-73af-4a39-8b8f-21d37408982c/element [9.281318ms] ERR:404 body={"strategy":"-android uiautomator","selector":"new UiSelector().resourceIdMatches(\".*COMMUNITY.*\")...
07:02:55.097241 POST /session/b3dece3d-73af-4a39-8b8f-21d37408982c/element [9.09702ms] ERR:404 body={"strategy":"-android uiautomator","selector":"new UiSelector().resourceIdMatches(\".*COMMUNITY.*\")...
07:02:55.105230 POST /session/b3dece3d-73af-4a39-8b8f-21d37408982c/element [7.869466ms] ERR:404 body={"strategy":"-android uiautomator","selector":"new UiSelector().resourceIdMatches(\".*COMMUNITY.*\")...
07:02:55.113201 POST /session/b3dece3d-73af-4a39-8b8f-21d37408982c/element [7.871548ms] ERR:404 body={"strategy":"-android uiautomator","selector":"new UiSelector().resourceIdMatches(\".*COMMUNITY.*\")...
07:02:55.124843 POST /session/b3dece3d-73af-4a39-8b8f-21d37408982c/element [11.510218ms] ERR:404 body={"strategy":"-android uiautomator","selector":"new UiSelector().resourceIdMatches(\".*COMMUNITY.*\")...
07:02:55.135758 POST /session/b3dece3d-73af-4a39-8b8f-21d37408982c/element [10.795739ms] ERR:404 body={"strategy":"-android uiautomator","selector":"new UiSelector().resourceIdMatches(\".*COMMUNITY.*\")...
07:02:55.154816 POST /session/b3dece3d-73af-4a39-8b8f-21d37408982c/element [18.960106ms] ERR:404 body={"strategy":"-android uiautomator","selector":"new UiSelector().resourceIdMatches(\".*COMMUNITY.*\")...
07:02:55.197814 POST /session/b3dece3d-73af-4a39-8b8f-21d37408982c/element [42.88718ms] ERR:404 body={"strategy":"-android uiautomator","selector":"new UiSelector().resourceIdMatches(\".*COMMUNITY.*\")...
07:02:55.207129 POST /session/b3dece3d-73af-4a39-8b8f-21d37408982c/element [9.201663ms] ERR:404 body={"strategy":"-android uiautomator","selector":"new UiSelector().resourceIdMatches(\".*COMMUNITY.*\")...
07:02:55.228475 POST /session/b3dece3d-73af-4a39-8b8f-21d37408982c/element [21.252458ms] ERR:404 body={"strategy":"-android uiautomator","selector":"new UiSelector().resourceIdMatches(\".*COMMUNITY.*\")...
07:02:55.238731 POST /session/b3dece3d-73af-4a39-8b8f-21d37408982c/element [10.126182ms] ERR:404 body={"strategy":"-android uiautomator","selector":"new UiSelector().resourceIdMatches(\".*COMMUNITY.*\")...
07:02:55.251688 POST /session/b3dece3d-73af-4a39-8b8f-21d37408982c/element [12.837053ms] ERR:404 body={"strategy":"-android uiautomator","selector":"new UiSelector().resourceIdMatches(\".*COMMUNITY.*\")...
07:02:55.265670 POST /session/b3dece3d-73af-4a39-8b8f-21d37408982c/element [13.435291ms] ERR:404 body={"strategy":"-android uiautomator","selector":"new UiSelector().resourceIdMatches(\".*COMMUNITY.*\")...
07:02:55.278583 POST /session/b3dece3d-73af-4a39-8b8f-21d37408982c/element [12.807097ms] ERR:404 body={"strategy":"-android uiautomator","selector":"new UiSelector().resourceIdMatches(\".*COMMUNITY.*\")...
07:02:55.289295 POST /session/b3dece3d-73af-4a39-8b8f-21d37408982c/element [10.58342ms] ERR:404 body={"strategy":"-android uiautomator","selector":"new UiSelector().resourceIdMatches(\".*COMMUNITY.*\")...
07:02:55.299787 POST /session/b3dece3d-73af-4a39-8b8f-21d37408982c/element [10.379899ms] ERR:404 body={"strategy":"-android uiautomator","selector":"new UiSelector().resourceIdMatches(\".*COMMUNITY.*\")...
07:02:55.309671 POST /session/b3dece3d-73af-4a39-8b8f-21d37408982c/element [9.740192ms] ERR:404 body={"strategy":"-android uiautomator","selector":"new UiSelector().resourceIdMatches(\".*COMMUNITY.*\")...
07:02:55.321891 POST /session/b3dece3d-73af-4a39-8b8f-21d37408982c/element [12.102058ms] ERR:404 body={"strategy":"-android uiautomator","selector":"new UiSelector().resourceIdMatches(\".*COMMUNITY.*\")...
07:02:55.332480 POST /session/b3dece3d-73af-4a39-8b8f-21d37408982c/element [10.486624ms] ERR:404 body={"strategy":"-android uiautomator","selector":"new UiSelector().resourceIdMatches(\".*COMMUNITY.*\")...
07:02:55.340919 POST /session/b3dece3d-73af-4a39-8b8f-21d37408982c/element [8.339146ms] ERR:404 body={"strategy":"-android uiautomator","selector":"new UiSelector().resourceIdMatches(\".*COMMUNITY.*\")...
07:02:55.349482 POST /session/b3dece3d-73af-4a39-8b8f-21d37408982c/element [8.31182ms] ERR:404 body={"strategy":"-android uiautomator","selector":"new UiSelector().resourceIdMatches(\".*COMMUNITY.*\")...
07:02:55.358492 POST /session/b3dece3d-73af-4a39-8b8f-21d37408982c/element [8.392281ms] ERR:404 body={"strategy":"-android uiautomator","selector":"new UiSelector().resourceIdMatches(\".*COMMUNITY.*\")...
07:02:55.367292 POST /session/b3dece3d-73af-4a39-8b8f-21d37408982c/element [8.645952ms] ERR:404 body={"strategy":"-android uiautomator","selector":"new UiSelector().resourceIdMatches(\".*COMMUNITY.*\")...
07:02:55.375973 POST /session/b3dece3d-73af-4a39-8b8f-21d37408982c/element [8.551245ms] ERR:404 body={"strategy":"-android uiautomator","selector":"new UiSelector().resourceIdMatches(\".*COMMUNITY.*\")...
07:02:55.384341 POST /session/b3dece3d-73af-4a39-8b8f-21d37408982c/element [8.258119ms] ERR:404 body={"strategy":"-android uiautomator","selector":"new UiSelector().resourceIdMatches(\".*COMMUNITY.*\")...
07:02:55.392360 POST /session/b3dece3d-73af-4a39-8b8f-21d37408982c/element [7.893055ms] ERR:404 body={"strategy":"-android uiautomator","selector":"new UiSelector().resourceIdMatches(\".*COMMUNITY.*\")...
07:02:55.405238 POST /session/b3dece3d-73af-4a39-8b8f-21d37408982c/element [12.762025ms] ERR:404 body={"strategy":"-android uiautomator","selector":"new UiSelector().resourceIdMatches(\".*COMMUNITY.*\")...
07:02:55.413983 POST /session/b3dece3d-73af-4a39-8b8f-21d37408982c/element [8.636944ms] ERR:404 body={"strategy":"-android uiautomator","selector":"new UiSelector().resourceIdMatches(\".*COMMUNITY.*\")...
07:02:55.422737 POST /session/b3dece3d-73af-4a39-8b8f-21d37408982c/element [8.638185ms] ERR:404 body={"strategy":"-android uiautomator","selector":"new UiSelector().resourceIdMatches(\".*COMMUNITY.*\")...
07:02:55.441699 POST /session/b3dece3d-73af-4a39-8b8f-21d37408982c/element [18.833732ms] ERR:404 body={"strategy":"-android uiautomator","selector":"new UiSelector().resourceIdMatches(\".*COMMUNITY.*\")...
07:02:55.457662 POST /session/b3dece3d-73af-4a39-8b8f-21d37408982c/element [15.821904ms] ERR:404 body={"strategy":"-android uiautomator","selector":"new UiSelector().resourceIdMatches(\".*COMMUNITY.*\")...
07:02:55.466074 POST /session/b3dece3d-73af-4a39-8b8f-21d37408982c/element [8.289241ms] ERR:404 body={"strategy":"-android uiautomator","selector":"new UiSelector().resourceIdMatches(\".*COMMUNITY.*\")...
07:02:55.476744 POST /session/b3dece3d-73af-4a39-8b8f-21d37408982c/element [10.534606ms] ERR:404 body={"strategy":"-android uiautomator","selector":"new UiSelector().resourceIdMatches(\".*COMMUNITY.*\")...
07:02:55.486077 POST /session/b3dece3d-73af-4a39-8b8f-21d37408982c/element [9.219409ms] ERR:404 body={"strategy":"-android uiautomator","selector":"new UiSelector().resourceIdMatches(\".*COMMUNITY.*\")...
07:02:55.495789 POST /session/b3dece3d-73af-4a39-8b8f-21d37408982c/element [9.596245ms] ERR:404 body={"strategy":"-android uiautomator","selector":"new UiSelector().resourceIdMatches(\".*COMMUNITY.*\")...
07:02:55.505758 POST /session/b3dece3d-73af-4a39-8b8f-21d37408982c/element [9.856838ms] ERR:404 body={"strategy":"-android uiautomator","selector":"new UiSelector().resourceIdMatches(\".*COMMUNITY.*\")...
07:02:55.515138 POST /session/b3dece3d-73af-4a39-8b8f-21d37408982c/element [9.268273ms] ERR:404 body={"strategy":"-android uiautomator","selector":"new UiSelector().resourceIdMatches(\".*COMMUNITY.*\")...
07:02:55.525053 POST /session/b3dece3d-73af-4a39-8b8f-21d37408982c/element [9.789186ms] ERR:404 body={"strategy":"-android uiautomator","selector":"new UiSelector().resourceIdMatches(\".*COMMUNITY.*\")...
07:02:55.535101 POST /session/b3dece3d-73af-4a39-8b8f-21d37408982c/element [9.934674ms] ERR:404 body={"strategy":"-android uiautomator","selector":"new UiSelector().resourceIdMatches(\".*COMMUNITY.*\")...
07:02:55.544538 POST /session/b3dece3d-73af-4a39-8b8f-21d37408982c/element [9.298898ms] ERR:404 body={"strategy":"-android uiautomator","selector":"new UiSelector().resourceIdMatches(\".*COMMUNITY.*\")...
07:02:55.553768 POST /session/b3dece3d-73af-4a39-8b8f-21d37408982c/element [9.105699ms] ERR:404 body={"strategy":"-android uiautomator","selector":"new UiSelector().resourceIdMatches(\".*COMMUNITY.*\")...
07:02:55.562434 POST /session/b3dece3d-73af-4a39-8b8f-21d37408982c/element [8.536182ms] ERR:404 body={"strategy":"-android uiautomator","selector":"new UiSelector().resourceIdMatches(\".*COMMUNITY.*\")...
07:02:55.571667 POST /session/b3dece3d-73af-4a39-8b8f-21d37408982c/element [9.085507ms] ERR:404 body={"strategy":"-android uiautomator","selector":"new UiSelector().resourceIdMatches(\".*COMMUNITY.*\")...
07:02:55.580214 POST /session/b3dece3d-73af-4a39-8b8f-21d37408982c/element [8.443463ms] ERR:404 body={"strategy":"-android uiautomator","selector":"new UiSelector().resourceIdMatches(\".*COMMUNITY.*\")...
07:02:55.589290 POST /session/b3dece3d-73af-4a39-8b8f-21d37408982c/element [8.96105ms] ERR:404 body={"strategy":"-android uiautomator","selector":"new UiSelector().resourceIdMatches(\".*COMMUNITY.*\")...
07:02:55.597631 POST /session/b3dece3d-73af-4a39-8b8f-21d37408982c/element [8.160207ms] ERR:404 body={"strategy":"-android uiautomator","selector":"new UiSelector().resourceIdMatches(\".*COMMUNITY.*\")...
07:02:55.607449 POST /session/b3dece3d-73af-4a39-8b8f-21d37408982c/element [9.694674ms] ERR:404 body={"strategy":"-android uiautomator","selector":"new UiSelector().resourceIdMatches(\".*COMMUNITY.*\")...
07:02:55.615796 POST /session/b3dece3d-73af-4a39-8b8f-21d37408982c/element [8.241659ms] ERR:404 body={"strategy":"-android uiautomator","selector":"new UiSelector().resourceIdMatches(\".*COMMUNITY.*\")...
07:02:55.625055 POST /session/b3dece3d-73af-4a39-8b8f-21d37408982c/element [9.149435ms] ERR:404 body={"strategy":"-android uiautomator","selector":"new UiSelector().resourceIdMatches(\".*COMMUNITY.*\")...
07:02:55.634010 POST /session/b3dece3d-73af-4a39-8b8f-21d37408982c/element [8.835001ms] ERR:404 body={"strategy":"-android uiautomator","selector":"new UiSelector().resourceIdMatches(\".*COMMUNITY.*\")...
07:02:55.642587 POST /session/b3dece3d-73af-4a39-8b8f-21d37408982c/element [8.464614ms] ERR:404 body={"strategy":"-android uiautomator","selector":"new UiSelector().resourceIdMatches(\".*COMMUNITY.*\")...
07:02:55.652735 POST /session/b3dece3d-73af-4a39-8b8f-21d37408982c/element [9.990268ms] ERR:404 body={"strategy":"-android uiautomator","selector":"new UiSelector().resourceIdMatches(\".*COMMUNITY.*\")...
07:02:55.662371 POST /session/b3dece3d-73af-4a39-8b8f-21d37408982c/element [9.487011ms] ERR:404 body={"strategy":"-android uiautomator","selector":"new UiSelector().resourceIdMatches(\".*COMMUNITY.*\")...
07:02:55.671849 POST /session/b3dece3d-73af-4a39-8b8f-21d37408982c/element [9.369134ms] ERR:404 body={"strategy":"-android uiautomator","selector":"new UiSelector().resourceIdMatches(\".*COMMUNITY.*\")...
07:02:55.680913 POST /session/b3dece3d-73af-4a39-8b8f-21d37408982c/element [8.945758ms] ERR:404 body={"strategy":"-android uiautomator","selector":"new UiSelector().resourceIdMatches(\".*COMMUNITY.*\")...
07:02:55.791730 POST /session/b3dece3d-73af-4a39-8b8f-21d37408982c/element [110.69263ms] ERR:404 body={"strategy":"-android uiautomator","selector":"new UiSelector().resourceIdMatches(\".*COMMUNITY.*\")...
07:02:55.801277 POST /session/b3dece3d-73af-4a39-8b8f-21d37408982c/element [9.436966ms] ERR:404 body={"strategy":"-android uiautomator","selector":"new UiSelector().resourceIdMatches(\".*COMMUNITY.*\")...
07:02:55.818355 POST /session/b3dece3d-73af-4a39-8b8f-21d37408982c/element [16.947786ms] ERR:404 body={"strategy":"-android uiautomator","selector":"new UiSelector().resourceIdMatches(\".*COMMUNITY.*\")...
07:02:55.830930 POST /session/b3dece3d-73af-4a39-8b8f-21d37408982c/element [12.453211ms] ERR:404 body={"strategy":"-android uiautomator","selector":"new UiSelector().resourceIdMatches(\".*COMMUNITY.*\")...
07:02:55.840555 POST /session/b3dece3d-73af-4a39-8b8f-21d37408982c/element [9.508754ms] ERR:404 body={"strategy":"-android uiautomator","selector":"new UiSelector().resourceIdMatches(\".*COMMUNITY.*\")...
07:02:55.852208 POST /session/b3dece3d-73af-4a39-8b8f-21d37408982c/element [11.543713ms] ERR:404 body={"strategy":"-android uiautomator","selector":"new UiSelector().resourceIdMatches(\".*COMMUNITY.*\")...
07:02:55.863240 POST /session/b3dece3d-73af-4a39-8b8f-21d37408982c/element [10.904643ms] ERR:404 body={"strategy":"-android uiautomator","selector":"new UiSelector().resourceIdMatches(\".*COMMUNITY.*\")...
07:02:55.874379 POST /session/b3dece3d-73af-4a39-8b8f-21d37408982c/element [11.014327ms] ERR:404 body={"strategy":"-android uiautomator","selector":"new UiSelector().resourceIdMatches(\".*COMMUNITY.*\")...
07:02:55.883892 POST /session/b3dece3d-73af-4a39-8b8f-21d37408982c/element [9.39339ms] ERR:404 body={"strategy":"-android uiautomator","selector":"new UiSelector().resourceIdMatches(\".*COMMUNITY.*\")...
07:02:56.563785 POST /session/b3dece3d-73af-4a39-8b8f-21d37408982c/element [679.774696ms] ERR:404 body={"strategy":"-android uiautomator","selector":"new UiSelector().resourceIdMatches(\".*COMMUNITY.*\")...
07:02:57.072529 POST /session/b3dece3d-73af-4a39-8b8f-21d37408982c/element [508.643672ms] OK body={"strategy":"-android uiautomator","selector":"new UiSelector().resourceIdMatches(\".*COMMUNITY.*\")...
07:02:58.409438 GET /session/b3dece3d-73af-4a39-8b8f-21d37408982c/element/00000000-0000-0014-ffff-ffff00000095/text [1.336826554s] OK body=
07:02:58.418631 GET /session/b3dece3d-73af-4a39-8b8f-21d37408982c/element/00000000-0000-0014-ffff-ffff00000095/rect [9.1204ms] OK body=
07:02:58.439381 POST /session/b3dece3d-73af-4a39-8b8f-21d37408982c/element [20.119761ms] ERR:404 body={"strategy":"-android uiautomator","selector":"new UiSelector().resourceIdMatches(\".*SEARCH.*\").cl...
07:02:58.455357 POST /session/b3dece3d-73af-4a39-8b8f-21d37408982c/element [15.856141ms] OK body={"strategy":"-android uiautomator","selector":"new UiSelector().resourceIdMatches(\".*SEARCH.*\")"}
07:02:58.465009 GET /session/b3dece3d-73af-4a39-8b8f-21d37408982c/element/00000000-0000-0014-ffff-ffff000000a1/text [9.572095ms] OK body=
07:02:58.474870 GET /session/b3dece3d-73af-4a39-8b8f-21d37408982c/element/00000000-0000-0014-ffff-ffff000000a1/rect [9.783081ms] OK body=
07:02:58.504479 POST /session/b3dece3d-73af-4a39-8b8f-21d37408982c/element/00000000-0000-0014-ffff-ffff000000a1/click [29.531398ms] OK body=
07:02:58.616107 POST /session/b3dece3d-73af-4a39-8b8f-21d37408982c/element [110.661688ms] ERR:404 body={"strategy":"-android uiautomator","selector":"new UiSelector().resourceIdMatches(\".*search-recipe-...
07:02:58.738088 POST /session/b3dece3d-73af-4a39-8b8f-21d37408982c/element [121.829977ms] ERR:404 body={"strategy":"-android uiautomator","selector":"new UiSelector().resourceIdMatches(\".*search-recipe-...
07:02:59.296354 POST /session/b3dece3d-73af-4a39-8b8f-21d37408982c/element [558.064298ms] OK body={"strategy":"-android uiautomator","selector":"new UiSelector().resourceIdMatches(\".*search-recipe-...
07:02:59.307024 GET /session/b3dece3d-73af-4a39-8b8f-21d37408982c/element/00000000-0000-0014-ffff-ffff00000107/text [10.594297ms] OK body=
07:02:59.316040 GET /session/b3dece3d-73af-4a39-8b8f-21d37408982c/element/00000000-0000-0014-ffff-ffff00000107/rect [8.936534ms] OK body=
07:03:00.036231 POST /session/b3dece3d-73af-4a39-8b8f-21d37408982c/element/00000000-0000-0014-ffff-ffff00000107/click [720.116349ms] OK body=
07:03:00.061791 POST /session/b3dece3d-73af-4a39-8b8f-21d37408982c/actions [24.692309ms] OK body={"actions":[{"actions":[{"type":"keyDown","value":"a"},{"type":"keyUp","value":"a"}],"id":"keyboard"...
07:03:00.068985 POST /session/b3dece3d-73af-4a39-8b8f-21d37408982c/appium/device/hide_keyboard [4.524467ms] ERR:404 body=
07:03:00.997150 POST /session/b3dece3d-73af-4a39-8b8f-21d37408982c/element [927.102413ms] ERR:404 body={"strategy":"-android uiautomator","selector":"new UiSelector().resourceIdMatches(\".*search-recipe-...
07:03:01.795431 POST /session/b3dece3d-73af-4a39-8b8f-21d37408982c/element [798.171388ms] OK body={"strategy":"-android uiautomator","selector":"new UiSelector().resourceIdMatches(\".*search-recipe-...
07:03:02.448918 GET /session/b3dece3d-73af-4a39-8b8f-21d37408982c/element/00000000-0000-0014-ffff-ffff00000126/text [653.397991ms] OK body=
07:03:02.458108 GET /session/b3dece3d-73af-4a39-8b8f-21d37408982c/element/00000000-0000-0014-ffff-ffff00000126/rect [9.10816ms] OK body=
07:03:06.985020 POST /session/b3dece3d-73af-4a39-8b8f-21d37408982c/appium/device/launch_app [2.765906ms] ERR:404 body={"appId":"com.tastopia.app"}
07:03:09.436014 POST /session/b3dece3d-73af-4a39-8b8f-21d37408982c/element [970.779381ms] OK body={"strategy":"-android uiautomator","selector":"new UiSelector().resourceIdMatches(\".*MENU.*\")"}
07:03:10.274770 GET /session/b3dece3d-73af-4a39-8b8f-21d37408982c/element/00000000-0000-0016-ffff-ffff0000006f/text [838.65737ms] OK body=
07:03:11.531098 GET /session/b3dece3d-73af-4a39-8b8f-21d37408982c/element/00000000-0000-0016-ffff-ffff0000006f/rect [1.256252272s] OK body=
07:03:11.553890 POST /session/b3dece3d-73af-4a39-8b8f-21d37408982c/element [22.453834ms] ERR:404 body={"strategy":"-android uiautomator","selector":"new UiSelector().resourceIdMatches(\".*MENU.*\").clic...
07:03:11.575701 POST /session/b3dece3d-73af-4a39-8b8f-21d37408982c/element [21.704206ms] OK body={"strategy":"-android uiautomator","selector":"new UiSelector().resourceIdMatches(\".*MENU.*\")"}
07:03:11.583490 GET /session/b3dece3d-73af-4a39-8b8f-21d37408982c/element/00000000-0000-0016-ffff-ffff0000006f/text [7.696881ms] OK body=
07:03:11.591821 GET /session/b3dece3d-73af-4a39-8b8f-21d37408982c/element/00000000-0000-0016-ffff-ffff0000006f/rect [8.261521ms] OK body=
07:03:11.620469 POST /session/b3dece3d-73af-4a39-8b8f-21d37408982c/element/00000000-0000-0016-ffff-ffff0000006f/click [28.568465ms] OK body=
07:03:11.623150 POST /session/b3dece3d-73af-4a39-8b8f-21d37408982c/appium/device/hide_keyboard [2.587714ms] ERR:404 body=
07:03:11.739552 POST /session/b3dece3d-73af-4a39-8b8f-21d37408982c/element [116.098485ms] ERR:404 body={"strategy":"-android uiautomator","selector":"new UiSelector().textContains(\"History\")"}
07:03:11.798216 POST /session/b3dece3d-73af-4a39-8b8f-21d37408982c/element [58.545148ms] ERR:404 body={"strategy":"-android uiautomator","selector":"new UiSelector().descriptionContains(\"History\")"}
07:03:11.938212 POST /session/b3dece3d-73af-4a39-8b8f-21d37408982c/element [139.8754ms] ERR:404 body={"strategy":"-android uiautomator","selector":"new UiSelector().textMatches(\"(?is).*\\QHistory\\E.*...
07:03:12.912867 POST /session/b3dece3d-73af-4a39-8b8f-21d37408982c/element [974.516577ms] ERR:404 body={"strategy":"-android uiautomator","selector":"new UiSelector().descriptionMatches(\"(?is).*\\QHisto...
07:03:13.469697 POST /session/b3dece3d-73af-4a39-8b8f-21d37408982c/element [556.720453ms] OK body={"strategy":"-android uiautomator","selector":"new UiSelector().textContains(\"History\")"}
07:03:13.495816 POST /session/b3dece3d-73af-4a39-8b8f-21d37408982c/element [25.848553ms] OK body={"strategy":"-android uiautomator","selector":"new UiSelector().resourceIdMatches(\".*menu-logout-bu...
07:03:13.504715 GET /session/b3dece3d-73af-4a39-8b8f-21d37408982c/element/00000000-0000-0016-ffff-ffff000000eb/text [8.813491ms] OK body=
07:03:13.515290 GET /session/b3dece3d-73af-4a39-8b8f-21d37408982c/element/00000000-0000-0016-ffff-ffff000000eb/rect [10.498015ms] OK body=
07:03:13.550461 POST /session/b3dece3d-73af-4a39-8b8f-21d37408982c/element/00000000-0000-0016-ffff-ffff000000eb/click [35.094103ms] OK body=
07:03:13.622172 POST /session/b3dece3d-73af-4a39-8b8f-21d37408982c/element [71.360816ms] ERR:404 body={"strategy":"-android uiautomator","selector":"new UiSelector().textContains(\"Welcome to\")"}
07:03:14.478201 POST /session/b3dece3d-73af-4a39-8b8f-21d37408982c/element [855.733689ms] ERR:404 body={"strategy":"-android uiautomator","selector":"new UiSelector().descriptionContains(\"Welcome to\")"...
07:03:14.659402 POST /session/b3dece3d-73af-4a39-8b8f-21d37408982c/element [181.097928ms] OK body={"strategy":"-android uiautomator","selector":"new UiSelector().textMatches(\"(?is).*\\QWelcome to\\...
07:03:15.261667 POST /session/b3dece3d-73af-4a39-8b8f-21d37408982c/element [601.442807ms] OK body={"strategy":"-android uiautomator","selector":"new UiSelector().textContains(\"Tastopia\")"}
07:03:15.265136 POST /session/b3dece3d-73af-4a39-8b8f-21d37408982c/appium/settings [2.643738ms] OK body={"settings":{"waitForIdleTimeout":200}}
07:03:19.707785 POST /session/b3dece3d-73af-4a39-8b8f-21d37408982c/appium/device/launch_app [2.988136ms] ERR:404 body={"appId":"com.tastopia.app"}
07:03:22.202888 POST /session/b3dece3d-73af-4a39-8b8f-21d37408982c/element [904.938932ms] OK body={"strategy":"-android uiautomator","selector":"new UiSelector().resourceIdMatches(\".*welcome-sign-i...
07:03:22.291848 GET /session/b3dece3d-73af-4a39-8b8f-21d37408982c/element/00000000-0000-0018-ffff-ffff00000021/text [88.882691ms] OK body=
07:03:22.312164 GET /session/b3dece3d-73af-4a39-8b8f-21d37408982c/element/00000000-0000-0018-ffff-ffff00000021/rect [20.232362ms] OK body=
07:03:22.338835 POST /session/b3dece3d-73af-4a39-8b8f-21d37408982c/element/00000000-0000-0018-ffff-ffff00000021/click [26.587222ms] OK body=
07:03:22.345134 POST /session/b3dece3d-73af-4a39-8b8f-21d37408982c/element [5.995921ms] ERR:404 body={"strategy":"-android uiautomator","selector":"new UiSelector().resourceIdMatches(\".*login-identifi...
07:03:22.357752 POST /session/b3dece3d-73af-4a39-8b8f-21d37408982c/element [12.503132ms] ERR:404 body={"strategy":"-android uiautomator","selector":"new UiSelector().resourceIdMatches(\".*login-identifi...
07:03:22.365455 POST /session/b3dece3d-73af-4a39-8b8f-21d37408982c/element [7.591362ms] ERR:404 body={"strategy":"-android uiautomator","selector":"new UiSelector().resourceIdMatches(\".*login-identifi...
07:03:22.371433 POST /session/b3dece3d-73af-4a39-8b8f-21d37408982c/element [5.885976ms] ERR:404 body={"strategy":"-android uiautomator","selector":"new UiSelector().resourceIdMatches(\".*login-identifi...
07:03:22.379808 POST /session/b3dece3d-73af-4a39-8b8f-21d37408982c/element [8.288981ms] ERR:404 body={"strategy":"-android uiautomator","selector":"new UiSelector().resourceIdMatches(\".*login-identifi...
07:03:22.396174 POST /session/b3dece3d-73af-4a39-8b8f-21d37408982c/element [16.275467ms] ERR:404 body={"strategy":"-android uiautomator","selector":"new UiSelector().resourceIdMatches(\".*login-identifi...
07:03:22.411455 POST /session/b3dece3d-73af-4a39-8b8f-21d37408982c/element [15.159259ms] ERR:404 body={"strategy":"-android uiautomator","selector":"new UiSelector().resourceIdMatches(\".*login-identifi...
07:03:22.417916 POST /session/b3dece3d-73af-4a39-8b8f-21d37408982c/element [6.345588ms] ERR:404 body={"strategy":"-android uiautomator","selector":"new UiSelector().resourceIdMatches(\".*login-identifi...
07:03:22.427297 POST /session/b3dece3d-73af-4a39-8b8f-21d37408982c/element [9.287263ms] ERR:404 body={"strategy":"-android uiautomator","selector":"new UiSelector().resourceIdMatches(\".*login-identifi...
07:03:22.432442 POST /session/b3dece3d-73af-4a39-8b8f-21d37408982c/element [5.036648ms] ERR:404 body={"strategy":"-android uiautomator","selector":"new UiSelector().resourceIdMatches(\".*login-identifi...
07:03:22.440582 POST /session/b3dece3d-73af-4a39-8b8f-21d37408982c/element [8.05572ms] ERR:404 body={"strategy":"-android uiautomator","selector":"new UiSelector().resourceIdMatches(\".*login-identifi...
07:03:22.445611 POST /session/b3dece3d-73af-4a39-8b8f-21d37408982c/element [4.932091ms] ERR:404 body={"strategy":"-android uiautomator","selector":"new UiSelector().resourceIdMatches(\".*login-identifi...
07:03:22.451215 POST /session/b3dece3d-73af-4a39-8b8f-21d37408982c/element [5.49676ms] ERR:404 body={"strategy":"-android uiautomator","selector":"new UiSelector().resourceIdMatches(\".*login-identifi...
07:03:22.464344 POST /session/b3dece3d-73af-4a39-8b8f-21d37408982c/element [13.01359ms] ERR:404 body={"strategy":"-android uiautomator","selector":"new UiSelector().resourceIdMatches(\".*login-identifi...
07:03:22.471179 POST /session/b3dece3d-73af-4a39-8b8f-21d37408982c/element [6.723301ms] ERR:404 body={"strategy":"-android uiautomator","selector":"new UiSelector().resourceIdMatches(\".*login-identifi...
07:03:22.478599 POST /session/b3dece3d-73af-4a39-8b8f-21d37408982c/element [7.349953ms] ERR:404 body={"strategy":"-android uiautomator","selector":"new UiSelector().resourceIdMatches(\".*login-identifi...
07:03:22.483679 POST /session/b3dece3d-73af-4a39-8b8f-21d37408982c/element [4.96483ms] ERR:404 body={"strategy":"-android uiautomator","selector":"new UiSelector().resourceIdMatches(\".*login-identifi...
07:03:22.512234 POST /session/b3dece3d-73af-4a39-8b8f-21d37408982c/element [28.469915ms] ERR:404 body={"strategy":"-android uiautomator","selector":"new UiSelector().resourceIdMatches(\".*login-identifi...
07:03:23.289324 POST /session/b3dece3d-73af-4a39-8b8f-21d37408982c/element [776.997805ms] OK body={"strategy":"-android uiautomator","selector":"new UiSelector().resourceIdMatches(\".*login-identifi...
07:03:23.296919 POST /session/b3dece3d-73af-4a39-8b8f-21d37408982c/element [7.332553ms] OK body={"strategy":"-android uiautomator","selector":"new UiSelector().resourceIdMatches(\".*login-identifi...
07:03:23.304114 GET /session/b3dece3d-73af-4a39-8b8f-21d37408982c/element/00000000-0000-0018-ffff-ffff0000002f/text [7.136938ms] OK body=
07:03:23.312701 GET /session/b3dece3d-73af-4a39-8b8f-21d37408982c/element/00000000-0000-0018-ffff-ffff0000002f/rect [8.539703ms] OK body=
07:03:23.572085 POST /session/b3dece3d-73af-4a39-8b8f-21d37408982c/element/00000000-0000-0018-ffff-ffff0000002f/click [259.326257ms] OK body=
07:03:24.491876 POST /session/b3dece3d-73af-4a39-8b8f-21d37408982c/actions [919.444547ms] OK body={"actions":[{"actions":[{"type":"keyDown","value":"a"},{"type":"keyUp","value":"a"},{"type":"keyDown...
07:03:24.503173 POST /session/b3dece3d-73af-4a39-8b8f-21d37408982c/appium/device/hide_keyboard [11.198529ms] ERR:404 body=
07:03:24.960820 POST /session/b3dece3d-73af-4a39-8b8f-21d37408982c/element [456.779491ms] OK body={"strategy":"-android uiautomator","selector":"new UiSelector().resourceIdMatches(\".*login-password...
07:03:24.980818 POST /session/b3dece3d-73af-4a39-8b8f-21d37408982c/element [19.711258ms] OK body={"strategy":"-android uiautomator","selector":"new UiSelector().resourceIdMatches(\".*login-password...
07:03:24.993893 GET /session/b3dece3d-73af-4a39-8b8f-21d37408982c/element/00000000-0000-0018-ffff-ffff00000030/text [12.981618ms] OK body=
07:03:25.002421 GET /session/b3dece3d-73af-4a39-8b8f-21d37408982c/element/00000000-0000-0018-ffff-ffff00000030/rect [8.456448ms] OK body=
07:03:25.444248 POST /session/b3dece3d-73af-4a39-8b8f-21d37408982c/element/00000000-0000-0018-ffff-ffff00000030/click [441.725586ms] OK body=
07:03:26.032575 POST /session/b3dece3d-73af-4a39-8b8f-21d37408982c/actions [587.73135ms] OK body={"actions":[{"actions":[{"type":"keyDown","value":"P"},{"type":"keyUp","value":"P"},{"type":"keyDown...
07:03:26.037919 POST /session/b3dece3d-73af-4a39-8b8f-21d37408982c/appium/device/hide_keyboard [5.222303ms] ERR:404 body=
07:03:26.589971 POST /session/b3dece3d-73af-4a39-8b8f-21d37408982c/element [550.152605ms] OK body={"strategy":"-android uiautomator","selector":"new UiSelector().resourceIdMatches(\".*login-submit-b...
07:03:26.597793 GET /session/b3dece3d-73af-4a39-8b8f-21d37408982c/element/00000000-0000-0018-ffff-ffff00000049/text [7.73411ms] OK body=
07:03:26.606009 GET /session/b3dece3d-73af-4a39-8b8f-21d37408982c/element/00000000-0000-0018-ffff-ffff00000049/rect [8.154652ms] OK body=
07:03:26.632107 POST /session/b3dece3d-73af-4a39-8b8f-21d37408982c/element/00000000-0000-0018-ffff-ffff00000049/click [26.025273ms] OK body=
07:03:26.640906 POST /session/b3dece3d-73af-4a39-8b8f-21d37408982c/element [8.712686ms] OK body={"strategy":"-android uiautomator","selector":"new UiSelector().resourceIdMatches(\".*login-submit-b...
07:03:26.660018 GET /session/b3dece3d-73af-4a39-8b8f-21d37408982c/element/00000000-0000-0018-ffff-ffff00000049/text [19.031387ms] OK body=
07:03:27.294417 GET /session/b3dece3d-73af-4a39-8b8f-21d37408982c/element/00000000-0000-0018-ffff-ffff00000049/rect [634.319404ms] OK body=
07:03:27.327833 POST /session/b3dece3d-73af-4a39-8b8f-21d37408982c/element/00000000-0000-0018-ffff-ffff00000049/click [33.340262ms] OK body=
07:03:27.367759 POST /session/b3dece3d-73af-4a39-8b8f-21d37408982c/element [39.632644ms] ERR:404 body={"strategy":"-android uiautomator","selector":"new UiSelector().resourceIdMatches(\".*COMMUNITY.*\")...
07:03:28.048029 POST /session/b3dece3d-73af-4a39-8b8f-21d37408982c/element [680.154483ms] ERR:404 body={"strategy":"-android uiautomator","selector":"new UiSelector().resourceIdMatches(\".*COMMUNITY.*\")...
07:03:28.057613 POST /session/b3dece3d-73af-4a39-8b8f-21d37408982c/element [9.46968ms] ERR:404 body={"strategy":"-android uiautomator","selector":"new UiSelector().resourceIdMatches(\".*COMMUNITY.*\")...
07:03:28.065588 POST /session/b3dece3d-73af-4a39-8b8f-21d37408982c/element [7.848702ms] ERR:404 body={"strategy":"-android uiautomator","selector":"new UiSelector().resourceIdMatches(\".*COMMUNITY.*\")...
07:03:28.075661 POST /session/b3dece3d-73af-4a39-8b8f-21d37408982c/element [9.946025ms] ERR:404 body={"strategy":"-android uiautomator","selector":"new UiSelector().resourceIdMatches(\".*COMMUNITY.*\")...
07:03:28.093743 POST /session/b3dece3d-73af-4a39-8b8f-21d37408982c/element [17.97614ms] ERR:404 body={"strategy":"-android uiautomator","selector":"new UiSelector().resourceIdMatches(\".*COMMUNITY.*\")...
07:03:28.101832 POST /session/b3dece3d-73af-4a39-8b8f-21d37408982c/element [7.981837ms] ERR:404 body={"strategy":"-android uiautomator","selector":"new UiSelector().resourceIdMatches(\".*COMMUNITY.*\")...
07:03:28.111915 POST /session/b3dece3d-73af-4a39-8b8f-21d37408982c/element [9.959746ms] ERR:404 body={"strategy":"-android uiautomator","selector":"new UiSelector().resourceIdMatches(\".*COMMUNITY.*\")...
07:03:28.124056 POST /session/b3dece3d-73af-4a39-8b8f-21d37408982c/element [12.031432ms] ERR:404 body={"strategy":"-android uiautomator","selector":"new UiSelector().resourceIdMatches(\".*COMMUNITY.*\")...
07:03:28.156672 POST /session/b3dece3d-73af-4a39-8b8f-21d37408982c/element [32.478086ms] ERR:404 body={"strategy":"-android uiautomator","selector":"new UiSelector().resourceIdMatches(\".*COMMUNITY.*\")...
07:03:28.736857 POST /session/b3dece3d-73af-4a39-8b8f-21d37408982c/element [580.045077ms] ERR:404 body={"strategy":"-android uiautomator","selector":"new UiSelector().resourceIdMatches(\".*COMMUNITY.*\")...
07:03:28.747164 POST /session/b3dece3d-73af-4a39-8b8f-21d37408982c/element [10.191424ms] ERR:404 body={"strategy":"-android uiautomator","selector":"new UiSelector().resourceIdMatches(\".*COMMUNITY.*\")...
07:03:28.757294 POST /session/b3dece3d-73af-4a39-8b8f-21d37408982c/element [10.013437ms] ERR:404 body={"strategy":"-android uiautomator","selector":"new UiSelector().resourceIdMatches(\".*COMMUNITY.*\")...
07:03:28.765283 POST /session/b3dece3d-73af-4a39-8b8f-21d37408982c/element [7.905898ms] ERR:404 body={"strategy":"-android uiautomator","selector":"new UiSelector().resourceIdMatches(\".*COMMUNITY.*\")...
07:03:28.776421 POST /session/b3dece3d-73af-4a39-8b8f-21d37408982c/element [11.036265ms] ERR:404 body={"strategy":"-android uiautomator","selector":"new UiSelector().resourceIdMatches(\".*COMMUNITY.*\")...
07:03:28.791672 POST /session/b3dece3d-73af-4a39-8b8f-21d37408982c/element [15.134197ms] ERR:404 body={"strategy":"-android uiautomator","selector":"new UiSelector().resourceIdMatches(\".*COMMUNITY.*\")...
07:03:28.819368 POST /session/b3dece3d-73af-4a39-8b8f-21d37408982c/element [27.593782ms] ERR:404 body={"strategy":"-android uiautomator","selector":"new UiSelector().resourceIdMatches(\".*COMMUNITY.*\")...
07:03:28.827314 POST /session/b3dece3d-73af-4a39-8b8f-21d37408982c/element [7.836463ms] ERR:404 body={"strategy":"-android uiautomator","selector":"new UiSelector().resourceIdMatches(\".*COMMUNITY.*\")...
07:03:28.837987 POST /session/b3dece3d-73af-4a39-8b8f-21d37408982c/element [10.556724ms] ERR:404 body={"strategy":"-android uiautomator","selector":"new UiSelector().resourceIdMatches(\".*COMMUNITY.*\")...
07:03:28.845554 POST /session/b3dece3d-73af-4a39-8b8f-21d37408982c/element [7.466868ms] ERR:404 body={"strategy":"-android uiautomator","selector":"new UiSelector().resourceIdMatches(\".*COMMUNITY.*\")...
07:03:28.878385 POST /session/b3dece3d-73af-4a39-8b8f-21d37408982c/element [32.718859ms] ERR:404 body={"strategy":"-android uiautomator","selector":"new UiSelector().resourceIdMatches(\".*COMMUNITY.*\")...
07:03:28.893926 POST /session/b3dece3d-73af-4a39-8b8f-21d37408982c/element [15.426526ms] ERR:404 body={"strategy":"-android uiautomator","selector":"new UiSelector().resourceIdMatches(\".*COMMUNITY.*\")...
07:03:28.909257 POST /session/b3dece3d-73af-4a39-8b8f-21d37408982c/element [15.212274ms] ERR:404 body={"strategy":"-android uiautomator","selector":"new UiSelector().resourceIdMatches(\".*COMMUNITY.*\")...
07:03:28.930070 POST /session/b3dece3d-73af-4a39-8b8f-21d37408982c/element [20.657111ms] ERR:404 body={"strategy":"-android uiautomator","selector":"new UiSelector().resourceIdMatches(\".*COMMUNITY.*\")...
07:03:28.945687 POST /session/b3dece3d-73af-4a39-8b8f-21d37408982c/element [15.479156ms] ERR:404 body={"strategy":"-android uiautomator","selector":"new UiSelector().resourceIdMatches(\".*COMMUNITY.*\")...
07:03:28.955137 POST /session/b3dece3d-73af-4a39-8b8f-21d37408982c/element [9.326929ms] ERR:404 body={"strategy":"-android uiautomator","selector":"new UiSelector().resourceIdMatches(\".*COMMUNITY.*\")...
07:03:28.963189 POST /session/b3dece3d-73af-4a39-8b8f-21d37408982c/element [7.952498ms] ERR:404 body={"strategy":"-android uiautomator","selector":"new UiSelector().resourceIdMatches(\".*COMMUNITY.*\")...
07:03:28.971660 POST /session/b3dece3d-73af-4a39-8b8f-21d37408982c/element [8.361763ms] ERR:404 body={"strategy":"-android uiautomator","selector":"new UiSelector().resourceIdMatches(\".*COMMUNITY.*\")...
07:03:28.980385 POST /session/b3dece3d-73af-4a39-8b8f-21d37408982c/element [8.61255ms] ERR:404 body={"strategy":"-android uiautomator","selector":"new UiSelector().resourceIdMatches(\".*COMMUNITY.*\")...
07:03:28.988589 POST /session/b3dece3d-73af-4a39-8b8f-21d37408982c/element [8.108382ms] ERR:404 body={"strategy":"-android uiautomator","selector":"new UiSelector().resourceIdMatches(\".*COMMUNITY.*\")...
07:03:28.997297 POST /session/b3dece3d-73af-4a39-8b8f-21d37408982c/element [8.581964ms] ERR:404 body={"strategy":"-android uiautomator","selector":"new UiSelector().resourceIdMatches(\".*COMMUNITY.*\")...
07:03:29.007671 POST /session/b3dece3d-73af-4a39-8b8f-21d37408982c/element [10.231049ms] ERR:404 body={"strategy":"-android uiautomator","selector":"new UiSelector().resourceIdMatches(\".*COMMUNITY.*\")...
07:03:29.017611 POST /session/b3dece3d-73af-4a39-8b8f-21d37408982c/element [9.803176ms] ERR:404 body={"strategy":"-android uiautomator","selector":"new UiSelector().resourceIdMatches(\".*COMMUNITY.*\")...
07:03:29.025910 POST /session/b3dece3d-73af-4a39-8b8f-21d37408982c/element [8.177556ms] ERR:404 body={"strategy":"-android uiautomator","selector":"new UiSelector().resourceIdMatches(\".*COMMUNITY.*\")...
07:03:29.034349 POST /session/b3dece3d-73af-4a39-8b8f-21d37408982c/element [8.311748ms] ERR:404 body={"strategy":"-android uiautomator","selector":"new UiSelector().resourceIdMatches(\".*COMMUNITY.*\")...
07:03:29.042706 POST /session/b3dece3d-73af-4a39-8b8f-21d37408982c/element [8.251317ms] ERR:404 body={"strategy":"-android uiautomator","selector":"new UiSelector().resourceIdMatches(\".*COMMUNITY.*\")...
07:03:29.051947 POST /session/b3dece3d-73af-4a39-8b8f-21d37408982c/element [9.121341ms] ERR:404 body={"strategy":"-android uiautomator","selector":"new UiSelector().resourceIdMatches(\".*COMMUNITY.*\")...
07:03:29.062714 POST /session/b3dece3d-73af-4a39-8b8f-21d37408982c/element [10.650034ms] ERR:404 body={"strategy":"-android uiautomator","selector":"new UiSelector().resourceIdMatches(\".*COMMUNITY.*\")...
07:03:29.072556 POST /session/b3dece3d-73af-4a39-8b8f-21d37408982c/element [9.74942ms] ERR:404 body={"strategy":"-android uiautomator","selector":"new UiSelector().resourceIdMatches(\".*COMMUNITY.*\")...
07:03:29.100103 POST /session/b3dece3d-73af-4a39-8b8f-21d37408982c/element [27.444193ms] ERR:404 body={"strategy":"-android uiautomator","selector":"new UiSelector().resourceIdMatches(\".*COMMUNITY.*\")...
07:03:29.109489 POST /session/b3dece3d-73af-4a39-8b8f-21d37408982c/element [9.24741ms] ERR:404 body={"strategy":"-android uiautomator","selector":"new UiSelector().resourceIdMatches(\".*COMMUNITY.*\")...
07:03:29.117597 POST /session/b3dece3d-73af-4a39-8b8f-21d37408982c/element [7.977185ms] ERR:404 body={"strategy":"-android uiautomator","selector":"new UiSelector().resourceIdMatches(\".*COMMUNITY.*\")...
07:03:29.127170 POST /session/b3dece3d-73af-4a39-8b8f-21d37408982c/element [9.449675ms] ERR:404 body={"strategy":"-android uiautomator","selector":"new UiSelector().resourceIdMatches(\".*COMMUNITY.*\")...
07:03:29.138416 POST /session/b3dece3d-73af-4a39-8b8f-21d37408982c/element [11.102595ms] ERR:404 body={"strategy":"-android uiautomator","selector":"new UiSelector().resourceIdMatches(\".*COMMUNITY.*\")...
07:03:29.164971 POST /session/b3dece3d-73af-4a39-8b8f-21d37408982c/element [26.426992ms] ERR:404 body={"strategy":"-android uiautomator","selector":"new UiSelector().resourceIdMatches(\".*COMMUNITY.*\")...
07:03:29.179200 POST /session/b3dece3d-73af-4a39-8b8f-21d37408982c/element [14.114293ms] ERR:404 body={"strategy":"-android uiautomator","selector":"new UiSelector().resourceIdMatches(\".*COMMUNITY.*\")...
07:03:29.212448 POST /session/b3dece3d-73af-4a39-8b8f-21d37408982c/element [33.147353ms] ERR:404 body={"strategy":"-android uiautomator","selector":"new UiSelector().resourceIdMatches(\".*COMMUNITY.*\")...
07:03:29.225849 POST /session/b3dece3d-73af-4a39-8b8f-21d37408982c/element [13.269593ms] ERR:404 body={"strategy":"-android uiautomator","selector":"new UiSelector().resourceIdMatches(\".*COMMUNITY.*\")...
07:03:29.234700 POST /session/b3dece3d-73af-4a39-8b8f-21d37408982c/element [8.739472ms] ERR:404 body={"strategy":"-android uiautomator","selector":"new UiSelector().resourceIdMatches(\".*COMMUNITY.*\")...
07:03:29.247707 POST /session/b3dece3d-73af-4a39-8b8f-21d37408982c/element [12.82871ms] ERR:404 body={"strategy":"-android uiautomator","selector":"new UiSelector().resourceIdMatches(\".*COMMUNITY.*\")...
07:03:29.256883 POST /session/b3dece3d-73af-4a39-8b8f-21d37408982c/element [9.01486ms] ERR:404 body={"strategy":"-android uiautomator","selector":"new UiSelector().resourceIdMatches(\".*COMMUNITY.*\")...
07:03:29.265923 POST /session/b3dece3d-73af-4a39-8b8f-21d37408982c/element [8.818425ms] ERR:404 body={"strategy":"-android uiautomator","selector":"new UiSelector().resourceIdMatches(\".*COMMUNITY.*\")...
07:03:29.275864 POST /session/b3dece3d-73af-4a39-8b8f-21d37408982c/element [9.771523ms] ERR:404 body={"strategy":"-android uiautomator","selector":"new UiSelector().resourceIdMatches(\".*COMMUNITY.*\")...
07:03:29.286878 POST /session/b3dece3d-73af-4a39-8b8f-21d37408982c/element [10.882133ms] ERR:404 body={"strategy":"-android uiautomator","selector":"new UiSelector().resourceIdMatches(\".*COMMUNITY.*\")...
07:03:29.296367 POST /session/b3dece3d-73af-4a39-8b8f-21d37408982c/element [9.355558ms] ERR:404 body={"strategy":"-android uiautomator","selector":"new UiSelector().resourceIdMatches(\".*COMMUNITY.*\")...
07:03:29.308683 POST /session/b3dece3d-73af-4a39-8b8f-21d37408982c/element [12.19724ms] ERR:404 body={"strategy":"-android uiautomator","selector":"new UiSelector().resourceIdMatches(\".*COMMUNITY.*\")...
07:03:29.317986 POST /session/b3dece3d-73af-4a39-8b8f-21d37408982c/element [9.182166ms] ERR:404 body={"strategy":"-android uiautomator","selector":"new UiSelector().resourceIdMatches(\".*COMMUNITY.*\")...
07:03:29.326435 POST /session/b3dece3d-73af-4a39-8b8f-21d37408982c/element [8.331518ms] ERR:404 body={"strategy":"-android uiautomator","selector":"new UiSelector().resourceIdMatches(\".*COMMUNITY.*\")...
07:03:29.334764 POST /session/b3dece3d-73af-4a39-8b8f-21d37408982c/element [8.204237ms] ERR:404 body={"strategy":"-android uiautomator","selector":"new UiSelector().resourceIdMatches(\".*COMMUNITY.*\")...
07:03:29.344290 POST /session/b3dece3d-73af-4a39-8b8f-21d37408982c/element [9.395258ms] ERR:404 body={"strategy":"-android uiautomator","selector":"new UiSelector().resourceIdMatches(\".*COMMUNITY.*\")...
07:03:29.357668 POST /session/b3dece3d-73af-4a39-8b8f-21d37408982c/element [13.222422ms] ERR:404 body={"strategy":"-android uiautomator","selector":"new UiSelector().resourceIdMatches(\".*COMMUNITY.*\")...
07:03:29.366572 POST /session/b3dece3d-73af-4a39-8b8f-21d37408982c/element [8.766933ms] ERR:404 body={"strategy":"-android uiautomator","selector":"new UiSelector().resourceIdMatches(\".*COMMUNITY.*\")...
07:03:29.374378 POST /session/b3dece3d-73af-4a39-8b8f-21d37408982c/element [7.656743ms] ERR:404 body={"strategy":"-android uiautomator","selector":"new UiSelector().resourceIdMatches(\".*COMMUNITY.*\")...
07:03:29.382492 POST /session/b3dece3d-73af-4a39-8b8f-21d37408982c/element [7.993039ms] ERR:404 body={"strategy":"-android uiautomator","selector":"new UiSelector().resourceIdMatches(\".*COMMUNITY.*\")...
07:03:29.390676 POST /session/b3dece3d-73af-4a39-8b8f-21d37408982c/element [8.035503ms] ERR:404 body={"strategy":"-android uiautomator","selector":"new UiSelector().resourceIdMatches(\".*COMMUNITY.*\")...
07:03:29.398727 POST /session/b3dece3d-73af-4a39-8b8f-21d37408982c/element [7.930985ms] ERR:404 body={"strategy":"-android uiautomator","selector":"new UiSelector().resourceIdMatches(\".*COMMUNITY.*\")...
07:03:29.407172 POST /session/b3dece3d-73af-4a39-8b8f-21d37408982c/element [8.314452ms] ERR:404 body={"strategy":"-android uiautomator","selector":"new UiSelector().resourceIdMatches(\".*COMMUNITY.*\")...
07:03:29.416427 POST /session/b3dece3d-73af-4a39-8b8f-21d37408982c/element [9.129668ms] ERR:404 body={"strategy":"-android uiautomator","selector":"new UiSelector().resourceIdMatches(\".*COMMUNITY.*\")...
07:03:29.424850 POST /session/b3dece3d-73af-4a39-8b8f-21d37408982c/element [8.262464ms] ERR:404 body={"strategy":"-android uiautomator","selector":"new UiSelector().resourceIdMatches(\".*COMMUNITY.*\")...
07:03:29.433868 POST /session/b3dece3d-73af-4a39-8b8f-21d37408982c/element [8.878721ms] ERR:404 body={"strategy":"-android uiautomator","selector":"new UiSelector().resourceIdMatches(\".*COMMUNITY.*\")...
07:03:29.442233 POST /session/b3dece3d-73af-4a39-8b8f-21d37408982c/element [8.254692ms] ERR:404 body={"strategy":"-android uiautomator","selector":"new UiSelector().resourceIdMatches(\".*COMMUNITY.*\")...
07:03:29.450822 POST /session/b3dece3d-73af-4a39-8b8f-21d37408982c/element [8.423145ms] ERR:404 body={"strategy":"-android uiautomator","selector":"new UiSelector().resourceIdMatches(\".*COMMUNITY.*\")...
07:03:29.459819 POST /session/b3dece3d-73af-4a39-8b8f-21d37408982c/element [8.82542ms] ERR:404 body={"strategy":"-android uiautomator","selector":"new UiSelector().resourceIdMatches(\".*COMMUNITY.*\")...
07:03:29.467873 POST /session/b3dece3d-73af-4a39-8b8f-21d37408982c/element [7.878376ms] ERR:404 body={"strategy":"-android uiautomator","selector":"new UiSelector().resourceIdMatches(\".*COMMUNITY.*\")...
07:03:29.475444 POST /session/b3dece3d-73af-4a39-8b8f-21d37408982c/element [7.438515ms] ERR:404 body={"strategy":"-android uiautomator","selector":"new UiSelector().resourceIdMatches(\".*COMMUNITY.*\")...
07:03:29.483368 POST /session/b3dece3d-73af-4a39-8b8f-21d37408982c/element [7.803454ms] ERR:404 body={"strategy":"-android uiautomator","selector":"new UiSelector().resourceIdMatches(\".*COMMUNITY.*\")...
07:03:29.490604 POST /session/b3dece3d-73af-4a39-8b8f-21d37408982c/element [7.117202ms] ERR:404 body={"strategy":"-android uiautomator","selector":"new UiSelector().resourceIdMatches(\".*COMMUNITY.*\")...
07:03:29.613213 POST /session/b3dece3d-73af-4a39-8b8f-21d37408982c/element [122.482503ms] ERR:404 body={"strategy":"-android uiautomator","selector":"new UiSelector().resourceIdMatches(\".*COMMUNITY.*\")...
07:03:29.629538 POST /session/b3dece3d-73af-4a39-8b8f-21d37408982c/element [16.202803ms] ERR:404 body={"strategy":"-android uiautomator","selector":"new UiSelector().resourceIdMatches(\".*COMMUNITY.*\")...
07:03:29.638827 POST /session/b3dece3d-73af-4a39-8b8f-21d37408982c/element [9.164711ms] ERR:404 body={"strategy":"-android uiautomator","selector":"new UiSelector().resourceIdMatches(\".*COMMUNITY.*\")...
07:03:29.648558 POST /session/b3dece3d-73af-4a39-8b8f-21d37408982c/element [9.598112ms] ERR:404 body={"strategy":"-android uiautomator","selector":"new UiSelector().resourceIdMatches(\".*COMMUNITY.*\")...
07:03:29.656395 POST /session/b3dece3d-73af-4a39-8b8f-21d37408982c/element [7.678065ms] ERR:404 body={"strategy":"-android uiautomator","selector":"new UiSelector().resourceIdMatches(\".*COMMUNITY.*\")...
07:03:29.664632 POST /session/b3dece3d-73af-4a39-8b8f-21d37408982c/element [8.083074ms] ERR:404 body={"strategy":"-android uiautomator","selector":"new UiSelector().resourceIdMatches(\".*COMMUNITY.*\")...
07:03:29.685748 POST /session/b3dece3d-73af-4a39-8b8f-21d37408982c/element [20.963152ms] ERR:404 body={"strategy":"-android uiautomator","selector":"new UiSelector().resourceIdMatches(\".*COMMUNITY.*\")...
07:03:29.695757 POST /session/b3dece3d-73af-4a39-8b8f-21d37408982c/element [9.866927ms] ERR:404 body={"strategy":"-android uiautomator","selector":"new UiSelector().resourceIdMatches(\".*COMMUNITY.*\")...
07:03:29.703234 POST /session/b3dece3d-73af-4a39-8b8f-21d37408982c/element [7.35571ms] ERR:404 body={"strategy":"-android uiautomator","selector":"new UiSelector().resourceIdMatches(\".*COMMUNITY.*\")...
07:03:29.712579 POST /session/b3dece3d-73af-4a39-8b8f-21d37408982c/element [9.209167ms] ERR:404 body={"strategy":"-android uiautomator","selector":"new UiSelector().resourceIdMatches(\".*COMMUNITY.*\")...
07:03:29.742168 POST /session/b3dece3d-73af-4a39-8b8f-21d37408982c/element [29.399197ms] ERR:404 body={"strategy":"-android uiautomator","selector":"new UiSelector().resourceIdMatches(\".*COMMUNITY.*\")...
07:03:30.029099 POST /session/b3dece3d-73af-4a39-8b8f-21d37408982c/element [286.788736ms] ERR:404 body={"strategy":"-android uiautomator","selector":"new UiSelector().resourceIdMatches(\".*COMMUNITY.*\")...
07:03:30.603208 POST /session/b3dece3d-73af-4a39-8b8f-21d37408982c/element [574.005526ms] OK body={"strategy":"-android uiautomator","selector":"new UiSelector().resourceIdMatches(\".*COMMUNITY.*\")...
07:03:31.918599 GET /session/b3dece3d-73af-4a39-8b8f-21d37408982c/element/00000000-0000-0018-ffff-ffff00000095/text [1.315288263s] OK body=
07:03:31.932297 GET /session/b3dece3d-73af-4a39-8b8f-21d37408982c/element/00000000-0000-0018-ffff-ffff00000095/rect [13.601954ms] OK body=
07:03:31.955259 POST /session/b3dece3d-73af-4a39-8b8f-21d37408982c/element [22.216646ms] ERR:404 body={"strategy":"-android uiautomator","selector":"new UiSelector().resourceIdMatches(\".*SEARCH.*\").cl...
07:03:31.980565 POST /session/b3dece3d-73af-4a39-8b8f-21d37408982c/element [25.206238ms] OK body={"strategy":"-android uiautomator","selector":"new UiSelector().resourceIdMatches(\".*SEARCH.*\")"}
07:03:32.001191 GET /session/b3dece3d-73af-4a39-8b8f-21d37408982c/element/00000000-0000-0018-ffff-ffff000000a1/text [20.554677ms] OK body=
07:03:32.014683 GET /session/b3dece3d-73af-4a39-8b8f-21d37408982c/element/00000000-0000-0018-ffff-ffff000000a1/rect [13.413715ms] OK body=
07:03:32.042413 POST /session/b3dece3d-73af-4a39-8b8f-21d37408982c/element/00000000-0000-0018-ffff-ffff000000a1/click [27.66585ms] OK body=
07:03:32.162810 POST /session/b3dece3d-73af-4a39-8b8f-21d37408982c/element [119.689925ms] ERR:404 body={"strategy":"-android uiautomator","selector":"new UiSelector().resourceIdMatches(\".*search-mode-to...
07:03:32.281248 POST /session/b3dece3d-73af-4a39-8b8f-21d37408982c/element [118.333634ms] ERR:404 body={"strategy":"-android uiautomator","selector":"new UiSelector().resourceIdMatches(\".*search-mode-to...
07:03:32.833995 POST /session/b3dece3d-73af-4a39-8b8f-21d37408982c/element [552.638777ms] OK body={"strategy":"-android uiautomator","selector":"new UiSelector().resourceIdMatches(\".*search-mode-to...
07:03:32.841814 GET /session/b3dece3d-73af-4a39-8b8f-21d37408982c/element/00000000-0000-0018-ffff-ffff00000113/text [7.74747ms] OK body=
07:03:32.850884 GET /session/b3dece3d-73af-4a39-8b8f-21d37408982c/element/00000000-0000-0018-ffff-ffff00000113/rect [9.002988ms] OK body=
07:03:32.879049 POST /session/b3dece3d-73af-4a39-8b8f-21d37408982c/element/00000000-0000-0018-ffff-ffff00000113/click [28.091821ms] OK body=
07:03:32.897823 POST /session/b3dece3d-73af-4a39-8b8f-21d37408982c/element [17.864622ms] ERR:404 body={"strategy":"-android uiautomator","selector":"new UiSelector().resourceIdMatches(\".*search-user-in...
07:03:32.913077 POST /session/b3dece3d-73af-4a39-8b8f-21d37408982c/element [15.150121ms] ERR:404 body={"strategy":"-android uiautomator","selector":"new UiSelector().resourceIdMatches(\".*search-user-in...
07:03:32.928924 POST /session/b3dece3d-73af-4a39-8b8f-21d37408982c/element [15.73194ms] ERR:404 body={"strategy":"-android uiautomator","selector":"new UiSelector().resourceIdMatches(\".*search-user-in...
07:03:32.963049 POST /session/b3dece3d-73af-4a39-8b8f-21d37408982c/element [34.042574ms] OK body={"strategy":"-android uiautomator","selector":"new UiSelector().resourceIdMatches(\".*search-user-in...
07:03:33.554795 GET /session/b3dece3d-73af-4a39-8b8f-21d37408982c/element/00000000-0000-0018-ffff-ffff0000011e/text [591.661557ms] OK body=
07:03:33.563597 GET /session/b3dece3d-73af-4a39-8b8f-21d37408982c/element/00000000-0000-0018-ffff-ffff0000011e/rect [8.727291ms] OK body=
07:03:34.281970 POST /session/b3dece3d-73af-4a39-8b8f-21d37408982c/element/00000000-0000-0018-ffff-ffff0000011e/click [718.281274ms] OK body=
07:03:34.309712 POST /session/b3dece3d-73af-4a39-8b8f-21d37408982c/actions [26.884338ms] OK body={"actions":[{"actions":[{"type":"keyDown","value":"a"},{"type":"keyUp","value":"a"}],"id":"keyboard"...
07:03:34.326023 POST /session/b3dece3d-73af-4a39-8b8f-21d37408982c/appium/device/hide_keyboard [15.347901ms] ERR:404 body=
07:03:34.962175 POST /session/b3dece3d-73af-4a39-8b8f-21d37408982c/element [628.341709ms] ERR:404 body={"strategy":"-android uiautomator","selector":"new UiSelector().resourceIdMatches(\".*search-user-fo...
07:03:34.971098 POST /session/b3dece3d-73af-4a39-8b8f-21d37408982c/element [8.8067ms] ERR:404 body={"strategy":"-android uiautomator","selector":"new UiSelector().resourceIdMatches(\".*search-user-fo...
07:03:34.981331 POST /session/b3dece3d-73af-4a39-8b8f-21d37408982c/element [10.139124ms] ERR:404 body={"strategy":"-android uiautomator","selector":"new UiSelector().resourceIdMatches(\".*search-user-fo...
07:03:34.990269 POST /session/b3dece3d-73af-4a39-8b8f-21d37408982c/element [8.819048ms] ERR:404 body={"strategy":"-android uiautomator","selector":"new UiSelector().resourceIdMatches(\".*search-user-fo...
07:03:34.998796 POST /session/b3dece3d-73af-4a39-8b8f-21d37408982c/element [8.417465ms] ERR:404 body={"strategy":"-android uiautomator","selector":"new UiSelector().resourceIdMatches(\".*search-user-fo...
07:03:35.007808 POST /session/b3dece3d-73af-4a39-8b8f-21d37408982c/element [8.909064ms] ERR:404 body={"strategy":"-android uiautomator","selector":"new UiSelector().resourceIdMatches(\".*search-user-fo...
07:03:35.016357 POST /session/b3dece3d-73af-4a39-8b8f-21d37408982c/element [8.443503ms] ERR:404 body={"strategy":"-android uiautomator","selector":"new UiSelector().resourceIdMatches(\".*search-user-fo...
07:03:35.024479 POST /session/b3dece3d-73af-4a39-8b8f-21d37408982c/element [8.010983ms] ERR:404 body={"strategy":"-android uiautomator","selector":"new UiSelector().resourceIdMatches(\".*search-user-fo...
07:03:35.033583 POST /session/b3dece3d-73af-4a39-8b8f-21d37408982c/element [8.997697ms] ERR:404 body={"strategy":"-android uiautomator","selector":"new UiSelector().resourceIdMatches(\".*search-user-fo...
07:03:35.043422 POST /session/b3dece3d-73af-4a39-8b8f-21d37408982c/element [9.733204ms] ERR:404 body={"strategy":"-android uiautomator","selector":"new UiSelector().resourceIdMatches(\".*search-user-fo...
07:03:35.053558 POST /session/b3dece3d-73af-4a39-8b8f-21d37408982c/element [10.044773ms] ERR:404 body={"strategy":"-android uiautomator","selector":"new UiSelector().resourceIdMatches(\".*search-user-fo...
07:03:35.063515 POST /session/b3dece3d-73af-4a39-8b8f-21d37408982c/element [9.858542ms] ERR:404 body={"strategy":"-android uiautomator","selector":"new UiSelector().resourceIdMatches(\".*search-user-fo...
07:03:35.072866 POST /session/b3dece3d-73af-4a39-8b8f-21d37408982c/element [9.260583ms] ERR:404 body={"strategy":"-android uiautomator","selector":"new UiSelector().resourceIdMatches(\".*search-user-fo...
07:03:35.081347 POST /session/b3dece3d-73af-4a39-8b8f-21d37408982c/element [8.395422ms] ERR:404 body={"strategy":"-android uiautomator","selector":"new UiSelector().resourceIdMatches(\".*search-user-fo...
07:03:35.089812 POST /session/b3dece3d-73af-4a39-8b8f-21d37408982c/element [8.360779ms] ERR:404 body={"strategy":"-android uiautomator","selector":"new UiSelector().resourceIdMatches(\".*search-user-fo...
07:03:35.098170 POST /session/b3dece3d-73af-4a39-8b8f-21d37408982c/element [8.243563ms] ERR:404 body={"strategy":"-android uiautomator","selector":"new UiSelector().resourceIdMatches(\".*search-user-fo...
07:03:35.108723 POST /session/b3dece3d-73af-4a39-8b8f-21d37408982c/element [10.467678ms] ERR:404 body={"strategy":"-android uiautomator","selector":"new UiSelector().resourceIdMatches(\".*search-user-fo...
07:03:35.119806 POST /session/b3dece3d-73af-4a39-8b8f-21d37408982c/element [10.983104ms] ERR:404 body={"strategy":"-android uiautomator","selector":"new UiSelector().resourceIdMatches(\".*search-user-fo...
07:03:35.130961 POST /session/b3dece3d-73af-4a39-8b8f-21d37408982c/element [11.04671ms] ERR:404 body={"strategy":"-android uiautomator","selector":"new UiSelector().resourceIdMatches(\".*search-user-fo...
07:03:35.142204 POST /session/b3dece3d-73af-4a39-8b8f-21d37408982c/element [11.117086ms] ERR:404 body={"strategy":"-android uiautomator","selector":"new UiSelector().resourceIdMatches(\".*search-user-fo...
07:03:35.150991 POST /session/b3dece3d-73af-4a39-8b8f-21d37408982c/element [8.678107ms] ERR:404 body={"strategy":"-android uiautomator","selector":"new UiSelector().resourceIdMatches(\".*search-user-fo...
07:03:35.159848 POST /session/b3dece3d-73af-4a39-8b8f-21d37408982c/element [8.753049ms] ERR:404 body={"strategy":"-android uiautomator","selector":"new UiSelector().resourceIdMatches(\".*search-user-fo...
07:03:35.172912 POST /session/b3dece3d-73af-4a39-8b8f-21d37408982c/element [12.910965ms] ERR:404 body={"strategy":"-android uiautomator","selector":"new UiSelector().resourceIdMatches(\".*search-user-fo...
07:03:35.182828 POST /session/b3dece3d-73af-4a39-8b8f-21d37408982c/element [9.791437ms] ERR:404 body={"strategy":"-android uiautomator","selector":"new UiSelector().resourceIdMatches(\".*search-user-fo...
07:03:35.190304 POST /session/b3dece3d-73af-4a39-8b8f-21d37408982c/element [7.357355ms] ERR:404 body={"strategy":"-android uiautomator","selector":"new UiSelector().resourceIdMatches(\".*search-user-fo...
07:03:35.199064 POST /session/b3dece3d-73af-4a39-8b8f-21d37408982c/element [8.654015ms] ERR:404 body={"strategy":"-android uiautomator","selector":"new UiSelector().resourceIdMatches(\".*search-user-fo...
07:03:35.211767 POST /session/b3dece3d-73af-4a39-8b8f-21d37408982c/element [12.585055ms] ERR:404 body={"strategy":"-android uiautomator","selector":"new UiSelector().resourceIdMatches(\".*search-user-fo...
07:03:35.698975 POST /session/b3dece3d-73af-4a39-8b8f-21d37408982c/element [487.042208ms] OK body={"strategy":"-android uiautomator","selector":"new UiSelector().resourceIdMatches(\".*search-user-fo...
07:03:36.417657 POST /session/b3dece3d-73af-4a39-8b8f-21d37408982c/element [717.439412ms] OK body={"strategy":"-android uiautomator","selector":"new UiSelector().resourceIdMatches(\".*search-user-fo...
07:03:36.424577 GET /session/b3dece3d-73af-4a39-8b8f-21d37408982c/element/00000000-0000-0018-ffff-ffff0000013d/text [6.839686ms] OK body=
07:03:36.431379 GET /session/b3dece3d-73af-4a39-8b8f-21d37408982c/element/00000000-0000-0018-ffff-ffff0000013d/rect [6.752299ms] OK body=
07:03:36.458104 POST /session/b3dece3d-73af-4a39-8b8f-21d37408982c/element/00000000-0000-0018-ffff-ffff0000013d/click [26.673952ms] OK body=
07:03:36.531997 POST /session/b3dece3d-73af-4a39-8b8f-21d37408982c/element [70.859419ms] OK body={"strategy":"-android uiautomator","selector":"new UiSelector().textContains(\"Unfollow\")"}
07:03:37.129349 POST /session/b3dece3d-73af-4a39-8b8f-21d37408982c/element [596.267987ms] OK body={"strategy":"-android uiautomator","selector":"new UiSelector().resourceIdMatches(\".*search-user-fo...
07:03:37.136375 GET /session/b3dece3d-73af-4a39-8b8f-21d37408982c/element/00000000-0000-0018-ffff-ffff0000013d/text [6.947793ms] OK body=
07:03:37.143727 GET /session/b3dece3d-73af-4a39-8b8f-21d37408982c/element/00000000-0000-0018-ffff-ffff0000013d/rect [7.30448ms] OK body=
07:03:37.174472 POST /session/b3dece3d-73af-4a39-8b8f-21d37408982c/element/00000000-0000-0018-ffff-ffff0000013d/click [30.681145ms] OK body=
07:03:37.203426 POST /session/b3dece3d-73af-4a39-8b8f-21d37408982c/element [27.378212ms] OK body={"strategy":"-android uiautomator","selector":"new UiSelector().textContains(\"Follow\")"}
07:03:41.857808 POST /session/b3dece3d-73af-4a39-8b8f-21d37408982c/appium/device/launch_app [3.411274ms] ERR:404 body={"appId":"com.tastopia.app"}
07:03:44.272703 POST /session/b3dece3d-73af-4a39-8b8f-21d37408982c/element [926.179422ms] OK body={"strategy":"-android uiautomator","selector":"new UiSelector().resourceIdMatches(\".*MENU.*\")"}
07:03:44.830713 GET /session/b3dece3d-73af-4a39-8b8f-21d37408982c/element/00000000-0000-001a-ffff-ffff0000006f/text [557.907725ms] OK body=
07:03:46.141251 GET /session/b3dece3d-73af-4a39-8b8f-21d37408982c/element/00000000-0000-001a-ffff-ffff0000006f/rect [1.310457101s] OK body=
07:03:46.264225 POST /session/b3dece3d-73af-4a39-8b8f-21d37408982c/element [122.653109ms] ERR:404 body={"strategy":"-android uiautomator","selector":"new UiSelector().resourceIdMatches(\".*MENU.*\").clic...
07:03:46.287153 POST /session/b3dece3d-73af-4a39-8b8f-21d37408982c/element [22.812895ms] OK body={"strategy":"-android uiautomator","selector":"new UiSelector().resourceIdMatches(\".*MENU.*\")"}
07:03:46.295046 GET /session/b3dece3d-73af-4a39-8b8f-21d37408982c/element/00000000-0000-001a-ffff-ffff0000006f/text [7.82306ms] OK body=
07:03:46.303375 GET /session/b3dece3d-73af-4a39-8b8f-21d37408982c/element/00000000-0000-001a-ffff-ffff0000006f/rect [8.267028ms] OK body=
07:03:46.330913 POST /session/b3dece3d-73af-4a39-8b8f-21d37408982c/element/00000000-0000-001a-ffff-ffff0000006f/click [27.469226ms] OK body=
07:03:46.333615 POST /session/b3dece3d-73af-4a39-8b8f-21d37408982c/appium/device/hide_keyboard [2.601231ms] ERR:404 body=
07:03:46.468816 POST /session/b3dece3d-73af-4a39-8b8f-21d37408982c/element [134.886721ms] ERR:404 body={"strategy":"-android uiautomator","selector":"new UiSelector().textContains(\"History\")"}
07:03:46.503439 POST /session/b3dece3d-73af-4a39-8b8f-21d37408982c/element [34.519454ms] ERR:404 body={"strategy":"-android uiautomator","selector":"new UiSelector().descriptionContains(\"History\")"}
07:03:46.523869 POST /session/b3dece3d-73af-4a39-8b8f-21d37408982c/element [20.31485ms] ERR:404 body={"strategy":"-android uiautomator","selector":"new UiSelector().textMatches(\"(?is).*\\QHistory\\E.*...
07:03:46.669482 POST /session/b3dece3d-73af-4a39-8b8f-21d37408982c/element [145.492215ms] ERR:404 body={"strategy":"-android uiautomator","selector":"new UiSelector().descriptionMatches(\"(?is).*\\QHisto...
07:03:47.605601 POST /session/b3dece3d-73af-4a39-8b8f-21d37408982c/element [935.356308ms] OK body={"strategy":"-android uiautomator","selector":"new UiSelector().textContains(\"History\")"}
07:03:48.129102 POST /session/b3dece3d-73af-4a39-8b8f-21d37408982c/element [523.178815ms] OK body={"strategy":"-android uiautomator","selector":"new UiSelector().resourceIdMatches(\".*menu-logout-bu...
07:03:48.136797 GET /session/b3dece3d-73af-4a39-8b8f-21d37408982c/element/00000000-0000-001a-ffff-ffff000000ec/text [7.612605ms] OK body=
07:03:48.145207 GET /session/b3dece3d-73af-4a39-8b8f-21d37408982c/element/00000000-0000-001a-ffff-ffff000000ec/rect [8.340999ms] OK body=
07:03:48.173581 POST /session/b3dece3d-73af-4a39-8b8f-21d37408982c/element/00000000-0000-001a-ffff-ffff000000ec/click [28.299338ms] OK body=
07:03:48.196519 POST /session/b3dece3d-73af-4a39-8b8f-21d37408982c/element [22.653135ms] ERR:404 body={"strategy":"-android uiautomator","selector":"new UiSelector().textContains(\"Welcome to\")"}
07:03:48.219568 POST /session/b3dece3d-73af-4a39-8b8f-21d37408982c/element [22.951208ms] ERR:404 body={"strategy":"-android uiautomator","selector":"new UiSelector().descriptionContains(\"Welcome to\")"...
07:03:48.240206 POST /session/b3dece3d-73af-4a39-8b8f-21d37408982c/element [20.4844ms] ERR:404 body={"strategy":"-android uiautomator","selector":"new UiSelector().textMatches(\"(?is).*\\QWelcome to\\...
07:03:48.258931 POST /session/b3dece3d-73af-4a39-8b8f-21d37408982c/element [18.588976ms] ERR:404 body={"strategy":"-android uiautomator","selector":"new UiSelector().descriptionMatches(\"(?is).*\\QWelco...
07:03:48.276964 POST /session/b3dece3d-73af-4a39-8b8f-21d37408982c/element [17.896274ms] ERR:404 body={"strategy":"-android uiautomator","selector":"new UiSelector().textContains(\"Welcome to\")"}
07:03:48.296538 POST /session/b3dece3d-73af-4a39-8b8f-21d37408982c/element [19.455819ms] ERR:404 body={"strategy":"-android uiautomator","selector":"new UiSelector().descriptionContains(\"Welcome to\")"...
07:03:48.316986 POST /session/b3dece3d-73af-4a39-8b8f-21d37408982c/element [20.326914ms] ERR:404 body={"strategy":"-android uiautomator","selector":"new UiSelector().textMatches(\"(?is).*\\QWelcome to\\...
07:03:48.337244 POST /session/b3dece3d-73af-4a39-8b8f-21d37408982c/element [20.161565ms] ERR:404 body={"strategy":"-android uiautomator","selector":"new UiSelector().descriptionMatches(\"(?is).*\\QWelco...
07:03:48.362703 POST /session/b3dece3d-73af-4a39-8b8f-21d37408982c/element [25.344982ms] ERR:404 body={"strategy":"-android uiautomator","selector":"new UiSelector().textContains(\"Welcome to\")"}
07:03:48.416619 POST /session/b3dece3d-73af-4a39-8b8f-21d37408982c/element [53.818568ms] ERR:404 body={"strategy":"-android uiautomator","selector":"new UiSelector().descriptionContains(\"Welcome to\")"...
07:03:49.146818 POST /session/b3dece3d-73af-4a39-8b8f-21d37408982c/element [729.897727ms] OK body={"strategy":"-android uiautomator","selector":"new UiSelector().textMatches(\"(?is).*\\QWelcome to\\...
07:03:49.439184 POST /session/b3dece3d-73af-4a39-8b8f-21d37408982c/element [292.091086ms] OK body={"strategy":"-android uiautomator","selector":"new UiSelector().textContains(\"Tastopia\")"}
07:03:49.466885 DELETE /session/b3dece3d-73af-4a39-8b8f-21d37408982c [2.846468ms] OK body=
