11:58:21.145686 POST /session [30.058801ms] OK body={"capabilities":{"platformName":"Android","deviceName":"Android SDK built for x86"}}
11:58:21.192985 POST /session/41dc848e-257f-485e-8132-ef47e5a4e374/appium/settings [8.667334ms] OK body={"settings":{"waitForIdleTimeout":200}}
11:58:21.198748 POST /session/41dc848e-257f-485e-8132-ef47e5a4e374/appium/settings [5.727429ms] OK body={"settings":{"implicitWait":100}}
11:58:21.253555 GET /session/41dc848e-257f-485e-8132-ef47e5a4e374/appium/device/info [39.599036ms] OK body=
11:58:21.503724 POST /session/41dc848e-257f-485e-8132-ef47e5a4e374/appium/settings [6.967323ms] OK body={"settings":{"waitForIdleTimeout":200}}
11:58:24.812231 POST /session/41dc848e-257f-485e-8132-ef47e5a4e374/appium/device/launch_app [7.298847ms] ERR:404 body={"appId":"com.tastopia.app"}
11:58:27.288375 POST /session/41dc848e-257f-485e-8132-ef47e5a4e374/element [954.381626ms] OK body={"strategy":"-android uiautomator","selector":"new UiSelector().resourceIdMatches(\".*welcome-sign-i...
11:58:28.052337 GET /session/41dc848e-257f-485e-8132-ef47e5a4e374/element/00000000-0000-0007-ffff-ffff00000023/text [763.83794ms] OK body=
11:58:28.557705 GET /session/41dc848e-257f-485e-8132-ef47e5a4e374/element/00000000-0000-0007-ffff-ffff00000023/rect [505.28096ms] OK body=
11:58:28.595669 POST /session/41dc848e-257f-485e-8132-ef47e5a4e374/element/00000000-0000-0007-ffff-ffff00000023/click [37.85872ms] OK body=
11:58:28.654371 POST /session/41dc848e-257f-485e-8132-ef47e5a4e374/element [17.317495ms] ERR:404 body={"strategy":"-android uiautomator","selector":"new UiSelector().resourceIdMatches(\".*login-identifi...
11:58:28.670721 POST /session/41dc848e-257f-485e-8132-ef47e5a4e374/element [14.733815ms] ERR:404 body={"strategy":"-android uiautomator","selector":"new UiSelector().resourceIdMatches(\".*login-identifi...
11:58:28.685650 POST /session/41dc848e-257f-485e-8132-ef47e5a4e374/element [14.820309ms] ERR:404 body={"strategy":"-android uiautomator","selector":"new UiSelector().resourceIdMatches(\".*login-identifi...
11:58:28.707721 POST /session/41dc848e-257f-485e-8132-ef47e5a4e374/element [21.954674ms] ERR:404 body={"strategy":"-android uiautomator","selector":"new UiSelector().resourceIdMatches(\".*login-identifi...
11:58:28.717490 POST /session/41dc848e-257f-485e-8132-ef47e5a4e374/element [9.685384ms] ERR:404 body={"strategy":"-android uiautomator","selector":"new UiSelector().resourceIdMatches(\".*login-identifi...
11:58:28.730020 POST /session/41dc848e-257f-485e-8132-ef47e5a4e374/element [12.447346ms] ERR:404 body={"strategy":"-android uiautomator","selector":"new UiSelector().resourceIdMatches(\".*login-identifi...
11:58:29.448840 POST /session/41dc848e-257f-485e-8132-ef47e5a4e374/element [718.740174ms] OK body={"strategy":"-android uiautomator","selector":"new UiSelector().resourceIdMatches(\".*login-identifi...
11:58:29.464016 POST /session/41dc848e-257f-485e-8132-ef47e5a4e374/element [14.895056ms] OK body={"strategy":"-android uiautomator","selector":"new UiSelector().resourceIdMatches(\".*login-identifi...
11:58:29.476701 GET /session/41dc848e-257f-485e-8132-ef47e5a4e374/element/00000000-0000-0007-ffff-ffff00000034/text [12.609265ms] OK body=
11:58:29.491103 GET /session/41dc848e-257f-485e-8132-ef47e5a4e374/element/00000000-0000-0007-ffff-ffff00000034/rect [14.361708ms] OK body=
11:58:29.798259 POST /session/41dc848e-257f-485e-8132-ef47e5a4e374/element/00000000-0000-0007-ffff-ffff00000034/click [307.091123ms] OK body=
11:58:31.027927 POST /session/41dc848e-257f-485e-8132-ef47e5a4e374/actions [1.22885199s] OK body={"actions":[{"actions":[{"type":"keyDown","value":"a"},{"type":"keyUp","value":"a"},{"type":"keyDown...
11:58:31.039816 POST /session/41dc848e-257f-485e-8132-ef47e5a4e374/appium/device/hide_keyboard [11.770923ms] ERR:404 body=
11:58:31.649890 POST /session/41dc848e-257f-485e-8132-ef47e5a4e374/element [609.759165ms] OK body={"strategy":"-android uiautomator","selector":"new UiSelector().resourceIdMatches(\".*login-password...
11:58:31.684691 POST /session/41dc848e-257f-485e-8132-ef47e5a4e374/element [34.522606ms] OK body={"strategy":"-android uiautomator","selector":"new UiSelector().resourceIdMatches(\".*login-password...
11:58:31.700502 GET /session/41dc848e-257f-485e-8132-ef47e5a4e374/element/00000000-0000-0007-ffff-ffff00000035/text [15.721748ms] OK body=
11:58:31.714586 GET /session/41dc848e-257f-485e-8132-ef47e5a4e374/element/00000000-0000-0007-ffff-ffff00000035/rect [14.016182ms] OK body=
11:58:32.376398 POST /session/41dc848e-257f-485e-8132-ef47e5a4e374/element/00000000-0000-0007-ffff-ffff00000035/click [661.7594ms] OK body=
11:58:32.891836 POST /session/41dc848e-257f-485e-8132-ef47e5a4e374/actions [515.105948ms] OK body={"actions":[{"actions":[{"type":"keyDown","value":"P"},{"type":"keyUp","value":"P"},{"type":"keyDown...
11:58:32.900723 POST /session/41dc848e-257f-485e-8132-ef47e5a4e374/appium/device/hide_keyboard [8.734554ms] ERR:404 body=
11:58:33.456082 POST /session/41dc848e-257f-485e-8132-ef47e5a4e374/element [555.060432ms] OK body={"strategy":"-android uiautomator","selector":"new UiSelector().resourceIdMatches(\".*login-submit-b...
11:58:33.467666 GET /session/41dc848e-257f-485e-8132-ef47e5a4e374/element/00000000-0000-0007-ffff-ffff0000004c/text [11.518719ms] OK body=
11:58:33.481433 GET /session/41dc848e-257f-485e-8132-ef47e5a4e374/element/00000000-0000-0007-ffff-ffff0000004c/rect [13.697985ms] OK body=
11:58:33.515162 POST /session/41dc848e-257f-485e-8132-ef47e5a4e374/element/00000000-0000-0007-ffff-ffff0000004c/click [33.665854ms] OK body=
11:58:33.534851 POST /session/41dc848e-257f-485e-8132-ef47e5a4e374/element [19.624997ms] OK body={"strategy":"-android uiautomator","selector":"new UiSelector().resourceIdMatches(\".*login-submit-b...
11:58:34.180966 GET /session/41dc848e-257f-485e-8132-ef47e5a4e374/element/00000000-0000-0007-ffff-ffff0000004c/text [646.027611ms] OK body=
11:58:34.193487 GET /session/41dc848e-257f-485e-8132-ef47e5a4e374/element/00000000-0000-0007-ffff-ffff0000004c/rect [12.447512ms] OK body=
11:58:34.227481 POST /session/41dc848e-257f-485e-8132-ef47e5a4e374/element/00000000-0000-0007-ffff-ffff0000004c/click [33.920564ms] OK body=
11:58:34.256706 POST /session/41dc848e-257f-485e-8132-ef47e5a4e374/element [28.944891ms] ERR:404 body={"strategy":"-android uiautomator","selector":"new UiSelector().resourceIdMatches(\".*COMMUNITY.*\")...
11:58:34.309227 POST /session/41dc848e-257f-485e-8132-ef47e5a4e374/element [52.37055ms] ERR:404 body={"strategy":"-android uiautomator","selector":"new UiSelector().resourceIdMatches(\".*COMMUNITY.*\")...
11:58:34.979850 POST /session/41dc848e-257f-485e-8132-ef47e5a4e374/element [670.490215ms] ERR:404 body={"strategy":"-android uiautomator","selector":"new UiSelector().resourceIdMatches(\".*COMMUNITY.*\")...
11:58:34.993637 POST /session/41dc848e-257f-485e-8132-ef47e5a4e374/element [13.662217ms] ERR:404 body={"strategy":"-android uiautomator","selector":"new UiSelector().resourceIdMatches(\".*COMMUNITY.*\")...
11:58:35.007286 POST /session/41dc848e-257f-485e-8132-ef47e5a4e374/element [13.529284ms] ERR:404 body={"strategy":"-android uiautomator","selector":"new UiSelector().resourceIdMatches(\".*COMMUNITY.*\")...
11:58:35.022138 POST /session/41dc848e-257f-485e-8132-ef47e5a4e374/element [14.763345ms] ERR:404 body={"strategy":"-android uiautomator","selector":"new UiSelector().resourceIdMatches(\".*COMMUNITY.*\")...
11:58:35.033648 POST /session/41dc848e-257f-485e-8132-ef47e5a4e374/element [11.402158ms] ERR:404 body={"strategy":"-android uiautomator","selector":"new UiSelector().resourceIdMatches(\".*COMMUNITY.*\")...
11:58:35.045433 POST /session/41dc848e-257f-485e-8132-ef47e5a4e374/element [11.680311ms] ERR:404 body={"strategy":"-android uiautomator","selector":"new UiSelector().resourceIdMatches(\".*COMMUNITY.*\")...
11:58:35.056433 POST /session/41dc848e-257f-485e-8132-ef47e5a4e374/element [10.909682ms] ERR:404 body={"strategy":"-android uiautomator","selector":"new UiSelector().resourceIdMatches(\".*COMMUNITY.*\")...
11:58:35.070023 POST /session/41dc848e-257f-485e-8132-ef47e5a4e374/element [13.520513ms] ERR:404 body={"strategy":"-android uiautomator","selector":"new UiSelector().resourceIdMatches(\".*COMMUNITY.*\")...
11:58:35.082871 POST /session/41dc848e-257f-485e-8132-ef47e5a4e374/element [12.788345ms] ERR:404 body={"strategy":"-android uiautomator","selector":"new UiSelector().resourceIdMatches(\".*COMMUNITY.*\")...
11:58:35.104812 POST /session/41dc848e-257f-485e-8132-ef47e5a4e374/element [21.847753ms] ERR:404 body={"strategy":"-android uiautomator","selector":"new UiSelector().resourceIdMatches(\".*COMMUNITY.*\")...
11:58:35.118134 POST /session/41dc848e-257f-485e-8132-ef47e5a4e374/element [13.249092ms] ERR:404 body={"strategy":"-android uiautomator","selector":"new UiSelector().resourceIdMatches(\".*COMMUNITY.*\")...
11:58:35.130048 POST /session/41dc848e-257f-485e-8132-ef47e5a4e374/element [11.837756ms] ERR:404 body={"strategy":"-android uiautomator","selector":"new UiSelector().resourceIdMatches(\".*COMMUNITY.*\")...
11:58:35.144004 POST /session/41dc848e-257f-485e-8132-ef47e5a4e374/element [13.870604ms] ERR:404 body={"strategy":"-android uiautomator","selector":"new UiSelector().resourceIdMatches(\".*COMMUNITY.*\")...
11:58:35.158053 POST /session/41dc848e-257f-485e-8132-ef47e5a4e374/element [13.982151ms] ERR:404 body={"strategy":"-android uiautomator","selector":"new UiSelector().resourceIdMatches(\".*COMMUNITY.*\")...
11:58:35.169240 POST /session/41dc848e-257f-485e-8132-ef47e5a4e374/element [11.088192ms] ERR:404 body={"strategy":"-android uiautomator","selector":"new UiSelector().resourceIdMatches(\".*COMMUNITY.*\")...
11:58:35.180279 POST /session/41dc848e-257f-485e-8132-ef47e5a4e374/element [10.962733ms] ERR:404 body={"strategy":"-android uiautomator","selector":"new UiSelector().resourceIdMatches(\".*COMMUNITY.*\")...
11:58:35.191478 POST /session/41dc848e-257f-485e-8132-ef47e5a4e374/element [11.127473ms] ERR:404 body={"strategy":"-android uiautomator","selector":"new UiSelector().resourceIdMatches(\".*COMMUNITY.*\")...
11:58:35.204710 POST /session/41dc848e-257f-485e-8132-ef47e5a4e374/element [13.152629ms] ERR:404 body={"strategy":"-android uiautomator","selector":"new UiSelector().resourceIdMatches(\".*COMMUNITY.*\")...
11:58:35.220089 POST /session/41dc848e-257f-485e-8132-ef47e5a4e374/element [15.318041ms] ERR:404 body={"strategy":"-android uiautomator","selector":"new UiSelector().resourceIdMatches(\".*COMMUNITY.*\")...
11:58:35.232223 POST /session/41dc848e-257f-485e-8132-ef47e5a4e374/element [12.076216ms] ERR:404 body={"strategy":"-android uiautomator","selector":"new UiSelector().resourceIdMatches(\".*COMMUNITY.*\")...
11:58:35.244889 POST /session/41dc848e-257f-485e-8132-ef47e5a4e374/element [12.604108ms] ERR:404 body={"strategy":"-android uiautomator","selector":"new UiSelector().resourceIdMatches(\".*COMMUNITY.*\")...
11:58:35.257485 POST /session/41dc848e-257f-485e-8132-ef47e5a4e374/element [12.520073ms] ERR:404 body={"strategy":"-android uiautomator","selector":"new UiSelector().resourceIdMatches(\".*COMMUNITY.*\")...
11:58:35.272447 POST /session/41dc848e-257f-485e-8132-ef47e5a4e374/element [14.890346ms] ERR:404 body={"strategy":"-android uiautomator","selector":"new UiSelector().resourceIdMatches(\".*COMMUNITY.*\")...
11:58:35.283935 POST /session/41dc848e-257f-485e-8132-ef47e5a4e374/element [11.414645ms] ERR:404 body={"strategy":"-android uiautomator","selector":"new UiSelector().resourceIdMatches(\".*COMMUNITY.*\")...
11:58:35.297249 POST /session/41dc848e-257f-485e-8132-ef47e5a4e374/element [13.243406ms] ERR:404 body={"strategy":"-android uiautomator","selector":"new UiSelector().resourceIdMatches(\".*COMMUNITY.*\")...
11:58:35.312180 POST /session/41dc848e-257f-485e-8132-ef47e5a4e374/element [14.860408ms] ERR:404 body={"strategy":"-android uiautomator","selector":"new UiSelector().resourceIdMatches(\".*COMMUNITY.*\")...
11:58:35.323736 POST /session/41dc848e-257f-485e-8132-ef47e5a4e374/element [11.501321ms] ERR:404 body={"strategy":"-android uiautomator","selector":"new UiSelector().resourceIdMatches(\".*COMMUNITY.*\")...
11:58:35.336868 POST /session/41dc848e-257f-485e-8132-ef47e5a4e374/element [13.080899ms] ERR:404 body={"strategy":"-android uiautomator","selector":"new UiSelector().resourceIdMatches(\".*COMMUNITY.*\")...
11:58:35.348609 POST /session/41dc848e-257f-485e-8132-ef47e5a4e374/element [11.696312ms] ERR:404 body={"strategy":"-android uiautomator","selector":"new UiSelector().resourceIdMatches(\".*COMMUNITY.*\")...
11:58:35.362371 POST /session/41dc848e-257f-485e-8132-ef47e5a4e374/element [13.706371ms] ERR:404 body={"strategy":"-android uiautomator","selector":"new UiSelector().resourceIdMatches(\".*COMMUNITY.*\")...
11:58:35.375288 POST /session/41dc848e-257f-485e-8132-ef47e5a4e374/element [12.838722ms] ERR:404 body={"strategy":"-android uiautomator","selector":"new UiSelector().resourceIdMatches(\".*COMMUNITY.*\")...
11:58:35.388049 POST /session/41dc848e-257f-485e-8132-ef47e5a4e374/element [12.682547ms] ERR:404 body={"strategy":"-android uiautomator","selector":"new UiSelector().resourceIdMatches(\".*COMMUNITY.*\")...
11:58:35.399336 POST /session/41dc848e-257f-485e-8132-ef47e5a4e374/element [11.200286ms] ERR:404 body={"strategy":"-android uiautomator","selector":"new UiSelector().resourceIdMatches(\".*COMMUNITY.*\")...
11:58:35.410105 POST /session/41dc848e-257f-485e-8132-ef47e5a4e374/element [10.679033ms] ERR:404 body={"strategy":"-android uiautomator","selector":"new UiSelector().resourceIdMatches(\".*COMMUNITY.*\")...
11:58:35.420909 POST /session/41dc848e-257f-485e-8132-ef47e5a4e374/element [10.72468ms] ERR:404 body={"strategy":"-android uiautomator","selector":"new UiSelector().resourceIdMatches(\".*COMMUNITY.*\")...
11:58:35.439305 POST /session/41dc848e-257f-485e-8132-ef47e5a4e374/element [18.317492ms] ERR:404 body={"strategy":"-android uiautomator","selector":"new UiSelector().resourceIdMatches(\".*COMMUNITY.*\")...
11:58:35.455121 POST /session/41dc848e-257f-485e-8132-ef47e5a4e374/element [15.718766ms] ERR:404 body={"strategy":"-android uiautomator","selector":"new UiSelector().resourceIdMatches(\".*COMMUNITY.*\")...
11:58:35.464763 POST /session/41dc848e-257f-485e-8132-ef47e5a4e374/element [9.542006ms] ERR:404 body={"strategy":"-android uiautomator","selector":"new UiSelector().resourceIdMatches(\".*COMMUNITY.*\")...
11:58:35.479780 POST /session/41dc848e-257f-485e-8132-ef47e5a4e374/element [13.317801ms] ERR:404 body={"strategy":"-android uiautomator","selector":"new UiSelector().resourceIdMatches(\".*COMMUNITY.*\")...
11:58:35.512458 POST /session/41dc848e-257f-485e-8132-ef47e5a4e374/element [32.562289ms] ERR:404 body={"strategy":"-android uiautomator","selector":"new UiSelector().resourceIdMatches(\".*COMMUNITY.*\")...
11:58:36.100502 POST /session/41dc848e-257f-485e-8132-ef47e5a4e374/element [587.92314ms] ERR:404 body={"strategy":"-android uiautomator","selector":"new UiSelector().resourceIdMatches(\".*COMMUNITY.*\")...
11:58:36.113585 POST /session/41dc848e-257f-485e-8132-ef47e5a4e374/element [12.997579ms] ERR:404 body={"strategy":"-android uiautomator","selector":"new UiSelector().resourceIdMatches(\".*COMMUNITY.*\")...
11:58:36.125710 POST /session/41dc848e-257f-485e-8132-ef47e5a4e374/element [12.040154ms] ERR:404 body={"strategy":"-android uiautomator","selector":"new UiSelector().resourceIdMatches(\".*COMMUNITY.*\")...
11:58:36.137590 POST /session/41dc848e-257f-485e-8132-ef47e5a4e374/element [11.807394ms] ERR:404 body={"strategy":"-android uiautomator","selector":"new UiSelector().resourceIdMatches(\".*COMMUNITY.*\")...
11:58:36.148736 POST /session/41dc848e-257f-485e-8132-ef47e5a4e374/element [11.066208ms] ERR:404 body={"strategy":"-android uiautomator","selector":"new UiSelector().resourceIdMatches(\".*COMMUNITY.*\")...
11:58:36.159293 POST /session/41dc848e-257f-485e-8132-ef47e5a4e374/element [10.482335ms] ERR:404 body={"strategy":"-android uiautomator","selector":"new UiSelector().resourceIdMatches(\".*COMMUNITY.*\")...
11:58:36.170365 POST /session/41dc848e-257f-485e-8132-ef47e5a4e374/element [10.973075ms] ERR:404 body={"strategy":"-android uiautomator","selector":"new UiSelector().resourceIdMatches(\".*COMMUNITY.*\")...
11:58:36.180638 POST /session/41dc848e-257f-485e-8132-ef47e5a4e374/element [10.173253ms] ERR:404 body={"strategy":"-android uiautomator","selector":"new UiSelector().resourceIdMatches(\".*COMMUNITY.*\")...
11:58:36.191467 POST /session/41dc848e-257f-485e-8132-ef47e5a4e374/element [10.714893ms] ERR:404 body={"strategy":"-android uiautomator","selector":"new UiSelector().resourceIdMatches(\".*COMMUNITY.*\")...
11:58:36.204102 POST /session/41dc848e-257f-485e-8132-ef47e5a4e374/element [12.550164ms] ERR:404 body={"strategy":"-android uiautomator","selector":"new UiSelector().resourceIdMatches(\".*COMMUNITY.*\")...
11:58:36.216112 POST /session/41dc848e-257f-485e-8132-ef47e5a4e374/element [11.942145ms] ERR:404 body={"strategy":"-android uiautomator","selector":"new UiSelector().resourceIdMatches(\".*COMMUNITY.*\")...
11:58:36.230367 POST /session/41dc848e-257f-485e-8132-ef47e5a4e374/element [14.180655ms] ERR:404 body={"strategy":"-android uiautomator","selector":"new UiSelector().resourceIdMatches(\".*COMMUNITY.*\")...
11:58:36.242943 POST /session/41dc848e-257f-485e-8132-ef47e5a4e374/element [12.509941ms] ERR:404 body={"strategy":"-android uiautomator","selector":"new UiSelector().resourceIdMatches(\".*COMMUNITY.*\")...
11:58:36.253207 POST /session/41dc848e-257f-485e-8132-ef47e5a4e374/element [10.172797ms] ERR:404 body={"strategy":"-android uiautomator","selector":"new UiSelector().resourceIdMatches(\".*COMMUNITY.*\")...
11:58:36.264579 POST /session/41dc848e-257f-485e-8132-ef47e5a4e374/element [11.290668ms] ERR:404 body={"strategy":"-android uiautomator","selector":"new UiSelector().resourceIdMatches(\".*COMMUNITY.*\")...
11:58:36.275155 POST /session/41dc848e-257f-485e-8132-ef47e5a4e374/element [10.47568ms] ERR:404 body={"strategy":"-android uiautomator","selector":"new UiSelector().resourceIdMatches(\".*COMMUNITY.*\")...
11:58:36.285850 POST /session/41dc848e-257f-485e-8132-ef47e5a4e374/element [10.614152ms] ERR:404 body={"strategy":"-android uiautomator","selector":"new UiSelector().resourceIdMatches(\".*COMMUNITY.*\")...
11:58:36.298967 POST /session/41dc848e-257f-485e-8132-ef47e5a4e374/element [13.038845ms] ERR:404 body={"strategy":"-android uiautomator","selector":"new UiSelector().resourceIdMatches(\".*COMMUNITY.*\")...
11:58:36.311859 POST /session/41dc848e-257f-485e-8132-ef47e5a4e374/element [12.810888ms] ERR:404 body={"strategy":"-android uiautomator","selector":"new UiSelector().resourceIdMatches(\".*COMMUNITY.*\")...
11:58:36.323487 POST /session/41dc848e-257f-485e-8132-ef47e5a4e374/element [11.566728ms] ERR:404 body={"strategy":"-android uiautomator","selector":"new UiSelector().resourceIdMatches(\".*COMMUNITY.*\")...
11:58:36.335464 POST /session/41dc848e-257f-485e-8132-ef47e5a4e374/element [11.884404ms] ERR:404 body={"strategy":"-android uiautomator","selector":"new UiSelector().resourceIdMatches(\".*COMMUNITY.*\")...
11:58:36.347115 POST /session/41dc848e-257f-485e-8132-ef47e5a4e374/element [11.591957ms] ERR:404 body={"strategy":"-android uiautomator","selector":"new UiSelector().resourceIdMatches(\".*COMMUNITY.*\")...
11:58:36.357652 POST /session/41dc848e-257f-485e-8132-ef47e5a4e374/element [10.437297ms] ERR:404 body={"strategy":"-android uiautomator","selector":"new UiSelector().resourceIdMatches(\".*COMMUNITY.*\")...
11:58:36.368522 POST /session/41dc848e-257f-485e-8132-ef47e5a4e374/element [10.765906ms] ERR:404 body={"strategy":"-android uiautomator","selector":"new UiSelector().resourceIdMatches(\".*COMMUNITY.*\")...
11:58:36.380879 POST /session/41dc848e-257f-485e-8132-ef47e5a4e374/element [12.271341ms] ERR:404 body={"strategy":"-android uiautomator","selector":"new UiSelector().resourceIdMatches(\".*COMMUNITY.*\")...
11:58:36.390848 POST /session/41dc848e-257f-485e-8132-ef47e5a4e374/element [9.880278ms] ERR:404 body={"strategy":"-android uiautomator","selector":"new UiSelector().resourceIdMatches(\".*COMMUNITY.*\")...
11:58:36.403824 POST /session/41dc848e-257f-485e-8132-ef47e5a4e374/element [12.897764ms] ERR:404 body={"strategy":"-android uiautomator","selector":"new UiSelector().resourceIdMatches(\".*COMMUNITY.*\")...
11:58:36.417172 POST /session/41dc848e-257f-485e-8132-ef47e5a4e374/element [13.266979ms] ERR:404 body={"strategy":"-android uiautomator","selector":"new UiSelector().resourceIdMatches(\".*COMMUNITY.*\")...
11:58:36.428212 POST /session/41dc848e-257f-485e-8132-ef47e5a4e374/element [10.959152ms] ERR:404 body={"strategy":"-android uiautomator","selector":"new UiSelector().resourceIdMatches(\".*COMMUNITY.*\")...
11:58:36.440308 POST /session/41dc848e-257f-485e-8132-ef47e5a4e374/element [12.009375ms] ERR:404 body={"strategy":"-android uiautomator","selector":"new UiSelector().resourceIdMatches(\".*COMMUNITY.*\")...
11:58:36.452943 POST /session/41dc848e-257f-485e-8132-ef47e5a4e374/element [12.578626ms] ERR:404 body={"strategy":"-android uiautomator","selector":"new UiSelector().resourceIdMatches(\".*COMMUNITY.*\")...
11:58:36.464227 POST /session/41dc848e-257f-485e-8132-ef47e5a4e374/element [11.216412ms] ERR:404 body={"strategy":"-android uiautomator","selector":"new UiSelector().resourceIdMatches(\".*COMMUNITY.*\")...
11:58:36.474916 POST /session/41dc848e-257f-485e-8132-ef47e5a4e374/element [10.628891ms] ERR:404 body={"strategy":"-android uiautomator","selector":"new UiSelector().resourceIdMatches(\".*COMMUNITY.*\")...
11:58:36.485953 POST /session/41dc848e-257f-485e-8132-ef47e5a4e374/element [10.969562ms] ERR:404 body={"strategy":"-android uiautomator","selector":"new UiSelector().resourceIdMatches(\".*COMMUNITY.*\")...
11:58:36.498473 POST /session/41dc848e-257f-485e-8132-ef47e5a4e374/element [12.449708ms] ERR:404 body={"strategy":"-android uiautomator","selector":"new UiSelector().resourceIdMatches(\".*COMMUNITY.*\")...
11:58:36.509274 POST /session/41dc848e-257f-485e-8132-ef47e5a4e374/element [10.699235ms] ERR:404 body={"strategy":"-android uiautomator","selector":"new UiSelector().resourceIdMatches(\".*COMMUNITY.*\")...
11:58:36.519346 POST /session/41dc848e-257f-485e-8132-ef47e5a4e374/element [9.993028ms] ERR:404 body={"strategy":"-android uiautomator","selector":"new UiSelector().resourceIdMatches(\".*COMMUNITY.*\")...
11:58:36.531879 POST /session/41dc848e-257f-485e-8132-ef47e5a4e374/element [12.467588ms] ERR:404 body={"strategy":"-android uiautomator","selector":"new UiSelector().resourceIdMatches(\".*COMMUNITY.*\")...
11:58:36.543479 POST /session/41dc848e-257f-485e-8132-ef47e5a4e374/element [11.530692ms] ERR:404 body={"strategy":"-android uiautomator","selector":"new UiSelector().resourceIdMatches(\".*COMMUNITY.*\")...
11:58:36.554926 POST /session/41dc848e-257f-485e-8132-ef47e5a4e374/element [11.378228ms] ERR:404 body={"strategy":"-android uiautomator","selector":"new UiSelector().resourceIdMatches(\".*COMMUNITY.*\")...
11:58:36.565541 POST /session/41dc848e-257f-485e-8132-ef47e5a4e374/element [10.567378ms] ERR:404 body={"strategy":"-android uiautomator","selector":"new UiSelector().resourceIdMatches(\".*COMMUNITY.*\")...
11:58:36.576210 POST /session/41dc848e-257f-485e-8132-ef47e5a4e374/element [10.55804ms] ERR:404 body={"strategy":"-android uiautomator","selector":"new UiSelector().resourceIdMatches(\".*COMMUNITY.*\")...
11:58:36.585736 POST /session/41dc848e-257f-485e-8132-ef47e5a4e374/element [9.451918ms] ERR:404 body={"strategy":"-android uiautomator","selector":"new UiSelector().resourceIdMatches(\".*COMMUNITY.*\")...
11:58:36.595021 POST /session/41dc848e-257f-485e-8132-ef47e5a4e374/element [9.216511ms] ERR:404 body={"strategy":"-android uiautomator","selector":"new UiSelector().resourceIdMatches(\".*COMMUNITY.*\")...
11:58:36.605519 POST /session/41dc848e-257f-485e-8132-ef47e5a4e374/element [10.407781ms] ERR:404 body={"strategy":"-android uiautomator","selector":"new UiSelector().resourceIdMatches(\".*COMMUNITY.*\")...
11:58:36.615182 POST /session/41dc848e-257f-485e-8132-ef47e5a4e374/element [9.596937ms] ERR:404 body={"strategy":"-android uiautomator","selector":"new UiSelector().resourceIdMatches(\".*COMMUNITY.*\")...
11:58:36.632568 POST /session/41dc848e-257f-485e-8132-ef47e5a4e374/element [17.316027ms] ERR:404 body={"strategy":"-android uiautomator","selector":"new UiSelector().resourceIdMatches(\".*COMMUNITY.*\")...
11:58:36.641804 POST /session/41dc848e-257f-485e-8132-ef47e5a4e374/element [9.156501ms] ERR:404 body={"strategy":"-android uiautomator","selector":"new UiSelector().resourceIdMatches(\".*COMMUNITY.*\")...
11:58:36.652467 POST /session/41dc848e-257f-485e-8132-ef47e5a4e374/element [10.587634ms] ERR:404 body={"strategy":"-android uiautomator","selector":"new UiSelector().resourceIdMatches(\".*COMMUNITY.*\")...
11:58:36.664912 POST /session/41dc848e-257f-485e-8132-ef47e5a4e374/element [12.378238ms] ERR:404 body={"strategy":"-android uiautomator","selector":"new UiSelector().resourceIdMatches(\".*COMMUNITY.*\")...
11:58:36.680181 POST /session/41dc848e-257f-485e-8132-ef47e5a4e374/element [15.197616ms] ERR:404 body={"strategy":"-android uiautomator","selector":"new UiSelector().resourceIdMatches(\".*COMMUNITY.*\")...
11:58:36.690563 POST /session/41dc848e-257f-485e-8132-ef47e5a4e374/element [10.309847ms] ERR:404 body={"strategy":"-android uiautomator","selector":"new UiSelector().resourceIdMatches(\".*COMMUNITY.*\")...
11:58:36.717005 POST /session/41dc848e-257f-485e-8132-ef47e5a4e374/element [26.363255ms] ERR:404 body={"strategy":"-android uiautomator","selector":"new UiSelector().resourceIdMatches(\".*COMMUNITY.*\")...
11:58:36.743457 POST /session/41dc848e-257f-485e-8132-ef47e5a4e374/element [26.357429ms] ERR:404 body={"strategy":"-android uiautomator","selector":"new UiSelector().resourceIdMatches(\".*COMMUNITY.*\")...
11:58:36.775626 POST /session/41dc848e-257f-485e-8132-ef47e5a4e374/element [32.05962ms] ERR:404 body={"strategy":"-android uiautomator","selector":"new UiSelector().resourceIdMatches(\".*COMMUNITY.*\")...
11:58:36.788006 POST /session/41dc848e-257f-485e-8132-ef47e5a4e374/element [12.261754ms] ERR:404 body={"strategy":"-android uiautomator","selector":"new UiSelector().resourceIdMatches(\".*COMMUNITY.*\")...
11:58:36.799190 POST /session/41dc848e-257f-485e-8132-ef47e5a4e374/element [11.070791ms] ERR:404 body={"strategy":"-android uiautomator","selector":"new UiSelector().resourceIdMatches(\".*COMMUNITY.*\")...
11:58:36.808233 POST /session/41dc848e-257f-485e-8132-ef47e5a4e374/element [8.956974ms] ERR:404 body={"strategy":"-android uiautomator","selector":"new UiSelector().resourceIdMatches(\".*COMMUNITY.*\")...
11:58:36.817560 POST /session/41dc848e-257f-485e-8132-ef47e5a4e374/element [9.23892ms] ERR:404 body={"strategy":"-android uiautomator","selector":"new UiSelector().resourceIdMatches(\".*COMMUNITY.*\")...
11:58:36.827851 POST /session/41dc848e-257f-485e-8132-ef47e5a4e374/element [10.204654ms] ERR:404 body={"strategy":"-android uiautomator","selector":"new UiSelector().resourceIdMatches(\".*COMMUNITY.*\")...
11:58:36.839457 POST /session/41dc848e-257f-485e-8132-ef47e5a4e374/element [11.54533ms] ERR:404 body={"strategy":"-android uiautomator","selector":"new UiSelector().resourceIdMatches(\".*COMMUNITY.*\")...
11:58:36.850853 POST /session/41dc848e-257f-485e-8132-ef47e5a4e374/element [11.34932ms] ERR:404 body={"strategy":"-android uiautomator","selector":"new UiSelector().resourceIdMatches(\".*COMMUNITY.*\")...
11:58:36.861221 POST /session/41dc848e-257f-485e-8132-ef47e5a4e374/element [10.296053ms] ERR:404 body={"strategy":"-android uiautomator","selector":"new UiSelector().resourceIdMatches(\".*COMMUNITY.*\")...
11:58:36.871088 POST /session/41dc848e-257f-485e-8132-ef47e5a4e374/element [9.77285ms] ERR:404 body={"strategy":"-android uiautomator","selector":"new UiSelector().resourceIdMatches(\".*COMMUNITY.*\")...
11:58:36.880579 POST /session/41dc848e-257f-485e-8132-ef47e5a4e374/element [9.406708ms] ERR:404 body={"strategy":"-android uiautomator","selector":"new UiSelector().resourceIdMatches(\".*COMMUNITY.*\")...
11:58:36.891168 POST /session/41dc848e-257f-485e-8132-ef47e5a4e374/element [10.524465ms] ERR:404 body={"strategy":"-android uiautomator","selector":"new UiSelector().resourceIdMatches(\".*COMMUNITY.*\")...
11:58:36.900912 POST /session/41dc848e-257f-485e-8132-ef47e5a4e374/element [9.693659ms] ERR:404 body={"strategy":"-android uiautomator","selector":"new UiSelector().resourceIdMatches(\".*COMMUNITY.*\")...
11:58:36.910809 POST /session/41dc848e-257f-485e-8132-ef47e5a4e374/element [9.826006ms] ERR:404 body={"strategy":"-android uiautomator","selector":"new UiSelector().resourceIdMatches(\".*COMMUNITY.*\")...
11:58:36.920587 POST /session/41dc848e-257f-485e-8132-ef47e5a4e374/element [9.671855ms] ERR:404 body={"strategy":"-android uiautomator","selector":"new UiSelector().resourceIdMatches(\".*COMMUNITY.*\")...
11:58:36.930454 POST /session/41dc848e-257f-485e-8132-ef47e5a4e374/element [9.796698ms] ERR:404 body={"strategy":"-android uiautomator","selector":"new UiSelector().resourceIdMatches(\".*COMMUNITY.*\")...
11:58:36.939630 POST /session/41dc848e-257f-485e-8132-ef47e5a4e374/element [9.089373ms] ERR:404 body={"strategy":"-android uiautomator","selector":"new UiSelector().resourceIdMatches(\".*COMMUNITY.*\")...
11:58:36.950018 POST /session/41dc848e-257f-485e-8132-ef47e5a4e374/element [10.301532ms] ERR:404 body={"strategy":"-android uiautomator","selector":"new UiSelector().resourceIdMatches(\".*COMMUNITY.*\")...
11:58:36.959657 POST /session/41dc848e-257f-485e-8132-ef47e5a4e374/element [9.529505ms] ERR:404 body={"strategy":"-android uiautomator","selector":"new UiSelector().resourceIdMatches(\".*COMMUNITY.*\")...
11:58:36.969098 POST /session/41dc848e-257f-485e-8132-ef47e5a4e374/element [9.349342ms] ERR:404 body={"strategy":"-android uiautomator","selector":"new UiSelector().resourceIdMatches(\".*COMMUNITY.*\")...
11:58:36.979152 POST /session/41dc848e-257f-485e-8132-ef47e5a4e374/element [9.976672ms] ERR:404 body={"strategy":"-android uiautomator","selector":"new UiSelector().resourceIdMatches(\".*COMMUNITY.*\")...
11:58:36.995363 POST /session/41dc848e-257f-485e-8132-ef47e5a4e374/element [16.137068ms] ERR:404 body={"strategy":"-android uiautomator","selector":"new UiSelector().resourceIdMatches(\".*COMMUNITY.*\")...
11:58:37.008891 POST /session/41dc848e-257f-485e-8132-ef47e5a4e374/element [13.43933ms] ERR:404 body={"strategy":"-android uiautomator","selector":"new UiSelector().resourceIdMatches(\".*COMMUNITY.*\")...
11:58:37.027844 POST /session/41dc848e-257f-485e-8132-ef47e5a4e374/element [18.880311ms] ERR:404 body={"strategy":"-android uiautomator","selector":"new UiSelector().resourceIdMatches(\".*COMMUNITY.*\")...
11:58:37.042141 POST /session/41dc848e-257f-485e-8132-ef47e5a4e374/element [14.221042ms] ERR:404 body={"strategy":"-android uiautomator","selector":"new UiSelector().resourceIdMatches(\".*COMMUNITY.*\")...
11:58:37.056308 POST /session/41dc848e-257f-485e-8132-ef47e5a4e374/element [14.117236ms] ERR:404 body={"strategy":"-android uiautomator","selector":"new UiSelector().resourceIdMatches(\".*COMMUNITY.*\")...
11:58:37.067414 POST /session/41dc848e-257f-485e-8132-ef47e5a4e374/element [11.038738ms] ERR:404 body={"strategy":"-android uiautomator","selector":"new UiSelector().resourceIdMatches(\".*COMMUNITY.*\")...
11:58:37.077435 POST /session/41dc848e-257f-485e-8132-ef47e5a4e374/element [9.948147ms] ERR:404 body={"strategy":"-android uiautomator","selector":"new UiSelector().resourceIdMatches(\".*COMMUNITY.*\")...
11:58:37.088440 POST /session/41dc848e-257f-485e-8132-ef47e5a4e374/element [10.900735ms] ERR:404 body={"strategy":"-android uiautomator","selector":"new UiSelector().resourceIdMatches(\".*COMMUNITY.*\")...
11:58:37.099655 POST /session/41dc848e-257f-485e-8132-ef47e5a4e374/element [11.113241ms] ERR:404 body={"strategy":"-android uiautomator","selector":"new UiSelector().resourceIdMatches(\".*COMMUNITY.*\")...
11:58:37.108101 POST /session/41dc848e-257f-485e-8132-ef47e5a4e374/element [8.358381ms] ERR:404 body={"strategy":"-android uiautomator","selector":"new UiSelector().resourceIdMatches(\".*COMMUNITY.*\")...
11:58:37.118631 POST /session/41dc848e-257f-485e-8132-ef47e5a4e374/element [10.442831ms] ERR:404 body={"strategy":"-android uiautomator","selector":"new UiSelector().resourceIdMatches(\".*COMMUNITY.*\")...
11:58:37.126615 POST /session/41dc848e-257f-485e-8132-ef47e5a4e374/element [7.885276ms] ERR:404 body={"strategy":"-android uiautomator","selector":"new UiSelector().resourceIdMatches(\".*COMMUNITY.*\")...
11:58:37.134694 POST /session/41dc848e-257f-485e-8132-ef47e5a4e374/element [7.987332ms] ERR:404 body={"strategy":"-android uiautomator","selector":"new UiSelector().resourceIdMatches(\".*COMMUNITY.*\")...
11:58:37.143623 POST /session/41dc848e-257f-485e-8132-ef47e5a4e374/element [8.838639ms] ERR:404 body={"strategy":"-android uiautomator","selector":"new UiSelector().resourceIdMatches(\".*COMMUNITY.*\")...
11:58:37.151098 POST /session/41dc848e-257f-485e-8132-ef47e5a4e374/element [7.374717ms] ERR:404 body={"strategy":"-android uiautomator","selector":"new UiSelector().resourceIdMatches(\".*COMMUNITY.*\")...
11:58:37.167781 POST /session/41dc848e-257f-485e-8132-ef47e5a4e374/element [16.610591ms] ERR:404 body={"strategy":"-android uiautomator","selector":"new UiSelector().resourceIdMatches(\".*COMMUNITY.*\")...
11:58:37.180742 POST /session/41dc848e-257f-485e-8132-ef47e5a4e374/element [12.871933ms] ERR:404 body={"strategy":"-android uiautomator","selector":"new UiSelector().resourceIdMatches(\".*COMMUNITY.*\")...
11:58:37.192399 POST /session/41dc848e-257f-485e-8132-ef47e5a4e374/element [11.580784ms] ERR:404 body={"strategy":"-android uiautomator","selector":"new UiSelector().resourceIdMatches(\".*COMMUNITY.*\")...
11:58:37.200915 POST /session/41dc848e-257f-485e-8132-ef47e5a4e374/element [8.444581ms] ERR:404 body={"strategy":"-android uiautomator","selector":"new UiSelector().resourceIdMatches(\".*COMMUNITY.*\")...
11:58:37.209430 POST /session/41dc848e-257f-485e-8132-ef47e5a4e374/element [8.435963ms] ERR:404 body={"strategy":"-android uiautomator","selector":"new UiSelector().resourceIdMatches(\".*COMMUNITY.*\")...
11:58:37.217399 POST /session/41dc848e-257f-485e-8132-ef47e5a4e374/element [7.832663ms] ERR:404 body={"strategy":"-android uiautomator","selector":"new UiSelector().resourceIdMatches(\".*COMMUNITY.*\")...
11:58:37.229388 POST /session/41dc848e-257f-485e-8132-ef47e5a4e374/element [11.901962ms] ERR:404 body={"strategy":"-android uiautomator","selector":"new UiSelector().resourceIdMatches(\".*COMMUNITY.*\")...
11:58:37.238256 POST /session/41dc848e-257f-485e-8132-ef47e5a4e374/element [8.81379ms] ERR:404 body={"strategy":"-android uiautomator","selector":"new UiSelector().resourceIdMatches(\".*COMMUNITY.*\")...
11:58:37.246942 POST /session/41dc848e-257f-485e-8132-ef47e5a4e374/element [8.582998ms] ERR:404 body={"strategy":"-android uiautomator","selector":"new UiSelector().resourceIdMatches(\".*COMMUNITY.*\")...
11:58:37.254532 POST /session/41dc848e-257f-485e-8132-ef47e5a4e374/element [7.502711ms] ERR:404 body={"strategy":"-android uiautomator","selector":"new UiSelector().resourceIdMatches(\".*COMMUNITY.*\")...
11:58:37.262926 POST /session/41dc848e-257f-485e-8132-ef47e5a4e374/element [8.318248ms] ERR:404 body={"strategy":"-android uiautomator","selector":"new UiSelector().resourceIdMatches(\".*COMMUNITY.*\")...
11:58:37.274219 POST /session/41dc848e-257f-485e-8132-ef47e5a4e374/element [11.227645ms] ERR:404 body={"strategy":"-android uiautomator","selector":"new UiSelector().resourceIdMatches(\".*COMMUNITY.*\")...
11:58:37.282646 POST /session/41dc848e-257f-485e-8132-ef47e5a4e374/element [8.31941ms] ERR:404 body={"strategy":"-android uiautomator","selector":"new UiSelector().resourceIdMatches(\".*COMMUNITY.*\")...
11:58:37.291088 POST /session/41dc848e-257f-485e-8132-ef47e5a4e374/element [8.332228ms] ERR:404 body={"strategy":"-android uiautomator","selector":"new UiSelector().resourceIdMatches(\".*COMMUNITY.*\")...
11:58:37.303472 POST /session/41dc848e-257f-485e-8132-ef47e5a4e374/element [12.300711ms] ERR:404 body={"strategy":"-android uiautomator","selector":"new UiSelector().resourceIdMatches(\".*COMMUNITY.*\")...
11:58:37.316995 POST /session/41dc848e-257f-485e-8132-ef47e5a4e374/element [13.459636ms] ERR:404 body={"strategy":"-android uiautomator","selector":"new UiSelector().resourceIdMatches(\".*COMMUNITY.*\")...
11:58:37.325605 POST /session/41dc848e-257f-485e-8132-ef47e5a4e374/element [8.53635ms] ERR:404 body={"strategy":"-android uiautomator","selector":"new UiSelector().resourceIdMatches(\".*COMMUNITY.*\")...
11:58:37.415791 POST /session/41dc848e-257f-485e-8132-ef47e5a4e374/element [90.071603ms] ERR:404 body={"strategy":"-android uiautomator","selector":"new UiSelector().resourceIdMatches(\".*COMMUNITY.*\")...
11:58:37.429123 POST /session/41dc848e-257f-485e-8132-ef47e5a4e374/element [13.189548ms] ERR:404 body={"strategy":"-android uiautomator","selector":"new UiSelector().resourceIdMatches(\".*COMMUNITY.*\")...
11:58:37.438503 POST /session/41dc848e-257f-485e-8132-ef47e5a4e374/element [9.228795ms] ERR:404 body={"strategy":"-android uiautomator","selector":"new UiSelector().resourceIdMatches(\".*COMMUNITY.*\")...
11:58:37.452693 POST /session/41dc848e-257f-485e-8132-ef47e5a4e374/element [14.093483ms] ERR:404 body={"strategy":"-android uiautomator","selector":"new UiSelector().resourceIdMatches(\".*COMMUNITY.*\")...
11:58:37.461087 POST /session/41dc848e-257f-485e-8132-ef47e5a4e374/element [8.31516ms] ERR:404 body={"strategy":"-android uiautomator","selector":"new UiSelector().resourceIdMatches(\".*COMMUNITY.*\")...
11:58:37.469476 POST /session/41dc848e-257f-485e-8132-ef47e5a4e374/element [8.30672ms] ERR:404 body={"strategy":"-android uiautomator","selector":"new UiSelector().resourceIdMatches(\".*COMMUNITY.*\")...
11:58:37.477820 POST /session/41dc848e-257f-485e-8132-ef47e5a4e374/element [8.224261ms] ERR:404 body={"strategy":"-android uiautomator","selector":"new UiSelector().resourceIdMatches(\".*COMMUNITY.*\")...
11:58:37.486633 POST /session/41dc848e-257f-485e-8132-ef47e5a4e374/element [8.693248ms] ERR:404 body={"strategy":"-android uiautomator","selector":"new UiSelector().resourceIdMatches(\".*COMMUNITY.*\")...
11:58:37.494530 POST /session/41dc848e-257f-485e-8132-ef47e5a4e374/element [7.792825ms] ERR:404 body={"strategy":"-android uiautomator","selector":"new UiSelector().resourceIdMatches(\".*COMMUNITY.*\")...
11:58:37.502724 POST /session/41dc848e-257f-485e-8132-ef47e5a4e374/element [8.115071ms] ERR:404 body={"strategy":"-android uiautomator","selector":"new UiSelector().resourceIdMatches(\".*COMMUNITY.*\")...
11:58:37.510442 POST /session/41dc848e-257f-485e-8132-ef47e5a4e374/element [7.596013ms] ERR:404 body={"strategy":"-android uiautomator","selector":"new UiSelector().resourceIdMatches(\".*COMMUNITY.*\")...
11:58:37.518591 POST /session/41dc848e-257f-485e-8132-ef47e5a4e374/element [8.079708ms] ERR:404 body={"strategy":"-android uiautomator","selector":"new UiSelector().resourceIdMatches(\".*COMMUNITY.*\")...
11:58:37.526386 POST /session/41dc848e-257f-485e-8132-ef47e5a4e374/element [7.714085ms] ERR:404 body={"strategy":"-android uiautomator","selector":"new UiSelector().resourceIdMatches(\".*COMMUNITY.*\")...
11:58:37.535657 POST /session/41dc848e-257f-485e-8132-ef47e5a4e374/element [9.19812ms] ERR:404 body={"strategy":"-android uiautomator","selector":"new UiSelector().resourceIdMatches(\".*COMMUNITY.*\")...
11:58:38.131980 POST /session/41dc848e-257f-485e-8132-ef47e5a4e374/element [596.181625ms] ERR:404 body={"strategy":"-android uiautomator","selector":"new UiSelector().resourceIdMatches(\".*COMMUNITY.*\")...
11:58:38.826343 POST /session/41dc848e-257f-485e-8132-ef47e5a4e374/element [694.259828ms] OK body={"strategy":"-android uiautomator","selector":"new UiSelector().resourceIdMatches(\".*COMMUNITY.*\")...
11:58:39.434158 GET /session/41dc848e-257f-485e-8132-ef47e5a4e374/element/00000000-0000-0007-ffff-ffff00000098/text [607.732053ms] OK body=
11:58:40.877835 GET /session/41dc848e-257f-485e-8132-ef47e5a4e374/element/00000000-0000-0007-ffff-ffff00000098/rect [1.443578454s] OK body=
11:58:41.377195 POST /session/41dc848e-257f-485e-8132-ef47e5a4e374/element [498.679574ms] OK body={"strategy":"-android uiautomator","selector":"new UiSelector().textContains(\"Community\")"}
11:58:41.399392 POST /session/41dc848e-257f-485e-8132-ef47e5a4e374/element [21.352533ms] ERR:404 body={"strategy":"-android uiautomator","selector":"new UiSelector().resourceIdMatches(\".*COMMUNITY.*\")...
11:58:41.414996 POST /session/41dc848e-257f-485e-8132-ef47e5a4e374/element [15.502843ms] OK body={"strategy":"-android uiautomator","selector":"new UiSelector().resourceIdMatches(\".*COMMUNITY.*\")...
11:58:41.424461 GET /session/41dc848e-257f-485e-8132-ef47e5a4e374/element/00000000-0000-0007-ffff-ffff00000098/text [9.388754ms] OK body=
11:58:41.434285 GET /session/41dc848e-257f-485e-8132-ef47e5a4e374/element/00000000-0000-0007-ffff-ffff00000098/rect [9.778063ms] OK body=
11:58:41.465154 POST /session/41dc848e-257f-485e-8132-ef47e5a4e374/element/00000000-0000-0007-ffff-ffff00000098/click [30.808639ms] OK body=
11:58:41.573332 POST /session/41dc848e-257f-485e-8132-ef47e5a4e374/element [107.37221ms] ERR:404 body={"strategy":"-android uiautomator","selector":"new UiSelector().resourceIdMatches(\".*recipe.*\").cl...
11:58:41.607887 POST /session/41dc848e-257f-485e-8132-ef47e5a4e374/element [34.454088ms] OK body={"strategy":"-android uiautomator","selector":"new UiSelector().resourceIdMatches(\".*recipe.*\")"}
11:58:41.640934 GET /session/41dc848e-257f-485e-8132-ef47e5a4e374/element/00000000-0000-0007-ffff-ffff000000f0/text [32.965605ms] OK body=
11:58:41.664891 GET /session/41dc848e-257f-485e-8132-ef47e5a4e374/element/00000000-0000-0007-ffff-ffff000000f0/rect [23.869897ms] OK body=
11:58:41.704533 POST /session/41dc848e-257f-485e-8132-ef47e5a4e374/element/00000000-0000-0007-ffff-ffff000000f0/click [39.564183ms] OK body=
11:58:41.768059 POST /session/41dc848e-257f-485e-8132-ef47e5a4e374/element [51.037797ms] ERR:404 body={"strategy":"-android uiautomator","selector":"new UiSelector().resourceIdMatches(\".*recipe-comment...
11:58:41.793605 POST /session/41dc848e-257f-485e-8132-ef47e5a4e374/element [25.39201ms] ERR:404 body={"strategy":"-android uiautomator","selector":"new UiSelector().resourceIdMatches(\".*recipe-comment...
11:58:41.815378 POST /session/41dc848e-257f-485e-8132-ef47e5a4e374/element [21.647095ms] ERR:404 body={"strategy":"-android uiautomator","selector":"new UiSelector().resourceIdMatches(\".*recipe-comment...
11:58:41.833568 POST /session/41dc848e-257f-485e-8132-ef47e5a4e374/element [18.059293ms] ERR:404 body={"strategy":"-android uiautomator","selector":"new UiSelector().resourceIdMatches(\".*recipe-comment...
11:58:41.850397 POST /session/41dc848e-257f-485e-8132-ef47e5a4e374/element [16.706093ms] ERR:404 body={"strategy":"-android uiautomator","selector":"new UiSelector().resourceIdMatches(\".*recipe-comment...
11:58:41.888905 POST /session/41dc848e-257f-485e-8132-ef47e5a4e374/element [38.399362ms] ERR:404 body={"strategy":"-android uiautomator","selector":"new UiSelector().resourceIdMatches(\".*recipe-comment...
11:58:44.507870 POST /session/41dc848e-257f-485e-8132-ef47e5a4e374/element [2.618847856s] ERR:404 body={"strategy":"-android uiautomator","selector":"new UiSelector().resourceIdMatches(\".*recipe-comment...
11:58:46.039884 POST /session/41dc848e-257f-485e-8132-ef47e5a4e374/appium/gestures/scroll [1.531894876s] OK body={"area":{"left":0,"top":300,"width":1080,"height":1800},"direction":"down","percent":0.3}
11:58:46.395155 POST /session/41dc848e-257f-485e-8132-ef47e5a4e374/element [54.676662ms] ERR:404 body={"strategy":"-android uiautomator","selector":"new UiSelector().resourceIdMatches(\".*recipe-comment...
11:58:46.466598 POST /session/41dc848e-257f-485e-8132-ef47e5a4e374/element [71.328427ms] ERR:404 body={"strategy":"-android uiautomator","selector":"new UiSelector().resourceIdMatches(\".*recipe-comment...
11:58:46.527638 POST /session/41dc848e-257f-485e-8132-ef47e5a4e374/element [60.899879ms] ERR:404 body={"strategy":"-android uiautomator","selector":"new UiSelector().resourceIdMatches(\".*recipe-comment...
11:58:46.589100 POST /session/41dc848e-257f-485e-8132-ef47e5a4e374/element [61.324369ms] ERR:404 body={"strategy":"-android uiautomator","selector":"new UiSelector().resourceIdMatches(\".*recipe-comment...
11:58:46.650041 POST /session/41dc848e-257f-485e-8132-ef47e5a4e374/element [60.803314ms] ERR:404 body={"strategy":"-android uiautomator","selector":"new UiSelector().resourceIdMatches(\".*recipe-comment...
11:58:46.714313 POST /session/41dc848e-257f-485e-8132-ef47e5a4e374/element [64.141852ms] ERR:404 body={"strategy":"-android uiautomator","selector":"new UiSelector().resourceIdMatches(\".*recipe-comment...
11:58:46.786035 POST /session/41dc848e-257f-485e-8132-ef47e5a4e374/element [71.540346ms] ERR:404 body={"strategy":"-android uiautomator","selector":"new UiSelector().resourceIdMatches(\".*recipe-comment...
11:58:46.837738 POST /session/41dc848e-257f-485e-8132-ef47e5a4e374/element [51.533635ms] ERR:404 body={"strategy":"-android uiautomator","selector":"new UiSelector().resourceIdMatches(\".*recipe-comment...
11:58:46.901258 POST /session/41dc848e-257f-485e-8132-ef47e5a4e374/element [63.400898ms] ERR:404 body={"strategy":"-android uiautomator","selector":"new UiSelector().resourceIdMatches(\".*recipe-comment...
11:58:46.963352 POST /session/41dc848e-257f-485e-8132-ef47e5a4e374/element [61.974724ms] ERR:404 body={"strategy":"-android uiautomator","selector":"new UiSelector().resourceIdMatches(\".*recipe-comment...
11:58:47.019787 POST /session/41dc848e-257f-485e-8132-ef47e5a4e374/element [56.316298ms] ERR:404 body={"strategy":"-android uiautomator","selector":"new UiSelector().resourceIdMatches(\".*recipe-comment...
11:58:47.082300 POST /session/41dc848e-257f-485e-8132-ef47e5a4e374/element [62.399436ms] ERR:404 body={"strategy":"-android uiautomator","selector":"new UiSelector().resourceIdMatches(\".*recipe-comment...
11:58:47.147317 POST /session/41dc848e-257f-485e-8132-ef47e5a4e374/element [64.902604ms] ERR:404 body={"strategy":"-android uiautomator","selector":"new UiSelector().resourceIdMatches(\".*recipe-comment...
11:58:47.220949 POST /session/41dc848e-257f-485e-8132-ef47e5a4e374/element [73.495495ms] ERR:404 body={"strategy":"-android uiautomator","selector":"new UiSelector().resourceIdMatches(\".*recipe-comment...
11:58:47.283959 POST /session/41dc848e-257f-485e-8132-ef47e5a4e374/element [62.854749ms] ERR:404 body={"strategy":"-android uiautomator","selector":"new UiSelector().resourceIdMatches(\".*recipe-comment...
11:58:47.342358 POST /session/41dc848e-257f-485e-8132-ef47e5a4e374/element [58.288663ms] ERR:404 body={"strategy":"-android uiautomator","selector":"new UiSelector().resourceIdMatches(\".*recipe-comment...
11:58:48.923304 POST /session/41dc848e-257f-485e-8132-ef47e5a4e374/appium/gestures/scroll [1.580845544s] OK body={"area":{"left":0,"top":300,"width":1080,"height":1800},"direction":"down","percent":0.3}
11:58:49.282391 POST /session/41dc848e-257f-485e-8132-ef47e5a4e374/element [58.484281ms] ERR:404 body={"strategy":"-android uiautomator","selector":"new UiSelector().resourceIdMatches(\".*recipe-comment...
11:58:49.336907 POST /session/41dc848e-257f-485e-8132-ef47e5a4e374/element [54.388111ms] ERR:404 body={"strategy":"-android uiautomator","selector":"new UiSelector().resourceIdMatches(\".*recipe-comment...
11:58:49.400238 POST /session/41dc848e-257f-485e-8132-ef47e5a4e374/element [63.197855ms] ERR:404 body={"strategy":"-android uiautomator","selector":"new UiSelector().resourceIdMatches(\".*recipe-comment...
11:58:49.458369 POST /session/41dc848e-257f-485e-8132-ef47e5a4e374/element [58.00758ms] ERR:404 body={"strategy":"-android uiautomator","selector":"new UiSelector().resourceIdMatches(\".*recipe-comment...
11:58:49.517220 POST /session/41dc848e-257f-485e-8132-ef47e5a4e374/element [58.716106ms] ERR:404 body={"strategy":"-android uiautomator","selector":"new UiSelector().resourceIdMatches(\".*recipe-comment...
11:58:49.584941 POST /session/41dc848e-257f-485e-8132-ef47e5a4e374/element [67.600998ms] ERR:404 body={"strategy":"-android uiautomator","selector":"new UiSelector().resourceIdMatches(\".*recipe-comment...
11:58:49.640754 POST /session/41dc848e-257f-485e-8132-ef47e5a4e374/element [55.671528ms] ERR:404 body={"strategy":"-android uiautomator","selector":"new UiSelector().resourceIdMatches(\".*recipe-comment...
11:58:49.684200 POST /session/41dc848e-257f-485e-8132-ef47e5a4e374/element [43.301071ms] ERR:404 body={"strategy":"-android uiautomator","selector":"new UiSelector().resourceIdMatches(\".*recipe-comment...
11:58:49.740978 POST /session/41dc848e-257f-485e-8132-ef47e5a4e374/element [56.649944ms] ERR:404 body={"strategy":"-android uiautomator","selector":"new UiSelector().resourceIdMatches(\".*recipe-comment...
11:58:49.795295 POST /session/41dc848e-257f-485e-8132-ef47e5a4e374/element [54.224309ms] ERR:404 body={"strategy":"-android uiautomator","selector":"new UiSelector().resourceIdMatches(\".*recipe-comment...
11:58:49.841517 POST /session/41dc848e-257f-485e-8132-ef47e5a4e374/element [46.087658ms] ERR:404 body={"strategy":"-android uiautomator","selector":"new UiSelector().resourceIdMatches(\".*recipe-comment...
11:58:49.898111 POST /session/41dc848e-257f-485e-8132-ef47e5a4e374/element [56.447774ms] ERR:404 body={"strategy":"-android uiautomator","selector":"new UiSelector().resourceIdMatches(\".*recipe-comment...
11:58:49.957722 POST /session/41dc848e-257f-485e-8132-ef47e5a4e374/element [59.4951ms] ERR:404 body={"strategy":"-android uiautomator","selector":"new UiSelector().resourceIdMatches(\".*recipe-comment...
11:58:50.013013 POST /session/41dc848e-257f-485e-8132-ef47e5a4e374/element [55.147967ms] ERR:404 body={"strategy":"-android uiautomator","selector":"new UiSelector().resourceIdMatches(\".*recipe-comment...
11:58:50.066912 POST /session/41dc848e-257f-485e-8132-ef47e5a4e374/element [53.774008ms] ERR:404 body={"strategy":"-android uiautomator","selector":"new UiSelector().resourceIdMatches(\".*recipe-comment...
11:58:50.122585 POST /session/41dc848e-257f-485e-8132-ef47e5a4e374/element [55.530182ms] ERR:404 body={"strategy":"-android uiautomator","selector":"new UiSelector().resourceIdMatches(\".*recipe-comment...
11:58:50.177886 POST /session/41dc848e-257f-485e-8132-ef47e5a4e374/element [55.17828ms] ERR:404 body={"strategy":"-android uiautomator","selector":"new UiSelector().resourceIdMatches(\".*recipe-comment...
11:58:50.221408 POST /session/41dc848e-257f-485e-8132-ef47e5a4e374/element [43.41379ms] ERR:404 body={"strategy":"-android uiautomator","selector":"new UiSelector().resourceIdMatches(\".*recipe-comment...
11:58:50.266087 POST /session/41dc848e-257f-485e-8132-ef47e5a4e374/element [44.565393ms] ERR:404 body={"strategy":"-android uiautomator","selector":"new UiSelector().resourceIdMatches(\".*recipe-comment...
11:58:51.820544 POST /session/41dc848e-257f-485e-8132-ef47e5a4e374/appium/gestures/scroll [1.554344857s] OK body={"area":{"left":0,"top":300,"width":1080,"height":1800},"direction":"down","percent":0.3}
11:58:52.175709 POST /session/41dc848e-257f-485e-8132-ef47e5a4e374/element [54.571757ms] ERR:404 body={"strategy":"-android uiautomator","selector":"new UiSelector().resourceIdMatches(\".*recipe-comment...
11:58:52.235588 POST /session/41dc848e-257f-485e-8132-ef47e5a4e374/element [59.773137ms] ERR:404 body={"strategy":"-android uiautomator","selector":"new UiSelector().resourceIdMatches(\".*recipe-comment...
11:58:52.299494 POST /session/41dc848e-257f-485e-8132-ef47e5a4e374/element [63.782295ms] ERR:404 body={"strategy":"-android uiautomator","selector":"new UiSelector().resourceIdMatches(\".*recipe-comment...
11:58:52.359199 POST /session/41dc848e-257f-485e-8132-ef47e5a4e374/element [59.589602ms] ERR:404 body={"strategy":"-android uiautomator","selector":"new UiSelector().resourceIdMatches(\".*recipe-comment...
11:58:52.418238 POST /session/41dc848e-257f-485e-8132-ef47e5a4e374/element [58.900383ms] ERR:404 body={"strategy":"-android uiautomator","selector":"new UiSelector().resourceIdMatches(\".*recipe-comment...
11:58:52.478826 POST /session/41dc848e-257f-485e-8132-ef47e5a4e374/element [60.472702ms] ERR:404 body={"strategy":"-android uiautomator","selector":"new UiSelector().resourceIdMatches(\".*recipe-comment...
11:58:52.552875 POST /session/41dc848e-257f-485e-8132-ef47e5a4e374/element [73.936065ms] ERR:404 body={"strategy":"-android uiautomator","selector":"new UiSelector().resourceIdMatches(\".*recipe-comment...
11:58:52.631240 POST /session/41dc848e-257f-485e-8132-ef47e5a4e374/element [78.257414ms] ERR:404 body={"strategy":"-android uiautomator","selector":"new UiSelector().resourceIdMatches(\".*recipe-comment...
11:58:52.691706 POST /session/41dc848e-257f-485e-8132-ef47e5a4e374/element [60.338348ms] ERR:404 body={"strategy":"-android uiautomator","selector":"new UiSelector().resourceIdMatches(\".*recipe-comment...
11:58:52.746944 POST /session/41dc848e-257f-485e-8132-ef47e5a4e374/element [55.094181ms] ERR:404 body={"strategy":"-android uiautomator","selector":"new UiSelector().resourceIdMatches(\".*recipe-comment...
11:58:52.796269 POST /session/41dc848e-257f-485e-8132-ef47e5a4e374/element [49.199523ms] ERR:404 body={"strategy":"-android uiautomator","selector":"new UiSelector().resourceIdMatches(\".*recipe-comment...
11:58:52.853069 POST /session/41dc848e-257f-485e-8132-ef47e5a4e374/element [56.671269ms] ERR:404 body={"strategy":"-android uiautomator","selector":"new UiSelector().resourceIdMatches(\".*recipe-comment...
11:58:52.916794 POST /session/41dc848e-257f-485e-8132-ef47e5a4e374/element [63.619465ms] ERR:404 body={"strategy":"-android uiautomator","selector":"new UiSelector().resourceIdMatches(\".*recipe-comment...
11:58:52.964501 POST /session/41dc848e-257f-485e-8132-ef47e5a4e374/element [47.595791ms] ERR:404 body={"strategy":"-android uiautomator","selector":"new UiSelector().resourceIdMatches(\".*recipe-comment...
11:58:53.014348 POST /session/41dc848e-257f-485e-8132-ef47e5a4e374/element [49.725881ms] ERR:404 body={"strategy":"-android uiautomator","selector":"new UiSelector().resourceIdMatches(\".*recipe-comment...
11:58:53.069607 POST /session/41dc848e-257f-485e-8132-ef47e5a4e374/element [54.662242ms] ERR:404 body={"strategy":"-android uiautomator","selector":"new UiSelector().resourceIdMatches(\".*recipe-comment...
11:58:53.123764 POST /session/41dc848e-257f-485e-8132-ef47e5a4e374/element [54.012468ms] ERR:404 body={"strategy":"-android uiautomator","selector":"new UiSelector().resourceIdMatches(\".*recipe-comment...
11:58:54.648578 POST /session/41dc848e-257f-485e-8132-ef47e5a4e374/appium/gestures/scroll [1.524686477s] OK body={"area":{"left":0,"top":300,"width":1080,"height":1800},"direction":"down","percent":0.3}
11:58:55.009831 POST /session/41dc848e-257f-485e-8132-ef47e5a4e374/element [60.664847ms] ERR:404 body={"strategy":"-android uiautomator","selector":"new UiSelector().resourceIdMatches(\".*recipe-comment...
11:58:55.054708 POST /session/41dc848e-257f-485e-8132-ef47e5a4e374/element [44.720727ms] ERR:404 body={"strategy":"-android uiautomator","selector":"new UiSelector().resourceIdMatches(\".*recipe-comment...
11:58:55.100878 POST /session/41dc848e-257f-485e-8132-ef47e5a4e374/element [46.051996ms] ERR:404 body={"strategy":"-android uiautomator","selector":"new UiSelector().resourceIdMatches(\".*recipe-comment...
11:58:55.146299 POST /session/41dc848e-257f-485e-8132-ef47e5a4e374/element [45.31492ms] ERR:404 body={"strategy":"-android uiautomator","selector":"new UiSelector().resourceIdMatches(\".*recipe-comment...
11:58:55.200941 POST /session/41dc848e-257f-485e-8132-ef47e5a4e374/element [54.536095ms] ERR:404 body={"strategy":"-android uiautomator","selector":"new UiSelector().resourceIdMatches(\".*recipe-comment...
11:58:55.261506 POST /session/41dc848e-257f-485e-8132-ef47e5a4e374/element [60.4395ms] ERR:404 body={"strategy":"-android uiautomator","selector":"new UiSelector().resourceIdMatches(\".*recipe-comment...
11:58:55.318509 POST /session/41dc848e-257f-485e-8132-ef47e5a4e374/element [56.866785ms] ERR:404 body={"strategy":"-android uiautomator","selector":"new UiSelector().resourceIdMatches(\".*recipe-comment...
11:58:55.374370 POST /session/41dc848e-257f-485e-8132-ef47e5a4e374/element [55.7404ms] ERR:404 body={"strategy":"-android uiautomator","selector":"new UiSelector().resourceIdMatches(\".*recipe-comment...
11:58:55.433386 POST /session/41dc848e-257f-485e-8132-ef47e5a4e374/element [58.878958ms] ERR:404 body={"strategy":"-android uiautomator","selector":"new UiSelector().resourceIdMatches(\".*recipe-comment...
11:58:55.480748 POST /session/41dc848e-257f-485e-8132-ef47e5a4e374/element [47.217935ms] ERR:404 body={"strategy":"-android uiautomator","selector":"new UiSelector().resourceIdMatches(\".*recipe-comment...
11:58:55.534076 POST /session/41dc848e-257f-485e-8132-ef47e5a4e374/element [53.205726ms] ERR:404 body={"strategy":"-android uiautomator","selector":"new UiSelector().resourceIdMatches(\".*recipe-comment...
11:58:55.580764 POST /session/41dc848e-257f-485e-8132-ef47e5a4e374/element [46.518121ms] ERR:404 body={"strategy":"-android uiautomator","selector":"new UiSelector().resourceIdMatches(\".*recipe-comment...
11:58:55.630443 POST /session/41dc848e-257f-485e-8132-ef47e5a4e374/element [49.563559ms] ERR:404 body={"strategy":"-android uiautomator","selector":"new UiSelector().resourceIdMatches(\".*recipe-comment...
11:58:55.685773 POST /session/41dc848e-257f-485e-8132-ef47e5a4e374/element [55.206912ms] ERR:404 body={"strategy":"-android uiautomator","selector":"new UiSelector().resourceIdMatches(\".*recipe-comment...
11:58:55.748028 POST /session/41dc848e-257f-485e-8132-ef47e5a4e374/element [62.133139ms] ERR:404 body={"strategy":"-android uiautomator","selector":"new UiSelector().resourceIdMatches(\".*recipe-comment...
11:58:55.810805 POST /session/41dc848e-257f-485e-8132-ef47e5a4e374/element [62.675369ms] ERR:404 body={"strategy":"-android uiautomator","selector":"new UiSelector().resourceIdMatches(\".*recipe-comment...
11:58:55.873828 POST /session/41dc848e-257f-485e-8132-ef47e5a4e374/element [62.89327ms] ERR:404 body={"strategy":"-android uiautomator","selector":"new UiSelector().resourceIdMatches(\".*recipe-comment...
11:58:55.972189 POST /session/41dc848e-257f-485e-8132-ef47e5a4e374/element [98.232624ms] ERR:404 body={"strategy":"-android uiautomator","selector":"new UiSelector().resourceIdMatches(\".*recipe-comment...
11:58:57.626733 POST /session/41dc848e-257f-485e-8132-ef47e5a4e374/appium/gestures/scroll [1.654429605s] OK body={"area":{"left":0,"top":300,"width":1080,"height":1800},"direction":"down","percent":0.3}
11:58:58.000911 POST /session/41dc848e-257f-485e-8132-ef47e5a4e374/element [73.637409ms] ERR:404 body={"strategy":"-android uiautomator","selector":"new UiSelector().resourceIdMatches(\".*recipe-comment...
11:58:58.099760 POST /session/41dc848e-257f-485e-8132-ef47e5a4e374/element [98.700332ms] ERR:404 body={"strategy":"-android uiautomator","selector":"new UiSelector().resourceIdMatches(\".*recipe-comment...
11:58:58.175331 POST /session/41dc848e-257f-485e-8132-ef47e5a4e374/element [75.458348ms] ERR:404 body={"strategy":"-android uiautomator","selector":"new UiSelector().resourceIdMatches(\".*recipe-comment...
11:58:58.243079 POST /session/41dc848e-257f-485e-8132-ef47e5a4e374/element [67.637403ms] ERR:404 body={"strategy":"-android uiautomator","selector":"new UiSelector().resourceIdMatches(\".*recipe-comment...
11:58:58.352575 POST /session/41dc848e-257f-485e-8132-ef47e5a4e374/element [109.37021ms] ERR:404 body={"strategy":"-android uiautomator","selector":"new UiSelector().resourceIdMatches(\".*recipe-comment...
11:58:58.412101 POST /session/41dc848e-257f-485e-8132-ef47e5a4e374/element [59.414985ms] ERR:404 body={"strategy":"-android uiautomator","selector":"new UiSelector().resourceIdMatches(\".*recipe-comment...
11:58:58.473192 POST /session/41dc848e-257f-485e-8132-ef47e5a4e374/element [60.971637ms] ERR:404 body={"strategy":"-android uiautomator","selector":"new UiSelector().resourceIdMatches(\".*recipe-comment...
11:58:58.533504 POST /session/41dc848e-257f-485e-8132-ef47e5a4e374/element [60.19738ms] ERR:404 body={"strategy":"-android uiautomator","selector":"new UiSelector().resourceIdMatches(\".*recipe-comment...
11:58:58.604994 POST /session/41dc848e-257f-485e-8132-ef47e5a4e374/element [71.365658ms] ERR:404 body={"strategy":"-android uiautomator","selector":"new UiSelector().resourceIdMatches(\".*recipe-comment...
11:58:58.689091 POST /session/41dc848e-257f-485e-8132-ef47e5a4e374/element [83.972696ms] ERR:404 body={"strategy":"-android uiautomator","selector":"new UiSelector().resourceIdMatches(\".*recipe-comment...
11:58:58.760526 POST /session/41dc848e-257f-485e-8132-ef47e5a4e374/element [71.330912ms] ERR:404 body={"strategy":"-android uiautomator","selector":"new UiSelector().resourceIdMatches(\".*recipe-comment...
11:58:58.833059 POST /session/41dc848e-257f-485e-8132-ef47e5a4e374/element [72.436657ms] ERR:404 body={"strategy":"-android uiautomator","selector":"new UiSelector().resourceIdMatches(\".*recipe-comment...
11:58:58.886711 POST /session/41dc848e-257f-485e-8132-ef47e5a4e374/element [53.511068ms] ERR:404 body={"strategy":"-android uiautomator","selector":"new UiSelector().resourceIdMatches(\".*recipe-comment...
11:58:58.966145 POST /session/41dc848e-257f-485e-8132-ef47e5a4e374/element [79.321124ms] ERR:404 body={"strategy":"-android uiautomator","selector":"new UiSelector().resourceIdMatches(\".*recipe-comment...
11:59:00.565832 POST /session/41dc848e-257f-485e-8132-ef47e5a4e374/appium/gestures/scroll [1.599594121s] OK body={"area":{"left":0,"top":300,"width":1080,"height":1800},"direction":"down","percent":0.3}
11:59:00.967487 POST /session/41dc848e-257f-485e-8132-ef47e5a4e374/element [101.099219ms] ERR:404 body={"strategy":"-android uiautomator","selector":"new UiSelector().resourceIdMatches(\".*recipe-comment...
11:59:01.532348 POST /session/41dc848e-257f-485e-8132-ef47e5a4e374/element [564.754833ms] ERR:404 body={"strategy":"-android uiautomator","selector":"new UiSelector().resourceIdMatches(\".*recipe-comment...
11:59:01.574133 POST /session/41dc848e-257f-485e-8132-ef47e5a4e374/element [41.675526ms] ERR:404 body={"strategy":"-android uiautomator","selector":"new UiSelector().resourceIdMatches(\".*recipe-comment...
11:59:01.624078 POST /session/41dc848e-257f-485e-8132-ef47e5a4e374/element [49.834226ms] ERR:404 body={"strategy":"-android uiautomator","selector":"new UiSelector().resourceIdMatches(\".*recipe-comment...
11:59:01.674849 POST /session/41dc848e-257f-485e-8132-ef47e5a4e374/element [50.666933ms] ERR:404 body={"strategy":"-android uiautomator","selector":"new UiSelector().resourceIdMatches(\".*recipe-comment...
11:59:01.719083 POST /session/41dc848e-257f-485e-8132-ef47e5a4e374/element [44.096498ms] ERR:404 body={"strategy":"-android uiautomator","selector":"new UiSelector().resourceIdMatches(\".*recipe-comment...
11:59:01.761897 POST /session/41dc848e-257f-485e-8132-ef47e5a4e374/element [42.70043ms] ERR:404 body={"strategy":"-android uiautomator","selector":"new UiSelector().resourceIdMatches(\".*recipe-comment...
11:59:01.807257 POST /session/41dc848e-257f-485e-8132-ef47e5a4e374/element [45.240392ms] ERR:404 body={"strategy":"-android uiautomator","selector":"new UiSelector().resourceIdMatches(\".*recipe-comment...
11:59:01.851379 POST /session/41dc848e-257f-485e-8132-ef47e5a4e374/element [44.014571ms] ERR:404 body={"strategy":"-android uiautomator","selector":"new UiSelector().resourceIdMatches(\".*recipe-comment...
11:59:01.893416 POST /session/41dc848e-257f-485e-8132-ef47e5a4e374/element [41.90517ms] ERR:404 body={"strategy":"-android uiautomator","selector":"new UiSelector().resourceIdMatches(\".*recipe-comment...
11:59:03.416877 POST /session/41dc848e-257f-485e-8132-ef47e5a4e374/appium/gestures/scroll [1.523346351s] OK body={"area":{"left":0,"top":300,"width":1080,"height":1800},"direction":"down","percent":0.3}
11:59:03.764921 POST /session/41dc848e-257f-485e-8132-ef47e5a4e374/element [47.446338ms] ERR:404 body={"strategy":"-android uiautomator","selector":"new UiSelector().resourceIdMatches(\".*recipe-comment...
11:59:03.816628 POST /session/41dc848e-257f-485e-8132-ef47e5a4e374/element [51.575754ms] ERR:404 body={"strategy":"-android uiautomator","selector":"new UiSelector().resourceIdMatches(\".*recipe-comment...
11:59:03.859197 POST /session/41dc848e-257f-485e-8132-ef47e5a4e374/element [42.42787ms] ERR:404 body={"strategy":"-android uiautomator","selector":"new UiSelector().resourceIdMatches(\".*recipe-comment...
11:59:03.907177 POST /session/41dc848e-257f-485e-8132-ef47e5a4e374/element [47.851104ms] ERR:404 body={"strategy":"-android uiautomator","selector":"new UiSelector().resourceIdMatches(\".*recipe-comment...
11:59:03.958745 POST /session/41dc848e-257f-485e-8132-ef47e5a4e374/element [51.422435ms] ERR:404 body={"strategy":"-android uiautomator","selector":"new UiSelector().resourceIdMatches(\".*recipe-comment...
11:59:04.016813 POST /session/41dc848e-257f-485e-8132-ef47e5a4e374/element [57.837946ms] ERR:404 body={"strategy":"-android uiautomator","selector":"new UiSelector().resourceIdMatches(\".*recipe-comment...
11:59:04.062897 POST /session/41dc848e-257f-485e-8132-ef47e5a4e374/element [45.920565ms] ERR:404 body={"strategy":"-android uiautomator","selector":"new UiSelector().resourceIdMatches(\".*recipe-comment...
11:59:04.116788 POST /session/41dc848e-257f-485e-8132-ef47e5a4e374/element [53.77483ms] ERR:404 body={"strategy":"-android uiautomator","selector":"new UiSelector().resourceIdMatches(\".*recipe-comment...
11:59:04.161332 POST /session/41dc848e-257f-485e-8132-ef47e5a4e374/element [44.409238ms] ERR:404 body={"strategy":"-android uiautomator","selector":"new UiSelector().resourceIdMatches(\".*recipe-comment...
11:59:04.216703 POST /session/41dc848e-257f-485e-8132-ef47e5a4e374/element [55.270813ms] ERR:404 body={"strategy":"-android uiautomator","selector":"new UiSelector().resourceIdMatches(\".*recipe-comment...
11:59:04.264373 POST /session/41dc848e-257f-485e-8132-ef47e5a4e374/element [47.52981ms] ERR:404 body={"strategy":"-android uiautomator","selector":"new UiSelector().resourceIdMatches(\".*recipe-comment...
11:59:04.314375 POST /session/41dc848e-257f-485e-8132-ef47e5a4e374/element [49.875207ms] ERR:404 body={"strategy":"-android uiautomator","selector":"new UiSelector().resourceIdMatches(\".*recipe-comment...
11:59:04.359333 POST /session/41dc848e-257f-485e-8132-ef47e5a4e374/element [44.810327ms] ERR:404 body={"strategy":"-android uiautomator","selector":"new UiSelector().resourceIdMatches(\".*recipe-comment...
11:59:04.402190 POST /session/41dc848e-257f-485e-8132-ef47e5a4e374/element [42.75011ms] ERR:404 body={"strategy":"-android uiautomator","selector":"new UiSelector().resourceIdMatches(\".*recipe-comment...
11:59:04.444284 POST /session/41dc848e-257f-485e-8132-ef47e5a4e374/element [41.9919ms] ERR:404 body={"strategy":"-android uiautomator","selector":"new UiSelector().resourceIdMatches(\".*recipe-comment...
11:59:04.485939 POST /session/41dc848e-257f-485e-8132-ef47e5a4e374/element [41.541112ms] ERR:404 body={"strategy":"-android uiautomator","selector":"new UiSelector().resourceIdMatches(\".*recipe-comment...
11:59:04.534056 POST /session/41dc848e-257f-485e-8132-ef47e5a4e374/element [47.991211ms] ERR:404 body={"strategy":"-android uiautomator","selector":"new UiSelector().resourceIdMatches(\".*recipe-comment...
11:59:04.576759 POST /session/41dc848e-257f-485e-8132-ef47e5a4e374/element [42.597796ms] ERR:404 body={"strategy":"-android uiautomator","selector":"new UiSelector().resourceIdMatches(\".*recipe-comment...
11:59:04.618219 POST /session/41dc848e-257f-485e-8132-ef47e5a4e374/element [41.369282ms] ERR:404 body={"strategy":"-android uiautomator","selector":"new UiSelector().resourceIdMatches(\".*recipe-comment...
11:59:04.662479 POST /session/41dc848e-257f-485e-8132-ef47e5a4e374/element [44.1541ms] ERR:404 body={"strategy":"-android uiautomator","selector":"new UiSelector().resourceIdMatches(\".*recipe-comment...
11:59:04.706854 POST /session/41dc848e-257f-485e-8132-ef47e5a4e374/element [44.245282ms] ERR:404 body={"strategy":"-android uiautomator","selector":"new UiSelector().resourceIdMatches(\".*recipe-comment...
11:59:04.750221 POST /session/41dc848e-257f-485e-8132-ef47e5a4e374/element [43.256123ms] ERR:404 body={"strategy":"-android uiautomator","selector":"new UiSelector().resourceIdMatches(\".*recipe-comment...
11:59:06.263366 POST /session/41dc848e-257f-485e-8132-ef47e5a4e374/appium/gestures/scroll [1.51305327s] OK body={"area":{"left":0,"top":300,"width":1080,"height":1800},"direction":"down","percent":0.3}
11:59:06.604684 POST /session/41dc848e-257f-485e-8132-ef47e5a4e374/element [40.787975ms] ERR:404 body={"strategy":"-android uiautomator","selector":"new UiSelector().resourceIdMatches(\".*recipe-comment...
11:59:06.649458 POST /session/41dc848e-257f-485e-8132-ef47e5a4e374/element [44.667156ms] ERR:404 body={"strategy":"-android uiautomator","selector":"new UiSelector().resourceIdMatches(\".*recipe-comment...
11:59:06.692916 POST /session/41dc848e-257f-485e-8132-ef47e5a4e374/element [43.35111ms] ERR:404 body={"strategy":"-android uiautomator","selector":"new UiSelector().resourceIdMatches(\".*recipe-comment...
11:59:06.739664 POST /session/41dc848e-257f-485e-8132-ef47e5a4e374/element [46.634638ms] ERR:404 body={"strategy":"-android uiautomator","selector":"new UiSelector().resourceIdMatches(\".*recipe-comment...
11:59:06.785234 POST /session/41dc848e-257f-485e-8132-ef47e5a4e374/element [45.451262ms] ERR:404 body={"strategy":"-android uiautomator","selector":"new UiSelector().resourceIdMatches(\".*recipe-comment...
11:59:06.832518 POST /session/41dc848e-257f-485e-8132-ef47e5a4e374/element [47.192393ms] ERR:404 body={"strategy":"-android uiautomator","selector":"new UiSelector().resourceIdMatches(\".*recipe-comment...
11:59:06.878727 POST /session/41dc848e-257f-485e-8132-ef47e5a4e374/element [46.120775ms] ERR:404 body={"strategy":"-android uiautomator","selector":"new UiSelector().resourceIdMatches(\".*recipe-comment...
11:59:06.923533 POST /session/41dc848e-257f-485e-8132-ef47e5a4e374/element [44.681447ms] ERR:404 body={"strategy":"-android uiautomator","selector":"new UiSelector().resourceIdMatches(\".*recipe-comment...
11:59:06.970552 POST /session/41dc848e-257f-485e-8132-ef47e5a4e374/element [46.914503ms] ERR:404 body={"strategy":"-android uiautomator","selector":"new UiSelector().resourceIdMatches(\".*recipe-comment...
11:59:07.016963 POST /session/41dc848e-257f-485e-8132-ef47e5a4e374/element [46.30497ms] ERR:404 body={"strategy":"-android uiautomator","selector":"new UiSelector().resourceIdMatches(\".*recipe-comment...
11:59:07.079434 POST /session/41dc848e-257f-485e-8132-ef47e5a4e374/element [62.349666ms] ERR:404 body={"strategy":"-android uiautomator","selector":"new UiSelector().resourceIdMatches(\".*recipe-comment...
11:59:07.137807 POST /session/41dc848e-257f-485e-8132-ef47e5a4e374/element [58.248195ms] ERR:404 body={"strategy":"-android uiautomator","selector":"new UiSelector().resourceIdMatches(\".*recipe-comment...
11:59:07.198299 POST /session/41dc848e-257f-485e-8132-ef47e5a4e374/element [60.362641ms] ERR:404 body={"strategy":"-android uiautomator","selector":"new UiSelector().resourceIdMatches(\".*recipe-comment...
11:59:07.265435 POST /session/41dc848e-257f-485e-8132-ef47e5a4e374/element [67.007858ms] ERR:404 body={"strategy":"-android uiautomator","selector":"new UiSelector().resourceIdMatches(\".*recipe-comment...
11:59:07.326256 POST /session/41dc848e-257f-485e-8132-ef47e5a4e374/element [60.696449ms] ERR:404 body={"strategy":"-android uiautomator","selector":"new UiSelector().resourceIdMatches(\".*recipe-comment...
11:59:07.400475 POST /session/41dc848e-257f-485e-8132-ef47e5a4e374/element [74.116408ms] ERR:404 body={"strategy":"-android uiautomator","selector":"new UiSelector().resourceIdMatches(\".*recipe-comment...
11:59:07.464110 POST /session/41dc848e-257f-485e-8132-ef47e5a4e374/element [63.524128ms] ERR:404 body={"strategy":"-android uiautomator","selector":"new UiSelector().resourceIdMatches(\".*recipe-comment...
11:59:07.529152 POST /session/41dc848e-257f-485e-8132-ef47e5a4e374/element [64.931617ms] ERR:404 body={"strategy":"-android uiautomator","selector":"new UiSelector().resourceIdMatches(\".*recipe-comment...
11:59:07.573036 POST /session/41dc848e-257f-485e-8132-ef47e5a4e374/element [43.766142ms] ERR:404 body={"strategy":"-android uiautomator","selector":"new UiSelector().resourceIdMatches(\".*recipe-comment...
11:59:09.152622 POST /session/41dc848e-257f-485e-8132-ef47e5a4e374/appium/gestures/scroll [1.579483889s] OK body={"area":{"left":0,"top":300,"width":1080,"height":1800},"direction":"down","percent":0.3}
11:59:09.500269 POST /session/41dc848e-257f-485e-8132-ef47e5a4e374/element [47.039909ms] ERR:404 body={"strategy":"-android uiautomator","selector":"new UiSelector().resourceIdMatches(\".*recipe-comment...
11:59:09.548466 POST /session/41dc848e-257f-485e-8132-ef47e5a4e374/element [48.086882ms] ERR:404 body={"strategy":"-android uiautomator","selector":"new UiSelector().resourceIdMatches(\".*recipe-comment...
11:59:09.591628 POST /session/41dc848e-257f-485e-8132-ef47e5a4e374/element [43.052051ms] ERR:404 body={"strategy":"-android uiautomator","selector":"new UiSelector().resourceIdMatches(\".*recipe-comment...
11:59:09.639476 POST /session/41dc848e-257f-485e-8132-ef47e5a4e374/element [47.701458ms] ERR:404 body={"strategy":"-android uiautomator","selector":"new UiSelector().resourceIdMatches(\".*recipe-comment...
11:59:09.683987 POST /session/41dc848e-257f-485e-8132-ef47e5a4e374/element [44.395927ms] ERR:404 body={"strategy":"-android uiautomator","selector":"new UiSelector().resourceIdMatches(\".*recipe-comment...
11:59:09.727738 POST /session/41dc848e-257f-485e-8132-ef47e5a4e374/element [43.628591ms] ERR:404 body={"strategy":"-android uiautomator","selector":"new UiSelector().resourceIdMatches(\".*recipe-comment...
11:59:09.770558 POST /session/41dc848e-257f-485e-8132-ef47e5a4e374/element [42.711257ms] ERR:404 body={"strategy":"-android uiautomator","selector":"new UiSelector().resourceIdMatches(\".*recipe-comment...
11:59:09.812001 POST /session/41dc848e-257f-485e-8132-ef47e5a4e374/element [41.302825ms] ERR:404 body={"strategy":"-android uiautomator","selector":"new UiSelector().resourceIdMatches(\".*recipe-comment...
11:59:09.860353 POST /session/41dc848e-257f-485e-8132-ef47e5a4e374/element [48.22063ms] ERR:404 body={"strategy":"-android uiautomator","selector":"new UiSelector().resourceIdMatches(\".*recipe-comment...
11:59:09.910857 POST /session/41dc848e-257f-485e-8132-ef47e5a4e374/element [50.386125ms] ERR:404 body={"strategy":"-android uiautomator","selector":"new UiSelector().resourceIdMatches(\".*recipe-comment...
11:59:09.955830 POST /session/41dc848e-257f-485e-8132-ef47e5a4e374/element [44.836942ms] ERR:404 body={"strategy":"-android uiautomator","selector":"new UiSelector().resourceIdMatches(\".*recipe-comment...
11:59:10.001810 POST /session/41dc848e-257f-485e-8132-ef47e5a4e374/element [45.850917ms] ERR:404 body={"strategy":"-android uiautomator","selector":"new UiSelector().resourceIdMatches(\".*recipe-comment...
11:59:10.047511 POST /session/41dc848e-257f-485e-8132-ef47e5a4e374/element [45.577923ms] ERR:404 body={"strategy":"-android uiautomator","selector":"new UiSelector().resourceIdMatches(\".*recipe-comment...
11:59:10.098367 POST /session/41dc848e-257f-485e-8132-ef47e5a4e374/element [50.713259ms] ERR:404 body={"strategy":"-android uiautomator","selector":"new UiSelector().resourceIdMatches(\".*recipe-comment...
11:59:10.144094 POST /session/41dc848e-257f-485e-8132-ef47e5a4e374/element [45.626178ms] ERR:404 body={"strategy":"-android uiautomator","selector":"new UiSelector().resourceIdMatches(\".*recipe-comment...
11:59:10.186698 POST /session/41dc848e-257f-485e-8132-ef47e5a4e374/element [42.46278ms] ERR:404 body={"strategy":"-android uiautomator","selector":"new UiSelector().resourceIdMatches(\".*recipe-comment...
11:59:10.229700 POST /session/41dc848e-257f-485e-8132-ef47e5a4e374/element [42.867814ms] ERR:404 body={"strategy":"-android uiautomator","selector":"new UiSelector().resourceIdMatches(\".*recipe-comment...
11:59:10.272884 POST /session/41dc848e-257f-485e-8132-ef47e5a4e374/element [42.890078ms] ERR:404 body={"strategy":"-android uiautomator","selector":"new UiSelector().resourceIdMatches(\".*recipe-comment...
11:59:10.324917 POST /session/41dc848e-257f-485e-8132-ef47e5a4e374/element [51.863454ms] ERR:404 body={"strategy":"-android uiautomator","selector":"new UiSelector().resourceIdMatches(\".*recipe-comment...
11:59:10.370151 POST /session/41dc848e-257f-485e-8132-ef47e5a4e374/element [45.121411ms] ERR:404 body={"strategy":"-android uiautomator","selector":"new UiSelector().resourceIdMatches(\".*recipe-comment...
11:59:10.415129 POST /session/41dc848e-257f-485e-8132-ef47e5a4e374/element [44.858354ms] ERR:404 body={"strategy":"-android uiautomator","selector":"new UiSelector().resourceIdMatches(\".*recipe-comment...
11:59:10.458091 POST /session/41dc848e-257f-485e-8132-ef47e5a4e374/element [42.833165ms] ERR:404 body={"strategy":"-android uiautomator","selector":"new UiSelector().resourceIdMatches(\".*recipe-comment...
11:59:11.973969 POST /session/41dc848e-257f-485e-8132-ef47e5a4e374/appium/gestures/scroll [1.515737806s] OK body={"area":{"left":0,"top":300,"width":1080,"height":1800},"direction":"down","percent":0.3}
11:59:12.645800 GET /session/41dc848e-257f-485e-8132-ef47e5a4e374/screenshot [368.161122ms] OK body=
11:59:12.766566 GET /session/41dc848e-257f-485e-8132-ef47e5a4e374/source [115.618876ms] OK body=
11:59:16.540413 POST /session/41dc848e-257f-485e-8132-ef47e5a4e374/appium/device/launch_app [4.357039ms] ERR:404 body={"appId":"com.tastopia.app"}
11:59:19.091637 POST /session/41dc848e-257f-485e-8132-ef47e5a4e374/element [970.027875ms] OK body={"strategy":"-android uiautomator","selector":"new UiSelector().resourceIdMatches(\".*MENU.*\")"}
11:59:19.615050 GET /session/41dc848e-257f-485e-8132-ef47e5a4e374/element/00000000-0000-000a-ffff-ffff0000003c/text [523.294496ms] OK body=
11:59:19.626000 GET /session/41dc848e-257f-485e-8132-ef47e5a4e374/element/00000000-0000-000a-ffff-ffff0000003c/rect [10.860143ms] OK body=
11:59:19.640399 POST /session/41dc848e-257f-485e-8132-ef47e5a4e374/element [14.104997ms] ERR:404 body={"strategy":"-android uiautomator","selector":"new UiSelector().resourceIdMatches(\".*MENU.*\").clic...
11:59:19.652890 POST /session/41dc848e-257f-485e-8132-ef47e5a4e374/element [12.409875ms] OK body={"strategy":"-android uiautomator","selector":"new UiSelector().resourceIdMatches(\".*MENU.*\")"}
11:59:19.661840 GET /session/41dc848e-257f-485e-8132-ef47e5a4e374/element/00000000-0000-000a-ffff-ffff0000003c/text [8.896383ms] OK body=
11:59:19.671509 GET /session/41dc848e-257f-485e-8132-ef47e5a4e374/element/00000000-0000-000a-ffff-ffff0000003c/rect [9.60293ms] OK body=
11:59:19.701943 POST /session/41dc848e-257f-485e-8132-ef47e5a4e374/element/00000000-0000-000a-ffff-ffff0000003c/click [30.380946ms] OK body=
11:59:19.730372 POST /session/41dc848e-257f-485e-8132-ef47e5a4e374/appium/device/hide_keyboard [28.324045ms] ERR:404 body=
11:59:19.789650 POST /session/41dc848e-257f-485e-8132-ef47e5a4e374/element [58.982935ms] ERR:404 body={"strategy":"-android uiautomator","selector":"new UiSelector().textContains(\"History\")"}
11:59:20.128065 POST /session/41dc848e-257f-485e-8132-ef47e5a4e374/element [338.271396ms] ERR:404 body={"strategy":"-android uiautomator","selector":"new UiSelector().descriptionContains(\"History\")"}
11:59:21.091972 POST /session/41dc848e-257f-485e-8132-ef47e5a4e374/element [963.807055ms] OK body={"strategy":"-android uiautomator","selector":"new UiSelector().textMatches(\"(?is).*\\QHistory\\E.*...
11:59:21.107085 POST /session/41dc848e-257f-485e-8132-ef47e5a4e374/element [14.837863ms] OK body={"strategy":"-android uiautomator","selector":"new UiSelector().resourceIdMatches(\".*menu-logout-bu...
11:59:21.116132 GET /session/41dc848e-257f-485e-8132-ef47e5a4e374/element/00000000-0000-000a-ffff-ffff000000af/text [8.985517ms] OK body=
11:59:21.126283 GET /session/41dc848e-257f-485e-8132-ef47e5a4e374/element/00000000-0000-000a-ffff-ffff000000af/rect [10.058294ms] OK body=
11:59:21.160582 POST /session/41dc848e-257f-485e-8132-ef47e5a4e374/element/00000000-0000-000a-ffff-ffff000000af/click [34.223273ms] OK body=
11:59:21.178458 POST /session/41dc848e-257f-485e-8132-ef47e5a4e374/element [17.628476ms] ERR:404 body={"strategy":"-android uiautomator","selector":"new UiSelector().textContains(\"Welcome to\")"}
11:59:21.194121 POST /session/41dc848e-257f-485e-8132-ef47e5a4e374/element [15.548425ms] ERR:404 body={"strategy":"-android uiautomator","selector":"new UiSelector().descriptionContains(\"Welcome to\")"...
11:59:21.209491 POST /session/41dc848e-257f-485e-8132-ef47e5a4e374/element [15.27732ms] ERR:404 body={"strategy":"-android uiautomator","selector":"new UiSelector().textMatches(\"(?is).*\\QWelcome to\\...
11:59:21.223740 POST /session/41dc848e-257f-485e-8132-ef47e5a4e374/element [14.137614ms] ERR:404 body={"strategy":"-android uiautomator","selector":"new UiSelector().descriptionMatches(\"(?is).*\\QWelco...
11:59:21.237746 POST /session/41dc848e-257f-485e-8132-ef47e5a4e374/element [13.89941ms] ERR:404 body={"strategy":"-android uiautomator","selector":"new UiSelector().textContains(\"Welcome to\")"}
11:59:21.252088 POST /session/41dc848e-257f-485e-8132-ef47e5a4e374/element [14.247396ms] ERR:404 body={"strategy":"-android uiautomator","selector":"new UiSelector().descriptionContains(\"Welcome to\")"...
11:59:21.266029 POST /session/41dc848e-257f-485e-8132-ef47e5a4e374/element [13.862413ms] ERR:404 body={"strategy":"-android uiautomator","selector":"new UiSelector().textMatches(\"(?is).*\\QWelcome to\\...
11:59:21.279268 POST /session/41dc848e-257f-485e-8132-ef47e5a4e374/element [13.152253ms] ERR:404 body={"strategy":"-android uiautomator","selector":"new UiSelector().descriptionMatches(\"(?is).*\\QWelco...
11:59:21.294271 POST /session/41dc848e-257f-485e-8132-ef47e5a4e374/element [14.921123ms] ERR:404 body={"strategy":"-android uiautomator","selector":"new UiSelector().textContains(\"Welcome to\")"}
11:59:21.307445 POST /session/41dc848e-257f-485e-8132-ef47e5a4e374/element [13.076476ms] ERR:404 body={"strategy":"-android uiautomator","selector":"new UiSelector().descriptionContains(\"Welcome to\")"...
11:59:21.321379 POST /session/41dc848e-257f-485e-8132-ef47e5a4e374/element [13.850851ms] ERR:404 body={"strategy":"-android uiautomator","selector":"new UiSelector().textMatches(\"(?is).*\\QWelcome to\\...
11:59:21.337479 POST /session/41dc848e-257f-485e-8132-ef47e5a4e374/element [16.025634ms] ERR:404 body={"strategy":"-android uiautomator","selector":"new UiSelector().descriptionMatches(\"(?is).*\\QWelco...
11:59:21.354074 POST /session/41dc848e-257f-485e-8132-ef47e5a4e374/element [16.507319ms] ERR:404 body={"strategy":"-android uiautomator","selector":"new UiSelector().textContains(\"Welcome to\")"}
11:59:21.371431 POST /session/41dc848e-257f-485e-8132-ef47e5a4e374/element [17.256895ms] ERR:404 body={"strategy":"-android uiautomator","selector":"new UiSelector().descriptionContains(\"Welcome to\")"...
11:59:21.385371 POST /session/41dc848e-257f-485e-8132-ef47e5a4e374/element [13.84541ms] ERR:404 body={"strategy":"-android uiautomator","selector":"new UiSelector().textMatches(\"(?is).*\\QWelcome to\\...
11:59:21.400274 POST /session/41dc848e-257f-485e-8132-ef47e5a4e374/element [14.724ms] ERR:404 body={"strategy":"-android uiautomator","selector":"new UiSelector().descriptionMatches(\"(?is).*\\QWelco...
11:59:21.414446 POST /session/41dc848e-257f-485e-8132-ef47e5a4e374/element [14.061717ms] ERR:404 body={"strategy":"-android uiautomator","selector":"new UiSelector().textContains(\"Welcome to\")"}
11:59:21.427910 POST /session/41dc848e-257f-485e-8132-ef47e5a4e374/element [13.331131ms] ERR:404 body={"strategy":"-android uiautomator","selector":"new UiSelector().descriptionContains(\"Welcome to\")"...
11:59:21.441000 POST /session/41dc848e-257f-485e-8132-ef47e5a4e374/element [13.015027ms] ERR:404 body={"strategy":"-android uiautomator","selector":"new UiSelector().textMatches(\"(?is).*\\QWelcome to\\...
11:59:21.453778 POST /session/41dc848e-257f-485e-8132-ef47e5a4e374/element [12.698701ms] ERR:404 body={"strategy":"-android uiautomator","selector":"new UiSelector().descriptionMatches(\"(?is).*\\QWelco...
11:59:21.465144 POST /session/41dc848e-257f-485e-8132-ef47e5a4e374/element [11.295442ms] ERR:404 body={"strategy":"-android uiautomator","selector":"new UiSelector().textContains(\"Welcome to\")"}
11:59:21.481030 POST /session/41dc848e-257f-485e-8132-ef47e5a4e374/element [15.804481ms] ERR:404 body={"strategy":"-android uiautomator","selector":"new UiSelector().descriptionContains(\"Welcome to\")"...
11:59:21.496227 POST /session/41dc848e-257f-485e-8132-ef47e5a4e374/element [15.108573ms] ERR:404 body={"strategy":"-android uiautomator","selector":"new UiSelector().textMatches(\"(?is).*\\QWelcome to\\...
11:59:21.510568 POST /session/41dc848e-257f-485e-8132-ef47e5a4e374/element [14.268315ms] ERR:404 body={"strategy":"-android uiautomator","selector":"new UiSelector().descriptionMatches(\"(?is).*\\QWelco...
11:59:21.534565 POST /session/41dc848e-257f-485e-8132-ef47e5a4e374/element [23.894026ms] ERR:404 body={"strategy":"-android uiautomator","selector":"new UiSelector().textContains(\"Welcome to\")"}
11:59:21.546907 POST /session/41dc848e-257f-485e-8132-ef47e5a4e374/element [12.228445ms] ERR:404 body={"strategy":"-android uiautomator","selector":"new UiSelector().descriptionContains(\"Welcome to\")"...
11:59:21.559292 POST /session/41dc848e-257f-485e-8132-ef47e5a4e374/element [12.299777ms] ERR:404 body={"strategy":"-android uiautomator","selector":"new UiSelector().textMatches(\"(?is).*\\QWelcome to\\...
11:59:21.572285 POST /session/41dc848e-257f-485e-8132-ef47e5a4e374/element [12.921539ms] ERR:404 body={"strategy":"-android uiautomator","selector":"new UiSelector().descriptionMatches(\"(?is).*\\QWelco...
11:59:21.586695 POST /session/41dc848e-257f-485e-8132-ef47e5a4e374/element [14.349719ms] ERR:404 body={"strategy":"-android uiautomator","selector":"new UiSelector().textContains(\"Welcome to\")"}
11:59:21.599962 POST /session/41dc848e-257f-485e-8132-ef47e5a4e374/element [13.224448ms] ERR:404 body={"strategy":"-android uiautomator","selector":"new UiSelector().descriptionContains(\"Welcome to\")"...
11:59:21.617107 POST /session/41dc848e-257f-485e-8132-ef47e5a4e374/element [17.084952ms] ERR:404 body={"strategy":"-android uiautomator","selector":"new UiSelector().textMatches(\"(?is).*\\QWelcome to\\...
11:59:21.635581 POST /session/41dc848e-257f-485e-8132-ef47e5a4e374/element [18.397807ms] ERR:404 body={"strategy":"-android uiautomator","selector":"new UiSelector().descriptionMatches(\"(?is).*\\QWelco...
11:59:21.648761 POST /session/41dc848e-257f-485e-8132-ef47e5a4e374/element [13.094034ms] ERR:404 body={"strategy":"-android uiautomator","selector":"new UiSelector().textContains(\"Welcome to\")"}
11:59:21.661699 POST /session/41dc848e-257f-485e-8132-ef47e5a4e374/element [12.857405ms] ERR:404 body={"strategy":"-android uiautomator","selector":"new UiSelector().descriptionContains(\"Welcome to\")"...
11:59:21.673480 POST /session/41dc848e-257f-485e-8132-ef47e5a4e374/element [11.710065ms] ERR:404 body={"strategy":"-android uiautomator","selector":"new UiSelector().textMatches(\"(?is).*\\QWelcome to\\...
11:59:21.685806 POST /session/41dc848e-257f-485e-8132-ef47e5a4e374/element [12.242531ms] ERR:404 body={"strategy":"-android uiautomator","selector":"new UiSelector().descriptionMatches(\"(?is).*\\QWelco...
11:59:21.699796 POST /session/41dc848e-257f-485e-8132-ef47e5a4e374/element [13.917112ms] ERR:404 body={"strategy":"-android uiautomator","selector":"new UiSelector().textContains(\"Welcome to\")"}
11:59:21.714231 POST /session/41dc848e-257f-485e-8132-ef47e5a4e374/element [14.337375ms] ERR:404 body={"strategy":"-android uiautomator","selector":"new UiSelector().descriptionContains(\"Welcome to\")"...
11:59:21.728017 POST /session/41dc848e-257f-485e-8132-ef47e5a4e374/element [13.686872ms] ERR:404 body={"strategy":"-android uiautomator","selector":"new UiSelector().textMatches(\"(?is).*\\QWelcome to\\...
11:59:21.741924 POST /session/41dc848e-257f-485e-8132-ef47e5a4e374/element [13.832381ms] ERR:404 body={"strategy":"-android uiautomator","selector":"new UiSelector().descriptionMatches(\"(?is).*\\QWelco...
11:59:21.754793 POST /session/41dc848e-257f-485e-8132-ef47e5a4e374/element [12.794509ms] ERR:404 body={"strategy":"-android uiautomator","selector":"new UiSelector().textContains(\"Welcome to\")"}
11:59:21.768237 POST /session/41dc848e-257f-485e-8132-ef47e5a4e374/element [13.377626ms] ERR:404 body={"strategy":"-android uiautomator","selector":"new UiSelector().descriptionContains(\"Welcome to\")"...
11:59:21.781579 POST /session/41dc848e-257f-485e-8132-ef47e5a4e374/element [13.272843ms] ERR:404 body={"strategy":"-android uiautomator","selector":"new UiSelector().textMatches(\"(?is).*\\QWelcome to\\...
11:59:21.794862 POST /session/41dc848e-257f-485e-8132-ef47e5a4e374/element [13.209941ms] ERR:404 body={"strategy":"-android uiautomator","selector":"new UiSelector().descriptionMatches(\"(?is).*\\QWelco...
11:59:21.807826 POST /session/41dc848e-257f-485e-8132-ef47e5a4e374/element [12.884497ms] ERR:404 body={"strategy":"-android uiautomator","selector":"new UiSelector().textContains(\"Welcome to\")"}
11:59:21.821239 POST /session/41dc848e-257f-485e-8132-ef47e5a4e374/element [13.332564ms] ERR:404 body={"strategy":"-android uiautomator","selector":"new UiSelector().descriptionContains(\"Welcome to\")"...
11:59:21.837417 POST /session/41dc848e-257f-485e-8132-ef47e5a4e374/element [16.099478ms] ERR:404 body={"strategy":"-android uiautomator","selector":"new UiSelector().textMatches(\"(?is).*\\QWelcome to\\...
11:59:21.852651 POST /session/41dc848e-257f-485e-8132-ef47e5a4e374/element [15.157663ms] ERR:404 body={"strategy":"-android uiautomator","selector":"new UiSelector().descriptionMatches(\"(?is).*\\QWelco...
11:59:21.865919 POST /session/41dc848e-257f-485e-8132-ef47e5a4e374/element [13.182485ms] ERR:404 body={"strategy":"-android uiautomator","selector":"new UiSelector().textContains(\"Welcome to\")"}
11:59:21.878370 POST /session/41dc848e-257f-485e-8132-ef47e5a4e374/element [12.379855ms] ERR:404 body={"strategy":"-android uiautomator","selector":"new UiSelector().descriptionContains(\"Welcome to\")"...
11:59:21.890978 POST /session/41dc848e-257f-485e-8132-ef47e5a4e374/element [12.545602ms] ERR:404 body={"strategy":"-android uiautomator","selector":"new UiSelector().textMatches(\"(?is).*\\QWelcome to\\...
11:59:21.907172 POST /session/41dc848e-257f-485e-8132-ef47e5a4e374/element [16.120767ms] ERR:404 body={"strategy":"-android uiautomator","selector":"new UiSelector().descriptionMatches(\"(?is).*\\QWelco...
11:59:21.920227 POST /session/41dc848e-257f-485e-8132-ef47e5a4e374/element [12.974304ms] ERR:404 body={"strategy":"-android uiautomator","selector":"new UiSelector().textContains(\"Welcome to\")"}
11:59:21.933010 POST /session/41dc848e-257f-485e-8132-ef47e5a4e374/element [12.723571ms] ERR:404 body={"strategy":"-android uiautomator","selector":"new UiSelector().descriptionContains(\"Welcome to\")"...
11:59:21.944074 POST /session/41dc848e-257f-485e-8132-ef47e5a4e374/element [10.998385ms] ERR:404 body={"strategy":"-android uiautomator","selector":"new UiSelector().textMatches(\"(?is).*\\QWelcome to\\...
11:59:21.958960 POST /session/41dc848e-257f-485e-8132-ef47e5a4e374/element [14.823519ms] ERR:404 body={"strategy":"-android uiautomator","selector":"new UiSelector().descriptionMatches(\"(?is).*\\QWelco...
11:59:21.972291 POST /session/41dc848e-257f-485e-8132-ef47e5a4e374/element [13.252468ms] ERR:404 body={"strategy":"-android uiautomator","selector":"new UiSelector().textContains(\"Welcome to\")"}
11:59:21.994569 POST /session/41dc848e-257f-485e-8132-ef47e5a4e374/element [22.204376ms] ERR:404 body={"strategy":"-android uiautomator","selector":"new UiSelector().descriptionContains(\"Welcome to\")"...
11:59:22.009557 POST /session/41dc848e-257f-485e-8132-ef47e5a4e374/element [14.913486ms] ERR:404 body={"strategy":"-android uiautomator","selector":"new UiSelector().textMatches(\"(?is).*\\QWelcome to\\...
11:59:22.022826 POST /session/41dc848e-257f-485e-8132-ef47e5a4e374/element [13.186389ms] ERR:404 body={"strategy":"-android uiautomator","selector":"new UiSelector().descriptionMatches(\"(?is).*\\QWelco...
11:59:22.036540 POST /session/41dc848e-257f-485e-8132-ef47e5a4e374/element [13.63112ms] ERR:404 body={"strategy":"-android uiautomator","selector":"new UiSelector().textContains(\"Welcome to\")"}
11:59:22.047796 POST /session/41dc848e-257f-485e-8132-ef47e5a4e374/element [11.176695ms] ERR:404 body={"strategy":"-android uiautomator","selector":"new UiSelector().descriptionContains(\"Welcome to\")"...
11:59:22.060859 POST /session/41dc848e-257f-485e-8132-ef47e5a4e374/element [12.995722ms] ERR:404 body={"strategy":"-android uiautomator","selector":"new UiSelector().textMatches(\"(?is).*\\QWelcome to\\...
11:59:22.080832 POST /session/41dc848e-257f-485e-8132-ef47e5a4e374/element [19.911434ms] ERR:404 body={"strategy":"-android uiautomator","selector":"new UiSelector().descriptionMatches(\"(?is).*\\QWelco...
11:59:22.093558 POST /session/41dc848e-257f-485e-8132-ef47e5a4e374/element [12.641458ms] ERR:404 body={"strategy":"-android uiautomator","selector":"new UiSelector().textContains(\"Welcome to\")"}
11:59:22.119814 POST /session/41dc848e-257f-485e-8132-ef47e5a4e374/element [26.168886ms] ERR:404 body={"strategy":"-android uiautomator","selector":"new UiSelector().descriptionContains(\"Welcome to\")"...
11:59:22.134724 POST /session/41dc848e-257f-485e-8132-ef47e5a4e374/element [14.830706ms] ERR:404 body={"strategy":"-android uiautomator","selector":"new UiSelector().textMatches(\"(?is).*\\QWelcome to\\...
11:59:22.149102 POST /session/41dc848e-257f-485e-8132-ef47e5a4e374/element [14.304085ms] ERR:404 body={"strategy":"-android uiautomator","selector":"new UiSelector().descriptionMatches(\"(?is).*\\QWelco...
11:59:22.161015 POST /session/41dc848e-257f-485e-8132-ef47e5a4e374/element [11.851673ms] ERR:404 body={"strategy":"-android uiautomator","selector":"new UiSelector().textContains(\"Welcome to\")"}
11:59:22.176782 POST /session/41dc848e-257f-485e-8132-ef47e5a4e374/element [15.678139ms] ERR:404 body={"strategy":"-android uiautomator","selector":"new UiSelector().descriptionContains(\"Welcome to\")"...
11:59:22.187999 POST /session/41dc848e-257f-485e-8132-ef47e5a4e374/element [11.134441ms] ERR:404 body={"strategy":"-android uiautomator","selector":"new UiSelector().textMatches(\"(?is).*\\QWelcome to\\...
11:59:22.216006 POST /session/41dc848e-257f-485e-8132-ef47e5a4e374/element [27.937523ms] ERR:404 body={"strategy":"-android uiautomator","selector":"new UiSelector().descriptionMatches(\"(?is).*\\QWelco...
11:59:22.246815 POST /session/41dc848e-257f-485e-8132-ef47e5a4e374/element [30.729382ms] ERR:404 body={"strategy":"-android uiautomator","selector":"new UiSelector().textContains(\"Welcome to\")"}
11:59:23.101840 POST /session/41dc848e-257f-485e-8132-ef47e5a4e374/element [854.925289ms] ERR:404 body={"strategy":"-android uiautomator","selector":"new UiSelector().descriptionContains(\"Welcome to\")"...
11:59:23.120257 POST /session/41dc848e-257f-485e-8132-ef47e5a4e374/element [18.321669ms] OK body={"strategy":"-android uiautomator","selector":"new UiSelector().textMatches(\"(?is).*\\QWelcome to\\...
11:59:24.065700 POST /session/41dc848e-257f-485e-8132-ef47e5a4e374/element [945.095296ms] OK body={"strategy":"-android uiautomator","selector":"new UiSelector().textContains(\"Tastopia\")"}
11:59:24.070668 POST /session/41dc848e-257f-485e-8132-ef47e5a4e374/appium/settings [3.673115ms] OK body={"settings":{"waitForIdleTimeout":200}}
11:59:27.762429 POST /session/41dc848e-257f-485e-8132-ef47e5a4e374/appium/device/launch_app [3.63104ms] ERR:404 body={"appId":"com.tastopia.app"}
11:59:30.355516 POST /session/41dc848e-257f-485e-8132-ef47e5a4e374/element [1.096878237s] OK body={"strategy":"-android uiautomator","selector":"new UiSelector().resourceIdMatches(\".*welcome-sign-i...
11:59:30.795406 GET /session/41dc848e-257f-485e-8132-ef47e5a4e374/element/00000000-0000-000c-ffff-ffff00000023/text [439.803954ms] OK body=
11:59:30.805944 GET /session/41dc848e-257f-485e-8132-ef47e5a4e374/element/00000000-0000-000c-ffff-ffff00000023/rect [10.485857ms] OK body=
11:59:30.837053 POST /session/41dc848e-257f-485e-8132-ef47e5a4e374/element/00000000-0000-000c-ffff-ffff00000023/click [31.04178ms] OK body=
11:59:30.844317 POST /session/41dc848e-257f-485e-8132-ef47e5a4e374/element [7.028136ms] ERR:404 body={"strategy":"-android uiautomator","selector":"new UiSelector().resourceIdMatches(\".*login-identifi...
11:59:30.850527 POST /session/41dc848e-257f-485e-8132-ef47e5a4e374/element [6.126313ms] ERR:404 body={"strategy":"-android uiautomator","selector":"new UiSelector().resourceIdMatches(\".*login-identifi...
11:59:30.857471 POST /session/41dc848e-257f-485e-8132-ef47e5a4e374/element [6.864643ms] ERR:404 body={"strategy":"-android uiautomator","selector":"new UiSelector().resourceIdMatches(\".*login-identifi...
11:59:30.864097 POST /session/41dc848e-257f-485e-8132-ef47e5a4e374/element [6.55971ms] ERR:404 body={"strategy":"-android uiautomator","selector":"new UiSelector().resourceIdMatches(\".*login-identifi...
11:59:30.869939 POST /session/41dc848e-257f-485e-8132-ef47e5a4e374/element [5.771917ms] ERR:404 body={"strategy":"-android uiautomator","selector":"new UiSelector().resourceIdMatches(\".*login-identifi...
11:59:30.876847 POST /session/41dc848e-257f-485e-8132-ef47e5a4e374/element [6.831524ms] ERR:404 body={"strategy":"-android uiautomator","selector":"new UiSelector().resourceIdMatches(\".*login-identifi...
11:59:30.892958 POST /session/41dc848e-257f-485e-8132-ef47e5a4e374/element [16.036731ms] ERR:404 body={"strategy":"-android uiautomator","selector":"new UiSelector().resourceIdMatches(\".*login-identifi...
11:59:30.906569 POST /session/41dc848e-257f-485e-8132-ef47e5a4e374/element [13.521292ms] ERR:404 body={"strategy":"-android uiautomator","selector":"new UiSelector().resourceIdMatches(\".*login-identifi...
11:59:30.916216 POST /session/41dc848e-257f-485e-8132-ef47e5a4e374/element [9.558584ms] ERR:404 body={"strategy":"-android uiautomator","selector":"new UiSelector().resourceIdMatches(\".*login-identifi...
11:59:30.932732 POST /session/41dc848e-257f-485e-8132-ef47e5a4e374/element [16.435228ms] ERR:404 body={"strategy":"-android uiautomator","selector":"new UiSelector().resourceIdMatches(\".*login-identifi...
11:59:31.596922 POST /session/41dc848e-257f-485e-8132-ef47e5a4e374/element [664.116343ms] OK body={"strategy":"-android uiautomator","selector":"new UiSelector().resourceIdMatches(\".*login-identifi...
11:59:31.606359 POST /session/41dc848e-257f-485e-8132-ef47e5a4e374/element [9.076223ms] OK body={"strategy":"-android uiautomator","selector":"new UiSelector().resourceIdMatches(\".*login-identifi...
11:59:31.614935 GET /session/41dc848e-257f-485e-8132-ef47e5a4e374/element/00000000-0000-000c-ffff-ffff00000032/text [8.522768ms] OK body=
11:59:31.623221 GET /session/41dc848e-257f-485e-8132-ef47e5a4e374/element/00000000-0000-000c-ffff-ffff00000032/rect [8.259655ms] OK body=
11:59:31.900269 POST /session/41dc848e-257f-485e-8132-ef47e5a4e374/element/00000000-0000-000c-ffff-ffff00000032/click [276.997265ms] OK body=
11:59:32.645664 POST /session/41dc848e-257f-485e-8132-ef47e5a4e374/actions [744.043055ms] OK body={"actions":[{"actions":[{"type":"keyDown","value":"a"},{"type":"keyUp","value":"a"},{"type":"keyDown...
11:59:32.665928 POST /session/41dc848e-257f-485e-8132-ef47e5a4e374/appium/device/hide_keyboard [19.976268ms] ERR:404 body=
11:59:33.235480 POST /session/41dc848e-257f-485e-8132-ef47e5a4e374/element [569.226356ms] OK body={"strategy":"-android uiautomator","selector":"new UiSelector().resourceIdMatches(\".*login-password...
11:59:33.249613 POST /session/41dc848e-257f-485e-8132-ef47e5a4e374/element [13.856876ms] OK body={"strategy":"-android uiautomator","selector":"new UiSelector().resourceIdMatches(\".*login-password...
11:59:33.258469 GET /session/41dc848e-257f-485e-8132-ef47e5a4e374/element/00000000-0000-000c-ffff-ffff00000033/text [8.802963ms] OK body=
11:59:33.280186 GET /session/41dc848e-257f-485e-8132-ef47e5a4e374/element/00000000-0000-000c-ffff-ffff00000033/rect [21.664703ms] OK body=
11:59:33.930885 POST /session/41dc848e-257f-485e-8132-ef47e5a4e374/element/00000000-0000-000c-ffff-ffff00000033/click [650.612633ms] OK body=
11:59:34.456814 POST /session/41dc848e-257f-485e-8132-ef47e5a4e374/actions [525.588852ms] OK body={"actions":[{"actions":[{"type":"keyDown","value":"P"},{"type":"keyUp","value":"P"},{"type":"keyDown...
11:59:34.461012 POST /session/41dc848e-257f-485e-8132-ef47e5a4e374/appium/device/hide_keyboard [4.093777ms] ERR:404 body=
11:59:34.978376 POST /session/41dc848e-257f-485e-8132-ef47e5a4e374/element [517.055051ms] OK body={"strategy":"-android uiautomator","selector":"new UiSelector().resourceIdMatches(\".*login-submit-b...
11:59:34.986486 GET /session/41dc848e-257f-485e-8132-ef47e5a4e374/element/00000000-0000-000c-ffff-ffff0000004c/text [8.05294ms] OK body=
11:59:34.994523 GET /session/41dc848e-257f-485e-8132-ef47e5a4e374/element/00000000-0000-000c-ffff-ffff0000004c/rect [8.002045ms] OK body=
11:59:35.022132 POST /session/41dc848e-257f-485e-8132-ef47e5a4e374/element/00000000-0000-000c-ffff-ffff0000004c/click [27.539693ms] OK body=
11:59:35.028624 POST /session/41dc848e-257f-485e-8132-ef47e5a4e374/element [6.430112ms] OK body={"strategy":"-android uiautomator","selector":"new UiSelector().resourceIdMatches(\".*login-submit-b...
11:59:35.044264 GET /session/41dc848e-257f-485e-8132-ef47e5a4e374/element/00000000-0000-000c-ffff-ffff0000004c/text [15.564005ms] OK body=
11:59:35.677809 GET /session/41dc848e-257f-485e-8132-ef47e5a4e374/element/00000000-0000-000c-ffff-ffff0000004c/rect [633.480242ms] OK body=
11:59:35.705257 POST /session/41dc848e-257f-485e-8132-ef47e5a4e374/element/00000000-0000-000c-ffff-ffff0000004c/click [27.363711ms] OK body=
11:59:35.724227 POST /session/41dc848e-257f-485e-8132-ef47e5a4e374/element [18.542237ms] ERR:404 body={"strategy":"-android uiautomator","selector":"new UiSelector().resourceIdMatches(\".*COMMUNITY.*\")...
11:59:35.778545 POST /session/41dc848e-257f-485e-8132-ef47e5a4e374/element [54.196754ms] ERR:404 body={"strategy":"-android uiautomator","selector":"new UiSelector().resourceIdMatches(\".*COMMUNITY.*\")...
11:59:36.791479 POST /session/41dc848e-257f-485e-8132-ef47e5a4e374/element [1.012789356s] ERR:404 body={"strategy":"-android uiautomator","selector":"new UiSelector().resourceIdMatches(\".*COMMUNITY.*\")...
11:59:36.801455 POST /session/41dc848e-257f-485e-8132-ef47e5a4e374/element [9.871934ms] ERR:404 body={"strategy":"-android uiautomator","selector":"new UiSelector().resourceIdMatches(\".*COMMUNITY.*\")...
11:59:36.810570 POST /session/41dc848e-257f-485e-8132-ef47e5a4e374/element [9.038164ms] ERR:404 body={"strategy":"-android uiautomator","selector":"new UiSelector().resourceIdMatches(\".*COMMUNITY.*\")...
11:59:36.819513 POST /session/41dc848e-257f-485e-8132-ef47e5a4e374/element [8.87057ms] ERR:404 body={"strategy":"-android uiautomator","selector":"new UiSelector().resourceIdMatches(\".*COMMUNITY.*\")...
11:59:36.828791 POST /session/41dc848e-257f-485e-8132-ef47e5a4e374/element [9.221238ms] ERR:404 body={"strategy":"-android uiautomator","selector":"new UiSelector().resourceIdMatches(\".*COMMUNITY.*\")...
11:59:36.837342 POST /session/41dc848e-257f-485e-8132-ef47e5a4e374/element [8.488852ms] ERR:404 body={"strategy":"-android uiautomator","selector":"new UiSelector().resourceIdMatches(\".*COMMUNITY.*\")...
11:59:36.845140 POST /session/41dc848e-257f-485e-8132-ef47e5a4e374/element [7.739263ms] ERR:404 body={"strategy":"-android uiautomator","selector":"new UiSelector().resourceIdMatches(\".*COMMUNITY.*\")...
11:59:36.852745 POST /session/41dc848e-257f-485e-8132-ef47e5a4e374/element [7.53983ms] ERR:404 body={"strategy":"-android uiautomator","selector":"new UiSelector().resourceIdMatches(\".*COMMUNITY.*\")...
11:59:36.861456 POST /session/41dc848e-257f-485e-8132-ef47e5a4e374/element [8.642703ms] ERR:404 body={"strategy":"-android uiautomator","selector":"new UiSelector().resourceIdMatches(\".*COMMUNITY.*\")...
11:59:36.873980 POST /session/41dc848e-257f-485e-8132-ef47e5a4e374/element [12.461913ms] ERR:404 body={"strategy":"-android uiautomator","selector":"new UiSelector().resourceIdMatches(\".*COMMUNITY.*\")...
11:59:36.885193 POST /session/41dc848e-257f-485e-8132-ef47e5a4e374/element [11.135376ms] ERR:404 body={"strategy":"-android uiautomator","selector":"new UiSelector().resourceIdMatches(\".*COMMUNITY.*\")...
11:59:36.925028 POST /session/41dc848e-257f-485e-8132-ef47e5a4e374/element [39.779107ms] ERR:404 body={"strategy":"-android uiautomator","selector":"new UiSelector().resourceIdMatches(\".*COMMUNITY.*\")...
11:59:36.937718 POST /session/41dc848e-257f-485e-8132-ef47e5a4e374/element [12.628639ms] ERR:404 body={"strategy":"-android uiautomator","selector":"new UiSelector().resourceIdMatches(\".*COMMUNITY.*\")...
11:59:36.947986 POST /session/41dc848e-257f-485e-8132-ef47e5a4e374/element [10.203188ms] ERR:404 body={"strategy":"-android uiautomator","selector":"new UiSelector().resourceIdMatches(\".*COMMUNITY.*\")...
11:59:36.960262 POST /session/41dc848e-257f-485e-8132-ef47e5a4e374/element [12.208552ms] ERR:404 body={"strategy":"-android uiautomator","selector":"new UiSelector().resourceIdMatches(\".*COMMUNITY.*\")...
11:59:36.969602 POST /session/41dc848e-257f-485e-8132-ef47e5a4e374/element [9.288211ms] ERR:404 body={"strategy":"-android uiautomator","selector":"new UiSelector().resourceIdMatches(\".*COMMUNITY.*\")...
11:59:36.986364 POST /session/41dc848e-257f-485e-8132-ef47e5a4e374/element [16.708882ms] ERR:404 body={"strategy":"-android uiautomator","selector":"new UiSelector().resourceIdMatches(\".*COMMUNITY.*\")...
11:59:37.001744 POST /session/41dc848e-257f-485e-8132-ef47e5a4e374/element [15.293182ms] ERR:404 body={"strategy":"-android uiautomator","selector":"new UiSelector().resourceIdMatches(\".*COMMUNITY.*\")...
11:59:37.010745 POST /session/41dc848e-257f-485e-8132-ef47e5a4e374/element [8.920956ms] ERR:404 body={"strategy":"-android uiautomator","selector":"new UiSelector().resourceIdMatches(\".*COMMUNITY.*\")...
11:59:37.018793 POST /session/41dc848e-257f-485e-8132-ef47e5a4e374/element [7.954195ms] ERR:404 body={"strategy":"-android uiautomator","selector":"new UiSelector().resourceIdMatches(\".*COMMUNITY.*\")...
11:59:37.029360 POST /session/41dc848e-257f-485e-8132-ef47e5a4e374/element [10.478586ms] ERR:404 body={"strategy":"-android uiautomator","selector":"new UiSelector().resourceIdMatches(\".*COMMUNITY.*\")...
11:59:37.063652 POST /session/41dc848e-257f-485e-8132-ef47e5a4e374/element [34.20693ms] ERR:404 body={"strategy":"-android uiautomator","selector":"new UiSelector().resourceIdMatches(\".*COMMUNITY.*\")...
11:59:37.070616 POST /session/41dc848e-257f-485e-8132-ef47e5a4e374/element [6.83859ms] ERR:404 body={"strategy":"-android uiautomator","selector":"new UiSelector().resourceIdMatches(\".*COMMUNITY.*\")...
11:59:37.077737 POST /session/41dc848e-257f-485e-8132-ef47e5a4e374/element [7.030353ms] ERR:404 body={"strategy":"-android uiautomator","selector":"new UiSelector().resourceIdMatches(\".*COMMUNITY.*\")...
11:59:37.084623 POST /session/41dc848e-257f-485e-8132-ef47e5a4e374/element [6.803944ms] ERR:404 body={"strategy":"-android uiautomator","selector":"new UiSelector().resourceIdMatches(\".*COMMUNITY.*\")...
11:59:37.090926 POST /session/41dc848e-257f-485e-8132-ef47e5a4e374/element [6.231823ms] ERR:404 body={"strategy":"-android uiautomator","selector":"new UiSelector().resourceIdMatches(\".*COMMUNITY.*\")...
11:59:37.103007 POST /session/41dc848e-257f-485e-8132-ef47e5a4e374/element [12.009893ms] ERR:404 body={"strategy":"-android uiautomator","selector":"new UiSelector().resourceIdMatches(\".*COMMUNITY.*\")...
11:59:37.112987 POST /session/41dc848e-257f-485e-8132-ef47e5a4e374/element [9.893481ms] ERR:404 body={"strategy":"-android uiautomator","selector":"new UiSelector().resourceIdMatches(\".*COMMUNITY.*\")...
11:59:37.120693 POST /session/41dc848e-257f-485e-8132-ef47e5a4e374/element [7.621271ms] ERR:404 body={"strategy":"-android uiautomator","selector":"new UiSelector().resourceIdMatches(\".*COMMUNITY.*\")...
11:59:37.128288 POST /session/41dc848e-257f-485e-8132-ef47e5a4e374/element [7.509071ms] ERR:404 body={"strategy":"-android uiautomator","selector":"new UiSelector().resourceIdMatches(\".*COMMUNITY.*\")...
11:59:37.136300 POST /session/41dc848e-257f-485e-8132-ef47e5a4e374/element [7.929936ms] ERR:404 body={"strategy":"-android uiautomator","selector":"new UiSelector().resourceIdMatches(\".*COMMUNITY.*\")...
11:59:37.144786 POST /session/41dc848e-257f-485e-8132-ef47e5a4e374/element [8.395493ms] ERR:404 body={"strategy":"-android uiautomator","selector":"new UiSelector().resourceIdMatches(\".*COMMUNITY.*\")...
11:59:37.151176 POST /session/41dc848e-257f-485e-8132-ef47e5a4e374/element [6.3178ms] ERR:404 body={"strategy":"-android uiautomator","selector":"new UiSelector().resourceIdMatches(\".*COMMUNITY.*\")...
11:59:37.158046 POST /session/41dc848e-257f-485e-8132-ef47e5a4e374/element [6.786538ms] ERR:404 body={"strategy":"-android uiautomator","selector":"new UiSelector().resourceIdMatches(\".*COMMUNITY.*\")...
11:59:37.165476 POST /session/41dc848e-257f-485e-8132-ef47e5a4e374/element [7.35893ms] ERR:404 body={"strategy":"-android uiautomator","selector":"new UiSelector().resourceIdMatches(\".*COMMUNITY.*\")...
11:59:37.172795 POST /session/41dc848e-257f-485e-8132-ef47e5a4e374/element [7.256663ms] ERR:404 body={"strategy":"-android uiautomator","selector":"new UiSelector().resourceIdMatches(\".*COMMUNITY.*\")...
11:59:37.180326 POST /session/41dc848e-257f-485e-8132-ef47e5a4e374/element [7.463801ms] ERR:404 body={"strategy":"-android uiautomator","selector":"new UiSelector().resourceIdMatches(\".*COMMUNITY.*\")...
11:59:37.187265 POST /session/41dc848e-257f-485e-8132-ef47e5a4e374/element [6.872559ms] ERR:404 body={"strategy":"-android uiautomator","selector":"new UiSelector().resourceIdMatches(\".*COMMUNITY.*\")...
11:59:37.291982 POST /session/41dc848e-257f-485e-8132-ef47e5a4e374/element [104.597573ms] ERR:404 body={"strategy":"-android uiautomator","selector":"new UiSelector().resourceIdMatches(\".*COMMUNITY.*\")...
11:59:37.310306 POST /session/41dc848e-257f-485e-8132-ef47e5a4e374/element [18.227806ms] ERR:404 body={"strategy":"-android uiautomator","selector":"new UiSelector().resourceIdMatches(\".*COMMUNITY.*\")...
11:59:37.325583 POST /session/41dc848e-257f-485e-8132-ef47e5a4e374/element [15.167496ms] ERR:404 body={"strategy":"-android uiautomator","selector":"new UiSelector().resourceIdMatches(\".*COMMUNITY.*\")...
11:59:37.334548 POST /session/41dc848e-257f-485e-8132-ef47e5a4e374/element [8.86118ms] ERR:404 body={"strategy":"-android uiautomator","selector":"new UiSelector().resourceIdMatches(\".*COMMUNITY.*\")...
11:59:37.344889 POST /session/41dc848e-257f-485e-8132-ef47e5a4e374/element [10.205137ms] ERR:404 body={"strategy":"-android uiautomator","selector":"new UiSelector().resourceIdMatches(\".*COMMUNITY.*\")...
11:59:38.003614 POST /session/41dc848e-257f-485e-8132-ef47e5a4e374/element [658.16442ms] ERR:404 body={"strategy":"-android uiautomator","selector":"new UiSelector().resourceIdMatches(\".*COMMUNITY.*\")...
11:59:39.227881 POST /session/41dc848e-257f-485e-8132-ef47e5a4e374/element [1.224140453s] OK body={"strategy":"-android uiautomator","selector":"new UiSelector().resourceIdMatches(\".*COMMUNITY.*\")...
11:59:39.708843 GET /session/41dc848e-257f-485e-8132-ef47e5a4e374/element/00000000-0000-000c-ffff-ffff00000098/text [480.873963ms] OK body=
11:59:39.717765 GET /session/41dc848e-257f-485e-8132-ef47e5a4e374/element/00000000-0000-000c-ffff-ffff00000098/rect [8.847495ms] OK body=
11:59:39.734155 POST /session/41dc848e-257f-485e-8132-ef47e5a4e374/element [15.69372ms] OK body={"strategy":"-android uiautomator","selector":"new UiSelector().textContains(\"Community\")"}
11:59:39.756558 POST /session/41dc848e-257f-485e-8132-ef47e5a4e374/element [20.784793ms] ERR:404 body={"strategy":"-android uiautomator","selector":"new UiSelector().resourceIdMatches(\".*COMMUNITY.*\")...
11:59:39.776389 POST /session/41dc848e-257f-485e-8132-ef47e5a4e374/element [19.76292ms] OK body={"strategy":"-android uiautomator","selector":"new UiSelector().resourceIdMatches(\".*COMMUNITY.*\")...
11:59:39.785233 GET /session/41dc848e-257f-485e-8132-ef47e5a4e374/element/00000000-0000-000c-ffff-ffff00000098/text [8.762952ms] OK body=
11:59:39.794822 GET /session/41dc848e-257f-485e-8132-ef47e5a4e374/element/00000000-0000-000c-ffff-ffff00000098/rect [9.539947ms] OK body=
11:59:39.825343 POST /session/41dc848e-257f-485e-8132-ef47e5a4e374/element/00000000-0000-000c-ffff-ffff00000098/click [30.470668ms] OK body=
11:59:39.914400 POST /session/41dc848e-257f-485e-8132-ef47e5a4e374/element [88.041027ms] OK body={"strategy":"-android uiautomator","selector":"new UiSelector().resourceIdMatches(\".*recipe.*\")"}
11:59:39.923379 GET /session/41dc848e-257f-485e-8132-ef47e5a4e374/element/00000000-0000-000c-ffff-ffff000000f0/text [8.897987ms] OK body=
11:59:39.945822 GET /session/41dc848e-257f-485e-8132-ef47e5a4e374/element/00000000-0000-000c-ffff-ffff000000f0/rect [22.387037ms] OK body=
11:59:39.989189 POST /session/41dc848e-257f-485e-8132-ef47e5a4e374/element [42.61865ms] OK body={"strategy":"-android uiautomator","selector":"new UiSelector().resourceIdMatches(\".*community-filt...
11:59:40.020256 GET /session/41dc848e-257f-485e-8132-ef47e5a4e374/element/00000000-0000-000c-ffff-ffff000000d6/text [30.990933ms] OK body=
11:59:40.035618 GET /session/41dc848e-257f-485e-8132-ef47e5a4e374/element/00000000-0000-000c-ffff-ffff000000d6/rect [15.276988ms] OK body=
11:59:40.066794 POST /session/41dc848e-257f-485e-8132-ef47e5a4e374/element/00000000-0000-000c-ffff-ffff000000d6/click [31.084629ms] OK body=
11:59:40.088336 POST /session/41dc848e-257f-485e-8132-ef47e5a4e374/element [20.903066ms] OK body={"strategy":"-android uiautomator","selector":"new UiSelector().resourceIdMatches(\".*recipe.*\")"}
11:59:40.096515 GET /session/41dc848e-257f-485e-8132-ef47e5a4e374/element/00000000-0000-000c-ffff-ffff000000f0/text [8.120708ms] OK body=
11:59:40.107602 GET /session/41dc848e-257f-485e-8132-ef47e5a4e374/element/00000000-0000-000c-ffff-ffff000000f0/rect [11.053688ms] OK body=
11:59:40.125729 POST /session/41dc848e-257f-485e-8132-ef47e5a4e374/element [15.833557ms] OK body={"strategy":"-android uiautomator","selector":"new UiSelector().resourceIdMatches(\".*community-filt...
11:59:40.133255 GET /session/41dc848e-257f-485e-8132-ef47e5a4e374/element/00000000-0000-000c-ffff-ffff000000dc/text [7.491138ms] OK body=
11:59:40.140921 GET /session/41dc848e-257f-485e-8132-ef47e5a4e374/element/00000000-0000-000c-ffff-ffff000000dc/rect [7.640955ms] OK body=
11:59:40.168883 POST /session/41dc848e-257f-485e-8132-ef47e5a4e374/element/00000000-0000-000c-ffff-ffff000000dc/click [27.92488ms] OK body=
11:59:40.191282 POST /session/41dc848e-257f-485e-8132-ef47e5a4e374/element [16.186077ms] OK body={"strategy":"-android uiautomator","selector":"new UiSelector().resourceIdMatches(\".*recipe.*\")"}
11:59:40.207259 GET /session/41dc848e-257f-485e-8132-ef47e5a4e374/element/00000000-0000-000c-ffff-ffff000000f0/text [15.928052ms] OK body=
11:59:40.222138 GET /session/41dc848e-257f-485e-8132-ef47e5a4e374/element/00000000-0000-000c-ffff-ffff000000f0/rect [14.841245ms] OK body=
11:59:40.234759 POST /session/41dc848e-257f-485e-8132-ef47e5a4e374/element [11.965712ms] OK body={"strategy":"-android uiautomator","selector":"new UiSelector().resourceIdMatches(\".*community-filt...
11:59:40.243191 GET /session/41dc848e-257f-485e-8132-ef47e5a4e374/element/00000000-0000-000c-ffff-ffff000000e2/text [8.398052ms] OK body=
11:59:40.250263 GET /session/41dc848e-257f-485e-8132-ef47e5a4e374/element/00000000-0000-000c-ffff-ffff000000e2/rect [7.03005ms] OK body=
11:59:40.579870 POST /session/41dc848e-257f-485e-8132-ef47e5a4e374/element/00000000-0000-000c-ffff-ffff000000e2/click [329.548928ms] OK body=
11:59:41.241582 POST /session/41dc848e-257f-485e-8132-ef47e5a4e374/element [659.94916ms] OK body={"strategy":"-android uiautomator","selector":"new UiSelector().resourceIdMatches(\".*recipe.*\")"}
11:59:42.178315 GET /session/41dc848e-257f-485e-8132-ef47e5a4e374/element/00000000-0000-000c-ffff-ffff00000108/text [936.648435ms] OK body=
11:59:42.188985 GET /session/41dc848e-257f-485e-8132-ef47e5a4e374/element/00000000-0000-000c-ffff-ffff00000108/rect [10.600756ms] OK body=
11:59:42.203073 POST /session/41dc848e-257f-485e-8132-ef47e5a4e374/element [13.189615ms] OK body={"strategy":"-android uiautomator","selector":"new UiSelector().resourceIdMatches(\".*community-filt...
11:59:42.211827 GET /session/41dc848e-257f-485e-8132-ef47e5a4e374/element/00000000-0000-000c-ffff-ffff000000e8/text [8.71839ms] OK body=
11:59:42.221328 GET /session/41dc848e-257f-485e-8132-ef47e5a4e374/element/00000000-0000-000c-ffff-ffff000000e8/rect [9.457126ms] OK body=
11:59:42.247220 POST /session/41dc848e-257f-485e-8132-ef47e5a4e374/element/00000000-0000-000c-ffff-ffff000000e8/click [25.819116ms] OK body=
11:59:42.263167 POST /session/41dc848e-257f-485e-8132-ef47e5a4e374/element [14.389563ms] OK body={"strategy":"-android uiautomator","selector":"new UiSelector().resourceIdMatches(\".*recipe.*\")"}
11:59:42.294946 GET /session/41dc848e-257f-485e-8132-ef47e5a4e374/element/00000000-0000-000c-ffff-ffff00000108/text [31.732206ms] OK body=
11:59:42.304727 GET /session/41dc848e-257f-485e-8132-ef47e5a4e374/element/00000000-0000-000c-ffff-ffff00000108/rect [9.663543ms] OK body=
11:59:42.315033 POST /session/41dc848e-257f-485e-8132-ef47e5a4e374/element [8.697838ms] OK body={"strategy":"-android uiautomator","selector":"new UiSelector().resourceIdMatches(\".*community-filt...
11:59:42.322336 GET /session/41dc848e-257f-485e-8132-ef47e5a4e374/element/00000000-0000-000c-ffff-ffff000000cf/text [7.23775ms] OK body=
11:59:42.333946 GET /session/41dc848e-257f-485e-8132-ef47e5a4e374/element/00000000-0000-000c-ffff-ffff000000cf/rect [11.505408ms] OK body=
11:59:42.745757 POST /session/41dc848e-257f-485e-8132-ef47e5a4e374/element/00000000-0000-000c-ffff-ffff000000cf/click [411.735782ms] OK body=
11:59:43.489767 POST /session/41dc848e-257f-485e-8132-ef47e5a4e374/element [742.003623ms] OK body={"strategy":"-android uiautomator","selector":"new UiSelector().resourceIdMatches(\".*recipe.*\")"}
11:59:43.810743 GET /session/41dc848e-257f-485e-8132-ef47e5a4e374/element/00000000-0000-000c-ffff-ffff00000124/text [320.125841ms] OK body=
11:59:43.821300 GET /session/41dc848e-257f-485e-8132-ef47e5a4e374/element/00000000-0000-000c-ffff-ffff00000124/rect [10.490103ms] OK body=
11:59:47.478016 POST /session/41dc848e-257f-485e-8132-ef47e5a4e374/appium/device/launch_app [3.475392ms] ERR:404 body={"appId":"com.tastopia.app"}
11:59:49.758962 POST /session/41dc848e-257f-485e-8132-ef47e5a4e374/element [894.14116ms] OK body={"strategy":"-android uiautomator","selector":"new UiSelector().resourceIdMatches(\".*MENU.*\")"}
11:59:50.279070 GET /session/41dc848e-257f-485e-8132-ef47e5a4e374/element/00000000-0000-000e-ffff-ffff0000003c/text [520.013244ms] OK body=
11:59:50.293518 GET /session/41dc848e-257f-485e-8132-ef47e5a4e374/element/00000000-0000-000e-ffff-ffff0000003c/rect [14.377328ms] OK body=
11:59:50.309032 POST /session/41dc848e-257f-485e-8132-ef47e5a4e374/element [15.188817ms] ERR:404 body={"strategy":"-android uiautomator","selector":"new UiSelector().resourceIdMatches(\".*MENU.*\").clic...
11:59:50.326823 POST /session/41dc848e-257f-485e-8132-ef47e5a4e374/element [17.717519ms] OK body={"strategy":"-android uiautomator","selector":"new UiSelector().resourceIdMatches(\".*MENU.*\")"}
11:59:50.337896 GET /session/41dc848e-257f-485e-8132-ef47e5a4e374/element/00000000-0000-000e-ffff-ffff0000003c/text [11.021773ms] OK body=
11:59:50.350338 GET /session/41dc848e-257f-485e-8132-ef47e5a4e374/element/00000000-0000-000e-ffff-ffff0000003c/rect [12.385335ms] OK body=
11:59:50.380762 POST /session/41dc848e-257f-485e-8132-ef47e5a4e374/element/00000000-0000-000e-ffff-ffff0000003c/click [30.352956ms] OK body=
11:59:50.384691 POST /session/41dc848e-257f-485e-8132-ef47e5a4e374/appium/device/hide_keyboard [3.813127ms] ERR:404 body=
11:59:50.409513 POST /session/41dc848e-257f-485e-8132-ef47e5a4e374/element [24.564828ms] ERR:404 body={"strategy":"-android uiautomator","selector":"new UiSelector().textContains(\"History\")"}
11:59:50.471067 POST /session/41dc848e-257f-485e-8132-ef47e5a4e374/element [61.426044ms] ERR:404 body={"strategy":"-android uiautomator","selector":"new UiSelector().descriptionContains(\"History\")"}
11:59:50.523987 POST /session/41dc848e-257f-485e-8132-ef47e5a4e374/element [52.819352ms] ERR:404 body={"strategy":"-android uiautomator","selector":"new UiSelector().textMatches(\"(?is).*\\QHistory\\E.*...
11:59:50.548859 POST /session/41dc848e-257f-485e-8132-ef47e5a4e374/element [24.741672ms] ERR:404 body={"strategy":"-android uiautomator","selector":"new UiSelector().descriptionMatches(\"(?is).*\\QHisto...
11:59:50.567575 POST /session/41dc848e-257f-485e-8132-ef47e5a4e374/element [18.636778ms] ERR:404 body={"strategy":"-android uiautomator","selector":"new UiSelector().textContains(\"History\")"}
11:59:50.585440 POST /session/41dc848e-257f-485e-8132-ef47e5a4e374/element [17.786722ms] ERR:404 body={"strategy":"-android uiautomator","selector":"new UiSelector().descriptionContains(\"History\")"}
11:59:50.597881 POST /session/41dc848e-257f-485e-8132-ef47e5a4e374/element [12.361339ms] ERR:404 body={"strategy":"-android uiautomator","selector":"new UiSelector().textMatches(\"(?is).*\\QHistory\\E.*...
11:59:50.610730 POST /session/41dc848e-257f-485e-8132-ef47e5a4e374/element [12.734942ms] ERR:404 body={"strategy":"-android uiautomator","selector":"new UiSelector().descriptionMatches(\"(?is).*\\QHisto...
11:59:50.621576 POST /session/41dc848e-257f-485e-8132-ef47e5a4e374/element [10.737883ms] ERR:404 body={"strategy":"-android uiautomator","selector":"new UiSelector().textContains(\"History\")"}
11:59:50.632849 POST /session/41dc848e-257f-485e-8132-ef47e5a4e374/element [11.189747ms] ERR:404 body={"strategy":"-android uiautomator","selector":"new UiSelector().descriptionContains(\"History\")"}
11:59:50.643459 POST /session/41dc848e-257f-485e-8132-ef47e5a4e374/element [10.538762ms] ERR:404 body={"strategy":"-android uiautomator","selector":"new UiSelector().textMatches(\"(?is).*\\QHistory\\E.*...
11:59:50.866048 POST /session/41dc848e-257f-485e-8132-ef47e5a4e374/element [222.481418ms] ERR:404 body={"strategy":"-android uiautomator","selector":"new UiSelector().descriptionMatches(\"(?is).*\\QHisto...
11:59:51.874706 POST /session/41dc848e-257f-485e-8132-ef47e5a4e374/element [1.008549594s] OK body={"strategy":"-android uiautomator","selector":"new UiSelector().textContains(\"History\")"}
11:59:51.887909 POST /session/41dc848e-257f-485e-8132-ef47e5a4e374/element [12.930941ms] OK body={"strategy":"-android uiautomator","selector":"new UiSelector().resourceIdMatches(\".*menu-logout-bu...
11:59:51.895581 GET /session/41dc848e-257f-485e-8132-ef47e5a4e374/element/00000000-0000-000e-ffff-ffff000000af/text [7.619067ms] OK body=
11:59:51.903976 GET /session/41dc848e-257f-485e-8132-ef47e5a4e374/element/00000000-0000-000e-ffff-ffff000000af/rect [8.360204ms] OK body=
11:59:51.933095 POST /session/41dc848e-257f-485e-8132-ef47e5a4e374/element/00000000-0000-000e-ffff-ffff000000af/click [29.038368ms] OK body=
11:59:51.947445 POST /session/41dc848e-257f-485e-8132-ef47e5a4e374/element [14.073284ms] ERR:404 body={"strategy":"-android uiautomator","selector":"new UiSelector().textContains(\"Welcome to\")"}
11:59:51.963981 POST /session/41dc848e-257f-485e-8132-ef47e5a4e374/element [16.459219ms] ERR:404 body={"strategy":"-android uiautomator","selector":"new UiSelector().descriptionContains(\"Welcome to\")"...
11:59:51.977318 POST /session/41dc848e-257f-485e-8132-ef47e5a4e374/element [13.278676ms] ERR:404 body={"strategy":"-android uiautomator","selector":"new UiSelector().textMatches(\"(?is).*\\QWelcome to\\...
11:59:51.991020 POST /session/41dc848e-257f-485e-8132-ef47e5a4e374/element [13.6313ms] ERR:404 body={"strategy":"-android uiautomator","selector":"new UiSelector().descriptionMatches(\"(?is).*\\QWelco...
11:59:52.005588 POST /session/41dc848e-257f-485e-8132-ef47e5a4e374/element [14.495081ms] ERR:404 body={"strategy":"-android uiautomator","selector":"new UiSelector().textContains(\"Welcome to\")"}
11:59:52.020237 POST /session/41dc848e-257f-485e-8132-ef47e5a4e374/element [14.570955ms] ERR:404 body={"strategy":"-android uiautomator","selector":"new UiSelector().descriptionContains(\"Welcome to\")"...
11:59:52.035842 POST /session/41dc848e-257f-485e-8132-ef47e5a4e374/element [15.528162ms] ERR:404 body={"strategy":"-android uiautomator","selector":"new UiSelector().textMatches(\"(?is).*\\QWelcome to\\...
11:59:52.050403 POST /session/41dc848e-257f-485e-8132-ef47e5a4e374/element [14.495745ms] ERR:404 body={"strategy":"-android uiautomator","selector":"new UiSelector().descriptionMatches(\"(?is).*\\QWelco...
11:59:52.066175 POST /session/41dc848e-257f-485e-8132-ef47e5a4e374/element [15.698489ms] ERR:404 body={"strategy":"-android uiautomator","selector":"new UiSelector().textContains(\"Welcome to\")"}
11:59:52.082031 POST /session/41dc848e-257f-485e-8132-ef47e5a4e374/element [15.233725ms] ERR:404 body={"strategy":"-android uiautomator","selector":"new UiSelector().descriptionContains(\"Welcome to\")"...
11:59:52.100750 POST /session/41dc848e-257f-485e-8132-ef47e5a4e374/element [18.653605ms] ERR:404 body={"strategy":"-android uiautomator","selector":"new UiSelector().textMatches(\"(?is).*\\QWelcome to\\...
11:59:52.117638 POST /session/41dc848e-257f-485e-8132-ef47e5a4e374/element [16.793365ms] ERR:404 body={"strategy":"-android uiautomator","selector":"new UiSelector().descriptionMatches(\"(?is).*\\QWelco...
11:59:52.130174 POST /session/41dc848e-257f-485e-8132-ef47e5a4e374/element [12.448829ms] ERR:404 body={"strategy":"-android uiautomator","selector":"new UiSelector().textContains(\"Welcome to\")"}
11:59:52.145236 POST /session/41dc848e-257f-485e-8132-ef47e5a4e374/element [14.99445ms] ERR:404 body={"strategy":"-android uiautomator","selector":"new UiSelector().descriptionContains(\"Welcome to\")"...
11:59:52.159650 POST /session/41dc848e-257f-485e-8132-ef47e5a4e374/element [14.352972ms] ERR:404 body={"strategy":"-android uiautomator","selector":"new UiSelector().textMatches(\"(?is).*\\QWelcome to\\...
11:59:52.173088 POST /session/41dc848e-257f-485e-8132-ef47e5a4e374/element [13.367482ms] ERR:404 body={"strategy":"-android uiautomator","selector":"new UiSelector().descriptionMatches(\"(?is).*\\QWelco...
11:59:52.186923 POST /session/41dc848e-257f-485e-8132-ef47e5a4e374/element [13.752255ms] ERR:404 body={"strategy":"-android uiautomator","selector":"new UiSelector().textContains(\"Welcome to\")"}
11:59:52.200729 POST /session/41dc848e-257f-485e-8132-ef47e5a4e374/element [13.748065ms] ERR:404 body={"strategy":"-android uiautomator","selector":"new UiSelector().descriptionContains(\"Welcome to\")"...
11:59:52.216403 POST /session/41dc848e-257f-485e-8132-ef47e5a4e374/element [15.609604ms] ERR:404 body={"strategy":"-android uiautomator","selector":"new UiSelector().textMatches(\"(?is).*\\QWelcome to\\...
11:59:52.230157 POST /session/41dc848e-257f-485e-8132-ef47e5a4e374/element [13.691052ms] ERR:404 body={"strategy":"-android uiautomator","selector":"new UiSelector().descriptionMatches(\"(?is).*\\QWelco...
11:59:52.249506 POST /session/41dc848e-257f-485e-8132-ef47e5a4e374/element [19.26565ms] ERR:404 body={"strategy":"-android uiautomator","selector":"new UiSelector().textContains(\"Welcome to\")"}
11:59:52.263311 POST /session/41dc848e-257f-485e-8132-ef47e5a4e374/element [13.734478ms] ERR:404 body={"strategy":"-android uiautomator","selector":"new UiSelector().descriptionContains(\"Welcome to\")"...
11:59:52.276603 POST /session/41dc848e-257f-485e-8132-ef47e5a4e374/element [13.188101ms] ERR:404 body={"strategy":"-android uiautomator","selector":"new UiSelector().textMatches(\"(?is).*\\QWelcome to\\...
11:59:52.291329 POST /session/41dc848e-257f-485e-8132-ef47e5a4e374/element [14.638353ms] ERR:404 body={"strategy":"-android uiautomator","selector":"new UiSelector().descriptionMatches(\"(?is).*\\QWelco...
11:59:52.304775 POST /session/41dc848e-257f-485e-8132-ef47e5a4e374/element [13.387074ms] ERR:404 body={"strategy":"-android uiautomator","selector":"new UiSelector().textContains(\"Welcome to\")"}
11:59:52.319073 POST /session/41dc848e-257f-485e-8132-ef47e5a4e374/element [14.204011ms] ERR:404 body={"strategy":"-android uiautomator","selector":"new UiSelector().descriptionContains(\"Welcome to\")"...
11:59:52.332639 POST /session/41dc848e-257f-485e-8132-ef47e5a4e374/element [13.486202ms] ERR:404 body={"strategy":"-android uiautomator","selector":"new UiSelector().textMatches(\"(?is).*\\QWelcome to\\...
11:59:52.346644 POST /session/41dc848e-257f-485e-8132-ef47e5a4e374/element [13.894375ms] ERR:404 body={"strategy":"-android uiautomator","selector":"new UiSelector().descriptionMatches(\"(?is).*\\QWelco...
11:59:52.362342 POST /session/41dc848e-257f-485e-8132-ef47e5a4e374/element [15.60202ms] ERR:404 body={"strategy":"-android uiautomator","selector":"new UiSelector().textContains(\"Welcome to\")"}
11:59:52.377283 POST /session/41dc848e-257f-485e-8132-ef47e5a4e374/element [14.832932ms] ERR:404 body={"strategy":"-android uiautomator","selector":"new UiSelector().descriptionContains(\"Welcome to\")"...
11:59:52.390693 POST /session/41dc848e-257f-485e-8132-ef47e5a4e374/element [13.307751ms] ERR:404 body={"strategy":"-android uiautomator","selector":"new UiSelector().textMatches(\"(?is).*\\QWelcome to\\...
11:59:52.404273 POST /session/41dc848e-257f-485e-8132-ef47e5a4e374/element [13.50044ms] ERR:404 body={"strategy":"-android uiautomator","selector":"new UiSelector().descriptionMatches(\"(?is).*\\QWelco...
11:59:52.417160 POST /session/41dc848e-257f-485e-8132-ef47e5a4e374/element [12.807339ms] ERR:404 body={"strategy":"-android uiautomator","selector":"new UiSelector().textContains(\"Welcome to\")"}
11:59:52.431525 POST /session/41dc848e-257f-485e-8132-ef47e5a4e374/element [14.274325ms] ERR:404 body={"strategy":"-android uiautomator","selector":"new UiSelector().descriptionContains(\"Welcome to\")"...
11:59:52.445381 POST /session/41dc848e-257f-485e-8132-ef47e5a4e374/element [13.775488ms] ERR:404 body={"strategy":"-android uiautomator","selector":"new UiSelector().textMatches(\"(?is).*\\QWelcome to\\...
11:59:52.458545 POST /session/41dc848e-257f-485e-8132-ef47e5a4e374/element [13.085143ms] ERR:404 body={"strategy":"-android uiautomator","selector":"new UiSelector().descriptionMatches(\"(?is).*\\QWelco...
11:59:52.473763 POST /session/41dc848e-257f-485e-8132-ef47e5a4e374/element [15.123255ms] ERR:404 body={"strategy":"-android uiautomator","selector":"new UiSelector().textContains(\"Welcome to\")"}
11:59:52.494185 POST /session/41dc848e-257f-485e-8132-ef47e5a4e374/element [20.33122ms] ERR:404 body={"strategy":"-android uiautomator","selector":"new UiSelector().descriptionContains(\"Welcome to\")"...
11:59:52.510292 POST /session/41dc848e-257f-485e-8132-ef47e5a4e374/element [16.016959ms] ERR:404 body={"strategy":"-android uiautomator","selector":"new UiSelector().textMatches(\"(?is).*\\QWelcome to\\...
11:59:52.526229 POST /session/41dc848e-257f-485e-8132-ef47e5a4e374/element [15.850011ms] ERR:404 body={"strategy":"-android uiautomator","selector":"new UiSelector().descriptionMatches(\"(?is).*\\QWelco...
11:59:52.546431 POST /session/41dc848e-257f-485e-8132-ef47e5a4e374/element [20.125233ms] ERR:404 body={"strategy":"-android uiautomator","selector":"new UiSelector().textContains(\"Welcome to\")"}
11:59:52.563908 POST /session/41dc848e-257f-485e-8132-ef47e5a4e374/element [17.417654ms] ERR:404 body={"strategy":"-android uiautomator","selector":"new UiSelector().descriptionContains(\"Welcome to\")"...
11:59:52.579648 POST /session/41dc848e-257f-485e-8132-ef47e5a4e374/element [15.662858ms] ERR:404 body={"strategy":"-android uiautomator","selector":"new UiSelector().textMatches(\"(?is).*\\QWelcome to\\...
11:59:52.592697 POST /session/41dc848e-257f-485e-8132-ef47e5a4e374/element [12.9558ms] ERR:404 body={"strategy":"-android uiautomator","selector":"new UiSelector().descriptionMatches(\"(?is).*\\QWelco...
11:59:52.606282 POST /session/41dc848e-257f-485e-8132-ef47e5a4e374/element [13.522788ms] ERR:404 body={"strategy":"-android uiautomator","selector":"new UiSelector().textContains(\"Welcome to\")"}
11:59:52.624553 POST /session/41dc848e-257f-485e-8132-ef47e5a4e374/element [18.200716ms] ERR:404 body={"strategy":"-android uiautomator","selector":"new UiSelector().descriptionContains(\"Welcome to\")"...
11:59:52.638086 POST /session/41dc848e-257f-485e-8132-ef47e5a4e374/element [13.456339ms] ERR:404 body={"strategy":"-android uiautomator","selector":"new UiSelector().textMatches(\"(?is).*\\QWelcome to\\...
11:59:52.651316 POST /session/41dc848e-257f-485e-8132-ef47e5a4e374/element [13.146385ms] ERR:404 body={"strategy":"-android uiautomator","selector":"new UiSelector().descriptionMatches(\"(?is).*\\QWelco...
11:59:52.663712 POST /session/41dc848e-257f-485e-8132-ef47e5a4e374/element [12.310448ms] ERR:404 body={"strategy":"-android uiautomator","selector":"new UiSelector().textContains(\"Welcome to\")"}
11:59:52.675924 POST /session/41dc848e-257f-485e-8132-ef47e5a4e374/element [12.14131ms] ERR:404 body={"strategy":"-android uiautomator","selector":"new UiSelector().descriptionContains(\"Welcome to\")"...
11:59:52.689905 POST /session/41dc848e-257f-485e-8132-ef47e5a4e374/element [13.898515ms] ERR:404 body={"strategy":"-android uiautomator","selector":"new UiSelector().textMatches(\"(?is).*\\QWelcome to\\...
11:59:52.703752 POST /session/41dc848e-257f-485e-8132-ef47e5a4e374/element [13.784429ms] ERR:404 body={"strategy":"-android uiautomator","selector":"new UiSelector().descriptionMatches(\"(?is).*\\QWelco...
11:59:52.715684 POST /session/41dc848e-257f-485e-8132-ef47e5a4e374/element [11.816246ms] ERR:404 body={"strategy":"-android uiautomator","selector":"new UiSelector().textContains(\"Welcome to\")"}
11:59:52.727120 POST /session/41dc848e-257f-485e-8132-ef47e5a4e374/element [11.353717ms] ERR:404 body={"strategy":"-android uiautomator","selector":"new UiSelector().descriptionContains(\"Welcome to\")"...
11:59:52.738597 POST /session/41dc848e-257f-485e-8132-ef47e5a4e374/element [11.413994ms] ERR:404 body={"strategy":"-android uiautomator","selector":"new UiSelector().textMatches(\"(?is).*\\QWelcome to\\...
11:59:52.749666 POST /session/41dc848e-257f-485e-8132-ef47e5a4e374/element [10.980525ms] ERR:404 body={"strategy":"-android uiautomator","selector":"new UiSelector().descriptionMatches(\"(?is).*\\QWelco...
11:59:52.763756 POST /session/41dc848e-257f-485e-8132-ef47e5a4e374/element [14.002456ms] ERR:404 body={"strategy":"-android uiautomator","selector":"new UiSelector().textContains(\"Welcome to\")"}
11:59:52.778342 POST /session/41dc848e-257f-485e-8132-ef47e5a4e374/element [14.52677ms] ERR:404 body={"strategy":"-android uiautomator","selector":"new UiSelector().descriptionContains(\"Welcome to\")"...
11:59:52.791895 POST /session/41dc848e-257f-485e-8132-ef47e5a4e374/element [13.48155ms] ERR:404 body={"strategy":"-android uiautomator","selector":"new UiSelector().textMatches(\"(?is).*\\QWelcome to\\...
11:59:52.805787 POST /session/41dc848e-257f-485e-8132-ef47e5a4e374/element [13.822334ms] ERR:404 body={"strategy":"-android uiautomator","selector":"new UiSelector().descriptionMatches(\"(?is).*\\QWelco...
11:59:52.834884 POST /session/41dc848e-257f-485e-8132-ef47e5a4e374/element [28.913447ms] ERR:404 body={"strategy":"-android uiautomator","selector":"new UiSelector().textContains(\"Welcome to\")"}
11:59:52.850150 POST /session/41dc848e-257f-485e-8132-ef47e5a4e374/element [15.173607ms] ERR:404 body={"strategy":"-android uiautomator","selector":"new UiSelector().descriptionContains(\"Welcome to\")"...
11:59:52.869593 POST /session/41dc848e-257f-485e-8132-ef47e5a4e374/element [19.364416ms] ERR:404 body={"strategy":"-android uiautomator","selector":"new UiSelector().textMatches(\"(?is).*\\QWelcome to\\...
11:59:52.888692 POST /session/41dc848e-257f-485e-8132-ef47e5a4e374/element [19.004022ms] ERR:404 body={"strategy":"-android uiautomator","selector":"new UiSelector().descriptionMatches(\"(?is).*\\QWelco...
11:59:52.901572 POST /session/41dc848e-257f-485e-8132-ef47e5a4e374/element [12.804928ms] ERR:404 body={"strategy":"-android uiautomator","selector":"new UiSelector().textContains(\"Welcome to\")"}
11:59:52.915254 POST /session/41dc848e-257f-485e-8132-ef47e5a4e374/element [13.598151ms] ERR:404 body={"strategy":"-android uiautomator","selector":"new UiSelector().descriptionContains(\"Welcome to\")"...
11:59:52.926902 POST /session/41dc848e-257f-485e-8132-ef47e5a4e374/element [11.581823ms] ERR:404 body={"strategy":"-android uiautomator","selector":"new UiSelector().textMatches(\"(?is).*\\QWelcome to\\...
11:59:52.947907 POST /session/41dc848e-257f-485e-8132-ef47e5a4e374/element [20.920075ms] ERR:404 body={"strategy":"-android uiautomator","selector":"new UiSelector().descriptionMatches(\"(?is).*\\QWelco...
11:59:52.961260 POST /session/41dc848e-257f-485e-8132-ef47e5a4e374/element [13.250982ms] ERR:404 body={"strategy":"-android uiautomator","selector":"new UiSelector().textContains(\"Welcome to\")"}
11:59:53.004808 POST /session/41dc848e-257f-485e-8132-ef47e5a4e374/element [43.463115ms] ERR:404 body={"strategy":"-android uiautomator","selector":"new UiSelector().descriptionContains(\"Welcome to\")"...
11:59:53.886282 POST /session/41dc848e-257f-485e-8132-ef47e5a4e374/element [881.386014ms] OK body={"strategy":"-android uiautomator","selector":"new UiSelector().textMatches(\"(?is).*\\QWelcome to\\...
11:59:53.897793 POST /session/41dc848e-257f-485e-8132-ef47e5a4e374/element [11.241103ms] OK body={"strategy":"-android uiautomator","selector":"new UiSelector().textContains(\"Tastopia\")"}
11:59:53.900878 POST /session/41dc848e-257f-485e-8132-ef47e5a4e374/appium/settings [2.26059ms] OK body={"settings":{"waitForIdleTimeout":200}}
11:59:57.529561 POST /session/41dc848e-257f-485e-8132-ef47e5a4e374/appium/device/launch_app [3.089496ms] ERR:404 body={"appId":"com.tastopia.app"}
12:00:00.041223 POST /session/41dc848e-257f-485e-8132-ef47e5a4e374/element [966.761793ms] OK body={"strategy":"-android uiautomator","selector":"new UiSelector().resourceIdMatches(\".*welcome-sign-i...
12:00:00.689366 GET /session/41dc848e-257f-485e-8132-ef47e5a4e374/element/00000000-0000-0010-ffff-ffff00000024/text [648.031722ms] OK body=
12:00:00.699421 GET /session/41dc848e-257f-485e-8132-ef47e5a4e374/element/00000000-0000-0010-ffff-ffff00000024/rect [9.97948ms] OK body=
12:00:00.726507 POST /session/41dc848e-257f-485e-8132-ef47e5a4e374/element/00000000-0000-0010-ffff-ffff00000024/click [27.016622ms] OK body=
12:00:00.735025 POST /session/41dc848e-257f-485e-8132-ef47e5a4e374/element [8.231466ms] ERR:404 body={"strategy":"-android uiautomator","selector":"new UiSelector().resourceIdMatches(\".*login-identifi...
12:00:00.750785 POST /session/41dc848e-257f-485e-8132-ef47e5a4e374/element [15.667095ms] ERR:404 body={"strategy":"-android uiautomator","selector":"new UiSelector().resourceIdMatches(\".*login-identifi...
12:00:00.761284 POST /session/41dc848e-257f-485e-8132-ef47e5a4e374/element [10.408326ms] ERR:404 body={"strategy":"-android uiautomator","selector":"new UiSelector().resourceIdMatches(\".*login-identifi...
12:00:00.767254 POST /session/41dc848e-257f-485e-8132-ef47e5a4e374/element [5.889301ms] ERR:404 body={"strategy":"-android uiautomator","selector":"new UiSelector().resourceIdMatches(\".*login-identifi...
12:00:00.772947 POST /session/41dc848e-257f-485e-8132-ef47e5a4e374/element [5.550174ms] ERR:404 body={"strategy":"-android uiautomator","selector":"new UiSelector().resourceIdMatches(\".*login-identifi...
12:00:00.778082 POST /session/41dc848e-257f-485e-8132-ef47e5a4e374/element [5.025967ms] ERR:404 body={"strategy":"-android uiautomator","selector":"new UiSelector().resourceIdMatches(\".*login-identifi...
12:00:00.783631 POST /session/41dc848e-257f-485e-8132-ef47e5a4e374/element [5.479933ms] ERR:404 body={"strategy":"-android uiautomator","selector":"new UiSelector().resourceIdMatches(\".*login-identifi...
12:00:00.791658 POST /session/41dc848e-257f-485e-8132-ef47e5a4e374/element [7.971899ms] ERR:404 body={"strategy":"-android uiautomator","selector":"new UiSelector().resourceIdMatches(\".*login-identifi...
12:00:00.797087 POST /session/41dc848e-257f-485e-8132-ef47e5a4e374/element [5.329074ms] ERR:404 body={"strategy":"-android uiautomator","selector":"new UiSelector().resourceIdMatches(\".*login-identifi...
12:00:00.802891 POST /session/41dc848e-257f-485e-8132-ef47e5a4e374/element [5.745777ms] ERR:404 body={"strategy":"-android uiautomator","selector":"new UiSelector().resourceIdMatches(\".*login-identifi...
12:00:00.809686 POST /session/41dc848e-257f-485e-8132-ef47e5a4e374/element [6.707899ms] ERR:404 body={"strategy":"-android uiautomator","selector":"new UiSelector().resourceIdMatches(\".*login-identifi...
12:00:00.815410 POST /session/41dc848e-257f-485e-8132-ef47e5a4e374/element [5.66273ms] ERR:404 body={"strategy":"-android uiautomator","selector":"new UiSelector().resourceIdMatches(\".*login-identifi...
12:00:00.823323 POST /session/41dc848e-257f-485e-8132-ef47e5a4e374/element [7.84812ms] ERR:404 body={"strategy":"-android uiautomator","selector":"new UiSelector().resourceIdMatches(\".*login-identifi...
12:00:00.828883 POST /session/41dc848e-257f-485e-8132-ef47e5a4e374/element [5.502011ms] ERR:404 body={"strategy":"-android uiautomator","selector":"new UiSelector().resourceIdMatches(\".*login-identifi...
12:00:00.835207 POST /session/41dc848e-257f-485e-8132-ef47e5a4e374/element [6.252648ms] ERR:404 body={"strategy":"-android uiautomator","selector":"new UiSelector().resourceIdMatches(\".*login-identifi...
12:00:00.851739 POST /session/41dc848e-257f-485e-8132-ef47e5a4e374/element [16.471841ms] ERR:404 body={"strategy":"-android uiautomator","selector":"new UiSelector().resourceIdMatches(\".*login-identifi...
12:00:00.860733 POST /session/41dc848e-257f-485e-8132-ef47e5a4e374/element [8.865374ms] ERR:404 body={"strategy":"-android uiautomator","selector":"new UiSelector().resourceIdMatches(\".*login-identifi...
12:00:00.866238 POST /session/41dc848e-257f-485e-8132-ef47e5a4e374/element [5.43141ms] ERR:404 body={"strategy":"-android uiautomator","selector":"new UiSelector().resourceIdMatches(\".*login-identifi...
12:00:00.872006 POST /session/41dc848e-257f-485e-8132-ef47e5a4e374/element [5.683293ms] ERR:404 body={"strategy":"-android uiautomator","selector":"new UiSelector().resourceIdMatches(\".*login-identifi...
12:00:00.877970 POST /session/41dc848e-257f-485e-8132-ef47e5a4e374/element [5.645631ms] ERR:404 body={"strategy":"-android uiautomator","selector":"new UiSelector().resourceIdMatches(\".*login-identifi...
12:00:00.884869 POST /session/41dc848e-257f-485e-8132-ef47e5a4e374/element [6.814855ms] ERR:404 body={"strategy":"-android uiautomator","selector":"new UiSelector().resourceIdMatches(\".*login-identifi...
12:00:00.893266 POST /session/41dc848e-257f-485e-8132-ef47e5a4e374/element [8.320771ms] ERR:404 body={"strategy":"-android uiautomator","selector":"new UiSelector().resourceIdMatches(\".*login-identifi...
12:00:01.604621 POST /session/41dc848e-257f-485e-8132-ef47e5a4e374/element [711.281367ms] OK body={"strategy":"-android uiautomator","selector":"new UiSelector().resourceIdMatches(\".*login-identifi...
12:00:01.615486 POST /session/41dc848e-257f-485e-8132-ef47e5a4e374/element [10.606595ms] OK body={"strategy":"-android uiautomator","selector":"new UiSelector().resourceIdMatches(\".*login-identifi...
12:00:01.624561 GET /session/41dc848e-257f-485e-8132-ef47e5a4e374/element/00000000-0000-0010-ffff-ffff00000035/text [9.022602ms] OK body=
12:00:01.634377 GET /session/41dc848e-257f-485e-8132-ef47e5a4e374/element/00000000-0000-0010-ffff-ffff00000035/rect [9.780918ms] OK body=
12:00:01.923399 POST /session/41dc848e-257f-485e-8132-ef47e5a4e374/element/00000000-0000-0010-ffff-ffff00000035/click [288.946603ms] OK body=
12:00:02.567408 POST /session/41dc848e-257f-485e-8132-ef47e5a4e374/actions [643.669864ms] OK body={"actions":[{"actions":[{"type":"keyDown","value":"a"},{"type":"keyUp","value":"a"},{"type":"keyDown...
12:00:02.585407 POST /session/41dc848e-257f-485e-8132-ef47e5a4e374/appium/device/hide_keyboard [16.827157ms] ERR:404 body=
12:00:03.107146 POST /session/41dc848e-257f-485e-8132-ef47e5a4e374/element [521.507249ms] OK body={"strategy":"-android uiautomator","selector":"new UiSelector().resourceIdMatches(\".*login-password...
12:00:03.125412 POST /session/41dc848e-257f-485e-8132-ef47e5a4e374/element [17.964667ms] OK body={"strategy":"-android uiautomator","selector":"new UiSelector().resourceIdMatches(\".*login-password...
12:00:03.138014 GET /session/41dc848e-257f-485e-8132-ef47e5a4e374/element/00000000-0000-0010-ffff-ffff00000036/text [12.515531ms] OK body=
12:00:03.149324 GET /session/41dc848e-257f-485e-8132-ef47e5a4e374/element/00000000-0000-0010-ffff-ffff00000036/rect [11.241708ms] OK body=
12:00:03.804791 POST /session/41dc848e-257f-485e-8132-ef47e5a4e374/element/00000000-0000-0010-ffff-ffff00000036/click [655.397734ms] OK body=
12:00:04.411181 POST /session/41dc848e-257f-485e-8132-ef47e5a4e374/actions [606.086138ms] OK body={"actions":[{"actions":[{"type":"keyDown","value":"P"},{"type":"keyUp","value":"P"},{"type":"keyDown...
12:00:04.417584 POST /session/41dc848e-257f-485e-8132-ef47e5a4e374/appium/device/hide_keyboard [6.022055ms] ERR:404 body=
12:00:04.979505 POST /session/41dc848e-257f-485e-8132-ef47e5a4e374/element [561.377194ms] OK body={"strategy":"-android uiautomator","selector":"new UiSelector().resourceIdMatches(\".*login-submit-b...
12:00:04.988055 GET /session/41dc848e-257f-485e-8132-ef47e5a4e374/element/00000000-0000-0010-ffff-ffff00000046/text [8.469812ms] OK body=
12:00:04.997073 GET /session/41dc848e-257f-485e-8132-ef47e5a4e374/element/00000000-0000-0010-ffff-ffff00000046/rect [8.970646ms] OK body=
12:00:05.025450 POST /session/41dc848e-257f-485e-8132-ef47e5a4e374/element/00000000-0000-0010-ffff-ffff00000046/click [28.322251ms] OK body=
12:00:05.033979 POST /session/41dc848e-257f-485e-8132-ef47e5a4e374/element [8.466781ms] OK body={"strategy":"-android uiautomator","selector":"new UiSelector().resourceIdMatches(\".*login-submit-b...
12:00:05.042584 GET /session/41dc848e-257f-485e-8132-ef47e5a4e374/element/00000000-0000-0010-ffff-ffff00000046/text [8.547177ms] OK body=
12:00:05.695698 GET /session/41dc848e-257f-485e-8132-ef47e5a4e374/element/00000000-0000-0010-ffff-ffff00000046/rect [653.037735ms] OK body=
12:00:05.725265 POST /session/41dc848e-257f-485e-8132-ef47e5a4e374/element/00000000-0000-0010-ffff-ffff00000046/click [29.488197ms] OK body=
12:00:05.737337 POST /session/41dc848e-257f-485e-8132-ef47e5a4e374/element [11.827127ms] ERR:404 body={"strategy":"-android uiautomator","selector":"new UiSelector().resourceIdMatches(\".*COMMUNITY.*\")...
12:00:05.745247 POST /session/41dc848e-257f-485e-8132-ef47e5a4e374/element [7.831683ms] ERR:404 body={"strategy":"-android uiautomator","selector":"new UiSelector().resourceIdMatches(\".*COMMUNITY.*\")...
12:00:05.753561 POST /session/41dc848e-257f-485e-8132-ef47e5a4e374/element [8.235292ms] ERR:404 body={"strategy":"-android uiautomator","selector":"new UiSelector().resourceIdMatches(\".*COMMUNITY.*\")...
12:00:05.965237 POST /session/41dc848e-257f-485e-8132-ef47e5a4e374/element [211.58395ms] ERR:404 body={"strategy":"-android uiautomator","selector":"new UiSelector().resourceIdMatches(\".*COMMUNITY.*\")...
12:00:06.836265 POST /session/41dc848e-257f-485e-8132-ef47e5a4e374/element [870.886626ms] ERR:404 body={"strategy":"-android uiautomator","selector":"new UiSelector().resourceIdMatches(\".*COMMUNITY.*\")...
12:00:06.844492 POST /session/41dc848e-257f-485e-8132-ef47e5a4e374/element [8.091618ms] ERR:404 body={"strategy":"-android uiautomator","selector":"new UiSelector().resourceIdMatches(\".*COMMUNITY.*\")...
12:00:06.854968 POST /session/41dc848e-257f-485e-8132-ef47e5a4e374/element [10.407896ms] ERR:404 body={"strategy":"-android uiautomator","selector":"new UiSelector().resourceIdMatches(\".*COMMUNITY.*\")...
12:00:06.863895 POST /session/41dc848e-257f-485e-8132-ef47e5a4e374/element [8.85568ms] ERR:404 body={"strategy":"-android uiautomator","selector":"new UiSelector().resourceIdMatches(\".*COMMUNITY.*\")...
12:00:06.871039 POST /session/41dc848e-257f-485e-8132-ef47e5a4e374/element [7.063077ms] ERR:404 body={"strategy":"-android uiautomator","selector":"new UiSelector().resourceIdMatches(\".*COMMUNITY.*\")...
12:00:06.877901 POST /session/41dc848e-257f-485e-8132-ef47e5a4e374/element [6.78368ms] ERR:404 body={"strategy":"-android uiautomator","selector":"new UiSelector().resourceIdMatches(\".*COMMUNITY.*\")...
12:00:06.886587 POST /session/41dc848e-257f-485e-8132-ef47e5a4e374/element [8.622198ms] ERR:404 body={"strategy":"-android uiautomator","selector":"new UiSelector().resourceIdMatches(\".*COMMUNITY.*\")...
12:00:06.895254 POST /session/41dc848e-257f-485e-8132-ef47e5a4e374/element [8.597312ms] ERR:404 body={"strategy":"-android uiautomator","selector":"new UiSelector().resourceIdMatches(\".*COMMUNITY.*\")...
12:00:06.902637 POST /session/41dc848e-257f-485e-8132-ef47e5a4e374/element [7.305958ms] ERR:404 body={"strategy":"-android uiautomator","selector":"new UiSelector().resourceIdMatches(\".*COMMUNITY.*\")...
12:00:06.909339 POST /session/41dc848e-257f-485e-8132-ef47e5a4e374/element [6.625248ms] ERR:404 body={"strategy":"-android uiautomator","selector":"new UiSelector().resourceIdMatches(\".*COMMUNITY.*\")...
12:00:06.936058 POST /session/41dc848e-257f-485e-8132-ef47e5a4e374/element [26.64886ms] ERR:404 body={"strategy":"-android uiautomator","selector":"new UiSelector().resourceIdMatches(\".*COMMUNITY.*\")...
12:00:06.945229 POST /session/41dc848e-257f-485e-8132-ef47e5a4e374/element [9.118031ms] ERR:404 body={"strategy":"-android uiautomator","selector":"new UiSelector().resourceIdMatches(\".*COMMUNITY.*\")...
12:00:06.958417 POST /session/41dc848e-257f-485e-8132-ef47e5a4e374/element [13.131799ms] ERR:404 body={"strategy":"-android uiautomator","selector":"new UiSelector().resourceIdMatches(\".*COMMUNITY.*\")...
12:00:06.967512 POST /session/41dc848e-257f-485e-8132-ef47e5a4e374/element [9.043065ms] ERR:404 body={"strategy":"-android uiautomator","selector":"new UiSelector().resourceIdMatches(\".*COMMUNITY.*\")...
12:00:06.977074 POST /session/41dc848e-257f-485e-8132-ef47e5a4e374/element [9.515247ms] ERR:404 body={"strategy":"-android uiautomator","selector":"new UiSelector().resourceIdMatches(\".*COMMUNITY.*\")...
12:00:06.985577 POST /session/41dc848e-257f-485e-8132-ef47e5a4e374/element [8.434821ms] ERR:404 body={"strategy":"-android uiautomator","selector":"new UiSelector().resourceIdMatches(\".*COMMUNITY.*\")...
12:00:06.994822 POST /session/41dc848e-257f-485e-8132-ef47e5a4e374/element [9.191636ms] ERR:404 body={"strategy":"-android uiautomator","selector":"new UiSelector().resourceIdMatches(\".*COMMUNITY.*\")...
12:00:07.004683 POST /session/41dc848e-257f-485e-8132-ef47e5a4e374/element [9.781543ms] ERR:404 body={"strategy":"-android uiautomator","selector":"new UiSelector().resourceIdMatches(\".*COMMUNITY.*\")...
12:00:07.012550 POST /session/41dc848e-257f-485e-8132-ef47e5a4e374/element [7.794065ms] ERR:404 body={"strategy":"-android uiautomator","selector":"new UiSelector().resourceIdMatches(\".*COMMUNITY.*\")...
12:00:07.020664 POST /session/41dc848e-257f-485e-8132-ef47e5a4e374/element [8.040208ms] ERR:404 body={"strategy":"-android uiautomator","selector":"new UiSelector().resourceIdMatches(\".*COMMUNITY.*\")...
12:00:07.030290 POST /session/41dc848e-257f-485e-8132-ef47e5a4e374/element [9.543753ms] ERR:404 body={"strategy":"-android uiautomator","selector":"new UiSelector().resourceIdMatches(\".*COMMUNITY.*\")...
12:00:07.040029 POST /session/41dc848e-257f-485e-8132-ef47e5a4e374/element [9.253451ms] ERR:404 body={"strategy":"-android uiautomator","selector":"new UiSelector().resourceIdMatches(\".*COMMUNITY.*\")...
12:00:07.051559 POST /session/41dc848e-257f-485e-8132-ef47e5a4e374/element [11.425228ms] ERR:404 body={"strategy":"-android uiautomator","selector":"new UiSelector().resourceIdMatches(\".*COMMUNITY.*\")...
12:00:07.065856 POST /session/41dc848e-257f-485e-8132-ef47e5a4e374/element [14.217565ms] ERR:404 body={"strategy":"-android uiautomator","selector":"new UiSelector().resourceIdMatches(\".*COMMUNITY.*\")...
12:00:07.078039 POST /session/41dc848e-257f-485e-8132-ef47e5a4e374/element [12.128723ms] ERR:404 body={"strategy":"-android uiautomator","selector":"new UiSelector().resourceIdMatches(\".*COMMUNITY.*\")...
12:00:07.089775 POST /session/41dc848e-257f-485e-8132-ef47e5a4e374/element [11.679965ms] ERR:404 body={"strategy":"-android uiautomator","selector":"new UiSelector().resourceIdMatches(\".*COMMUNITY.*\")...
12:00:07.102494 POST /session/41dc848e-257f-485e-8132-ef47e5a4e374/element [12.653567ms] ERR:404 body={"strategy":"-android uiautomator","selector":"new UiSelector().resourceIdMatches(\".*COMMUNITY.*\")...
12:00:07.121694 POST /session/41dc848e-257f-485e-8132-ef47e5a4e374/element [19.140917ms] ERR:404 body={"strategy":"-android uiautomator","selector":"new UiSelector().resourceIdMatches(\".*COMMUNITY.*\")...
12:00:07.129482 POST /session/41dc848e-257f-485e-8132-ef47e5a4e374/element [7.717167ms] ERR:404 body={"strategy":"-android uiautomator","selector":"new UiSelector().resourceIdMatches(\".*COMMUNITY.*\")...
12:00:07.136200 POST /session/41dc848e-257f-485e-8132-ef47e5a4e374/element [6.652392ms] ERR:404 body={"strategy":"-android uiautomator","selector":"new UiSelector().resourceIdMatches(\".*COMMUNITY.*\")...
12:00:07.143322 POST /session/41dc848e-257f-485e-8132-ef47e5a4e374/element [7.049628ms] ERR:404 body={"strategy":"-android uiautomator","selector":"new UiSelector().resourceIdMatches(\".*COMMUNITY.*\")...
12:00:07.149623 POST /session/41dc848e-257f-485e-8132-ef47e5a4e374/element [6.239829ms] ERR:404 body={"strategy":"-android uiautomator","selector":"new UiSelector().resourceIdMatches(\".*COMMUNITY.*\")...
12:00:07.156327 POST /session/41dc848e-257f-485e-8132-ef47e5a4e374/element [6.618719ms] ERR:404 body={"strategy":"-android uiautomator","selector":"new UiSelector().resourceIdMatches(\".*COMMUNITY.*\")...
12:00:07.164014 POST /session/41dc848e-257f-485e-8132-ef47e5a4e374/element [7.616024ms] ERR:404 body={"strategy":"-android uiautomator","selector":"new UiSelector().resourceIdMatches(\".*COMMUNITY.*\")...
12:00:07.171012 POST /session/41dc848e-257f-485e-8132-ef47e5a4e374/element [6.925176ms] ERR:404 body={"strategy":"-android uiautomator","selector":"new UiSelector().resourceIdMatches(\".*COMMUNITY.*\")...
12:00:07.178288 POST /session/41dc848e-257f-485e-8132-ef47e5a4e374/element [7.21737ms] ERR:404 body={"strategy":"-android uiautomator","selector":"new UiSelector().resourceIdMatches(\".*COMMUNITY.*\")...
12:00:07.188869 POST /session/41dc848e-257f-485e-8132-ef47e5a4e374/element [10.518105ms] ERR:404 body={"strategy":"-android uiautomator","selector":"new UiSelector().resourceIdMatches(\".*COMMUNITY.*\")...
12:00:07.199502 POST /session/41dc848e-257f-485e-8132-ef47e5a4e374/element [10.556553ms] ERR:404 body={"strategy":"-android uiautomator","selector":"new UiSelector().resourceIdMatches(\".*COMMUNITY.*\")...
12:00:07.212750 POST /session/41dc848e-257f-485e-8132-ef47e5a4e374/element [13.186286ms] ERR:404 body={"strategy":"-android uiautomator","selector":"new UiSelector().resourceIdMatches(\".*COMMUNITY.*\")...
12:00:07.220078 POST /session/41dc848e-257f-485e-8132-ef47e5a4e374/element [7.264444ms] ERR:404 body={"strategy":"-android uiautomator","selector":"new UiSelector().resourceIdMatches(\".*COMMUNITY.*\")...
12:00:07.228345 POST /session/41dc848e-257f-485e-8132-ef47e5a4e374/element [8.208881ms] ERR:404 body={"strategy":"-android uiautomator","selector":"new UiSelector().resourceIdMatches(\".*COMMUNITY.*\")...
12:00:07.235642 POST /session/41dc848e-257f-485e-8132-ef47e5a4e374/element [7.233543ms] ERR:404 body={"strategy":"-android uiautomator","selector":"new UiSelector().resourceIdMatches(\".*COMMUNITY.*\")...
12:00:07.242832 POST /session/41dc848e-257f-485e-8132-ef47e5a4e374/element [7.11686ms] ERR:404 body={"strategy":"-android uiautomator","selector":"new UiSelector().resourceIdMatches(\".*COMMUNITY.*\")...
12:00:07.250590 POST /session/41dc848e-257f-485e-8132-ef47e5a4e374/element [7.711059ms] ERR:404 body={"strategy":"-android uiautomator","selector":"new UiSelector().resourceIdMatches(\".*COMMUNITY.*\")...
12:00:07.257234 POST /session/41dc848e-257f-485e-8132-ef47e5a4e374/element [6.584893ms] ERR:404 body={"strategy":"-android uiautomator","selector":"new UiSelector().resourceIdMatches(\".*COMMUNITY.*\")...
12:00:07.277801 POST /session/41dc848e-257f-485e-8132-ef47e5a4e374/element [20.493768ms] ERR:404 body={"strategy":"-android uiautomator","selector":"new UiSelector().resourceIdMatches(\".*COMMUNITY.*\")...
12:00:07.286201 POST /session/41dc848e-257f-485e-8132-ef47e5a4e374/element [8.328396ms] ERR:404 body={"strategy":"-android uiautomator","selector":"new UiSelector().resourceIdMatches(\".*COMMUNITY.*\")...
12:00:07.295528 POST /session/41dc848e-257f-485e-8132-ef47e5a4e374/element [9.254148ms] ERR:404 body={"strategy":"-android uiautomator","selector":"new UiSelector().resourceIdMatches(\".*COMMUNITY.*\")...
12:00:07.303377 POST /session/41dc848e-257f-485e-8132-ef47e5a4e374/element [7.787068ms] ERR:404 body={"strategy":"-android uiautomator","selector":"new UiSelector().resourceIdMatches(\".*COMMUNITY.*\")...
12:00:07.311185 POST /session/41dc848e-257f-485e-8132-ef47e5a4e374/element [7.726229ms] ERR:404 body={"strategy":"-android uiautomator","selector":"new UiSelector().resourceIdMatches(\".*COMMUNITY.*\")...
12:00:07.395557 POST /session/41dc848e-257f-485e-8132-ef47e5a4e374/element [84.284397ms] ERR:404 body={"strategy":"-android uiautomator","selector":"new UiSelector().resourceIdMatches(\".*COMMUNITY.*\")...
12:00:07.408868 POST /session/41dc848e-257f-485e-8132-ef47e5a4e374/element [13.193705ms] ERR:404 body={"strategy":"-android uiautomator","selector":"new UiSelector().resourceIdMatches(\".*COMMUNITY.*\")...
12:00:07.416283 POST /session/41dc848e-257f-485e-8132-ef47e5a4e374/element [7.322328ms] ERR:404 body={"strategy":"-android uiautomator","selector":"new UiSelector().resourceIdMatches(\".*COMMUNITY.*\")...
12:00:07.423605 POST /session/41dc848e-257f-485e-8132-ef47e5a4e374/element [7.209152ms] ERR:404 body={"strategy":"-android uiautomator","selector":"new UiSelector().resourceIdMatches(\".*COMMUNITY.*\")...
12:00:07.430710 POST /session/41dc848e-257f-485e-8132-ef47e5a4e374/element [7.012659ms] ERR:404 body={"strategy":"-android uiautomator","selector":"new UiSelector().resourceIdMatches(\".*COMMUNITY.*\")...
12:00:07.438364 POST /session/41dc848e-257f-485e-8132-ef47e5a4e374/element [7.590067ms] ERR:404 body={"strategy":"-android uiautomator","selector":"new UiSelector().resourceIdMatches(\".*COMMUNITY.*\")...
12:00:07.445194 POST /session/41dc848e-257f-485e-8132-ef47e5a4e374/element [6.765158ms] ERR:404 body={"strategy":"-android uiautomator","selector":"new UiSelector().resourceIdMatches(\".*COMMUNITY.*\")...
12:00:07.451919 POST /session/41dc848e-257f-485e-8132-ef47e5a4e374/element [6.633565ms] ERR:404 body={"strategy":"-android uiautomator","selector":"new UiSelector().resourceIdMatches(\".*COMMUNITY.*\")...
12:00:07.458691 POST /session/41dc848e-257f-485e-8132-ef47e5a4e374/element [6.678565ms] ERR:404 body={"strategy":"-android uiautomator","selector":"new UiSelector().resourceIdMatches(\".*COMMUNITY.*\")...
12:00:07.465496 POST /session/41dc848e-257f-485e-8132-ef47e5a4e374/element [6.737021ms] ERR:404 body={"strategy":"-android uiautomator","selector":"new UiSelector().resourceIdMatches(\".*COMMUNITY.*\")...
12:00:07.472379 POST /session/41dc848e-257f-485e-8132-ef47e5a4e374/element [6.821633ms] ERR:404 body={"strategy":"-android uiautomator","selector":"new UiSelector().resourceIdMatches(\".*COMMUNITY.*\")...
12:00:07.479574 POST /session/41dc848e-257f-485e-8132-ef47e5a4e374/element [7.133745ms] ERR:404 body={"strategy":"-android uiautomator","selector":"new UiSelector().resourceIdMatches(\".*COMMUNITY.*\")...
12:00:07.486603 POST /session/41dc848e-257f-485e-8132-ef47e5a4e374/element [6.921479ms] ERR:404 body={"strategy":"-android uiautomator","selector":"new UiSelector().resourceIdMatches(\".*COMMUNITY.*\")...
12:00:07.493599 POST /session/41dc848e-257f-485e-8132-ef47e5a4e374/element [6.918673ms] ERR:404 body={"strategy":"-android uiautomator","selector":"new UiSelector().resourceIdMatches(\".*COMMUNITY.*\")...
12:00:07.504029 POST /session/41dc848e-257f-485e-8132-ef47e5a4e374/element [10.357484ms] ERR:404 body={"strategy":"-android uiautomator","selector":"new UiSelector().resourceIdMatches(\".*COMMUNITY.*\")...
12:00:07.511353 POST /session/41dc848e-257f-485e-8132-ef47e5a4e374/element [7.261139ms] ERR:404 body={"strategy":"-android uiautomator","selector":"new UiSelector().resourceIdMatches(\".*COMMUNITY.*\")...
12:00:07.518694 POST /session/41dc848e-257f-485e-8132-ef47e5a4e374/element [7.254851ms] ERR:404 body={"strategy":"-android uiautomator","selector":"new UiSelector().resourceIdMatches(\".*COMMUNITY.*\")...
12:00:07.525769 POST /session/41dc848e-257f-485e-8132-ef47e5a4e374/element [7.014048ms] ERR:404 body={"strategy":"-android uiautomator","selector":"new UiSelector().resourceIdMatches(\".*COMMUNITY.*\")...
12:00:07.532929 POST /session/41dc848e-257f-485e-8132-ef47e5a4e374/element [7.100882ms] ERR:404 body={"strategy":"-android uiautomator","selector":"new UiSelector().resourceIdMatches(\".*COMMUNITY.*\")...
12:00:07.540780 POST /session/41dc848e-257f-485e-8132-ef47e5a4e374/element [7.796014ms] ERR:404 body={"strategy":"-android uiautomator","selector":"new UiSelector().resourceIdMatches(\".*COMMUNITY.*\")...
12:00:07.548144 POST /session/41dc848e-257f-485e-8132-ef47e5a4e374/element [7.288535ms] ERR:404 body={"strategy":"-android uiautomator","selector":"new UiSelector().resourceIdMatches(\".*COMMUNITY.*\")...
12:00:07.562664 POST /session/41dc848e-257f-485e-8132-ef47e5a4e374/element [14.441321ms] ERR:404 body={"strategy":"-android uiautomator","selector":"new UiSelector().resourceIdMatches(\".*COMMUNITY.*\")...
12:00:07.574447 POST /session/41dc848e-257f-485e-8132-ef47e5a4e374/element [11.70172ms] ERR:404 body={"strategy":"-android uiautomator","selector":"new UiSelector().resourceIdMatches(\".*COMMUNITY.*\")...
12:00:08.192636 POST /session/41dc848e-257f-485e-8132-ef47e5a4e374/element [618.0901ms] ERR:404 body={"strategy":"-android uiautomator","selector":"new UiSelector().resourceIdMatches(\".*COMMUNITY.*\")...
12:00:09.361147 POST /session/41dc848e-257f-485e-8132-ef47e5a4e374/element [1.168405664s] OK body={"strategy":"-android uiautomator","selector":"new UiSelector().resourceIdMatches(\".*COMMUNITY.*\")...
12:00:09.717718 GET /session/41dc848e-257f-485e-8132-ef47e5a4e374/element/00000000-0000-0010-ffff-ffff00000099/text [356.490005ms] OK body=
12:00:09.726791 GET /session/41dc848e-257f-485e-8132-ef47e5a4e374/element/00000000-0000-0010-ffff-ffff00000099/rect [9.003142ms] OK body=
12:00:09.744750 POST /session/41dc848e-257f-485e-8132-ef47e5a4e374/element [16.72172ms] OK body={"strategy":"-android uiautomator","selector":"new UiSelector().textContains(\"Community\")"}
12:00:09.763712 POST /session/41dc848e-257f-485e-8132-ef47e5a4e374/element [18.193202ms] ERR:404 body={"strategy":"-android uiautomator","selector":"new UiSelector().resourceIdMatches(\".*COMMUNITY.*\")...
12:00:09.778994 POST /session/41dc848e-257f-485e-8132-ef47e5a4e374/element [15.222147ms] OK body={"strategy":"-android uiautomator","selector":"new UiSelector().resourceIdMatches(\".*COMMUNITY.*\")...
12:00:09.786439 GET /session/41dc848e-257f-485e-8132-ef47e5a4e374/element/00000000-0000-0010-ffff-ffff00000099/text [7.381585ms] OK body=
12:00:09.794526 GET /session/41dc848e-257f-485e-8132-ef47e5a4e374/element/00000000-0000-0010-ffff-ffff00000099/rect [8.045551ms] OK body=
12:00:09.822487 POST /session/41dc848e-257f-485e-8132-ef47e5a4e374/element/00000000-0000-0010-ffff-ffff00000099/click [27.890631ms] OK body=
12:00:09.980394 POST /session/41dc848e-257f-485e-8132-ef47e5a4e374/element [157.164349ms] ERR:404 body={"strategy":"-android uiautomator","selector":"new UiSelector().resourceIdMatches(\".*recipe.*\").cl...
12:00:10.002381 POST /session/41dc848e-257f-485e-8132-ef47e5a4e374/element [21.861133ms] OK body={"strategy":"-android uiautomator","selector":"new UiSelector().resourceIdMatches(\".*recipe.*\")"}
12:00:10.016037 GET /session/41dc848e-257f-485e-8132-ef47e5a4e374/element/00000000-0000-0010-ffff-ffff000000f1/text [13.576743ms] OK body=
12:00:10.032056 GET /session/41dc848e-257f-485e-8132-ef47e5a4e374/element/00000000-0000-0010-ffff-ffff000000f1/rect [15.953562ms] OK body=
12:00:10.076136 POST /session/41dc848e-257f-485e-8132-ef47e5a4e374/element/00000000-0000-0010-ffff-ffff000000f1/click [44.019717ms] OK body=
12:00:10.120544 POST /session/41dc848e-257f-485e-8132-ef47e5a4e374/element [43.184354ms] ERR:404 body={"strategy":"-android uiautomator","selector":"new UiSelector().resourceIdMatches(\".*recipe-cook-bu...
12:00:10.137951 POST /session/41dc848e-257f-485e-8132-ef47e5a4e374/element [17.27656ms] ERR:404 body={"strategy":"-android uiautomator","selector":"new UiSelector().resourceIdMatches(\".*recipe-cook-bu...
12:00:10.160035 POST /session/41dc848e-257f-485e-8132-ef47e5a4e374/element [21.978142ms] ERR:404 body={"strategy":"-android uiautomator","selector":"new UiSelector().resourceIdMatches(\".*recipe-cook-bu...
12:00:10.181505 POST /session/41dc848e-257f-485e-8132-ef47e5a4e374/element [20.975996ms] ERR:404 body={"strategy":"-android uiautomator","selector":"new UiSelector().resourceIdMatches(\".*recipe-cook-bu...
12:00:10.202456 POST /session/41dc848e-257f-485e-8132-ef47e5a4e374/element [20.87241ms] ERR:404 body={"strategy":"-android uiautomator","selector":"new UiSelector().resourceIdMatches(\".*recipe-cook-bu...
12:00:10.222397 POST /session/41dc848e-257f-485e-8132-ef47e5a4e374/element [19.859223ms] ERR:404 body={"strategy":"-android uiautomator","selector":"new UiSelector().resourceIdMatches(\".*recipe-cook-bu...
12:00:10.244061 POST /session/41dc848e-257f-485e-8132-ef47e5a4e374/element [21.584559ms] ERR:404 body={"strategy":"-android uiautomator","selector":"new UiSelector().resourceIdMatches(\".*recipe-cook-bu...
12:00:10.265735 POST /session/41dc848e-257f-485e-8132-ef47e5a4e374/element [21.575333ms] ERR:404 body={"strategy":"-android uiautomator","selector":"new UiSelector().resourceIdMatches(\".*recipe-cook-bu...
12:00:10.288515 POST /session/41dc848e-257f-485e-8132-ef47e5a4e374/element [22.679786ms] ERR:404 body={"strategy":"-android uiautomator","selector":"new UiSelector().resourceIdMatches(\".*recipe-cook-bu...
12:00:10.314085 POST /session/41dc848e-257f-485e-8132-ef47e5a4e374/element [25.483196ms] ERR:404 body={"strategy":"-android uiautomator","selector":"new UiSelector().resourceIdMatches(\".*recipe-cook-bu...
12:00:10.336569 POST /session/41dc848e-257f-485e-8132-ef47e5a4e374/element [22.354081ms] ERR:404 body={"strategy":"-android uiautomator","selector":"new UiSelector().resourceIdMatches(\".*recipe-cook-bu...
12:00:10.802710 POST /session/41dc848e-257f-485e-8132-ef47e5a4e374/element [466.019201ms] ERR:404 body={"strategy":"-android uiautomator","selector":"new UiSelector().resourceIdMatches(\".*recipe-cook-bu...
12:00:11.893495 POST /session/41dc848e-257f-485e-8132-ef47e5a4e374/element [1.090701069s] OK body={"strategy":"-android uiautomator","selector":"new UiSelector().resourceIdMatches(\".*recipe-cook-bu...
12:00:12.199377 GET /session/41dc848e-257f-485e-8132-ef47e5a4e374/element/00000000-0000-0010-ffff-ffff00000120/text [305.806344ms] OK body=
12:00:12.209892 GET /session/41dc848e-257f-485e-8132-ef47e5a4e374/element/00000000-0000-0010-ffff-ffff00000120/rect [10.467908ms] OK body=
12:00:12.254986 POST /session/41dc848e-257f-485e-8132-ef47e5a4e374/element/00000000-0000-0010-ffff-ffff00000120/click [45.043489ms] OK body=
12:00:12.306511 POST /session/41dc848e-257f-485e-8132-ef47e5a4e374/element [50.52411ms] ERR:404 body={"strategy":"-android uiautomator","selector":"new UiSelector().resourceIdMatches(\".*active-speakin...
12:00:12.359877 POST /session/41dc848e-257f-485e-8132-ef47e5a4e374/element [53.261417ms] ERR:404 body={"strategy":"-android uiautomator","selector":"new UiSelector().resourceIdMatches(\".*active-speakin...
12:00:12.898727 POST /session/41dc848e-257f-485e-8132-ef47e5a4e374/element [538.708474ms] ERR:404 body={"strategy":"-android uiautomator","selector":"new UiSelector().resourceIdMatches(\".*active-speakin...
12:00:13.681720 POST /session/41dc848e-257f-485e-8132-ef47e5a4e374/element [782.880245ms] OK body={"strategy":"-android uiautomator","selector":"new UiSelector().resourceIdMatches(\".*active-speakin...
12:00:13.691222 GET /session/41dc848e-257f-485e-8132-ef47e5a4e374/element/00000000-0000-0010-ffff-ffff0000020c/text [9.427077ms] OK body=
12:00:13.700728 GET /session/41dc848e-257f-485e-8132-ef47e5a4e374/element/00000000-0000-0010-ffff-ffff0000020c/rect [9.457069ms] OK body=
12:00:13.726807 POST /session/41dc848e-257f-485e-8132-ef47e5a4e374/element/00000000-0000-0010-ffff-ffff0000020c/click [26.033239ms] OK body=
12:00:14.237633 POST /session/41dc848e-257f-485e-8132-ef47e5a4e374/element [509.57679ms] ERR:404 body={"strategy":"-android uiautomator","selector":"new UiSelector().textContains(\"English\")"}
12:00:14.254890 POST /session/41dc848e-257f-485e-8132-ef47e5a4e374/element [17.123953ms] ERR:404 body={"strategy":"-android uiautomator","selector":"new UiSelector().descriptionContains(\"English\")"}
12:00:14.270534 POST /session/41dc848e-257f-485e-8132-ef47e5a4e374/element [15.56644ms] ERR:404 body={"strategy":"-android uiautomator","selector":"new UiSelector().textMatches(\"(?is).*\\QEnglish\\E.*...
12:00:14.287169 POST /session/41dc848e-257f-485e-8132-ef47e5a4e374/element [16.565016ms] ERR:404 body={"strategy":"-android uiautomator","selector":"new UiSelector().descriptionMatches(\"(?is).*\\QEngli...
12:00:14.305835 POST /session/41dc848e-257f-485e-8132-ef47e5a4e374/element [18.60384ms] ERR:404 body={"strategy":"-android uiautomator","selector":"new UiSelector().textContains(\"English\")"}
12:00:14.320635 POST /session/41dc848e-257f-485e-8132-ef47e5a4e374/element [14.720765ms] ERR:404 body={"strategy":"-android uiautomator","selector":"new UiSelector().descriptionContains(\"English\")"}
12:00:14.335765 POST /session/41dc848e-257f-485e-8132-ef47e5a4e374/element [15.045203ms] ERR:404 body={"strategy":"-android uiautomator","selector":"new UiSelector().textMatches(\"(?is).*\\QEnglish\\E.*...
12:00:14.353701 POST /session/41dc848e-257f-485e-8132-ef47e5a4e374/element [17.833677ms] ERR:404 body={"strategy":"-android uiautomator","selector":"new UiSelector().descriptionMatches(\"(?is).*\\QEngli...
12:00:14.369801 POST /session/41dc848e-257f-485e-8132-ef47e5a4e374/element [16.0261ms] ERR:404 body={"strategy":"-android uiautomator","selector":"new UiSelector().textContains(\"English\")"}
12:00:14.386060 POST /session/41dc848e-257f-485e-8132-ef47e5a4e374/element [16.183186ms] ERR:404 body={"strategy":"-android uiautomator","selector":"new UiSelector().descriptionContains(\"English\")"}
12:00:14.403524 POST /session/41dc848e-257f-485e-8132-ef47e5a4e374/element [17.395856ms] ERR:404 body={"strategy":"-android uiautomator","selector":"new UiSelector().textMatches(\"(?is).*\\QEnglish\\E.*...
12:00:14.420759 POST /session/41dc848e-257f-485e-8132-ef47e5a4e374/element [17.175788ms] ERR:404 body={"strategy":"-android uiautomator","selector":"new UiSelector().descriptionMatches(\"(?is).*\\QEngli...
12:00:14.435784 POST /session/41dc848e-257f-485e-8132-ef47e5a4e374/element [14.970289ms] ERR:404 body={"strategy":"-android uiautomator","selector":"new UiSelector().textContains(\"English\")"}
12:00:14.451032 POST /session/41dc848e-257f-485e-8132-ef47e5a4e374/element [15.191542ms] ERR:404 body={"strategy":"-android uiautomator","selector":"new UiSelector().descriptionContains(\"English\")"}
12:00:14.469514 POST /session/41dc848e-257f-485e-8132-ef47e5a4e374/element [18.369546ms] ERR:404 body={"strategy":"-android uiautomator","selector":"new UiSelector().textMatches(\"(?is).*\\QEnglish\\E.*...
12:00:14.485051 POST /session/41dc848e-257f-485e-8132-ef47e5a4e374/element [15.456384ms] ERR:404 body={"strategy":"-android uiautomator","selector":"new UiSelector().descriptionMatches(\"(?is).*\\QEngli...
12:00:14.503373 POST /session/41dc848e-257f-485e-8132-ef47e5a4e374/element [18.254919ms] ERR:404 body={"strategy":"-android uiautomator","selector":"new UiSelector().textContains(\"English\")"}
12:00:14.518501 POST /session/41dc848e-257f-485e-8132-ef47e5a4e374/element [15.063554ms] ERR:404 body={"strategy":"-android uiautomator","selector":"new UiSelector().descriptionContains(\"English\")"}
12:00:14.835146 POST /session/41dc848e-257f-485e-8132-ef47e5a4e374/element [316.550734ms] ERR:404 body={"strategy":"-android uiautomator","selector":"new UiSelector().textMatches(\"(?is).*\\QEnglish\\E.*...
12:00:14.876922 POST /session/41dc848e-257f-485e-8132-ef47e5a4e374/element [41.616777ms] ERR:404 body={"strategy":"-android uiautomator","selector":"new UiSelector().descriptionMatches(\"(?is).*\\QEngli...
12:00:14.894586 POST /session/41dc848e-257f-485e-8132-ef47e5a4e374/element [17.537346ms] ERR:404 body={"strategy":"-android uiautomator","selector":"new UiSelector().textContains(\"English\")"}
12:00:14.913744 POST /session/41dc848e-257f-485e-8132-ef47e5a4e374/element [19.05824ms] ERR:404 body={"strategy":"-android uiautomator","selector":"new UiSelector().descriptionContains(\"English\")"}
12:00:14.929399 POST /session/41dc848e-257f-485e-8132-ef47e5a4e374/element [15.575755ms] ERR:404 body={"strategy":"-android uiautomator","selector":"new UiSelector().textMatches(\"(?is).*\\QEnglish\\E.*...
12:00:14.951823 POST /session/41dc848e-257f-485e-8132-ef47e5a4e374/element [22.334852ms] ERR:404 body={"strategy":"-android uiautomator","selector":"new UiSelector().descriptionMatches(\"(?is).*\\QEngli...
12:00:14.964629 POST /session/41dc848e-257f-485e-8132-ef47e5a4e374/element [12.712383ms] ERR:404 body={"strategy":"-android uiautomator","selector":"new UiSelector().textContains(\"English\")"}
12:00:14.977470 POST /session/41dc848e-257f-485e-8132-ef47e5a4e374/element [12.750765ms] ERR:404 body={"strategy":"-android uiautomator","selector":"new UiSelector().descriptionContains(\"English\")"}
12:00:14.991960 POST /session/41dc848e-257f-485e-8132-ef47e5a4e374/element [14.413299ms] ERR:404 body={"strategy":"-android uiautomator","selector":"new UiSelector().textMatches(\"(?is).*\\QEnglish\\E.*...
12:00:15.005760 POST /session/41dc848e-257f-485e-8132-ef47e5a4e374/element [13.708099ms] ERR:404 body={"strategy":"-android uiautomator","selector":"new UiSelector().descriptionMatches(\"(?is).*\\QEngli...
12:00:15.020907 POST /session/41dc848e-257f-485e-8132-ef47e5a4e374/element [15.068506ms] ERR:404 body={"strategy":"-android uiautomator","selector":"new UiSelector().textContains(\"English\")"}
12:00:15.034245 POST /session/41dc848e-257f-485e-8132-ef47e5a4e374/element [13.283547ms] ERR:404 body={"strategy":"-android uiautomator","selector":"new UiSelector().descriptionContains(\"English\")"}
12:00:15.047915 POST /session/41dc848e-257f-485e-8132-ef47e5a4e374/element [13.61571ms] ERR:404 body={"strategy":"-android uiautomator","selector":"new UiSelector().textMatches(\"(?is).*\\QEnglish\\E.*...
12:00:15.061335 POST /session/41dc848e-257f-485e-8132-ef47e5a4e374/element [13.333654ms] ERR:404 body={"strategy":"-android uiautomator","selector":"new UiSelector().descriptionMatches(\"(?is).*\\QEngli...
12:00:15.077328 POST /session/41dc848e-257f-485e-8132-ef47e5a4e374/element [15.930152ms] ERR:404 body={"strategy":"-android uiautomator","selector":"new UiSelector().textContains(\"English\")"}
12:00:15.092780 POST /session/41dc848e-257f-485e-8132-ef47e5a4e374/element [15.35581ms] ERR:404 body={"strategy":"-android uiautomator","selector":"new UiSelector().descriptionContains(\"English\")"}
12:00:15.106651 POST /session/41dc848e-257f-485e-8132-ef47e5a4e374/element [13.805121ms] ERR:404 body={"strategy":"-android uiautomator","selector":"new UiSelector().textMatches(\"(?is).*\\QEnglish\\E.*...
12:00:15.121877 POST /session/41dc848e-257f-485e-8132-ef47e5a4e374/element [15.141894ms] ERR:404 body={"strategy":"-android uiautomator","selector":"new UiSelector().descriptionMatches(\"(?is).*\\QEngli...
12:00:15.136164 POST /session/41dc848e-257f-485e-8132-ef47e5a4e374/element [14.198627ms] ERR:404 body={"strategy":"-android uiautomator","selector":"new UiSelector().textContains(\"English\")"}
12:00:15.155033 POST /session/41dc848e-257f-485e-8132-ef47e5a4e374/element [18.803083ms] ERR:404 body={"strategy":"-android uiautomator","selector":"new UiSelector().descriptionContains(\"English\")"}
12:00:15.169766 POST /session/41dc848e-257f-485e-8132-ef47e5a4e374/element [14.654287ms] ERR:404 body={"strategy":"-android uiautomator","selector":"new UiSelector().textMatches(\"(?is).*\\QEnglish\\E.*...
12:00:15.182613 POST /session/41dc848e-257f-485e-8132-ef47e5a4e374/element [12.779713ms] ERR:404 body={"strategy":"-android uiautomator","selector":"new UiSelector().descriptionMatches(\"(?is).*\\QEngli...
12:00:15.194426 POST /session/41dc848e-257f-485e-8132-ef47e5a4e374/element [11.749208ms] ERR:404 body={"strategy":"-android uiautomator","selector":"new UiSelector().textContains(\"English\")"}
12:00:15.209794 POST /session/41dc848e-257f-485e-8132-ef47e5a4e374/element [15.300289ms] ERR:404 body={"strategy":"-android uiautomator","selector":"new UiSelector().descriptionContains(\"English\")"}
12:00:15.221469 POST /session/41dc848e-257f-485e-8132-ef47e5a4e374/element [11.61317ms] ERR:404 body={"strategy":"-android uiautomator","selector":"new UiSelector().textMatches(\"(?is).*\\QEnglish\\E.*...
12:00:15.233521 POST /session/41dc848e-257f-485e-8132-ef47e5a4e374/element [11.959285ms] ERR:404 body={"strategy":"-android uiautomator","selector":"new UiSelector().descriptionMatches(\"(?is).*\\QEngli...
12:00:15.245545 POST /session/41dc848e-257f-485e-8132-ef47e5a4e374/element [11.959999ms] ERR:404 body={"strategy":"-android uiautomator","selector":"new UiSelector().textContains(\"English\")"}
12:00:15.259945 POST /session/41dc848e-257f-485e-8132-ef47e5a4e374/element [14.194359ms] ERR:404 body={"strategy":"-android uiautomator","selector":"new UiSelector().descriptionContains(\"English\")"}
12:00:15.277600 POST /session/41dc848e-257f-485e-8132-ef47e5a4e374/element [17.581612ms] ERR:404 body={"strategy":"-android uiautomator","selector":"new UiSelector().textMatches(\"(?is).*\\QEnglish\\E.*...
12:00:15.294642 POST /session/41dc848e-257f-485e-8132-ef47e5a4e374/element [16.965164ms] ERR:404 body={"strategy":"-android uiautomator","selector":"new UiSelector().descriptionMatches(\"(?is).*\\QEngli...
12:00:15.311598 POST /session/41dc848e-257f-485e-8132-ef47e5a4e374/element [16.882668ms] ERR:404 body={"strategy":"-android uiautomator","selector":"new UiSelector().textContains(\"English\")"}
12:00:15.328321 POST /session/41dc848e-257f-485e-8132-ef47e5a4e374/element [16.66531ms] ERR:404 body={"strategy":"-android uiautomator","selector":"new UiSelector().descriptionContains(\"English\")"}
12:00:15.344134 POST /session/41dc848e-257f-485e-8132-ef47e5a4e374/element [15.746505ms] ERR:404 body={"strategy":"-android uiautomator","selector":"new UiSelector().textMatches(\"(?is).*\\QEnglish\\E.*...
12:00:15.360875 POST /session/41dc848e-257f-485e-8132-ef47e5a4e374/element [16.677947ms] ERR:404 body={"strategy":"-android uiautomator","selector":"new UiSelector().descriptionMatches(\"(?is).*\\QEngli...
12:00:15.374181 POST /session/41dc848e-257f-485e-8132-ef47e5a4e374/element [13.245219ms] ERR:404 body={"strategy":"-android uiautomator","selector":"new UiSelector().textContains(\"English\")"}
12:00:15.387281 POST /session/41dc848e-257f-485e-8132-ef47e5a4e374/element [13.02806ms] ERR:404 body={"strategy":"-android uiautomator","selector":"new UiSelector().descriptionContains(\"English\")"}
12:00:15.406944 POST /session/41dc848e-257f-485e-8132-ef47e5a4e374/element [19.585694ms] ERR:404 body={"strategy":"-android uiautomator","selector":"new UiSelector().textMatches(\"(?is).*\\QEnglish\\E.*...
12:00:15.420556 POST /session/41dc848e-257f-485e-8132-ef47e5a4e374/element [13.53575ms] ERR:404 body={"strategy":"-android uiautomator","selector":"new UiSelector().descriptionMatches(\"(?is).*\\QEngli...
12:00:15.436455 POST /session/41dc848e-257f-485e-8132-ef47e5a4e374/element [15.837907ms] ERR:404 body={"strategy":"-android uiautomator","selector":"new UiSelector().textContains(\"English\")"}
12:00:15.452380 POST /session/41dc848e-257f-485e-8132-ef47e5a4e374/element [15.843857ms] ERR:404 body={"strategy":"-android uiautomator","selector":"new UiSelector().descriptionContains(\"English\")"}
12:00:15.467052 POST /session/41dc848e-257f-485e-8132-ef47e5a4e374/element [14.611683ms] ERR:404 body={"strategy":"-android uiautomator","selector":"new UiSelector().textMatches(\"(?is).*\\QEnglish\\E.*...
12:00:15.484169 POST /session/41dc848e-257f-485e-8132-ef47e5a4e374/element [17.050305ms] ERR:404 body={"strategy":"-android uiautomator","selector":"new UiSelector().descriptionMatches(\"(?is).*\\QEngli...
12:00:15.500994 POST /session/41dc848e-257f-485e-8132-ef47e5a4e374/element [16.770825ms] ERR:404 body={"strategy":"-android uiautomator","selector":"new UiSelector().textContains(\"English\")"}
12:00:15.516366 POST /session/41dc848e-257f-485e-8132-ef47e5a4e374/element [15.307216ms] ERR:404 body={"strategy":"-android uiautomator","selector":"new UiSelector().descriptionContains(\"English\")"}
12:00:15.530578 POST /session/41dc848e-257f-485e-8132-ef47e5a4e374/element [14.15441ms] ERR:404 body={"strategy":"-android uiautomator","selector":"new UiSelector().textMatches(\"(?is).*\\QEnglish\\E.*...
12:00:15.544534 POST /session/41dc848e-257f-485e-8132-ef47e5a4e374/element [13.875231ms] ERR:404 body={"strategy":"-android uiautomator","selector":"new UiSelector().descriptionMatches(\"(?is).*\\QEngli...
12:00:15.558995 POST /session/41dc848e-257f-485e-8132-ef47e5a4e374/element [14.37946ms] ERR:404 body={"strategy":"-android uiautomator","selector":"new UiSelector().textContains(\"English\")"}
12:00:15.574607 POST /session/41dc848e-257f-485e-8132-ef47e5a4e374/element [15.55182ms] ERR:404 body={"strategy":"-android uiautomator","selector":"new UiSelector().descriptionContains(\"English\")"}
12:00:15.591668 POST /session/41dc848e-257f-485e-8132-ef47e5a4e374/element [17.001264ms] ERR:404 body={"strategy":"-android uiautomator","selector":"new UiSelector().textMatches(\"(?is).*\\QEnglish\\E.*...
12:00:15.608113 POST /session/41dc848e-257f-485e-8132-ef47e5a4e374/element [16.386323ms] ERR:404 body={"strategy":"-android uiautomator","selector":"new UiSelector().descriptionMatches(\"(?is).*\\QEngli...
12:00:15.623559 POST /session/41dc848e-257f-485e-8132-ef47e5a4e374/element [15.388597ms] ERR:404 body={"strategy":"-android uiautomator","selector":"new UiSelector().textContains(\"English\")"}
12:00:15.638900 POST /session/41dc848e-257f-485e-8132-ef47e5a4e374/element [15.295713ms] ERR:404 body={"strategy":"-android uiautomator","selector":"new UiSelector().descriptionContains(\"English\")"}
12:00:15.661877 POST /session/41dc848e-257f-485e-8132-ef47e5a4e374/element [22.92995ms] ERR:404 body={"strategy":"-android uiautomator","selector":"new UiSelector().textMatches(\"(?is).*\\QEnglish\\E.*...
12:00:15.676355 POST /session/41dc848e-257f-485e-8132-ef47e5a4e374/element [14.428252ms] ERR:404 body={"strategy":"-android uiautomator","selector":"new UiSelector().descriptionMatches(\"(?is).*\\QEngli...
12:00:15.693716 POST /session/41dc848e-257f-485e-8132-ef47e5a4e374/element [17.291818ms] ERR:404 body={"strategy":"-android uiautomator","selector":"new UiSelector().textContains(\"English\")"}
12:00:15.708598 POST /session/41dc848e-257f-485e-8132-ef47e5a4e374/element [14.811618ms] ERR:404 body={"strategy":"-android uiautomator","selector":"new UiSelector().descriptionContains(\"English\")"}
12:00:15.724163 POST /session/41dc848e-257f-485e-8132-ef47e5a4e374/element [15.503174ms] ERR:404 body={"strategy":"-android uiautomator","selector":"new UiSelector().textMatches(\"(?is).*\\QEnglish\\E.*...
12:00:15.738788 POST /session/41dc848e-257f-485e-8132-ef47e5a4e374/element [14.562933ms] ERR:404 body={"strategy":"-android uiautomator","selector":"new UiSelector().descriptionMatches(\"(?is).*\\QEngli...
12:00:15.753951 POST /session/41dc848e-257f-485e-8132-ef47e5a4e374/element [15.092277ms] ERR:404 body={"strategy":"-android uiautomator","selector":"new UiSelector().textContains(\"English\")"}
12:00:15.767375 POST /session/41dc848e-257f-485e-8132-ef47e5a4e374/element [13.354469ms] ERR:404 body={"strategy":"-android uiautomator","selector":"new UiSelector().descriptionContains(\"English\")"}
12:00:15.781443 POST /session/41dc848e-257f-485e-8132-ef47e5a4e374/element [13.962779ms] ERR:404 body={"strategy":"-android uiautomator","selector":"new UiSelector().textMatches(\"(?is).*\\QEnglish\\E.*...
12:00:15.796623 POST /session/41dc848e-257f-485e-8132-ef47e5a4e374/element [15.118684ms] ERR:404 body={"strategy":"-android uiautomator","selector":"new UiSelector().descriptionMatches(\"(?is).*\\QEngli...
12:00:15.810594 POST /session/41dc848e-257f-485e-8132-ef47e5a4e374/element [13.909967ms] ERR:404 body={"strategy":"-android uiautomator","selector":"new UiSelector().textContains(\"English\")"}
12:00:15.824262 POST /session/41dc848e-257f-485e-8132-ef47e5a4e374/element [13.593418ms] ERR:404 body={"strategy":"-android uiautomator","selector":"new UiSelector().descriptionContains(\"English\")"}
12:00:15.838090 POST /session/41dc848e-257f-485e-8132-ef47e5a4e374/element [13.764927ms] ERR:404 body={"strategy":"-android uiautomator","selector":"new UiSelector().textMatches(\"(?is).*\\QEnglish\\E.*...
12:00:15.851263 POST /session/41dc848e-257f-485e-8132-ef47e5a4e374/element [13.086482ms] ERR:404 body={"strategy":"-android uiautomator","selector":"new UiSelector().descriptionMatches(\"(?is).*\\QEngli...
12:00:15.865853 POST /session/41dc848e-257f-485e-8132-ef47e5a4e374/element [14.524526ms] ERR:404 body={"strategy":"-android uiautomator","selector":"new UiSelector().textContains(\"English\")"}
12:00:15.879382 POST /session/41dc848e-257f-485e-8132-ef47e5a4e374/element [13.45216ms] ERR:404 body={"strategy":"-android uiautomator","selector":"new UiSelector().descriptionContains(\"English\")"}
12:00:15.904521 POST /session/41dc848e-257f-485e-8132-ef47e5a4e374/element [25.066521ms] ERR:404 body={"strategy":"-android uiautomator","selector":"new UiSelector().textMatches(\"(?is).*\\QEnglish\\E.*...
12:00:15.920803 POST /session/41dc848e-257f-485e-8132-ef47e5a4e374/element [16.219963ms] ERR:404 body={"strategy":"-android uiautomator","selector":"new UiSelector().descriptionMatches(\"(?is).*\\QEngli...
12:00:15.937150 POST /session/41dc848e-257f-485e-8132-ef47e5a4e374/element [16.270204ms] ERR:404 body={"strategy":"-android uiautomator","selector":"new UiSelector().textContains(\"English\")"}
12:00:15.952228 POST /session/41dc848e-257f-485e-8132-ef47e5a4e374/element [15.009569ms] ERR:404 body={"strategy":"-android uiautomator","selector":"new UiSelector().descriptionContains(\"English\")"}
12:00:15.966998 POST /session/41dc848e-257f-485e-8132-ef47e5a4e374/element [14.70187ms] ERR:404 body={"strategy":"-android uiautomator","selector":"new UiSelector().textMatches(\"(?is).*\\QEnglish\\E.*...
12:00:15.982156 POST /session/41dc848e-257f-485e-8132-ef47e5a4e374/element [15.08736ms] ERR:404 body={"strategy":"-android uiautomator","selector":"new UiSelector().descriptionMatches(\"(?is).*\\QEngli...
12:00:15.996224 POST /session/41dc848e-257f-485e-8132-ef47e5a4e374/element [13.979545ms] ERR:404 body={"strategy":"-android uiautomator","selector":"new UiSelector().textContains(\"English\")"}
12:00:16.014033 POST /session/41dc848e-257f-485e-8132-ef47e5a4e374/element [17.724639ms] ERR:404 body={"strategy":"-android uiautomator","selector":"new UiSelector().descriptionContains(\"English\")"}
12:00:16.028143 POST /session/41dc848e-257f-485e-8132-ef47e5a4e374/element [14.043024ms] ERR:404 body={"strategy":"-android uiautomator","selector":"new UiSelector().textMatches(\"(?is).*\\QEnglish\\E.*...
12:00:16.045275 POST /session/41dc848e-257f-485e-8132-ef47e5a4e374/element [17.052955ms] ERR:404 body={"strategy":"-android uiautomator","selector":"new UiSelector().descriptionMatches(\"(?is).*\\QEngli...
12:00:16.059443 POST /session/41dc848e-257f-485e-8132-ef47e5a4e374/element [14.102252ms] ERR:404 body={"strategy":"-android uiautomator","selector":"new UiSelector().textContains(\"English\")"}
12:00:16.075217 POST /session/41dc848e-257f-485e-8132-ef47e5a4e374/element [15.679298ms] ERR:404 body={"strategy":"-android uiautomator","selector":"new UiSelector().descriptionContains(\"English\")"}
12:00:16.093224 POST /session/41dc848e-257f-485e-8132-ef47e5a4e374/element [16.992551ms] ERR:404 body={"strategy":"-android uiautomator","selector":"new UiSelector().textMatches(\"(?is).*\\QEnglish\\E.*...
12:00:16.107943 POST /session/41dc848e-257f-485e-8132-ef47e5a4e374/element [14.638031ms] ERR:404 body={"strategy":"-android uiautomator","selector":"new UiSelector().descriptionMatches(\"(?is).*\\QEngli...
12:00:16.124264 POST /session/41dc848e-257f-485e-8132-ef47e5a4e374/element [16.26051ms] ERR:404 body={"strategy":"-android uiautomator","selector":"new UiSelector().textContains(\"English\")"}
12:00:16.141133 POST /session/41dc848e-257f-485e-8132-ef47e5a4e374/element [16.808041ms] ERR:404 body={"strategy":"-android uiautomator","selector":"new UiSelector().descriptionContains(\"English\")"}
12:00:16.174960 POST /session/41dc848e-257f-485e-8132-ef47e5a4e374/element [33.757563ms] ERR:404 body={"strategy":"-android uiautomator","selector":"new UiSelector().textMatches(\"(?is).*\\QEnglish\\E.*...
12:00:16.189241 POST /session/41dc848e-257f-485e-8132-ef47e5a4e374/element [14.214753ms] ERR:404 body={"strategy":"-android uiautomator","selector":"new UiSelector().descriptionMatches(\"(?is).*\\QEngli...
12:00:16.206565 POST /session/41dc848e-257f-485e-8132-ef47e5a4e374/element [17.239106ms] ERR:404 body={"strategy":"-android uiautomator","selector":"new UiSelector().textContains(\"English\")"}
12:00:16.223250 POST /session/41dc848e-257f-485e-8132-ef47e5a4e374/element [16.599327ms] ERR:404 body={"strategy":"-android uiautomator","selector":"new UiSelector().descriptionContains(\"English\")"}
12:00:16.237541 POST /session/41dc848e-257f-485e-8132-ef47e5a4e374/element [14.20482ms] ERR:404 body={"strategy":"-android uiautomator","selector":"new UiSelector().textMatches(\"(?is).*\\QEnglish\\E.*...
12:00:16.252836 POST /session/41dc848e-257f-485e-8132-ef47e5a4e374/element [15.232323ms] ERR:404 body={"strategy":"-android uiautomator","selector":"new UiSelector().descriptionMatches(\"(?is).*\\QEngli...
12:00:16.269520 POST /session/41dc848e-257f-485e-8132-ef47e5a4e374/element [16.581194ms] ERR:404 body={"strategy":"-android uiautomator","selector":"new UiSelector().textContains(\"English\")"}
12:00:16.284132 POST /session/41dc848e-257f-485e-8132-ef47e5a4e374/element [14.54571ms] ERR:404 body={"strategy":"-android uiautomator","selector":"new UiSelector().descriptionContains(\"English\")"}
12:00:16.300131 POST /session/41dc848e-257f-485e-8132-ef47e5a4e374/element [15.923511ms] ERR:404 body={"strategy":"-android uiautomator","selector":"new UiSelector().textMatches(\"(?is).*\\QEnglish\\E.*...
12:00:16.313570 POST /session/41dc848e-257f-485e-8132-ef47e5a4e374/element [13.373168ms] ERR:404 body={"strategy":"-android uiautomator","selector":"new UiSelector().descriptionMatches(\"(?is).*\\QEngli...
12:00:16.327421 POST /session/41dc848e-257f-485e-8132-ef47e5a4e374/element [13.764961ms] ERR:404 body={"strategy":"-android uiautomator","selector":"new UiSelector().textContains(\"English\")"}
12:00:16.341884 POST /session/41dc848e-257f-485e-8132-ef47e5a4e374/element [14.385055ms] ERR:404 body={"strategy":"-android uiautomator","selector":"new UiSelector().descriptionContains(\"English\")"}
12:00:16.355596 POST /session/41dc848e-257f-485e-8132-ef47e5a4e374/element [13.657716ms] ERR:404 body={"strategy":"-android uiautomator","selector":"new UiSelector().textMatches(\"(?is).*\\QEnglish\\E.*...
12:00:16.371085 POST /session/41dc848e-257f-485e-8132-ef47e5a4e374/element [15.419231ms] ERR:404 body={"strategy":"-android uiautomator","selector":"new UiSelector().descriptionMatches(\"(?is).*\\QEngli...
12:00:16.384725 POST /session/41dc848e-257f-485e-8132-ef47e5a4e374/element [13.528965ms] ERR:404 body={"strategy":"-android uiautomator","selector":"new UiSelector().textContains(\"English\")"}
12:00:16.400108 POST /session/41dc848e-257f-485e-8132-ef47e5a4e374/element [15.300303ms] ERR:404 body={"strategy":"-android uiautomator","selector":"new UiSelector().descriptionContains(\"English\")"}
12:00:16.413559 POST /session/41dc848e-257f-485e-8132-ef47e5a4e374/element [13.378403ms] ERR:404 body={"strategy":"-android uiautomator","selector":"new UiSelector().textMatches(\"(?is).*\\QEnglish\\E.*...
12:00:16.434073 POST /session/41dc848e-257f-485e-8132-ef47e5a4e374/element [20.424012ms] ERR:404 body={"strategy":"-android uiautomator","selector":"new UiSelector().descriptionMatches(\"(?is).*\\QEngli...
12:00:16.448512 POST /session/41dc848e-257f-485e-8132-ef47e5a4e374/element [14.344292ms] ERR:404 body={"strategy":"-android uiautomator","selector":"new UiSelector().textContains(\"English\")"}
12:00:16.467003 POST /session/41dc848e-257f-485e-8132-ef47e5a4e374/element [18.40289ms] ERR:404 body={"strategy":"-android uiautomator","selector":"new UiSelector().descriptionContains(\"English\")"}
12:00:16.484471 POST /session/41dc848e-257f-485e-8132-ef47e5a4e374/element [17.389788ms] ERR:404 body={"strategy":"-android uiautomator","selector":"new UiSelector().textMatches(\"(?is).*\\QEnglish\\E.*...
12:00:16.505821 POST /session/41dc848e-257f-485e-8132-ef47e5a4e374/element [21.260116ms] ERR:404 body={"strategy":"-android uiautomator","selector":"new UiSelector().descriptionMatches(\"(?is).*\\QEngli...
12:00:16.522832 POST /session/41dc848e-257f-485e-8132-ef47e5a4e374/element [16.925005ms] ERR:404 body={"strategy":"-android uiautomator","selector":"new UiSelector().textContains(\"English\")"}
12:00:16.542023 POST /session/41dc848e-257f-485e-8132-ef47e5a4e374/element [19.111684ms] ERR:404 body={"strategy":"-android uiautomator","selector":"new UiSelector().descriptionContains(\"English\")"}
12:00:16.560180 POST /session/41dc848e-257f-485e-8132-ef47e5a4e374/element [18.094006ms] ERR:404 body={"strategy":"-android uiautomator","selector":"new UiSelector().textMatches(\"(?is).*\\QEnglish\\E.*...
12:00:16.580104 POST /session/41dc848e-257f-485e-8132-ef47e5a4e374/element [19.859047ms] ERR:404 body={"strategy":"-android uiautomator","selector":"new UiSelector().descriptionMatches(\"(?is).*\\QEngli...
12:00:16.599506 POST /session/41dc848e-257f-485e-8132-ef47e5a4e374/element [19.332603ms] ERR:404 body={"strategy":"-android uiautomator","selector":"new UiSelector().textContains(\"English\")"}
12:00:16.616271 POST /session/41dc848e-257f-485e-8132-ef47e5a4e374/element [16.698664ms] ERR:404 body={"strategy":"-android uiautomator","selector":"new UiSelector().descriptionContains(\"English\")"}
12:00:16.632376 POST /session/41dc848e-257f-485e-8132-ef47e5a4e374/element [16.024826ms] ERR:404 body={"strategy":"-android uiautomator","selector":"new UiSelector().textMatches(\"(?is).*\\QEnglish\\E.*...
12:00:16.649586 POST /session/41dc848e-257f-485e-8132-ef47e5a4e374/element [17.144382ms] ERR:404 body={"strategy":"-android uiautomator","selector":"new UiSelector().descriptionMatches(\"(?is).*\\QEngli...
12:00:16.662519 POST /session/41dc848e-257f-485e-8132-ef47e5a4e374/element [12.851903ms] ERR:404 body={"strategy":"-android uiautomator","selector":"new UiSelector().textContains(\"English\")"}
12:00:16.675442 POST /session/41dc848e-257f-485e-8132-ef47e5a4e374/element [12.831311ms] ERR:404 body={"strategy":"-android uiautomator","selector":"new UiSelector().descriptionContains(\"English\")"}
12:00:16.689475 POST /session/41dc848e-257f-485e-8132-ef47e5a4e374/element [13.979456ms] ERR:404 body={"strategy":"-android uiautomator","selector":"new UiSelector().textMatches(\"(?is).*\\QEnglish\\E.*...
12:00:16.703680 POST /session/41dc848e-257f-485e-8132-ef47e5a4e374/element [14.1304ms] ERR:404 body={"strategy":"-android uiautomator","selector":"new UiSelector().descriptionMatches(\"(?is).*\\QEngli...
12:00:16.716923 POST /session/41dc848e-257f-485e-8132-ef47e5a4e374/element [13.167644ms] ERR:404 body={"strategy":"-android uiautomator","selector":"new UiSelector().textContains(\"English\")"}
12:00:16.731534 POST /session/41dc848e-257f-485e-8132-ef47e5a4e374/element [14.543569ms] ERR:404 body={"strategy":"-android uiautomator","selector":"new UiSelector().descriptionContains(\"English\")"}
12:00:16.750925 POST /session/41dc848e-257f-485e-8132-ef47e5a4e374/element [19.319948ms] ERR:404 body={"strategy":"-android uiautomator","selector":"new UiSelector().textMatches(\"(?is).*\\QEnglish\\E.*...
12:00:16.766344 POST /session/41dc848e-257f-485e-8132-ef47e5a4e374/element [15.333803ms] ERR:404 body={"strategy":"-android uiautomator","selector":"new UiSelector().descriptionMatches(\"(?is).*\\QEngli...
12:00:16.781793 POST /session/41dc848e-257f-485e-8132-ef47e5a4e374/element [15.368829ms] ERR:404 body={"strategy":"-android uiautomator","selector":"new UiSelector().textContains(\"English\")"}
12:00:16.799454 POST /session/41dc848e-257f-485e-8132-ef47e5a4e374/element [17.59009ms] ERR:404 body={"strategy":"-android uiautomator","selector":"new UiSelector().descriptionContains(\"English\")"}
12:00:16.814730 POST /session/41dc848e-257f-485e-8132-ef47e5a4e374/element [15.177788ms] ERR:404 body={"strategy":"-android uiautomator","selector":"new UiSelector().textMatches(\"(?is).*\\QEnglish\\E.*...
12:00:16.829084 POST /session/41dc848e-257f-485e-8132-ef47e5a4e374/element [14.276493ms] ERR:404 body={"strategy":"-android uiautomator","selector":"new UiSelector().descriptionMatches(\"(?is).*\\QEngli...
12:00:16.844365 POST /session/41dc848e-257f-485e-8132-ef47e5a4e374/element [15.192647ms] ERR:404 body={"strategy":"-android uiautomator","selector":"new UiSelector().textContains(\"English\")"}
12:00:16.858090 POST /session/41dc848e-257f-485e-8132-ef47e5a4e374/element [13.645174ms] ERR:404 body={"strategy":"-android uiautomator","selector":"new UiSelector().descriptionContains(\"English\")"}
12:00:16.877545 POST /session/41dc848e-257f-485e-8132-ef47e5a4e374/element [19.359123ms] ERR:404 body={"strategy":"-android uiautomator","selector":"new UiSelector().textMatches(\"(?is).*\\QEnglish\\E.*...
12:00:16.893091 POST /session/41dc848e-257f-485e-8132-ef47e5a4e374/element [15.480961ms] ERR:404 body={"strategy":"-android uiautomator","selector":"new UiSelector().descriptionMatches(\"(?is).*\\QEngli...
12:00:16.906298 POST /session/41dc848e-257f-485e-8132-ef47e5a4e374/element [13.12706ms] ERR:404 body={"strategy":"-android uiautomator","selector":"new UiSelector().textContains(\"English\")"}
12:00:16.920119 POST /session/41dc848e-257f-485e-8132-ef47e5a4e374/element [13.74557ms] ERR:404 body={"strategy":"-android uiautomator","selector":"new UiSelector().descriptionContains(\"English\")"}
12:00:16.936834 POST /session/41dc848e-257f-485e-8132-ef47e5a4e374/element [16.635414ms] ERR:404 body={"strategy":"-android uiautomator","selector":"new UiSelector().textMatches(\"(?is).*\\QEnglish\\E.*...
12:00:16.951457 POST /session/41dc848e-257f-485e-8132-ef47e5a4e374/element [14.527197ms] ERR:404 body={"strategy":"-android uiautomator","selector":"new UiSelector().descriptionMatches(\"(?is).*\\QEngli...
12:00:16.966652 POST /session/41dc848e-257f-485e-8132-ef47e5a4e374/element [15.127837ms] ERR:404 body={"strategy":"-android uiautomator","selector":"new UiSelector().textContains(\"English\")"}
12:00:16.982464 POST /session/41dc848e-257f-485e-8132-ef47e5a4e374/element [14.98904ms] ERR:404 body={"strategy":"-android uiautomator","selector":"new UiSelector().descriptionContains(\"English\")"}
12:00:16.997144 POST /session/41dc848e-257f-485e-8132-ef47e5a4e374/element [14.579969ms] ERR:404 body={"strategy":"-android uiautomator","selector":"new UiSelector().textMatches(\"(?is).*\\QEnglish\\E.*...
12:00:17.019131 POST /session/41dc848e-257f-485e-8132-ef47e5a4e374/element [21.920534ms] ERR:404 body={"strategy":"-android uiautomator","selector":"new UiSelector().descriptionMatches(\"(?is).*\\QEngli...
12:00:17.034709 POST /session/41dc848e-257f-485e-8132-ef47e5a4e374/element [15.530696ms] ERR:404 body={"strategy":"-android uiautomator","selector":"new UiSelector().textContains(\"English\")"}
12:00:17.047838 POST /session/41dc848e-257f-485e-8132-ef47e5a4e374/element [13.076785ms] ERR:404 body={"strategy":"-android uiautomator","selector":"new UiSelector().descriptionContains(\"English\")"}
12:00:17.061194 POST /session/41dc848e-257f-485e-8132-ef47e5a4e374/element [13.31044ms] ERR:404 body={"strategy":"-android uiautomator","selector":"new UiSelector().textMatches(\"(?is).*\\QEnglish\\E.*...
12:00:17.075636 POST /session/41dc848e-257f-485e-8132-ef47e5a4e374/element [14.384015ms] ERR:404 body={"strategy":"-android uiautomator","selector":"new UiSelector().descriptionMatches(\"(?is).*\\QEngli...
12:00:17.091222 POST /session/41dc848e-257f-485e-8132-ef47e5a4e374/element [15.50213ms] ERR:404 body={"strategy":"-android uiautomator","selector":"new UiSelector().textContains(\"English\")"}
12:00:17.104099 POST /session/41dc848e-257f-485e-8132-ef47e5a4e374/element [12.794622ms] ERR:404 body={"strategy":"-android uiautomator","selector":"new UiSelector().descriptionContains(\"English\")"}
12:00:17.118688 POST /session/41dc848e-257f-485e-8132-ef47e5a4e374/element [14.520264ms] ERR:404 body={"strategy":"-android uiautomator","selector":"new UiSelector().textMatches(\"(?is).*\\QEnglish\\E.*...
12:00:17.133628 POST /session/41dc848e-257f-485e-8132-ef47e5a4e374/element [14.868469ms] ERR:404 body={"strategy":"-android uiautomator","selector":"new UiSelector().descriptionMatches(\"(?is).*\\QEngli...
12:00:17.147255 POST /session/41dc848e-257f-485e-8132-ef47e5a4e374/element [13.532115ms] ERR:404 body={"strategy":"-android uiautomator","selector":"new UiSelector().textContains(\"English\")"}
12:00:17.164582 POST /session/41dc848e-257f-485e-8132-ef47e5a4e374/element [17.262372ms] ERR:404 body={"strategy":"-android uiautomator","selector":"new UiSelector().descriptionContains(\"English\")"}
12:00:17.178351 POST /session/41dc848e-257f-485e-8132-ef47e5a4e374/element [13.701324ms] ERR:404 body={"strategy":"-android uiautomator","selector":"new UiSelector().textMatches(\"(?is).*\\QEnglish\\E.*...
12:00:17.192019 POST /session/41dc848e-257f-485e-8132-ef47e5a4e374/element [13.593761ms] ERR:404 body={"strategy":"-android uiautomator","selector":"new UiSelector().descriptionMatches(\"(?is).*\\QEngli...
12:00:17.205601 POST /session/41dc848e-257f-485e-8132-ef47e5a4e374/element [13.523197ms] ERR:404 body={"strategy":"-android uiautomator","selector":"new UiSelector().textContains(\"English\")"}
12:00:17.222865 POST /session/41dc848e-257f-485e-8132-ef47e5a4e374/element [17.186947ms] ERR:404 body={"strategy":"-android uiautomator","selector":"new UiSelector().descriptionContains(\"English\")"}
12:00:17.239202 POST /session/41dc848e-257f-485e-8132-ef47e5a4e374/element [16.264477ms] ERR:404 body={"strategy":"-android uiautomator","selector":"new UiSelector().textMatches(\"(?is).*\\QEnglish\\E.*...
12:00:17.254711 POST /session/41dc848e-257f-485e-8132-ef47e5a4e374/element [15.444816ms] ERR:404 body={"strategy":"-android uiautomator","selector":"new UiSelector().descriptionMatches(\"(?is).*\\QEngli...
12:00:17.269899 POST /session/41dc848e-257f-485e-8132-ef47e5a4e374/element [15.123274ms] ERR:404 body={"strategy":"-android uiautomator","selector":"new UiSelector().textContains(\"English\")"}
12:00:17.283590 POST /session/41dc848e-257f-485e-8132-ef47e5a4e374/element [13.628145ms] ERR:404 body={"strategy":"-android uiautomator","selector":"new UiSelector().descriptionContains(\"English\")"}
12:00:17.297452 POST /session/41dc848e-257f-485e-8132-ef47e5a4e374/element [13.789355ms] ERR:404 body={"strategy":"-android uiautomator","selector":"new UiSelector().textMatches(\"(?is).*\\QEnglish\\E.*...
12:00:17.308120 POST /session/41dc848e-257f-485e-8132-ef47e5a4e374/element [10.60726ms] ERR:404 body={"strategy":"-android uiautomator","selector":"new UiSelector().descriptionMatches(\"(?is).*\\QEngli...
12:00:17.320010 POST /session/41dc848e-257f-485e-8132-ef47e5a4e374/element [11.833373ms] ERR:404 body={"strategy":"-android uiautomator","selector":"new UiSelector().textContains(\"English\")"}
12:00:17.337380 POST /session/41dc848e-257f-485e-8132-ef47e5a4e374/element [17.297531ms] ERR:404 body={"strategy":"-android uiautomator","selector":"new UiSelector().descriptionContains(\"English\")"}
12:00:17.356045 POST /session/41dc848e-257f-485e-8132-ef47e5a4e374/element [18.591155ms] ERR:404 body={"strategy":"-android uiautomator","selector":"new UiSelector().textMatches(\"(?is).*\\QEnglish\\E.*...
12:00:17.373629 POST /session/41dc848e-257f-485e-8132-ef47e5a4e374/element [17.517466ms] ERR:404 body={"strategy":"-android uiautomator","selector":"new UiSelector().descriptionMatches(\"(?is).*\\QEngli...
12:00:17.388446 POST /session/41dc848e-257f-485e-8132-ef47e5a4e374/element [14.730995ms] ERR:404 body={"strategy":"-android uiautomator","selector":"new UiSelector().textContains(\"English\")"}
12:00:17.407919 POST /session/41dc848e-257f-485e-8132-ef47e5a4e374/element [19.401471ms] ERR:404 body={"strategy":"-android uiautomator","selector":"new UiSelector().descriptionContains(\"English\")"}
12:00:17.423905 POST /session/41dc848e-257f-485e-8132-ef47e5a4e374/element [15.924552ms] ERR:404 body={"strategy":"-android uiautomator","selector":"new UiSelector().textMatches(\"(?is).*\\QEnglish\\E.*...
12:00:17.447407 POST /session/41dc848e-257f-485e-8132-ef47e5a4e374/element [23.421626ms] ERR:404 body={"strategy":"-android uiautomator","selector":"new UiSelector().descriptionMatches(\"(?is).*\\QEngli...
12:00:17.462310 POST /session/41dc848e-257f-485e-8132-ef47e5a4e374/element [14.81954ms] ERR:404 body={"strategy":"-android uiautomator","selector":"new UiSelector().textContains(\"English\")"}
12:00:17.475176 POST /session/41dc848e-257f-485e-8132-ef47e5a4e374/element [12.808365ms] ERR:404 body={"strategy":"-android uiautomator","selector":"new UiSelector().descriptionContains(\"English\")"}
12:00:17.489239 POST /session/41dc848e-257f-485e-8132-ef47e5a4e374/element [14.012822ms] ERR:404 body={"strategy":"-android uiautomator","selector":"new UiSelector().textMatches(\"(?is).*\\QEnglish\\E.*...
12:00:17.502638 POST /session/41dc848e-257f-485e-8132-ef47e5a4e374/element [13.332971ms] ERR:404 body={"strategy":"-android uiautomator","selector":"new UiSelector().descriptionMatches(\"(?is).*\\QEngli...
12:00:17.517693 POST /session/41dc848e-257f-485e-8132-ef47e5a4e374/element [14.94ms] ERR:404 body={"strategy":"-android uiautomator","selector":"new UiSelector().textContains(\"English\")"}
12:00:17.530324 POST /session/41dc848e-257f-485e-8132-ef47e5a4e374/element [12.55038ms] ERR:404 body={"strategy":"-android uiautomator","selector":"new UiSelector().descriptionContains(\"English\")"}
12:00:17.543158 POST /session/41dc848e-257f-485e-8132-ef47e5a4e374/element [12.764821ms] ERR:404 body={"strategy":"-android uiautomator","selector":"new UiSelector().textMatches(\"(?is).*\\QEnglish\\E.*...
12:00:17.559456 POST /session/41dc848e-257f-485e-8132-ef47e5a4e374/element [16.235115ms] ERR:404 body={"strategy":"-android uiautomator","selector":"new UiSelector().descriptionMatches(\"(?is).*\\QEngli...
12:00:17.575875 POST /session/41dc848e-257f-485e-8132-ef47e5a4e374/element [16.364774ms] ERR:404 body={"strategy":"-android uiautomator","selector":"new UiSelector().textContains(\"English\")"}
12:00:17.592543 POST /session/41dc848e-257f-485e-8132-ef47e5a4e374/element [16.605219ms] ERR:404 body={"strategy":"-android uiautomator","selector":"new UiSelector().descriptionContains(\"English\")"}
12:00:17.605616 POST /session/41dc848e-257f-485e-8132-ef47e5a4e374/element [13.004016ms] ERR:404 body={"strategy":"-android uiautomator","selector":"new UiSelector().textMatches(\"(?is).*\\QEnglish\\E.*...
12:00:17.617952 POST /session/41dc848e-257f-485e-8132-ef47e5a4e374/element [12.282938ms] ERR:404 body={"strategy":"-android uiautomator","selector":"new UiSelector().descriptionMatches(\"(?is).*\\QEngli...
12:00:17.630913 POST /session/41dc848e-257f-485e-8132-ef47e5a4e374/element [12.896132ms] ERR:404 body={"strategy":"-android uiautomator","selector":"new UiSelector().textContains(\"English\")"}
12:00:17.648018 POST /session/41dc848e-257f-485e-8132-ef47e5a4e374/element [17.046433ms] ERR:404 body={"strategy":"-android uiautomator","selector":"new UiSelector().descriptionContains(\"English\")"}
12:00:17.668920 POST /session/41dc848e-257f-485e-8132-ef47e5a4e374/element [20.827798ms] ERR:404 body={"strategy":"-android uiautomator","selector":"new UiSelector().textMatches(\"(?is).*\\QEnglish\\E.*...
12:00:17.687176 POST /session/41dc848e-257f-485e-8132-ef47e5a4e374/element [18.204775ms] ERR:404 body={"strategy":"-android uiautomator","selector":"new UiSelector().descriptionMatches(\"(?is).*\\QEngli...
12:00:17.700758 POST /session/41dc848e-257f-485e-8132-ef47e5a4e374/element [13.524272ms] ERR:404 body={"strategy":"-android uiautomator","selector":"new UiSelector().textContains(\"English\")"}
12:00:17.714371 POST /session/41dc848e-257f-485e-8132-ef47e5a4e374/element [13.539983ms] ERR:404 body={"strategy":"-android uiautomator","selector":"new UiSelector().descriptionContains(\"English\")"}
12:00:17.732064 POST /session/41dc848e-257f-485e-8132-ef47e5a4e374/element [17.625943ms] ERR:404 body={"strategy":"-android uiautomator","selector":"new UiSelector().textMatches(\"(?is).*\\QEnglish\\E.*...
12:00:17.747077 POST /session/41dc848e-257f-485e-8132-ef47e5a4e374/element [14.941237ms] ERR:404 body={"strategy":"-android uiautomator","selector":"new UiSelector().descriptionMatches(\"(?is).*\\QEngli...
12:00:17.761964 POST /session/41dc848e-257f-485e-8132-ef47e5a4e374/element [14.80262ms] ERR:404 body={"strategy":"-android uiautomator","selector":"new UiSelector().textContains(\"English\")"}
12:00:17.775817 POST /session/41dc848e-257f-485e-8132-ef47e5a4e374/element [13.788462ms] ERR:404 body={"strategy":"-android uiautomator","selector":"new UiSelector().descriptionContains(\"English\")"}
12:00:17.790126 POST /session/41dc848e-257f-485e-8132-ef47e5a4e374/element [14.238532ms] ERR:404 body={"strategy":"-android uiautomator","selector":"new UiSelector().textMatches(\"(?is).*\\QEnglish\\E.*...
12:00:17.813935 POST /session/41dc848e-257f-485e-8132-ef47e5a4e374/element [23.740257ms] ERR:404 body={"strategy":"-android uiautomator","selector":"new UiSelector().descriptionMatches(\"(?is).*\\QEngli...
12:00:17.829867 POST /session/41dc848e-257f-485e-8132-ef47e5a4e374/element [15.875541ms] ERR:404 body={"strategy":"-android uiautomator","selector":"new UiSelector().textContains(\"English\")"}
12:00:17.844705 POST /session/41dc848e-257f-485e-8132-ef47e5a4e374/element [14.731687ms] ERR:404 body={"strategy":"-android uiautomator","selector":"new UiSelector().descriptionContains(\"English\")"}
12:00:17.860449 POST /session/41dc848e-257f-485e-8132-ef47e5a4e374/element [15.684259ms] ERR:404 body={"strategy":"-android uiautomator","selector":"new UiSelector().textMatches(\"(?is).*\\QEnglish\\E.*...
12:00:17.877361 POST /session/41dc848e-257f-485e-8132-ef47e5a4e374/element [16.844297ms] ERR:404 body={"strategy":"-android uiautomator","selector":"new UiSelector().descriptionMatches(\"(?is).*\\QEngli...
12:00:17.891559 POST /session/41dc848e-257f-485e-8132-ef47e5a4e374/element [14.130909ms] ERR:404 body={"strategy":"-android uiautomator","selector":"new UiSelector().textContains(\"English\")"}
12:00:17.907730 POST /session/41dc848e-257f-485e-8132-ef47e5a4e374/element [16.104748ms] ERR:404 body={"strategy":"-android uiautomator","selector":"new UiSelector().descriptionContains(\"English\")"}
12:00:17.923143 POST /session/41dc848e-257f-485e-8132-ef47e5a4e374/element [15.320431ms] ERR:404 body={"strategy":"-android uiautomator","selector":"new UiSelector().textMatches(\"(?is).*\\QEnglish\\E.*...
12:00:17.936984 POST /session/41dc848e-257f-485e-8132-ef47e5a4e374/element [13.774451ms] ERR:404 body={"strategy":"-android uiautomator","selector":"new UiSelector().descriptionMatches(\"(?is).*\\QEngli...
12:00:17.956305 POST /session/41dc848e-257f-485e-8132-ef47e5a4e374/element [19.252776ms] ERR:404 body={"strategy":"-android uiautomator","selector":"new UiSelector().textContains(\"English\")"}
12:00:17.973287 POST /session/41dc848e-257f-485e-8132-ef47e5a4e374/element [16.829047ms] ERR:404 body={"strategy":"-android uiautomator","selector":"new UiSelector().descriptionContains(\"English\")"}
12:00:17.988199 POST /session/41dc848e-257f-485e-8132-ef47e5a4e374/element [14.828886ms] ERR:404 body={"strategy":"-android uiautomator","selector":"new UiSelector().textMatches(\"(?is).*\\QEnglish\\E.*...
12:00:18.003065 POST /session/41dc848e-257f-485e-8132-ef47e5a4e374/element [14.744912ms] ERR:404 body={"strategy":"-android uiautomator","selector":"new UiSelector().descriptionMatches(\"(?is).*\\QEngli...
12:00:18.021570 POST /session/41dc848e-257f-485e-8132-ef47e5a4e374/element [18.437026ms] ERR:404 body={"strategy":"-android uiautomator","selector":"new UiSelector().textContains(\"English\")"}
12:00:18.037079 POST /session/41dc848e-257f-485e-8132-ef47e5a4e374/element [15.436821ms] ERR:404 body={"strategy":"-android uiautomator","selector":"new UiSelector().descriptionContains(\"English\")"}
12:00:18.054047 POST /session/41dc848e-257f-485e-8132-ef47e5a4e374/element [16.919179ms] ERR:404 body={"strategy":"-android uiautomator","selector":"new UiSelector().textMatches(\"(?is).*\\QEnglish\\E.*...
12:00:18.074318 POST /session/41dc848e-257f-485e-8132-ef47e5a4e374/element [20.214935ms] ERR:404 body={"strategy":"-android uiautomator","selector":"new UiSelector().descriptionMatches(\"(?is).*\\QEngli...
12:00:18.094117 POST /session/41dc848e-257f-485e-8132-ef47e5a4e374/element [19.715326ms] ERR:404 body={"strategy":"-android uiautomator","selector":"new UiSelector().textContains(\"English\")"}
12:00:18.108045 POST /session/41dc848e-257f-485e-8132-ef47e5a4e374/element [13.854359ms] ERR:404 body={"strategy":"-android uiautomator","selector":"new UiSelector().descriptionContains(\"English\")"}
12:00:18.123612 POST /session/41dc848e-257f-485e-8132-ef47e5a4e374/element [15.485331ms] ERR:404 body={"strategy":"-android uiautomator","selector":"new UiSelector().textMatches(\"(?is).*\\QEnglish\\E.*...
12:00:18.138202 POST /session/41dc848e-257f-485e-8132-ef47e5a4e374/element [14.527086ms] ERR:404 body={"strategy":"-android uiautomator","selector":"new UiSelector().descriptionMatches(\"(?is).*\\QEngli...
12:00:18.153210 POST /session/41dc848e-257f-485e-8132-ef47e5a4e374/element [14.943862ms] ERR:404 body={"strategy":"-android uiautomator","selector":"new UiSelector().textContains(\"English\")"}
12:00:18.169655 POST /session/41dc848e-257f-485e-8132-ef47e5a4e374/element [16.376336ms] ERR:404 body={"strategy":"-android uiautomator","selector":"new UiSelector().descriptionContains(\"English\")"}
12:00:18.184916 POST /session/41dc848e-257f-485e-8132-ef47e5a4e374/element [15.157558ms] ERR:404 body={"strategy":"-android uiautomator","selector":"new UiSelector().textMatches(\"(?is).*\\QEnglish\\E.*...
12:00:18.199945 POST /session/41dc848e-257f-485e-8132-ef47e5a4e374/element [14.921736ms] ERR:404 body={"strategy":"-android uiautomator","selector":"new UiSelector().descriptionMatches(\"(?is).*\\QEngli...
12:00:18.214601 POST /session/41dc848e-257f-485e-8132-ef47e5a4e374/element [14.571543ms] ERR:404 body={"strategy":"-android uiautomator","selector":"new UiSelector().textContains(\"English\")"}
12:00:18.229300 POST /session/41dc848e-257f-485e-8132-ef47e5a4e374/element [14.615412ms] ERR:404 body={"strategy":"-android uiautomator","selector":"new UiSelector().descriptionContains(\"English\")"}
12:00:18.246131 POST /session/41dc848e-257f-485e-8132-ef47e5a4e374/element [16.749819ms] ERR:404 body={"strategy":"-android uiautomator","selector":"new UiSelector().textMatches(\"(?is).*\\QEnglish\\E.*...
12:00:18.260362 POST /session/41dc848e-257f-485e-8132-ef47e5a4e374/element [14.149364ms] ERR:404 body={"strategy":"-android uiautomator","selector":"new UiSelector().descriptionMatches(\"(?is).*\\QEngli...
12:00:18.275758 POST /session/41dc848e-257f-485e-8132-ef47e5a4e374/element [15.318103ms] ERR:404 body={"strategy":"-android uiautomator","selector":"new UiSelector().textContains(\"English\")"}
12:00:18.293828 POST /session/41dc848e-257f-485e-8132-ef47e5a4e374/element [17.999186ms] ERR:404 body={"strategy":"-android uiautomator","selector":"new UiSelector().descriptionContains(\"English\")"}
12:00:18.312202 POST /session/41dc848e-257f-485e-8132-ef47e5a4e374/element [18.302823ms] ERR:404 body={"strategy":"-android uiautomator","selector":"new UiSelector().textMatches(\"(?is).*\\QEnglish\\E.*...
12:00:18.327377 POST /session/41dc848e-257f-485e-8132-ef47e5a4e374/element [15.105607ms] ERR:404 body={"strategy":"-android uiautomator","selector":"new UiSelector().descriptionMatches(\"(?is).*\\QEngli...
12:00:18.343051 POST /session/41dc848e-257f-485e-8132-ef47e5a4e374/element [15.601551ms] ERR:404 body={"strategy":"-android uiautomator","selector":"new UiSelector().textContains(\"English\")"}
12:00:18.360978 POST /session/41dc848e-257f-485e-8132-ef47e5a4e374/element [17.848849ms] ERR:404 body={"strategy":"-android uiautomator","selector":"new UiSelector().descriptionContains(\"English\")"}
12:00:18.379502 POST /session/41dc848e-257f-485e-8132-ef47e5a4e374/element [18.44579ms] ERR:404 body={"strategy":"-android uiautomator","selector":"new UiSelector().textMatches(\"(?is).*\\QEnglish\\E.*...
12:00:18.397237 POST /session/41dc848e-257f-485e-8132-ef47e5a4e374/element [17.659432ms] ERR:404 body={"strategy":"-android uiautomator","selector":"new UiSelector().descriptionMatches(\"(?is).*\\QEngli...
12:00:18.413977 POST /session/41dc848e-257f-485e-8132-ef47e5a4e374/element [16.685269ms] ERR:404 body={"strategy":"-android uiautomator","selector":"new UiSelector().textContains(\"English\")"}
12:00:18.431552 POST /session/41dc848e-257f-485e-8132-ef47e5a4e374/element [17.512443ms] ERR:404 body={"strategy":"-android uiautomator","selector":"new UiSelector().descriptionContains(\"English\")"}
12:00:18.448755 POST /session/41dc848e-257f-485e-8132-ef47e5a4e374/element [17.13879ms] ERR:404 body={"strategy":"-android uiautomator","selector":"new UiSelector().textMatches(\"(?is).*\\QEnglish\\E.*...
12:00:18.465722 POST /session/41dc848e-257f-485e-8132-ef47e5a4e374/element [16.887755ms] ERR:404 body={"strategy":"-android uiautomator","selector":"new UiSelector().descriptionMatches(\"(?is).*\\QEngli...
12:00:18.482550 POST /session/41dc848e-257f-485e-8132-ef47e5a4e374/element [16.728692ms] ERR:404 body={"strategy":"-android uiautomator","selector":"new UiSelector().textContains(\"English\")"}
12:00:18.497078 POST /session/41dc848e-257f-485e-8132-ef47e5a4e374/element [14.453395ms] ERR:404 body={"strategy":"-android uiautomator","selector":"new UiSelector().descriptionContains(\"English\")"}
12:00:18.512682 POST /session/41dc848e-257f-485e-8132-ef47e5a4e374/element [15.511839ms] ERR:404 body={"strategy":"-android uiautomator","selector":"new UiSelector().textMatches(\"(?is).*\\QEnglish\\E.*...
12:00:18.529868 POST /session/41dc848e-257f-485e-8132-ef47e5a4e374/element [17.112475ms] ERR:404 body={"strategy":"-android uiautomator","selector":"new UiSelector().descriptionMatches(\"(?is).*\\QEngli...
12:00:18.546060 POST /session/41dc848e-257f-485e-8132-ef47e5a4e374/element [16.124645ms] ERR:404 body={"strategy":"-android uiautomator","selector":"new UiSelector().textContains(\"English\")"}
12:00:18.561562 POST /session/41dc848e-257f-485e-8132-ef47e5a4e374/element [15.428731ms] ERR:404 body={"strategy":"-android uiautomator","selector":"new UiSelector().descriptionContains(\"English\")"}
12:00:18.576270 POST /session/41dc848e-257f-485e-8132-ef47e5a4e374/element [14.636821ms] ERR:404 body={"strategy":"-android uiautomator","selector":"new UiSelector().textMatches(\"(?is).*\\QEnglish\\E.*...
12:00:18.592082 POST /session/41dc848e-257f-485e-8132-ef47e5a4e374/element [15.742445ms] ERR:404 body={"strategy":"-android uiautomator","selector":"new UiSelector().descriptionMatches(\"(?is).*\\QEngli...
12:00:18.606378 POST /session/41dc848e-257f-485e-8132-ef47e5a4e374/element [14.197119ms] ERR:404 body={"strategy":"-android uiautomator","selector":"new UiSelector().textContains(\"English\")"}
12:00:18.622181 POST /session/41dc848e-257f-485e-8132-ef47e5a4e374/element [15.731386ms] ERR:404 body={"strategy":"-android uiautomator","selector":"new UiSelector().descriptionContains(\"English\")"}
12:00:18.640402 POST /session/41dc848e-257f-485e-8132-ef47e5a4e374/element [18.167024ms] ERR:404 body={"strategy":"-android uiautomator","selector":"new UiSelector().textMatches(\"(?is).*\\QEnglish\\E.*...
12:00:18.657884 POST /session/41dc848e-257f-485e-8132-ef47e5a4e374/element [17.418226ms] ERR:404 body={"strategy":"-android uiautomator","selector":"new UiSelector().descriptionMatches(\"(?is).*\\QEngli...
12:00:18.673856 POST /session/41dc848e-257f-485e-8132-ef47e5a4e374/element [15.884083ms] ERR:404 body={"strategy":"-android uiautomator","selector":"new UiSelector().textContains(\"English\")"}
12:00:18.686408 POST /session/41dc848e-257f-485e-8132-ef47e5a4e374/element [12.450617ms] ERR:404 body={"strategy":"-android uiautomator","selector":"new UiSelector().descriptionContains(\"English\")"}
12:00:18.700647 POST /session/41dc848e-257f-485e-8132-ef47e5a4e374/element [14.165179ms] ERR:404 body={"strategy":"-android uiautomator","selector":"new UiSelector().textMatches(\"(?is).*\\QEnglish\\E.*...
12:00:18.717348 POST /session/41dc848e-257f-485e-8132-ef47e5a4e374/element [16.606583ms] ERR:404 body={"strategy":"-android uiautomator","selector":"new UiSelector().descriptionMatches(\"(?is).*\\QEngli...
12:00:18.732117 POST /session/41dc848e-257f-485e-8132-ef47e5a4e374/element [14.6999ms] ERR:404 body={"strategy":"-android uiautomator","selector":"new UiSelector().textContains(\"English\")"}
12:00:18.749152 POST /session/41dc848e-257f-485e-8132-ef47e5a4e374/element [16.968318ms] ERR:404 body={"strategy":"-android uiautomator","selector":"new UiSelector().descriptionContains(\"English\")"}
12:00:18.766440 POST /session/41dc848e-257f-485e-8132-ef47e5a4e374/element [17.214008ms] ERR:404 body={"strategy":"-android uiautomator","selector":"new UiSelector().textMatches(\"(?is).*\\QEnglish\\E.*...
12:00:18.782704 POST /session/41dc848e-257f-485e-8132-ef47e5a4e374/element [16.191452ms] ERR:404 body={"strategy":"-android uiautomator","selector":"new UiSelector().descriptionMatches(\"(?is).*\\QEngli...
12:00:18.799126 POST /session/41dc848e-257f-485e-8132-ef47e5a4e374/element [16.356834ms] ERR:404 body={"strategy":"-android uiautomator","selector":"new UiSelector().textContains(\"English\")"}
12:00:18.817770 POST /session/41dc848e-257f-485e-8132-ef47e5a4e374/element [18.581076ms] ERR:404 body={"strategy":"-android uiautomator","selector":"new UiSelector().descriptionContains(\"English\")"}
12:00:18.833729 POST /session/41dc848e-257f-485e-8132-ef47e5a4e374/element [15.899527ms] ERR:404 body={"strategy":"-android uiautomator","selector":"new UiSelector().textMatches(\"(?is).*\\QEnglish\\E.*...
12:00:18.849065 POST /session/41dc848e-257f-485e-8132-ef47e5a4e374/element [15.251235ms] ERR:404 body={"strategy":"-android uiautomator","selector":"new UiSelector().descriptionMatches(\"(?is).*\\QEngli...
12:00:18.865610 POST /session/41dc848e-257f-485e-8132-ef47e5a4e374/element [16.471401ms] ERR:404 body={"strategy":"-android uiautomator","selector":"new UiSelector().textContains(\"English\")"}
12:00:18.885207 POST /session/41dc848e-257f-485e-8132-ef47e5a4e374/element [19.524778ms] ERR:404 body={"strategy":"-android uiautomator","selector":"new UiSelector().descriptionContains(\"English\")"}
12:00:18.904306 POST /session/41dc848e-257f-485e-8132-ef47e5a4e374/element [19.033559ms] ERR:404 body={"strategy":"-android uiautomator","selector":"new UiSelector().textMatches(\"(?is).*\\QEnglish\\E.*...
12:00:18.924460 POST /session/41dc848e-257f-485e-8132-ef47e5a4e374/element [20.084967ms] ERR:404 body={"strategy":"-android uiautomator","selector":"new UiSelector().descriptionMatches(\"(?is).*\\QEngli...
12:00:18.939333 POST /session/41dc848e-257f-485e-8132-ef47e5a4e374/element [14.796816ms] ERR:404 body={"strategy":"-android uiautomator","selector":"new UiSelector().textContains(\"English\")"}
12:00:18.955504 POST /session/41dc848e-257f-485e-8132-ef47e5a4e374/element [16.060971ms] ERR:404 body={"strategy":"-android uiautomator","selector":"new UiSelector().descriptionContains(\"English\")"}
12:00:18.969960 POST /session/41dc848e-257f-485e-8132-ef47e5a4e374/element [14.401841ms] ERR:404 body={"strategy":"-android uiautomator","selector":"new UiSelector().textMatches(\"(?is).*\\QEnglish\\E.*...
12:00:18.986604 POST /session/41dc848e-257f-485e-8132-ef47e5a4e374/element [16.545578ms] ERR:404 body={"strategy":"-android uiautomator","selector":"new UiSelector().descriptionMatches(\"(?is).*\\QEngli...
12:00:19.001322 POST /session/41dc848e-257f-485e-8132-ef47e5a4e374/element [14.619359ms] ERR:404 body={"strategy":"-android uiautomator","selector":"new UiSelector().textContains(\"English\")"}
12:00:19.016595 POST /session/41dc848e-257f-485e-8132-ef47e5a4e374/element [15.201389ms] ERR:404 body={"strategy":"-android uiautomator","selector":"new UiSelector().descriptionContains(\"English\")"}
12:00:19.033854 POST /session/41dc848e-257f-485e-8132-ef47e5a4e374/element [17.194506ms] ERR:404 body={"strategy":"-android uiautomator","selector":"new UiSelector().textMatches(\"(?is).*\\QEnglish\\E.*...
12:00:19.049746 POST /session/41dc848e-257f-485e-8132-ef47e5a4e374/element [15.819047ms] ERR:404 body={"strategy":"-android uiautomator","selector":"new UiSelector().descriptionMatches(\"(?is).*\\QEngli...
12:00:19.065534 POST /session/41dc848e-257f-485e-8132-ef47e5a4e374/element [15.727153ms] ERR:404 body={"strategy":"-android uiautomator","selector":"new UiSelector().textContains(\"English\")"}
12:00:19.079981 POST /session/41dc848e-257f-485e-8132-ef47e5a4e374/element [14.382434ms] ERR:404 body={"strategy":"-android uiautomator","selector":"new UiSelector().descriptionContains(\"English\")"}
12:00:19.096931 POST /session/41dc848e-257f-485e-8132-ef47e5a4e374/element [16.860483ms] ERR:404 body={"strategy":"-android uiautomator","selector":"new UiSelector().textMatches(\"(?is).*\\QEnglish\\E.*...
12:00:19.110968 POST /session/41dc848e-257f-485e-8132-ef47e5a4e374/element [13.961249ms] ERR:404 body={"strategy":"-android uiautomator","selector":"new UiSelector().descriptionMatches(\"(?is).*\\QEngli...
12:00:19.125872 POST /session/41dc848e-257f-485e-8132-ef47e5a4e374/element [14.712064ms] ERR:404 body={"strategy":"-android uiautomator","selector":"new UiSelector().textContains(\"English\")"}
12:00:19.140778 POST /session/41dc848e-257f-485e-8132-ef47e5a4e374/element [14.817314ms] ERR:404 body={"strategy":"-android uiautomator","selector":"new UiSelector().descriptionContains(\"English\")"}
12:00:19.155468 POST /session/41dc848e-257f-485e-8132-ef47e5a4e374/element [14.585372ms] ERR:404 body={"strategy":"-android uiautomator","selector":"new UiSelector().textMatches(\"(?is).*\\QEnglish\\E.*...
12:00:19.174082 POST /session/41dc848e-257f-485e-8132-ef47e5a4e374/element [18.542881ms] ERR:404 body={"strategy":"-android uiautomator","selector":"new UiSelector().descriptionMatches(\"(?is).*\\QEngli...
12:00:19.192168 POST /session/41dc848e-257f-485e-8132-ef47e5a4e374/element [17.980312ms] ERR:404 body={"strategy":"-android uiautomator","selector":"new UiSelector().textContains(\"English\")"}
12:00:19.208097 POST /session/41dc848e-257f-485e-8132-ef47e5a4e374/element [15.839329ms] ERR:404 body={"strategy":"-android uiautomator","selector":"new UiSelector().descriptionContains(\"English\")"}
12:00:19.232017 POST /session/41dc848e-257f-485e-8132-ef47e5a4e374/element [23.817633ms] ERR:404 body={"strategy":"-android uiautomator","selector":"new UiSelector().textMatches(\"(?is).*\\QEnglish\\E.*...
12:00:19.253251 POST /session/41dc848e-257f-485e-8132-ef47e5a4e374/element [21.153408ms] ERR:404 body={"strategy":"-android uiautomator","selector":"new UiSelector().descriptionMatches(\"(?is).*\\QEngli...
12:00:19.270045 POST /session/41dc848e-257f-485e-8132-ef47e5a4e374/element [16.712676ms] ERR:404 body={"strategy":"-android uiautomator","selector":"new UiSelector().textContains(\"English\")"}
12:00:19.284753 POST /session/41dc848e-257f-485e-8132-ef47e5a4e374/element [14.636519ms] ERR:404 body={"strategy":"-android uiautomator","selector":"new UiSelector().descriptionContains(\"English\")"}
12:00:19.301926 POST /session/41dc848e-257f-485e-8132-ef47e5a4e374/element [17.108773ms] ERR:404 body={"strategy":"-android uiautomator","selector":"new UiSelector().textMatches(\"(?is).*\\QEnglish\\E.*...
12:00:19.320493 POST /session/41dc848e-257f-485e-8132-ef47e5a4e374/element [18.504054ms] ERR:404 body={"strategy":"-android uiautomator","selector":"new UiSelector().descriptionMatches(\"(?is).*\\QEngli...
12:00:19.337754 POST /session/41dc848e-257f-485e-8132-ef47e5a4e374/element [17.182333ms] ERR:404 body={"strategy":"-android uiautomator","selector":"new UiSelector().textContains(\"English\")"}
12:00:19.354957 POST /session/41dc848e-257f-485e-8132-ef47e5a4e374/element [17.134751ms] ERR:404 body={"strategy":"-android uiautomator","selector":"new UiSelector().descriptionContains(\"English\")"}
12:00:19.369254 POST /session/41dc848e-257f-485e-8132-ef47e5a4e374/element [14.223003ms] ERR:404 body={"strategy":"-android uiautomator","selector":"new UiSelector().textMatches(\"(?is).*\\QEnglish\\E.*...
12:00:19.381174 POST /session/41dc848e-257f-485e-8132-ef47e5a4e374/element [11.848943ms] ERR:404 body={"strategy":"-android uiautomator","selector":"new UiSelector().descriptionMatches(\"(?is).*\\QEngli...
12:00:19.395243 POST /session/41dc848e-257f-485e-8132-ef47e5a4e374/element [13.980197ms] ERR:404 body={"strategy":"-android uiautomator","selector":"new UiSelector().textContains(\"English\")"}
12:00:19.407408 POST /session/41dc848e-257f-485e-8132-ef47e5a4e374/element [12.098216ms] ERR:404 body={"strategy":"-android uiautomator","selector":"new UiSelector().descriptionContains(\"English\")"}
12:00:19.420598 POST /session/41dc848e-257f-485e-8132-ef47e5a4e374/element [13.136379ms] ERR:404 body={"strategy":"-android uiautomator","selector":"new UiSelector().textMatches(\"(?is).*\\QEnglish\\E.*...
12:00:19.434757 POST /session/41dc848e-257f-485e-8132-ef47e5a4e374/element [14.09104ms] ERR:404 body={"strategy":"-android uiautomator","selector":"new UiSelector().descriptionMatches(\"(?is).*\\QEngli...
12:00:19.452777 POST /session/41dc848e-257f-485e-8132-ef47e5a4e374/element [17.948938ms] ERR:404 body={"strategy":"-android uiautomator","selector":"new UiSelector().textContains(\"English\")"}
12:00:19.471522 POST /session/41dc848e-257f-485e-8132-ef47e5a4e374/element [18.691739ms] ERR:404 body={"strategy":"-android uiautomator","selector":"new UiSelector().descriptionContains(\"English\")"}
12:00:19.487058 POST /session/41dc848e-257f-485e-8132-ef47e5a4e374/element [15.470017ms] ERR:404 body={"strategy":"-android uiautomator","selector":"new UiSelector().textMatches(\"(?is).*\\QEnglish\\E.*...
12:00:19.501881 POST /session/41dc848e-257f-485e-8132-ef47e5a4e374/element [14.714139ms] ERR:404 body={"strategy":"-android uiautomator","selector":"new UiSelector().descriptionMatches(\"(?is).*\\QEngli...
12:00:19.516635 POST /session/41dc848e-257f-485e-8132-ef47e5a4e374/element [14.674586ms] ERR:404 body={"strategy":"-android uiautomator","selector":"new UiSelector().textContains(\"English\")"}
12:00:19.535710 POST /session/41dc848e-257f-485e-8132-ef47e5a4e374/element [18.995328ms] ERR:404 body={"strategy":"-android uiautomator","selector":"new UiSelector().descriptionContains(\"English\")"}
12:00:19.551191 POST /session/41dc848e-257f-485e-8132-ef47e5a4e374/element [15.399308ms] ERR:404 body={"strategy":"-android uiautomator","selector":"new UiSelector().textMatches(\"(?is).*\\QEnglish\\E.*...
12:00:19.567802 POST /session/41dc848e-257f-485e-8132-ef47e5a4e374/element [16.543576ms] ERR:404 body={"strategy":"-android uiautomator","selector":"new UiSelector().descriptionMatches(\"(?is).*\\QEngli...
12:00:19.582377 POST /session/41dc848e-257f-485e-8132-ef47e5a4e374/element [14.495134ms] ERR:404 body={"strategy":"-android uiautomator","selector":"new UiSelector().textContains(\"English\")"}
12:00:19.596829 POST /session/41dc848e-257f-485e-8132-ef47e5a4e374/element [14.37543ms] ERR:404 body={"strategy":"-android uiautomator","selector":"new UiSelector().descriptionContains(\"English\")"}
12:00:19.614004 POST /session/41dc848e-257f-485e-8132-ef47e5a4e374/element [17.100369ms] ERR:404 body={"strategy":"-android uiautomator","selector":"new UiSelector().textMatches(\"(?is).*\\QEnglish\\E.*...
12:00:19.628782 POST /session/41dc848e-257f-485e-8132-ef47e5a4e374/element [14.69555ms] ERR:404 body={"strategy":"-android uiautomator","selector":"new UiSelector().descriptionMatches(\"(?is).*\\QEngli...
12:00:19.643008 POST /session/41dc848e-257f-485e-8132-ef47e5a4e374/element [14.15515ms] ERR:404 body={"strategy":"-android uiautomator","selector":"new UiSelector().textContains(\"English\")"}
12:00:19.657710 POST /session/41dc848e-257f-485e-8132-ef47e5a4e374/element [14.606909ms] ERR:404 body={"strategy":"-android uiautomator","selector":"new UiSelector().descriptionContains(\"English\")"}
12:00:19.675379 POST /session/41dc848e-257f-485e-8132-ef47e5a4e374/element [17.58713ms] ERR:404 body={"strategy":"-android uiautomator","selector":"new UiSelector().textMatches(\"(?is).*\\QEnglish\\E.*...
12:00:19.692099 POST /session/41dc848e-257f-485e-8132-ef47e5a4e374/element [16.654938ms] ERR:404 body={"strategy":"-android uiautomator","selector":"new UiSelector().descriptionMatches(\"(?is).*\\QEngli...
12:00:19.709495 POST /session/41dc848e-257f-485e-8132-ef47e5a4e374/element [17.308381ms] ERR:404 body={"strategy":"-android uiautomator","selector":"new UiSelector().textContains(\"English\")"}
12:00:19.724095 POST /session/41dc848e-257f-485e-8132-ef47e5a4e374/element [14.501938ms] ERR:404 body={"strategy":"-android uiautomator","selector":"new UiSelector().descriptionContains(\"English\")"}
12:00:19.739577 POST /session/41dc848e-257f-485e-8132-ef47e5a4e374/element [15.397221ms] ERR:404 body={"strategy":"-android uiautomator","selector":"new UiSelector().textMatches(\"(?is).*\\QEnglish\\E.*...
12:00:19.758494 POST /session/41dc848e-257f-485e-8132-ef47e5a4e374/element [18.832558ms] ERR:404 body={"strategy":"-android uiautomator","selector":"new UiSelector().descriptionMatches(\"(?is).*\\QEngli...
12:00:19.774639 POST /session/41dc848e-257f-485e-8132-ef47e5a4e374/element [16.067748ms] ERR:404 body={"strategy":"-android uiautomator","selector":"new UiSelector().textContains(\"English\")"}
12:00:19.789979 POST /session/41dc848e-257f-485e-8132-ef47e5a4e374/element [15.247811ms] ERR:404 body={"strategy":"-android uiautomator","selector":"new UiSelector().descriptionContains(\"English\")"}
12:00:19.804811 POST /session/41dc848e-257f-485e-8132-ef47e5a4e374/element [14.744793ms] ERR:404 body={"strategy":"-android uiautomator","selector":"new UiSelector().textMatches(\"(?is).*\\QEnglish\\E.*...
12:00:19.820369 POST /session/41dc848e-257f-485e-8132-ef47e5a4e374/element [15.489772ms] ERR:404 body={"strategy":"-android uiautomator","selector":"new UiSelector().descriptionMatches(\"(?is).*\\QEngli...
12:00:19.833321 POST /session/41dc848e-257f-485e-8132-ef47e5a4e374/element [12.880202ms] ERR:404 body={"strategy":"-android uiautomator","selector":"new UiSelector().textContains(\"English\")"}
12:00:19.845714 POST /session/41dc848e-257f-485e-8132-ef47e5a4e374/element [12.306169ms] ERR:404 body={"strategy":"-android uiautomator","selector":"new UiSelector().descriptionContains(\"English\")"}
12:00:19.858271 POST /session/41dc848e-257f-485e-8132-ef47e5a4e374/element [12.482493ms] ERR:404 body={"strategy":"-android uiautomator","selector":"new UiSelector().textMatches(\"(?is).*\\QEnglish\\E.*...
12:00:19.872532 POST /session/41dc848e-257f-485e-8132-ef47e5a4e374/element [14.204485ms] ERR:404 body={"strategy":"-android uiautomator","selector":"new UiSelector().descriptionMatches(\"(?is).*\\QEngli...
12:00:19.884819 POST /session/41dc848e-257f-485e-8132-ef47e5a4e374/element [12.223967ms] ERR:404 body={"strategy":"-android uiautomator","selector":"new UiSelector().textContains(\"English\")"}
12:00:19.904950 POST /session/41dc848e-257f-485e-8132-ef47e5a4e374/element [20.061176ms] ERR:404 body={"strategy":"-android uiautomator","selector":"new UiSelector().descriptionContains(\"English\")"}
12:00:19.918295 POST /session/41dc848e-257f-485e-8132-ef47e5a4e374/element [13.272073ms] ERR:404 body={"strategy":"-android uiautomator","selector":"new UiSelector().textMatches(\"(?is).*\\QEnglish\\E.*...
12:00:19.930084 POST /session/41dc848e-257f-485e-8132-ef47e5a4e374/element [11.71155ms] ERR:404 body={"strategy":"-android uiautomator","selector":"new UiSelector().descriptionMatches(\"(?is).*\\QEngli...
12:00:19.942497 POST /session/41dc848e-257f-485e-8132-ef47e5a4e374/element [12.352747ms] ERR:404 body={"strategy":"-android uiautomator","selector":"new UiSelector().textContains(\"English\")"}
12:00:19.953842 POST /session/41dc848e-257f-485e-8132-ef47e5a4e374/element [11.287046ms] ERR:404 body={"strategy":"-android uiautomator","selector":"new UiSelector().descriptionContains(\"English\")"}
12:00:19.969962 POST /session/41dc848e-257f-485e-8132-ef47e5a4e374/element [16.046287ms] ERR:404 body={"strategy":"-android uiautomator","selector":"new UiSelector().textMatches(\"(?is).*\\QEnglish\\E.*...
12:00:19.983841 POST /session/41dc848e-257f-485e-8132-ef47e5a4e374/element [13.820434ms] ERR:404 body={"strategy":"-android uiautomator","selector":"new UiSelector().descriptionMatches(\"(?is).*\\QEngli...
12:00:19.998728 POST /session/41dc848e-257f-485e-8132-ef47e5a4e374/element [14.821619ms] ERR:404 body={"strategy":"-android uiautomator","selector":"new UiSelector().textContains(\"English\")"}
12:00:20.011203 POST /session/41dc848e-257f-485e-8132-ef47e5a4e374/element [12.417044ms] ERR:404 body={"strategy":"-android uiautomator","selector":"new UiSelector().descriptionContains(\"English\")"}
12:00:20.024071 POST /session/41dc848e-257f-485e-8132-ef47e5a4e374/element [12.804833ms] ERR:404 body={"strategy":"-android uiautomator","selector":"new UiSelector().textMatches(\"(?is).*\\QEnglish\\E.*...
12:00:20.037640 POST /session/41dc848e-257f-485e-8132-ef47e5a4e374/element [13.509147ms] ERR:404 body={"strategy":"-android uiautomator","selector":"new UiSelector().descriptionMatches(\"(?is).*\\QEngli...
12:00:20.049786 POST /session/41dc848e-257f-485e-8132-ef47e5a4e374/element [12.033474ms] ERR:404 body={"strategy":"-android uiautomator","selector":"new UiSelector().textContains(\"English\")"}
12:00:20.062518 POST /session/41dc848e-257f-485e-8132-ef47e5a4e374/element [12.671197ms] ERR:404 body={"strategy":"-android uiautomator","selector":"new UiSelector().descriptionContains(\"English\")"}
12:00:20.074949 POST /session/41dc848e-257f-485e-8132-ef47e5a4e374/element [12.31504ms] ERR:404 body={"strategy":"-android uiautomator","selector":"new UiSelector().textMatches(\"(?is).*\\QEnglish\\E.*...
12:00:20.086699 POST /session/41dc848e-257f-485e-8132-ef47e5a4e374/element [11.703391ms] ERR:404 body={"strategy":"-android uiautomator","selector":"new UiSelector().descriptionMatches(\"(?is).*\\QEngli...
12:00:20.099900 POST /session/41dc848e-257f-485e-8132-ef47e5a4e374/element [13.140069ms] ERR:404 body={"strategy":"-android uiautomator","selector":"new UiSelector().textContains(\"English\")"}
12:00:20.115490 POST /session/41dc848e-257f-485e-8132-ef47e5a4e374/element [15.522516ms] ERR:404 body={"strategy":"-android uiautomator","selector":"new UiSelector().descriptionContains(\"English\")"}
12:00:20.128218 POST /session/41dc848e-257f-485e-8132-ef47e5a4e374/element [12.670239ms] ERR:404 body={"strategy":"-android uiautomator","selector":"new UiSelector().textMatches(\"(?is).*\\QEnglish\\E.*...
12:00:20.141642 POST /session/41dc848e-257f-485e-8132-ef47e5a4e374/element [13.357972ms] ERR:404 body={"strategy":"-android uiautomator","selector":"new UiSelector().descriptionMatches(\"(?is).*\\QEngli...
12:00:20.156931 POST /session/41dc848e-257f-485e-8132-ef47e5a4e374/element [15.215816ms] ERR:404 body={"strategy":"-android uiautomator","selector":"new UiSelector().textContains(\"English\")"}
12:00:20.171099 POST /session/41dc848e-257f-485e-8132-ef47e5a4e374/element [14.117314ms] ERR:404 body={"strategy":"-android uiautomator","selector":"new UiSelector().descriptionContains(\"English\")"}
12:00:20.189642 POST /session/41dc848e-257f-485e-8132-ef47e5a4e374/element [18.473362ms] ERR:404 body={"strategy":"-android uiautomator","selector":"new UiSelector().textMatches(\"(?is).*\\QEnglish\\E.*...
12:00:20.206428 POST /session/41dc848e-257f-485e-8132-ef47e5a4e374/element [16.686675ms] ERR:404 body={"strategy":"-android uiautomator","selector":"new UiSelector().descriptionMatches(\"(?is).*\\QEngli...
12:00:20.222360 POST /session/41dc848e-257f-485e-8132-ef47e5a4e374/element [15.885745ms] ERR:404 body={"strategy":"-android uiautomator","selector":"new UiSelector().textContains(\"English\")"}
12:00:20.240355 POST /session/41dc848e-257f-485e-8132-ef47e5a4e374/element [17.945152ms] ERR:404 body={"strategy":"-android uiautomator","selector":"new UiSelector().descriptionContains(\"English\")"}
12:00:20.259524 POST /session/41dc848e-257f-485e-8132-ef47e5a4e374/element [19.100951ms] ERR:404 body={"strategy":"-android uiautomator","selector":"new UiSelector().textMatches(\"(?is).*\\QEnglish\\E.*...
12:00:20.277533 POST /session/41dc848e-257f-485e-8132-ef47e5a4e374/element [17.954057ms] ERR:404 body={"strategy":"-android uiautomator","selector":"new UiSelector().descriptionMatches(\"(?is).*\\QEngli...
12:00:20.297969 POST /session/41dc848e-257f-485e-8132-ef47e5a4e374/element [20.366329ms] ERR:404 body={"strategy":"-android uiautomator","selector":"new UiSelector().textContains(\"English\")"}
12:00:20.316958 POST /session/41dc848e-257f-485e-8132-ef47e5a4e374/element [18.914678ms] ERR:404 body={"strategy":"-android uiautomator","selector":"new UiSelector().descriptionContains(\"English\")"}
12:00:20.335023 POST /session/41dc848e-257f-485e-8132-ef47e5a4e374/element [18.015038ms] ERR:404 body={"strategy":"-android uiautomator","selector":"new UiSelector().textMatches(\"(?is).*\\QEnglish\\E.*...
12:00:20.349454 POST /session/41dc848e-257f-485e-8132-ef47e5a4e374/element [14.371557ms] ERR:404 body={"strategy":"-android uiautomator","selector":"new UiSelector().descriptionMatches(\"(?is).*\\QEngli...
12:00:20.364080 POST /session/41dc848e-257f-485e-8132-ef47e5a4e374/element [14.551255ms] ERR:404 body={"strategy":"-android uiautomator","selector":"new UiSelector().textContains(\"English\")"}
12:00:20.381269 POST /session/41dc848e-257f-485e-8132-ef47e5a4e374/element [16.862353ms] ERR:404 body={"strategy":"-android uiautomator","selector":"new UiSelector().descriptionContains(\"English\")"}
12:00:20.399211 POST /session/41dc848e-257f-485e-8132-ef47e5a4e374/element [17.879239ms] ERR:404 body={"strategy":"-android uiautomator","selector":"new UiSelector().textMatches(\"(?is).*\\QEnglish\\E.*...
12:00:20.413164 POST /session/41dc848e-257f-485e-8132-ef47e5a4e374/element [13.892914ms] ERR:404 body={"strategy":"-android uiautomator","selector":"new UiSelector().descriptionMatches(\"(?is).*\\QEngli...
12:00:20.431088 POST /session/41dc848e-257f-485e-8132-ef47e5a4e374/element [17.844457ms] ERR:404 body={"strategy":"-android uiautomator","selector":"new UiSelector().textContains(\"English\")"}
12:00:20.447757 POST /session/41dc848e-257f-485e-8132-ef47e5a4e374/element [16.62174ms] ERR:404 body={"strategy":"-android uiautomator","selector":"new UiSelector().descriptionContains(\"English\")"}
12:00:20.467894 POST /session/41dc848e-257f-485e-8132-ef47e5a4e374/element [20.058471ms] ERR:404 body={"strategy":"-android uiautomator","selector":"new UiSelector().textMatches(\"(?is).*\\QEnglish\\E.*...
12:00:20.483274 POST /session/41dc848e-257f-485e-8132-ef47e5a4e374/element [15.323286ms] ERR:404 body={"strategy":"-android uiautomator","selector":"new UiSelector().descriptionMatches(\"(?is).*\\QEngli...
12:00:20.497310 POST /session/41dc848e-257f-485e-8132-ef47e5a4e374/element [13.973759ms] ERR:404 body={"strategy":"-android uiautomator","selector":"new UiSelector().textContains(\"English\")"}
12:00:20.511743 POST /session/41dc848e-257f-485e-8132-ef47e5a4e374/element [14.365046ms] ERR:404 body={"strategy":"-android uiautomator","selector":"new UiSelector().descriptionContains(\"English\")"}
12:00:20.530730 POST /session/41dc848e-257f-485e-8132-ef47e5a4e374/element [18.928626ms] ERR:404 body={"strategy":"-android uiautomator","selector":"new UiSelector().textMatches(\"(?is).*\\QEnglish\\E.*...
12:00:20.547704 POST /session/41dc848e-257f-485e-8132-ef47e5a4e374/element [16.925265ms] ERR:404 body={"strategy":"-android uiautomator","selector":"new UiSelector().descriptionMatches(\"(?is).*\\QEngli...
12:00:20.563296 POST /session/41dc848e-257f-485e-8132-ef47e5a4e374/element [15.524294ms] ERR:404 body={"strategy":"-android uiautomator","selector":"new UiSelector().textContains(\"English\")"}
12:00:20.578170 POST /session/41dc848e-257f-485e-8132-ef47e5a4e374/element [14.81755ms] ERR:404 body={"strategy":"-android uiautomator","selector":"new UiSelector().descriptionContains(\"English\")"}
12:00:20.594010 POST /session/41dc848e-257f-485e-8132-ef47e5a4e374/element [15.769423ms] ERR:404 body={"strategy":"-android uiautomator","selector":"new UiSelector().textMatches(\"(?is).*\\QEnglish\\E.*...
12:00:20.611714 POST /session/41dc848e-257f-485e-8132-ef47e5a4e374/element [17.625263ms] ERR:404 body={"strategy":"-android uiautomator","selector":"new UiSelector().descriptionMatches(\"(?is).*\\QEngli...
12:00:20.626739 POST /session/41dc848e-257f-485e-8132-ef47e5a4e374/element [14.952451ms] ERR:404 body={"strategy":"-android uiautomator","selector":"new UiSelector().textContains(\"English\")"}
12:00:20.641690 POST /session/41dc848e-257f-485e-8132-ef47e5a4e374/element [14.873651ms] ERR:404 body={"strategy":"-android uiautomator","selector":"new UiSelector().descriptionContains(\"English\")"}
12:00:20.656722 POST /session/41dc848e-257f-485e-8132-ef47e5a4e374/element [14.968365ms] ERR:404 body={"strategy":"-android uiautomator","selector":"new UiSelector().textMatches(\"(?is).*\\QEnglish\\E.*...
12:00:20.671099 POST /session/41dc848e-257f-485e-8132-ef47e5a4e374/element [14.309952ms] ERR:404 body={"strategy":"-android uiautomator","selector":"new UiSelector().descriptionMatches(\"(?is).*\\QEngli...
12:00:20.687130 POST /session/41dc848e-257f-485e-8132-ef47e5a4e374/element [15.964309ms] ERR:404 body={"strategy":"-android uiautomator","selector":"new UiSelector().textContains(\"English\")"}
12:00:20.704445 POST /session/41dc848e-257f-485e-8132-ef47e5a4e374/element [17.25028ms] ERR:404 body={"strategy":"-android uiautomator","selector":"new UiSelector().descriptionContains(\"English\")"}
12:00:20.725491 POST /session/41dc848e-257f-485e-8132-ef47e5a4e374/element [20.991808ms] ERR:404 body={"strategy":"-android uiautomator","selector":"new UiSelector().textMatches(\"(?is).*\\QEnglish\\E.*...
12:00:20.740513 POST /session/41dc848e-257f-485e-8132-ef47e5a4e374/element [14.960517ms] ERR:404 body={"strategy":"-android uiautomator","selector":"new UiSelector().descriptionMatches(\"(?is).*\\QEngli...
12:00:20.801985 GET /session/41dc848e-257f-485e-8132-ef47e5a4e374/source [61.329164ms] OK body=
12:00:20.820845 POST /session/41dc848e-257f-485e-8132-ef47e5a4e374/element [16.176862ms] ERR:404 body={"strategy":"-android uiautomator","selector":"new UiSelector().textContains(\"Tiếng Anh\")"}
12:00:20.837607 POST /session/41dc848e-257f-485e-8132-ef47e5a4e374/element [16.704706ms] ERR:404 body={"strategy":"-android uiautomator","selector":"new UiSelector().descriptionContains(\"Tiếng Anh\")...
12:00:20.852579 POST /session/41dc848e-257f-485e-8132-ef47e5a4e374/element [14.911552ms] ERR:404 body={"strategy":"-android uiautomator","selector":"new UiSelector().textMatches(\"(?is).*\\QTiếng Anh\...
12:00:20.866358 POST /session/41dc848e-257f-485e-8132-ef47e5a4e374/element [13.699669ms] ERR:404 body={"strategy":"-android uiautomator","selector":"new UiSelector().descriptionMatches(\"(?is).*\\QTiế...
12:00:20.881230 POST /session/41dc848e-257f-485e-8132-ef47e5a4e374/element [14.807623ms] ERR:404 body={"strategy":"-android uiautomator","selector":"new UiSelector().textContains(\"Tiếng Anh\")"}
12:00:20.897827 POST /session/41dc848e-257f-485e-8132-ef47e5a4e374/element [16.531989ms] ERR:404 body={"strategy":"-android uiautomator","selector":"new UiSelector().descriptionContains(\"Tiếng Anh\")...
12:00:20.915741 POST /session/41dc848e-257f-485e-8132-ef47e5a4e374/element [17.857311ms] ERR:404 body={"strategy":"-android uiautomator","selector":"new UiSelector().textMatches(\"(?is).*\\QTiếng Anh\...
12:00:20.931063 POST /session/41dc848e-257f-485e-8132-ef47e5a4e374/element [15.254558ms] ERR:404 body={"strategy":"-android uiautomator","selector":"new UiSelector().descriptionMatches(\"(?is).*\\QTiế...
12:00:20.945433 POST /session/41dc848e-257f-485e-8132-ef47e5a4e374/element [14.189347ms] ERR:404 body={"strategy":"-android uiautomator","selector":"new UiSelector().textContains(\"Tiếng Anh\")"}
12:00:20.957284 POST /session/41dc848e-257f-485e-8132-ef47e5a4e374/element [11.78785ms] ERR:404 body={"strategy":"-android uiautomator","selector":"new UiSelector().descriptionContains(\"Tiếng Anh\")...
12:00:20.972365 POST /session/41dc848e-257f-485e-8132-ef47e5a4e374/element [15.020953ms] ERR:404 body={"strategy":"-android uiautomator","selector":"new UiSelector().textMatches(\"(?is).*\\QTiếng Anh\...
12:00:20.985815 POST /session/41dc848e-257f-485e-8132-ef47e5a4e374/element [13.378981ms] ERR:404 body={"strategy":"-android uiautomator","selector":"new UiSelector().descriptionMatches(\"(?is).*\\QTiế...
12:00:20.998528 POST /session/41dc848e-257f-485e-8132-ef47e5a4e374/element [12.659564ms] ERR:404 body={"strategy":"-android uiautomator","selector":"new UiSelector().textContains(\"Tiếng Anh\")"}
12:00:21.011011 POST /session/41dc848e-257f-485e-8132-ef47e5a4e374/element [12.424687ms] ERR:404 body={"strategy":"-android uiautomator","selector":"new UiSelector().descriptionContains(\"Tiếng Anh\")...
12:00:21.023888 POST /session/41dc848e-257f-485e-8132-ef47e5a4e374/element [12.823535ms] ERR:404 body={"strategy":"-android uiautomator","selector":"new UiSelector().textMatches(\"(?is).*\\QTiếng Anh\...
12:00:21.039925 POST /session/41dc848e-257f-485e-8132-ef47e5a4e374/element [15.969383ms] ERR:404 body={"strategy":"-android uiautomator","selector":"new UiSelector().descriptionMatches(\"(?is).*\\QTiế...
12:00:21.053332 POST /session/41dc848e-257f-485e-8132-ef47e5a4e374/element [13.348485ms] ERR:404 body={"strategy":"-android uiautomator","selector":"new UiSelector().textContains(\"Tiếng Anh\")"}
12:00:21.066135 POST /session/41dc848e-257f-485e-8132-ef47e5a4e374/element [12.738474ms] ERR:404 body={"strategy":"-android uiautomator","selector":"new UiSelector().descriptionContains(\"Tiếng Anh\")...
12:00:21.083910 POST /session/41dc848e-257f-485e-8132-ef47e5a4e374/element [17.706889ms] ERR:404 body={"strategy":"-android uiautomator","selector":"new UiSelector().textMatches(\"(?is).*\\QTiếng Anh\...
12:00:21.098489 POST /session/41dc848e-257f-485e-8132-ef47e5a4e374/element [14.512637ms] ERR:404 body={"strategy":"-android uiautomator","selector":"new UiSelector().descriptionMatches(\"(?is).*\\QTiế...
12:00:21.113622 POST /session/41dc848e-257f-485e-8132-ef47e5a4e374/element [15.064878ms] ERR:404 body={"strategy":"-android uiautomator","selector":"new UiSelector().textContains(\"Tiếng Anh\")"}
12:00:21.126232 POST /session/41dc848e-257f-485e-8132-ef47e5a4e374/element [12.523841ms] ERR:404 body={"strategy":"-android uiautomator","selector":"new UiSelector().descriptionContains(\"Tiếng Anh\")...
12:00:21.142109 POST /session/41dc848e-257f-485e-8132-ef47e5a4e374/element [15.819899ms] ERR:404 body={"strategy":"-android uiautomator","selector":"new UiSelector().textMatches(\"(?is).*\\QTiếng Anh\...
12:00:21.156314 POST /session/41dc848e-257f-485e-8132-ef47e5a4e374/element [14.138881ms] ERR:404 body={"strategy":"-android uiautomator","selector":"new UiSelector().descriptionMatches(\"(?is).*\\QTiế...
12:00:21.170738 POST /session/41dc848e-257f-485e-8132-ef47e5a4e374/element [14.351611ms] ERR:404 body={"strategy":"-android uiautomator","selector":"new UiSelector().textContains(\"Tiếng Anh\")"}
12:00:21.190408 POST /session/41dc848e-257f-485e-8132-ef47e5a4e374/element [19.616757ms] ERR:404 body={"strategy":"-android uiautomator","selector":"new UiSelector().descriptionContains(\"Tiếng Anh\")...
12:00:21.205039 POST /session/41dc848e-257f-485e-8132-ef47e5a4e374/element [14.560515ms] ERR:404 body={"strategy":"-android uiautomator","selector":"new UiSelector().textMatches(\"(?is).*\\QTiếng Anh\...
12:00:21.216915 POST /session/41dc848e-257f-485e-8132-ef47e5a4e374/element [11.815951ms] ERR:404 body={"strategy":"-android uiautomator","selector":"new UiSelector().descriptionMatches(\"(?is).*\\QTiế...
12:00:21.229321 POST /session/41dc848e-257f-485e-8132-ef47e5a4e374/element [12.333735ms] ERR:404 body={"strategy":"-android uiautomator","selector":"new UiSelector().textContains(\"Tiếng Anh\")"}
12:00:21.242225 POST /session/41dc848e-257f-485e-8132-ef47e5a4e374/element [12.849276ms] ERR:404 body={"strategy":"-android uiautomator","selector":"new UiSelector().descriptionContains(\"Tiếng Anh\")...
12:00:21.258907 POST /session/41dc848e-257f-485e-8132-ef47e5a4e374/element [16.625683ms] ERR:404 body={"strategy":"-android uiautomator","selector":"new UiSelector().textMatches(\"(?is).*\\QTiếng Anh\...
12:00:21.271746 POST /session/41dc848e-257f-485e-8132-ef47e5a4e374/element [12.762868ms] ERR:404 body={"strategy":"-android uiautomator","selector":"new UiSelector().descriptionMatches(\"(?is).*\\QTiế...
12:00:21.286132 POST /session/41dc848e-257f-485e-8132-ef47e5a4e374/element [14.323908ms] ERR:404 body={"strategy":"-android uiautomator","selector":"new UiSelector().textContains(\"Tiếng Anh\")"}
12:00:21.299407 POST /session/41dc848e-257f-485e-8132-ef47e5a4e374/element [13.210874ms] ERR:404 body={"strategy":"-android uiautomator","selector":"new UiSelector().descriptionContains(\"Tiếng Anh\")...
12:00:21.316431 POST /session/41dc848e-257f-485e-8132-ef47e5a4e374/element [16.965551ms] ERR:404 body={"strategy":"-android uiautomator","selector":"new UiSelector().textMatches(\"(?is).*\\QTiếng Anh\...
12:00:21.333273 POST /session/41dc848e-257f-485e-8132-ef47e5a4e374/element [16.771932ms] ERR:404 body={"strategy":"-android uiautomator","selector":"new UiSelector().descriptionMatches(\"(?is).*\\QTiế...
12:00:21.347136 POST /session/41dc848e-257f-485e-8132-ef47e5a4e374/element [13.809812ms] ERR:404 body={"strategy":"-android uiautomator","selector":"new UiSelector().textContains(\"Tiếng Anh\")"}
12:00:21.360544 POST /session/41dc848e-257f-485e-8132-ef47e5a4e374/element [13.343964ms] ERR:404 body={"strategy":"-android uiautomator","selector":"new UiSelector().descriptionContains(\"Tiếng Anh\")...
12:00:21.375065 POST /session/41dc848e-257f-485e-8132-ef47e5a4e374/element [14.456537ms] ERR:404 body={"strategy":"-android uiautomator","selector":"new UiSelector().textMatches(\"(?is).*\\QTiếng Anh\...
12:00:21.390613 POST /session/41dc848e-257f-485e-8132-ef47e5a4e374/element [15.476185ms] ERR:404 body={"strategy":"-android uiautomator","selector":"new UiSelector().descriptionMatches(\"(?is).*\\QTiế...
12:00:21.407506 POST /session/41dc848e-257f-485e-8132-ef47e5a4e374/element [16.836416ms] ERR:404 body={"strategy":"-android uiautomator","selector":"new UiSelector().textContains(\"Tiếng Anh\")"}
12:00:21.420410 POST /session/41dc848e-257f-485e-8132-ef47e5a4e374/element [12.844847ms] ERR:404 body={"strategy":"-android uiautomator","selector":"new UiSelector().descriptionContains(\"Tiếng Anh\")...
12:00:21.434766 POST /session/41dc848e-257f-485e-8132-ef47e5a4e374/element [14.297818ms] ERR:404 body={"strategy":"-android uiautomator","selector":"new UiSelector().textMatches(\"(?is).*\\QTiếng Anh\...
12:00:21.446972 POST /session/41dc848e-257f-485e-8132-ef47e5a4e374/element [12.149677ms] ERR:404 body={"strategy":"-android uiautomator","selector":"new UiSelector().descriptionMatches(\"(?is).*\\QTiế...
12:00:21.458900 POST /session/41dc848e-257f-485e-8132-ef47e5a4e374/element [11.870639ms] ERR:404 body={"strategy":"-android uiautomator","selector":"new UiSelector().textContains(\"Tiếng Anh\")"}
12:00:21.473052 POST /session/41dc848e-257f-485e-8132-ef47e5a4e374/element [14.095059ms] ERR:404 body={"strategy":"-android uiautomator","selector":"new UiSelector().descriptionContains(\"Tiếng Anh\")...
12:00:21.488132 POST /session/41dc848e-257f-485e-8132-ef47e5a4e374/element [15.0156ms] ERR:404 body={"strategy":"-android uiautomator","selector":"new UiSelector().textMatches(\"(?is).*\\QTiếng Anh\...
12:00:21.501767 POST /session/41dc848e-257f-485e-8132-ef47e5a4e374/element [13.571657ms] ERR:404 body={"strategy":"-android uiautomator","selector":"new UiSelector().descriptionMatches(\"(?is).*\\QTiế...
12:00:21.517129 POST /session/41dc848e-257f-485e-8132-ef47e5a4e374/element [15.293693ms] ERR:404 body={"strategy":"-android uiautomator","selector":"new UiSelector().textContains(\"Tiếng Anh\")"}
12:00:21.536499 POST /session/41dc848e-257f-485e-8132-ef47e5a4e374/element [19.309779ms] ERR:404 body={"strategy":"-android uiautomator","selector":"new UiSelector().descriptionContains(\"Tiếng Anh\")...
12:00:21.553500 POST /session/41dc848e-257f-485e-8132-ef47e5a4e374/element [16.92412ms] ERR:404 body={"strategy":"-android uiautomator","selector":"new UiSelector().textMatches(\"(?is).*\\QTiếng Anh\...
12:00:21.573299 POST /session/41dc848e-257f-485e-8132-ef47e5a4e374/element [19.724554ms] ERR:404 body={"strategy":"-android uiautomator","selector":"new UiSelector().descriptionMatches(\"(?is).*\\QTiế...
12:00:21.588524 POST /session/41dc848e-257f-485e-8132-ef47e5a4e374/element [15.167406ms] ERR:404 body={"strategy":"-android uiautomator","selector":"new UiSelector().textContains(\"Tiếng Anh\")"}
12:00:21.603735 POST /session/41dc848e-257f-485e-8132-ef47e5a4e374/element [15.144899ms] ERR:404 body={"strategy":"-android uiautomator","selector":"new UiSelector().descriptionContains(\"Tiếng Anh\")...
12:00:21.620447 POST /session/41dc848e-257f-485e-8132-ef47e5a4e374/element [16.643299ms] ERR:404 body={"strategy":"-android uiautomator","selector":"new UiSelector().textMatches(\"(?is).*\\QTiếng Anh\...
12:00:21.634927 POST /session/41dc848e-257f-485e-8132-ef47e5a4e374/element [14.413134ms] ERR:404 body={"strategy":"-android uiautomator","selector":"new UiSelector().descriptionMatches(\"(?is).*\\QTiế...
12:00:21.649591 POST /session/41dc848e-257f-485e-8132-ef47e5a4e374/element [14.598057ms] ERR:404 body={"strategy":"-android uiautomator","selector":"new UiSelector().textContains(\"Tiếng Anh\")"}
12:00:21.664445 POST /session/41dc848e-257f-485e-8132-ef47e5a4e374/element [14.797329ms] ERR:404 body={"strategy":"-android uiautomator","selector":"new UiSelector().descriptionContains(\"Tiếng Anh\")...
12:00:21.682247 POST /session/41dc848e-257f-485e-8132-ef47e5a4e374/element [17.736087ms] ERR:404 body={"strategy":"-android uiautomator","selector":"new UiSelector().textMatches(\"(?is).*\\QTiếng Anh\...
12:00:21.701057 POST /session/41dc848e-257f-485e-8132-ef47e5a4e374/element [18.754838ms] ERR:404 body={"strategy":"-android uiautomator","selector":"new UiSelector().descriptionMatches(\"(?is).*\\QTiế...
12:00:21.717351 POST /session/41dc848e-257f-485e-8132-ef47e5a4e374/element [16.241494ms] ERR:404 body={"strategy":"-android uiautomator","selector":"new UiSelector().textContains(\"Tiếng Anh\")"}
12:00:21.732906 POST /session/41dc848e-257f-485e-8132-ef47e5a4e374/element [15.499496ms] ERR:404 body={"strategy":"-android uiautomator","selector":"new UiSelector().descriptionContains(\"Tiếng Anh\")...
12:00:21.747765 POST /session/41dc848e-257f-485e-8132-ef47e5a4e374/element [14.795447ms] ERR:404 body={"strategy":"-android uiautomator","selector":"new UiSelector().textMatches(\"(?is).*\\QTiếng Anh\...
12:00:21.767163 POST /session/41dc848e-257f-485e-8132-ef47e5a4e374/element [19.33948ms] ERR:404 body={"strategy":"-android uiautomator","selector":"new UiSelector().descriptionMatches(\"(?is).*\\QTiế...
12:00:21.782337 POST /session/41dc848e-257f-485e-8132-ef47e5a4e374/element [15.112336ms] ERR:404 body={"strategy":"-android uiautomator","selector":"new UiSelector().textContains(\"Tiếng Anh\")"}
12:00:21.796999 POST /session/41dc848e-257f-485e-8132-ef47e5a4e374/element [14.611762ms] ERR:404 body={"strategy":"-android uiautomator","selector":"new UiSelector().descriptionContains(\"Tiếng Anh\")...
12:00:21.811726 POST /session/41dc848e-257f-485e-8132-ef47e5a4e374/element [14.667934ms] ERR:404 body={"strategy":"-android uiautomator","selector":"new UiSelector().textMatches(\"(?is).*\\QTiếng Anh\...
12:00:21.835040 POST /session/41dc848e-257f-485e-8132-ef47e5a4e374/element [23.253548ms] ERR:404 body={"strategy":"-android uiautomator","selector":"new UiSelector().descriptionMatches(\"(?is).*\\QTiế...
12:00:21.849633 POST /session/41dc848e-257f-485e-8132-ef47e5a4e374/element [14.524371ms] ERR:404 body={"strategy":"-android uiautomator","selector":"new UiSelector().textContains(\"Tiếng Anh\")"}
12:00:21.863933 POST /session/41dc848e-257f-485e-8132-ef47e5a4e374/element [14.219995ms] ERR:404 body={"strategy":"-android uiautomator","selector":"new UiSelector().descriptionContains(\"Tiếng Anh\")...
12:00:21.879163 POST /session/41dc848e-257f-485e-8132-ef47e5a4e374/element [15.162712ms] ERR:404 body={"strategy":"-android uiautomator","selector":"new UiSelector().textMatches(\"(?is).*\\QTiếng Anh\...
12:00:21.895613 POST /session/41dc848e-257f-485e-8132-ef47e5a4e374/element [16.361337ms] ERR:404 body={"strategy":"-android uiautomator","selector":"new UiSelector().descriptionMatches(\"(?is).*\\QTiế...
12:00:21.914911 POST /session/41dc848e-257f-485e-8132-ef47e5a4e374/element [19.206175ms] ERR:404 body={"strategy":"-android uiautomator","selector":"new UiSelector().textContains(\"Tiếng Anh\")"}
12:00:21.929510 POST /session/41dc848e-257f-485e-8132-ef47e5a4e374/element [14.540426ms] ERR:404 body={"strategy":"-android uiautomator","selector":"new UiSelector().descriptionContains(\"Tiếng Anh\")...
12:00:21.942747 POST /session/41dc848e-257f-485e-8132-ef47e5a4e374/element [13.166407ms] ERR:404 body={"strategy":"-android uiautomator","selector":"new UiSelector().textMatches(\"(?is).*\\QTiếng Anh\...
12:00:21.958491 POST /session/41dc848e-257f-485e-8132-ef47e5a4e374/element [15.69097ms] ERR:404 body={"strategy":"-android uiautomator","selector":"new UiSelector().descriptionMatches(\"(?is).*\\QTiế...
12:00:21.977726 POST /session/41dc848e-257f-485e-8132-ef47e5a4e374/element [19.183674ms] ERR:404 body={"strategy":"-android uiautomator","selector":"new UiSelector().textContains(\"Tiếng Anh\")"}
12:00:21.992824 POST /session/41dc848e-257f-485e-8132-ef47e5a4e374/element [15.053036ms] ERR:404 body={"strategy":"-android uiautomator","selector":"new UiSelector().descriptionContains(\"Tiếng Anh\")...
12:00:22.008661 POST /session/41dc848e-257f-485e-8132-ef47e5a4e374/element [15.781644ms] ERR:404 body={"strategy":"-android uiautomator","selector":"new UiSelector().textMatches(\"(?is).*\\QTiếng Anh\...
12:00:22.023313 POST /session/41dc848e-257f-485e-8132-ef47e5a4e374/element [14.546848ms] ERR:404 body={"strategy":"-android uiautomator","selector":"new UiSelector().descriptionMatches(\"(?is).*\\QTiế...
12:00:22.037250 POST /session/41dc848e-257f-485e-8132-ef47e5a4e374/element [13.84115ms] ERR:404 body={"strategy":"-android uiautomator","selector":"new UiSelector().textContains(\"Tiếng Anh\")"}
12:00:22.053977 POST /session/41dc848e-257f-485e-8132-ef47e5a4e374/element [16.659883ms] ERR:404 body={"strategy":"-android uiautomator","selector":"new UiSelector().descriptionContains(\"Tiếng Anh\")...
12:00:22.074132 POST /session/41dc848e-257f-485e-8132-ef47e5a4e374/element [20.083163ms] ERR:404 body={"strategy":"-android uiautomator","selector":"new UiSelector().textMatches(\"(?is).*\\QTiếng Anh\...
12:00:22.089884 POST /session/41dc848e-257f-485e-8132-ef47e5a4e374/element [15.696831ms] ERR:404 body={"strategy":"-android uiautomator","selector":"new UiSelector().descriptionMatches(\"(?is).*\\QTiế...
12:00:22.103498 POST /session/41dc848e-257f-485e-8132-ef47e5a4e374/element [13.55047ms] ERR:404 body={"strategy":"-android uiautomator","selector":"new UiSelector().textContains(\"Tiếng Anh\")"}
12:00:22.117530 POST /session/41dc848e-257f-485e-8132-ef47e5a4e374/element [13.763442ms] ERR:404 body={"strategy":"-android uiautomator","selector":"new UiSelector().descriptionContains(\"Tiếng Anh\")...
12:00:22.132885 POST /session/41dc848e-257f-485e-8132-ef47e5a4e374/element [15.298633ms] ERR:404 body={"strategy":"-android uiautomator","selector":"new UiSelector().textMatches(\"(?is).*\\QTiếng Anh\...
12:00:22.147064 POST /session/41dc848e-257f-485e-8132-ef47e5a4e374/element [14.123286ms] ERR:404 body={"strategy":"-android uiautomator","selector":"new UiSelector().descriptionMatches(\"(?is).*\\QTiế...
12:00:22.159509 POST /session/41dc848e-257f-485e-8132-ef47e5a4e374/element [12.389166ms] ERR:404 body={"strategy":"-android uiautomator","selector":"new UiSelector().textContains(\"Tiếng Anh\")"}
12:00:22.174789 POST /session/41dc848e-257f-485e-8132-ef47e5a4e374/element [15.226007ms] ERR:404 body={"strategy":"-android uiautomator","selector":"new UiSelector().descriptionContains(\"Tiếng Anh\")...
12:00:22.188719 POST /session/41dc848e-257f-485e-8132-ef47e5a4e374/element [13.886833ms] ERR:404 body={"strategy":"-android uiautomator","selector":"new UiSelector().textMatches(\"(?is).*\\QTiếng Anh\...
12:00:22.204010 POST /session/41dc848e-257f-485e-8132-ef47e5a4e374/element [15.249638ms] ERR:404 body={"strategy":"-android uiautomator","selector":"new UiSelector().descriptionMatches(\"(?is).*\\QTiế...
12:00:22.216946 POST /session/41dc848e-257f-485e-8132-ef47e5a4e374/element [12.877786ms] ERR:404 body={"strategy":"-android uiautomator","selector":"new UiSelector().textContains(\"Tiếng Anh\")"}
12:00:22.231951 POST /session/41dc848e-257f-485e-8132-ef47e5a4e374/element [14.942208ms] ERR:404 body={"strategy":"-android uiautomator","selector":"new UiSelector().descriptionContains(\"Tiếng Anh\")...
12:00:22.247256 POST /session/41dc848e-257f-485e-8132-ef47e5a4e374/element [15.242571ms] ERR:404 body={"strategy":"-android uiautomator","selector":"new UiSelector().textMatches(\"(?is).*\\QTiếng Anh\...
12:00:22.259446 POST /session/41dc848e-257f-485e-8132-ef47e5a4e374/element [12.143178ms] ERR:404 body={"strategy":"-android uiautomator","selector":"new UiSelector().descriptionMatches(\"(?is).*\\QTiế...
12:00:22.274394 POST /session/41dc848e-257f-485e-8132-ef47e5a4e374/element [14.885217ms] ERR:404 body={"strategy":"-android uiautomator","selector":"new UiSelector().textContains(\"Tiếng Anh\")"}
12:00:22.291914 POST /session/41dc848e-257f-485e-8132-ef47e5a4e374/element [17.456736ms] ERR:404 body={"strategy":"-android uiautomator","selector":"new UiSelector().descriptionContains(\"Tiếng Anh\")...
12:00:22.305230 POST /session/41dc848e-257f-485e-8132-ef47e5a4e374/element [13.258666ms] ERR:404 body={"strategy":"-android uiautomator","selector":"new UiSelector().textMatches(\"(?is).*\\QTiếng Anh\...
12:00:22.324609 POST /session/41dc848e-257f-485e-8132-ef47e5a4e374/element [19.312644ms] ERR:404 body={"strategy":"-android uiautomator","selector":"new UiSelector().descriptionMatches(\"(?is).*\\QTiế...
12:00:22.342034 POST /session/41dc848e-257f-485e-8132-ef47e5a4e374/element [17.326834ms] ERR:404 body={"strategy":"-android uiautomator","selector":"new UiSelector().textContains(\"Tiếng Anh\")"}
12:00:22.355167 POST /session/41dc848e-257f-485e-8132-ef47e5a4e374/element [13.057647ms] ERR:404 body={"strategy":"-android uiautomator","selector":"new UiSelector().descriptionContains(\"Tiếng Anh\")...
12:00:22.367704 POST /session/41dc848e-257f-485e-8132-ef47e5a4e374/element [12.479247ms] ERR:404 body={"strategy":"-android uiautomator","selector":"new UiSelector().textMatches(\"(?is).*\\QTiếng Anh\...
12:00:22.383533 POST /session/41dc848e-257f-485e-8132-ef47e5a4e374/element [15.760285ms] ERR:404 body={"strategy":"-android uiautomator","selector":"new UiSelector().descriptionMatches(\"(?is).*\\QTiế...
12:00:22.399096 POST /session/41dc848e-257f-485e-8132-ef47e5a4e374/element [15.505005ms] ERR:404 body={"strategy":"-android uiautomator","selector":"new UiSelector().textContains(\"Tiếng Anh\")"}
12:00:22.417230 POST /session/41dc848e-257f-485e-8132-ef47e5a4e374/element [18.057957ms] ERR:404 body={"strategy":"-android uiautomator","selector":"new UiSelector().descriptionContains(\"Tiếng Anh\")...
12:00:22.433361 POST /session/41dc848e-257f-485e-8132-ef47e5a4e374/element [16.070388ms] ERR:404 body={"strategy":"-android uiautomator","selector":"new UiSelector().textMatches(\"(?is).*\\QTiếng Anh\...
12:00:22.452647 POST /session/41dc848e-257f-485e-8132-ef47e5a4e374/element [19.228535ms] ERR:404 body={"strategy":"-android uiautomator","selector":"new UiSelector().descriptionMatches(\"(?is).*\\QTiế...
12:00:22.468797 POST /session/41dc848e-257f-485e-8132-ef47e5a4e374/element [16.06053ms] ERR:404 body={"strategy":"-android uiautomator","selector":"new UiSelector().textContains(\"Tiếng Anh\")"}
12:00:22.486692 POST /session/41dc848e-257f-485e-8132-ef47e5a4e374/element [17.804182ms] ERR:404 body={"strategy":"-android uiautomator","selector":"new UiSelector().descriptionContains(\"Tiếng Anh\")...
12:00:22.503395 POST /session/41dc848e-257f-485e-8132-ef47e5a4e374/element [16.643158ms] ERR:404 body={"strategy":"-android uiautomator","selector":"new UiSelector().textMatches(\"(?is).*\\QTiếng Anh\...
12:00:22.518631 POST /session/41dc848e-257f-485e-8132-ef47e5a4e374/element [15.175965ms] ERR:404 body={"strategy":"-android uiautomator","selector":"new UiSelector().descriptionMatches(\"(?is).*\\QTiế...
12:00:22.534158 POST /session/41dc848e-257f-485e-8132-ef47e5a4e374/element [15.432576ms] ERR:404 body={"strategy":"-android uiautomator","selector":"new UiSelector().textContains(\"Tiếng Anh\")"}
12:00:22.551990 POST /session/41dc848e-257f-485e-8132-ef47e5a4e374/element [17.768332ms] ERR:404 body={"strategy":"-android uiautomator","selector":"new UiSelector().descriptionContains(\"Tiếng Anh\")...
12:00:22.570403 POST /session/41dc848e-257f-485e-8132-ef47e5a4e374/element [18.333614ms] ERR:404 body={"strategy":"-android uiautomator","selector":"new UiSelector().textMatches(\"(?is).*\\QTiếng Anh\...
12:00:22.584658 POST /session/41dc848e-257f-485e-8132-ef47e5a4e374/element [14.195683ms] ERR:404 body={"strategy":"-android uiautomator","selector":"new UiSelector().descriptionMatches(\"(?is).*\\QTiế...
12:00:22.603296 POST /session/41dc848e-257f-485e-8132-ef47e5a4e374/element [18.561979ms] ERR:404 body={"strategy":"-android uiautomator","selector":"new UiSelector().textContains(\"Tiếng Anh\")"}
12:00:22.617738 POST /session/41dc848e-257f-485e-8132-ef47e5a4e374/element [14.38192ms] ERR:404 body={"strategy":"-android uiautomator","selector":"new UiSelector().descriptionContains(\"Tiếng Anh\")...
12:00:22.632341 POST /session/41dc848e-257f-485e-8132-ef47e5a4e374/element [14.535004ms] ERR:404 body={"strategy":"-android uiautomator","selector":"new UiSelector().textMatches(\"(?is).*\\QTiếng Anh\...
12:00:22.645815 POST /session/41dc848e-257f-485e-8132-ef47e5a4e374/element [13.395296ms] ERR:404 body={"strategy":"-android uiautomator","selector":"new UiSelector().descriptionMatches(\"(?is).*\\QTiế...
12:00:22.658899 POST /session/41dc848e-257f-485e-8132-ef47e5a4e374/element [13.012372ms] ERR:404 body={"strategy":"-android uiautomator","selector":"new UiSelector().textContains(\"Tiếng Anh\")"}
12:00:22.671521 POST /session/41dc848e-257f-485e-8132-ef47e5a4e374/element [12.55807ms] ERR:404 body={"strategy":"-android uiautomator","selector":"new UiSelector().descriptionContains(\"Tiếng Anh\")...
12:00:22.684940 POST /session/41dc848e-257f-485e-8132-ef47e5a4e374/element [13.364121ms] ERR:404 body={"strategy":"-android uiautomator","selector":"new UiSelector().textMatches(\"(?is).*\\QTiếng Anh\...
12:00:22.700031 POST /session/41dc848e-257f-485e-8132-ef47e5a4e374/element [15.02192ms] ERR:404 body={"strategy":"-android uiautomator","selector":"new UiSelector().descriptionMatches(\"(?is).*\\QTiế...
12:00:22.712702 POST /session/41dc848e-257f-485e-8132-ef47e5a4e374/element [12.586491ms] ERR:404 body={"strategy":"-android uiautomator","selector":"new UiSelector().textContains(\"Tiếng Anh\")"}
12:00:22.725892 POST /session/41dc848e-257f-485e-8132-ef47e5a4e374/element [13.142519ms] ERR:404 body={"strategy":"-android uiautomator","selector":"new UiSelector().descriptionContains(\"Tiếng Anh\")...
12:00:22.739294 POST /session/41dc848e-257f-485e-8132-ef47e5a4e374/element [13.358281ms] ERR:404 body={"strategy":"-android uiautomator","selector":"new UiSelector().textMatches(\"(?is).*\\QTiếng Anh\...
12:00:22.752049 POST /session/41dc848e-257f-485e-8132-ef47e5a4e374/element [12.707975ms] ERR:404 body={"strategy":"-android uiautomator","selector":"new UiSelector().descriptionMatches(\"(?is).*\\QTiế...
12:00:22.769738 POST /session/41dc848e-257f-485e-8132-ef47e5a4e374/element [17.625425ms] ERR:404 body={"strategy":"-android uiautomator","selector":"new UiSelector().textContains(\"Tiếng Anh\")"}
12:00:22.785848 POST /session/41dc848e-257f-485e-8132-ef47e5a4e374/element [16.0392ms] ERR:404 body={"strategy":"-android uiautomator","selector":"new UiSelector().descriptionContains(\"Tiếng Anh\")...
12:00:22.802616 POST /session/41dc848e-257f-485e-8132-ef47e5a4e374/element [16.710759ms] ERR:404 body={"strategy":"-android uiautomator","selector":"new UiSelector().textMatches(\"(?is).*\\QTiếng Anh\...
12:00:22.817807 POST /session/41dc848e-257f-485e-8132-ef47e5a4e374/element [15.135755ms] ERR:404 body={"strategy":"-android uiautomator","selector":"new UiSelector().descriptionMatches(\"(?is).*\\QTiế...
12:00:22.835698 POST /session/41dc848e-257f-485e-8132-ef47e5a4e374/element [17.841722ms] ERR:404 body={"strategy":"-android uiautomator","selector":"new UiSelector().textContains(\"Tiếng Anh\")"}
12:00:22.855757 POST /session/41dc848e-257f-485e-8132-ef47e5a4e374/element [19.999652ms] ERR:404 body={"strategy":"-android uiautomator","selector":"new UiSelector().descriptionContains(\"Tiếng Anh\")...
12:00:22.870742 POST /session/41dc848e-257f-485e-8132-ef47e5a4e374/element [14.929109ms] ERR:404 body={"strategy":"-android uiautomator","selector":"new UiSelector().textMatches(\"(?is).*\\QTiếng Anh\...
12:00:22.885851 POST /session/41dc848e-257f-485e-8132-ef47e5a4e374/element [15.027499ms] ERR:404 body={"strategy":"-android uiautomator","selector":"new UiSelector().descriptionMatches(\"(?is).*\\QTiế...
12:00:22.900210 POST /session/41dc848e-257f-485e-8132-ef47e5a4e374/element [14.279408ms] ERR:404 body={"strategy":"-android uiautomator","selector":"new UiSelector().textContains(\"Tiếng Anh\")"}
12:00:22.917652 POST /session/41dc848e-257f-485e-8132-ef47e5a4e374/element [17.383546ms] ERR:404 body={"strategy":"-android uiautomator","selector":"new UiSelector().descriptionContains(\"Tiếng Anh\")...
12:00:22.931008 POST /session/41dc848e-257f-485e-8132-ef47e5a4e374/element [13.271335ms] ERR:404 body={"strategy":"-android uiautomator","selector":"new UiSelector().textMatches(\"(?is).*\\QTiếng Anh\...
12:00:22.944798 POST /session/41dc848e-257f-485e-8132-ef47e5a4e374/element [13.717352ms] ERR:404 body={"strategy":"-android uiautomator","selector":"new UiSelector().descriptionMatches(\"(?is).*\\QTiế...
12:00:22.959820 POST /session/41dc848e-257f-485e-8132-ef47e5a4e374/element [14.957249ms] ERR:404 body={"strategy":"-android uiautomator","selector":"new UiSelector().textContains(\"Tiếng Anh\")"}
12:00:22.976701 POST /session/41dc848e-257f-485e-8132-ef47e5a4e374/element [16.830823ms] ERR:404 body={"strategy":"-android uiautomator","selector":"new UiSelector().descriptionContains(\"Tiếng Anh\")...
12:00:22.994896 POST /session/41dc848e-257f-485e-8132-ef47e5a4e374/element [18.145089ms] ERR:404 body={"strategy":"-android uiautomator","selector":"new UiSelector().textMatches(\"(?is).*\\QTiếng Anh\...
12:00:23.010651 POST /session/41dc848e-257f-485e-8132-ef47e5a4e374/element [15.713953ms] ERR:404 body={"strategy":"-android uiautomator","selector":"new UiSelector().descriptionMatches(\"(?is).*\\QTiế...
12:00:23.027054 POST /session/41dc848e-257f-485e-8132-ef47e5a4e374/element [16.343314ms] ERR:404 body={"strategy":"-android uiautomator","selector":"new UiSelector().textContains(\"Tiếng Anh\")"}
12:00:23.042568 POST /session/41dc848e-257f-485e-8132-ef47e5a4e374/element [15.467405ms] ERR:404 body={"strategy":"-android uiautomator","selector":"new UiSelector().descriptionContains(\"Tiếng Anh\")...
12:00:23.059952 POST /session/41dc848e-257f-485e-8132-ef47e5a4e374/element [17.330928ms] ERR:404 body={"strategy":"-android uiautomator","selector":"new UiSelector().textMatches(\"(?is).*\\QTiếng Anh\...
12:00:23.073191 POST /session/41dc848e-257f-485e-8132-ef47e5a4e374/element [13.173007ms] ERR:404 body={"strategy":"-android uiautomator","selector":"new UiSelector().descriptionMatches(\"(?is).*\\QTiế...
12:00:23.087024 POST /session/41dc848e-257f-485e-8132-ef47e5a4e374/element [13.737151ms] ERR:404 body={"strategy":"-android uiautomator","selector":"new UiSelector().textContains(\"Tiếng Anh\")"}
12:00:23.103762 POST /session/41dc848e-257f-485e-8132-ef47e5a4e374/element [16.675571ms] ERR:404 body={"strategy":"-android uiautomator","selector":"new UiSelector().descriptionContains(\"Tiếng Anh\")...
12:00:23.115808 POST /session/41dc848e-257f-485e-8132-ef47e5a4e374/element [11.980409ms] ERR:404 body={"strategy":"-android uiautomator","selector":"new UiSelector().textMatches(\"(?is).*\\QTiếng Anh\...
12:00:23.131018 POST /session/41dc848e-257f-485e-8132-ef47e5a4e374/element [15.149571ms] ERR:404 body={"strategy":"-android uiautomator","selector":"new UiSelector().descriptionMatches(\"(?is).*\\QTiế...
12:00:23.144892 POST /session/41dc848e-257f-485e-8132-ef47e5a4e374/element [13.810054ms] ERR:404 body={"strategy":"-android uiautomator","selector":"new UiSelector().textContains(\"Tiếng Anh\")"}
12:00:23.157620 POST /session/41dc848e-257f-485e-8132-ef47e5a4e374/element [12.690459ms] ERR:404 body={"strategy":"-android uiautomator","selector":"new UiSelector().descriptionContains(\"Tiếng Anh\")...
12:00:23.172265 POST /session/41dc848e-257f-485e-8132-ef47e5a4e374/element [14.6105ms] ERR:404 body={"strategy":"-android uiautomator","selector":"new UiSelector().textMatches(\"(?is).*\\QTiếng Anh\...
12:00:23.185374 POST /session/41dc848e-257f-485e-8132-ef47e5a4e374/element [13.062212ms] ERR:404 body={"strategy":"-android uiautomator","selector":"new UiSelector().descriptionMatches(\"(?is).*\\QTiế...
12:00:23.197240 POST /session/41dc848e-257f-485e-8132-ef47e5a4e374/element [11.798042ms] ERR:404 body={"strategy":"-android uiautomator","selector":"new UiSelector().textContains(\"Tiếng Anh\")"}
12:00:23.210574 POST /session/41dc848e-257f-485e-8132-ef47e5a4e374/element [13.273188ms] ERR:404 body={"strategy":"-android uiautomator","selector":"new UiSelector().descriptionContains(\"Tiếng Anh\")...
12:00:23.223938 POST /session/41dc848e-257f-485e-8132-ef47e5a4e374/element [13.302476ms] ERR:404 body={"strategy":"-android uiautomator","selector":"new UiSelector().textMatches(\"(?is).*\\QTiếng Anh\...
12:00:23.238227 POST /session/41dc848e-257f-485e-8132-ef47e5a4e374/element [14.222961ms] ERR:404 body={"strategy":"-android uiautomator","selector":"new UiSelector().descriptionMatches(\"(?is).*\\QTiế...
12:00:23.252972 POST /session/41dc848e-257f-485e-8132-ef47e5a4e374/element [14.669921ms] ERR:404 body={"strategy":"-android uiautomator","selector":"new UiSelector().textContains(\"Tiếng Anh\")"}
12:00:23.267717 POST /session/41dc848e-257f-485e-8132-ef47e5a4e374/element [14.682582ms] ERR:404 body={"strategy":"-android uiautomator","selector":"new UiSelector().descriptionContains(\"Tiếng Anh\")...
12:00:23.281939 POST /session/41dc848e-257f-485e-8132-ef47e5a4e374/element [13.736658ms] ERR:404 body={"strategy":"-android uiautomator","selector":"new UiSelector().textMatches(\"(?is).*\\QTiếng Anh\...
12:00:23.294511 POST /session/41dc848e-257f-485e-8132-ef47e5a4e374/element [12.47107ms] ERR:404 body={"strategy":"-android uiautomator","selector":"new UiSelector().descriptionMatches(\"(?is).*\\QTiế...
12:00:23.308371 POST /session/41dc848e-257f-485e-8132-ef47e5a4e374/element [13.789853ms] ERR:404 body={"strategy":"-android uiautomator","selector":"new UiSelector().textContains(\"Tiếng Anh\")"}
12:00:23.323031 POST /session/41dc848e-257f-485e-8132-ef47e5a4e374/element [14.601234ms] ERR:404 body={"strategy":"-android uiautomator","selector":"new UiSelector().descriptionContains(\"Tiếng Anh\")...
12:00:23.346206 POST /session/41dc848e-257f-485e-8132-ef47e5a4e374/element [23.0973ms] ERR:404 body={"strategy":"-android uiautomator","selector":"new UiSelector().textMatches(\"(?is).*\\QTiếng Anh\...
12:00:23.361146 POST /session/41dc848e-257f-485e-8132-ef47e5a4e374/element [14.871429ms] ERR:404 body={"strategy":"-android uiautomator","selector":"new UiSelector().descriptionMatches(\"(?is).*\\QTiế...
12:00:23.375485 POST /session/41dc848e-257f-485e-8132-ef47e5a4e374/element [14.262276ms] ERR:404 body={"strategy":"-android uiautomator","selector":"new UiSelector().textContains(\"Tiếng Anh\")"}
12:00:23.386977 POST /session/41dc848e-257f-485e-8132-ef47e5a4e374/element [11.429833ms] ERR:404 body={"strategy":"-android uiautomator","selector":"new UiSelector().descriptionContains(\"Tiếng Anh\")...
12:00:23.398941 POST /session/41dc848e-257f-485e-8132-ef47e5a4e374/element [11.903083ms] ERR:404 body={"strategy":"-android uiautomator","selector":"new UiSelector().textMatches(\"(?is).*\\QTiếng Anh\...
12:00:23.413386 POST /session/41dc848e-257f-485e-8132-ef47e5a4e374/element [14.388554ms] ERR:404 body={"strategy":"-android uiautomator","selector":"new UiSelector().descriptionMatches(\"(?is).*\\QTiế...
12:00:23.429238 POST /session/41dc848e-257f-485e-8132-ef47e5a4e374/element [15.808617ms] ERR:404 body={"strategy":"-android uiautomator","selector":"new UiSelector().textContains(\"Tiếng Anh\")"}
12:00:23.444850 POST /session/41dc848e-257f-485e-8132-ef47e5a4e374/element [15.550084ms] ERR:404 body={"strategy":"-android uiautomator","selector":"new UiSelector().descriptionContains(\"Tiếng Anh\")...
12:00:23.463412 POST /session/41dc848e-257f-485e-8132-ef47e5a4e374/element [18.487405ms] ERR:404 body={"strategy":"-android uiautomator","selector":"new UiSelector().textMatches(\"(?is).*\\QTiếng Anh\...
12:00:23.479943 POST /session/41dc848e-257f-485e-8132-ef47e5a4e374/element [16.469786ms] ERR:404 body={"strategy":"-android uiautomator","selector":"new UiSelector().descriptionMatches(\"(?is).*\\QTiế...
12:00:23.499783 POST /session/41dc848e-257f-485e-8132-ef47e5a4e374/element [19.79089ms] ERR:404 body={"strategy":"-android uiautomator","selector":"new UiSelector().textContains(\"Tiếng Anh\")"}
12:00:23.522961 POST /session/41dc848e-257f-485e-8132-ef47e5a4e374/element [23.09574ms] ERR:404 body={"strategy":"-android uiautomator","selector":"new UiSelector().descriptionContains(\"Tiếng Anh\")...
12:00:23.538136 POST /session/41dc848e-257f-485e-8132-ef47e5a4e374/element [15.095736ms] ERR:404 body={"strategy":"-android uiautomator","selector":"new UiSelector().textMatches(\"(?is).*\\QTiếng Anh\...
12:00:23.551887 POST /session/41dc848e-257f-485e-8132-ef47e5a4e374/element [13.606052ms] ERR:404 body={"strategy":"-android uiautomator","selector":"new UiSelector().descriptionMatches(\"(?is).*\\QTiế...
12:00:23.571083 POST /session/41dc848e-257f-485e-8132-ef47e5a4e374/element [19.138022ms] ERR:404 body={"strategy":"-android uiautomator","selector":"new UiSelector().textContains(\"Tiếng Anh\")"}
12:00:23.587140 POST /session/41dc848e-257f-485e-8132-ef47e5a4e374/element [15.997021ms] ERR:404 body={"strategy":"-android uiautomator","selector":"new UiSelector().descriptionContains(\"Tiếng Anh\")...
12:00:23.607446 POST /session/41dc848e-257f-485e-8132-ef47e5a4e374/element [20.231879ms] ERR:404 body={"strategy":"-android uiautomator","selector":"new UiSelector().textMatches(\"(?is).*\\QTiếng Anh\...
12:00:23.621807 POST /session/41dc848e-257f-485e-8132-ef47e5a4e374/element [14.301761ms] ERR:404 body={"strategy":"-android uiautomator","selector":"new UiSelector().descriptionMatches(\"(?is).*\\QTiế...
12:00:23.637742 POST /session/41dc848e-257f-485e-8132-ef47e5a4e374/element [15.856871ms] ERR:404 body={"strategy":"-android uiautomator","selector":"new UiSelector().textContains(\"Tiếng Anh\")"}
12:00:23.650669 POST /session/41dc848e-257f-485e-8132-ef47e5a4e374/element [12.877547ms] ERR:404 body={"strategy":"-android uiautomator","selector":"new UiSelector().descriptionContains(\"Tiếng Anh\")...
12:00:23.665420 POST /session/41dc848e-257f-485e-8132-ef47e5a4e374/element [14.671055ms] ERR:404 body={"strategy":"-android uiautomator","selector":"new UiSelector().textMatches(\"(?is).*\\QTiếng Anh\...
12:00:23.679699 POST /session/41dc848e-257f-485e-8132-ef47e5a4e374/element [14.1964ms] ERR:404 body={"strategy":"-android uiautomator","selector":"new UiSelector().descriptionMatches(\"(?is).*\\QTiế...
12:00:23.694084 POST /session/41dc848e-257f-485e-8132-ef47e5a4e374/element [14.325904ms] ERR:404 body={"strategy":"-android uiautomator","selector":"new UiSelector().textContains(\"Tiếng Anh\")"}
12:00:23.709021 POST /session/41dc848e-257f-485e-8132-ef47e5a4e374/element [14.866312ms] ERR:404 body={"strategy":"-android uiautomator","selector":"new UiSelector().descriptionContains(\"Tiếng Anh\")...
12:00:23.722340 POST /session/41dc848e-257f-485e-8132-ef47e5a4e374/element [13.228372ms] ERR:404 body={"strategy":"-android uiautomator","selector":"new UiSelector().textMatches(\"(?is).*\\QTiếng Anh\...
12:00:23.735574 POST /session/41dc848e-257f-485e-8132-ef47e5a4e374/element [13.169888ms] ERR:404 body={"strategy":"-android uiautomator","selector":"new UiSelector().descriptionMatches(\"(?is).*\\QTiế...
12:00:23.749838 POST /session/41dc848e-257f-485e-8132-ef47e5a4e374/element [14.19253ms] ERR:404 body={"strategy":"-android uiautomator","selector":"new UiSelector().textContains(\"Tiếng Anh\")"}
12:00:23.762822 POST /session/41dc848e-257f-485e-8132-ef47e5a4e374/element [12.919821ms] ERR:404 body={"strategy":"-android uiautomator","selector":"new UiSelector().descriptionContains(\"Tiếng Anh\")...
12:00:23.776697 POST /session/41dc848e-257f-485e-8132-ef47e5a4e374/element [13.78692ms] ERR:404 body={"strategy":"-android uiautomator","selector":"new UiSelector().textMatches(\"(?is).*\\QTiếng Anh\...
12:00:23.789470 POST /session/41dc848e-257f-485e-8132-ef47e5a4e374/element [12.703847ms] ERR:404 body={"strategy":"-android uiautomator","selector":"new UiSelector().descriptionMatches(\"(?is).*\\QTiế...
12:00:23.803549 POST /session/41dc848e-257f-485e-8132-ef47e5a4e374/element [14.018466ms] ERR:404 body={"strategy":"-android uiautomator","selector":"new UiSelector().textContains(\"Tiếng Anh\")"}
12:00:23.815891 POST /session/41dc848e-257f-485e-8132-ef47e5a4e374/element [12.276068ms] ERR:404 body={"strategy":"-android uiautomator","selector":"new UiSelector().descriptionContains(\"Tiếng Anh\")...
12:00:23.830458 POST /session/41dc848e-257f-485e-8132-ef47e5a4e374/element [14.506087ms] ERR:404 body={"strategy":"-android uiautomator","selector":"new UiSelector().textMatches(\"(?is).*\\QTiếng Anh\...
12:00:23.844819 POST /session/41dc848e-257f-485e-8132-ef47e5a4e374/element [14.312912ms] ERR:404 body={"strategy":"-android uiautomator","selector":"new UiSelector().descriptionMatches(\"(?is).*\\QTiế...
12:00:23.861156 POST /session/41dc848e-257f-485e-8132-ef47e5a4e374/element [16.271337ms] ERR:404 body={"strategy":"-android uiautomator","selector":"new UiSelector().textContains(\"Tiếng Anh\")"}
12:00:23.875602 POST /session/41dc848e-257f-485e-8132-ef47e5a4e374/element [14.368689ms] ERR:404 body={"strategy":"-android uiautomator","selector":"new UiSelector().descriptionContains(\"Tiếng Anh\")...
12:00:23.890332 POST /session/41dc848e-257f-485e-8132-ef47e5a4e374/element [14.64412ms] ERR:404 body={"strategy":"-android uiautomator","selector":"new UiSelector().textMatches(\"(?is).*\\QTiếng Anh\...
12:00:23.906234 POST /session/41dc848e-257f-485e-8132-ef47e5a4e374/element [15.843198ms] ERR:404 body={"strategy":"-android uiautomator","selector":"new UiSelector().descriptionMatches(\"(?is).*\\QTiế...
12:00:23.923958 POST /session/41dc848e-257f-485e-8132-ef47e5a4e374/element [17.653326ms] ERR:404 body={"strategy":"-android uiautomator","selector":"new UiSelector().textContains(\"Tiếng Anh\")"}
12:00:23.938707 POST /session/41dc848e-257f-485e-8132-ef47e5a4e374/element [14.682528ms] ERR:404 body={"strategy":"-android uiautomator","selector":"new UiSelector().descriptionContains(\"Tiếng Anh\")...
12:00:23.952594 POST /session/41dc848e-257f-485e-8132-ef47e5a4e374/element [13.833156ms] ERR:404 body={"strategy":"-android uiautomator","selector":"new UiSelector().textMatches(\"(?is).*\\QTiếng Anh\...
12:00:23.969793 POST /session/41dc848e-257f-485e-8132-ef47e5a4e374/element [17.123676ms] ERR:404 body={"strategy":"-android uiautomator","selector":"new UiSelector().descriptionMatches(\"(?is).*\\QTiế...
12:00:23.985263 POST /session/41dc848e-257f-485e-8132-ef47e5a4e374/element [15.416638ms] ERR:404 body={"strategy":"-android uiautomator","selector":"new UiSelector().textContains(\"Tiếng Anh\")"}
12:00:23.998758 POST /session/41dc848e-257f-485e-8132-ef47e5a4e374/element [13.435516ms] ERR:404 body={"strategy":"-android uiautomator","selector":"new UiSelector().descriptionContains(\"Tiếng Anh\")...
12:00:24.012514 POST /session/41dc848e-257f-485e-8132-ef47e5a4e374/element [13.694309ms] ERR:404 body={"strategy":"-android uiautomator","selector":"new UiSelector().textMatches(\"(?is).*\\QTiếng Anh\...
12:00:24.025437 POST /session/41dc848e-257f-485e-8132-ef47e5a4e374/element [12.843517ms] ERR:404 body={"strategy":"-android uiautomator","selector":"new UiSelector().descriptionMatches(\"(?is).*\\QTiế...
12:00:24.037019 POST /session/41dc848e-257f-485e-8132-ef47e5a4e374/element [11.522912ms] ERR:404 body={"strategy":"-android uiautomator","selector":"new UiSelector().textContains(\"Tiếng Anh\")"}
12:00:24.051053 POST /session/41dc848e-257f-485e-8132-ef47e5a4e374/element [13.961832ms] ERR:404 body={"strategy":"-android uiautomator","selector":"new UiSelector().descriptionContains(\"Tiếng Anh\")...
12:00:24.065793 POST /session/41dc848e-257f-485e-8132-ef47e5a4e374/element [14.691003ms] ERR:404 body={"strategy":"-android uiautomator","selector":"new UiSelector().textMatches(\"(?is).*\\QTiếng Anh\...
12:00:24.079068 POST /session/41dc848e-257f-485e-8132-ef47e5a4e374/element [13.214316ms] ERR:404 body={"strategy":"-android uiautomator","selector":"new UiSelector().descriptionMatches(\"(?is).*\\QTiế...
12:00:24.095029 POST /session/41dc848e-257f-485e-8132-ef47e5a4e374/element [15.887864ms] ERR:404 body={"strategy":"-android uiautomator","selector":"new UiSelector().textContains(\"Tiếng Anh\")"}
12:00:24.109901 POST /session/41dc848e-257f-485e-8132-ef47e5a4e374/element [14.82006ms] ERR:404 body={"strategy":"-android uiautomator","selector":"new UiSelector().descriptionContains(\"Tiếng Anh\")...
12:00:24.124176 POST /session/41dc848e-257f-485e-8132-ef47e5a4e374/element [14.204115ms] ERR:404 body={"strategy":"-android uiautomator","selector":"new UiSelector().textMatches(\"(?is).*\\QTiếng Anh\...
12:00:24.143855 POST /session/41dc848e-257f-485e-8132-ef47e5a4e374/element [19.617176ms] ERR:404 body={"strategy":"-android uiautomator","selector":"new UiSelector().descriptionMatches(\"(?is).*\\QTiế...
12:00:24.159100 POST /session/41dc848e-257f-485e-8132-ef47e5a4e374/element [15.190288ms] ERR:404 body={"strategy":"-android uiautomator","selector":"new UiSelector().textContains(\"Tiếng Anh\")"}
12:00:24.176471 POST /session/41dc848e-257f-485e-8132-ef47e5a4e374/element [17.293247ms] ERR:404 body={"strategy":"-android uiautomator","selector":"new UiSelector().descriptionContains(\"Tiếng Anh\")...
12:00:24.195040 POST /session/41dc848e-257f-485e-8132-ef47e5a4e374/element [18.500563ms] ERR:404 body={"strategy":"-android uiautomator","selector":"new UiSelector().textMatches(\"(?is).*\\QTiếng Anh\...
12:00:24.211833 POST /session/41dc848e-257f-485e-8132-ef47e5a4e374/element [16.711259ms] ERR:404 body={"strategy":"-android uiautomator","selector":"new UiSelector().descriptionMatches(\"(?is).*\\QTiế...
12:00:24.225545 POST /session/41dc848e-257f-485e-8132-ef47e5a4e374/element [13.651656ms] ERR:404 body={"strategy":"-android uiautomator","selector":"new UiSelector().textContains(\"Tiếng Anh\")"}
12:00:24.239262 POST /session/41dc848e-257f-485e-8132-ef47e5a4e374/element [13.659661ms] ERR:404 body={"strategy":"-android uiautomator","selector":"new UiSelector().descriptionContains(\"Tiếng Anh\")...
12:00:24.253810 POST /session/41dc848e-257f-485e-8132-ef47e5a4e374/element [14.487264ms] ERR:404 body={"strategy":"-android uiautomator","selector":"new UiSelector().textMatches(\"(?is).*\\QTiếng Anh\...
12:00:24.267574 POST /session/41dc848e-257f-485e-8132-ef47e5a4e374/element [13.702851ms] ERR:404 body={"strategy":"-android uiautomator","selector":"new UiSelector().descriptionMatches(\"(?is).*\\QTiế...
12:00:24.283234 POST /session/41dc848e-257f-485e-8132-ef47e5a4e374/element [15.588416ms] ERR:404 body={"strategy":"-android uiautomator","selector":"new UiSelector().textContains(\"Tiếng Anh\")"}
12:00:24.295474 POST /session/41dc848e-257f-485e-8132-ef47e5a4e374/element [12.158673ms] ERR:404 body={"strategy":"-android uiautomator","selector":"new UiSelector().descriptionContains(\"Tiếng Anh\")...
12:00:24.309787 POST /session/41dc848e-257f-485e-8132-ef47e5a4e374/element [14.24203ms] ERR:404 body={"strategy":"-android uiautomator","selector":"new UiSelector().textMatches(\"(?is).*\\QTiếng Anh\...
12:00:24.324096 POST /session/41dc848e-257f-485e-8132-ef47e5a4e374/element [14.248574ms] ERR:404 body={"strategy":"-android uiautomator","selector":"new UiSelector().descriptionMatches(\"(?is).*\\QTiế...
12:00:24.337466 POST /session/41dc848e-257f-485e-8132-ef47e5a4e374/element [13.279719ms] ERR:404 body={"strategy":"-android uiautomator","selector":"new UiSelector().textContains(\"Tiếng Anh\")"}
12:00:24.349416 POST /session/41dc848e-257f-485e-8132-ef47e5a4e374/element [11.893854ms] ERR:404 body={"strategy":"-android uiautomator","selector":"new UiSelector().descriptionContains(\"Tiếng Anh\")...
12:00:24.364668 POST /session/41dc848e-257f-485e-8132-ef47e5a4e374/element [15.172518ms] ERR:404 body={"strategy":"-android uiautomator","selector":"new UiSelector().textMatches(\"(?is).*\\QTiếng Anh\...
12:00:24.380001 POST /session/41dc848e-257f-485e-8132-ef47e5a4e374/element [15.246224ms] ERR:404 body={"strategy":"-android uiautomator","selector":"new UiSelector().descriptionMatches(\"(?is).*\\QTiế...
12:00:24.395008 POST /session/41dc848e-257f-485e-8132-ef47e5a4e374/element [14.935244ms] ERR:404 body={"strategy":"-android uiautomator","selector":"new UiSelector().textContains(\"Tiếng Anh\")"}
12:00:24.409206 POST /session/41dc848e-257f-485e-8132-ef47e5a4e374/element [14.127979ms] ERR:404 body={"strategy":"-android uiautomator","selector":"new UiSelector().descriptionContains(\"Tiếng Anh\")...
12:00:24.426876 POST /session/41dc848e-257f-485e-8132-ef47e5a4e374/element [17.602767ms] ERR:404 body={"strategy":"-android uiautomator","selector":"new UiSelector().textMatches(\"(?is).*\\QTiếng Anh\...
12:00:24.441715 POST /session/41dc848e-257f-485e-8132-ef47e5a4e374/element [14.770789ms] ERR:404 body={"strategy":"-android uiautomator","selector":"new UiSelector().descriptionMatches(\"(?is).*\\QTiế...
12:00:24.456531 POST /session/41dc848e-257f-485e-8132-ef47e5a4e374/element [14.725586ms] ERR:404 body={"strategy":"-android uiautomator","selector":"new UiSelector().textContains(\"Tiếng Anh\")"}
12:00:24.472356 POST /session/41dc848e-257f-485e-8132-ef47e5a4e374/element [15.720935ms] ERR:404 body={"strategy":"-android uiautomator","selector":"new UiSelector().descriptionContains(\"Tiếng Anh\")...
12:00:24.490534 POST /session/41dc848e-257f-485e-8132-ef47e5a4e374/element [18.06142ms] ERR:404 body={"strategy":"-android uiautomator","selector":"new UiSelector().textMatches(\"(?is).*\\QTiếng Anh\...
12:00:24.507505 POST /session/41dc848e-257f-485e-8132-ef47e5a4e374/element [16.87863ms] ERR:404 body={"strategy":"-android uiautomator","selector":"new UiSelector().descriptionMatches(\"(?is).*\\QTiế...
12:00:24.521533 POST /session/41dc848e-257f-485e-8132-ef47e5a4e374/element [13.922893ms] ERR:404 body={"strategy":"-android uiautomator","selector":"new UiSelector().textContains(\"Tiếng Anh\")"}
12:00:24.536318 POST /session/41dc848e-257f-485e-8132-ef47e5a4e374/element [14.696502ms] ERR:404 body={"strategy":"-android uiautomator","selector":"new UiSelector().descriptionContains(\"Tiếng Anh\")...
12:00:24.552181 POST /session/41dc848e-257f-485e-8132-ef47e5a4e374/element [15.788252ms] ERR:404 body={"strategy":"-android uiautomator","selector":"new UiSelector().textMatches(\"(?is).*\\QTiếng Anh\...
12:00:24.567572 POST /session/41dc848e-257f-485e-8132-ef47e5a4e374/element [15.317168ms] ERR:404 body={"strategy":"-android uiautomator","selector":"new UiSelector().descriptionMatches(\"(?is).*\\QTiế...
12:00:24.587305 POST /session/41dc848e-257f-485e-8132-ef47e5a4e374/element [19.674827ms] ERR:404 body={"strategy":"-android uiautomator","selector":"new UiSelector().textContains(\"Tiếng Anh\")"}
12:00:24.600956 POST /session/41dc848e-257f-485e-8132-ef47e5a4e374/element [13.591826ms] ERR:404 body={"strategy":"-android uiautomator","selector":"new UiSelector().descriptionContains(\"Tiếng Anh\")...
12:00:24.614294 POST /session/41dc848e-257f-485e-8132-ef47e5a4e374/element [13.259991ms] ERR:404 body={"strategy":"-android uiautomator","selector":"new UiSelector().textMatches(\"(?is).*\\QTiếng Anh\...
12:00:24.626317 POST /session/41dc848e-257f-485e-8132-ef47e5a4e374/element [11.948982ms] ERR:404 body={"strategy":"-android uiautomator","selector":"new UiSelector().descriptionMatches(\"(?is).*\\QTiế...
12:00:24.639638 POST /session/41dc848e-257f-485e-8132-ef47e5a4e374/element [13.23964ms] ERR:404 body={"strategy":"-android uiautomator","selector":"new UiSelector().textContains(\"Tiếng Anh\")"}
12:00:24.656804 POST /session/41dc848e-257f-485e-8132-ef47e5a4e374/element [17.071006ms] ERR:404 body={"strategy":"-android uiautomator","selector":"new UiSelector().descriptionContains(\"Tiếng Anh\")...
12:00:24.669204 POST /session/41dc848e-257f-485e-8132-ef47e5a4e374/element [12.330883ms] ERR:404 body={"strategy":"-android uiautomator","selector":"new UiSelector().textMatches(\"(?is).*\\QTiếng Anh\...
12:00:24.682221 POST /session/41dc848e-257f-485e-8132-ef47e5a4e374/element [12.899545ms] ERR:404 body={"strategy":"-android uiautomator","selector":"new UiSelector().descriptionMatches(\"(?is).*\\QTiế...
12:00:24.694074 POST /session/41dc848e-257f-485e-8132-ef47e5a4e374/element [11.791576ms] ERR:404 body={"strategy":"-android uiautomator","selector":"new UiSelector().textContains(\"Tiếng Anh\")"}
12:00:24.706098 POST /session/41dc848e-257f-485e-8132-ef47e5a4e374/element [11.957564ms] ERR:404 body={"strategy":"-android uiautomator","selector":"new UiSelector().descriptionContains(\"Tiếng Anh\")...
12:00:24.720386 POST /session/41dc848e-257f-485e-8132-ef47e5a4e374/element [14.220269ms] ERR:404 body={"strategy":"-android uiautomator","selector":"new UiSelector().textMatches(\"(?is).*\\QTiếng Anh\...
12:00:24.733083 POST /session/41dc848e-257f-485e-8132-ef47e5a4e374/element [12.625965ms] ERR:404 body={"strategy":"-android uiautomator","selector":"new UiSelector().descriptionMatches(\"(?is).*\\QTiế...
12:00:24.747153 POST /session/41dc848e-257f-485e-8132-ef47e5a4e374/element [13.990525ms] ERR:404 body={"strategy":"-android uiautomator","selector":"new UiSelector().textContains(\"Tiếng Anh\")"}
12:00:24.759530 POST /session/41dc848e-257f-485e-8132-ef47e5a4e374/element [12.294921ms] ERR:404 body={"strategy":"-android uiautomator","selector":"new UiSelector().descriptionContains(\"Tiếng Anh\")...
12:00:24.773592 POST /session/41dc848e-257f-485e-8132-ef47e5a4e374/element [13.971466ms] ERR:404 body={"strategy":"-android uiautomator","selector":"new UiSelector().textMatches(\"(?is).*\\QTiếng Anh\...
12:00:24.788458 POST /session/41dc848e-257f-485e-8132-ef47e5a4e374/element [14.790351ms] ERR:404 body={"strategy":"-android uiautomator","selector":"new UiSelector().descriptionMatches(\"(?is).*\\QTiế...
12:00:24.802562 POST /session/41dc848e-257f-485e-8132-ef47e5a4e374/element [14.028278ms] ERR:404 body={"strategy":"-android uiautomator","selector":"new UiSelector().textContains(\"Tiếng Anh\")"}
12:00:24.815744 POST /session/41dc848e-257f-485e-8132-ef47e5a4e374/element [13.111767ms] ERR:404 body={"strategy":"-android uiautomator","selector":"new UiSelector().descriptionContains(\"Tiếng Anh\")...
12:00:24.830820 POST /session/41dc848e-257f-485e-8132-ef47e5a4e374/element [14.999227ms] ERR:404 body={"strategy":"-android uiautomator","selector":"new UiSelector().textMatches(\"(?is).*\\QTiếng Anh\...
12:00:24.842996 POST /session/41dc848e-257f-485e-8132-ef47e5a4e374/element [12.106899ms] ERR:404 body={"strategy":"-android uiautomator","selector":"new UiSelector().descriptionMatches(\"(?is).*\\QTiế...
12:00:24.856916 POST /session/41dc848e-257f-485e-8132-ef47e5a4e374/element [13.837927ms] ERR:404 body={"strategy":"-android uiautomator","selector":"new UiSelector().textContains(\"Tiếng Anh\")"}
12:00:24.870378 POST /session/41dc848e-257f-485e-8132-ef47e5a4e374/element [13.382465ms] ERR:404 body={"strategy":"-android uiautomator","selector":"new UiSelector().descriptionContains(\"Tiếng Anh\")...
12:00:24.884575 POST /session/41dc848e-257f-485e-8132-ef47e5a4e374/element [14.129559ms] ERR:404 body={"strategy":"-android uiautomator","selector":"new UiSelector().textMatches(\"(?is).*\\QTiếng Anh\...
12:00:24.896879 POST /session/41dc848e-257f-485e-8132-ef47e5a4e374/element [12.213997ms] ERR:404 body={"strategy":"-android uiautomator","selector":"new UiSelector().descriptionMatches(\"(?is).*\\QTiế...
12:00:24.908916 POST /session/41dc848e-257f-485e-8132-ef47e5a4e374/element [11.945658ms] ERR:404 body={"strategy":"-android uiautomator","selector":"new UiSelector().textContains(\"Tiếng Anh\")"}
12:00:24.925323 POST /session/41dc848e-257f-485e-8132-ef47e5a4e374/element [16.337116ms] ERR:404 body={"strategy":"-android uiautomator","selector":"new UiSelector().descriptionContains(\"Tiếng Anh\")...
12:00:24.940752 POST /session/41dc848e-257f-485e-8132-ef47e5a4e374/element [15.363908ms] ERR:404 body={"strategy":"-android uiautomator","selector":"new UiSelector().textMatches(\"(?is).*\\QTiếng Anh\...
12:00:24.954260 POST /session/41dc848e-257f-485e-8132-ef47e5a4e374/element [13.425596ms] ERR:404 body={"strategy":"-android uiautomator","selector":"new UiSelector().descriptionMatches(\"(?is).*\\QTiế...
12:00:24.968832 POST /session/41dc848e-257f-485e-8132-ef47e5a4e374/element [14.505912ms] ERR:404 body={"strategy":"-android uiautomator","selector":"new UiSelector().textContains(\"Tiếng Anh\")"}
12:00:24.983884 POST /session/41dc848e-257f-485e-8132-ef47e5a4e374/element [14.967921ms] ERR:404 body={"strategy":"-android uiautomator","selector":"new UiSelector().descriptionContains(\"Tiếng Anh\")...
12:00:25.002393 POST /session/41dc848e-257f-485e-8132-ef47e5a4e374/element [18.443419ms] ERR:404 body={"strategy":"-android uiautomator","selector":"new UiSelector().textMatches(\"(?is).*\\QTiếng Anh\...
12:00:25.016800 POST /session/41dc848e-257f-485e-8132-ef47e5a4e374/element [14.342505ms] ERR:404 body={"strategy":"-android uiautomator","selector":"new UiSelector().descriptionMatches(\"(?is).*\\QTiế...
12:00:25.029810 POST /session/41dc848e-257f-485e-8132-ef47e5a4e374/element [12.953489ms] ERR:404 body={"strategy":"-android uiautomator","selector":"new UiSelector().textContains(\"Tiếng Anh\")"}
12:00:25.042036 POST /session/41dc848e-257f-485e-8132-ef47e5a4e374/element [12.144028ms] ERR:404 body={"strategy":"-android uiautomator","selector":"new UiSelector().descriptionContains(\"Tiếng Anh\")...
12:00:25.056989 POST /session/41dc848e-257f-485e-8132-ef47e5a4e374/element [14.859793ms] ERR:404 body={"strategy":"-android uiautomator","selector":"new UiSelector().textMatches(\"(?is).*\\QTiếng Anh\...
12:00:25.072573 POST /session/41dc848e-257f-485e-8132-ef47e5a4e374/element [15.503472ms] ERR:404 body={"strategy":"-android uiautomator","selector":"new UiSelector().descriptionMatches(\"(?is).*\\QTiế...
12:00:25.084879 POST /session/41dc848e-257f-485e-8132-ef47e5a4e374/element [12.23858ms] ERR:404 body={"strategy":"-android uiautomator","selector":"new UiSelector().textContains(\"Tiếng Anh\")"}
12:00:25.097103 POST /session/41dc848e-257f-485e-8132-ef47e5a4e374/element [12.145056ms] ERR:404 body={"strategy":"-android uiautomator","selector":"new UiSelector().descriptionContains(\"Tiếng Anh\")...
12:00:25.109516 POST /session/41dc848e-257f-485e-8132-ef47e5a4e374/element [12.324236ms] ERR:404 body={"strategy":"-android uiautomator","selector":"new UiSelector().textMatches(\"(?is).*\\QTiếng Anh\...
12:00:25.121347 POST /session/41dc848e-257f-485e-8132-ef47e5a4e374/element [11.773142ms] ERR:404 body={"strategy":"-android uiautomator","selector":"new UiSelector().descriptionMatches(\"(?is).*\\QTiế...
12:00:25.133367 POST /session/41dc848e-257f-485e-8132-ef47e5a4e374/element [11.958435ms] ERR:404 body={"strategy":"-android uiautomator","selector":"new UiSelector().textContains(\"Tiếng Anh\")"}
12:00:25.148312 POST /session/41dc848e-257f-485e-8132-ef47e5a4e374/element [14.879629ms] ERR:404 body={"strategy":"-android uiautomator","selector":"new UiSelector().descriptionContains(\"Tiếng Anh\")...
12:00:25.161005 POST /session/41dc848e-257f-485e-8132-ef47e5a4e374/element [12.6239ms] ERR:404 body={"strategy":"-android uiautomator","selector":"new UiSelector().textMatches(\"(?is).*\\QTiếng Anh\...
12:00:25.172875 POST /session/41dc848e-257f-485e-8132-ef47e5a4e374/element [11.811354ms] ERR:404 body={"strategy":"-android uiautomator","selector":"new UiSelector().descriptionMatches(\"(?is).*\\QTiế...
12:00:25.184564 POST /session/41dc848e-257f-485e-8132-ef47e5a4e374/element [11.620609ms] ERR:404 body={"strategy":"-android uiautomator","selector":"new UiSelector().textContains(\"Tiếng Anh\")"}
12:00:25.197303 POST /session/41dc848e-257f-485e-8132-ef47e5a4e374/element [12.659614ms] ERR:404 body={"strategy":"-android uiautomator","selector":"new UiSelector().descriptionContains(\"Tiếng Anh\")...
12:00:25.210523 POST /session/41dc848e-257f-485e-8132-ef47e5a4e374/element [13.1497ms] ERR:404 body={"strategy":"-android uiautomator","selector":"new UiSelector().textMatches(\"(?is).*\\QTiếng Anh\...
12:00:25.224062 POST /session/41dc848e-257f-485e-8132-ef47e5a4e374/element [13.480682ms] ERR:404 body={"strategy":"-android uiautomator","selector":"new UiSelector().descriptionMatches(\"(?is).*\\QTiế...
12:00:25.236279 POST /session/41dc848e-257f-485e-8132-ef47e5a4e374/element [12.158481ms] ERR:404 body={"strategy":"-android uiautomator","selector":"new UiSelector().textContains(\"Tiếng Anh\")"}
12:00:25.253233 POST /session/41dc848e-257f-485e-8132-ef47e5a4e374/element [16.875406ms] ERR:404 body={"strategy":"-android uiautomator","selector":"new UiSelector().descriptionContains(\"Tiếng Anh\")...
12:00:25.267686 POST /session/41dc848e-257f-485e-8132-ef47e5a4e374/element [14.395654ms] ERR:404 body={"strategy":"-android uiautomator","selector":"new UiSelector().textMatches(\"(?is).*\\QTiếng Anh\...
12:00:25.283966 POST /session/41dc848e-257f-485e-8132-ef47e5a4e374/element [16.230939ms] ERR:404 body={"strategy":"-android uiautomator","selector":"new UiSelector().descriptionMatches(\"(?is).*\\QTiế...
12:00:25.307310 POST /session/41dc848e-257f-485e-8132-ef47e5a4e374/element [23.285941ms] ERR:404 body={"strategy":"-android uiautomator","selector":"new UiSelector().textContains(\"Tiếng Anh\")"}
12:00:25.325204 POST /session/41dc848e-257f-485e-8132-ef47e5a4e374/element [17.811332ms] ERR:404 body={"strategy":"-android uiautomator","selector":"new UiSelector().descriptionContains(\"Tiếng Anh\")...
12:00:25.338964 POST /session/41dc848e-257f-485e-8132-ef47e5a4e374/element [13.664298ms] ERR:404 body={"strategy":"-android uiautomator","selector":"new UiSelector().textMatches(\"(?is).*\\QTiếng Anh\...
12:00:25.353450 POST /session/41dc848e-257f-485e-8132-ef47e5a4e374/element [14.405388ms] ERR:404 body={"strategy":"-android uiautomator","selector":"new UiSelector().descriptionMatches(\"(?is).*\\QTiế...
12:00:25.368172 POST /session/41dc848e-257f-485e-8132-ef47e5a4e374/element [14.655331ms] ERR:404 body={"strategy":"-android uiautomator","selector":"new UiSelector().textContains(\"Tiếng Anh\")"}
12:00:25.382653 POST /session/41dc848e-257f-485e-8132-ef47e5a4e374/element [14.394092ms] ERR:404 body={"strategy":"-android uiautomator","selector":"new UiSelector().descriptionContains(\"Tiếng Anh\")...
12:00:25.396967 POST /session/41dc848e-257f-485e-8132-ef47e5a4e374/element [14.221124ms] ERR:404 body={"strategy":"-android uiautomator","selector":"new UiSelector().textMatches(\"(?is).*\\QTiếng Anh\...
12:00:25.412363 POST /session/41dc848e-257f-485e-8132-ef47e5a4e374/element [15.326895ms] ERR:404 body={"strategy":"-android uiautomator","selector":"new UiSelector().descriptionMatches(\"(?is).*\\QTiế...
12:00:25.426323 POST /session/41dc848e-257f-485e-8132-ef47e5a4e374/element [13.884049ms] ERR:404 body={"strategy":"-android uiautomator","selector":"new UiSelector().textContains(\"Tiếng Anh\")"}
12:00:25.440636 POST /session/41dc848e-257f-485e-8132-ef47e5a4e374/element [14.230428ms] ERR:404 body={"strategy":"-android uiautomator","selector":"new UiSelector().descriptionContains(\"Tiếng Anh\")...
12:00:25.453791 POST /session/41dc848e-257f-485e-8132-ef47e5a4e374/element [13.069905ms] ERR:404 body={"strategy":"-android uiautomator","selector":"new UiSelector().textMatches(\"(?is).*\\QTiếng Anh\...
12:00:25.466551 POST /session/41dc848e-257f-485e-8132-ef47e5a4e374/element [12.689915ms] ERR:404 body={"strategy":"-android uiautomator","selector":"new UiSelector().descriptionMatches(\"(?is).*\\QTiế...
12:00:25.479030 POST /session/41dc848e-257f-485e-8132-ef47e5a4e374/element [12.406896ms] ERR:404 body={"strategy":"-android uiautomator","selector":"new UiSelector().textContains(\"Tiếng Anh\")"}
12:00:25.491507 POST /session/41dc848e-257f-485e-8132-ef47e5a4e374/element [12.417484ms] ERR:404 body={"strategy":"-android uiautomator","selector":"new UiSelector().descriptionContains(\"Tiếng Anh\")...
12:00:25.505859 POST /session/41dc848e-257f-485e-8132-ef47e5a4e374/element [14.271928ms] ERR:404 body={"strategy":"-android uiautomator","selector":"new UiSelector().textMatches(\"(?is).*\\QTiếng Anh\...
12:00:25.517331 POST /session/41dc848e-257f-485e-8132-ef47e5a4e374/element [11.409446ms] ERR:404 body={"strategy":"-android uiautomator","selector":"new UiSelector().descriptionMatches(\"(?is).*\\QTiế...
12:00:25.535184 POST /session/41dc848e-257f-485e-8132-ef47e5a4e374/element [17.791781ms] ERR:404 body={"strategy":"-android uiautomator","selector":"new UiSelector().textContains(\"Tiếng Anh\")"}
12:00:25.547527 POST /session/41dc848e-257f-485e-8132-ef47e5a4e374/element [12.271454ms] ERR:404 body={"strategy":"-android uiautomator","selector":"new UiSelector().descriptionContains(\"Tiếng Anh\")...
12:00:25.567080 POST /session/41dc848e-257f-485e-8132-ef47e5a4e374/element [19.483806ms] ERR:404 body={"strategy":"-android uiautomator","selector":"new UiSelector().textMatches(\"(?is).*\\QTiếng Anh\...
12:00:25.582255 POST /session/41dc848e-257f-485e-8132-ef47e5a4e374/element [15.079919ms] ERR:404 body={"strategy":"-android uiautomator","selector":"new UiSelector().descriptionMatches(\"(?is).*\\QTiế...
12:00:25.595406 POST /session/41dc848e-257f-485e-8132-ef47e5a4e374/element [13.07609ms] ERR:404 body={"strategy":"-android uiautomator","selector":"new UiSelector().textContains(\"Tiếng Anh\")"}
12:00:25.608109 POST /session/41dc848e-257f-485e-8132-ef47e5a4e374/element [12.629956ms] ERR:404 body={"strategy":"-android uiautomator","selector":"new UiSelector().descriptionContains(\"Tiếng Anh\")...
12:00:25.621176 POST /session/41dc848e-257f-485e-8132-ef47e5a4e374/element [12.252812ms] ERR:404 body={"strategy":"-android uiautomator","selector":"new UiSelector().textMatches(\"(?is).*\\QTiếng Anh\...
12:00:25.634947 POST /session/41dc848e-257f-485e-8132-ef47e5a4e374/element [13.61676ms] ERR:404 body={"strategy":"-android uiautomator","selector":"new UiSelector().descriptionMatches(\"(?is).*\\QTiế...
12:00:25.649516 POST /session/41dc848e-257f-485e-8132-ef47e5a4e374/element [14.491555ms] ERR:404 body={"strategy":"-android uiautomator","selector":"new UiSelector().textContains(\"Tiếng Anh\")"}
12:00:25.662556 POST /session/41dc848e-257f-485e-8132-ef47e5a4e374/element [12.972128ms] ERR:404 body={"strategy":"-android uiautomator","selector":"new UiSelector().descriptionContains(\"Tiếng Anh\")...
12:00:25.675542 POST /session/41dc848e-257f-485e-8132-ef47e5a4e374/element [12.906371ms] ERR:404 body={"strategy":"-android uiautomator","selector":"new UiSelector().textMatches(\"(?is).*\\QTiếng Anh\...
12:00:25.687160 POST /session/41dc848e-257f-485e-8132-ef47e5a4e374/element [11.561712ms] ERR:404 body={"strategy":"-android uiautomator","selector":"new UiSelector().descriptionMatches(\"(?is).*\\QTiế...
12:00:25.699035 POST /session/41dc848e-257f-485e-8132-ef47e5a4e374/element [11.811702ms] ERR:404 body={"strategy":"-android uiautomator","selector":"new UiSelector().textContains(\"Tiếng Anh\")"}
12:00:25.713528 POST /session/41dc848e-257f-485e-8132-ef47e5a4e374/element [14.435254ms] ERR:404 body={"strategy":"-android uiautomator","selector":"new UiSelector().descriptionContains(\"Tiếng Anh\")...
12:00:25.731031 POST /session/41dc848e-257f-485e-8132-ef47e5a4e374/element [17.439949ms] ERR:404 body={"strategy":"-android uiautomator","selector":"new UiSelector().textMatches(\"(?is).*\\QTiếng Anh\...
12:00:25.745591 POST /session/41dc848e-257f-485e-8132-ef47e5a4e374/element [14.488276ms] ERR:404 body={"strategy":"-android uiautomator","selector":"new UiSelector().descriptionMatches(\"(?is).*\\QTiế...
12:00:25.766170 POST /session/41dc848e-257f-485e-8132-ef47e5a4e374/element [20.501155ms] ERR:404 body={"strategy":"-android uiautomator","selector":"new UiSelector().textContains(\"Tiếng Anh\")"}
12:00:25.779474 POST /session/41dc848e-257f-485e-8132-ef47e5a4e374/element [13.250958ms] ERR:404 body={"strategy":"-android uiautomator","selector":"new UiSelector().descriptionContains(\"Tiếng Anh\")...
12:00:25.791978 POST /session/41dc848e-257f-485e-8132-ef47e5a4e374/element [12.453243ms] ERR:404 body={"strategy":"-android uiautomator","selector":"new UiSelector().textMatches(\"(?is).*\\QTiếng Anh\...
12:00:25.805569 POST /session/41dc848e-257f-485e-8132-ef47e5a4e374/element [13.536101ms] ERR:404 body={"strategy":"-android uiautomator","selector":"new UiSelector().descriptionMatches(\"(?is).*\\QTiế...
12:00:25.817585 POST /session/41dc848e-257f-485e-8132-ef47e5a4e374/element [11.951497ms] ERR:404 body={"strategy":"-android uiautomator","selector":"new UiSelector().textContains(\"Tiếng Anh\")"}
12:00:25.831769 POST /session/41dc848e-257f-485e-8132-ef47e5a4e374/element [14.123097ms] ERR:404 body={"strategy":"-android uiautomator","selector":"new UiSelector().descriptionContains(\"Tiếng Anh\")...
12:00:25.844911 POST /session/41dc848e-257f-485e-8132-ef47e5a4e374/element [13.084898ms] ERR:404 body={"strategy":"-android uiautomator","selector":"new UiSelector().textMatches(\"(?is).*\\QTiếng Anh\...
12:00:25.858090 POST /session/41dc848e-257f-485e-8132-ef47e5a4e374/element [13.114676ms] ERR:404 body={"strategy":"-android uiautomator","selector":"new UiSelector().descriptionMatches(\"(?is).*\\QTiế...
12:00:25.872772 POST /session/41dc848e-257f-485e-8132-ef47e5a4e374/element [14.619966ms] ERR:404 body={"strategy":"-android uiautomator","selector":"new UiSelector().textContains(\"Tiếng Anh\")"}
12:00:25.888344 POST /session/41dc848e-257f-485e-8132-ef47e5a4e374/element [15.479955ms] ERR:404 body={"strategy":"-android uiautomator","selector":"new UiSelector().descriptionContains(\"Tiếng Anh\")...
12:00:25.902414 POST /session/41dc848e-257f-485e-8132-ef47e5a4e374/element [14.004662ms] ERR:404 body={"strategy":"-android uiautomator","selector":"new UiSelector().textMatches(\"(?is).*\\QTiếng Anh\...
12:00:25.917691 POST /session/41dc848e-257f-485e-8132-ef47e5a4e374/element [15.200475ms] ERR:404 body={"strategy":"-android uiautomator","selector":"new UiSelector().descriptionMatches(\"(?is).*\\QTiế...
12:00:25.931894 POST /session/41dc848e-257f-485e-8132-ef47e5a4e374/element [14.136657ms] ERR:404 body={"strategy":"-android uiautomator","selector":"new UiSelector().textContains(\"Tiếng Anh\")"}
12:00:25.946686 POST /session/41dc848e-257f-485e-8132-ef47e5a4e374/element [14.727782ms] ERR:404 body={"strategy":"-android uiautomator","selector":"new UiSelector().descriptionContains(\"Tiếng Anh\")...
12:00:25.960030 POST /session/41dc848e-257f-485e-8132-ef47e5a4e374/element [13.282616ms] ERR:404 body={"strategy":"-android uiautomator","selector":"new UiSelector().textMatches(\"(?is).*\\QTiếng Anh\...
12:00:25.972050 POST /session/41dc848e-257f-485e-8132-ef47e5a4e374/element [11.948737ms] ERR:404 body={"strategy":"-android uiautomator","selector":"new UiSelector().descriptionMatches(\"(?is).*\\QTiế...
12:00:25.991246 POST /session/41dc848e-257f-485e-8132-ef47e5a4e374/element [19.135035ms] ERR:404 body={"strategy":"-android uiautomator","selector":"new UiSelector().textContains(\"Tiếng Anh\")"}
12:00:26.003598 POST /session/41dc848e-257f-485e-8132-ef47e5a4e374/element [12.283255ms] ERR:404 body={"strategy":"-android uiautomator","selector":"new UiSelector().descriptionContains(\"Tiếng Anh\")...
12:00:26.016009 POST /session/41dc848e-257f-485e-8132-ef47e5a4e374/element [12.346264ms] ERR:404 body={"strategy":"-android uiautomator","selector":"new UiSelector().textMatches(\"(?is).*\\QTiếng Anh\...
12:00:26.026331 POST /session/41dc848e-257f-485e-8132-ef47e5a4e374/element [10.255764ms] ERR:404 body={"strategy":"-android uiautomator","selector":"new UiSelector().descriptionMatches(\"(?is).*\\QTiế...
12:00:26.036356 POST /session/41dc848e-257f-485e-8132-ef47e5a4e374/element [9.960286ms] ERR:404 body={"strategy":"-android uiautomator","selector":"new UiSelector().textContains(\"Tiếng Anh\")"}
12:00:26.048458 POST /session/41dc848e-257f-485e-8132-ef47e5a4e374/element [12.052401ms] ERR:404 body={"strategy":"-android uiautomator","selector":"new UiSelector().descriptionContains(\"Tiếng Anh\")...
12:00:26.062307 POST /session/41dc848e-257f-485e-8132-ef47e5a4e374/element [13.778155ms] ERR:404 body={"strategy":"-android uiautomator","selector":"new UiSelector().textMatches(\"(?is).*\\QTiếng Anh\...
12:00:26.075762 POST /session/41dc848e-257f-485e-8132-ef47e5a4e374/element [13.386062ms] ERR:404 body={"strategy":"-android uiautomator","selector":"new UiSelector().descriptionMatches(\"(?is).*\\QTiế...
12:00:26.090037 POST /session/41dc848e-257f-485e-8132-ef47e5a4e374/element [14.20073ms] ERR:404 body={"strategy":"-android uiautomator","selector":"new UiSelector().textContains(\"Tiếng Anh\")"}
12:00:26.102943 POST /session/41dc848e-257f-485e-8132-ef47e5a4e374/element [12.826599ms] ERR:404 body={"strategy":"-android uiautomator","selector":"new UiSelector().descriptionContains(\"Tiếng Anh\")...
12:00:26.116648 POST /session/41dc848e-257f-485e-8132-ef47e5a4e374/element [13.647649ms] ERR:404 body={"strategy":"-android uiautomator","selector":"new UiSelector().textMatches(\"(?is).*\\QTiếng Anh\...
12:00:26.127618 POST /session/41dc848e-257f-485e-8132-ef47e5a4e374/element [10.89711ms] ERR:404 body={"strategy":"-android uiautomator","selector":"new UiSelector().descriptionMatches(\"(?is).*\\QTiế...
12:00:26.140769 POST /session/41dc848e-257f-485e-8132-ef47e5a4e374/element [13.090489ms] ERR:404 body={"strategy":"-android uiautomator","selector":"new UiSelector().textContains(\"Tiếng Anh\")"}
12:00:26.155604 POST /session/41dc848e-257f-485e-8132-ef47e5a4e374/element [14.757781ms] ERR:404 body={"strategy":"-android uiautomator","selector":"new UiSelector().descriptionContains(\"Tiếng Anh\")...
12:00:26.169593 POST /session/41dc848e-257f-485e-8132-ef47e5a4e374/element [13.915898ms] ERR:404 body={"strategy":"-android uiautomator","selector":"new UiSelector().textMatches(\"(?is).*\\QTiếng Anh\...
12:00:26.180630 POST /session/41dc848e-257f-485e-8132-ef47e5a4e374/element [10.954677ms] ERR:404 body={"strategy":"-android uiautomator","selector":"new UiSelector().descriptionMatches(\"(?is).*\\QTiế...
12:00:26.192170 POST /session/41dc848e-257f-485e-8132-ef47e5a4e374/element [11.459424ms] ERR:404 body={"strategy":"-android uiautomator","selector":"new UiSelector().textContains(\"Tiếng Anh\")"}
12:00:26.203593 POST /session/41dc848e-257f-485e-8132-ef47e5a4e374/element [11.360397ms] ERR:404 body={"strategy":"-android uiautomator","selector":"new UiSelector().descriptionContains(\"Tiếng Anh\")...
12:00:26.215650 POST /session/41dc848e-257f-485e-8132-ef47e5a4e374/element [12.002214ms] ERR:404 body={"strategy":"-android uiautomator","selector":"new UiSelector().textMatches(\"(?is).*\\QTiếng Anh\...
12:00:26.230713 POST /session/41dc848e-257f-485e-8132-ef47e5a4e374/element [14.999386ms] ERR:404 body={"strategy":"-android uiautomator","selector":"new UiSelector().descriptionMatches(\"(?is).*\\QTiế...
12:00:26.242509 POST /session/41dc848e-257f-485e-8132-ef47e5a4e374/element [11.735947ms] ERR:404 body={"strategy":"-android uiautomator","selector":"new UiSelector().textContains(\"Tiếng Anh\")"}
12:00:26.254656 POST /session/41dc848e-257f-485e-8132-ef47e5a4e374/element [12.096045ms] ERR:404 body={"strategy":"-android uiautomator","selector":"new UiSelector().descriptionContains(\"Tiếng Anh\")...
12:00:26.268089 POST /session/41dc848e-257f-485e-8132-ef47e5a4e374/element [13.351751ms] ERR:404 body={"strategy":"-android uiautomator","selector":"new UiSelector().textMatches(\"(?is).*\\QTiếng Anh\...
12:00:26.280823 POST /session/41dc848e-257f-485e-8132-ef47e5a4e374/element [12.662883ms] ERR:404 body={"strategy":"-android uiautomator","selector":"new UiSelector().descriptionMatches(\"(?is).*\\QTiế...
12:00:26.297702 POST /session/41dc848e-257f-485e-8132-ef47e5a4e374/element [16.822016ms] ERR:404 body={"strategy":"-android uiautomator","selector":"new UiSelector().textContains(\"Tiếng Anh\")"}
12:00:26.311995 POST /session/41dc848e-257f-485e-8132-ef47e5a4e374/element [14.219533ms] ERR:404 body={"strategy":"-android uiautomator","selector":"new UiSelector().descriptionContains(\"Tiếng Anh\")...
12:00:26.325216 POST /session/41dc848e-257f-485e-8132-ef47e5a4e374/element [13.162189ms] ERR:404 body={"strategy":"-android uiautomator","selector":"new UiSelector().textMatches(\"(?is).*\\QTiếng Anh\...
12:00:26.337952 POST /session/41dc848e-257f-485e-8132-ef47e5a4e374/element [12.665522ms] ERR:404 body={"strategy":"-android uiautomator","selector":"new UiSelector().descriptionMatches(\"(?is).*\\QTiế...
12:00:26.352501 POST /session/41dc848e-257f-485e-8132-ef47e5a4e374/element [14.489061ms] ERR:404 body={"strategy":"-android uiautomator","selector":"new UiSelector().textContains(\"Tiếng Anh\")"}
12:00:26.368146 POST /session/41dc848e-257f-485e-8132-ef47e5a4e374/element [15.586433ms] ERR:404 body={"strategy":"-android uiautomator","selector":"new UiSelector().descriptionContains(\"Tiếng Anh\")...
12:00:26.381527 POST /session/41dc848e-257f-485e-8132-ef47e5a4e374/element [13.310704ms] ERR:404 body={"strategy":"-android uiautomator","selector":"new UiSelector().textMatches(\"(?is).*\\QTiếng Anh\...
12:00:26.393310 POST /session/41dc848e-257f-485e-8132-ef47e5a4e374/element [11.720107ms] ERR:404 body={"strategy":"-android uiautomator","selector":"new UiSelector().descriptionMatches(\"(?is).*\\QTiế...
12:00:26.405540 POST /session/41dc848e-257f-485e-8132-ef47e5a4e374/element [12.15705ms] ERR:404 body={"strategy":"-android uiautomator","selector":"new UiSelector().textContains(\"Tiếng Anh\")"}
12:00:26.422640 POST /session/41dc848e-257f-485e-8132-ef47e5a4e374/element [17.035472ms] ERR:404 body={"strategy":"-android uiautomator","selector":"new UiSelector().descriptionContains(\"Tiếng Anh\")...
12:00:26.436020 POST /session/41dc848e-257f-485e-8132-ef47e5a4e374/element [13.307317ms] ERR:404 body={"strategy":"-android uiautomator","selector":"new UiSelector().textMatches(\"(?is).*\\QTiếng Anh\...
12:00:26.451152 POST /session/41dc848e-257f-485e-8132-ef47e5a4e374/element [15.071074ms] ERR:404 body={"strategy":"-android uiautomator","selector":"new UiSelector().descriptionMatches(\"(?is).*\\QTiế...
12:00:26.465386 POST /session/41dc848e-257f-485e-8132-ef47e5a4e374/element [14.177558ms] ERR:404 body={"strategy":"-android uiautomator","selector":"new UiSelector().textContains(\"Tiếng Anh\")"}
12:00:26.480815 POST /session/41dc848e-257f-485e-8132-ef47e5a4e374/element [15.36503ms] ERR:404 body={"strategy":"-android uiautomator","selector":"new UiSelector().descriptionContains(\"Tiếng Anh\")...
12:00:26.496004 POST /session/41dc848e-257f-485e-8132-ef47e5a4e374/element [15.140218ms] ERR:404 body={"strategy":"-android uiautomator","selector":"new UiSelector().textMatches(\"(?is).*\\QTiếng Anh\...
12:00:26.512014 POST /session/41dc848e-257f-485e-8132-ef47e5a4e374/element [15.959106ms] ERR:404 body={"strategy":"-android uiautomator","selector":"new UiSelector().descriptionMatches(\"(?is).*\\QTiế...
12:00:26.526044 POST /session/41dc848e-257f-485e-8132-ef47e5a4e374/element [13.964752ms] ERR:404 body={"strategy":"-android uiautomator","selector":"new UiSelector().textContains(\"Tiếng Anh\")"}
12:00:26.542798 POST /session/41dc848e-257f-485e-8132-ef47e5a4e374/element [16.537573ms] ERR:404 body={"strategy":"-android uiautomator","selector":"new UiSelector().descriptionContains(\"Tiếng Anh\")...
12:00:26.558741 POST /session/41dc848e-257f-485e-8132-ef47e5a4e374/element [15.878151ms] ERR:404 body={"strategy":"-android uiautomator","selector":"new UiSelector().textMatches(\"(?is).*\\QTiếng Anh\...
12:00:26.573476 POST /session/41dc848e-257f-485e-8132-ef47e5a4e374/element [14.652233ms] ERR:404 body={"strategy":"-android uiautomator","selector":"new UiSelector().descriptionMatches(\"(?is).*\\QTiế...
12:00:26.590501 POST /session/41dc848e-257f-485e-8132-ef47e5a4e374/element [16.934153ms] ERR:404 body={"strategy":"-android uiautomator","selector":"new UiSelector().textContains(\"Tiếng Anh\")"}
12:00:26.603986 POST /session/41dc848e-257f-485e-8132-ef47e5a4e374/element [13.404121ms] ERR:404 body={"strategy":"-android uiautomator","selector":"new UiSelector().descriptionContains(\"Tiếng Anh\")...
12:00:26.618749 POST /session/41dc848e-257f-485e-8132-ef47e5a4e374/element [14.687088ms] ERR:404 body={"strategy":"-android uiautomator","selector":"new UiSelector().textMatches(\"(?is).*\\QTiếng Anh\...
12:00:26.633067 POST /session/41dc848e-257f-485e-8132-ef47e5a4e374/element [14.243548ms] ERR:404 body={"strategy":"-android uiautomator","selector":"new UiSelector().descriptionMatches(\"(?is).*\\QTiế...
12:00:26.647250 POST /session/41dc848e-257f-485e-8132-ef47e5a4e374/element [14.1136ms] ERR:404 body={"strategy":"-android uiautomator","selector":"new UiSelector().textContains(\"Tiếng Anh\")"}
12:00:26.668052 POST /session/41dc848e-257f-485e-8132-ef47e5a4e374/element [20.735698ms] ERR:404 body={"strategy":"-android uiautomator","selector":"new UiSelector().descriptionContains(\"Tiếng Anh\")...
12:00:26.682328 POST /session/41dc848e-257f-485e-8132-ef47e5a4e374/element [14.194518ms] ERR:404 body={"strategy":"-android uiautomator","selector":"new UiSelector().textMatches(\"(?is).*\\QTiếng Anh\...
12:00:26.698534 POST /session/41dc848e-257f-485e-8132-ef47e5a4e374/element [16.14901ms] ERR:404 body={"strategy":"-android uiautomator","selector":"new UiSelector().descriptionMatches(\"(?is).*\\QTiế...
12:00:26.713858 POST /session/41dc848e-257f-485e-8132-ef47e5a4e374/element [15.254917ms] ERR:404 body={"strategy":"-android uiautomator","selector":"new UiSelector().textContains(\"Tiếng Anh\")"}
12:00:26.732038 POST /session/41dc848e-257f-485e-8132-ef47e5a4e374/element [18.12382ms] ERR:404 body={"strategy":"-android uiautomator","selector":"new UiSelector().descriptionContains(\"Tiếng Anh\")...
12:00:26.749012 POST /session/41dc848e-257f-485e-8132-ef47e5a4e374/element [16.904403ms] ERR:404 body={"strategy":"-android uiautomator","selector":"new UiSelector().textMatches(\"(?is).*\\QTiếng Anh\...
12:00:26.764732 POST /session/41dc848e-257f-485e-8132-ef47e5a4e374/element [15.673861ms] ERR:404 body={"strategy":"-android uiautomator","selector":"new UiSelector().descriptionMatches(\"(?is).*\\QTiế...
12:00:26.779796 POST /session/41dc848e-257f-485e-8132-ef47e5a4e374/element [15.01212ms] ERR:404 body={"strategy":"-android uiautomator","selector":"new UiSelector().textContains(\"Tiếng Anh\")"}
12:00:26.795732 POST /session/41dc848e-257f-485e-8132-ef47e5a4e374/element [15.868999ms] ERR:404 body={"strategy":"-android uiautomator","selector":"new UiSelector().descriptionContains(\"Tiếng Anh\")...
12:00:26.815848 POST /session/41dc848e-257f-485e-8132-ef47e5a4e374/element [20.044322ms] ERR:404 body={"strategy":"-android uiautomator","selector":"new UiSelector().textMatches(\"(?is).*\\QTiếng Anh\...
12:00:26.831534 POST /session/41dc848e-257f-485e-8132-ef47e5a4e374/element [15.620886ms] ERR:404 body={"strategy":"-android uiautomator","selector":"new UiSelector().descriptionMatches(\"(?is).*\\QTiế...
12:00:26.846234 POST /session/41dc848e-257f-485e-8132-ef47e5a4e374/element [14.618321ms] ERR:404 body={"strategy":"-android uiautomator","selector":"new UiSelector().textContains(\"Tiếng Anh\")"}
12:00:26.862245 POST /session/41dc848e-257f-485e-8132-ef47e5a4e374/element [15.939965ms] ERR:404 body={"strategy":"-android uiautomator","selector":"new UiSelector().descriptionContains(\"Tiếng Anh\")...
12:00:26.879582 POST /session/41dc848e-257f-485e-8132-ef47e5a4e374/element [17.255488ms] ERR:404 body={"strategy":"-android uiautomator","selector":"new UiSelector().textMatches(\"(?is).*\\QTiếng Anh\...
12:00:26.898448 POST /session/41dc848e-257f-485e-8132-ef47e5a4e374/element [18.788606ms] ERR:404 body={"strategy":"-android uiautomator","selector":"new UiSelector().descriptionMatches(\"(?is).*\\QTiế...
12:00:26.920016 POST /session/41dc848e-257f-485e-8132-ef47e5a4e374/element [21.491636ms] ERR:404 body={"strategy":"-android uiautomator","selector":"new UiSelector().textContains(\"Tiếng Anh\")"}
12:00:26.936753 POST /session/41dc848e-257f-485e-8132-ef47e5a4e374/element [16.64222ms] ERR:404 body={"strategy":"-android uiautomator","selector":"new UiSelector().descriptionContains(\"Tiếng Anh\")...
12:00:26.951593 POST /session/41dc848e-257f-485e-8132-ef47e5a4e374/element [14.78058ms] ERR:404 body={"strategy":"-android uiautomator","selector":"new UiSelector().textMatches(\"(?is).*\\QTiếng Anh\...
12:00:26.965389 POST /session/41dc848e-257f-485e-8132-ef47e5a4e374/element [13.717343ms] ERR:404 body={"strategy":"-android uiautomator","selector":"new UiSelector().descriptionMatches(\"(?is).*\\QTiế...
12:00:26.979234 POST /session/41dc848e-257f-485e-8132-ef47e5a4e374/element [13.761226ms] ERR:404 body={"strategy":"-android uiautomator","selector":"new UiSelector().textContains(\"Tiếng Anh\")"}
12:00:26.992703 POST /session/41dc848e-257f-485e-8132-ef47e5a4e374/element [13.403705ms] ERR:404 body={"strategy":"-android uiautomator","selector":"new UiSelector().descriptionContains(\"Tiếng Anh\")...
12:00:27.006127 POST /session/41dc848e-257f-485e-8132-ef47e5a4e374/element [13.36955ms] ERR:404 body={"strategy":"-android uiautomator","selector":"new UiSelector().textMatches(\"(?is).*\\QTiếng Anh\...
12:00:27.020731 POST /session/41dc848e-257f-485e-8132-ef47e5a4e374/element [14.489653ms] ERR:404 body={"strategy":"-android uiautomator","selector":"new UiSelector().descriptionMatches(\"(?is).*\\QTiế...
12:00:27.034660 POST /session/41dc848e-257f-485e-8132-ef47e5a4e374/element [13.83362ms] ERR:404 body={"strategy":"-android uiautomator","selector":"new UiSelector().textContains(\"Tiếng Anh\")"}
12:00:27.049180 POST /session/41dc848e-257f-485e-8132-ef47e5a4e374/element [14.431259ms] ERR:404 body={"strategy":"-android uiautomator","selector":"new UiSelector().descriptionContains(\"Tiếng Anh\")...
12:00:27.064328 POST /session/41dc848e-257f-485e-8132-ef47e5a4e374/element [15.063562ms] ERR:404 body={"strategy":"-android uiautomator","selector":"new UiSelector().textMatches(\"(?is).*\\QTiếng Anh\...
12:00:27.078074 POST /session/41dc848e-257f-485e-8132-ef47e5a4e374/element [13.686448ms] ERR:404 body={"strategy":"-android uiautomator","selector":"new UiSelector().descriptionMatches(\"(?is).*\\QTiế...
12:00:27.093305 POST /session/41dc848e-257f-485e-8132-ef47e5a4e374/element [15.135575ms] ERR:404 body={"strategy":"-android uiautomator","selector":"new UiSelector().textContains(\"Tiếng Anh\")"}
12:00:27.107167 POST /session/41dc848e-257f-485e-8132-ef47e5a4e374/element [13.790856ms] ERR:404 body={"strategy":"-android uiautomator","selector":"new UiSelector().descriptionContains(\"Tiếng Anh\")...
12:00:27.121332 POST /session/41dc848e-257f-485e-8132-ef47e5a4e374/element [14.100357ms] ERR:404 body={"strategy":"-android uiautomator","selector":"new UiSelector().textMatches(\"(?is).*\\QTiếng Anh\...
12:00:27.136797 POST /session/41dc848e-257f-485e-8132-ef47e5a4e374/element [15.384623ms] ERR:404 body={"strategy":"-android uiautomator","selector":"new UiSelector().descriptionMatches(\"(?is).*\\QTiế...
12:00:27.151917 POST /session/41dc848e-257f-485e-8132-ef47e5a4e374/element [15.073152ms] ERR:404 body={"strategy":"-android uiautomator","selector":"new UiSelector().textContains(\"Tiếng Anh\")"}
12:00:27.169360 POST /session/41dc848e-257f-485e-8132-ef47e5a4e374/element [17.387675ms] ERR:404 body={"strategy":"-android uiautomator","selector":"new UiSelector().descriptionContains(\"Tiếng Anh\")...
12:00:27.183041 POST /session/41dc848e-257f-485e-8132-ef47e5a4e374/element [13.600394ms] ERR:404 body={"strategy":"-android uiautomator","selector":"new UiSelector().textMatches(\"(?is).*\\QTiếng Anh\...
12:00:27.195751 POST /session/41dc848e-257f-485e-8132-ef47e5a4e374/element [12.650368ms] ERR:404 body={"strategy":"-android uiautomator","selector":"new UiSelector().descriptionMatches(\"(?is).*\\QTiế...
12:00:27.207804 POST /session/41dc848e-257f-485e-8132-ef47e5a4e374/element [11.985654ms] ERR:404 body={"strategy":"-android uiautomator","selector":"new UiSelector().textContains(\"Tiếng Anh\")"}
12:00:27.220784 POST /session/41dc848e-257f-485e-8132-ef47e5a4e374/element [12.925455ms] ERR:404 body={"strategy":"-android uiautomator","selector":"new UiSelector().descriptionContains(\"Tiếng Anh\")...
12:00:27.234851 POST /session/41dc848e-257f-485e-8132-ef47e5a4e374/element [13.998721ms] ERR:404 body={"strategy":"-android uiautomator","selector":"new UiSelector().textMatches(\"(?is).*\\QTiếng Anh\...
12:00:27.247738 POST /session/41dc848e-257f-485e-8132-ef47e5a4e374/element [12.825384ms] ERR:404 body={"strategy":"-android uiautomator","selector":"new UiSelector().descriptionMatches(\"(?is).*\\QTiế...
12:00:27.260366 POST /session/41dc848e-257f-485e-8132-ef47e5a4e374/element [12.558455ms] ERR:404 body={"strategy":"-android uiautomator","selector":"new UiSelector().textContains(\"Tiếng Anh\")"}
12:00:27.272707 POST /session/41dc848e-257f-485e-8132-ef47e5a4e374/element [12.280301ms] ERR:404 body={"strategy":"-android uiautomator","selector":"new UiSelector().descriptionContains(\"Tiếng Anh\")...
12:00:27.285684 POST /session/41dc848e-257f-485e-8132-ef47e5a4e374/element [12.899178ms] ERR:404 body={"strategy":"-android uiautomator","selector":"new UiSelector().textMatches(\"(?is).*\\QTiếng Anh\...
12:00:27.297705 POST /session/41dc848e-257f-485e-8132-ef47e5a4e374/element [11.946269ms] ERR:404 body={"strategy":"-android uiautomator","selector":"new UiSelector().descriptionMatches(\"(?is).*\\QTiế...
12:00:27.310891 POST /session/41dc848e-257f-485e-8132-ef47e5a4e374/element [13.125141ms] ERR:404 body={"strategy":"-android uiautomator","selector":"new UiSelector().textContains(\"Tiếng Anh\")"}
12:00:27.323158 POST /session/41dc848e-257f-485e-8132-ef47e5a4e374/element [12.214926ms] ERR:404 body={"strategy":"-android uiautomator","selector":"new UiSelector().descriptionContains(\"Tiếng Anh\")...
12:00:27.335607 POST /session/41dc848e-257f-485e-8132-ef47e5a4e374/element [12.392047ms] ERR:404 body={"strategy":"-android uiautomator","selector":"new UiSelector().textMatches(\"(?is).*\\QTiếng Anh\...
12:00:27.348004 POST /session/41dc848e-257f-485e-8132-ef47e5a4e374/element [12.346336ms] ERR:404 body={"strategy":"-android uiautomator","selector":"new UiSelector().descriptionMatches(\"(?is).*\\QTiế...
12:00:27.361883 POST /session/41dc848e-257f-485e-8132-ef47e5a4e374/element [13.833394ms] ERR:404 body={"strategy":"-android uiautomator","selector":"new UiSelector().textContains(\"Tiếng Anh\")"}
12:00:27.380614 POST /session/41dc848e-257f-485e-8132-ef47e5a4e374/element [18.673773ms] ERR:404 body={"strategy":"-android uiautomator","selector":"new UiSelector().descriptionContains(\"Tiếng Anh\")...
12:00:27.394113 POST /session/41dc848e-257f-485e-8132-ef47e5a4e374/element [13.423974ms] ERR:404 body={"strategy":"-android uiautomator","selector":"new UiSelector().textMatches(\"(?is).*\\QTiếng Anh\...
12:00:27.406266 POST /session/41dc848e-257f-485e-8132-ef47e5a4e374/element [12.094119ms] ERR:404 body={"strategy":"-android uiautomator","selector":"new UiSelector().descriptionMatches(\"(?is).*\\QTiế...
12:00:27.418463 POST /session/41dc848e-257f-485e-8132-ef47e5a4e374/element [12.134618ms] ERR:404 body={"strategy":"-android uiautomator","selector":"new UiSelector().textContains(\"Tiếng Anh\")"}
12:00:27.430688 POST /session/41dc848e-257f-485e-8132-ef47e5a4e374/element [12.163509ms] ERR:404 body={"strategy":"-android uiautomator","selector":"new UiSelector().descriptionContains(\"Tiếng Anh\")...
12:00:27.442790 POST /session/41dc848e-257f-485e-8132-ef47e5a4e374/element [12.041215ms] ERR:404 body={"strategy":"-android uiautomator","selector":"new UiSelector().textMatches(\"(?is).*\\QTiếng Anh\...
12:00:27.455692 POST /session/41dc848e-257f-485e-8132-ef47e5a4e374/element [12.831805ms] ERR:404 body={"strategy":"-android uiautomator","selector":"new UiSelector().descriptionMatches(\"(?is).*\\QTiế...
12:00:27.468182 POST /session/41dc848e-257f-485e-8132-ef47e5a4e374/element [12.425747ms] ERR:404 body={"strategy":"-android uiautomator","selector":"new UiSelector().textContains(\"Tiếng Anh\")"}
12:00:27.479478 POST /session/41dc848e-257f-485e-8132-ef47e5a4e374/element [11.24039ms] ERR:404 body={"strategy":"-android uiautomator","selector":"new UiSelector().descriptionContains(\"Tiếng Anh\")...
12:00:27.491315 POST /session/41dc848e-257f-485e-8132-ef47e5a4e374/element [11.782604ms] ERR:404 body={"strategy":"-android uiautomator","selector":"new UiSelector().textMatches(\"(?is).*\\QTiếng Anh\...
12:00:27.505480 POST /session/41dc848e-257f-485e-8132-ef47e5a4e374/element [14.106166ms] ERR:404 body={"strategy":"-android uiautomator","selector":"new UiSelector().descriptionMatches(\"(?is).*\\QTiế...
12:00:27.515703 POST /session/41dc848e-257f-485e-8132-ef47e5a4e374/element [10.167559ms] ERR:404 body={"strategy":"-android uiautomator","selector":"new UiSelector().textContains(\"Tiếng Anh\")"}
12:00:27.526952 POST /session/41dc848e-257f-485e-8132-ef47e5a4e374/element [11.193121ms] ERR:404 body={"strategy":"-android uiautomator","selector":"new UiSelector().descriptionContains(\"Tiếng Anh\")...
12:00:27.538431 POST /session/41dc848e-257f-485e-8132-ef47e5a4e374/element [11.419041ms] ERR:404 body={"strategy":"-android uiautomator","selector":"new UiSelector().textMatches(\"(?is).*\\QTiếng Anh\...
12:00:27.551199 POST /session/41dc848e-257f-485e-8132-ef47e5a4e374/element [12.712287ms] ERR:404 body={"strategy":"-android uiautomator","selector":"new UiSelector().descriptionMatches(\"(?is).*\\QTiế...
12:00:27.564315 POST /session/41dc848e-257f-485e-8132-ef47e5a4e374/element [13.044135ms] ERR:404 body={"strategy":"-android uiautomator","selector":"new UiSelector().textContains(\"Tiếng Anh\")"}
12:00:27.580691 POST /session/41dc848e-257f-485e-8132-ef47e5a4e374/element [16.301694ms] ERR:404 body={"strategy":"-android uiautomator","selector":"new UiSelector().descriptionContains(\"Tiếng Anh\")...
12:00:27.595209 POST /session/41dc848e-257f-485e-8132-ef47e5a4e374/element [14.450372ms] ERR:404 body={"strategy":"-android uiautomator","selector":"new UiSelector().textMatches(\"(?is).*\\QTiếng Anh\...
12:00:27.608718 POST /session/41dc848e-257f-485e-8132-ef47e5a4e374/element [13.452634ms] ERR:404 body={"strategy":"-android uiautomator","selector":"new UiSelector().descriptionMatches(\"(?is).*\\QTiế...
12:00:27.625061 POST /session/41dc848e-257f-485e-8132-ef47e5a4e374/element [16.257002ms] ERR:404 body={"strategy":"-android uiautomator","selector":"new UiSelector().textContains(\"Tiếng Anh\")"}
12:00:27.640717 POST /session/41dc848e-257f-485e-8132-ef47e5a4e374/element [15.595808ms] ERR:404 body={"strategy":"-android uiautomator","selector":"new UiSelector().descriptionContains(\"Tiếng Anh\")...
12:00:27.656662 POST /session/41dc848e-257f-485e-8132-ef47e5a4e374/element [15.893558ms] ERR:404 body={"strategy":"-android uiautomator","selector":"new UiSelector().textMatches(\"(?is).*\\QTiếng Anh\...
12:00:27.671305 POST /session/41dc848e-257f-485e-8132-ef47e5a4e374/element [14.590496ms] ERR:404 body={"strategy":"-android uiautomator","selector":"new UiSelector().descriptionMatches(\"(?is).*\\QTiế...
12:00:27.686247 POST /session/41dc848e-257f-485e-8132-ef47e5a4e374/element [14.895808ms] ERR:404 body={"strategy":"-android uiautomator","selector":"new UiSelector().textContains(\"Tiếng Anh\")"}
12:00:27.703830 POST /session/41dc848e-257f-485e-8132-ef47e5a4e374/element [17.412142ms] ERR:404 body={"strategy":"-android uiautomator","selector":"new UiSelector().descriptionContains(\"Tiếng Anh\")...
12:00:27.719202 POST /session/41dc848e-257f-485e-8132-ef47e5a4e374/element [15.28647ms] ERR:404 body={"strategy":"-android uiautomator","selector":"new UiSelector().textMatches(\"(?is).*\\QTiếng Anh\...
12:00:27.733976 POST /session/41dc848e-257f-485e-8132-ef47e5a4e374/element [14.709316ms] ERR:404 body={"strategy":"-android uiautomator","selector":"new UiSelector().descriptionMatches(\"(?is).*\\QTiế...
12:00:27.751016 POST /session/41dc848e-257f-485e-8132-ef47e5a4e374/element [16.977689ms] ERR:404 body={"strategy":"-android uiautomator","selector":"new UiSelector().textContains(\"Tiếng Anh\")"}
12:00:27.765727 POST /session/41dc848e-257f-485e-8132-ef47e5a4e374/element [14.666431ms] ERR:404 body={"strategy":"-android uiautomator","selector":"new UiSelector().descriptionContains(\"Tiếng Anh\")...
12:00:27.781036 POST /session/41dc848e-257f-485e-8132-ef47e5a4e374/element [15.268316ms] ERR:404 body={"strategy":"-android uiautomator","selector":"new UiSelector().textMatches(\"(?is).*\\QTiếng Anh\...
12:00:27.798600 POST /session/41dc848e-257f-485e-8132-ef47e5a4e374/element [17.516768ms] ERR:404 body={"strategy":"-android uiautomator","selector":"new UiSelector().descriptionMatches(\"(?is).*\\QTiế...
12:00:27.814250 POST /session/41dc848e-257f-485e-8132-ef47e5a4e374/element [15.58962ms] ERR:404 body={"strategy":"-android uiautomator","selector":"new UiSelector().textContains(\"Tiếng Anh\")"}
12:00:27.830064 POST /session/41dc848e-257f-485e-8132-ef47e5a4e374/element [15.738024ms] ERR:404 body={"strategy":"-android uiautomator","selector":"new UiSelector().descriptionContains(\"Tiếng Anh\")...
12:00:27.845763 POST /session/41dc848e-257f-485e-8132-ef47e5a4e374/element [15.636812ms] ERR:404 body={"strategy":"-android uiautomator","selector":"new UiSelector().textMatches(\"(?is).*\\QTiếng Anh\...
12:00:27.861404 POST /session/41dc848e-257f-485e-8132-ef47e5a4e374/element [15.58408ms] ERR:404 body={"strategy":"-android uiautomator","selector":"new UiSelector().descriptionMatches(\"(?is).*\\QTiế...
12:00:27.927808 GET /session/41dc848e-257f-485e-8132-ef47e5a4e374/source [66.282612ms] OK body=
12:00:27.936856 POST /session/41dc848e-257f-485e-8132-ef47e5a4e374/element [6.894535ms] OK body={"strategy":"-android uiautomator","selector":"new UiSelector().resourceIdMatches(\".*active-speakin...
12:00:27.945937 GET /session/41dc848e-257f-485e-8132-ef47e5a4e374/element/00000000-0000-0010-ffff-ffff0000020c/text [9.039832ms] OK body=
12:00:27.952696 GET /session/41dc848e-257f-485e-8132-ef47e5a4e374/element/00000000-0000-0010-ffff-ffff0000020c/rect [6.738675ms] OK body=
12:00:27.979845 POST /session/41dc848e-257f-485e-8132-ef47e5a4e374/element/00000000-0000-0010-ffff-ffff0000020c/click [27.118756ms] OK body=
12:00:28.045884 POST /session/41dc848e-257f-485e-8132-ef47e5a4e374/element [64.756125ms] OK body={"strategy":"-android uiautomator","selector":"new UiSelector().resourceIdMatches(\".*cooking-next-b...
12:00:28.484132 GET /session/41dc848e-257f-485e-8132-ef47e5a4e374/element/00000000-0000-0010-ffff-ffff0000020f/text [438.166137ms] OK body=
12:00:28.493282 GET /session/41dc848e-257f-485e-8132-ef47e5a4e374/element/00000000-0000-0010-ffff-ffff0000020f/rect [9.094222ms] OK body=
12:00:28.525055 POST /session/41dc848e-257f-485e-8132-ef47e5a4e374/element/00000000-0000-0010-ffff-ffff0000020f/click [31.718041ms] OK body=
12:00:28.539034 POST /session/41dc848e-257f-485e-8132-ef47e5a4e374/element [12.953575ms] OK body={"strategy":"-android uiautomator","selector":"new UiSelector().resourceIdMatches(\".*cooking-back-b...
12:00:28.545764 GET /session/41dc848e-257f-485e-8132-ef47e5a4e374/element/00000000-0000-0010-ffff-ffff0000020e/text [6.671571ms] OK body=
12:00:28.552412 GET /session/41dc848e-257f-485e-8132-ef47e5a4e374/element/00000000-0000-0010-ffff-ffff0000020e/rect [6.578216ms] OK body=
12:00:28.576807 POST /session/41dc848e-257f-485e-8132-ef47e5a4e374/element/00000000-0000-0010-ffff-ffff0000020e/click [24.331744ms] OK body=
12:00:32.148439 POST /session/41dc848e-257f-485e-8132-ef47e5a4e374/appium/device/launch_app [2.961711ms] ERR:404 body={"appId":"com.tastopia.app"}
12:00:34.405784 POST /session/41dc848e-257f-485e-8132-ef47e5a4e374/element [811.799274ms] OK body={"strategy":"-android uiautomator","selector":"new UiSelector().resourceIdMatches(\".*MENU.*\")"}
12:00:36.093648 GET /session/41dc848e-257f-485e-8132-ef47e5a4e374/element/00000000-0000-0012-ffff-ffff0000003c/text [1.687765243s] OK body=
12:00:36.485353 GET /session/41dc848e-257f-485e-8132-ef47e5a4e374/element/00000000-0000-0012-ffff-ffff0000003c/rect [391.609416ms] OK body=
12:00:36.504587 POST /session/41dc848e-257f-485e-8132-ef47e5a4e374/element [18.931304ms] ERR:404 body={"strategy":"-android uiautomator","selector":"new UiSelector().resourceIdMatches(\".*MENU.*\").clic...
12:00:36.524611 POST /session/41dc848e-257f-485e-8132-ef47e5a4e374/element [19.938648ms] OK body={"strategy":"-android uiautomator","selector":"new UiSelector().resourceIdMatches(\".*MENU.*\")"}
12:00:36.532523 GET /session/41dc848e-257f-485e-8132-ef47e5a4e374/element/00000000-0000-0012-ffff-ffff0000003c/text [7.853904ms] OK body=
12:00:36.540902 GET /session/41dc848e-257f-485e-8132-ef47e5a4e374/element/00000000-0000-0012-ffff-ffff0000003c/rect [8.332601ms] OK body=
12:00:36.569295 POST /session/41dc848e-257f-485e-8132-ef47e5a4e374/element/00000000-0000-0012-ffff-ffff0000003c/click [28.340687ms] OK body=
12:00:36.571703 POST /session/41dc848e-257f-485e-8132-ef47e5a4e374/appium/device/hide_keyboard [2.317269ms] ERR:404 body=
12:00:36.672219 POST /session/41dc848e-257f-485e-8132-ef47e5a4e374/element [100.215574ms] ERR:404 body={"strategy":"-android uiautomator","selector":"new UiSelector().textContains(\"History\")"}
12:00:36.720866 POST /session/41dc848e-257f-485e-8132-ef47e5a4e374/element [48.537611ms] ERR:404 body={"strategy":"-android uiautomator","selector":"new UiSelector().descriptionContains(\"History\")"}
12:00:36.750362 POST /session/41dc848e-257f-485e-8132-ef47e5a4e374/element [29.401305ms] ERR:404 body={"strategy":"-android uiautomator","selector":"new UiSelector().textMatches(\"(?is).*\\QHistory\\E.*...
12:00:36.769009 POST /session/41dc848e-257f-485e-8132-ef47e5a4e374/element [18.54966ms] ERR:404 body={"strategy":"-android uiautomator","selector":"new UiSelector().descriptionMatches(\"(?is).*\\QHisto...
12:00:36.795620 POST /session/41dc848e-257f-485e-8132-ef47e5a4e374/element [26.505284ms] ERR:404 body={"strategy":"-android uiautomator","selector":"new UiSelector().textContains(\"History\")"}
12:00:36.973183 POST /session/41dc848e-257f-485e-8132-ef47e5a4e374/element [177.404804ms] ERR:404 body={"strategy":"-android uiautomator","selector":"new UiSelector().descriptionContains(\"History\")"}
12:00:37.515615 POST /session/41dc848e-257f-485e-8132-ef47e5a4e374/element [542.320324ms] OK body={"strategy":"-android uiautomator","selector":"new UiSelector().textMatches(\"(?is).*\\QHistory\\E.*...
12:00:37.527741 POST /session/41dc848e-257f-485e-8132-ef47e5a4e374/element [11.826611ms] OK body={"strategy":"-android uiautomator","selector":"new UiSelector().resourceIdMatches(\".*menu-logout-bu...
12:00:37.536756 GET /session/41dc848e-257f-485e-8132-ef47e5a4e374/element/00000000-0000-0012-ffff-ffff000000c6/text [8.942574ms] OK body=
12:00:37.544539 GET /session/41dc848e-257f-485e-8132-ef47e5a4e374/element/00000000-0000-0012-ffff-ffff000000c6/rect [7.71796ms] OK body=
12:00:37.574624 POST /session/41dc848e-257f-485e-8132-ef47e5a4e374/element/00000000-0000-0012-ffff-ffff000000c6/click [30.03223ms] OK body=
12:00:37.589900 POST /session/41dc848e-257f-485e-8132-ef47e5a4e374/element [15.027198ms] ERR:404 body={"strategy":"-android uiautomator","selector":"new UiSelector().textContains(\"Welcome to\")"}
12:00:37.601859 POST /session/41dc848e-257f-485e-8132-ef47e5a4e374/element [11.880339ms] ERR:404 body={"strategy":"-android uiautomator","selector":"new UiSelector().descriptionContains(\"Welcome to\")"...
12:00:37.612967 POST /session/41dc848e-257f-485e-8132-ef47e5a4e374/element [11.037697ms] ERR:404 body={"strategy":"-android uiautomator","selector":"new UiSelector().textMatches(\"(?is).*\\QWelcome to\\...
12:00:37.624955 POST /session/41dc848e-257f-485e-8132-ef47e5a4e374/element [11.91202ms] ERR:404 body={"strategy":"-android uiautomator","selector":"new UiSelector().descriptionMatches(\"(?is).*\\QWelco...
12:00:37.635965 POST /session/41dc848e-257f-485e-8132-ef47e5a4e374/element [10.945019ms] ERR:404 body={"strategy":"-android uiautomator","selector":"new UiSelector().textContains(\"Welcome to\")"}
12:00:37.647729 POST /session/41dc848e-257f-485e-8132-ef47e5a4e374/element [11.697567ms] ERR:404 body={"strategy":"-android uiautomator","selector":"new UiSelector().descriptionContains(\"Welcome to\")"...
12:00:37.659562 POST /session/41dc848e-257f-485e-8132-ef47e5a4e374/element [11.757875ms] ERR:404 body={"strategy":"-android uiautomator","selector":"new UiSelector().textMatches(\"(?is).*\\QWelcome to\\...
12:00:37.671109 POST /session/41dc848e-257f-485e-8132-ef47e5a4e374/element [11.463ms] ERR:404 body={"strategy":"-android uiautomator","selector":"new UiSelector().descriptionMatches(\"(?is).*\\QWelco...
12:00:37.683409 POST /session/41dc848e-257f-485e-8132-ef47e5a4e374/element [12.229853ms] ERR:404 body={"strategy":"-android uiautomator","selector":"new UiSelector().textContains(\"Welcome to\")"}
12:00:37.696341 POST /session/41dc848e-257f-485e-8132-ef47e5a4e374/element [12.871641ms] ERR:404 body={"strategy":"-android uiautomator","selector":"new UiSelector().descriptionContains(\"Welcome to\")"...
12:00:37.708610 POST /session/41dc848e-257f-485e-8132-ef47e5a4e374/element [12.208324ms] ERR:404 body={"strategy":"-android uiautomator","selector":"new UiSelector().textMatches(\"(?is).*\\QWelcome to\\...
12:00:37.721799 POST /session/41dc848e-257f-485e-8132-ef47e5a4e374/element [13.121029ms] ERR:404 body={"strategy":"-android uiautomator","selector":"new UiSelector().descriptionMatches(\"(?is).*\\QWelco...
12:00:37.733579 POST /session/41dc848e-257f-485e-8132-ef47e5a4e374/element [11.706281ms] ERR:404 body={"strategy":"-android uiautomator","selector":"new UiSelector().textContains(\"Welcome to\")"}
12:00:37.746449 POST /session/41dc848e-257f-485e-8132-ef47e5a4e374/element [12.799891ms] ERR:404 body={"strategy":"-android uiautomator","selector":"new UiSelector().descriptionContains(\"Welcome to\")"...
12:00:37.758860 POST /session/41dc848e-257f-485e-8132-ef47e5a4e374/element [12.330972ms] ERR:404 body={"strategy":"-android uiautomator","selector":"new UiSelector().textMatches(\"(?is).*\\QWelcome to\\...
12:00:37.770292 POST /session/41dc848e-257f-485e-8132-ef47e5a4e374/element [11.35523ms] ERR:404 body={"strategy":"-android uiautomator","selector":"new UiSelector().descriptionMatches(\"(?is).*\\QWelco...
12:00:37.781028 POST /session/41dc848e-257f-485e-8132-ef47e5a4e374/element [10.65131ms] ERR:404 body={"strategy":"-android uiautomator","selector":"new UiSelector().textContains(\"Welcome to\")"}
12:00:37.792039 POST /session/41dc848e-257f-485e-8132-ef47e5a4e374/element [10.949597ms] ERR:404 body={"strategy":"-android uiautomator","selector":"new UiSelector().descriptionContains(\"Welcome to\")"...
12:00:37.805272 POST /session/41dc848e-257f-485e-8132-ef47e5a4e374/element [13.164918ms] ERR:404 body={"strategy":"-android uiautomator","selector":"new UiSelector().textMatches(\"(?is).*\\QWelcome to\\...
12:00:37.818338 POST /session/41dc848e-257f-485e-8132-ef47e5a4e374/element [12.996045ms] ERR:404 body={"strategy":"-android uiautomator","selector":"new UiSelector().descriptionMatches(\"(?is).*\\QWelco...
12:00:37.830897 POST /session/41dc848e-257f-485e-8132-ef47e5a4e374/element [12.504696ms] ERR:404 body={"strategy":"-android uiautomator","selector":"new UiSelector().textContains(\"Welcome to\")"}
12:00:37.841916 POST /session/41dc848e-257f-485e-8132-ef47e5a4e374/element [10.940847ms] ERR:404 body={"strategy":"-android uiautomator","selector":"new UiSelector().descriptionContains(\"Welcome to\")"...
12:00:37.853324 POST /session/41dc848e-257f-485e-8132-ef47e5a4e374/element [11.340182ms] ERR:404 body={"strategy":"-android uiautomator","selector":"new UiSelector().textMatches(\"(?is).*\\QWelcome to\\...
12:00:37.864484 POST /session/41dc848e-257f-485e-8132-ef47e5a4e374/element [11.08313ms] ERR:404 body={"strategy":"-android uiautomator","selector":"new UiSelector().descriptionMatches(\"(?is).*\\QWelco...
12:00:37.875590 POST /session/41dc848e-257f-485e-8132-ef47e5a4e374/element [11.030283ms] ERR:404 body={"strategy":"-android uiautomator","selector":"new UiSelector().textContains(\"Welcome to\")"}
12:00:37.886087 POST /session/41dc848e-257f-485e-8132-ef47e5a4e374/element [10.424587ms] ERR:404 body={"strategy":"-android uiautomator","selector":"new UiSelector().descriptionContains(\"Welcome to\")"...
12:00:37.908126 POST /session/41dc848e-257f-485e-8132-ef47e5a4e374/element [21.975168ms] ERR:404 body={"strategy":"-android uiautomator","selector":"new UiSelector().textMatches(\"(?is).*\\QWelcome to\\...
12:00:37.920777 POST /session/41dc848e-257f-485e-8132-ef47e5a4e374/element [12.578352ms] ERR:404 body={"strategy":"-android uiautomator","selector":"new UiSelector().descriptionMatches(\"(?is).*\\QWelco...
12:00:37.931740 POST /session/41dc848e-257f-485e-8132-ef47e5a4e374/element [10.868744ms] ERR:404 body={"strategy":"-android uiautomator","selector":"new UiSelector().textContains(\"Welcome to\")"}
12:00:37.943891 POST /session/41dc848e-257f-485e-8132-ef47e5a4e374/element [12.06397ms] ERR:404 body={"strategy":"-android uiautomator","selector":"new UiSelector().descriptionContains(\"Welcome to\")"...
12:00:37.962156 POST /session/41dc848e-257f-485e-8132-ef47e5a4e374/element [18.197364ms] ERR:404 body={"strategy":"-android uiautomator","selector":"new UiSelector().textMatches(\"(?is).*\\QWelcome to\\...
12:00:37.974273 POST /session/41dc848e-257f-485e-8132-ef47e5a4e374/element [12.053387ms] ERR:404 body={"strategy":"-android uiautomator","selector":"new UiSelector().descriptionMatches(\"(?is).*\\QWelco...
12:00:37.985715 POST /session/41dc848e-257f-485e-8132-ef47e5a4e374/element [11.375366ms] ERR:404 body={"strategy":"-android uiautomator","selector":"new UiSelector().textContains(\"Welcome to\")"}
12:00:37.996990 POST /session/41dc848e-257f-485e-8132-ef47e5a4e374/element [11.2178ms] ERR:404 body={"strategy":"-android uiautomator","selector":"new UiSelector().descriptionContains(\"Welcome to\")"...
12:00:38.009002 POST /session/41dc848e-257f-485e-8132-ef47e5a4e374/element [11.951745ms] ERR:404 body={"strategy":"-android uiautomator","selector":"new UiSelector().textMatches(\"(?is).*\\QWelcome to\\...
12:00:38.020900 POST /session/41dc848e-257f-485e-8132-ef47e5a4e374/element [11.831398ms] ERR:404 body={"strategy":"-android uiautomator","selector":"new UiSelector().descriptionMatches(\"(?is).*\\QWelco...
12:00:38.032387 POST /session/41dc848e-257f-485e-8132-ef47e5a4e374/element [11.425619ms] ERR:404 body={"strategy":"-android uiautomator","selector":"new UiSelector().textContains(\"Welcome to\")"}
12:00:38.043574 POST /session/41dc848e-257f-485e-8132-ef47e5a4e374/element [11.121899ms] ERR:404 body={"strategy":"-android uiautomator","selector":"new UiSelector().descriptionContains(\"Welcome to\")"...
12:00:38.054483 POST /session/41dc848e-257f-485e-8132-ef47e5a4e374/element [10.841993ms] ERR:404 body={"strategy":"-android uiautomator","selector":"new UiSelector().textMatches(\"(?is).*\\QWelcome to\\...
12:00:38.065037 POST /session/41dc848e-257f-485e-8132-ef47e5a4e374/element [10.494299ms] ERR:404 body={"strategy":"-android uiautomator","selector":"new UiSelector().descriptionMatches(\"(?is).*\\QWelco...
12:00:38.076109 POST /session/41dc848e-257f-485e-8132-ef47e5a4e374/element [11.010029ms] ERR:404 body={"strategy":"-android uiautomator","selector":"new UiSelector().textContains(\"Welcome to\")"}
12:00:38.088860 POST /session/41dc848e-257f-485e-8132-ef47e5a4e374/element [12.687697ms] ERR:404 body={"strategy":"-android uiautomator","selector":"new UiSelector().descriptionContains(\"Welcome to\")"...
12:00:38.100211 POST /session/41dc848e-257f-485e-8132-ef47e5a4e374/element [11.278698ms] ERR:404 body={"strategy":"-android uiautomator","selector":"new UiSelector().textMatches(\"(?is).*\\QWelcome to\\...
12:00:38.112319 POST /session/41dc848e-257f-485e-8132-ef47e5a4e374/element [12.043866ms] ERR:404 body={"strategy":"-android uiautomator","selector":"new UiSelector().descriptionMatches(\"(?is).*\\QWelco...
12:00:38.124754 POST /session/41dc848e-257f-485e-8132-ef47e5a4e374/element [12.386432ms] ERR:404 body={"strategy":"-android uiautomator","selector":"new UiSelector().textContains(\"Welcome to\")"}
12:00:38.135561 POST /session/41dc848e-257f-485e-8132-ef47e5a4e374/element [10.755295ms] ERR:404 body={"strategy":"-android uiautomator","selector":"new UiSelector().descriptionContains(\"Welcome to\")"...
12:00:38.152449 POST /session/41dc848e-257f-485e-8132-ef47e5a4e374/element [16.828849ms] ERR:404 body={"strategy":"-android uiautomator","selector":"new UiSelector().textMatches(\"(?is).*\\QWelcome to\\...
12:00:38.166124 POST /session/41dc848e-257f-485e-8132-ef47e5a4e374/element [13.607797ms] ERR:404 body={"strategy":"-android uiautomator","selector":"new UiSelector().descriptionMatches(\"(?is).*\\QWelco...
12:00:38.178953 POST /session/41dc848e-257f-485e-8132-ef47e5a4e374/element [12.751901ms] ERR:404 body={"strategy":"-android uiautomator","selector":"new UiSelector().textContains(\"Welcome to\")"}
12:00:38.190919 POST /session/41dc848e-257f-485e-8132-ef47e5a4e374/element [11.893268ms] ERR:404 body={"strategy":"-android uiautomator","selector":"new UiSelector().descriptionContains(\"Welcome to\")"...
12:00:38.201952 POST /session/41dc848e-257f-485e-8132-ef47e5a4e374/element [10.973846ms] ERR:404 body={"strategy":"-android uiautomator","selector":"new UiSelector().textMatches(\"(?is).*\\QWelcome to\\...
12:00:38.215906 POST /session/41dc848e-257f-485e-8132-ef47e5a4e374/element [13.895848ms] ERR:404 body={"strategy":"-android uiautomator","selector":"new UiSelector().descriptionMatches(\"(?is).*\\QWelco...
12:00:38.230518 POST /session/41dc848e-257f-485e-8132-ef47e5a4e374/element [14.552073ms] ERR:404 body={"strategy":"-android uiautomator","selector":"new UiSelector().textContains(\"Welcome to\")"}
12:00:38.241821 POST /session/41dc848e-257f-485e-8132-ef47e5a4e374/element [11.2408ms] ERR:404 body={"strategy":"-android uiautomator","selector":"new UiSelector().descriptionContains(\"Welcome to\")"...
12:00:38.252866 POST /session/41dc848e-257f-485e-8132-ef47e5a4e374/element [10.987853ms] ERR:404 body={"strategy":"-android uiautomator","selector":"new UiSelector().textMatches(\"(?is).*\\QWelcome to\\...
12:00:38.264286 POST /session/41dc848e-257f-485e-8132-ef47e5a4e374/element [11.335749ms] ERR:404 body={"strategy":"-android uiautomator","selector":"new UiSelector().descriptionMatches(\"(?is).*\\QWelco...
12:00:38.276144 POST /session/41dc848e-257f-485e-8132-ef47e5a4e374/element [11.795359ms] ERR:404 body={"strategy":"-android uiautomator","selector":"new UiSelector().textContains(\"Welcome to\")"}
12:00:38.288582 POST /session/41dc848e-257f-485e-8132-ef47e5a4e374/element [12.37389ms] ERR:404 body={"strategy":"-android uiautomator","selector":"new UiSelector().descriptionContains(\"Welcome to\")"...
12:00:38.303412 POST /session/41dc848e-257f-485e-8132-ef47e5a4e374/element [14.764762ms] ERR:404 body={"strategy":"-android uiautomator","selector":"new UiSelector().textMatches(\"(?is).*\\QWelcome to\\...
12:00:38.317124 POST /session/41dc848e-257f-485e-8132-ef47e5a4e374/element [13.656322ms] ERR:404 body={"strategy":"-android uiautomator","selector":"new UiSelector().descriptionMatches(\"(?is).*\\QWelco...
12:00:38.330394 POST /session/41dc848e-257f-485e-8132-ef47e5a4e374/element [13.213212ms] ERR:404 body={"strategy":"-android uiautomator","selector":"new UiSelector().textContains(\"Welcome to\")"}
12:00:38.344036 POST /session/41dc848e-257f-485e-8132-ef47e5a4e374/element [13.579125ms] ERR:404 body={"strategy":"-android uiautomator","selector":"new UiSelector().descriptionContains(\"Welcome to\")"...
12:00:38.360277 POST /session/41dc848e-257f-485e-8132-ef47e5a4e374/element [16.168284ms] ERR:404 body={"strategy":"-android uiautomator","selector":"new UiSelector().textMatches(\"(?is).*\\QWelcome to\\...
12:00:38.377953 POST /session/41dc848e-257f-485e-8132-ef47e5a4e374/element [17.609164ms] ERR:404 body={"strategy":"-android uiautomator","selector":"new UiSelector().descriptionMatches(\"(?is).*\\QWelco...
12:00:38.392461 POST /session/41dc848e-257f-485e-8132-ef47e5a4e374/element [14.444588ms] ERR:404 body={"strategy":"-android uiautomator","selector":"new UiSelector().textContains(\"Welcome to\")"}
12:00:38.406062 POST /session/41dc848e-257f-485e-8132-ef47e5a4e374/element [13.535116ms] ERR:404 body={"strategy":"-android uiautomator","selector":"new UiSelector().descriptionContains(\"Welcome to\")"...
12:00:38.418646 POST /session/41dc848e-257f-485e-8132-ef47e5a4e374/element [12.524779ms] ERR:404 body={"strategy":"-android uiautomator","selector":"new UiSelector().textMatches(\"(?is).*\\QWelcome to\\...
12:00:38.432250 POST /session/41dc848e-257f-485e-8132-ef47e5a4e374/element [13.514001ms] ERR:404 body={"strategy":"-android uiautomator","selector":"new UiSelector().descriptionMatches(\"(?is).*\\QWelco...
12:00:38.445757 POST /session/41dc848e-257f-485e-8132-ef47e5a4e374/element [13.452141ms] ERR:404 body={"strategy":"-android uiautomator","selector":"new UiSelector().textContains(\"Welcome to\")"}
12:00:38.458463 POST /session/41dc848e-257f-485e-8132-ef47e5a4e374/element [12.650007ms] ERR:404 body={"strategy":"-android uiautomator","selector":"new UiSelector().descriptionContains(\"Welcome to\")"...
12:00:38.471592 POST /session/41dc848e-257f-485e-8132-ef47e5a4e374/element [13.054976ms] ERR:404 body={"strategy":"-android uiautomator","selector":"new UiSelector().textMatches(\"(?is).*\\QWelcome to\\...
12:00:38.486743 POST /session/41dc848e-257f-485e-8132-ef47e5a4e374/element [15.088932ms] ERR:404 body={"strategy":"-android uiautomator","selector":"new UiSelector().descriptionMatches(\"(?is).*\\QWelco...
12:00:38.501169 POST /session/41dc848e-257f-485e-8132-ef47e5a4e374/element [14.367825ms] ERR:404 body={"strategy":"-android uiautomator","selector":"new UiSelector().textContains(\"Welcome to\")"}
12:00:38.534061 POST /session/41dc848e-257f-485e-8132-ef47e5a4e374/element [32.810719ms] ERR:404 body={"strategy":"-android uiautomator","selector":"new UiSelector().descriptionContains(\"Welcome to\")"...
12:00:38.546303 POST /session/41dc848e-257f-485e-8132-ef47e5a4e374/element [12.157932ms] ERR:404 body={"strategy":"-android uiautomator","selector":"new UiSelector().textMatches(\"(?is).*\\QWelcome to\\...
12:00:38.558840 POST /session/41dc848e-257f-485e-8132-ef47e5a4e374/element [12.375734ms] ERR:404 body={"strategy":"-android uiautomator","selector":"new UiSelector().descriptionMatches(\"(?is).*\\QWelco...
12:00:38.571331 POST /session/41dc848e-257f-485e-8132-ef47e5a4e374/element [12.412244ms] ERR:404 body={"strategy":"-android uiautomator","selector":"new UiSelector().textContains(\"Welcome to\")"}
12:00:38.595423 POST /session/41dc848e-257f-485e-8132-ef47e5a4e374/element [24.028459ms] ERR:404 body={"strategy":"-android uiautomator","selector":"new UiSelector().descriptionContains(\"Welcome to\")"...
12:00:38.610368 POST /session/41dc848e-257f-485e-8132-ef47e5a4e374/element [14.878271ms] ERR:404 body={"strategy":"-android uiautomator","selector":"new UiSelector().textMatches(\"(?is).*\\QWelcome to\\...
12:00:38.630016 POST /session/41dc848e-257f-485e-8132-ef47e5a4e374/element [19.580161ms] ERR:404 body={"strategy":"-android uiautomator","selector":"new UiSelector().descriptionMatches(\"(?is).*\\QWelco...
12:00:39.455120 POST /session/41dc848e-257f-485e-8132-ef47e5a4e374/element [825.004275ms] ERR:404 body={"strategy":"-android uiautomator","selector":"new UiSelector().textContains(\"Welcome to\")"}
12:00:39.966784 POST /session/41dc848e-257f-485e-8132-ef47e5a4e374/element [510.953061ms] ERR:404 body={"strategy":"-android uiautomator","selector":"new UiSelector().descriptionContains(\"Welcome to\")"...
12:00:39.972720 POST /session/41dc848e-257f-485e-8132-ef47e5a4e374/element [5.856032ms] OK body={"strategy":"-android uiautomator","selector":"new UiSelector().textMatches(\"(?is).*\\QWelcome to\\...
12:00:39.979337 POST /session/41dc848e-257f-485e-8132-ef47e5a4e374/element [6.353703ms] OK body={"strategy":"-android uiautomator","selector":"new UiSelector().textContains(\"Tastopia\")"}
12:00:39.982751 POST /session/41dc848e-257f-485e-8132-ef47e5a4e374/appium/settings [2.569601ms] OK body={"settings":{"waitForIdleTimeout":200}}
12:00:43.563642 POST /session/41dc848e-257f-485e-8132-ef47e5a4e374/appium/device/launch_app [3.098527ms] ERR:404 body={"appId":"com.tastopia.app"}
12:00:45.826989 POST /session/41dc848e-257f-485e-8132-ef47e5a4e374/element [688.97669ms] OK body={"strategy":"-android uiautomator","selector":"new UiSelector().resourceIdMatches(\".*welcome-sign-i...
12:00:46.596399 GET /session/41dc848e-257f-485e-8132-ef47e5a4e374/element/00000000-0000-0014-ffff-ffff00000022/text [769.298812ms] OK body=
12:00:47.100858 GET /session/41dc848e-257f-485e-8132-ef47e5a4e374/element/00000000-0000-0014-ffff-ffff00000022/rect [504.36889ms] OK body=
12:00:47.129464 POST /session/41dc848e-257f-485e-8132-ef47e5a4e374/element/00000000-0000-0014-ffff-ffff00000022/click [28.527005ms] OK body=
12:00:47.144827 POST /session/41dc848e-257f-485e-8132-ef47e5a4e374/element [14.805045ms] ERR:404 body={"strategy":"-android uiautomator","selector":"new UiSelector().resourceIdMatches(\".*login-identifi...
12:00:47.149963 POST /session/41dc848e-257f-485e-8132-ef47e5a4e374/element [5.026502ms] ERR:404 body={"strategy":"-android uiautomator","selector":"new UiSelector().resourceIdMatches(\".*login-identifi...
12:00:47.155064 POST /session/41dc848e-257f-485e-8132-ef47e5a4e374/element [4.945866ms] ERR:404 body={"strategy":"-android uiautomator","selector":"new UiSelector().resourceIdMatches(\".*login-identifi...
12:00:47.160384 POST /session/41dc848e-257f-485e-8132-ef47e5a4e374/element [5.246742ms] ERR:404 body={"strategy":"-android uiautomator","selector":"new UiSelector().resourceIdMatches(\".*login-identifi...
12:00:47.165439 POST /session/41dc848e-257f-485e-8132-ef47e5a4e374/element [4.975835ms] ERR:404 body={"strategy":"-android uiautomator","selector":"new UiSelector().resourceIdMatches(\".*login-identifi...
12:00:47.171033 POST /session/41dc848e-257f-485e-8132-ef47e5a4e374/element [5.532611ms] ERR:404 body={"strategy":"-android uiautomator","selector":"new UiSelector().resourceIdMatches(\".*login-identifi...
12:00:47.176335 POST /session/41dc848e-257f-485e-8132-ef47e5a4e374/element [5.244218ms] ERR:404 body={"strategy":"-android uiautomator","selector":"new UiSelector().resourceIdMatches(\".*login-identifi...
12:00:47.182590 POST /session/41dc848e-257f-485e-8132-ef47e5a4e374/element [6.18073ms] ERR:404 body={"strategy":"-android uiautomator","selector":"new UiSelector().resourceIdMatches(\".*login-identifi...
12:00:47.196974 POST /session/41dc848e-257f-485e-8132-ef47e5a4e374/element [14.32597ms] ERR:404 body={"strategy":"-android uiautomator","selector":"new UiSelector().resourceIdMatches(\".*login-identifi...
12:00:47.208561 POST /session/41dc848e-257f-485e-8132-ef47e5a4e374/element [11.523177ms] ERR:404 body={"strategy":"-android uiautomator","selector":"new UiSelector().resourceIdMatches(\".*login-identifi...
12:00:47.213266 POST /session/41dc848e-257f-485e-8132-ef47e5a4e374/element [4.625689ms] ERR:404 body={"strategy":"-android uiautomator","selector":"new UiSelector().resourceIdMatches(\".*login-identifi...
12:00:47.226081 POST /session/41dc848e-257f-485e-8132-ef47e5a4e374/element [12.755359ms] ERR:404 body={"strategy":"-android uiautomator","selector":"new UiSelector().resourceIdMatches(\".*login-identifi...
12:00:47.232891 POST /session/41dc848e-257f-485e-8132-ef47e5a4e374/element [6.74606ms] ERR:404 body={"strategy":"-android uiautomator","selector":"new UiSelector().resourceIdMatches(\".*login-identifi...
12:00:47.782700 POST /session/41dc848e-257f-485e-8132-ef47e5a4e374/element [549.718186ms] OK body={"strategy":"-android uiautomator","selector":"new UiSelector().resourceIdMatches(\".*login-identifi...
12:00:47.953269 POST /session/41dc848e-257f-485e-8132-ef47e5a4e374/element [170.343318ms] OK body={"strategy":"-android uiautomator","selector":"new UiSelector().resourceIdMatches(\".*login-identifi...
12:00:47.963175 GET /session/41dc848e-257f-485e-8132-ef47e5a4e374/element/00000000-0000-0014-ffff-ffff00000057/text [9.841864ms] OK body=
12:00:47.973152 GET /session/41dc848e-257f-485e-8132-ef47e5a4e374/element/00000000-0000-0014-ffff-ffff00000057/rect [9.921077ms] OK body=
12:00:48.270366 POST /session/41dc848e-257f-485e-8132-ef47e5a4e374/element/00000000-0000-0014-ffff-ffff00000057/click [297.148186ms] OK body=
12:00:48.993090 POST /session/41dc848e-257f-485e-8132-ef47e5a4e374/actions [721.962528ms] OK body={"actions":[{"actions":[{"type":"keyDown","value":"a"},{"type":"keyUp","value":"a"},{"type":"keyDown...
12:00:48.999115 POST /session/41dc848e-257f-485e-8132-ef47e5a4e374/appium/device/hide_keyboard [5.919434ms] ERR:404 body=
12:00:49.517146 POST /session/41dc848e-257f-485e-8132-ef47e5a4e374/element [517.746865ms] OK body={"strategy":"-android uiautomator","selector":"new UiSelector().resourceIdMatches(\".*login-password...
12:00:49.545813 POST /session/41dc848e-257f-485e-8132-ef47e5a4e374/element [28.413638ms] OK body={"strategy":"-android uiautomator","selector":"new UiSelector().resourceIdMatches(\".*login-password...
12:00:49.562236 GET /session/41dc848e-257f-485e-8132-ef47e5a4e374/element/00000000-0000-0014-ffff-ffff00000058/text [16.350305ms] OK body=
12:00:49.572521 GET /session/41dc848e-257f-485e-8132-ef47e5a4e374/element/00000000-0000-0014-ffff-ffff00000058/rect [10.216993ms] OK body=
12:00:50.163543 POST /session/41dc848e-257f-485e-8132-ef47e5a4e374/element/00000000-0000-0014-ffff-ffff00000058/click [590.950359ms] OK body=
12:00:50.905086 POST /session/41dc848e-257f-485e-8132-ef47e5a4e374/actions [741.185546ms] OK body={"actions":[{"actions":[{"type":"keyDown","value":"P"},{"type":"keyUp","value":"P"},{"type":"keyDown...
12:00:50.908776 POST /session/41dc848e-257f-485e-8132-ef47e5a4e374/appium/device/hide_keyboard [3.597819ms] ERR:404 body=
12:00:51.444368 POST /session/41dc848e-257f-485e-8132-ef47e5a4e374/element [535.317418ms] OK body={"strategy":"-android uiautomator","selector":"new UiSelector().resourceIdMatches(\".*login-submit-b...
12:00:51.453139 GET /session/41dc848e-257f-485e-8132-ef47e5a4e374/element/00000000-0000-0014-ffff-ffff0000006f/text [8.712145ms] OK body=
12:00:51.462013 GET /session/41dc848e-257f-485e-8132-ef47e5a4e374/element/00000000-0000-0014-ffff-ffff0000006f/rect [8.848623ms] OK body=
12:00:51.492587 POST /session/41dc848e-257f-485e-8132-ef47e5a4e374/element/00000000-0000-0014-ffff-ffff0000006f/click [30.530116ms] OK body=
12:00:51.498856 POST /session/41dc848e-257f-485e-8132-ef47e5a4e374/element [6.219382ms] OK body={"strategy":"-android uiautomator","selector":"new UiSelector().resourceIdMatches(\".*login-submit-b...
12:00:51.516710 GET /session/41dc848e-257f-485e-8132-ef47e5a4e374/element/00000000-0000-0014-ffff-ffff0000006f/text [17.815147ms] OK body=
12:00:52.148702 GET /session/41dc848e-257f-485e-8132-ef47e5a4e374/element/00000000-0000-0014-ffff-ffff0000006f/rect [631.901722ms] OK body=
12:00:52.175403 POST /session/41dc848e-257f-485e-8132-ef47e5a4e374/element/00000000-0000-0014-ffff-ffff0000006f/click [26.615899ms] OK body=
12:00:52.202134 POST /session/41dc848e-257f-485e-8132-ef47e5a4e374/element [26.469363ms] ERR:404 body={"strategy":"-android uiautomator","selector":"new UiSelector().resourceIdMatches(\".*COMMUNITY.*\")...
12:00:52.208151 POST /session/41dc848e-257f-485e-8132-ef47e5a4e374/element [5.932465ms] ERR:404 body={"strategy":"-android uiautomator","selector":"new UiSelector().resourceIdMatches(\".*COMMUNITY.*\")...
12:00:52.215967 POST /session/41dc848e-257f-485e-8132-ef47e5a4e374/element [7.755103ms] ERR:404 body={"strategy":"-android uiautomator","selector":"new UiSelector().resourceIdMatches(\".*COMMUNITY.*\")...
12:00:52.226449 POST /session/41dc848e-257f-485e-8132-ef47e5a4e374/element [10.416034ms] ERR:404 body={"strategy":"-android uiautomator","selector":"new UiSelector().resourceIdMatches(\".*COMMUNITY.*\")...
12:00:52.233771 POST /session/41dc848e-257f-485e-8132-ef47e5a4e374/element [7.258848ms] ERR:404 body={"strategy":"-android uiautomator","selector":"new UiSelector().resourceIdMatches(\".*COMMUNITY.*\")...
12:00:52.239962 POST /session/41dc848e-257f-485e-8132-ef47e5a4e374/element [6.133297ms] ERR:404 body={"strategy":"-android uiautomator","selector":"new UiSelector().resourceIdMatches(\".*COMMUNITY.*\")...
12:00:52.276310 POST /session/41dc848e-257f-485e-8132-ef47e5a4e374/element [36.18064ms] ERR:404 body={"strategy":"-android uiautomator","selector":"new UiSelector().resourceIdMatches(\".*COMMUNITY.*\")...
12:00:52.954285 POST /session/41dc848e-257f-485e-8132-ef47e5a4e374/element [677.838999ms] ERR:404 body={"strategy":"-android uiautomator","selector":"new UiSelector().resourceIdMatches(\".*COMMUNITY.*\")...
12:00:52.963563 POST /session/41dc848e-257f-485e-8132-ef47e5a4e374/element [9.195645ms] ERR:404 body={"strategy":"-android uiautomator","selector":"new UiSelector().resourceIdMatches(\".*COMMUNITY.*\")...
12:00:52.971592 POST /session/41dc848e-257f-485e-8132-ef47e5a4e374/element [7.978719ms] ERR:404 body={"strategy":"-android uiautomator","selector":"new UiSelector().resourceIdMatches(\".*COMMUNITY.*\")...
12:00:52.978711 POST /session/41dc848e-257f-485e-8132-ef47e5a4e374/element [7.064099ms] ERR:404 body={"strategy":"-android uiautomator","selector":"new UiSelector().resourceIdMatches(\".*COMMUNITY.*\")...
12:00:52.986576 POST /session/41dc848e-257f-485e-8132-ef47e5a4e374/element [7.805061ms] ERR:404 body={"strategy":"-android uiautomator","selector":"new UiSelector().resourceIdMatches(\".*COMMUNITY.*\")...
12:00:52.995447 POST /session/41dc848e-257f-485e-8132-ef47e5a4e374/element [8.795901ms] ERR:404 body={"strategy":"-android uiautomator","selector":"new UiSelector().resourceIdMatches(\".*COMMUNITY.*\")...
12:00:53.003419 POST /session/41dc848e-257f-485e-8132-ef47e5a4e374/element [7.904341ms] ERR:404 body={"strategy":"-android uiautomator","selector":"new UiSelector().resourceIdMatches(\".*COMMUNITY.*\")...
12:00:53.011288 POST /session/41dc848e-257f-485e-8132-ef47e5a4e374/element [7.823431ms] ERR:404 body={"strategy":"-android uiautomator","selector":"new UiSelector().resourceIdMatches(\".*COMMUNITY.*\")...
12:00:53.018774 POST /session/41dc848e-257f-485e-8132-ef47e5a4e374/element [7.443226ms] ERR:404 body={"strategy":"-android uiautomator","selector":"new UiSelector().resourceIdMatches(\".*COMMUNITY.*\")...
12:00:53.026748 POST /session/41dc848e-257f-485e-8132-ef47e5a4e374/element [7.930269ms] ERR:404 body={"strategy":"-android uiautomator","selector":"new UiSelector().resourceIdMatches(\".*COMMUNITY.*\")...
12:00:53.034235 POST /session/41dc848e-257f-485e-8132-ef47e5a4e374/element [7.420453ms] ERR:404 body={"strategy":"-android uiautomator","selector":"new UiSelector().resourceIdMatches(\".*COMMUNITY.*\")...
12:00:53.041690 POST /session/41dc848e-257f-485e-8132-ef47e5a4e374/element [7.379554ms] ERR:404 body={"strategy":"-android uiautomator","selector":"new UiSelector().resourceIdMatches(\".*COMMUNITY.*\")...
12:00:53.049557 POST /session/41dc848e-257f-485e-8132-ef47e5a4e374/element [7.797296ms] ERR:404 body={"strategy":"-android uiautomator","selector":"new UiSelector().resourceIdMatches(\".*COMMUNITY.*\")...
12:00:53.057569 POST /session/41dc848e-257f-485e-8132-ef47e5a4e374/element [7.92777ms] ERR:404 body={"strategy":"-android uiautomator","selector":"new UiSelector().resourceIdMatches(\".*COMMUNITY.*\")...
12:00:53.064891 POST /session/41dc848e-257f-485e-8132-ef47e5a4e374/element [7.242685ms] ERR:404 body={"strategy":"-android uiautomator","selector":"new UiSelector().resourceIdMatches(\".*COMMUNITY.*\")...
12:00:53.072122 POST /session/41dc848e-257f-485e-8132-ef47e5a4e374/element [7.165497ms] ERR:404 body={"strategy":"-android uiautomator","selector":"new UiSelector().resourceIdMatches(\".*COMMUNITY.*\")...
12:00:53.082495 POST /session/41dc848e-257f-485e-8132-ef47e5a4e374/element [10.30848ms] ERR:404 body={"strategy":"-android uiautomator","selector":"new UiSelector().resourceIdMatches(\".*COMMUNITY.*\")...
12:00:53.091472 POST /session/41dc848e-257f-485e-8132-ef47e5a4e374/element [8.873727ms] ERR:404 body={"strategy":"-android uiautomator","selector":"new UiSelector().resourceIdMatches(\".*COMMUNITY.*\")...
12:00:53.099535 POST /session/41dc848e-257f-485e-8132-ef47e5a4e374/element [7.986028ms] ERR:404 body={"strategy":"-android uiautomator","selector":"new UiSelector().resourceIdMatches(\".*COMMUNITY.*\")...
12:00:53.106871 POST /session/41dc848e-257f-485e-8132-ef47e5a4e374/element [7.245758ms] ERR:404 body={"strategy":"-android uiautomator","selector":"new UiSelector().resourceIdMatches(\".*COMMUNITY.*\")...
12:00:53.114547 POST /session/41dc848e-257f-485e-8132-ef47e5a4e374/element [7.602692ms] ERR:404 body={"strategy":"-android uiautomator","selector":"new UiSelector().resourceIdMatches(\".*COMMUNITY.*\")...
12:00:53.121441 POST /session/41dc848e-257f-485e-8132-ef47e5a4e374/element [6.827149ms] ERR:404 body={"strategy":"-android uiautomator","selector":"new UiSelector().resourceIdMatches(\".*COMMUNITY.*\")...
12:00:53.128224 POST /session/41dc848e-257f-485e-8132-ef47e5a4e374/element [6.712408ms] ERR:404 body={"strategy":"-android uiautomator","selector":"new UiSelector().resourceIdMatches(\".*COMMUNITY.*\")...
12:00:53.136015 POST /session/41dc848e-257f-485e-8132-ef47e5a4e374/element [7.696408ms] ERR:404 body={"strategy":"-android uiautomator","selector":"new UiSelector().resourceIdMatches(\".*COMMUNITY.*\")...
12:00:53.143502 POST /session/41dc848e-257f-485e-8132-ef47e5a4e374/element [7.427493ms] ERR:404 body={"strategy":"-android uiautomator","selector":"new UiSelector().resourceIdMatches(\".*COMMUNITY.*\")...
12:00:53.150748 POST /session/41dc848e-257f-485e-8132-ef47e5a4e374/element [7.175637ms] ERR:404 body={"strategy":"-android uiautomator","selector":"new UiSelector().resourceIdMatches(\".*COMMUNITY.*\")...
12:00:53.158755 POST /session/41dc848e-257f-485e-8132-ef47e5a4e374/element [7.93955ms] ERR:404 body={"strategy":"-android uiautomator","selector":"new UiSelector().resourceIdMatches(\".*COMMUNITY.*\")...
12:00:53.166774 POST /session/41dc848e-257f-485e-8132-ef47e5a4e374/element [7.96855ms] ERR:404 body={"strategy":"-android uiautomator","selector":"new UiSelector().resourceIdMatches(\".*COMMUNITY.*\")...
12:00:53.174270 POST /session/41dc848e-257f-485e-8132-ef47e5a4e374/element [7.421767ms] ERR:404 body={"strategy":"-android uiautomator","selector":"new UiSelector().resourceIdMatches(\".*COMMUNITY.*\")...
12:00:53.182151 POST /session/41dc848e-257f-485e-8132-ef47e5a4e374/element [7.804201ms] ERR:404 body={"strategy":"-android uiautomator","selector":"new UiSelector().resourceIdMatches(\".*COMMUNITY.*\")...
12:00:53.188928 POST /session/41dc848e-257f-485e-8132-ef47e5a4e374/element [6.707019ms] ERR:404 body={"strategy":"-android uiautomator","selector":"new UiSelector().resourceIdMatches(\".*COMMUNITY.*\")...
12:00:53.196130 POST /session/41dc848e-257f-485e-8132-ef47e5a4e374/element [7.136835ms] ERR:404 body={"strategy":"-android uiautomator","selector":"new UiSelector().resourceIdMatches(\".*COMMUNITY.*\")...
12:00:53.203624 POST /session/41dc848e-257f-485e-8132-ef47e5a4e374/element [7.417867ms] ERR:404 body={"strategy":"-android uiautomator","selector":"new UiSelector().resourceIdMatches(\".*COMMUNITY.*\")...
12:00:53.212613 POST /session/41dc848e-257f-485e-8132-ef47e5a4e374/element [8.901592ms] ERR:404 body={"strategy":"-android uiautomator","selector":"new UiSelector().resourceIdMatches(\".*COMMUNITY.*\")...
12:00:53.220030 POST /session/41dc848e-257f-485e-8132-ef47e5a4e374/element [7.341276ms] ERR:404 body={"strategy":"-android uiautomator","selector":"new UiSelector().resourceIdMatches(\".*COMMUNITY.*\")...
12:00:53.228694 POST /session/41dc848e-257f-485e-8132-ef47e5a4e374/element [8.575006ms] ERR:404 body={"strategy":"-android uiautomator","selector":"new UiSelector().resourceIdMatches(\".*COMMUNITY.*\")...
12:00:53.236011 POST /session/41dc848e-257f-485e-8132-ef47e5a4e374/element [7.244131ms] ERR:404 body={"strategy":"-android uiautomator","selector":"new UiSelector().resourceIdMatches(\".*COMMUNITY.*\")...
12:00:53.244840 POST /session/41dc848e-257f-485e-8132-ef47e5a4e374/element [8.751704ms] ERR:404 body={"strategy":"-android uiautomator","selector":"new UiSelector().resourceIdMatches(\".*COMMUNITY.*\")...
12:00:53.259070 POST /session/41dc848e-257f-485e-8132-ef47e5a4e374/element [14.166298ms] ERR:404 body={"strategy":"-android uiautomator","selector":"new UiSelector().resourceIdMatches(\".*COMMUNITY.*\")...
12:00:53.267104 POST /session/41dc848e-257f-485e-8132-ef47e5a4e374/element [7.967881ms] ERR:404 body={"strategy":"-android uiautomator","selector":"new UiSelector().resourceIdMatches(\".*COMMUNITY.*\")...
12:00:53.273840 POST /session/41dc848e-257f-485e-8132-ef47e5a4e374/element [6.672108ms] ERR:404 body={"strategy":"-android uiautomator","selector":"new UiSelector().resourceIdMatches(\".*COMMUNITY.*\")...
12:00:53.282487 POST /session/41dc848e-257f-485e-8132-ef47e5a4e374/element [8.570775ms] ERR:404 body={"strategy":"-android uiautomator","selector":"new UiSelector().resourceIdMatches(\".*COMMUNITY.*\")...
12:00:53.289573 POST /session/41dc848e-257f-485e-8132-ef47e5a4e374/element [7.015165ms] ERR:404 body={"strategy":"-android uiautomator","selector":"new UiSelector().resourceIdMatches(\".*COMMUNITY.*\")...
12:00:53.296980 POST /session/41dc848e-257f-485e-8132-ef47e5a4e374/element [7.342721ms] ERR:404 body={"strategy":"-android uiautomator","selector":"new UiSelector().resourceIdMatches(\".*COMMUNITY.*\")...
12:00:53.304081 POST /session/41dc848e-257f-485e-8132-ef47e5a4e374/element [7.042689ms] ERR:404 body={"strategy":"-android uiautomator","selector":"new UiSelector().resourceIdMatches(\".*COMMUNITY.*\")...
12:00:53.311407 POST /session/41dc848e-257f-485e-8132-ef47e5a4e374/element [7.256424ms] ERR:404 body={"strategy":"-android uiautomator","selector":"new UiSelector().resourceIdMatches(\".*COMMUNITY.*\")...
12:00:53.319297 POST /session/41dc848e-257f-485e-8132-ef47e5a4e374/element [7.822441ms] ERR:404 body={"strategy":"-android uiautomator","selector":"new UiSelector().resourceIdMatches(\".*COMMUNITY.*\")...
12:00:53.327427 POST /session/41dc848e-257f-485e-8132-ef47e5a4e374/element [8.062556ms] ERR:404 body={"strategy":"-android uiautomator","selector":"new UiSelector().resourceIdMatches(\".*COMMUNITY.*\")...
12:00:53.334783 POST /session/41dc848e-257f-485e-8132-ef47e5a4e374/element [7.285069ms] ERR:404 body={"strategy":"-android uiautomator","selector":"new UiSelector().resourceIdMatches(\".*COMMUNITY.*\")...
12:00:53.343029 POST /session/41dc848e-257f-485e-8132-ef47e5a4e374/element [8.167409ms] ERR:404 body={"strategy":"-android uiautomator","selector":"new UiSelector().resourceIdMatches(\".*COMMUNITY.*\")...
12:00:53.350450 POST /session/41dc848e-257f-485e-8132-ef47e5a4e374/element [7.344497ms] ERR:404 body={"strategy":"-android uiautomator","selector":"new UiSelector().resourceIdMatches(\".*COMMUNITY.*\")...
12:00:53.358212 POST /session/41dc848e-257f-485e-8132-ef47e5a4e374/element [7.704596ms] ERR:404 body={"strategy":"-android uiautomator","selector":"new UiSelector().resourceIdMatches(\".*COMMUNITY.*\")...
12:00:53.365804 POST /session/41dc848e-257f-485e-8132-ef47e5a4e374/element [7.531099ms] ERR:404 body={"strategy":"-android uiautomator","selector":"new UiSelector().resourceIdMatches(\".*COMMUNITY.*\")...
12:00:53.373688 POST /session/41dc848e-257f-485e-8132-ef47e5a4e374/element [7.806128ms] ERR:404 body={"strategy":"-android uiautomator","selector":"new UiSelector().resourceIdMatches(\".*COMMUNITY.*\")...
12:00:53.380561 POST /session/41dc848e-257f-485e-8132-ef47e5a4e374/element [6.806364ms] ERR:404 body={"strategy":"-android uiautomator","selector":"new UiSelector().resourceIdMatches(\".*COMMUNITY.*\")...
12:00:53.387350 POST /session/41dc848e-257f-485e-8132-ef47e5a4e374/element [6.708815ms] ERR:404 body={"strategy":"-android uiautomator","selector":"new UiSelector().resourceIdMatches(\".*COMMUNITY.*\")...
12:00:53.398379 POST /session/41dc848e-257f-485e-8132-ef47e5a4e374/element [10.967972ms] ERR:404 body={"strategy":"-android uiautomator","selector":"new UiSelector().resourceIdMatches(\".*COMMUNITY.*\")...
12:00:53.411864 POST /session/41dc848e-257f-485e-8132-ef47e5a4e374/element [13.403291ms] ERR:404 body={"strategy":"-android uiautomator","selector":"new UiSelector().resourceIdMatches(\".*COMMUNITY.*\")...
12:00:53.429288 POST /session/41dc848e-257f-485e-8132-ef47e5a4e374/element [17.345226ms] ERR:404 body={"strategy":"-android uiautomator","selector":"new UiSelector().resourceIdMatches(\".*COMMUNITY.*\")...
12:00:53.448823 POST /session/41dc848e-257f-485e-8132-ef47e5a4e374/element [19.465496ms] ERR:404 body={"strategy":"-android uiautomator","selector":"new UiSelector().resourceIdMatches(\".*COMMUNITY.*\")...
12:00:53.456125 POST /session/41dc848e-257f-485e-8132-ef47e5a4e374/element [7.217661ms] ERR:404 body={"strategy":"-android uiautomator","selector":"new UiSelector().resourceIdMatches(\".*COMMUNITY.*\")...
12:00:53.464343 POST /session/41dc848e-257f-485e-8132-ef47e5a4e374/element [8.15043ms] ERR:404 body={"strategy":"-android uiautomator","selector":"new UiSelector().resourceIdMatches(\".*COMMUNITY.*\")...
12:00:53.497663 POST /session/41dc848e-257f-485e-8132-ef47e5a4e374/element [33.241424ms] ERR:404 body={"strategy":"-android uiautomator","selector":"new UiSelector().resourceIdMatches(\".*COMMUNITY.*\")...
12:00:54.084486 POST /session/41dc848e-257f-485e-8132-ef47e5a4e374/element [586.689006ms] ERR:404 body={"strategy":"-android uiautomator","selector":"new UiSelector().resourceIdMatches(\".*COMMUNITY.*\")...
12:00:54.092322 POST /session/41dc848e-257f-485e-8132-ef47e5a4e374/element [7.734358ms] ERR:404 body={"strategy":"-android uiautomator","selector":"new UiSelector().resourceIdMatches(\".*COMMUNITY.*\")...
12:00:54.098700 POST /session/41dc848e-257f-485e-8132-ef47e5a4e374/element [6.285867ms] ERR:404 body={"strategy":"-android uiautomator","selector":"new UiSelector().resourceIdMatches(\".*COMMUNITY.*\")...
12:00:54.105028 POST /session/41dc848e-257f-485e-8132-ef47e5a4e374/element [6.252439ms] ERR:404 body={"strategy":"-android uiautomator","selector":"new UiSelector().resourceIdMatches(\".*COMMUNITY.*\")...
12:00:54.111296 POST /session/41dc848e-257f-485e-8132-ef47e5a4e374/element [6.188742ms] ERR:404 body={"strategy":"-android uiautomator","selector":"new UiSelector().resourceIdMatches(\".*COMMUNITY.*\")...
12:00:54.118749 POST /session/41dc848e-257f-485e-8132-ef47e5a4e374/element [7.379271ms] ERR:404 body={"strategy":"-android uiautomator","selector":"new UiSelector().resourceIdMatches(\".*COMMUNITY.*\")...
12:00:54.126401 POST /session/41dc848e-257f-485e-8132-ef47e5a4e374/element [7.581959ms] ERR:404 body={"strategy":"-android uiautomator","selector":"new UiSelector().resourceIdMatches(\".*COMMUNITY.*\")...
12:00:54.132900 POST /session/41dc848e-257f-485e-8132-ef47e5a4e374/element [6.432884ms] ERR:404 body={"strategy":"-android uiautomator","selector":"new UiSelector().resourceIdMatches(\".*COMMUNITY.*\")...
12:00:54.138769 POST /session/41dc848e-257f-485e-8132-ef47e5a4e374/element [5.808217ms] ERR:404 body={"strategy":"-android uiautomator","selector":"new UiSelector().resourceIdMatches(\".*COMMUNITY.*\")...
12:00:54.149135 POST /session/41dc848e-257f-485e-8132-ef47e5a4e374/element [10.294578ms] ERR:404 body={"strategy":"-android uiautomator","selector":"new UiSelector().resourceIdMatches(\".*COMMUNITY.*\")...
12:00:54.160554 POST /session/41dc848e-257f-485e-8132-ef47e5a4e374/element [11.36278ms] ERR:404 body={"strategy":"-android uiautomator","selector":"new UiSelector().resourceIdMatches(\".*COMMUNITY.*\")...
12:00:54.166600 POST /session/41dc848e-257f-485e-8132-ef47e5a4e374/element [6.004165ms] ERR:404 body={"strategy":"-android uiautomator","selector":"new UiSelector().resourceIdMatches(\".*COMMUNITY.*\")...
12:00:54.173990 POST /session/41dc848e-257f-485e-8132-ef47e5a4e374/element [7.337374ms] ERR:404 body={"strategy":"-android uiautomator","selector":"new UiSelector().resourceIdMatches(\".*COMMUNITY.*\")...
12:00:54.180604 POST /session/41dc848e-257f-485e-8132-ef47e5a4e374/element [6.54386ms] ERR:404 body={"strategy":"-android uiautomator","selector":"new UiSelector().resourceIdMatches(\".*COMMUNITY.*\")...
12:00:54.188143 POST /session/41dc848e-257f-485e-8132-ef47e5a4e374/element [7.488315ms] ERR:404 body={"strategy":"-android uiautomator","selector":"new UiSelector().resourceIdMatches(\".*COMMUNITY.*\")...
12:00:54.195345 POST /session/41dc848e-257f-485e-8132-ef47e5a4e374/element [7.150317ms] ERR:404 body={"strategy":"-android uiautomator","selector":"new UiSelector().resourceIdMatches(\".*COMMUNITY.*\")...
12:00:54.201318 POST /session/41dc848e-257f-485e-8132-ef47e5a4e374/element [5.905889ms] ERR:404 body={"strategy":"-android uiautomator","selector":"new UiSelector().resourceIdMatches(\".*COMMUNITY.*\")...
12:00:54.209616 POST /session/41dc848e-257f-485e-8132-ef47e5a4e374/element [8.246302ms] ERR:404 body={"strategy":"-android uiautomator","selector":"new UiSelector().resourceIdMatches(\".*COMMUNITY.*\")...
12:00:54.215765 POST /session/41dc848e-257f-485e-8132-ef47e5a4e374/element [6.089985ms] ERR:404 body={"strategy":"-android uiautomator","selector":"new UiSelector().resourceIdMatches(\".*COMMUNITY.*\")...
12:00:54.222091 POST /session/41dc848e-257f-485e-8132-ef47e5a4e374/element [6.263861ms] ERR:404 body={"strategy":"-android uiautomator","selector":"new UiSelector().resourceIdMatches(\".*COMMUNITY.*\")...
12:00:54.228839 POST /session/41dc848e-257f-485e-8132-ef47e5a4e374/element [6.677012ms] ERR:404 body={"strategy":"-android uiautomator","selector":"new UiSelector().resourceIdMatches(\".*COMMUNITY.*\")...
12:00:54.234661 POST /session/41dc848e-257f-485e-8132-ef47e5a4e374/element [5.765437ms] ERR:404 body={"strategy":"-android uiautomator","selector":"new UiSelector().resourceIdMatches(\".*COMMUNITY.*\")...
12:00:54.240412 POST /session/41dc848e-257f-485e-8132-ef47e5a4e374/element [5.678161ms] ERR:404 body={"strategy":"-android uiautomator","selector":"new UiSelector().resourceIdMatches(\".*COMMUNITY.*\")...
12:00:54.246065 POST /session/41dc848e-257f-485e-8132-ef47e5a4e374/element [5.597833ms] ERR:404 body={"strategy":"-android uiautomator","selector":"new UiSelector().resourceIdMatches(\".*COMMUNITY.*\")...
12:00:54.251730 POST /session/41dc848e-257f-485e-8132-ef47e5a4e374/element [5.605124ms] ERR:404 body={"strategy":"-android uiautomator","selector":"new UiSelector().resourceIdMatches(\".*COMMUNITY.*\")...
12:00:54.258046 POST /session/41dc848e-257f-485e-8132-ef47e5a4e374/element [6.091226ms] ERR:404 body={"strategy":"-android uiautomator","selector":"new UiSelector().resourceIdMatches(\".*COMMUNITY.*\")...
12:00:54.265973 POST /session/41dc848e-257f-485e-8132-ef47e5a4e374/element [7.853162ms] ERR:404 body={"strategy":"-android uiautomator","selector":"new UiSelector().resourceIdMatches(\".*COMMUNITY.*\")...
12:00:54.272171 POST /session/41dc848e-257f-485e-8132-ef47e5a4e374/element [6.118577ms] ERR:404 body={"strategy":"-android uiautomator","selector":"new UiSelector().resourceIdMatches(\".*COMMUNITY.*\")...
12:00:54.277714 POST /session/41dc848e-257f-485e-8132-ef47e5a4e374/element [5.483679ms] ERR:404 body={"strategy":"-android uiautomator","selector":"new UiSelector().resourceIdMatches(\".*COMMUNITY.*\")...
12:00:54.284081 POST /session/41dc848e-257f-485e-8132-ef47e5a4e374/element [6.304111ms] ERR:404 body={"strategy":"-android uiautomator","selector":"new UiSelector().resourceIdMatches(\".*COMMUNITY.*\")...
12:00:54.290642 POST /session/41dc848e-257f-485e-8132-ef47e5a4e374/element [6.509455ms] ERR:404 body={"strategy":"-android uiautomator","selector":"new UiSelector().resourceIdMatches(\".*COMMUNITY.*\")...
12:00:54.296656 POST /session/41dc848e-257f-485e-8132-ef47e5a4e374/element [5.939617ms] ERR:404 body={"strategy":"-android uiautomator","selector":"new UiSelector().resourceIdMatches(\".*COMMUNITY.*\")...
12:00:54.302494 POST /session/41dc848e-257f-485e-8132-ef47e5a4e374/element [5.779166ms] ERR:404 body={"strategy":"-android uiautomator","selector":"new UiSelector().resourceIdMatches(\".*COMMUNITY.*\")...
12:00:54.308371 POST /session/41dc848e-257f-485e-8132-ef47e5a4e374/element [5.822394ms] ERR:404 body={"strategy":"-android uiautomator","selector":"new UiSelector().resourceIdMatches(\".*COMMUNITY.*\")...
12:00:54.314470 POST /session/41dc848e-257f-485e-8132-ef47e5a4e374/element [6.03429ms] ERR:404 body={"strategy":"-android uiautomator","selector":"new UiSelector().resourceIdMatches(\".*COMMUNITY.*\")...
12:00:54.321830 POST /session/41dc848e-257f-485e-8132-ef47e5a4e374/element [7.308591ms] ERR:404 body={"strategy":"-android uiautomator","selector":"new UiSelector().resourceIdMatches(\".*COMMUNITY.*\")...
12:00:54.327844 POST /session/41dc848e-257f-485e-8132-ef47e5a4e374/element [5.945773ms] ERR:404 body={"strategy":"-android uiautomator","selector":"new UiSelector().resourceIdMatches(\".*COMMUNITY.*\")...
12:00:54.333807 POST /session/41dc848e-257f-485e-8132-ef47e5a4e374/element [5.899893ms] ERR:404 body={"strategy":"-android uiautomator","selector":"new UiSelector().resourceIdMatches(\".*COMMUNITY.*\")...
12:00:54.339176 POST /session/41dc848e-257f-485e-8132-ef47e5a4e374/element [5.3063ms] ERR:404 body={"strategy":"-android uiautomator","selector":"new UiSelector().resourceIdMatches(\".*COMMUNITY.*\")...
12:00:54.346449 POST /session/41dc848e-257f-485e-8132-ef47e5a4e374/element [7.21274ms] ERR:404 body={"strategy":"-android uiautomator","selector":"new UiSelector().resourceIdMatches(\".*COMMUNITY.*\")...
12:00:54.352461 POST /session/41dc848e-257f-485e-8132-ef47e5a4e374/element [5.941857ms] ERR:404 body={"strategy":"-android uiautomator","selector":"new UiSelector().resourceIdMatches(\".*COMMUNITY.*\")...
12:00:54.358656 POST /session/41dc848e-257f-485e-8132-ef47e5a4e374/element [6.126568ms] ERR:404 body={"strategy":"-android uiautomator","selector":"new UiSelector().resourceIdMatches(\".*COMMUNITY.*\")...
12:00:54.369765 POST /session/41dc848e-257f-485e-8132-ef47e5a4e374/element [11.01655ms] ERR:404 body={"strategy":"-android uiautomator","selector":"new UiSelector().resourceIdMatches(\".*COMMUNITY.*\")...
12:00:54.376221 POST /session/41dc848e-257f-485e-8132-ef47e5a4e374/element [6.407802ms] ERR:404 body={"strategy":"-android uiautomator","selector":"new UiSelector().resourceIdMatches(\".*COMMUNITY.*\")...
12:00:54.385160 POST /session/41dc848e-257f-485e-8132-ef47e5a4e374/element [8.870266ms] ERR:404 body={"strategy":"-android uiautomator","selector":"new UiSelector().resourceIdMatches(\".*COMMUNITY.*\")...
12:00:54.391871 POST /session/41dc848e-257f-485e-8132-ef47e5a4e374/element [6.660667ms] ERR:404 body={"strategy":"-android uiautomator","selector":"new UiSelector().resourceIdMatches(\".*COMMUNITY.*\")...
12:00:54.397624 POST /session/41dc848e-257f-485e-8132-ef47e5a4e374/element [5.691284ms] ERR:404 body={"strategy":"-android uiautomator","selector":"new UiSelector().resourceIdMatches(\".*COMMUNITY.*\")...
12:00:54.403226 POST /session/41dc848e-257f-485e-8132-ef47e5a4e374/element [5.53281ms] ERR:404 body={"strategy":"-android uiautomator","selector":"new UiSelector().resourceIdMatches(\".*COMMUNITY.*\")...
12:00:54.408445 POST /session/41dc848e-257f-485e-8132-ef47e5a4e374/element [5.154369ms] ERR:404 body={"strategy":"-android uiautomator","selector":"new UiSelector().resourceIdMatches(\".*COMMUNITY.*\")...
12:00:54.414101 POST /session/41dc848e-257f-485e-8132-ef47e5a4e374/element [5.594234ms] ERR:404 body={"strategy":"-android uiautomator","selector":"new UiSelector().resourceIdMatches(\".*COMMUNITY.*\")...
12:00:54.419808 POST /session/41dc848e-257f-485e-8132-ef47e5a4e374/element [5.636505ms] ERR:404 body={"strategy":"-android uiautomator","selector":"new UiSelector().resourceIdMatches(\".*COMMUNITY.*\")...
12:00:54.425478 POST /session/41dc848e-257f-485e-8132-ef47e5a4e374/element [5.599849ms] ERR:404 body={"strategy":"-android uiautomator","selector":"new UiSelector().resourceIdMatches(\".*COMMUNITY.*\")...
12:00:54.431401 POST /session/41dc848e-257f-485e-8132-ef47e5a4e374/element [5.857203ms] ERR:404 body={"strategy":"-android uiautomator","selector":"new UiSelector().resourceIdMatches(\".*COMMUNITY.*\")...
12:00:54.438032 POST /session/41dc848e-257f-485e-8132-ef47e5a4e374/element [6.577942ms] ERR:404 body={"strategy":"-android uiautomator","selector":"new UiSelector().resourceIdMatches(\".*COMMUNITY.*\")...
12:00:54.444185 POST /session/41dc848e-257f-485e-8132-ef47e5a4e374/element [6.095565ms] ERR:404 body={"strategy":"-android uiautomator","selector":"new UiSelector().resourceIdMatches(\".*COMMUNITY.*\")...
12:00:54.450164 POST /session/41dc848e-257f-485e-8132-ef47e5a4e374/element [5.934211ms] ERR:404 body={"strategy":"-android uiautomator","selector":"new UiSelector().resourceIdMatches(\".*COMMUNITY.*\")...
12:00:54.456434 POST /session/41dc848e-257f-485e-8132-ef47e5a4e374/element [6.222996ms] ERR:404 body={"strategy":"-android uiautomator","selector":"new UiSelector().resourceIdMatches(\".*COMMUNITY.*\")...
12:00:54.462448 POST /session/41dc848e-257f-485e-8132-ef47e5a4e374/element [5.966518ms] ERR:404 body={"strategy":"-android uiautomator","selector":"new UiSelector().resourceIdMatches(\".*COMMUNITY.*\")...
12:00:54.469049 POST /session/41dc848e-257f-485e-8132-ef47e5a4e374/element [6.540444ms] ERR:404 body={"strategy":"-android uiautomator","selector":"new UiSelector().resourceIdMatches(\".*COMMUNITY.*\")...
12:00:54.474834 POST /session/41dc848e-257f-485e-8132-ef47e5a4e374/element [5.734904ms] ERR:404 body={"strategy":"-android uiautomator","selector":"new UiSelector().resourceIdMatches(\".*COMMUNITY.*\")...
12:00:54.481661 POST /session/41dc848e-257f-485e-8132-ef47e5a4e374/element [6.762603ms] ERR:404 body={"strategy":"-android uiautomator","selector":"new UiSelector().resourceIdMatches(\".*COMMUNITY.*\")...
12:00:54.487867 POST /session/41dc848e-257f-485e-8132-ef47e5a4e374/element [6.128186ms] ERR:404 body={"strategy":"-android uiautomator","selector":"new UiSelector().resourceIdMatches(\".*COMMUNITY.*\")...
12:00:54.493538 POST /session/41dc848e-257f-485e-8132-ef47e5a4e374/element [5.602375ms] ERR:404 body={"strategy":"-android uiautomator","selector":"new UiSelector().resourceIdMatches(\".*COMMUNITY.*\")...
12:00:54.519063 POST /session/41dc848e-257f-485e-8132-ef47e5a4e374/element [25.447913ms] ERR:404 body={"strategy":"-android uiautomator","selector":"new UiSelector().resourceIdMatches(\".*COMMUNITY.*\")...
12:00:54.525879 POST /session/41dc848e-257f-485e-8132-ef47e5a4e374/element [6.750868ms] ERR:404 body={"strategy":"-android uiautomator","selector":"new UiSelector().resourceIdMatches(\".*COMMUNITY.*\")...
12:00:54.531543 POST /session/41dc848e-257f-485e-8132-ef47e5a4e374/element [5.579548ms] ERR:404 body={"strategy":"-android uiautomator","selector":"new UiSelector().resourceIdMatches(\".*COMMUNITY.*\")...
12:00:54.537620 POST /session/41dc848e-257f-485e-8132-ef47e5a4e374/element [5.9926ms] ERR:404 body={"strategy":"-android uiautomator","selector":"new UiSelector().resourceIdMatches(\".*COMMUNITY.*\")...
12:00:54.545081 POST /session/41dc848e-257f-485e-8132-ef47e5a4e374/element [7.371849ms] ERR:404 body={"strategy":"-android uiautomator","selector":"new UiSelector().resourceIdMatches(\".*COMMUNITY.*\")...
12:00:54.550574 POST /session/41dc848e-257f-485e-8132-ef47e5a4e374/element [5.425002ms] ERR:404 body={"strategy":"-android uiautomator","selector":"new UiSelector().resourceIdMatches(\".*COMMUNITY.*\")...
12:00:54.556112 POST /session/41dc848e-257f-485e-8132-ef47e5a4e374/element [5.475308ms] ERR:404 body={"strategy":"-android uiautomator","selector":"new UiSelector().resourceIdMatches(\".*COMMUNITY.*\")...
12:00:54.569222 POST /session/41dc848e-257f-485e-8132-ef47e5a4e374/element [13.048608ms] ERR:404 body={"strategy":"-android uiautomator","selector":"new UiSelector().resourceIdMatches(\".*COMMUNITY.*\")...
12:00:54.575474 POST /session/41dc848e-257f-485e-8132-ef47e5a4e374/element [6.17554ms] ERR:404 body={"strategy":"-android uiautomator","selector":"new UiSelector().resourceIdMatches(\".*COMMUNITY.*\")...
12:00:54.588426 POST /session/41dc848e-257f-485e-8132-ef47e5a4e374/element [12.868936ms] ERR:404 body={"strategy":"-android uiautomator","selector":"new UiSelector().resourceIdMatches(\".*COMMUNITY.*\")...
12:00:54.599562 POST /session/41dc848e-257f-485e-8132-ef47e5a4e374/element [11.073106ms] ERR:404 body={"strategy":"-android uiautomator","selector":"new UiSelector().resourceIdMatches(\".*COMMUNITY.*\")...
12:00:54.607033 POST /session/41dc848e-257f-485e-8132-ef47e5a4e374/element [7.423514ms] ERR:404 body={"strategy":"-android uiautomator","selector":"new UiSelector().resourceIdMatches(\".*COMMUNITY.*\")...
12:00:54.615320 POST /session/41dc848e-257f-485e-8132-ef47e5a4e374/element [8.194652ms] ERR:404 body={"strategy":"-android uiautomator","selector":"new UiSelector().resourceIdMatches(\".*COMMUNITY.*\")...
12:00:54.620723 POST /session/41dc848e-257f-485e-8132-ef47e5a4e374/element [5.338156ms] ERR:404 body={"strategy":"-android uiautomator","selector":"new UiSelector().resourceIdMatches(\".*COMMUNITY.*\")...
12:00:54.627101 POST /session/41dc848e-257f-485e-8132-ef47e5a4e374/element [6.269828ms] ERR:404 body={"strategy":"-android uiautomator","selector":"new UiSelector().resourceIdMatches(\".*COMMUNITY.*\")...
12:00:54.632921 POST /session/41dc848e-257f-485e-8132-ef47e5a4e374/element [5.75928ms] ERR:404 body={"strategy":"-android uiautomator","selector":"new UiSelector().resourceIdMatches(\".*COMMUNITY.*\")...
12:00:54.638546 POST /session/41dc848e-257f-485e-8132-ef47e5a4e374/element [5.558133ms] ERR:404 body={"strategy":"-android uiautomator","selector":"new UiSelector().resourceIdMatches(\".*COMMUNITY.*\")...
12:00:54.644905 POST /session/41dc848e-257f-485e-8132-ef47e5a4e374/element [6.295385ms] ERR:404 body={"strategy":"-android uiautomator","selector":"new UiSelector().resourceIdMatches(\".*COMMUNITY.*\")...
12:00:54.649669 POST /session/41dc848e-257f-485e-8132-ef47e5a4e374/element [4.703638ms] ERR:404 body={"strategy":"-android uiautomator","selector":"new UiSelector().resourceIdMatches(\".*COMMUNITY.*\")...
12:00:54.655014 POST /session/41dc848e-257f-485e-8132-ef47e5a4e374/element [5.265794ms] ERR:404 body={"strategy":"-android uiautomator","selector":"new UiSelector().resourceIdMatches(\".*COMMUNITY.*\")...
12:00:54.664057 POST /session/41dc848e-257f-485e-8132-ef47e5a4e374/element [8.955459ms] ERR:404 body={"strategy":"-android uiautomator","selector":"new UiSelector().resourceIdMatches(\".*COMMUNITY.*\")...
12:00:54.669462 POST /session/41dc848e-257f-485e-8132-ef47e5a4e374/element [5.341523ms] ERR:404 body={"strategy":"-android uiautomator","selector":"new UiSelector().resourceIdMatches(\".*COMMUNITY.*\")...
12:00:54.675595 POST /session/41dc848e-257f-485e-8132-ef47e5a4e374/element [6.073897ms] ERR:404 body={"strategy":"-android uiautomator","selector":"new UiSelector().resourceIdMatches(\".*COMMUNITY.*\")...
12:00:54.681726 POST /session/41dc848e-257f-485e-8132-ef47e5a4e374/element [6.061245ms] ERR:404 body={"strategy":"-android uiautomator","selector":"new UiSelector().resourceIdMatches(\".*COMMUNITY.*\")...
12:00:54.687961 POST /session/41dc848e-257f-485e-8132-ef47e5a4e374/element [6.160126ms] ERR:404 body={"strategy":"-android uiautomator","selector":"new UiSelector().resourceIdMatches(\".*COMMUNITY.*\")...
12:00:54.693938 POST /session/41dc848e-257f-485e-8132-ef47e5a4e374/element [5.913413ms] ERR:404 body={"strategy":"-android uiautomator","selector":"new UiSelector().resourceIdMatches(\".*COMMUNITY.*\")...
12:00:54.701452 POST /session/41dc848e-257f-485e-8132-ef47e5a4e374/element [7.436615ms] ERR:404 body={"strategy":"-android uiautomator","selector":"new UiSelector().resourceIdMatches(\".*COMMUNITY.*\")...
12:00:54.709214 POST /session/41dc848e-257f-485e-8132-ef47e5a4e374/element [7.697431ms] ERR:404 body={"strategy":"-android uiautomator","selector":"new UiSelector().resourceIdMatches(\".*COMMUNITY.*\")...
12:00:54.716534 POST /session/41dc848e-257f-485e-8132-ef47e5a4e374/element [7.276745ms] ERR:404 body={"strategy":"-android uiautomator","selector":"new UiSelector().resourceIdMatches(\".*COMMUNITY.*\")...
12:00:54.725065 POST /session/41dc848e-257f-485e-8132-ef47e5a4e374/element [8.484831ms] ERR:404 body={"strategy":"-android uiautomator","selector":"new UiSelector().resourceIdMatches(\".*COMMUNITY.*\")...
12:00:54.822168 POST /session/41dc848e-257f-485e-8132-ef47e5a4e374/element [97.012048ms] ERR:404 body={"strategy":"-android uiautomator","selector":"new UiSelector().resourceIdMatches(\".*COMMUNITY.*\")...
12:00:54.829803 POST /session/41dc848e-257f-485e-8132-ef47e5a4e374/element [7.505493ms] ERR:404 body={"strategy":"-android uiautomator","selector":"new UiSelector().resourceIdMatches(\".*COMMUNITY.*\")...
12:00:54.837557 POST /session/41dc848e-257f-485e-8132-ef47e5a4e374/element [7.659108ms] ERR:404 body={"strategy":"-android uiautomator","selector":"new UiSelector().resourceIdMatches(\".*COMMUNITY.*\")...
12:00:54.843897 POST /session/41dc848e-257f-485e-8132-ef47e5a4e374/element [6.265275ms] ERR:404 body={"strategy":"-android uiautomator","selector":"new UiSelector().resourceIdMatches(\".*COMMUNITY.*\")...
12:00:54.850101 POST /session/41dc848e-257f-485e-8132-ef47e5a4e374/element [6.133385ms] ERR:404 body={"strategy":"-android uiautomator","selector":"new UiSelector().resourceIdMatches(\".*COMMUNITY.*\")...
12:00:54.856007 POST /session/41dc848e-257f-485e-8132-ef47e5a4e374/element [5.823673ms] ERR:404 body={"strategy":"-android uiautomator","selector":"new UiSelector().resourceIdMatches(\".*COMMUNITY.*\")...
12:00:54.861143 POST /session/41dc848e-257f-485e-8132-ef47e5a4e374/element [5.071876ms] ERR:404 body={"strategy":"-android uiautomator","selector":"new UiSelector().resourceIdMatches(\".*COMMUNITY.*\")...
12:00:54.869491 POST /session/41dc848e-257f-485e-8132-ef47e5a4e374/element [8.287035ms] ERR:404 body={"strategy":"-android uiautomator","selector":"new UiSelector().resourceIdMatches(\".*COMMUNITY.*\")...
12:00:54.875641 POST /session/41dc848e-257f-485e-8132-ef47e5a4e374/element [6.071865ms] ERR:404 body={"strategy":"-android uiautomator","selector":"new UiSelector().resourceIdMatches(\".*COMMUNITY.*\")...
12:00:55.524855 POST /session/41dc848e-257f-485e-8132-ef47e5a4e374/element [649.106324ms] ERR:404 body={"strategy":"-android uiautomator","selector":"new UiSelector().resourceIdMatches(\".*COMMUNITY.*\")...
12:00:56.654183 POST /session/41dc848e-257f-485e-8132-ef47e5a4e374/element [1.129223724s] OK body={"strategy":"-android uiautomator","selector":"new UiSelector().resourceIdMatches(\".*COMMUNITY.*\")...
12:00:57.073961 GET /session/41dc848e-257f-485e-8132-ef47e5a4e374/element/00000000-0000-0014-ffff-ffff000000bb/text [419.672371ms] OK body=
12:00:57.083202 GET /session/41dc848e-257f-485e-8132-ef47e5a4e374/element/00000000-0000-0014-ffff-ffff000000bb/rect [9.184544ms] OK body=
12:00:57.108447 POST /session/41dc848e-257f-485e-8132-ef47e5a4e374/element [23.860042ms] ERR:404 body={"strategy":"-android uiautomator","selector":"new UiSelector().resourceIdMatches(\".*SEARCH.*\").cl...
12:00:57.127845 POST /session/41dc848e-257f-485e-8132-ef47e5a4e374/element [19.325894ms] OK body={"strategy":"-android uiautomator","selector":"new UiSelector().resourceIdMatches(\".*SEARCH.*\")"}
12:00:57.138273 GET /session/41dc848e-257f-485e-8132-ef47e5a4e374/element/00000000-0000-0014-ffff-ffff000000c7/text [10.38375ms] OK body=
12:00:57.146828 GET /session/41dc848e-257f-485e-8132-ef47e5a4e374/element/00000000-0000-0014-ffff-ffff000000c7/rect [8.511519ms] OK body=
12:00:57.181821 POST /session/41dc848e-257f-485e-8132-ef47e5a4e374/element/00000000-0000-0014-ffff-ffff000000c7/click [34.951432ms] OK body=
12:00:57.283442 POST /session/41dc848e-257f-485e-8132-ef47e5a4e374/element [100.396607ms] ERR:404 body={"strategy":"-android uiautomator","selector":"new UiSelector().resourceIdMatches(\".*search-recipe-...
12:00:57.311866 POST /session/41dc848e-257f-485e-8132-ef47e5a4e374/element [28.304553ms] ERR:404 body={"strategy":"-android uiautomator","selector":"new UiSelector().resourceIdMatches(\".*search-recipe-...
12:00:57.412690 POST /session/41dc848e-257f-485e-8132-ef47e5a4e374/element [100.704029ms] ERR:404 body={"strategy":"-android uiautomator","selector":"new UiSelector().resourceIdMatches(\".*search-recipe-...
12:00:57.960397 POST /session/41dc848e-257f-485e-8132-ef47e5a4e374/element [547.607769ms] OK body={"strategy":"-android uiautomator","selector":"new UiSelector().resourceIdMatches(\".*search-recipe-...
12:00:57.970258 GET /session/41dc848e-257f-485e-8132-ef47e5a4e374/element/00000000-0000-0014-ffff-ffff00000129/text [9.783844ms] OK body=
12:00:57.977367 GET /session/41dc848e-257f-485e-8132-ef47e5a4e374/element/00000000-0000-0014-ffff-ffff00000129/rect [7.063293ms] OK body=
12:00:58.228902 POST /session/41dc848e-257f-485e-8132-ef47e5a4e374/element/00000000-0000-0014-ffff-ffff00000129/click [251.473961ms] OK body=
12:00:58.271716 POST /session/41dc848e-257f-485e-8132-ef47e5a4e374/actions [41.697173ms] OK body={"actions":[{"actions":[{"type":"keyDown","value":"a"},{"type":"keyUp","value":"a"}],"id":"keyboard"...
12:00:58.292959 POST /session/41dc848e-257f-485e-8132-ef47e5a4e374/appium/device/hide_keyboard [20.18483ms] ERR:404 body=
12:00:58.999867 POST /session/41dc848e-257f-485e-8132-ef47e5a4e374/element [705.583907ms] ERR:404 body={"strategy":"-android uiautomator","selector":"new UiSelector().resourceIdMatches(\".*search-recipe-...
12:00:59.011188 POST /session/41dc848e-257f-485e-8132-ef47e5a4e374/element [11.197676ms] ERR:404 body={"strategy":"-android uiautomator","selector":"new UiSelector().resourceIdMatches(\".*search-recipe-...
12:00:59.019902 POST /session/41dc848e-257f-485e-8132-ef47e5a4e374/element [8.591073ms] ERR:404 body={"strategy":"-android uiautomator","selector":"new UiSelector().resourceIdMatches(\".*search-recipe-...
12:00:59.027639 POST /session/41dc848e-257f-485e-8132-ef47e5a4e374/element [7.639472ms] ERR:404 body={"strategy":"-android uiautomator","selector":"new UiSelector().resourceIdMatches(\".*search-recipe-...
12:00:59.035693 POST /session/41dc848e-257f-485e-8132-ef47e5a4e374/element [7.93204ms] ERR:404 body={"strategy":"-android uiautomator","selector":"new UiSelector().resourceIdMatches(\".*search-recipe-...
12:00:59.043205 POST /session/41dc848e-257f-485e-8132-ef47e5a4e374/element [7.42989ms] ERR:404 body={"strategy":"-android uiautomator","selector":"new UiSelector().resourceIdMatches(\".*search-recipe-...
12:00:59.050536 POST /session/41dc848e-257f-485e-8132-ef47e5a4e374/element [7.264195ms] ERR:404 body={"strategy":"-android uiautomator","selector":"new UiSelector().resourceIdMatches(\".*search-recipe-...
12:00:59.057573 POST /session/41dc848e-257f-485e-8132-ef47e5a4e374/element [6.944986ms] ERR:404 body={"strategy":"-android uiautomator","selector":"new UiSelector().resourceIdMatches(\".*search-recipe-...
12:00:59.064617 POST /session/41dc848e-257f-485e-8132-ef47e5a4e374/element [6.971155ms] ERR:404 body={"strategy":"-android uiautomator","selector":"new UiSelector().resourceIdMatches(\".*search-recipe-...
12:00:59.072597 POST /session/41dc848e-257f-485e-8132-ef47e5a4e374/element [7.924107ms] ERR:404 body={"strategy":"-android uiautomator","selector":"new UiSelector().resourceIdMatches(\".*search-recipe-...
12:00:59.079592 POST /session/41dc848e-257f-485e-8132-ef47e5a4e374/element [6.935804ms] ERR:404 body={"strategy":"-android uiautomator","selector":"new UiSelector().resourceIdMatches(\".*search-recipe-...
12:00:59.087731 POST /session/41dc848e-257f-485e-8132-ef47e5a4e374/element [8.088311ms] ERR:404 body={"strategy":"-android uiautomator","selector":"new UiSelector().resourceIdMatches(\".*search-recipe-...
12:00:59.095708 POST /session/41dc848e-257f-485e-8132-ef47e5a4e374/element [7.889259ms] ERR:404 body={"strategy":"-android uiautomator","selector":"new UiSelector().resourceIdMatches(\".*search-recipe-...
12:00:59.102727 POST /session/41dc848e-257f-485e-8132-ef47e5a4e374/element [6.95791ms] ERR:404 body={"strategy":"-android uiautomator","selector":"new UiSelector().resourceIdMatches(\".*search-recipe-...
12:00:59.110704 POST /session/41dc848e-257f-485e-8132-ef47e5a4e374/element [7.880562ms] ERR:404 body={"strategy":"-android uiautomator","selector":"new UiSelector().resourceIdMatches(\".*search-recipe-...
12:00:59.119136 POST /session/41dc848e-257f-485e-8132-ef47e5a4e374/element [8.371084ms] ERR:404 body={"strategy":"-android uiautomator","selector":"new UiSelector().resourceIdMatches(\".*search-recipe-...
12:00:59.126013 POST /session/41dc848e-257f-485e-8132-ef47e5a4e374/element [6.819916ms] ERR:404 body={"strategy":"-android uiautomator","selector":"new UiSelector().resourceIdMatches(\".*search-recipe-...
12:00:59.134618 POST /session/41dc848e-257f-485e-8132-ef47e5a4e374/element [8.524053ms] ERR:404 body={"strategy":"-android uiautomator","selector":"new UiSelector().resourceIdMatches(\".*search-recipe-...
12:00:59.142757 POST /session/41dc848e-257f-485e-8132-ef47e5a4e374/element [8.075873ms] ERR:404 body={"strategy":"-android uiautomator","selector":"new UiSelector().resourceIdMatches(\".*search-recipe-...
12:00:59.150812 POST /session/41dc848e-257f-485e-8132-ef47e5a4e374/element [7.973219ms] ERR:404 body={"strategy":"-android uiautomator","selector":"new UiSelector().resourceIdMatches(\".*search-recipe-...
12:00:59.158352 POST /session/41dc848e-257f-485e-8132-ef47e5a4e374/element [7.486893ms] ERR:404 body={"strategy":"-android uiautomator","selector":"new UiSelector().resourceIdMatches(\".*search-recipe-...
12:00:59.166021 POST /session/41dc848e-257f-485e-8132-ef47e5a4e374/element [7.603195ms] ERR:404 body={"strategy":"-android uiautomator","selector":"new UiSelector().resourceIdMatches(\".*search-recipe-...
12:00:59.181724 POST /session/41dc848e-257f-485e-8132-ef47e5a4e374/element [15.645719ms] ERR:404 body={"strategy":"-android uiautomator","selector":"new UiSelector().resourceIdMatches(\".*search-recipe-...
12:00:59.191329 POST /session/41dc848e-257f-485e-8132-ef47e5a4e374/element [9.527819ms] ERR:404 body={"strategy":"-android uiautomator","selector":"new UiSelector().resourceIdMatches(\".*search-recipe-...
12:00:59.199981 POST /session/41dc848e-257f-485e-8132-ef47e5a4e374/element [8.584553ms] ERR:404 body={"strategy":"-android uiautomator","selector":"new UiSelector().resourceIdMatches(\".*search-recipe-...
12:01:00.054914 POST /session/41dc848e-257f-485e-8132-ef47e5a4e374/element [854.856148ms] OK body={"strategy":"-android uiautomator","selector":"new UiSelector().resourceIdMatches(\".*search-recipe-...
12:01:00.893766 GET /session/41dc848e-257f-485e-8132-ef47e5a4e374/element/00000000-0000-0014-ffff-ffff00000148/text [838.766295ms] OK body=
12:01:01.500778 GET /session/41dc848e-257f-485e-8132-ef47e5a4e374/element/00000000-0000-0014-ffff-ffff00000148/rect [606.934073ms] OK body=
12:01:05.317550 POST /session/41dc848e-257f-485e-8132-ef47e5a4e374/appium/device/launch_app [2.817991ms] ERR:404 body={"appId":"com.tastopia.app"}
12:01:07.548830 POST /session/41dc848e-257f-485e-8132-ef47e5a4e374/element [833.99925ms] OK body={"strategy":"-android uiautomator","selector":"new UiSelector().resourceIdMatches(\".*MENU.*\")"}
12:01:08.179165 GET /session/41dc848e-257f-485e-8132-ef47e5a4e374/element/00000000-0000-0016-ffff-ffff0000006f/text [630.247721ms] OK body=
12:01:09.398018 GET /session/41dc848e-257f-485e-8132-ef47e5a4e374/element/00000000-0000-0016-ffff-ffff0000006f/rect [1.218737053s] OK body=
12:01:09.434968 POST /session/41dc848e-257f-485e-8132-ef47e5a4e374/element [36.633209ms] ERR:404 body={"strategy":"-android uiautomator","selector":"new UiSelector().resourceIdMatches(\".*MENU.*\").clic...
12:01:09.455653 POST /session/41dc848e-257f-485e-8132-ef47e5a4e374/element [20.581748ms] OK body={"strategy":"-android uiautomator","selector":"new UiSelector().resourceIdMatches(\".*MENU.*\")"}
12:01:09.464349 GET /session/41dc848e-257f-485e-8132-ef47e5a4e374/element/00000000-0000-0016-ffff-ffff0000006f/text [8.621806ms] OK body=
12:01:09.473487 GET /session/41dc848e-257f-485e-8132-ef47e5a4e374/element/00000000-0000-0016-ffff-ffff0000006f/rect [9.081384ms] OK body=
12:01:09.500224 POST /session/41dc848e-257f-485e-8132-ef47e5a4e374/element/00000000-0000-0016-ffff-ffff0000006f/click [26.685702ms] OK body=
12:01:09.501856 POST /session/41dc848e-257f-485e-8132-ef47e5a4e374/appium/device/hide_keyboard [1.545056ms] ERR:404 body=
12:01:09.604823 POST /session/41dc848e-257f-485e-8132-ef47e5a4e374/element [102.691572ms] ERR:404 body={"strategy":"-android uiautomator","selector":"new UiSelector().textContains(\"History\")"}
12:01:09.665749 POST /session/41dc848e-257f-485e-8132-ef47e5a4e374/element [60.797673ms] ERR:404 body={"strategy":"-android uiautomator","selector":"new UiSelector().descriptionContains(\"History\")"}
12:01:09.686338 POST /session/41dc848e-257f-485e-8132-ef47e5a4e374/element [20.485804ms] ERR:404 body={"strategy":"-android uiautomator","selector":"new UiSelector().textMatches(\"(?is).*\\QHistory\\E.*...
12:01:09.849777 POST /session/41dc848e-257f-485e-8132-ef47e5a4e374/element [163.333772ms] ERR:404 body={"strategy":"-android uiautomator","selector":"new UiSelector().descriptionMatches(\"(?is).*\\QHisto...
12:01:10.402536 POST /session/41dc848e-257f-485e-8132-ef47e5a4e374/element [552.651084ms] OK body={"strategy":"-android uiautomator","selector":"new UiSelector().textContains(\"History\")"}
12:01:10.417210 POST /session/41dc848e-257f-485e-8132-ef47e5a4e374/element [13.500766ms] OK body={"strategy":"-android uiautomator","selector":"new UiSelector().resourceIdMatches(\".*menu-logout-bu...
12:01:10.423992 GET /session/41dc848e-257f-485e-8132-ef47e5a4e374/element/00000000-0000-0016-ffff-ffff000000df/text [6.743514ms] OK body=
12:01:10.434830 GET /session/41dc848e-257f-485e-8132-ef47e5a4e374/element/00000000-0000-0016-ffff-ffff000000df/rect [10.798882ms] OK body=
12:01:10.460495 POST /session/41dc848e-257f-485e-8132-ef47e5a4e374/element/00000000-0000-0016-ffff-ffff000000df/click [25.61493ms] OK body=
12:01:10.488432 POST /session/41dc848e-257f-485e-8132-ef47e5a4e374/element [27.691263ms] ERR:404 body={"strategy":"-android uiautomator","selector":"new UiSelector().textContains(\"Welcome to\")"}
12:01:10.505665 POST /session/41dc848e-257f-485e-8132-ef47e5a4e374/element [17.144059ms] ERR:404 body={"strategy":"-android uiautomator","selector":"new UiSelector().descriptionContains(\"Welcome to\")"...
12:01:10.524743 POST /session/41dc848e-257f-485e-8132-ef47e5a4e374/element [18.996201ms] ERR:404 body={"strategy":"-android uiautomator","selector":"new UiSelector().textMatches(\"(?is).*\\QWelcome to\\...
12:01:10.544655 POST /session/41dc848e-257f-485e-8132-ef47e5a4e374/element [19.851738ms] ERR:404 body={"strategy":"-android uiautomator","selector":"new UiSelector().descriptionMatches(\"(?is).*\\QWelco...
12:01:10.562108 POST /session/41dc848e-257f-485e-8132-ef47e5a4e374/element [17.374179ms] ERR:404 body={"strategy":"-android uiautomator","selector":"new UiSelector().textContains(\"Welcome to\")"}
12:01:10.578880 POST /session/41dc848e-257f-485e-8132-ef47e5a4e374/element [16.712664ms] ERR:404 body={"strategy":"-android uiautomator","selector":"new UiSelector().descriptionContains(\"Welcome to\")"...
12:01:10.596506 POST /session/41dc848e-257f-485e-8132-ef47e5a4e374/element [17.563096ms] ERR:404 body={"strategy":"-android uiautomator","selector":"new UiSelector().textMatches(\"(?is).*\\QWelcome to\\...
12:01:10.615905 POST /session/41dc848e-257f-485e-8132-ef47e5a4e374/element [19.303655ms] ERR:404 body={"strategy":"-android uiautomator","selector":"new UiSelector().descriptionMatches(\"(?is).*\\QWelco...
12:01:10.633150 POST /session/41dc848e-257f-485e-8132-ef47e5a4e374/element [17.176612ms] ERR:404 body={"strategy":"-android uiautomator","selector":"new UiSelector().textContains(\"Welcome to\")"}
12:01:10.649755 POST /session/41dc848e-257f-485e-8132-ef47e5a4e374/element [16.509698ms] ERR:404 body={"strategy":"-android uiautomator","selector":"new UiSelector().descriptionContains(\"Welcome to\")"...
12:01:10.666747 POST /session/41dc848e-257f-485e-8132-ef47e5a4e374/element [16.893403ms] ERR:404 body={"strategy":"-android uiautomator","selector":"new UiSelector().textMatches(\"(?is).*\\QWelcome to\\...
12:01:10.682962 POST /session/41dc848e-257f-485e-8132-ef47e5a4e374/element [16.127034ms] ERR:404 body={"strategy":"-android uiautomator","selector":"new UiSelector().descriptionMatches(\"(?is).*\\QWelco...
12:01:10.698717 POST /session/41dc848e-257f-485e-8132-ef47e5a4e374/element [15.683805ms] ERR:404 body={"strategy":"-android uiautomator","selector":"new UiSelector().textContains(\"Welcome to\")"}
12:01:10.717286 POST /session/41dc848e-257f-485e-8132-ef47e5a4e374/element [18.504008ms] ERR:404 body={"strategy":"-android uiautomator","selector":"new UiSelector().descriptionContains(\"Welcome to\")"...
12:01:10.733441 POST /session/41dc848e-257f-485e-8132-ef47e5a4e374/element [16.102889ms] ERR:404 body={"strategy":"-android uiautomator","selector":"new UiSelector().textMatches(\"(?is).*\\QWelcome to\\...
12:01:10.749653 POST /session/41dc848e-257f-485e-8132-ef47e5a4e374/element [16.146305ms] ERR:404 body={"strategy":"-android uiautomator","selector":"new UiSelector().descriptionMatches(\"(?is).*\\QWelco...
12:01:10.782774 POST /session/41dc848e-257f-485e-8132-ef47e5a4e374/element [33.032559ms] ERR:404 body={"strategy":"-android uiautomator","selector":"new UiSelector().textContains(\"Welcome to\")"}
12:01:10.799961 POST /session/41dc848e-257f-485e-8132-ef47e5a4e374/element [17.118829ms] ERR:404 body={"strategy":"-android uiautomator","selector":"new UiSelector().descriptionContains(\"Welcome to\")"...
12:01:10.816254 POST /session/41dc848e-257f-485e-8132-ef47e5a4e374/element [16.229431ms] ERR:404 body={"strategy":"-android uiautomator","selector":"new UiSelector().textMatches(\"(?is).*\\QWelcome to\\...
12:01:10.832812 POST /session/41dc848e-257f-485e-8132-ef47e5a4e374/element [16.501454ms] ERR:404 body={"strategy":"-android uiautomator","selector":"new UiSelector().descriptionMatches(\"(?is).*\\QWelco...
12:01:10.849179 POST /session/41dc848e-257f-485e-8132-ef47e5a4e374/element [16.283787ms] ERR:404 body={"strategy":"-android uiautomator","selector":"new UiSelector().textContains(\"Welcome to\")"}
12:01:10.865213 POST /session/41dc848e-257f-485e-8132-ef47e5a4e374/element [15.964547ms] ERR:404 body={"strategy":"-android uiautomator","selector":"new UiSelector().descriptionContains(\"Welcome to\")"...
12:01:10.882758 POST /session/41dc848e-257f-485e-8132-ef47e5a4e374/element [17.463229ms] ERR:404 body={"strategy":"-android uiautomator","selector":"new UiSelector().textMatches(\"(?is).*\\QWelcome to\\...
12:01:10.900346 POST /session/41dc848e-257f-485e-8132-ef47e5a4e374/element [17.510272ms] ERR:404 body={"strategy":"-android uiautomator","selector":"new UiSelector().descriptionMatches(\"(?is).*\\QWelco...
12:01:10.918376 POST /session/41dc848e-257f-485e-8132-ef47e5a4e374/element [17.954965ms] ERR:404 body={"strategy":"-android uiautomator","selector":"new UiSelector().textContains(\"Welcome to\")"}
12:01:10.935706 POST /session/41dc848e-257f-485e-8132-ef47e5a4e374/element [17.235701ms] ERR:404 body={"strategy":"-android uiautomator","selector":"new UiSelector().descriptionContains(\"Welcome to\")"...
12:01:10.956207 POST /session/41dc848e-257f-485e-8132-ef47e5a4e374/element [20.431703ms] ERR:404 body={"strategy":"-android uiautomator","selector":"new UiSelector().textMatches(\"(?is).*\\QWelcome to\\...
12:01:10.976399 POST /session/41dc848e-257f-485e-8132-ef47e5a4e374/element [20.123632ms] ERR:404 body={"strategy":"-android uiautomator","selector":"new UiSelector().descriptionMatches(\"(?is).*\\QWelco...
12:01:10.995324 POST /session/41dc848e-257f-485e-8132-ef47e5a4e374/element [18.860328ms] ERR:404 body={"strategy":"-android uiautomator","selector":"new UiSelector().textContains(\"Welcome to\")"}
12:01:11.013523 POST /session/41dc848e-257f-485e-8132-ef47e5a4e374/element [18.129727ms] ERR:404 body={"strategy":"-android uiautomator","selector":"new UiSelector().descriptionContains(\"Welcome to\")"...
12:01:11.031667 POST /session/41dc848e-257f-485e-8132-ef47e5a4e374/element [18.066528ms] ERR:404 body={"strategy":"-android uiautomator","selector":"new UiSelector().textMatches(\"(?is).*\\QWelcome to\\...
12:01:11.051279 POST /session/41dc848e-257f-485e-8132-ef47e5a4e374/element [19.531585ms] ERR:404 body={"strategy":"-android uiautomator","selector":"new UiSelector().descriptionMatches(\"(?is).*\\QWelco...
12:01:11.075373 POST /session/41dc848e-257f-485e-8132-ef47e5a4e374/element [24.026386ms] ERR:404 body={"strategy":"-android uiautomator","selector":"new UiSelector().textContains(\"Welcome to\")"}
12:01:11.092988 POST /session/41dc848e-257f-485e-8132-ef47e5a4e374/element [17.546106ms] ERR:404 body={"strategy":"-android uiautomator","selector":"new UiSelector().descriptionContains(\"Welcome to\")"...
12:01:11.115349 POST /session/41dc848e-257f-485e-8132-ef47e5a4e374/element [22.28277ms] ERR:404 body={"strategy":"-android uiautomator","selector":"new UiSelector().textMatches(\"(?is).*\\QWelcome to\\...
12:01:11.135522 POST /session/41dc848e-257f-485e-8132-ef47e5a4e374/element [20.088376ms] ERR:404 body={"strategy":"-android uiautomator","selector":"new UiSelector().descriptionMatches(\"(?is).*\\QWelco...
12:01:11.148314 POST /session/41dc848e-257f-485e-8132-ef47e5a4e374/element [12.690532ms] ERR:404 body={"strategy":"-android uiautomator","selector":"new UiSelector().textContains(\"Welcome to\")"}
12:01:11.160682 POST /session/41dc848e-257f-485e-8132-ef47e5a4e374/element [12.283376ms] ERR:404 body={"strategy":"-android uiautomator","selector":"new UiSelector().descriptionContains(\"Welcome to\")"...
12:01:11.173954 POST /session/41dc848e-257f-485e-8132-ef47e5a4e374/element [13.195558ms] ERR:404 body={"strategy":"-android uiautomator","selector":"new UiSelector().textMatches(\"(?is).*\\QWelcome to\\...
12:01:11.186087 POST /session/41dc848e-257f-485e-8132-ef47e5a4e374/element [12.050968ms] ERR:404 body={"strategy":"-android uiautomator","selector":"new UiSelector().descriptionMatches(\"(?is).*\\QWelco...
12:01:11.198755 POST /session/41dc848e-257f-485e-8132-ef47e5a4e374/element [12.591679ms] ERR:404 body={"strategy":"-android uiautomator","selector":"new UiSelector().textContains(\"Welcome to\")"}
12:01:11.212062 POST /session/41dc848e-257f-485e-8132-ef47e5a4e374/element [13.219857ms] ERR:404 body={"strategy":"-android uiautomator","selector":"new UiSelector().descriptionContains(\"Welcome to\")"...
12:01:11.225049 POST /session/41dc848e-257f-485e-8132-ef47e5a4e374/element [12.902986ms] ERR:404 body={"strategy":"-android uiautomator","selector":"new UiSelector().textMatches(\"(?is).*\\QWelcome to\\...
12:01:11.237746 POST /session/41dc848e-257f-485e-8132-ef47e5a4e374/element [12.61435ms] ERR:404 body={"strategy":"-android uiautomator","selector":"new UiSelector().descriptionMatches(\"(?is).*\\QWelco...
12:01:11.251426 POST /session/41dc848e-257f-485e-8132-ef47e5a4e374/element [13.606382ms] ERR:404 body={"strategy":"-android uiautomator","selector":"new UiSelector().textContains(\"Welcome to\")"}
12:01:11.265200 POST /session/41dc848e-257f-485e-8132-ef47e5a4e374/element [13.692079ms] ERR:404 body={"strategy":"-android uiautomator","selector":"new UiSelector().descriptionContains(\"Welcome to\")"...
12:01:11.278887 POST /session/41dc848e-257f-485e-8132-ef47e5a4e374/element [13.394382ms] ERR:404 body={"strategy":"-android uiautomator","selector":"new UiSelector().textMatches(\"(?is).*\\QWelcome to\\...
12:01:11.292910 POST /session/41dc848e-257f-485e-8132-ef47e5a4e374/element [13.88863ms] ERR:404 body={"strategy":"-android uiautomator","selector":"new UiSelector().descriptionMatches(\"(?is).*\\QWelco...
12:01:11.306302 POST /session/41dc848e-257f-485e-8132-ef47e5a4e374/element [13.303329ms] ERR:404 body={"strategy":"-android uiautomator","selector":"new UiSelector().textContains(\"Welcome to\")"}
12:01:11.321082 POST /session/41dc848e-257f-485e-8132-ef47e5a4e374/element [14.701608ms] ERR:404 body={"strategy":"-android uiautomator","selector":"new UiSelector().descriptionContains(\"Welcome to\")"...
12:01:11.335322 POST /session/41dc848e-257f-485e-8132-ef47e5a4e374/element [14.169187ms] ERR:404 body={"strategy":"-android uiautomator","selector":"new UiSelector().textMatches(\"(?is).*\\QWelcome to\\...
12:01:11.356332 POST /session/41dc848e-257f-485e-8132-ef47e5a4e374/element [20.930557ms] ERR:404 body={"strategy":"-android uiautomator","selector":"new UiSelector().descriptionMatches(\"(?is).*\\QWelco...
12:01:11.370002 POST /session/41dc848e-257f-485e-8132-ef47e5a4e374/element [13.591699ms] ERR:404 body={"strategy":"-android uiautomator","selector":"new UiSelector().textContains(\"Welcome to\")"}
12:01:11.383979 POST /session/41dc848e-257f-485e-8132-ef47e5a4e374/element [13.904908ms] ERR:404 body={"strategy":"-android uiautomator","selector":"new UiSelector().descriptionContains(\"Welcome to\")"...
12:01:11.397210 POST /session/41dc848e-257f-485e-8132-ef47e5a4e374/element [13.149829ms] ERR:404 body={"strategy":"-android uiautomator","selector":"new UiSelector().textMatches(\"(?is).*\\QWelcome to\\...
12:01:11.410505 POST /session/41dc848e-257f-485e-8132-ef47e5a4e374/element [13.214021ms] ERR:404 body={"strategy":"-android uiautomator","selector":"new UiSelector().descriptionMatches(\"(?is).*\\QWelco...
12:01:11.437200 POST /session/41dc848e-257f-485e-8132-ef47e5a4e374/element [26.617827ms] ERR:404 body={"strategy":"-android uiautomator","selector":"new UiSelector().textContains(\"Welcome to\")"}
12:01:11.452320 POST /session/41dc848e-257f-485e-8132-ef47e5a4e374/element [15.051888ms] ERR:404 body={"strategy":"-android uiautomator","selector":"new UiSelector().descriptionContains(\"Welcome to\")"...
12:01:11.478147 POST /session/41dc848e-257f-485e-8132-ef47e5a4e374/element [25.76138ms] ERR:404 body={"strategy":"-android uiautomator","selector":"new UiSelector().textMatches(\"(?is).*\\QWelcome to\\...
12:01:11.489973 POST /session/41dc848e-257f-485e-8132-ef47e5a4e374/element [11.750382ms] ERR:404 body={"strategy":"-android uiautomator","selector":"new UiSelector().descriptionMatches(\"(?is).*\\QWelco...
12:01:11.503610 POST /session/41dc848e-257f-485e-8132-ef47e5a4e374/element [13.573043ms] ERR:404 body={"strategy":"-android uiautomator","selector":"new UiSelector().textContains(\"Welcome to\")"}
12:01:11.526049 POST /session/41dc848e-257f-485e-8132-ef47e5a4e374/element [22.36735ms] ERR:404 body={"strategy":"-android uiautomator","selector":"new UiSelector().descriptionContains(\"Welcome to\")"...
12:01:12.403879 POST /session/41dc848e-257f-485e-8132-ef47e5a4e374/element [877.728266ms] ERR:404 body={"strategy":"-android uiautomator","selector":"new UiSelector().textMatches(\"(?is).*\\QWelcome to\\...
12:01:12.630937 POST /session/41dc848e-257f-485e-8132-ef47e5a4e374/element [226.935151ms] ERR:404 body={"strategy":"-android uiautomator","selector":"new UiSelector().descriptionMatches(\"(?is).*\\QWelco...
12:01:12.636821 POST /session/41dc848e-257f-485e-8132-ef47e5a4e374/element [5.789873ms] OK body={"strategy":"-android uiautomator","selector":"new UiSelector().textContains(\"Welcome to\")"}
12:01:12.642105 POST /session/41dc848e-257f-485e-8132-ef47e5a4e374/element [5.064769ms] OK body={"strategy":"-android uiautomator","selector":"new UiSelector().textContains(\"Tastopia\")"}
12:01:12.644272 POST /session/41dc848e-257f-485e-8132-ef47e5a4e374/appium/settings [1.500265ms] OK body={"settings":{"waitForIdleTimeout":200}}
12:01:16.178863 POST /session/41dc848e-257f-485e-8132-ef47e5a4e374/appium/device/launch_app [2.689307ms] ERR:404 body={"appId":"com.tastopia.app"}
12:01:18.496190 POST /session/41dc848e-257f-485e-8132-ef47e5a4e374/element [773.882193ms] OK body={"strategy":"-android uiautomator","selector":"new UiSelector().resourceIdMatches(\".*welcome-sign-i...
12:01:19.140712 GET /session/41dc848e-257f-485e-8132-ef47e5a4e374/element/00000000-0000-0018-ffff-ffff00000023/text [644.40695ms] OK body=
12:01:19.150969 GET /session/41dc848e-257f-485e-8132-ef47e5a4e374/element/00000000-0000-0018-ffff-ffff00000023/rect [10.167479ms] OK body=
12:01:19.179353 POST /session/41dc848e-257f-485e-8132-ef47e5a4e374/element/00000000-0000-0018-ffff-ffff00000023/click [28.309396ms] OK body=
12:01:19.187816 POST /session/41dc848e-257f-485e-8132-ef47e5a4e374/element [6.652255ms] ERR:404 body={"strategy":"-android uiautomator","selector":"new UiSelector().resourceIdMatches(\".*login-identifi...
12:01:19.194764 POST /session/41dc848e-257f-485e-8132-ef47e5a4e374/element [6.870073ms] ERR:404 body={"strategy":"-android uiautomator","selector":"new UiSelector().resourceIdMatches(\".*login-identifi...
12:01:19.201932 POST /session/41dc848e-257f-485e-8132-ef47e5a4e374/element [7.101424ms] ERR:404 body={"strategy":"-android uiautomator","selector":"new UiSelector().resourceIdMatches(\".*login-identifi...
12:01:19.208585 POST /session/41dc848e-257f-485e-8132-ef47e5a4e374/element [6.52939ms] ERR:404 body={"strategy":"-android uiautomator","selector":"new UiSelector().resourceIdMatches(\".*login-identifi...
12:01:19.215077 POST /session/41dc848e-257f-485e-8132-ef47e5a4e374/element [6.402325ms] ERR:404 body={"strategy":"-android uiautomator","selector":"new UiSelector().resourceIdMatches(\".*login-identifi...
12:01:19.221223 POST /session/41dc848e-257f-485e-8132-ef47e5a4e374/element [6.068462ms] ERR:404 body={"strategy":"-android uiautomator","selector":"new UiSelector().resourceIdMatches(\".*login-identifi...
12:01:19.227014 POST /session/41dc848e-257f-485e-8132-ef47e5a4e374/element [5.720995ms] ERR:404 body={"strategy":"-android uiautomator","selector":"new UiSelector().resourceIdMatches(\".*login-identifi...
12:01:19.233008 POST /session/41dc848e-257f-485e-8132-ef47e5a4e374/element [5.916327ms] ERR:404 body={"strategy":"-android uiautomator","selector":"new UiSelector().resourceIdMatches(\".*login-identifi...
12:01:19.239683 POST /session/41dc848e-257f-485e-8132-ef47e5a4e374/element [6.575397ms] ERR:404 body={"strategy":"-android uiautomator","selector":"new UiSelector().resourceIdMatches(\".*login-identifi...
12:01:19.244802 POST /session/41dc848e-257f-485e-8132-ef47e5a4e374/element [5.038799ms] ERR:404 body={"strategy":"-android uiautomator","selector":"new UiSelector().resourceIdMatches(\".*login-identifi...
12:01:19.250547 POST /session/41dc848e-257f-485e-8132-ef47e5a4e374/element [5.645596ms] ERR:404 body={"strategy":"-android uiautomator","selector":"new UiSelector().resourceIdMatches(\".*login-identifi...
12:01:19.263522 POST /session/41dc848e-257f-485e-8132-ef47e5a4e374/element [12.914949ms] ERR:404 body={"strategy":"-android uiautomator","selector":"new UiSelector().resourceIdMatches(\".*login-identifi...
12:01:19.268395 POST /session/41dc848e-257f-485e-8132-ef47e5a4e374/element [4.779082ms] ERR:404 body={"strategy":"-android uiautomator","selector":"new UiSelector().resourceIdMatches(\".*login-identifi...
12:01:19.279385 POST /session/41dc848e-257f-485e-8132-ef47e5a4e374/element [10.914299ms] ERR:404 body={"strategy":"-android uiautomator","selector":"new UiSelector().resourceIdMatches(\".*login-identifi...
12:01:19.285257 POST /session/41dc848e-257f-485e-8132-ef47e5a4e374/element [5.790792ms] ERR:404 body={"strategy":"-android uiautomator","selector":"new UiSelector().resourceIdMatches(\".*login-identifi...
12:01:19.294694 POST /session/41dc848e-257f-485e-8132-ef47e5a4e374/element [9.347449ms] ERR:404 body={"strategy":"-android uiautomator","selector":"new UiSelector().resourceIdMatches(\".*login-identifi...
12:01:19.299900 POST /session/41dc848e-257f-485e-8132-ef47e5a4e374/element [5.138483ms] ERR:404 body={"strategy":"-android uiautomator","selector":"new UiSelector().resourceIdMatches(\".*login-identifi...
12:01:19.305017 POST /session/41dc848e-257f-485e-8132-ef47e5a4e374/element [5.035668ms] ERR:404 body={"strategy":"-android uiautomator","selector":"new UiSelector().resourceIdMatches(\".*login-identifi...
12:01:19.337886 POST /session/41dc848e-257f-485e-8132-ef47e5a4e374/element [32.770521ms] ERR:404 body={"strategy":"-android uiautomator","selector":"new UiSelector().resourceIdMatches(\".*login-identifi...
12:01:20.142895 POST /session/41dc848e-257f-485e-8132-ef47e5a4e374/element [804.898259ms] OK body={"strategy":"-android uiautomator","selector":"new UiSelector().resourceIdMatches(\".*login-identifi...
12:01:20.152052 POST /session/41dc848e-257f-485e-8132-ef47e5a4e374/element [8.873526ms] OK body={"strategy":"-android uiautomator","selector":"new UiSelector().resourceIdMatches(\".*login-identifi...
12:01:20.159617 GET /session/41dc848e-257f-485e-8132-ef47e5a4e374/element/00000000-0000-0018-ffff-ffff00000032/text [7.528572ms] OK body=
12:01:20.167242 GET /session/41dc848e-257f-485e-8132-ef47e5a4e374/element/00000000-0000-0018-ffff-ffff00000032/rect [7.599658ms] OK body=
12:01:20.445985 POST /session/41dc848e-257f-485e-8132-ef47e5a4e374/element/00000000-0000-0018-ffff-ffff00000032/click [278.694039ms] OK body=
12:01:21.238508 POST /session/41dc848e-257f-485e-8132-ef47e5a4e374/actions [792.228644ms] OK body={"actions":[{"actions":[{"type":"keyDown","value":"a"},{"type":"keyUp","value":"a"},{"type":"keyDown...
12:01:21.243201 POST /session/41dc848e-257f-485e-8132-ef47e5a4e374/appium/device/hide_keyboard [4.590999ms] ERR:404 body=
12:01:21.800304 POST /session/41dc848e-257f-485e-8132-ef47e5a4e374/element [556.814162ms] OK body={"strategy":"-android uiautomator","selector":"new UiSelector().resourceIdMatches(\".*login-password...
12:01:21.810830 POST /session/41dc848e-257f-485e-8132-ef47e5a4e374/element [10.284316ms] OK body={"strategy":"-android uiautomator","selector":"new UiSelector().resourceIdMatches(\".*login-password...
12:01:21.819317 GET /session/41dc848e-257f-485e-8132-ef47e5a4e374/element/00000000-0000-0018-ffff-ffff00000033/text [8.429791ms] OK body=
12:01:21.826689 GET /session/41dc848e-257f-485e-8132-ef47e5a4e374/element/00000000-0000-0018-ffff-ffff00000033/rect [7.30295ms] OK body=
12:01:22.482625 POST /session/41dc848e-257f-485e-8132-ef47e5a4e374/element/00000000-0000-0018-ffff-ffff00000033/click [655.853984ms] OK body=
12:01:23.082719 POST /session/41dc848e-257f-485e-8132-ef47e5a4e374/actions [599.029032ms] OK body={"actions":[{"actions":[{"type":"keyDown","value":"P"},{"type":"keyUp","value":"P"},{"type":"keyDown...
12:01:23.086765 POST /session/41dc848e-257f-485e-8132-ef47e5a4e374/appium/device/hide_keyboard [3.463007ms] ERR:404 body=
12:01:23.607532 POST /session/41dc848e-257f-485e-8132-ef47e5a4e374/element [520.363769ms] OK body={"strategy":"-android uiautomator","selector":"new UiSelector().resourceIdMatches(\".*login-submit-b...
12:01:23.614262 GET /session/41dc848e-257f-485e-8132-ef47e5a4e374/element/00000000-0000-0018-ffff-ffff0000004c/text [6.671802ms] OK body=
12:01:23.621598 GET /session/41dc848e-257f-485e-8132-ef47e5a4e374/element/00000000-0000-0018-ffff-ffff0000004c/rect [7.295228ms] OK body=
12:01:23.645707 POST /session/41dc848e-257f-485e-8132-ef47e5a4e374/element/00000000-0000-0018-ffff-ffff0000004c/click [24.075425ms] OK body=
12:01:23.651269 POST /session/41dc848e-257f-485e-8132-ef47e5a4e374/element [5.528378ms] OK body={"strategy":"-android uiautomator","selector":"new UiSelector().resourceIdMatches(\".*login-submit-b...
12:01:23.657853 GET /session/41dc848e-257f-485e-8132-ef47e5a4e374/element/00000000-0000-0018-ffff-ffff0000004c/text [6.554794ms] OK body=
12:01:23.672217 GET /session/41dc848e-257f-485e-8132-ef47e5a4e374/element/00000000-0000-0018-ffff-ffff0000004c/rect [14.32671ms] OK body=
12:01:24.318148 POST /session/41dc848e-257f-485e-8132-ef47e5a4e374/element/00000000-0000-0018-ffff-ffff0000004c/click [645.872917ms] OK body=
12:01:24.341439 POST /session/41dc848e-257f-485e-8132-ef47e5a4e374/element [23.034945ms] ERR:404 body={"strategy":"-android uiautomator","selector":"new UiSelector().resourceIdMatches(\".*COMMUNITY.*\")...
12:01:24.355326 POST /session/41dc848e-257f-485e-8132-ef47e5a4e374/element [13.795609ms] ERR:404 body={"strategy":"-android uiautomator","selector":"new UiSelector().resourceIdMatches(\".*COMMUNITY.*\")...
12:01:24.362427 POST /session/41dc848e-257f-485e-8132-ef47e5a4e374/element [7.03095ms] ERR:404 body={"strategy":"-android uiautomator","selector":"new UiSelector().resourceIdMatches(\".*COMMUNITY.*\")...
12:01:24.370492 POST /session/41dc848e-257f-485e-8132-ef47e5a4e374/element [7.828752ms] ERR:404 body={"strategy":"-android uiautomator","selector":"new UiSelector().resourceIdMatches(\".*COMMUNITY.*\")...
12:01:24.377342 POST /session/41dc848e-257f-485e-8132-ef47e5a4e374/element [6.784731ms] ERR:404 body={"strategy":"-android uiautomator","selector":"new UiSelector().resourceIdMatches(\".*COMMUNITY.*\")...
12:01:24.383793 POST /session/41dc848e-257f-485e-8132-ef47e5a4e374/element [6.391176ms] ERR:404 body={"strategy":"-android uiautomator","selector":"new UiSelector().resourceIdMatches(\".*COMMUNITY.*\")...
12:01:24.390433 POST /session/41dc848e-257f-485e-8132-ef47e5a4e374/element [6.576396ms] ERR:404 body={"strategy":"-android uiautomator","selector":"new UiSelector().resourceIdMatches(\".*COMMUNITY.*\")...
12:01:24.400843 POST /session/41dc848e-257f-485e-8132-ef47e5a4e374/element [10.353517ms] ERR:404 body={"strategy":"-android uiautomator","selector":"new UiSelector().resourceIdMatches(\".*COMMUNITY.*\")...
12:01:24.437794 POST /session/41dc848e-257f-485e-8132-ef47e5a4e374/element [36.8745ms] ERR:404 body={"strategy":"-android uiautomator","selector":"new UiSelector().resourceIdMatches(\".*COMMUNITY.*\")...
12:01:25.383225 POST /session/41dc848e-257f-485e-8132-ef47e5a4e374/element [945.314045ms] ERR:404 body={"strategy":"-android uiautomator","selector":"new UiSelector().resourceIdMatches(\".*COMMUNITY.*\")...
12:01:25.392705 POST /session/41dc848e-257f-485e-8132-ef47e5a4e374/element [9.373237ms] ERR:404 body={"strategy":"-android uiautomator","selector":"new UiSelector().resourceIdMatches(\".*COMMUNITY.*\")...
12:01:25.400260 POST /session/41dc848e-257f-485e-8132-ef47e5a4e374/element [7.480646ms] ERR:404 body={"strategy":"-android uiautomator","selector":"new UiSelector().resourceIdMatches(\".*COMMUNITY.*\")...
12:01:25.408224 POST /session/41dc848e-257f-485e-8132-ef47e5a4e374/element [7.908395ms] ERR:404 body={"strategy":"-android uiautomator","selector":"new UiSelector().resourceIdMatches(\".*COMMUNITY.*\")...
12:01:25.416744 POST /session/41dc848e-257f-485e-8132-ef47e5a4e374/element [8.455457ms] ERR:404 body={"strategy":"-android uiautomator","selector":"new UiSelector().resourceIdMatches(\".*COMMUNITY.*\")...
12:01:25.423309 POST /session/41dc848e-257f-485e-8132-ef47e5a4e374/element [6.507828ms] ERR:404 body={"strategy":"-android uiautomator","selector":"new UiSelector().resourceIdMatches(\".*COMMUNITY.*\")...
12:01:25.429770 POST /session/41dc848e-257f-485e-8132-ef47e5a4e374/element [6.407131ms] ERR:404 body={"strategy":"-android uiautomator","selector":"new UiSelector().resourceIdMatches(\".*COMMUNITY.*\")...
12:01:25.437311 POST /session/41dc848e-257f-485e-8132-ef47e5a4e374/element [7.461096ms] ERR:404 body={"strategy":"-android uiautomator","selector":"new UiSelector().resourceIdMatches(\".*COMMUNITY.*\")...
12:01:25.443866 POST /session/41dc848e-257f-485e-8132-ef47e5a4e374/element [6.495862ms] ERR:404 body={"strategy":"-android uiautomator","selector":"new UiSelector().resourceIdMatches(\".*COMMUNITY.*\")...
12:01:25.450345 POST /session/41dc848e-257f-485e-8132-ef47e5a4e374/element [6.398349ms] ERR:404 body={"strategy":"-android uiautomator","selector":"new UiSelector().resourceIdMatches(\".*COMMUNITY.*\")...
12:01:25.457744 POST /session/41dc848e-257f-485e-8132-ef47e5a4e374/element [7.335657ms] ERR:404 body={"strategy":"-android uiautomator","selector":"new UiSelector().resourceIdMatches(\".*COMMUNITY.*\")...
12:01:25.469403 POST /session/41dc848e-257f-485e-8132-ef47e5a4e374/element [11.577823ms] ERR:404 body={"strategy":"-android uiautomator","selector":"new UiSelector().resourceIdMatches(\".*COMMUNITY.*\")...
12:01:25.482894 POST /session/41dc848e-257f-485e-8132-ef47e5a4e374/element [13.430896ms] ERR:404 body={"strategy":"-android uiautomator","selector":"new UiSelector().resourceIdMatches(\".*COMMUNITY.*\")...
12:01:25.488911 POST /session/41dc848e-257f-485e-8132-ef47e5a4e374/element [5.937876ms] ERR:404 body={"strategy":"-android uiautomator","selector":"new UiSelector().resourceIdMatches(\".*COMMUNITY.*\")...
12:01:25.495100 POST /session/41dc848e-257f-485e-8132-ef47e5a4e374/element [6.121925ms] ERR:404 body={"strategy":"-android uiautomator","selector":"new UiSelector().resourceIdMatches(\".*COMMUNITY.*\")...
12:01:25.501012 POST /session/41dc848e-257f-485e-8132-ef47e5a4e374/element [5.852171ms] ERR:404 body={"strategy":"-android uiautomator","selector":"new UiSelector().resourceIdMatches(\".*COMMUNITY.*\")...
12:01:25.507018 POST /session/41dc848e-257f-485e-8132-ef47e5a4e374/element [5.91081ms] ERR:404 body={"strategy":"-android uiautomator","selector":"new UiSelector().resourceIdMatches(\".*COMMUNITY.*\")...
12:01:25.512935 POST /session/41dc848e-257f-485e-8132-ef47e5a4e374/element [5.833367ms] ERR:404 body={"strategy":"-android uiautomator","selector":"new UiSelector().resourceIdMatches(\".*COMMUNITY.*\")...
12:01:25.519029 POST /session/41dc848e-257f-485e-8132-ef47e5a4e374/element [6.016092ms] ERR:404 body={"strategy":"-android uiautomator","selector":"new UiSelector().resourceIdMatches(\".*COMMUNITY.*\")...
12:01:25.526608 POST /session/41dc848e-257f-485e-8132-ef47e5a4e374/element [7.514499ms] ERR:404 body={"strategy":"-android uiautomator","selector":"new UiSelector().resourceIdMatches(\".*COMMUNITY.*\")...
12:01:25.534110 POST /session/41dc848e-257f-485e-8132-ef47e5a4e374/element [7.435613ms] ERR:404 body={"strategy":"-android uiautomator","selector":"new UiSelector().resourceIdMatches(\".*COMMUNITY.*\")...
12:01:25.546324 POST /session/41dc848e-257f-485e-8132-ef47e5a4e374/element [12.151865ms] ERR:404 body={"strategy":"-android uiautomator","selector":"new UiSelector().resourceIdMatches(\".*COMMUNITY.*\")...
12:01:25.559016 POST /session/41dc848e-257f-485e-8132-ef47e5a4e374/element [12.631866ms] ERR:404 body={"strategy":"-android uiautomator","selector":"new UiSelector().resourceIdMatches(\".*COMMUNITY.*\")...
12:01:25.568222 POST /session/41dc848e-257f-485e-8132-ef47e5a4e374/element [9.124343ms] ERR:404 body={"strategy":"-android uiautomator","selector":"new UiSelector().resourceIdMatches(\".*COMMUNITY.*\")...
12:01:25.574649 POST /session/41dc848e-257f-485e-8132-ef47e5a4e374/element [6.360803ms] ERR:404 body={"strategy":"-android uiautomator","selector":"new UiSelector().resourceIdMatches(\".*COMMUNITY.*\")...
12:01:25.580738 POST /session/41dc848e-257f-485e-8132-ef47e5a4e374/element [6.002837ms] ERR:404 body={"strategy":"-android uiautomator","selector":"new UiSelector().resourceIdMatches(\".*COMMUNITY.*\")...
12:01:25.591389 POST /session/41dc848e-257f-485e-8132-ef47e5a4e374/element [10.57703ms] ERR:404 body={"strategy":"-android uiautomator","selector":"new UiSelector().resourceIdMatches(\".*COMMUNITY.*\")...
12:01:25.598080 POST /session/41dc848e-257f-485e-8132-ef47e5a4e374/element [6.628926ms] ERR:404 body={"strategy":"-android uiautomator","selector":"new UiSelector().resourceIdMatches(\".*COMMUNITY.*\")...
12:01:25.604739 POST /session/41dc848e-257f-485e-8132-ef47e5a4e374/element [6.590498ms] ERR:404 body={"strategy":"-android uiautomator","selector":"new UiSelector().resourceIdMatches(\".*COMMUNITY.*\")...
12:01:25.609990 POST /session/41dc848e-257f-485e-8132-ef47e5a4e374/element [5.190547ms] ERR:404 body={"strategy":"-android uiautomator","selector":"new UiSelector().resourceIdMatches(\".*COMMUNITY.*\")...
12:01:25.615214 POST /session/41dc848e-257f-485e-8132-ef47e5a4e374/element [5.161921ms] ERR:404 body={"strategy":"-android uiautomator","selector":"new UiSelector().resourceIdMatches(\".*COMMUNITY.*\")...
12:01:25.620801 POST /session/41dc848e-257f-485e-8132-ef47e5a4e374/element [5.502905ms] ERR:404 body={"strategy":"-android uiautomator","selector":"new UiSelector().resourceIdMatches(\".*COMMUNITY.*\")...
12:01:25.626161 POST /session/41dc848e-257f-485e-8132-ef47e5a4e374/element [5.298934ms] ERR:404 body={"strategy":"-android uiautomator","selector":"new UiSelector().resourceIdMatches(\".*COMMUNITY.*\")...
12:01:25.631494 POST /session/41dc848e-257f-485e-8132-ef47e5a4e374/element [5.277495ms] ERR:404 body={"strategy":"-android uiautomator","selector":"new UiSelector().resourceIdMatches(\".*COMMUNITY.*\")...
12:01:25.638554 POST /session/41dc848e-257f-485e-8132-ef47e5a4e374/element [6.98575ms] ERR:404 body={"strategy":"-android uiautomator","selector":"new UiSelector().resourceIdMatches(\".*COMMUNITY.*\")...
12:01:25.644261 POST /session/41dc848e-257f-485e-8132-ef47e5a4e374/element [5.637466ms] ERR:404 body={"strategy":"-android uiautomator","selector":"new UiSelector().resourceIdMatches(\".*COMMUNITY.*\")...
12:01:25.649722 POST /session/41dc848e-257f-485e-8132-ef47e5a4e374/element [5.401573ms] ERR:404 body={"strategy":"-android uiautomator","selector":"new UiSelector().resourceIdMatches(\".*COMMUNITY.*\")...
12:01:25.655360 POST /session/41dc848e-257f-485e-8132-ef47e5a4e374/element [5.575861ms] ERR:404 body={"strategy":"-android uiautomator","selector":"new UiSelector().resourceIdMatches(\".*COMMUNITY.*\")...
12:01:25.660920 POST /session/41dc848e-257f-485e-8132-ef47e5a4e374/element [5.495945ms] ERR:404 body={"strategy":"-android uiautomator","selector":"new UiSelector().resourceIdMatches(\".*COMMUNITY.*\")...
12:01:25.667698 POST /session/41dc848e-257f-485e-8132-ef47e5a4e374/element [6.705989ms] ERR:404 body={"strategy":"-android uiautomator","selector":"new UiSelector().resourceIdMatches(\".*COMMUNITY.*\")...
12:01:25.674284 POST /session/41dc848e-257f-485e-8132-ef47e5a4e374/element [6.521422ms] ERR:404 body={"strategy":"-android uiautomator","selector":"new UiSelector().resourceIdMatches(\".*COMMUNITY.*\")...
12:01:25.679913 POST /session/41dc848e-257f-485e-8132-ef47e5a4e374/element [5.568638ms] ERR:404 body={"strategy":"-android uiautomator","selector":"new UiSelector().resourceIdMatches(\".*COMMUNITY.*\")...
12:01:25.686000 POST /session/41dc848e-257f-485e-8132-ef47e5a4e374/element [6.010808ms] ERR:404 body={"strategy":"-android uiautomator","selector":"new UiSelector().resourceIdMatches(\".*COMMUNITY.*\")...
12:01:25.692334 POST /session/41dc848e-257f-485e-8132-ef47e5a4e374/element [6.268574ms] ERR:404 body={"strategy":"-android uiautomator","selector":"new UiSelector().resourceIdMatches(\".*COMMUNITY.*\")...
12:01:25.698333 POST /session/41dc848e-257f-485e-8132-ef47e5a4e374/element [5.937878ms] ERR:404 body={"strategy":"-android uiautomator","selector":"new UiSelector().resourceIdMatches(\".*COMMUNITY.*\")...
12:01:25.705169 POST /session/41dc848e-257f-485e-8132-ef47e5a4e374/element [6.764458ms] ERR:404 body={"strategy":"-android uiautomator","selector":"new UiSelector().resourceIdMatches(\".*COMMUNITY.*\")...
12:01:25.711793 POST /session/41dc848e-257f-485e-8132-ef47e5a4e374/element [6.565464ms] ERR:404 body={"strategy":"-android uiautomator","selector":"new UiSelector().resourceIdMatches(\".*COMMUNITY.*\")...
12:01:25.724542 POST /session/41dc848e-257f-485e-8132-ef47e5a4e374/element [12.544356ms] ERR:404 body={"strategy":"-android uiautomator","selector":"new UiSelector().resourceIdMatches(\".*COMMUNITY.*\")...
12:01:25.730758 POST /session/41dc848e-257f-485e-8132-ef47e5a4e374/element [6.141988ms] ERR:404 body={"strategy":"-android uiautomator","selector":"new UiSelector().resourceIdMatches(\".*COMMUNITY.*\")...
12:01:25.833605 POST /session/41dc848e-257f-485e-8132-ef47e5a4e374/element [102.757174ms] ERR:404 body={"strategy":"-android uiautomator","selector":"new UiSelector().resourceIdMatches(\".*COMMUNITY.*\")...
12:01:25.849937 POST /session/41dc848e-257f-485e-8132-ef47e5a4e374/element [16.193979ms] ERR:404 body={"strategy":"-android uiautomator","selector":"new UiSelector().resourceIdMatches(\".*COMMUNITY.*\")...
12:01:25.857692 POST /session/41dc848e-257f-485e-8132-ef47e5a4e374/element [7.637392ms] ERR:404 body={"strategy":"-android uiautomator","selector":"new UiSelector().resourceIdMatches(\".*COMMUNITY.*\")...
12:01:25.864175 POST /session/41dc848e-257f-485e-8132-ef47e5a4e374/element [6.414494ms] ERR:404 body={"strategy":"-android uiautomator","selector":"new UiSelector().resourceIdMatches(\".*COMMUNITY.*\")...
12:01:25.870535 POST /session/41dc848e-257f-485e-8132-ef47e5a4e374/element [6.276706ms] ERR:404 body={"strategy":"-android uiautomator","selector":"new UiSelector().resourceIdMatches(\".*COMMUNITY.*\")...
12:01:25.877026 POST /session/41dc848e-257f-485e-8132-ef47e5a4e374/element [6.416453ms] ERR:404 body={"strategy":"-android uiautomator","selector":"new UiSelector().resourceIdMatches(\".*COMMUNITY.*\")...
12:01:25.883699 POST /session/41dc848e-257f-485e-8132-ef47e5a4e374/element [6.584976ms] ERR:404 body={"strategy":"-android uiautomator","selector":"new UiSelector().resourceIdMatches(\".*COMMUNITY.*\")...
12:01:25.894457 POST /session/41dc848e-257f-485e-8132-ef47e5a4e374/element [10.689786ms] ERR:404 body={"strategy":"-android uiautomator","selector":"new UiSelector().resourceIdMatches(\".*COMMUNITY.*\")...
12:01:25.900790 POST /session/41dc848e-257f-485e-8132-ef47e5a4e374/element [6.255583ms] ERR:404 body={"strategy":"-android uiautomator","selector":"new UiSelector().resourceIdMatches(\".*COMMUNITY.*\")...
12:01:25.907327 POST /session/41dc848e-257f-485e-8132-ef47e5a4e374/element [6.457556ms] ERR:404 body={"strategy":"-android uiautomator","selector":"new UiSelector().resourceIdMatches(\".*COMMUNITY.*\")...
12:01:25.914315 POST /session/41dc848e-257f-485e-8132-ef47e5a4e374/element [6.905725ms] ERR:404 body={"strategy":"-android uiautomator","selector":"new UiSelector().resourceIdMatches(\".*COMMUNITY.*\")...
12:01:25.957368 POST /session/41dc848e-257f-485e-8132-ef47e5a4e374/element [42.962596ms] ERR:404 body={"strategy":"-android uiautomator","selector":"new UiSelector().resourceIdMatches(\".*COMMUNITY.*\")...
12:01:26.546643 POST /session/41dc848e-257f-485e-8132-ef47e5a4e374/element [589.153107ms] ERR:404 body={"strategy":"-android uiautomator","selector":"new UiSelector().resourceIdMatches(\".*COMMUNITY.*\")...
12:01:27.717932 POST /session/41dc848e-257f-485e-8132-ef47e5a4e374/element [1.171123607s] OK body={"strategy":"-android uiautomator","selector":"new UiSelector().resourceIdMatches(\".*COMMUNITY.*\")...
12:01:28.135387 GET /session/41dc848e-257f-485e-8132-ef47e5a4e374/element/00000000-0000-0018-ffff-ffff00000098/text [417.38855ms] OK body=
12:01:28.144891 GET /session/41dc848e-257f-485e-8132-ef47e5a4e374/element/00000000-0000-0018-ffff-ffff00000098/rect [9.445602ms] OK body=
12:01:28.168911 POST /session/41dc848e-257f-485e-8132-ef47e5a4e374/element [23.38974ms] ERR:404 body={"strategy":"-android uiautomator","selector":"new UiSelector().resourceIdMatches(\".*SEARCH.*\").cl...
12:01:28.188867 POST /session/41dc848e-257f-485e-8132-ef47e5a4e374/element [19.860753ms] OK body={"strategy":"-android uiautomator","selector":"new UiSelector().resourceIdMatches(\".*SEARCH.*\")"}
12:01:28.196357 GET /session/41dc848e-257f-485e-8132-ef47e5a4e374/element/00000000-0000-0018-ffff-ffff000000a4/text [7.442194ms] OK body=
12:01:28.205530 GET /session/41dc848e-257f-485e-8132-ef47e5a4e374/element/00000000-0000-0018-ffff-ffff000000a4/rect [9.134724ms] OK body=
12:01:28.233901 POST /session/41dc848e-257f-485e-8132-ef47e5a4e374/element/00000000-0000-0018-ffff-ffff000000a4/click [28.32269ms] OK body=
12:01:28.337045 POST /session/41dc848e-257f-485e-8132-ef47e5a4e374/element [102.244685ms] ERR:404 body={"strategy":"-android uiautomator","selector":"new UiSelector().resourceIdMatches(\".*search-mode-to...
12:01:28.382842 POST /session/41dc848e-257f-485e-8132-ef47e5a4e374/element [45.65956ms] ERR:404 body={"strategy":"-android uiautomator","selector":"new UiSelector().resourceIdMatches(\".*search-mode-to...
12:01:28.465271 POST /session/41dc848e-257f-485e-8132-ef47e5a4e374/element [82.310788ms] ERR:404 body={"strategy":"-android uiautomator","selector":"new UiSelector().resourceIdMatches(\".*search-mode-to...
12:01:29.033363 POST /session/41dc848e-257f-485e-8132-ef47e5a4e374/element [567.978106ms] OK body={"strategy":"-android uiautomator","selector":"new UiSelector().resourceIdMatches(\".*search-mode-to...
12:01:29.042521 GET /session/41dc848e-257f-485e-8132-ef47e5a4e374/element/00000000-0000-0018-ffff-ffff00000111/text [9.105735ms] OK body=
12:01:29.052373 GET /session/41dc848e-257f-485e-8132-ef47e5a4e374/element/00000000-0000-0018-ffff-ffff00000111/rect [9.817786ms] OK body=
12:01:29.080251 POST /session/41dc848e-257f-485e-8132-ef47e5a4e374/element/00000000-0000-0018-ffff-ffff00000111/click [27.828203ms] OK body=
12:01:29.099899 POST /session/41dc848e-257f-485e-8132-ef47e5a4e374/element [18.852428ms] ERR:404 body={"strategy":"-android uiautomator","selector":"new UiSelector().resourceIdMatches(\".*search-user-in...
12:01:29.113921 POST /session/41dc848e-257f-485e-8132-ef47e5a4e374/element [13.948608ms] ERR:404 body={"strategy":"-android uiautomator","selector":"new UiSelector().resourceIdMatches(\".*search-user-in...
12:01:29.173731 POST /session/41dc848e-257f-485e-8132-ef47e5a4e374/element [59.70411ms] ERR:404 body={"strategy":"-android uiautomator","selector":"new UiSelector().resourceIdMatches(\".*search-user-in...
12:01:29.745969 POST /session/41dc848e-257f-485e-8132-ef47e5a4e374/element [572.119259ms] OK body={"strategy":"-android uiautomator","selector":"new UiSelector().resourceIdMatches(\".*search-user-in...
12:01:29.754581 GET /session/41dc848e-257f-485e-8132-ef47e5a4e374/element/00000000-0000-0018-ffff-ffff0000011c/text [8.541528ms] OK body=
12:01:29.763270 GET /session/41dc848e-257f-485e-8132-ef47e5a4e374/element/00000000-0000-0018-ffff-ffff0000011c/rect [8.621699ms] OK body=
12:01:30.003707 POST /session/41dc848e-257f-485e-8132-ef47e5a4e374/element/00000000-0000-0018-ffff-ffff0000011c/click [240.362519ms] OK body=
12:01:30.032892 POST /session/41dc848e-257f-485e-8132-ef47e5a4e374/actions [28.071424ms] OK body={"actions":[{"actions":[{"type":"keyDown","value":"a"},{"type":"keyUp","value":"a"}],"id":"keyboard"...
12:01:30.038624 POST /session/41dc848e-257f-485e-8132-ef47e5a4e374/appium/device/hide_keyboard [4.900364ms] ERR:404 body=
12:01:30.705616 POST /session/41dc848e-257f-485e-8132-ef47e5a4e374/element [526.174806ms] ERR:404 body={"strategy":"-android uiautomator","selector":"new UiSelector().resourceIdMatches(\".*search-user-fo...
12:01:30.713107 POST /session/41dc848e-257f-485e-8132-ef47e5a4e374/element [7.356876ms] ERR:404 body={"strategy":"-android uiautomator","selector":"new UiSelector().resourceIdMatches(\".*search-user-fo...
12:01:30.721893 POST /session/41dc848e-257f-485e-8132-ef47e5a4e374/element [8.67292ms] ERR:404 body={"strategy":"-android uiautomator","selector":"new UiSelector().resourceIdMatches(\".*search-user-fo...
12:01:30.729776 POST /session/41dc848e-257f-485e-8132-ef47e5a4e374/element [7.810298ms] ERR:404 body={"strategy":"-android uiautomator","selector":"new UiSelector().resourceIdMatches(\".*search-user-fo...
12:01:30.737372 POST /session/41dc848e-257f-485e-8132-ef47e5a4e374/element [7.53038ms] ERR:404 body={"strategy":"-android uiautomator","selector":"new UiSelector().resourceIdMatches(\".*search-user-fo...
12:01:30.743748 POST /session/41dc848e-257f-485e-8132-ef47e5a4e374/element [6.316342ms] ERR:404 body={"strategy":"-android uiautomator","selector":"new UiSelector().resourceIdMatches(\".*search-user-fo...
12:01:30.751315 POST /session/41dc848e-257f-485e-8132-ef47e5a4e374/element [7.520884ms] ERR:404 body={"strategy":"-android uiautomator","selector":"new UiSelector().resourceIdMatches(\".*search-user-fo...
12:01:30.757377 POST /session/41dc848e-257f-485e-8132-ef47e5a4e374/element [6.019475ms] ERR:404 body={"strategy":"-android uiautomator","selector":"new UiSelector().resourceIdMatches(\".*search-user-fo...
12:01:30.765158 POST /session/41dc848e-257f-485e-8132-ef47e5a4e374/element [7.697631ms] ERR:404 body={"strategy":"-android uiautomator","selector":"new UiSelector().resourceIdMatches(\".*search-user-fo...
12:01:30.777895 POST /session/41dc848e-257f-485e-8132-ef47e5a4e374/element [12.67856ms] ERR:404 body={"strategy":"-android uiautomator","selector":"new UiSelector().resourceIdMatches(\".*search-user-fo...
12:01:30.783956 POST /session/41dc848e-257f-485e-8132-ef47e5a4e374/element [5.996884ms] ERR:404 body={"strategy":"-android uiautomator","selector":"new UiSelector().resourceIdMatches(\".*search-user-fo...
12:01:30.791180 POST /session/41dc848e-257f-485e-8132-ef47e5a4e374/element [7.157469ms] ERR:404 body={"strategy":"-android uiautomator","selector":"new UiSelector().resourceIdMatches(\".*search-user-fo...
12:01:30.797237 POST /session/41dc848e-257f-485e-8132-ef47e5a4e374/element [5.998889ms] ERR:404 body={"strategy":"-android uiautomator","selector":"new UiSelector().resourceIdMatches(\".*search-user-fo...
12:01:30.803286 POST /session/41dc848e-257f-485e-8132-ef47e5a4e374/element [5.99961ms] ERR:404 body={"strategy":"-android uiautomator","selector":"new UiSelector().resourceIdMatches(\".*search-user-fo...
12:01:30.809056 POST /session/41dc848e-257f-485e-8132-ef47e5a4e374/element [5.720744ms] ERR:404 body={"strategy":"-android uiautomator","selector":"new UiSelector().resourceIdMatches(\".*search-user-fo...
12:01:30.814870 POST /session/41dc848e-257f-485e-8132-ef47e5a4e374/element [5.759811ms] ERR:404 body={"strategy":"-android uiautomator","selector":"new UiSelector().resourceIdMatches(\".*search-user-fo...
12:01:30.821025 POST /session/41dc848e-257f-485e-8132-ef47e5a4e374/element [6.101729ms] ERR:404 body={"strategy":"-android uiautomator","selector":"new UiSelector().resourceIdMatches(\".*search-user-fo...
12:01:30.826806 POST /session/41dc848e-257f-485e-8132-ef47e5a4e374/element [5.729918ms] ERR:404 body={"strategy":"-android uiautomator","selector":"new UiSelector().resourceIdMatches(\".*search-user-fo...
12:01:30.832787 POST /session/41dc848e-257f-485e-8132-ef47e5a4e374/element [5.931355ms] ERR:404 body={"strategy":"-android uiautomator","selector":"new UiSelector().resourceIdMatches(\".*search-user-fo...
12:01:30.838745 POST /session/41dc848e-257f-485e-8132-ef47e5a4e374/element [5.911047ms] ERR:404 body={"strategy":"-android uiautomator","selector":"new UiSelector().resourceIdMatches(\".*search-user-fo...
12:01:30.844630 POST /session/41dc848e-257f-485e-8132-ef47e5a4e374/element [5.841224ms] ERR:404 body={"strategy":"-android uiautomator","selector":"new UiSelector().resourceIdMatches(\".*search-user-fo...
12:01:30.850488 POST /session/41dc848e-257f-485e-8132-ef47e5a4e374/element [5.813896ms] ERR:404 body={"strategy":"-android uiautomator","selector":"new UiSelector().resourceIdMatches(\".*search-user-fo...
12:01:30.857590 POST /session/41dc848e-257f-485e-8132-ef47e5a4e374/element [7.020285ms] ERR:404 body={"strategy":"-android uiautomator","selector":"new UiSelector().resourceIdMatches(\".*search-user-fo...
12:01:30.863565 POST /session/41dc848e-257f-485e-8132-ef47e5a4e374/element [5.901812ms] ERR:404 body={"strategy":"-android uiautomator","selector":"new UiSelector().resourceIdMatches(\".*search-user-fo...
12:01:30.869221 POST /session/41dc848e-257f-485e-8132-ef47e5a4e374/element [5.571872ms] ERR:404 body={"strategy":"-android uiautomator","selector":"new UiSelector().resourceIdMatches(\".*search-user-fo...
12:01:30.874842 POST /session/41dc848e-257f-485e-8132-ef47e5a4e374/element [5.556828ms] ERR:404 body={"strategy":"-android uiautomator","selector":"new UiSelector().resourceIdMatches(\".*search-user-fo...
12:01:30.881166 POST /session/41dc848e-257f-485e-8132-ef47e5a4e374/element [6.267545ms] ERR:404 body={"strategy":"-android uiautomator","selector":"new UiSelector().resourceIdMatches(\".*search-user-fo...
12:01:30.886598 POST /session/41dc848e-257f-485e-8132-ef47e5a4e374/element [5.374298ms] ERR:404 body={"strategy":"-android uiautomator","selector":"new UiSelector().resourceIdMatches(\".*search-user-fo...
12:01:30.892365 POST /session/41dc848e-257f-485e-8132-ef47e5a4e374/element [5.70781ms] ERR:404 body={"strategy":"-android uiautomator","selector":"new UiSelector().resourceIdMatches(\".*search-user-fo...
12:01:30.897972 POST /session/41dc848e-257f-485e-8132-ef47e5a4e374/element [5.438615ms] ERR:404 body={"strategy":"-android uiautomator","selector":"new UiSelector().resourceIdMatches(\".*search-user-fo...
12:01:30.918438 POST /session/41dc848e-257f-485e-8132-ef47e5a4e374/element [20.366833ms] ERR:404 body={"strategy":"-android uiautomator","selector":"new UiSelector().resourceIdMatches(\".*search-user-fo...
12:01:30.928989 POST /session/41dc848e-257f-485e-8132-ef47e5a4e374/element [10.457401ms] ERR:404 body={"strategy":"-android uiautomator","selector":"new UiSelector().resourceIdMatches(\".*search-user-fo...
12:01:30.934871 POST /session/41dc848e-257f-485e-8132-ef47e5a4e374/element [5.801115ms] ERR:404 body={"strategy":"-android uiautomator","selector":"new UiSelector().resourceIdMatches(\".*search-user-fo...
12:01:30.941798 POST /session/41dc848e-257f-485e-8132-ef47e5a4e374/element [6.859728ms] ERR:404 body={"strategy":"-android uiautomator","selector":"new UiSelector().resourceIdMatches(\".*search-user-fo...
12:01:30.948484 POST /session/41dc848e-257f-485e-8132-ef47e5a4e374/element [6.610785ms] ERR:404 body={"strategy":"-android uiautomator","selector":"new UiSelector().resourceIdMatches(\".*search-user-fo...
12:01:30.954723 POST /session/41dc848e-257f-485e-8132-ef47e5a4e374/element [6.180574ms] ERR:404 body={"strategy":"-android uiautomator","selector":"new UiSelector().resourceIdMatches(\".*search-user-fo...
12:01:30.961627 POST /session/41dc848e-257f-485e-8132-ef47e5a4e374/element [6.845106ms] ERR:404 body={"strategy":"-android uiautomator","selector":"new UiSelector().resourceIdMatches(\".*search-user-fo...
12:01:30.979622 POST /session/41dc848e-257f-485e-8132-ef47e5a4e374/element [17.91393ms] ERR:404 body={"strategy":"-android uiautomator","selector":"new UiSelector().resourceIdMatches(\".*search-user-fo...
12:01:31.717805 POST /session/41dc848e-257f-485e-8132-ef47e5a4e374/element [738.123092ms] OK body={"strategy":"-android uiautomator","selector":"new UiSelector().resourceIdMatches(\".*search-user-fo...
12:01:32.223053 POST /session/41dc848e-257f-485e-8132-ef47e5a4e374/element [504.318811ms] OK body={"strategy":"-android uiautomator","selector":"new UiSelector().resourceIdMatches(\".*search-user-fo...
12:01:32.232758 GET /session/41dc848e-257f-485e-8132-ef47e5a4e374/element/00000000-0000-0018-ffff-ffff0000013b/text [9.625008ms] OK body=
12:01:32.241188 GET /session/41dc848e-257f-485e-8132-ef47e5a4e374/element/00000000-0000-0018-ffff-ffff0000013b/rect [8.38176ms] OK body=
12:01:32.269388 POST /session/41dc848e-257f-485e-8132-ef47e5a4e374/element/00000000-0000-0018-ffff-ffff0000013b/click [28.148883ms] OK body=
12:01:32.350755 POST /session/41dc848e-257f-485e-8132-ef47e5a4e374/element [80.341785ms] OK body={"strategy":"-android uiautomator","selector":"new UiSelector().textContains(\"Unfollow\")"}
12:01:32.935929 POST /session/41dc848e-257f-485e-8132-ef47e5a4e374/element [584.234939ms] OK body={"strategy":"-android uiautomator","selector":"new UiSelector().resourceIdMatches(\".*search-user-fo...
12:01:32.944292 GET /session/41dc848e-257f-485e-8132-ef47e5a4e374/element/00000000-0000-0018-ffff-ffff0000013b/text [8.287838ms] OK body=
12:01:32.953297 GET /session/41dc848e-257f-485e-8132-ef47e5a4e374/element/00000000-0000-0018-ffff-ffff0000013b/rect [8.959204ms] OK body=
12:01:32.980887 POST /session/41dc848e-257f-485e-8132-ef47e5a4e374/element/00000000-0000-0018-ffff-ffff0000013b/click [27.530684ms] OK body=
12:01:32.998035 POST /session/41dc848e-257f-485e-8132-ef47e5a4e374/element [15.769037ms] OK body={"strategy":"-android uiautomator","selector":"new UiSelector().textContains(\"Follow\")"}
12:01:36.741930 POST /session/41dc848e-257f-485e-8132-ef47e5a4e374/appium/device/launch_app [2.47612ms] ERR:404 body={"appId":"com.tastopia.app"}
12:01:38.975070 POST /session/41dc848e-257f-485e-8132-ef47e5a4e374/element [779.776455ms] OK body={"strategy":"-android uiautomator","selector":"new UiSelector().resourceIdMatches(\".*MENU.*\")"}
12:01:40.290406 GET /session/41dc848e-257f-485e-8132-ef47e5a4e374/element/00000000-0000-001a-ffff-ffff0000003c/text [1.315252696s] OK body=
12:01:40.743048 GET /session/41dc848e-257f-485e-8132-ef47e5a4e374/element/00000000-0000-001a-ffff-ffff0000003c/rect [452.531677ms] OK body=
12:01:40.764479 POST /session/41dc848e-257f-485e-8132-ef47e5a4e374/element [20.955438ms] ERR:404 body={"strategy":"-android uiautomator","selector":"new UiSelector().resourceIdMatches(\".*MENU.*\").clic...
12:01:40.785150 POST /session/41dc848e-257f-485e-8132-ef47e5a4e374/element [20.556718ms] OK body={"strategy":"-android uiautomator","selector":"new UiSelector().resourceIdMatches(\".*MENU.*\")"}
12:01:40.793946 GET /session/41dc848e-257f-485e-8132-ef47e5a4e374/element/00000000-0000-001a-ffff-ffff0000003c/text [8.72023ms] OK body=
12:01:40.812073 GET /session/41dc848e-257f-485e-8132-ef47e5a4e374/element/00000000-0000-001a-ffff-ffff0000003c/rect [18.07737ms] OK body=
12:01:40.838668 POST /session/41dc848e-257f-485e-8132-ef47e5a4e374/element/00000000-0000-001a-ffff-ffff0000003c/click [26.505378ms] OK body=
12:01:40.841047 POST /session/41dc848e-257f-485e-8132-ef47e5a4e374/appium/device/hide_keyboard [1.625204ms] ERR:404 body=
12:01:40.995826 POST /session/41dc848e-257f-485e-8132-ef47e5a4e374/element [154.496488ms] ERR:404 body={"strategy":"-android uiautomator","selector":"new UiSelector().textContains(\"History\")"}
12:01:41.026410 POST /session/41dc848e-257f-485e-8132-ef47e5a4e374/element [30.468094ms] ERR:404 body={"strategy":"-android uiautomator","selector":"new UiSelector().descriptionContains(\"History\")"}
12:01:41.228079 POST /session/41dc848e-257f-485e-8132-ef47e5a4e374/element [201.549406ms] ERR:404 body={"strategy":"-android uiautomator","selector":"new UiSelector().textMatches(\"(?is).*\\QHistory\\E.*...
12:01:41.765232 POST /session/41dc848e-257f-485e-8132-ef47e5a4e374/element [537.059111ms] ERR:404 body={"strategy":"-android uiautomator","selector":"new UiSelector().descriptionMatches(\"(?is).*\\QHisto...
12:01:41.774754 POST /session/41dc848e-257f-485e-8132-ef47e5a4e374/element [9.428845ms] OK body={"strategy":"-android uiautomator","selector":"new UiSelector().textContains(\"History\")"}
12:01:41.785034 POST /session/41dc848e-257f-485e-8132-ef47e5a4e374/element [10.026607ms] OK body={"strategy":"-android uiautomator","selector":"new UiSelector().resourceIdMatches(\".*menu-logout-bu...
12:01:41.791745 GET /session/41dc848e-257f-485e-8132-ef47e5a4e374/element/00000000-0000-001a-ffff-ffff000000ea/text [6.667461ms] OK body=
12:01:41.798462 GET /session/41dc848e-257f-485e-8132-ef47e5a4e374/element/00000000-0000-001a-ffff-ffff000000ea/rect [6.669247ms] OK body=
12:01:41.826453 POST /session/41dc848e-257f-485e-8132-ef47e5a4e374/element/00000000-0000-001a-ffff-ffff000000ea/click [27.938452ms] OK body=
12:01:41.840416 POST /session/41dc848e-257f-485e-8132-ef47e5a4e374/element [13.703817ms] ERR:404 body={"strategy":"-android uiautomator","selector":"new UiSelector().textContains(\"Welcome to\")"}
12:01:41.851822 POST /session/41dc848e-257f-485e-8132-ef47e5a4e374/element [11.300398ms] ERR:404 body={"strategy":"-android uiautomator","selector":"new UiSelector().descriptionContains(\"Welcome to\")"...
12:01:41.863875 POST /session/41dc848e-257f-485e-8132-ef47e5a4e374/element [11.979392ms] ERR:404 body={"strategy":"-android uiautomator","selector":"new UiSelector().textMatches(\"(?is).*\\QWelcome to\\...
12:01:41.875554 POST /session/41dc848e-257f-485e-8132-ef47e5a4e374/element [11.611743ms] ERR:404 body={"strategy":"-android uiautomator","selector":"new UiSelector().descriptionMatches(\"(?is).*\\QWelco...
12:01:41.887241 POST /session/41dc848e-257f-485e-8132-ef47e5a4e374/element [11.62393ms] ERR:404 body={"strategy":"-android uiautomator","selector":"new UiSelector().textContains(\"Welcome to\")"}
12:01:41.905799 POST /session/41dc848e-257f-485e-8132-ef47e5a4e374/element [18.49606ms] ERR:404 body={"strategy":"-android uiautomator","selector":"new UiSelector().descriptionContains(\"Welcome to\")"...
12:01:41.917367 POST /session/41dc848e-257f-485e-8132-ef47e5a4e374/element [11.480691ms] ERR:404 body={"strategy":"-android uiautomator","selector":"new UiSelector().textMatches(\"(?is).*\\QWelcome to\\...
12:01:41.929254 POST /session/41dc848e-257f-485e-8132-ef47e5a4e374/element [11.804607ms] ERR:404 body={"strategy":"-android uiautomator","selector":"new UiSelector().descriptionMatches(\"(?is).*\\QWelco...
12:01:41.942158 POST /session/41dc848e-257f-485e-8132-ef47e5a4e374/element [12.82306ms] ERR:404 body={"strategy":"-android uiautomator","selector":"new UiSelector().textContains(\"Welcome to\")"}
12:01:41.954123 POST /session/41dc848e-257f-485e-8132-ef47e5a4e374/element [11.897391ms] ERR:404 body={"strategy":"-android uiautomator","selector":"new UiSelector().descriptionContains(\"Welcome to\")"...
12:01:41.965623 POST /session/41dc848e-257f-485e-8132-ef47e5a4e374/element [11.431491ms] ERR:404 body={"strategy":"-android uiautomator","selector":"new UiSelector().textMatches(\"(?is).*\\QWelcome to\\...
12:01:41.976832 POST /session/41dc848e-257f-485e-8132-ef47e5a4e374/element [11.129106ms] ERR:404 body={"strategy":"-android uiautomator","selector":"new UiSelector().descriptionMatches(\"(?is).*\\QWelco...
12:01:41.987662 POST /session/41dc848e-257f-485e-8132-ef47e5a4e374/element [10.761878ms] ERR:404 body={"strategy":"-android uiautomator","selector":"new UiSelector().textContains(\"Welcome to\")"}
12:01:42.001760 POST /session/41dc848e-257f-485e-8132-ef47e5a4e374/element [14.006037ms] ERR:404 body={"strategy":"-android uiautomator","selector":"new UiSelector().descriptionContains(\"Welcome to\")"...
12:01:42.015371 POST /session/41dc848e-257f-485e-8132-ef47e5a4e374/element [13.541652ms] ERR:404 body={"strategy":"-android uiautomator","selector":"new UiSelector().textMatches(\"(?is).*\\QWelcome to\\...
12:01:42.031016 POST /session/41dc848e-257f-485e-8132-ef47e5a4e374/element [15.550725ms] ERR:404 body={"strategy":"-android uiautomator","selector":"new UiSelector().descriptionMatches(\"(?is).*\\QWelco...
12:01:42.044231 POST /session/41dc848e-257f-485e-8132-ef47e5a4e374/element [13.128509ms] ERR:404 body={"strategy":"-android uiautomator","selector":"new UiSelector().textContains(\"Welcome to\")"}
12:01:42.058023 POST /session/41dc848e-257f-485e-8132-ef47e5a4e374/element [13.701041ms] ERR:404 body={"strategy":"-android uiautomator","selector":"new UiSelector().descriptionContains(\"Welcome to\")"...
12:01:42.070380 POST /session/41dc848e-257f-485e-8132-ef47e5a4e374/element [12.283653ms] ERR:404 body={"strategy":"-android uiautomator","selector":"new UiSelector().textMatches(\"(?is).*\\QWelcome to\\...
12:01:42.082097 POST /session/41dc848e-257f-485e-8132-ef47e5a4e374/element [11.638783ms] ERR:404 body={"strategy":"-android uiautomator","selector":"new UiSelector().descriptionMatches(\"(?is).*\\QWelco...
12:01:42.094337 POST /session/41dc848e-257f-485e-8132-ef47e5a4e374/element [12.134253ms] ERR:404 body={"strategy":"-android uiautomator","selector":"new UiSelector().textContains(\"Welcome to\")"}
12:01:42.109358 POST /session/41dc848e-257f-485e-8132-ef47e5a4e374/element [14.92432ms] ERR:404 body={"strategy":"-android uiautomator","selector":"new UiSelector().descriptionContains(\"Welcome to\")"...
12:01:42.124768 POST /session/41dc848e-257f-485e-8132-ef47e5a4e374/element [15.331276ms] ERR:404 body={"strategy":"-android uiautomator","selector":"new UiSelector().textMatches(\"(?is).*\\QWelcome to\\...
12:01:42.151138 POST /session/41dc848e-257f-485e-8132-ef47e5a4e374/element [26.278783ms] ERR:404 body={"strategy":"-android uiautomator","selector":"new UiSelector().descriptionMatches(\"(?is).*\\QWelco...
12:01:42.165054 POST /session/41dc848e-257f-485e-8132-ef47e5a4e374/element [13.81858ms] ERR:404 body={"strategy":"-android uiautomator","selector":"new UiSelector().textContains(\"Welcome to\")"}
12:01:42.176494 POST /session/41dc848e-257f-485e-8132-ef47e5a4e374/element [11.344404ms] ERR:404 body={"strategy":"-android uiautomator","selector":"new UiSelector().descriptionContains(\"Welcome to\")"...
12:01:42.188512 POST /session/41dc848e-257f-485e-8132-ef47e5a4e374/element [11.935124ms] ERR:404 body={"strategy":"-android uiautomator","selector":"new UiSelector().textMatches(\"(?is).*\\QWelcome to\\...
12:01:42.200201 POST /session/41dc848e-257f-485e-8132-ef47e5a4e374/element [11.59629ms] ERR:404 body={"strategy":"-android uiautomator","selector":"new UiSelector().descriptionMatches(\"(?is).*\\QWelco...
12:01:42.211949 POST /session/41dc848e-257f-485e-8132-ef47e5a4e374/element [11.670676ms] ERR:404 body={"strategy":"-android uiautomator","selector":"new UiSelector().textContains(\"Welcome to\")"}
12:01:42.222821 POST /session/41dc848e-257f-485e-8132-ef47e5a4e374/element [10.807757ms] ERR:404 body={"strategy":"-android uiautomator","selector":"new UiSelector().descriptionContains(\"Welcome to\")"...
12:01:42.234076 POST /session/41dc848e-257f-485e-8132-ef47e5a4e374/element [11.177374ms] ERR:404 body={"strategy":"-android uiautomator","selector":"new UiSelector().textMatches(\"(?is).*\\QWelcome to\\...
12:01:42.249038 POST /session/41dc848e-257f-485e-8132-ef47e5a4e374/element [14.872027ms] ERR:404 body={"strategy":"-android uiautomator","selector":"new UiSelector().descriptionMatches(\"(?is).*\\QWelco...
12:01:42.260068 POST /session/41dc848e-257f-485e-8132-ef47e5a4e374/element [10.958784ms] ERR:404 body={"strategy":"-android uiautomator","selector":"new UiSelector().textContains(\"Welcome to\")"}
12:01:42.270974 POST /session/41dc848e-257f-485e-8132-ef47e5a4e374/element [10.845597ms] ERR:404 body={"strategy":"-android uiautomator","selector":"new UiSelector().descriptionContains(\"Welcome to\")"...
12:01:42.282221 POST /session/41dc848e-257f-485e-8132-ef47e5a4e374/element [11.155117ms] ERR:404 body={"strategy":"-android uiautomator","selector":"new UiSelector().textMatches(\"(?is).*\\QWelcome to\\...
12:01:42.293944 POST /session/41dc848e-257f-485e-8132-ef47e5a4e374/element [11.65326ms] ERR:404 body={"strategy":"-android uiautomator","selector":"new UiSelector().descriptionMatches(\"(?is).*\\QWelco...
12:01:42.305867 POST /session/41dc848e-257f-485e-8132-ef47e5a4e374/element [11.602727ms] ERR:404 body={"strategy":"-android uiautomator","selector":"new UiSelector().textContains(\"Welcome to\")"}
12:01:42.319777 POST /session/41dc848e-257f-485e-8132-ef47e5a4e374/element [13.813299ms] ERR:404 body={"strategy":"-android uiautomator","selector":"new UiSelector().descriptionContains(\"Welcome to\")"...
12:01:42.335153 POST /session/41dc848e-257f-485e-8132-ef47e5a4e374/element [15.285807ms] ERR:404 body={"strategy":"-android uiautomator","selector":"new UiSelector().textMatches(\"(?is).*\\QWelcome to\\...
12:01:42.351835 POST /session/41dc848e-257f-485e-8132-ef47e5a4e374/element [16.625867ms] ERR:404 body={"strategy":"-android uiautomator","selector":"new UiSelector().descriptionMatches(\"(?is).*\\QWelco...
12:01:42.367361 POST /session/41dc848e-257f-485e-8132-ef47e5a4e374/element [15.467627ms] ERR:404 body={"strategy":"-android uiautomator","selector":"new UiSelector().textContains(\"Welcome to\")"}
12:01:42.383747 POST /session/41dc848e-257f-485e-8132-ef47e5a4e374/element [16.312033ms] ERR:404 body={"strategy":"-android uiautomator","selector":"new UiSelector().descriptionContains(\"Welcome to\")"...
12:01:42.399028 POST /session/41dc848e-257f-485e-8132-ef47e5a4e374/element [15.158514ms] ERR:404 body={"strategy":"-android uiautomator","selector":"new UiSelector().textMatches(\"(?is).*\\QWelcome to\\...
12:01:42.413231 POST /session/41dc848e-257f-485e-8132-ef47e5a4e374/element [14.141089ms] ERR:404 body={"strategy":"-android uiautomator","selector":"new UiSelector().descriptionMatches(\"(?is).*\\QWelco...
12:01:42.427524 POST /session/41dc848e-257f-485e-8132-ef47e5a4e374/element [14.192751ms] ERR:404 body={"strategy":"-android uiautomator","selector":"new UiSelector().textContains(\"Welcome to\")"}
12:01:42.444415 POST /session/41dc848e-257f-485e-8132-ef47e5a4e374/element [16.819953ms] ERR:404 body={"strategy":"-android uiautomator","selector":"new UiSelector().descriptionContains(\"Welcome to\")"...
12:01:42.457492 POST /session/41dc848e-257f-485e-8132-ef47e5a4e374/element [12.995801ms] ERR:404 body={"strategy":"-android uiautomator","selector":"new UiSelector().textMatches(\"(?is).*\\QWelcome to\\...
12:01:42.472685 POST /session/41dc848e-257f-485e-8132-ef47e5a4e374/element [15.096658ms] ERR:404 body={"strategy":"-android uiautomator","selector":"new UiSelector().descriptionMatches(\"(?is).*\\QWelco...
12:01:42.486763 POST /session/41dc848e-257f-485e-8132-ef47e5a4e374/element [14.005575ms] ERR:404 body={"strategy":"-android uiautomator","selector":"new UiSelector().textContains(\"Welcome to\")"}
12:01:42.498694 POST /session/41dc848e-257f-485e-8132-ef47e5a4e374/element [11.817687ms] ERR:404 body={"strategy":"-android uiautomator","selector":"new UiSelector().descriptionContains(\"Welcome to\")"...
12:01:42.511274 POST /session/41dc848e-257f-485e-8132-ef47e5a4e374/element [12.503691ms] ERR:404 body={"strategy":"-android uiautomator","selector":"new UiSelector().textMatches(\"(?is).*\\QWelcome to\\...
12:01:42.523649 POST /session/41dc848e-257f-485e-8132-ef47e5a4e374/element [12.296404ms] ERR:404 body={"strategy":"-android uiautomator","selector":"new UiSelector().descriptionMatches(\"(?is).*\\QWelco...
12:01:42.539005 POST /session/41dc848e-257f-485e-8132-ef47e5a4e374/element [15.293421ms] ERR:404 body={"strategy":"-android uiautomator","selector":"new UiSelector().textContains(\"Welcome to\")"}
12:01:42.552590 POST /session/41dc848e-257f-485e-8132-ef47e5a4e374/element [13.526897ms] ERR:404 body={"strategy":"-android uiautomator","selector":"new UiSelector().descriptionContains(\"Welcome to\")"...
12:01:42.566160 POST /session/41dc848e-257f-485e-8132-ef47e5a4e374/element [13.479623ms] ERR:404 body={"strategy":"-android uiautomator","selector":"new UiSelector().textMatches(\"(?is).*\\QWelcome to\\...
12:01:42.577909 POST /session/41dc848e-257f-485e-8132-ef47e5a4e374/element [11.677833ms] ERR:404 body={"strategy":"-android uiautomator","selector":"new UiSelector().descriptionMatches(\"(?is).*\\QWelco...
12:01:42.591032 POST /session/41dc848e-257f-485e-8132-ef47e5a4e374/element [13.063852ms] ERR:404 body={"strategy":"-android uiautomator","selector":"new UiSelector().textContains(\"Welcome to\")"}
12:01:42.606746 POST /session/41dc848e-257f-485e-8132-ef47e5a4e374/element [15.640225ms] ERR:404 body={"strategy":"-android uiautomator","selector":"new UiSelector().descriptionContains(\"Welcome to\")"...
12:01:42.619650 POST /session/41dc848e-257f-485e-8132-ef47e5a4e374/element [12.827938ms] ERR:404 body={"strategy":"-android uiautomator","selector":"new UiSelector().textMatches(\"(?is).*\\QWelcome to\\...
12:01:42.632946 POST /session/41dc848e-257f-485e-8132-ef47e5a4e374/element [13.225929ms] ERR:404 body={"strategy":"-android uiautomator","selector":"new UiSelector().descriptionMatches(\"(?is).*\\QWelco...
12:01:42.644994 POST /session/41dc848e-257f-485e-8132-ef47e5a4e374/element [11.965538ms] ERR:404 body={"strategy":"-android uiautomator","selector":"new UiSelector().textContains(\"Welcome to\")"}
12:01:42.657799 POST /session/41dc848e-257f-485e-8132-ef47e5a4e374/element [12.733841ms] ERR:404 body={"strategy":"-android uiautomator","selector":"new UiSelector().descriptionContains(\"Welcome to\")"...
12:01:42.672070 POST /session/41dc848e-257f-485e-8132-ef47e5a4e374/element [14.201328ms] ERR:404 body={"strategy":"-android uiautomator","selector":"new UiSelector().textMatches(\"(?is).*\\QWelcome to\\...
12:01:42.685579 POST /session/41dc848e-257f-485e-8132-ef47e5a4e374/element [13.440741ms] ERR:404 body={"strategy":"-android uiautomator","selector":"new UiSelector().descriptionMatches(\"(?is).*\\QWelco...
12:01:42.698301 POST /session/41dc848e-257f-485e-8132-ef47e5a4e374/element [12.628839ms] ERR:404 body={"strategy":"-android uiautomator","selector":"new UiSelector().textContains(\"Welcome to\")"}
12:01:42.712908 POST /session/41dc848e-257f-485e-8132-ef47e5a4e374/element [14.519423ms] ERR:404 body={"strategy":"-android uiautomator","selector":"new UiSelector().descriptionContains(\"Welcome to\")"...
12:01:42.727030 POST /session/41dc848e-257f-485e-8132-ef47e5a4e374/element [14.047726ms] ERR:404 body={"strategy":"-android uiautomator","selector":"new UiSelector().textMatches(\"(?is).*\\QWelcome to\\...
12:01:42.754877 POST /session/41dc848e-257f-485e-8132-ef47e5a4e374/element [27.775994ms] ERR:404 body={"strategy":"-android uiautomator","selector":"new UiSelector().descriptionMatches(\"(?is).*\\QWelco...
12:01:42.768658 POST /session/41dc848e-257f-485e-8132-ef47e5a4e374/element [13.701442ms] ERR:404 body={"strategy":"-android uiautomator","selector":"new UiSelector().textContains(\"Welcome to\")"}
12:01:42.780103 POST /session/41dc848e-257f-485e-8132-ef47e5a4e374/element [11.367729ms] ERR:404 body={"strategy":"-android uiautomator","selector":"new UiSelector().descriptionContains(\"Welcome to\")"...
12:01:42.791704 POST /session/41dc848e-257f-485e-8132-ef47e5a4e374/element [11.516049ms] ERR:404 body={"strategy":"-android uiautomator","selector":"new UiSelector().textMatches(\"(?is).*\\QWelcome to\\...
12:01:42.803684 POST /session/41dc848e-257f-485e-8132-ef47e5a4e374/element [11.893831ms] ERR:404 body={"strategy":"-android uiautomator","selector":"new UiSelector().descriptionMatches(\"(?is).*\\QWelco...
12:01:42.814768 POST /session/41dc848e-257f-485e-8132-ef47e5a4e374/element [11.025148ms] ERR:404 body={"strategy":"-android uiautomator","selector":"new UiSelector().textContains(\"Welcome to\")"}
12:01:42.831230 POST /session/41dc848e-257f-485e-8132-ef47e5a4e374/element [16.375546ms] ERR:404 body={"strategy":"-android uiautomator","selector":"new UiSelector().descriptionContains(\"Welcome to\")"...
12:01:42.844238 POST /session/41dc848e-257f-485e-8132-ef47e5a4e374/element [12.932092ms] ERR:404 body={"strategy":"-android uiautomator","selector":"new UiSelector().textMatches(\"(?is).*\\QWelcome to\\...
12:01:42.856837 POST /session/41dc848e-257f-485e-8132-ef47e5a4e374/element [12.531389ms] ERR:404 body={"strategy":"-android uiautomator","selector":"new UiSelector().descriptionMatches(\"(?is).*\\QWelco...
12:01:42.880354 POST /session/41dc848e-257f-485e-8132-ef47e5a4e374/element [23.450082ms] ERR:404 body={"strategy":"-android uiautomator","selector":"new UiSelector().textContains(\"Welcome to\")"}
12:01:42.895277 POST /session/41dc848e-257f-485e-8132-ef47e5a4e374/element [14.799306ms] ERR:404 body={"strategy":"-android uiautomator","selector":"new UiSelector().descriptionContains(\"Welcome to\")"...
12:01:43.768611 POST /session/41dc848e-257f-485e-8132-ef47e5a4e374/element [873.238106ms] ERR:404 body={"strategy":"-android uiautomator","selector":"new UiSelector().textMatches(\"(?is).*\\QWelcome to\\...
12:01:43.799388 POST /session/41dc848e-257f-485e-8132-ef47e5a4e374/element [30.645547ms] ERR:404 body={"strategy":"-android uiautomator","selector":"new UiSelector().descriptionMatches(\"(?is).*\\QWelco...
12:01:43.812205 POST /session/41dc848e-257f-485e-8132-ef47e5a4e374/element [12.730525ms] OK body={"strategy":"-android uiautomator","selector":"new UiSelector().textContains(\"Welcome to\")"}
12:01:43.818569 POST /session/41dc848e-257f-485e-8132-ef47e5a4e374/element [6.111903ms] OK body={"strategy":"-android uiautomator","selector":"new UiSelector().textContains(\"Tastopia\")"}
12:01:43.834495 DELETE /session/41dc848e-257f-485e-8132-ef47e5a4e374 [2.292914ms] OK body=
