12:40:51.791229 POST /session [33.512498ms] OK body={"capabilities":{"platformName":"Android","deviceName":"Android SDK built for x86"}}
12:40:51.799996 POST /session/0f612d87-4c4e-4733-8812-0531b1bd4a38/appium/settings [8.422591ms] OK body={"settings":{"waitForIdleTimeout":200}}
12:40:51.807651 POST /session/0f612d87-4c4e-4733-8812-0531b1bd4a38/appium/settings [7.615252ms] OK body={"settings":{"implicitWait":100}}
12:40:51.880560 GET /session/0f612d87-4c4e-4733-8812-0531b1bd4a38/appium/device/info [54.614488ms] OK body=
12:40:51.899778 POST /session/0f612d87-4c4e-4733-8812-0531b1bd4a38/appium/settings [8.135778ms] OK body={"settings":{"waitForIdleTimeout":200}}
12:40:56.520156 POST /session/0f612d87-4c4e-4733-8812-0531b1bd4a38/appium/device/launch_app [8.703268ms] ERR:404 body={"appId":"com.tastopia.app"}
12:40:59.488387 POST /session/0f612d87-4c4e-4733-8812-0531b1bd4a38/element [1.096005798s] OK body={"strategy":"-android uiautomator","selector":"new UiSelector().resourceIdMatches(\".*welcome-sign-i...
12:40:59.603130 GET /session/0f612d87-4c4e-4733-8812-0531b1bd4a38/element/00000000-0000-0007-ffff-ffff00000021/text [114.584802ms] OK body=
12:40:59.657229 GET /session/0f612d87-4c4e-4733-8812-0531b1bd4a38/element/00000000-0000-0007-ffff-ffff00000021/rect [54.031765ms] OK body=
12:40:59.739321 POST /session/0f612d87-4c4e-4733-8812-0531b1bd4a38/element/00000000-0000-0007-ffff-ffff00000021/click [77.285049ms] OK body=
12:41:00.733421 POST /session/0f612d87-4c4e-4733-8812-0531b1bd4a38/element [365.483614ms] OK body={"strategy":"-android uiautomator","selector":"new UiSelector().resourceIdMatches(\".*login-identifi...
12:41:00.768800 POST /session/0f612d87-4c4e-4733-8812-0531b1bd4a38/element [35.050189ms] OK body={"strategy":"-android uiautomator","selector":"new UiSelector().resourceIdMatches(\".*login-identifi...
12:41:00.793730 GET /session/0f612d87-4c4e-4733-8812-0531b1bd4a38/element/00000000-0000-0007-ffff-ffff0000002f/text [24.865917ms] OK body=
12:41:00.824767 GET /session/0f612d87-4c4e-4733-8812-0531b1bd4a38/element/00000000-0000-0007-ffff-ffff0000002f/rect [30.983173ms] OK body=
12:41:01.319200 POST /session/0f612d87-4c4e-4733-8812-0531b1bd4a38/element/00000000-0000-0007-ffff-ffff0000002f/click [494.365829ms] OK body=
12:41:03.272989 POST /session/0f612d87-4c4e-4733-8812-0531b1bd4a38/actions [1.949505853s] OK body={"actions":[{"actions":[{"type":"keyDown","value":"a"},{"type":"keyUp","value":"a"},{"type":"keyDown...
12:41:03.299186 POST /session/0f612d87-4c4e-4733-8812-0531b1bd4a38/appium/device/hide_keyboard [26.10137ms] ERR:404 body=
12:41:03.850735 POST /session/0f612d87-4c4e-4733-8812-0531b1bd4a38/element [551.175224ms] OK body={"strategy":"-android uiautomator","selector":"new UiSelector().resourceIdMatches(\".*login-password...
12:41:03.888083 POST /session/0f612d87-4c4e-4733-8812-0531b1bd4a38/element [36.958099ms] OK body={"strategy":"-android uiautomator","selector":"new UiSelector().resourceIdMatches(\".*login-password...
12:41:03.913419 GET /session/0f612d87-4c4e-4733-8812-0531b1bd4a38/element/00000000-0000-0007-ffff-ffff00000030/text [25.250733ms] OK body=
12:41:03.932580 GET /session/0f612d87-4c4e-4733-8812-0531b1bd4a38/element/00000000-0000-0007-ffff-ffff00000030/rect [19.081198ms] OK body=
12:41:04.199954 POST /session/0f612d87-4c4e-4733-8812-0531b1bd4a38/element/00000000-0000-0007-ffff-ffff00000030/click [267.317093ms] OK body=
12:41:05.119209 POST /session/0f612d87-4c4e-4733-8812-0531b1bd4a38/actions [918.921566ms] OK body={"actions":[{"actions":[{"type":"keyDown","value":"P"},{"type":"keyUp","value":"P"},{"type":"keyDown...
12:41:05.136895 POST /session/0f612d87-4c4e-4733-8812-0531b1bd4a38/appium/device/hide_keyboard [17.59481ms] ERR:404 body=
12:41:05.623212 POST /session/0f612d87-4c4e-4733-8812-0531b1bd4a38/element [485.97644ms] OK body={"strategy":"-android uiautomator","selector":"new UiSelector().resourceIdMatches(\".*login-submit-b...
12:41:05.642505 GET /session/0f612d87-4c4e-4733-8812-0531b1bd4a38/element/00000000-0000-0007-ffff-ffff00000049/text [19.209901ms] OK body=
12:41:05.662779 GET /session/0f612d87-4c4e-4733-8812-0531b1bd4a38/element/00000000-0000-0007-ffff-ffff00000049/rect [20.213447ms] OK body=
12:41:05.703375 POST /session/0f612d87-4c4e-4733-8812-0531b1bd4a38/element/00000000-0000-0007-ffff-ffff00000049/click [40.449394ms] OK body=
12:41:05.722047 POST /session/0f612d87-4c4e-4733-8812-0531b1bd4a38/element [18.603996ms] OK body={"strategy":"-android uiautomator","selector":"new UiSelector().resourceIdMatches(\".*login-submit-b...
12:41:06.366892 GET /session/0f612d87-4c4e-4733-8812-0531b1bd4a38/element/00000000-0000-0007-ffff-ffff00000049/text [644.765984ms] OK body=
12:41:06.383683 GET /session/0f612d87-4c4e-4733-8812-0531b1bd4a38/element/00000000-0000-0007-ffff-ffff00000049/rect [16.680623ms] OK body=
12:41:06.424937 POST /session/0f612d87-4c4e-4733-8812-0531b1bd4a38/element/00000000-0000-0007-ffff-ffff00000049/click [41.193492ms] OK body=
12:41:06.459198 POST /session/0f612d87-4c4e-4733-8812-0531b1bd4a38/element [33.926516ms] ERR:404 body={"strategy":"-android uiautomator","selector":"new UiSelector().resourceIdMatches(\".*COMMUNITY.*\")...
12:41:07.164793 POST /session/0f612d87-4c4e-4733-8812-0531b1bd4a38/element [705.439838ms] ERR:404 body={"strategy":"-android uiautomator","selector":"new UiSelector().resourceIdMatches(\".*COMMUNITY.*\")...
12:41:07.179738 POST /session/0f612d87-4c4e-4733-8812-0531b1bd4a38/element [14.822991ms] ERR:404 body={"strategy":"-android uiautomator","selector":"new UiSelector().resourceIdMatches(\".*COMMUNITY.*\")...
12:41:07.196996 POST /session/0f612d87-4c4e-4733-8812-0531b1bd4a38/element [17.153028ms] ERR:404 body={"strategy":"-android uiautomator","selector":"new UiSelector().resourceIdMatches(\".*COMMUNITY.*\")...
12:41:07.210737 POST /session/0f612d87-4c4e-4733-8812-0531b1bd4a38/element [13.623205ms] ERR:404 body={"strategy":"-android uiautomator","selector":"new UiSelector().resourceIdMatches(\".*COMMUNITY.*\")...
12:41:07.225225 POST /session/0f612d87-4c4e-4733-8812-0531b1bd4a38/element [14.413502ms] ERR:404 body={"strategy":"-android uiautomator","selector":"new UiSelector().resourceIdMatches(\".*COMMUNITY.*\")...
12:41:07.240885 POST /session/0f612d87-4c4e-4733-8812-0531b1bd4a38/element [15.56382ms] ERR:404 body={"strategy":"-android uiautomator","selector":"new UiSelector().resourceIdMatches(\".*COMMUNITY.*\")...
12:41:07.257284 POST /session/0f612d87-4c4e-4733-8812-0531b1bd4a38/element [16.327368ms] ERR:404 body={"strategy":"-android uiautomator","selector":"new UiSelector().resourceIdMatches(\".*COMMUNITY.*\")...
12:41:07.271574 POST /session/0f612d87-4c4e-4733-8812-0531b1bd4a38/element [14.18588ms] ERR:404 body={"strategy":"-android uiautomator","selector":"new UiSelector().resourceIdMatches(\".*COMMUNITY.*\")...
12:41:07.285937 POST /session/0f612d87-4c4e-4733-8812-0531b1bd4a38/element [14.264097ms] ERR:404 body={"strategy":"-android uiautomator","selector":"new UiSelector().resourceIdMatches(\".*COMMUNITY.*\")...
12:41:07.300726 POST /session/0f612d87-4c4e-4733-8812-0531b1bd4a38/element [14.698629ms] ERR:404 body={"strategy":"-android uiautomator","selector":"new UiSelector().resourceIdMatches(\".*COMMUNITY.*\")...
12:41:07.316349 POST /session/0f612d87-4c4e-4733-8812-0531b1bd4a38/element [15.538876ms] ERR:404 body={"strategy":"-android uiautomator","selector":"new UiSelector().resourceIdMatches(\".*COMMUNITY.*\")...
12:41:07.333413 POST /session/0f612d87-4c4e-4733-8812-0531b1bd4a38/element [16.900398ms] ERR:404 body={"strategy":"-android uiautomator","selector":"new UiSelector().resourceIdMatches(\".*COMMUNITY.*\")...
12:41:07.352930 POST /session/0f612d87-4c4e-4733-8812-0531b1bd4a38/element [19.404515ms] ERR:404 body={"strategy":"-android uiautomator","selector":"new UiSelector().resourceIdMatches(\".*COMMUNITY.*\")...
12:41:07.367920 POST /session/0f612d87-4c4e-4733-8812-0531b1bd4a38/element [14.882095ms] ERR:404 body={"strategy":"-android uiautomator","selector":"new UiSelector().resourceIdMatches(\".*COMMUNITY.*\")...
12:41:07.381747 POST /session/0f612d87-4c4e-4733-8812-0531b1bd4a38/element [13.699897ms] ERR:404 body={"strategy":"-android uiautomator","selector":"new UiSelector().resourceIdMatches(\".*COMMUNITY.*\")...
12:41:07.397336 POST /session/0f612d87-4c4e-4733-8812-0531b1bd4a38/element [15.488839ms] ERR:404 body={"strategy":"-android uiautomator","selector":"new UiSelector().resourceIdMatches(\".*COMMUNITY.*\")...
12:41:07.413027 POST /session/0f612d87-4c4e-4733-8812-0531b1bd4a38/element [15.551116ms] ERR:404 body={"strategy":"-android uiautomator","selector":"new UiSelector().resourceIdMatches(\".*COMMUNITY.*\")...
12:41:07.434433 POST /session/0f612d87-4c4e-4733-8812-0531b1bd4a38/element [21.286182ms] ERR:404 body={"strategy":"-android uiautomator","selector":"new UiSelector().resourceIdMatches(\".*COMMUNITY.*\")...
12:41:07.449992 POST /session/0f612d87-4c4e-4733-8812-0531b1bd4a38/element [15.451789ms] ERR:404 body={"strategy":"-android uiautomator","selector":"new UiSelector().resourceIdMatches(\".*COMMUNITY.*\")...
12:41:07.464423 POST /session/0f612d87-4c4e-4733-8812-0531b1bd4a38/element [14.349976ms] ERR:404 body={"strategy":"-android uiautomator","selector":"new UiSelector().resourceIdMatches(\".*COMMUNITY.*\")...
12:41:07.478839 POST /session/0f612d87-4c4e-4733-8812-0531b1bd4a38/element [14.332787ms] ERR:404 body={"strategy":"-android uiautomator","selector":"new UiSelector().resourceIdMatches(\".*COMMUNITY.*\")...
12:41:07.493576 POST /session/0f612d87-4c4e-4733-8812-0531b1bd4a38/element [14.681624ms] ERR:404 body={"strategy":"-android uiautomator","selector":"new UiSelector().resourceIdMatches(\".*COMMUNITY.*\")...
12:41:07.509376 POST /session/0f612d87-4c4e-4733-8812-0531b1bd4a38/element [15.533574ms] ERR:404 body={"strategy":"-android uiautomator","selector":"new UiSelector().resourceIdMatches(\".*COMMUNITY.*\")...
12:41:07.525710 POST /session/0f612d87-4c4e-4733-8812-0531b1bd4a38/element [16.143235ms] ERR:404 body={"strategy":"-android uiautomator","selector":"new UiSelector().resourceIdMatches(\".*COMMUNITY.*\")...
12:41:07.540382 POST /session/0f612d87-4c4e-4733-8812-0531b1bd4a38/element [14.564953ms] ERR:404 body={"strategy":"-android uiautomator","selector":"new UiSelector().resourceIdMatches(\".*COMMUNITY.*\")...
12:41:07.555783 POST /session/0f612d87-4c4e-4733-8812-0531b1bd4a38/element [15.309882ms] ERR:404 body={"strategy":"-android uiautomator","selector":"new UiSelector().resourceIdMatches(\".*COMMUNITY.*\")...
12:41:07.570732 POST /session/0f612d87-4c4e-4733-8812-0531b1bd4a38/element [14.860941ms] ERR:404 body={"strategy":"-android uiautomator","selector":"new UiSelector().resourceIdMatches(\".*COMMUNITY.*\")...
12:41:07.585011 POST /session/0f612d87-4c4e-4733-8812-0531b1bd4a38/element [14.193672ms] ERR:404 body={"strategy":"-android uiautomator","selector":"new UiSelector().resourceIdMatches(\".*COMMUNITY.*\")...
12:41:07.599519 POST /session/0f612d87-4c4e-4733-8812-0531b1bd4a38/element [14.417776ms] ERR:404 body={"strategy":"-android uiautomator","selector":"new UiSelector().resourceIdMatches(\".*COMMUNITY.*\")...
12:41:07.618842 POST /session/0f612d87-4c4e-4733-8812-0531b1bd4a38/element [19.242008ms] ERR:404 body={"strategy":"-android uiautomator","selector":"new UiSelector().resourceIdMatches(\".*COMMUNITY.*\")...
12:41:07.632587 POST /session/0f612d87-4c4e-4733-8812-0531b1bd4a38/element [13.676465ms] ERR:404 body={"strategy":"-android uiautomator","selector":"new UiSelector().resourceIdMatches(\".*COMMUNITY.*\")...
12:41:07.646841 POST /session/0f612d87-4c4e-4733-8812-0531b1bd4a38/element [14.17031ms] ERR:404 body={"strategy":"-android uiautomator","selector":"new UiSelector().resourceIdMatches(\".*COMMUNITY.*\")...
12:41:07.660573 POST /session/0f612d87-4c4e-4733-8812-0531b1bd4a38/element [13.605361ms] ERR:404 body={"strategy":"-android uiautomator","selector":"new UiSelector().resourceIdMatches(\".*COMMUNITY.*\")...
12:41:07.675140 POST /session/0f612d87-4c4e-4733-8812-0531b1bd4a38/element [14.488399ms] ERR:404 body={"strategy":"-android uiautomator","selector":"new UiSelector().resourceIdMatches(\".*COMMUNITY.*\")...
12:41:07.689349 POST /session/0f612d87-4c4e-4733-8812-0531b1bd4a38/element [14.132236ms] ERR:404 body={"strategy":"-android uiautomator","selector":"new UiSelector().resourceIdMatches(\".*COMMUNITY.*\")...
12:41:07.710167 POST /session/0f612d87-4c4e-4733-8812-0531b1bd4a38/element [20.70358ms] ERR:404 body={"strategy":"-android uiautomator","selector":"new UiSelector().resourceIdMatches(\".*COMMUNITY.*\")...
12:41:07.727369 POST /session/0f612d87-4c4e-4733-8812-0531b1bd4a38/element [17.073312ms] ERR:404 body={"strategy":"-android uiautomator","selector":"new UiSelector().resourceIdMatches(\".*COMMUNITY.*\")...
12:41:07.741019 POST /session/0f612d87-4c4e-4733-8812-0531b1bd4a38/element [13.551149ms] ERR:404 body={"strategy":"-android uiautomator","selector":"new UiSelector().resourceIdMatches(\".*COMMUNITY.*\")...
12:41:07.754003 POST /session/0f612d87-4c4e-4733-8812-0531b1bd4a38/element [12.86356ms] ERR:404 body={"strategy":"-android uiautomator","selector":"new UiSelector().resourceIdMatches(\".*COMMUNITY.*\")...
12:41:07.768965 POST /session/0f612d87-4c4e-4733-8812-0531b1bd4a38/element [14.84848ms] ERR:404 body={"strategy":"-android uiautomator","selector":"new UiSelector().resourceIdMatches(\".*COMMUNITY.*\")...
12:41:08.383023 POST /session/0f612d87-4c4e-4733-8812-0531b1bd4a38/element [613.938439ms] ERR:404 body={"strategy":"-android uiautomator","selector":"new UiSelector().resourceIdMatches(\".*COMMUNITY.*\")...
12:41:08.398036 POST /session/0f612d87-4c4e-4733-8812-0531b1bd4a38/element [14.877795ms] ERR:404 body={"strategy":"-android uiautomator","selector":"new UiSelector().resourceIdMatches(\".*COMMUNITY.*\")...
12:41:08.414016 POST /session/0f612d87-4c4e-4733-8812-0531b1bd4a38/element [15.827739ms] ERR:404 body={"strategy":"-android uiautomator","selector":"new UiSelector().resourceIdMatches(\".*COMMUNITY.*\")...
12:41:08.429899 POST /session/0f612d87-4c4e-4733-8812-0531b1bd4a38/element [15.768087ms] ERR:404 body={"strategy":"-android uiautomator","selector":"new UiSelector().resourceIdMatches(\".*COMMUNITY.*\")...
12:41:08.444158 POST /session/0f612d87-4c4e-4733-8812-0531b1bd4a38/element [14.155189ms] ERR:404 body={"strategy":"-android uiautomator","selector":"new UiSelector().resourceIdMatches(\".*COMMUNITY.*\")...
12:41:08.462829 POST /session/0f612d87-4c4e-4733-8812-0531b1bd4a38/element [18.549321ms] ERR:404 body={"strategy":"-android uiautomator","selector":"new UiSelector().resourceIdMatches(\".*COMMUNITY.*\")...
12:41:08.483636 POST /session/0f612d87-4c4e-4733-8812-0531b1bd4a38/element [20.657262ms] ERR:404 body={"strategy":"-android uiautomator","selector":"new UiSelector().resourceIdMatches(\".*COMMUNITY.*\")...
12:41:08.499257 POST /session/0f612d87-4c4e-4733-8812-0531b1bd4a38/element [15.502024ms] ERR:404 body={"strategy":"-android uiautomator","selector":"new UiSelector().resourceIdMatches(\".*COMMUNITY.*\")...
12:41:08.515703 POST /session/0f612d87-4c4e-4733-8812-0531b1bd4a38/element [16.316332ms] ERR:404 body={"strategy":"-android uiautomator","selector":"new UiSelector().resourceIdMatches(\".*COMMUNITY.*\")...
12:41:08.533421 POST /session/0f612d87-4c4e-4733-8812-0531b1bd4a38/element [17.585339ms] ERR:404 body={"strategy":"-android uiautomator","selector":"new UiSelector().resourceIdMatches(\".*COMMUNITY.*\")...
12:41:08.548514 POST /session/0f612d87-4c4e-4733-8812-0531b1bd4a38/element [14.975158ms] ERR:404 body={"strategy":"-android uiautomator","selector":"new UiSelector().resourceIdMatches(\".*COMMUNITY.*\")...
12:41:08.563275 POST /session/0f612d87-4c4e-4733-8812-0531b1bd4a38/element [14.648041ms] ERR:404 body={"strategy":"-android uiautomator","selector":"new UiSelector().resourceIdMatches(\".*COMMUNITY.*\")...
12:41:08.578206 POST /session/0f612d87-4c4e-4733-8812-0531b1bd4a38/element [14.830042ms] ERR:404 body={"strategy":"-android uiautomator","selector":"new UiSelector().resourceIdMatches(\".*COMMUNITY.*\")...
12:41:08.592081 POST /session/0f612d87-4c4e-4733-8812-0531b1bd4a38/element [13.750194ms] ERR:404 body={"strategy":"-android uiautomator","selector":"new UiSelector().resourceIdMatches(\".*COMMUNITY.*\")...
12:41:08.607234 POST /session/0f612d87-4c4e-4733-8812-0531b1bd4a38/element [15.008021ms] ERR:404 body={"strategy":"-android uiautomator","selector":"new UiSelector().resourceIdMatches(\".*COMMUNITY.*\")...
12:41:08.622452 POST /session/0f612d87-4c4e-4733-8812-0531b1bd4a38/element [15.061772ms] ERR:404 body={"strategy":"-android uiautomator","selector":"new UiSelector().resourceIdMatches(\".*COMMUNITY.*\")...
12:41:08.638245 POST /session/0f612d87-4c4e-4733-8812-0531b1bd4a38/element [15.697603ms] ERR:404 body={"strategy":"-android uiautomator","selector":"new UiSelector().resourceIdMatches(\".*COMMUNITY.*\")...
12:41:08.656950 POST /session/0f612d87-4c4e-4733-8812-0531b1bd4a38/element [18.582644ms] ERR:404 body={"strategy":"-android uiautomator","selector":"new UiSelector().resourceIdMatches(\".*COMMUNITY.*\")...
12:41:08.677926 POST /session/0f612d87-4c4e-4733-8812-0531b1bd4a38/element [20.850327ms] ERR:404 body={"strategy":"-android uiautomator","selector":"new UiSelector().resourceIdMatches(\".*COMMUNITY.*\")...
12:41:08.691721 POST /session/0f612d87-4c4e-4733-8812-0531b1bd4a38/element [13.691233ms] ERR:404 body={"strategy":"-android uiautomator","selector":"new UiSelector().resourceIdMatches(\".*COMMUNITY.*\")...
12:41:08.705851 POST /session/0f612d87-4c4e-4733-8812-0531b1bd4a38/element [14.05485ms] ERR:404 body={"strategy":"-android uiautomator","selector":"new UiSelector().resourceIdMatches(\".*COMMUNITY.*\")...
12:41:08.727257 POST /session/0f612d87-4c4e-4733-8812-0531b1bd4a38/element [21.289596ms] ERR:404 body={"strategy":"-android uiautomator","selector":"new UiSelector().resourceIdMatches(\".*COMMUNITY.*\")...
12:41:08.743711 POST /session/0f612d87-4c4e-4733-8812-0531b1bd4a38/element [16.34168ms] ERR:404 body={"strategy":"-android uiautomator","selector":"new UiSelector().resourceIdMatches(\".*COMMUNITY.*\")...
12:41:08.757482 POST /session/0f612d87-4c4e-4733-8812-0531b1bd4a38/element [13.652921ms] ERR:404 body={"strategy":"-android uiautomator","selector":"new UiSelector().resourceIdMatches(\".*COMMUNITY.*\")...
12:41:08.771498 POST /session/0f612d87-4c4e-4733-8812-0531b1bd4a38/element [13.903424ms] ERR:404 body={"strategy":"-android uiautomator","selector":"new UiSelector().resourceIdMatches(\".*COMMUNITY.*\")...
12:41:08.785065 POST /session/0f612d87-4c4e-4733-8812-0531b1bd4a38/element [13.432955ms] ERR:404 body={"strategy":"-android uiautomator","selector":"new UiSelector().resourceIdMatches(\".*COMMUNITY.*\")...
12:41:08.799108 POST /session/0f612d87-4c4e-4733-8812-0531b1bd4a38/element [13.938861ms] ERR:404 body={"strategy":"-android uiautomator","selector":"new UiSelector().resourceIdMatches(\".*COMMUNITY.*\")...
12:41:08.812217 POST /session/0f612d87-4c4e-4733-8812-0531b1bd4a38/element [13.007031ms] ERR:404 body={"strategy":"-android uiautomator","selector":"new UiSelector().resourceIdMatches(\".*COMMUNITY.*\")...
12:41:08.826742 POST /session/0f612d87-4c4e-4733-8812-0531b1bd4a38/element [14.394902ms] ERR:404 body={"strategy":"-android uiautomator","selector":"new UiSelector().resourceIdMatches(\".*COMMUNITY.*\")...
12:41:08.842061 POST /session/0f612d87-4c4e-4733-8812-0531b1bd4a38/element [15.192441ms] ERR:404 body={"strategy":"-android uiautomator","selector":"new UiSelector().resourceIdMatches(\".*COMMUNITY.*\")...
12:41:08.858245 POST /session/0f612d87-4c4e-4733-8812-0531b1bd4a38/element [16.075716ms] ERR:404 body={"strategy":"-android uiautomator","selector":"new UiSelector().resourceIdMatches(\".*COMMUNITY.*\")...
12:41:08.870726 POST /session/0f612d87-4c4e-4733-8812-0531b1bd4a38/element [12.371951ms] ERR:404 body={"strategy":"-android uiautomator","selector":"new UiSelector().resourceIdMatches(\".*COMMUNITY.*\")...
12:41:08.885665 POST /session/0f612d87-4c4e-4733-8812-0531b1bd4a38/element [14.830969ms] ERR:404 body={"strategy":"-android uiautomator","selector":"new UiSelector().resourceIdMatches(\".*COMMUNITY.*\")...
12:41:08.898186 POST /session/0f612d87-4c4e-4733-8812-0531b1bd4a38/element [12.425821ms] ERR:404 body={"strategy":"-android uiautomator","selector":"new UiSelector().resourceIdMatches(\".*COMMUNITY.*\")...
12:41:08.912084 POST /session/0f612d87-4c4e-4733-8812-0531b1bd4a38/element [13.805118ms] ERR:404 body={"strategy":"-android uiautomator","selector":"new UiSelector().resourceIdMatches(\".*COMMUNITY.*\")...
12:41:08.925377 POST /session/0f612d87-4c4e-4733-8812-0531b1bd4a38/element [13.175991ms] ERR:404 body={"strategy":"-android uiautomator","selector":"new UiSelector().resourceIdMatches(\".*COMMUNITY.*\")...
12:41:08.939873 POST /session/0f612d87-4c4e-4733-8812-0531b1bd4a38/element [14.173825ms] ERR:404 body={"strategy":"-android uiautomator","selector":"new UiSelector().resourceIdMatches(\".*COMMUNITY.*\")...
12:41:08.955843 POST /session/0f612d87-4c4e-4733-8812-0531b1bd4a38/element [15.717268ms] ERR:404 body={"strategy":"-android uiautomator","selector":"new UiSelector().resourceIdMatches(\".*COMMUNITY.*\")...
12:41:08.977662 POST /session/0f612d87-4c4e-4733-8812-0531b1bd4a38/element [21.707887ms] ERR:404 body={"strategy":"-android uiautomator","selector":"new UiSelector().resourceIdMatches(\".*COMMUNITY.*\")...
12:41:08.989665 POST /session/0f612d87-4c4e-4733-8812-0531b1bd4a38/element [11.907535ms] ERR:404 body={"strategy":"-android uiautomator","selector":"new UiSelector().resourceIdMatches(\".*COMMUNITY.*\")...
12:41:09.001585 POST /session/0f612d87-4c4e-4733-8812-0531b1bd4a38/element [11.819958ms] ERR:404 body={"strategy":"-android uiautomator","selector":"new UiSelector().resourceIdMatches(\".*COMMUNITY.*\")...
12:41:09.014593 POST /session/0f612d87-4c4e-4733-8812-0531b1bd4a38/element [12.891102ms] ERR:404 body={"strategy":"-android uiautomator","selector":"new UiSelector().resourceIdMatches(\".*COMMUNITY.*\")...
12:41:09.028412 POST /session/0f612d87-4c4e-4733-8812-0531b1bd4a38/element [13.71653ms] ERR:404 body={"strategy":"-android uiautomator","selector":"new UiSelector().resourceIdMatches(\".*COMMUNITY.*\")...
12:41:09.050144 POST /session/0f612d87-4c4e-4733-8812-0531b1bd4a38/element [21.631164ms] ERR:404 body={"strategy":"-android uiautomator","selector":"new UiSelector().resourceIdMatches(\".*COMMUNITY.*\")...
12:41:09.084140 POST /session/0f612d87-4c4e-4733-8812-0531b1bd4a38/element [33.884639ms] ERR:404 body={"strategy":"-android uiautomator","selector":"new UiSelector().resourceIdMatches(\".*COMMUNITY.*\")...
12:41:09.097193 POST /session/0f612d87-4c4e-4733-8812-0531b1bd4a38/element [12.927701ms] ERR:404 body={"strategy":"-android uiautomator","selector":"new UiSelector().resourceIdMatches(\".*COMMUNITY.*\")...
12:41:09.111943 POST /session/0f612d87-4c4e-4733-8812-0531b1bd4a38/element [14.619555ms] ERR:404 body={"strategy":"-android uiautomator","selector":"new UiSelector().resourceIdMatches(\".*COMMUNITY.*\")...
12:41:09.129864 POST /session/0f612d87-4c4e-4733-8812-0531b1bd4a38/element [17.816147ms] ERR:404 body={"strategy":"-android uiautomator","selector":"new UiSelector().resourceIdMatches(\".*COMMUNITY.*\")...
12:41:09.142915 POST /session/0f612d87-4c4e-4733-8812-0531b1bd4a38/element [12.95387ms] ERR:404 body={"strategy":"-android uiautomator","selector":"new UiSelector().resourceIdMatches(\".*COMMUNITY.*\")...
12:41:09.165130 POST /session/0f612d87-4c4e-4733-8812-0531b1bd4a38/element [22.120776ms] ERR:404 body={"strategy":"-android uiautomator","selector":"new UiSelector().resourceIdMatches(\".*COMMUNITY.*\")...
12:41:09.177136 POST /session/0f612d87-4c4e-4733-8812-0531b1bd4a38/element [11.883889ms] ERR:404 body={"strategy":"-android uiautomator","selector":"new UiSelector().resourceIdMatches(\".*COMMUNITY.*\")...
12:41:09.188795 POST /session/0f612d87-4c4e-4733-8812-0531b1bd4a38/element [11.574324ms] ERR:404 body={"strategy":"-android uiautomator","selector":"new UiSelector().resourceIdMatches(\".*COMMUNITY.*\")...
12:41:09.200699 POST /session/0f612d87-4c4e-4733-8812-0531b1bd4a38/element [11.808697ms] ERR:404 body={"strategy":"-android uiautomator","selector":"new UiSelector().resourceIdMatches(\".*COMMUNITY.*\")...
12:41:09.212447 POST /session/0f612d87-4c4e-4733-8812-0531b1bd4a38/element [11.63072ms] ERR:404 body={"strategy":"-android uiautomator","selector":"new UiSelector().resourceIdMatches(\".*COMMUNITY.*\")...
12:41:09.225091 POST /session/0f612d87-4c4e-4733-8812-0531b1bd4a38/element [12.559986ms] ERR:404 body={"strategy":"-android uiautomator","selector":"new UiSelector().resourceIdMatches(\".*COMMUNITY.*\")...
12:41:09.236672 POST /session/0f612d87-4c4e-4733-8812-0531b1bd4a38/element [11.486819ms] ERR:404 body={"strategy":"-android uiautomator","selector":"new UiSelector().resourceIdMatches(\".*COMMUNITY.*\")...
12:41:09.256483 POST /session/0f612d87-4c4e-4733-8812-0531b1bd4a38/element [19.716394ms] ERR:404 body={"strategy":"-android uiautomator","selector":"new UiSelector().resourceIdMatches(\".*COMMUNITY.*\")...
12:41:09.420652 POST /session/0f612d87-4c4e-4733-8812-0531b1bd4a38/element [164.065596ms] ERR:404 body={"strategy":"-android uiautomator","selector":"new UiSelector().resourceIdMatches(\".*COMMUNITY.*\")...
12:41:09.446554 POST /session/0f612d87-4c4e-4733-8812-0531b1bd4a38/element [25.73842ms] ERR:404 body={"strategy":"-android uiautomator","selector":"new UiSelector().resourceIdMatches(\".*COMMUNITY.*\")...
12:41:10.150512 POST /session/0f612d87-4c4e-4733-8812-0531b1bd4a38/element [703.82973ms] ERR:404 body={"strategy":"-android uiautomator","selector":"new UiSelector().resourceIdMatches(\".*COMMUNITY.*\")...
12:41:10.669116 POST /session/0f612d87-4c4e-4733-8812-0531b1bd4a38/element [518.488022ms] OK body={"strategy":"-android uiautomator","selector":"new UiSelector().resourceIdMatches(\".*COMMUNITY.*\")...
12:41:10.682121 GET /session/0f612d87-4c4e-4733-8812-0531b1bd4a38/element/00000000-0000-0007-ffff-ffff00000095/text [12.834232ms] OK body=
12:41:10.696173 GET /session/0f612d87-4c4e-4733-8812-0531b1bd4a38/element/00000000-0000-0007-ffff-ffff00000095/rect [14.001339ms] OK body=
12:41:10.713968 POST /session/0f612d87-4c4e-4733-8812-0531b1bd4a38/element [16.822269ms] OK body={"strategy":"-android uiautomator","selector":"new UiSelector().textContains(\"Community\")"}
12:41:10.754409 POST /session/0f612d87-4c4e-4733-8812-0531b1bd4a38/element [39.589358ms] ERR:404 body={"strategy":"-android uiautomator","selector":"new UiSelector().resourceIdMatches(\".*COMMUNITY.*\")...
12:41:10.774266 POST /session/0f612d87-4c4e-4733-8812-0531b1bd4a38/element [19.786304ms] OK body={"strategy":"-android uiautomator","selector":"new UiSelector().resourceIdMatches(\".*COMMUNITY.*\")...
12:41:10.794613 GET /session/0f612d87-4c4e-4733-8812-0531b1bd4a38/element/00000000-0000-0007-ffff-ffff00000095/text [20.238712ms] OK body=
12:41:10.851097 GET /session/0f612d87-4c4e-4733-8812-0531b1bd4a38/element/00000000-0000-0007-ffff-ffff00000095/rect [56.411373ms] OK body=
12:41:11.855208 POST /session/0f612d87-4c4e-4733-8812-0531b1bd4a38/element/00000000-0000-0007-ffff-ffff00000095/click [1.00403061s] OK body=
12:41:13.439627 POST /session/0f612d87-4c4e-4733-8812-0531b1bd4a38/element [1.582025505s] ERR:404 body={"strategy":"-android uiautomator","selector":"new UiSelector().resourceIdMatches(\".*recipe.*\").cl...
12:41:13.907513 POST /session/0f612d87-4c4e-4733-8812-0531b1bd4a38/element [467.733876ms] OK body={"strategy":"-android uiautomator","selector":"new UiSelector().resourceIdMatches(\".*recipe.*\")"}
12:41:13.922050 GET /session/0f612d87-4c4e-4733-8812-0531b1bd4a38/element/00000000-0000-0007-ffff-ffff000000ec/text [14.457038ms] OK body=
12:41:13.935732 GET /session/0f612d87-4c4e-4733-8812-0531b1bd4a38/element/00000000-0000-0007-ffff-ffff000000ec/rect [13.616883ms] OK body=
12:41:13.969104 POST /session/0f612d87-4c4e-4733-8812-0531b1bd4a38/element/00000000-0000-0007-ffff-ffff000000ec/click [33.300105ms] OK body=
12:41:14.020053 POST /session/0f612d87-4c4e-4733-8812-0531b1bd4a38/element [49.542009ms] ERR:404 body={"strategy":"-android uiautomator","selector":"new UiSelector().resourceIdMatches(\".*recipe-comment...
12:41:14.056940 POST /session/0f612d87-4c4e-4733-8812-0531b1bd4a38/element [36.784275ms] ERR:404 body={"strategy":"-android uiautomator","selector":"new UiSelector().resourceIdMatches(\".*recipe-comment...
12:41:14.099167 POST /session/0f612d87-4c4e-4733-8812-0531b1bd4a38/element [42.097373ms] ERR:404 body={"strategy":"-android uiautomator","selector":"new UiSelector().resourceIdMatches(\".*recipe-comment...
12:41:14.559950 POST /session/0f612d87-4c4e-4733-8812-0531b1bd4a38/element [460.607354ms] ERR:404 body={"strategy":"-android uiautomator","selector":"new UiSelector().resourceIdMatches(\".*recipe-comment...
12:41:14.898363 POST /session/0f612d87-4c4e-4733-8812-0531b1bd4a38/element [338.239707ms] ERR:404 body={"strategy":"-android uiautomator","selector":"new UiSelector().resourceIdMatches(\".*recipe-comment...
12:41:14.916317 POST /session/0f612d87-4c4e-4733-8812-0531b1bd4a38/element [17.809503ms] ERR:404 body={"strategy":"-android uiautomator","selector":"new UiSelector().resourceIdMatches(\".*recipe-comment...
12:41:14.929840 POST /session/0f612d87-4c4e-4733-8812-0531b1bd4a38/element [13.417567ms] ERR:404 body={"strategy":"-android uiautomator","selector":"new UiSelector().resourceIdMatches(\".*recipe-comment...
12:41:14.949945 POST /session/0f612d87-4c4e-4733-8812-0531b1bd4a38/element [20.002345ms] ERR:404 body={"strategy":"-android uiautomator","selector":"new UiSelector().resourceIdMatches(\".*recipe-comment...
12:41:14.968393 POST /session/0f612d87-4c4e-4733-8812-0531b1bd4a38/element [18.301931ms] ERR:404 body={"strategy":"-android uiautomator","selector":"new UiSelector().resourceIdMatches(\".*recipe-comment...
12:41:14.985976 POST /session/0f612d87-4c4e-4733-8812-0531b1bd4a38/element [17.419546ms] ERR:404 body={"strategy":"-android uiautomator","selector":"new UiSelector().resourceIdMatches(\".*recipe-comment...
12:41:16.521454 POST /session/0f612d87-4c4e-4733-8812-0531b1bd4a38/appium/gestures/scroll [1.535345551s] OK body={"area":{"left":0,"top":300,"width":1080,"height":1800},"direction":"down","percent":0.3}
12:41:17.376043 POST /session/0f612d87-4c4e-4733-8812-0531b1bd4a38/element [554.405543ms] ERR:404 body={"strategy":"-android uiautomator","selector":"new UiSelector().resourceIdMatches(\".*recipe-comment...
12:41:18.081191 POST /session/0f612d87-4c4e-4733-8812-0531b1bd4a38/element [705.045872ms] ERR:404 body={"strategy":"-android uiautomator","selector":"new UiSelector().resourceIdMatches(\".*recipe-comment...
12:41:19.677970 POST /session/0f612d87-4c4e-4733-8812-0531b1bd4a38/appium/gestures/scroll [1.596666012s] OK body={"area":{"left":0,"top":300,"width":1080,"height":1800},"direction":"down","percent":0.3}
12:41:20.050425 POST /session/0f612d87-4c4e-4733-8812-0531b1bd4a38/element [71.942523ms] ERR:404 body={"strategy":"-android uiautomator","selector":"new UiSelector().resourceIdMatches(\".*recipe-comment...
12:41:20.108507 POST /session/0f612d87-4c4e-4733-8812-0531b1bd4a38/element [57.929223ms] ERR:404 body={"strategy":"-android uiautomator","selector":"new UiSelector().resourceIdMatches(\".*recipe-comment...
12:41:20.165828 POST /session/0f612d87-4c4e-4733-8812-0531b1bd4a38/element [57.172344ms] ERR:404 body={"strategy":"-android uiautomator","selector":"new UiSelector().resourceIdMatches(\".*recipe-comment...
12:41:20.224489 POST /session/0f612d87-4c4e-4733-8812-0531b1bd4a38/element [58.524147ms] ERR:404 body={"strategy":"-android uiautomator","selector":"new UiSelector().resourceIdMatches(\".*recipe-comment...
12:41:20.285362 POST /session/0f612d87-4c4e-4733-8812-0531b1bd4a38/element [60.704045ms] ERR:404 body={"strategy":"-android uiautomator","selector":"new UiSelector().resourceIdMatches(\".*recipe-comment...
12:41:20.346517 POST /session/0f612d87-4c4e-4733-8812-0531b1bd4a38/element [61.004963ms] ERR:404 body={"strategy":"-android uiautomator","selector":"new UiSelector().resourceIdMatches(\".*recipe-comment...
12:41:20.407055 POST /session/0f612d87-4c4e-4733-8812-0531b1bd4a38/element [60.393758ms] ERR:404 body={"strategy":"-android uiautomator","selector":"new UiSelector().resourceIdMatches(\".*recipe-comment...
12:41:20.469041 POST /session/0f612d87-4c4e-4733-8812-0531b1bd4a38/element [61.851562ms] ERR:404 body={"strategy":"-android uiautomator","selector":"new UiSelector().resourceIdMatches(\".*recipe-comment...
12:41:20.530229 POST /session/0f612d87-4c4e-4733-8812-0531b1bd4a38/element [61.040961ms] ERR:404 body={"strategy":"-android uiautomator","selector":"new UiSelector().resourceIdMatches(\".*recipe-comment...
12:41:20.591103 POST /session/0f612d87-4c4e-4733-8812-0531b1bd4a38/element [60.687393ms] ERR:404 body={"strategy":"-android uiautomator","selector":"new UiSelector().resourceIdMatches(\".*recipe-comment...
12:41:20.650446 POST /session/0f612d87-4c4e-4733-8812-0531b1bd4a38/element [59.195153ms] ERR:404 body={"strategy":"-android uiautomator","selector":"new UiSelector().resourceIdMatches(\".*recipe-comment...
12:41:20.702431 POST /session/0f612d87-4c4e-4733-8812-0531b1bd4a38/element [51.831597ms] ERR:404 body={"strategy":"-android uiautomator","selector":"new UiSelector().resourceIdMatches(\".*recipe-comment...
12:41:20.754936 POST /session/0f612d87-4c4e-4733-8812-0531b1bd4a38/element [52.356798ms] ERR:404 body={"strategy":"-android uiautomator","selector":"new UiSelector().resourceIdMatches(\".*recipe-comment...
12:41:20.811678 POST /session/0f612d87-4c4e-4733-8812-0531b1bd4a38/element [56.609791ms] ERR:404 body={"strategy":"-android uiautomator","selector":"new UiSelector().resourceIdMatches(\".*recipe-comment...
12:41:20.866481 POST /session/0f612d87-4c4e-4733-8812-0531b1bd4a38/element [54.642465ms] ERR:404 body={"strategy":"-android uiautomator","selector":"new UiSelector().resourceIdMatches(\".*recipe-comment...
12:41:20.928454 POST /session/0f612d87-4c4e-4733-8812-0531b1bd4a38/element [61.830041ms] ERR:404 body={"strategy":"-android uiautomator","selector":"new UiSelector().resourceIdMatches(\".*recipe-comment...
12:41:20.985782 POST /session/0f612d87-4c4e-4733-8812-0531b1bd4a38/element [57.212941ms] ERR:404 body={"strategy":"-android uiautomator","selector":"new UiSelector().resourceIdMatches(\".*recipe-comment...
12:41:22.548609 POST /session/0f612d87-4c4e-4733-8812-0531b1bd4a38/appium/gestures/scroll [1.562717797s] OK body={"area":{"left":0,"top":300,"width":1080,"height":1800},"direction":"down","percent":0.3}
12:41:22.905488 POST /session/0f612d87-4c4e-4733-8812-0531b1bd4a38/element [56.323423ms] ERR:404 body={"strategy":"-android uiautomator","selector":"new UiSelector().resourceIdMatches(\".*recipe-comment...
12:41:22.952541 POST /session/0f612d87-4c4e-4733-8812-0531b1bd4a38/element [46.922141ms] ERR:404 body={"strategy":"-android uiautomator","selector":"new UiSelector().resourceIdMatches(\".*recipe-comment...
12:41:23.001840 POST /session/0f612d87-4c4e-4733-8812-0531b1bd4a38/element [49.194171ms] ERR:404 body={"strategy":"-android uiautomator","selector":"new UiSelector().resourceIdMatches(\".*recipe-comment...
12:41:23.048234 POST /session/0f612d87-4c4e-4733-8812-0531b1bd4a38/element [46.291052ms] ERR:404 body={"strategy":"-android uiautomator","selector":"new UiSelector().resourceIdMatches(\".*recipe-comment...
12:41:23.099928 POST /session/0f612d87-4c4e-4733-8812-0531b1bd4a38/element [51.560804ms] ERR:404 body={"strategy":"-android uiautomator","selector":"new UiSelector().resourceIdMatches(\".*recipe-comment...
12:41:23.156238 POST /session/0f612d87-4c4e-4733-8812-0531b1bd4a38/element [56.185579ms] ERR:404 body={"strategy":"-android uiautomator","selector":"new UiSelector().resourceIdMatches(\".*recipe-comment...
12:41:23.208135 POST /session/0f612d87-4c4e-4733-8812-0531b1bd4a38/element [51.727679ms] ERR:404 body={"strategy":"-android uiautomator","selector":"new UiSelector().resourceIdMatches(\".*recipe-comment...
12:41:23.258764 POST /session/0f612d87-4c4e-4733-8812-0531b1bd4a38/element [50.470304ms] ERR:404 body={"strategy":"-android uiautomator","selector":"new UiSelector().resourceIdMatches(\".*recipe-comment...
12:41:23.311832 POST /session/0f612d87-4c4e-4733-8812-0531b1bd4a38/element [52.925339ms] ERR:404 body={"strategy":"-android uiautomator","selector":"new UiSelector().resourceIdMatches(\".*recipe-comment...
12:41:23.364807 POST /session/0f612d87-4c4e-4733-8812-0531b1bd4a38/element [52.860701ms] ERR:404 body={"strategy":"-android uiautomator","selector":"new UiSelector().resourceIdMatches(\".*recipe-comment...
12:41:23.420035 POST /session/0f612d87-4c4e-4733-8812-0531b1bd4a38/element [55.095771ms] ERR:404 body={"strategy":"-android uiautomator","selector":"new UiSelector().resourceIdMatches(\".*recipe-comment...
12:41:23.474541 POST /session/0f612d87-4c4e-4733-8812-0531b1bd4a38/element [54.378805ms] ERR:404 body={"strategy":"-android uiautomator","selector":"new UiSelector().resourceIdMatches(\".*recipe-comment...
12:41:23.528809 POST /session/0f612d87-4c4e-4733-8812-0531b1bd4a38/element [54.123981ms] ERR:404 body={"strategy":"-android uiautomator","selector":"new UiSelector().resourceIdMatches(\".*recipe-comment...
12:41:23.586949 POST /session/0f612d87-4c4e-4733-8812-0531b1bd4a38/element [58.047316ms] ERR:404 body={"strategy":"-android uiautomator","selector":"new UiSelector().resourceIdMatches(\".*recipe-comment...
12:41:23.636178 POST /session/0f612d87-4c4e-4733-8812-0531b1bd4a38/element [49.080216ms] ERR:404 body={"strategy":"-android uiautomator","selector":"new UiSelector().resourceIdMatches(\".*recipe-comment...
12:41:23.682546 POST /session/0f612d87-4c4e-4733-8812-0531b1bd4a38/element [46.202931ms] ERR:404 body={"strategy":"-android uiautomator","selector":"new UiSelector().resourceIdMatches(\".*recipe-comment...
12:41:23.729406 POST /session/0f612d87-4c4e-4733-8812-0531b1bd4a38/element [46.696955ms] ERR:404 body={"strategy":"-android uiautomator","selector":"new UiSelector().resourceIdMatches(\".*recipe-comment...
12:41:23.786273 POST /session/0f612d87-4c4e-4733-8812-0531b1bd4a38/element [56.747323ms] ERR:404 body={"strategy":"-android uiautomator","selector":"new UiSelector().resourceIdMatches(\".*recipe-comment...
12:41:23.844308 POST /session/0f612d87-4c4e-4733-8812-0531b1bd4a38/element [57.845131ms] ERR:404 body={"strategy":"-android uiautomator","selector":"new UiSelector().resourceIdMatches(\".*recipe-comment...
12:41:23.894668 POST /session/0f612d87-4c4e-4733-8812-0531b1bd4a38/element [50.247251ms] ERR:404 body={"strategy":"-android uiautomator","selector":"new UiSelector().resourceIdMatches(\".*recipe-comment...
12:41:25.460980 POST /session/0f612d87-4c4e-4733-8812-0531b1bd4a38/appium/gestures/scroll [1.566157391s] OK body={"area":{"left":0,"top":300,"width":1080,"height":1800},"direction":"down","percent":0.3}
12:41:25.786319 POST /session/0f612d87-4c4e-4733-8812-0531b1bd4a38/element [24.819198ms] OK body={"strategy":"-android uiautomator","selector":"new UiSelector().resourceIdMatches(\".*recipe-comment...
12:41:25.797501 GET /session/0f612d87-4c4e-4733-8812-0531b1bd4a38/element/00000000-0000-0007-ffff-ffff00000110/text [11.104409ms] OK body=
12:41:25.810127 GET /session/0f612d87-4c4e-4733-8812-0531b1bd4a38/element/00000000-0000-0007-ffff-ffff00000110/rect [12.582287ms] OK body=
12:41:25.838895 POST /session/0f612d87-4c4e-4733-8812-0531b1bd4a38/element [27.758658ms] OK body={"strategy":"-android uiautomator","selector":"new UiSelector().resourceIdMatches(\".*recipe-comment...
12:41:25.850360 GET /session/0f612d87-4c4e-4733-8812-0531b1bd4a38/element/00000000-0000-0007-ffff-ffff00000110/text [11.400476ms] OK body=
12:41:25.861915 GET /session/0f612d87-4c4e-4733-8812-0531b1bd4a38/element/00000000-0000-0007-ffff-ffff00000110/rect [11.513479ms] OK body=
12:41:26.142465 POST /session/0f612d87-4c4e-4733-8812-0531b1bd4a38/element/00000000-0000-0007-ffff-ffff00000110/click [280.495229ms] OK body=
12:41:27.869513 POST /session/0f612d87-4c4e-4733-8812-0531b1bd4a38/actions [1.725979033s] OK body={"actions":[{"actions":[{"type":"keyDown","value":"t"},{"type":"keyUp","value":"t"},{"type":"keyDown...
12:41:27.891755 POST /session/0f612d87-4c4e-4733-8812-0531b1bd4a38/appium/device/hide_keyboard [21.535915ms] ERR:404 body=
12:41:28.517923 POST /session/0f612d87-4c4e-4733-8812-0531b1bd4a38/element [624.905211ms] ERR:404 body={"strategy":"-android uiautomator","selector":"new UiSelector().resourceIdMatches(\".*submit-comment...
12:41:29.153921 POST /session/0f612d87-4c4e-4733-8812-0531b1bd4a38/element [635.867622ms] OK body={"strategy":"-android uiautomator","selector":"new UiSelector().resourceIdMatches(\".*submit-comment...
12:41:29.738596 GET /session/0f612d87-4c4e-4733-8812-0531b1bd4a38/element/00000000-0000-0007-ffff-ffff000001d2/text [584.542094ms] OK body=
12:41:30.369887 GET /session/0f612d87-4c4e-4733-8812-0531b1bd4a38/element/00000000-0000-0007-ffff-ffff000001d2/rect [631.18734ms] OK body=
12:41:31.244525 POST /session/0f612d87-4c4e-4733-8812-0531b1bd4a38/element/00000000-0000-0007-ffff-ffff000001d2/click [874.555772ms] OK body=
12:41:32.013761 POST /session/0f612d87-4c4e-4733-8812-0531b1bd4a38/element [769.152427ms] ERR:404 body={"strategy":"-android uiautomator","selector":"new UiSelector().resourceIdMatches(\".*submit-comment...
12:41:32.040942 POST /session/0f612d87-4c4e-4733-8812-0531b1bd4a38/element [27.077019ms] OK body={"strategy":"-android uiautomator","selector":"new UiSelector().resourceIdMatches(\".*submit-comment...
12:41:32.052231 GET /session/0f612d87-4c4e-4733-8812-0531b1bd4a38/element/00000000-0000-0007-ffff-ffff000001d2/text [11.239672ms] OK body=
12:41:32.063927 GET /session/0f612d87-4c4e-4733-8812-0531b1bd4a38/element/00000000-0000-0007-ffff-ffff000001d2/rect [11.643845ms] OK body=
12:41:32.094604 POST /session/0f612d87-4c4e-4733-8812-0531b1bd4a38/element/00000000-0000-0007-ffff-ffff000001d2/click [30.632275ms] OK body=
12:41:37.218922 POST /session/0f612d87-4c4e-4733-8812-0531b1bd4a38/appium/device/launch_app [4.511691ms] ERR:404 body={"appId":"com.tastopia.app"}
12:41:40.085757 POST /session/0f612d87-4c4e-4733-8812-0531b1bd4a38/element [1.012386208s] OK body={"strategy":"-android uiautomator","selector":"new UiSelector().resourceIdMatches(\".*MENU.*\")"}
12:41:40.687409 GET /session/0f612d87-4c4e-4733-8812-0531b1bd4a38/element/00000000-0000-000a-ffff-ffff0000003c/text [601.57542ms] OK body=
12:41:41.449514 GET /session/0f612d87-4c4e-4733-8812-0531b1bd4a38/element/00000000-0000-000a-ffff-ffff0000003c/rect [762.027708ms] OK body=
12:41:42.316501 POST /session/0f612d87-4c4e-4733-8812-0531b1bd4a38/element [866.151985ms] ERR:404 body={"strategy":"-android uiautomator","selector":"new UiSelector().resourceIdMatches(\".*MENU.*\").clic...
12:41:42.337547 POST /session/0f612d87-4c4e-4733-8812-0531b1bd4a38/element [20.953222ms] OK body={"strategy":"-android uiautomator","selector":"new UiSelector().resourceIdMatches(\".*MENU.*\")"}
12:41:42.347573 GET /session/0f612d87-4c4e-4733-8812-0531b1bd4a38/element/00000000-0000-000a-ffff-ffff0000003c/text [9.977497ms] OK body=
12:41:42.359195 GET /session/0f612d87-4c4e-4733-8812-0531b1bd4a38/element/00000000-0000-000a-ffff-ffff0000003c/rect [11.581827ms] OK body=
12:41:42.390253 POST /session/0f612d87-4c4e-4733-8812-0531b1bd4a38/element/00000000-0000-000a-ffff-ffff0000003c/click [30.995087ms] OK body=
12:41:42.395181 POST /session/0f612d87-4c4e-4733-8812-0531b1bd4a38/appium/device/hide_keyboard [4.799407ms] ERR:404 body=
12:41:42.602782 POST /session/0f612d87-4c4e-4733-8812-0531b1bd4a38/element [207.165324ms] ERR:404 body={"strategy":"-android uiautomator","selector":"new UiSelector().textContains(\"History\")"}
12:41:43.376624 POST /session/0f612d87-4c4e-4733-8812-0531b1bd4a38/element [773.698069ms] ERR:404 body={"strategy":"-android uiautomator","selector":"new UiSelector().descriptionContains(\"History\")"}
12:41:43.389761 POST /session/0f612d87-4c4e-4733-8812-0531b1bd4a38/element [13.027461ms] OK body={"strategy":"-android uiautomator","selector":"new UiSelector().textMatches(\"(?is).*\\QHistory\\E.*...
12:41:43.405274 POST /session/0f612d87-4c4e-4733-8812-0531b1bd4a38/element [15.016677ms] OK body={"strategy":"-android uiautomator","selector":"new UiSelector().resourceIdMatches(\".*menu-logout-bu...
12:41:43.415326 GET /session/0f612d87-4c4e-4733-8812-0531b1bd4a38/element/00000000-0000-000a-ffff-ffff000000c8/text [10.015116ms] OK body=
12:41:43.429480 GET /session/0f612d87-4c4e-4733-8812-0531b1bd4a38/element/00000000-0000-000a-ffff-ffff000000c8/rect [14.122398ms] OK body=
12:41:43.461042 POST /session/0f612d87-4c4e-4733-8812-0531b1bd4a38/element/00000000-0000-000a-ffff-ffff000000c8/click [31.519931ms] OK body=
12:41:43.480734 POST /session/0f612d87-4c4e-4733-8812-0531b1bd4a38/element [19.32655ms] ERR:404 body={"strategy":"-android uiautomator","selector":"new UiSelector().textContains(\"Welcome to\")"}
12:41:43.500276 POST /session/0f612d87-4c4e-4733-8812-0531b1bd4a38/element [19.432838ms] ERR:404 body={"strategy":"-android uiautomator","selector":"new UiSelector().descriptionContains(\"Welcome to\")"...
12:41:43.518828 POST /session/0f612d87-4c4e-4733-8812-0531b1bd4a38/element [18.4228ms] ERR:404 body={"strategy":"-android uiautomator","selector":"new UiSelector().textMatches(\"(?is).*\\QWelcome to\\...
12:41:43.537217 POST /session/0f612d87-4c4e-4733-8812-0531b1bd4a38/element [18.272194ms] ERR:404 body={"strategy":"-android uiautomator","selector":"new UiSelector().descriptionMatches(\"(?is).*\\QWelco...
12:41:43.555856 POST /session/0f612d87-4c4e-4733-8812-0531b1bd4a38/element [18.523711ms] ERR:404 body={"strategy":"-android uiautomator","selector":"new UiSelector().textContains(\"Welcome to\")"}
12:41:43.578724 POST /session/0f612d87-4c4e-4733-8812-0531b1bd4a38/element [22.782516ms] ERR:404 body={"strategy":"-android uiautomator","selector":"new UiSelector().descriptionContains(\"Welcome to\")"...
12:41:43.595828 POST /session/0f612d87-4c4e-4733-8812-0531b1bd4a38/element [16.993811ms] ERR:404 body={"strategy":"-android uiautomator","selector":"new UiSelector().textMatches(\"(?is).*\\QWelcome to\\...
12:41:43.613346 POST /session/0f612d87-4c4e-4733-8812-0531b1bd4a38/element [17.415699ms] ERR:404 body={"strategy":"-android uiautomator","selector":"new UiSelector().descriptionMatches(\"(?is).*\\QWelco...
12:41:43.630692 POST /session/0f612d87-4c4e-4733-8812-0531b1bd4a38/element [17.227523ms] ERR:404 body={"strategy":"-android uiautomator","selector":"new UiSelector().textContains(\"Welcome to\")"}
12:41:43.648603 POST /session/0f612d87-4c4e-4733-8812-0531b1bd4a38/element [17.79663ms] ERR:404 body={"strategy":"-android uiautomator","selector":"new UiSelector().descriptionContains(\"Welcome to\")"...
12:41:43.667844 POST /session/0f612d87-4c4e-4733-8812-0531b1bd4a38/element [19.160432ms] ERR:404 body={"strategy":"-android uiautomator","selector":"new UiSelector().textMatches(\"(?is).*\\QWelcome to\\...
12:41:43.685454 POST /session/0f612d87-4c4e-4733-8812-0531b1bd4a38/element [17.550523ms] ERR:404 body={"strategy":"-android uiautomator","selector":"new UiSelector().descriptionMatches(\"(?is).*\\QWelco...
12:41:43.703760 POST /session/0f612d87-4c4e-4733-8812-0531b1bd4a38/element [18.213225ms] ERR:404 body={"strategy":"-android uiautomator","selector":"new UiSelector().textContains(\"Welcome to\")"}
12:41:43.721236 POST /session/0f612d87-4c4e-4733-8812-0531b1bd4a38/element [17.371796ms] ERR:404 body={"strategy":"-android uiautomator","selector":"new UiSelector().descriptionContains(\"Welcome to\")"...
12:41:43.738803 POST /session/0f612d87-4c4e-4733-8812-0531b1bd4a38/element [17.451516ms] ERR:404 body={"strategy":"-android uiautomator","selector":"new UiSelector().textMatches(\"(?is).*\\QWelcome to\\...
12:41:43.776099 POST /session/0f612d87-4c4e-4733-8812-0531b1bd4a38/element [37.196784ms] ERR:404 body={"strategy":"-android uiautomator","selector":"new UiSelector().descriptionMatches(\"(?is).*\\QWelco...
12:41:43.793248 POST /session/0f612d87-4c4e-4733-8812-0531b1bd4a38/element [17.038867ms] ERR:404 body={"strategy":"-android uiautomator","selector":"new UiSelector().textContains(\"Welcome to\")"}
12:41:43.811009 POST /session/0f612d87-4c4e-4733-8812-0531b1bd4a38/element [17.663547ms] ERR:404 body={"strategy":"-android uiautomator","selector":"new UiSelector().descriptionContains(\"Welcome to\")"...
12:41:43.832436 POST /session/0f612d87-4c4e-4733-8812-0531b1bd4a38/element [21.314373ms] ERR:404 body={"strategy":"-android uiautomator","selector":"new UiSelector().textMatches(\"(?is).*\\QWelcome to\\...
12:41:43.850423 POST /session/0f612d87-4c4e-4733-8812-0531b1bd4a38/element [17.865898ms] ERR:404 body={"strategy":"-android uiautomator","selector":"new UiSelector().descriptionMatches(\"(?is).*\\QWelco...
12:41:43.868031 POST /session/0f612d87-4c4e-4733-8812-0531b1bd4a38/element [17.497062ms] ERR:404 body={"strategy":"-android uiautomator","selector":"new UiSelector().textContains(\"Welcome to\")"}
12:41:43.886063 POST /session/0f612d87-4c4e-4733-8812-0531b1bd4a38/element [17.944857ms] ERR:404 body={"strategy":"-android uiautomator","selector":"new UiSelector().descriptionContains(\"Welcome to\")"...
12:41:43.904374 POST /session/0f612d87-4c4e-4733-8812-0531b1bd4a38/element [18.195802ms] ERR:404 body={"strategy":"-android uiautomator","selector":"new UiSelector().textMatches(\"(?is).*\\QWelcome to\\...
12:41:43.921671 POST /session/0f612d87-4c4e-4733-8812-0531b1bd4a38/element [17.213977ms] ERR:404 body={"strategy":"-android uiautomator","selector":"new UiSelector().descriptionMatches(\"(?is).*\\QWelco...
12:41:43.939969 POST /session/0f612d87-4c4e-4733-8812-0531b1bd4a38/element [18.214748ms] ERR:404 body={"strategy":"-android uiautomator","selector":"new UiSelector().textContains(\"Welcome to\")"}
12:41:43.957781 POST /session/0f612d87-4c4e-4733-8812-0531b1bd4a38/element [17.740452ms] ERR:404 body={"strategy":"-android uiautomator","selector":"new UiSelector().descriptionContains(\"Welcome to\")"...
12:41:43.975881 POST /session/0f612d87-4c4e-4733-8812-0531b1bd4a38/element [18.029568ms] ERR:404 body={"strategy":"-android uiautomator","selector":"new UiSelector().textMatches(\"(?is).*\\QWelcome to\\...
12:41:43.992949 POST /session/0f612d87-4c4e-4733-8812-0531b1bd4a38/element [17.000865ms] ERR:404 body={"strategy":"-android uiautomator","selector":"new UiSelector().descriptionMatches(\"(?is).*\\QWelco...
12:41:44.010431 POST /session/0f612d87-4c4e-4733-8812-0531b1bd4a38/element [17.405469ms] ERR:404 body={"strategy":"-android uiautomator","selector":"new UiSelector().textContains(\"Welcome to\")"}
12:41:44.029569 POST /session/0f612d87-4c4e-4733-8812-0531b1bd4a38/element [19.076708ms] ERR:404 body={"strategy":"-android uiautomator","selector":"new UiSelector().descriptionContains(\"Welcome to\")"...
12:41:44.048561 POST /session/0f612d87-4c4e-4733-8812-0531b1bd4a38/element [18.908608ms] ERR:404 body={"strategy":"-android uiautomator","selector":"new UiSelector().textMatches(\"(?is).*\\QWelcome to\\...
12:41:44.068232 POST /session/0f612d87-4c4e-4733-8812-0531b1bd4a38/element [19.585586ms] ERR:404 body={"strategy":"-android uiautomator","selector":"new UiSelector().descriptionMatches(\"(?is).*\\QWelco...
12:41:44.087381 POST /session/0f612d87-4c4e-4733-8812-0531b1bd4a38/element [19.023184ms] ERR:404 body={"strategy":"-android uiautomator","selector":"new UiSelector().textContains(\"Welcome to\")"}
12:41:44.103508 POST /session/0f612d87-4c4e-4733-8812-0531b1bd4a38/element [16.010815ms] ERR:404 body={"strategy":"-android uiautomator","selector":"new UiSelector().descriptionContains(\"Welcome to\")"...
12:41:44.120748 POST /session/0f612d87-4c4e-4733-8812-0531b1bd4a38/element [17.179391ms] ERR:404 body={"strategy":"-android uiautomator","selector":"new UiSelector().textMatches(\"(?is).*\\QWelcome to\\...
12:41:44.140241 POST /session/0f612d87-4c4e-4733-8812-0531b1bd4a38/element [19.397482ms] ERR:404 body={"strategy":"-android uiautomator","selector":"new UiSelector().descriptionMatches(\"(?is).*\\QWelco...
12:41:44.160068 POST /session/0f612d87-4c4e-4733-8812-0531b1bd4a38/element [19.703699ms] ERR:404 body={"strategy":"-android uiautomator","selector":"new UiSelector().textContains(\"Welcome to\")"}
12:41:44.179914 POST /session/0f612d87-4c4e-4733-8812-0531b1bd4a38/element [19.526936ms] ERR:404 body={"strategy":"-android uiautomator","selector":"new UiSelector().descriptionContains(\"Welcome to\")"...
12:41:44.201836 POST /session/0f612d87-4c4e-4733-8812-0531b1bd4a38/element [21.83165ms] ERR:404 body={"strategy":"-android uiautomator","selector":"new UiSelector().textMatches(\"(?is).*\\QWelcome to\\...
12:41:44.218862 POST /session/0f612d87-4c4e-4733-8812-0531b1bd4a38/element [16.961079ms] ERR:404 body={"strategy":"-android uiautomator","selector":"new UiSelector().descriptionMatches(\"(?is).*\\QWelco...
12:41:44.236345 POST /session/0f612d87-4c4e-4733-8812-0531b1bd4a38/element [17.359342ms] ERR:404 body={"strategy":"-android uiautomator","selector":"new UiSelector().textContains(\"Welcome to\")"}
12:41:44.254522 POST /session/0f612d87-4c4e-4733-8812-0531b1bd4a38/element [18.041661ms] ERR:404 body={"strategy":"-android uiautomator","selector":"new UiSelector().descriptionContains(\"Welcome to\")"...
12:41:44.272283 POST /session/0f612d87-4c4e-4733-8812-0531b1bd4a38/element [17.633971ms] ERR:404 body={"strategy":"-android uiautomator","selector":"new UiSelector().textMatches(\"(?is).*\\QWelcome to\\...
12:41:44.303060 POST /session/0f612d87-4c4e-4733-8812-0531b1bd4a38/element [30.613438ms] ERR:404 body={"strategy":"-android uiautomator","selector":"new UiSelector().descriptionMatches(\"(?is).*\\QWelco...
12:41:44.320794 POST /session/0f612d87-4c4e-4733-8812-0531b1bd4a38/element [17.632729ms] ERR:404 body={"strategy":"-android uiautomator","selector":"new UiSelector().textContains(\"Welcome to\")"}
12:41:44.338407 POST /session/0f612d87-4c4e-4733-8812-0531b1bd4a38/element [17.456755ms] ERR:404 body={"strategy":"-android uiautomator","selector":"new UiSelector().descriptionContains(\"Welcome to\")"...
12:41:44.357106 POST /session/0f612d87-4c4e-4733-8812-0531b1bd4a38/element [18.561523ms] ERR:404 body={"strategy":"-android uiautomator","selector":"new UiSelector().textMatches(\"(?is).*\\QWelcome to\\...
12:41:44.375283 POST /session/0f612d87-4c4e-4733-8812-0531b1bd4a38/element [18.021072ms] ERR:404 body={"strategy":"-android uiautomator","selector":"new UiSelector().descriptionMatches(\"(?is).*\\QWelco...
12:41:44.395436 POST /session/0f612d87-4c4e-4733-8812-0531b1bd4a38/element [19.995061ms] ERR:404 body={"strategy":"-android uiautomator","selector":"new UiSelector().textContains(\"Welcome to\")"}
12:41:44.413128 POST /session/0f612d87-4c4e-4733-8812-0531b1bd4a38/element [17.520307ms] ERR:404 body={"strategy":"-android uiautomator","selector":"new UiSelector().descriptionContains(\"Welcome to\")"...
12:41:44.432418 POST /session/0f612d87-4c4e-4733-8812-0531b1bd4a38/element [19.156416ms] ERR:404 body={"strategy":"-android uiautomator","selector":"new UiSelector().textMatches(\"(?is).*\\QWelcome to\\...
12:41:44.453066 POST /session/0f612d87-4c4e-4733-8812-0531b1bd4a38/element [20.53987ms] ERR:404 body={"strategy":"-android uiautomator","selector":"new UiSelector().descriptionMatches(\"(?is).*\\QWelco...
12:41:44.481669 POST /session/0f612d87-4c4e-4733-8812-0531b1bd4a38/element [28.442828ms] ERR:404 body={"strategy":"-android uiautomator","selector":"new UiSelector().textContains(\"Welcome to\")"}
12:41:44.527257 POST /session/0f612d87-4c4e-4733-8812-0531b1bd4a38/element [45.46888ms] ERR:404 body={"strategy":"-android uiautomator","selector":"new UiSelector().descriptionContains(\"Welcome to\")"...
12:41:45.306475 POST /session/0f612d87-4c4e-4733-8812-0531b1bd4a38/element [779.098673ms] OK body={"strategy":"-android uiautomator","selector":"new UiSelector().textMatches(\"(?is).*\\QWelcome to\\...
12:41:46.311883 POST /session/0f612d87-4c4e-4733-8812-0531b1bd4a38/element [1.005080912s] OK body={"strategy":"-android uiautomator","selector":"new UiSelector().textContains(\"Tastopia\")"}
12:41:46.316492 POST /session/0f612d87-4c4e-4733-8812-0531b1bd4a38/appium/settings [3.53071ms] OK body={"settings":{"waitForIdleTimeout":200}}
12:41:51.281007 POST /session/0f612d87-4c4e-4733-8812-0531b1bd4a38/appium/device/launch_app [4.871215ms] ERR:404 body={"appId":"com.tastopia.app"}
12:41:53.997224 POST /session/0f612d87-4c4e-4733-8812-0531b1bd4a38/element [991.47389ms] OK body={"strategy":"-android uiautomator","selector":"new UiSelector().resourceIdMatches(\".*welcome-sign-i...
12:41:54.046067 GET /session/0f612d87-4c4e-4733-8812-0531b1bd4a38/element/00000000-0000-000c-ffff-ffff00000021/text [48.672648ms] OK body=
12:41:54.078559 GET /session/0f612d87-4c4e-4733-8812-0531b1bd4a38/element/00000000-0000-000c-ffff-ffff00000021/rect [32.416562ms] OK body=
12:41:54.704117 POST /session/0f612d87-4c4e-4733-8812-0531b1bd4a38/element/00000000-0000-000c-ffff-ffff00000021/click [625.458159ms] OK body=
12:41:54.721453 POST /session/0f612d87-4c4e-4733-8812-0531b1bd4a38/element [16.946781ms] ERR:404 body={"strategy":"-android uiautomator","selector":"new UiSelector().resourceIdMatches(\".*login-identifi...
12:41:54.743464 POST /session/0f612d87-4c4e-4733-8812-0531b1bd4a38/element [21.889871ms] ERR:404 body={"strategy":"-android uiautomator","selector":"new UiSelector().resourceIdMatches(\".*login-identifi...
12:41:54.751965 POST /session/0f612d87-4c4e-4733-8812-0531b1bd4a38/element [8.379789ms] ERR:404 body={"strategy":"-android uiautomator","selector":"new UiSelector().resourceIdMatches(\".*login-identifi...
12:41:54.760451 POST /session/0f612d87-4c4e-4733-8812-0531b1bd4a38/element [8.350504ms] ERR:404 body={"strategy":"-android uiautomator","selector":"new UiSelector().resourceIdMatches(\".*login-identifi...
12:41:54.769648 POST /session/0f612d87-4c4e-4733-8812-0531b1bd4a38/element [9.088427ms] ERR:404 body={"strategy":"-android uiautomator","selector":"new UiSelector().resourceIdMatches(\".*login-identifi...
12:41:54.786461 POST /session/0f612d87-4c4e-4733-8812-0531b1bd4a38/element [16.641915ms] ERR:404 body={"strategy":"-android uiautomator","selector":"new UiSelector().resourceIdMatches(\".*login-identifi...
12:41:54.796341 POST /session/0f612d87-4c4e-4733-8812-0531b1bd4a38/element [9.736842ms] ERR:404 body={"strategy":"-android uiautomator","selector":"new UiSelector().resourceIdMatches(\".*login-identifi...
12:41:54.806284 POST /session/0f612d87-4c4e-4733-8812-0531b1bd4a38/element [9.825216ms] ERR:404 body={"strategy":"-android uiautomator","selector":"new UiSelector().resourceIdMatches(\".*login-identifi...
12:41:54.817616 POST /session/0f612d87-4c4e-4733-8812-0531b1bd4a38/element [11.202182ms] ERR:404 body={"strategy":"-android uiautomator","selector":"new UiSelector().resourceIdMatches(\".*login-identifi...
12:41:54.827220 POST /session/0f612d87-4c4e-4733-8812-0531b1bd4a38/element [9.486419ms] ERR:404 body={"strategy":"-android uiautomator","selector":"new UiSelector().resourceIdMatches(\".*login-identifi...
12:41:54.856467 POST /session/0f612d87-4c4e-4733-8812-0531b1bd4a38/element [29.074657ms] ERR:404 body={"strategy":"-android uiautomator","selector":"new UiSelector().resourceIdMatches(\".*login-identifi...
12:41:55.721900 POST /session/0f612d87-4c4e-4733-8812-0531b1bd4a38/element [865.329186ms] OK body={"strategy":"-android uiautomator","selector":"new UiSelector().resourceIdMatches(\".*login-identifi...
12:41:55.751770 POST /session/0f612d87-4c4e-4733-8812-0531b1bd4a38/element [29.510452ms] OK body={"strategy":"-android uiautomator","selector":"new UiSelector().resourceIdMatches(\".*login-identifi...
12:41:55.767494 GET /session/0f612d87-4c4e-4733-8812-0531b1bd4a38/element/00000000-0000-000c-ffff-ffff00000031/text [15.660893ms] OK body=
12:41:55.790240 GET /session/0f612d87-4c4e-4733-8812-0531b1bd4a38/element/00000000-0000-000c-ffff-ffff00000031/rect [22.660581ms] OK body=
12:41:56.121396 POST /session/0f612d87-4c4e-4733-8812-0531b1bd4a38/element/00000000-0000-000c-ffff-ffff00000031/click [331.049093ms] OK body=
12:41:56.699956 POST /session/0f612d87-4c4e-4733-8812-0531b1bd4a38/actions [578.192524ms] OK body={"actions":[{"actions":[{"type":"keyDown","value":"a"},{"type":"keyUp","value":"a"},{"type":"keyDown...
12:41:56.719578 POST /session/0f612d87-4c4e-4733-8812-0531b1bd4a38/appium/device/hide_keyboard [19.53518ms] ERR:404 body=
12:41:57.269149 POST /session/0f612d87-4c4e-4733-8812-0531b1bd4a38/element [549.203449ms] OK body={"strategy":"-android uiautomator","selector":"new UiSelector().resourceIdMatches(\".*login-password...
12:41:57.298045 POST /session/0f612d87-4c4e-4733-8812-0531b1bd4a38/element [28.545337ms] OK body={"strategy":"-android uiautomator","selector":"new UiSelector().resourceIdMatches(\".*login-password...
12:41:57.315281 GET /session/0f612d87-4c4e-4733-8812-0531b1bd4a38/element/00000000-0000-000c-ffff-ffff00000032/text [17.162891ms] OK body=
12:41:57.327096 GET /session/0f612d87-4c4e-4733-8812-0531b1bd4a38/element/00000000-0000-000c-ffff-ffff00000032/rect [11.739434ms] OK body=
12:41:57.980869 POST /session/0f612d87-4c4e-4733-8812-0531b1bd4a38/element/00000000-0000-000c-ffff-ffff00000032/click [653.711479ms] OK body=
12:41:58.557435 POST /session/0f612d87-4c4e-4733-8812-0531b1bd4a38/actions [575.862456ms] OK body={"actions":[{"actions":[{"type":"keyDown","value":"P"},{"type":"keyUp","value":"P"},{"type":"keyDown...
12:41:58.567267 POST /session/0f612d87-4c4e-4733-8812-0531b1bd4a38/appium/device/hide_keyboard [9.532015ms] ERR:404 body=
12:41:59.056602 POST /session/0f612d87-4c4e-4733-8812-0531b1bd4a38/element [488.63531ms] OK body={"strategy":"-android uiautomator","selector":"new UiSelector().resourceIdMatches(\".*login-submit-b...
12:41:59.068414 GET /session/0f612d87-4c4e-4733-8812-0531b1bd4a38/element/00000000-0000-000c-ffff-ffff00000049/text [11.734415ms] OK body=
12:41:59.079240 GET /session/0f612d87-4c4e-4733-8812-0531b1bd4a38/element/00000000-0000-000c-ffff-ffff00000049/rect [10.76842ms] OK body=
12:41:59.107450 POST /session/0f612d87-4c4e-4733-8812-0531b1bd4a38/element/00000000-0000-000c-ffff-ffff00000049/click [28.118473ms] OK body=
12:41:59.118510 POST /session/0f612d87-4c4e-4733-8812-0531b1bd4a38/element [11.007364ms] OK body={"strategy":"-android uiautomator","selector":"new UiSelector().resourceIdMatches(\".*login-submit-b...
12:41:59.133454 GET /session/0f612d87-4c4e-4733-8812-0531b1bd4a38/element/00000000-0000-000c-ffff-ffff00000049/text [14.879474ms] OK body=
12:41:59.776569 GET /session/0f612d87-4c4e-4733-8812-0531b1bd4a38/element/00000000-0000-000c-ffff-ffff00000049/rect [643.039104ms] OK body=
12:41:59.806442 POST /session/0f612d87-4c4e-4733-8812-0531b1bd4a38/element/00000000-0000-000c-ffff-ffff00000049/click [29.783845ms] OK body=
12:41:59.835579 POST /session/0f612d87-4c4e-4733-8812-0531b1bd4a38/element [28.799732ms] ERR:404 body={"strategy":"-android uiautomator","selector":"new UiSelector().resourceIdMatches(\".*COMMUNITY.*\")...
12:41:59.847054 POST /session/0f612d87-4c4e-4733-8812-0531b1bd4a38/element [11.354167ms] ERR:404 body={"strategy":"-android uiautomator","selector":"new UiSelector().resourceIdMatches(\".*COMMUNITY.*\")...
12:41:59.861791 POST /session/0f612d87-4c4e-4733-8812-0531b1bd4a38/element [14.645261ms] ERR:404 body={"strategy":"-android uiautomator","selector":"new UiSelector().resourceIdMatches(\".*COMMUNITY.*\")...
12:41:59.874989 POST /session/0f612d87-4c4e-4733-8812-0531b1bd4a38/element [13.115002ms] ERR:404 body={"strategy":"-android uiautomator","selector":"new UiSelector().resourceIdMatches(\".*COMMUNITY.*\")...
12:41:59.886128 POST /session/0f612d87-4c4e-4733-8812-0531b1bd4a38/element [11.031918ms] ERR:404 body={"strategy":"-android uiautomator","selector":"new UiSelector().resourceIdMatches(\".*COMMUNITY.*\")...
12:42:00.351495 POST /session/0f612d87-4c4e-4733-8812-0531b1bd4a38/element [465.201399ms] ERR:404 body={"strategy":"-android uiautomator","selector":"new UiSelector().resourceIdMatches(\".*COMMUNITY.*\")...
12:42:00.852809 POST /session/0f612d87-4c4e-4733-8812-0531b1bd4a38/element [501.146011ms] ERR:404 body={"strategy":"-android uiautomator","selector":"new UiSelector().resourceIdMatches(\".*COMMUNITY.*\")...
12:42:00.865100 POST /session/0f612d87-4c4e-4733-8812-0531b1bd4a38/element [11.958888ms] ERR:404 body={"strategy":"-android uiautomator","selector":"new UiSelector().resourceIdMatches(\".*COMMUNITY.*\")...
12:42:00.879430 POST /session/0f612d87-4c4e-4733-8812-0531b1bd4a38/element [14.229288ms] ERR:404 body={"strategy":"-android uiautomator","selector":"new UiSelector().resourceIdMatches(\".*COMMUNITY.*\")...
12:42:00.892663 POST /session/0f612d87-4c4e-4733-8812-0531b1bd4a38/element [13.120495ms] ERR:404 body={"strategy":"-android uiautomator","selector":"new UiSelector().resourceIdMatches(\".*COMMUNITY.*\")...
12:42:00.914991 POST /session/0f612d87-4c4e-4733-8812-0531b1bd4a38/element [22.186047ms] ERR:404 body={"strategy":"-android uiautomator","selector":"new UiSelector().resourceIdMatches(\".*COMMUNITY.*\")...
12:42:00.932438 POST /session/0f612d87-4c4e-4733-8812-0531b1bd4a38/element [17.344432ms] ERR:404 body={"strategy":"-android uiautomator","selector":"new UiSelector().resourceIdMatches(\".*COMMUNITY.*\")...
12:42:00.943404 POST /session/0f612d87-4c4e-4733-8812-0531b1bd4a38/element [10.87382ms] ERR:404 body={"strategy":"-android uiautomator","selector":"new UiSelector().resourceIdMatches(\".*COMMUNITY.*\")...
12:42:00.954382 POST /session/0f612d87-4c4e-4733-8812-0531b1bd4a38/element [10.852799ms] ERR:404 body={"strategy":"-android uiautomator","selector":"new UiSelector().resourceIdMatches(\".*COMMUNITY.*\")...
12:42:00.969127 POST /session/0f612d87-4c4e-4733-8812-0531b1bd4a38/element [14.624233ms] ERR:404 body={"strategy":"-android uiautomator","selector":"new UiSelector().resourceIdMatches(\".*COMMUNITY.*\")...
12:42:00.980281 POST /session/0f612d87-4c4e-4733-8812-0531b1bd4a38/element [11.023342ms] ERR:404 body={"strategy":"-android uiautomator","selector":"new UiSelector().resourceIdMatches(\".*COMMUNITY.*\")...
12:42:00.991077 POST /session/0f612d87-4c4e-4733-8812-0531b1bd4a38/element [10.595624ms] ERR:404 body={"strategy":"-android uiautomator","selector":"new UiSelector().resourceIdMatches(\".*COMMUNITY.*\")...
12:42:01.003155 POST /session/0f612d87-4c4e-4733-8812-0531b1bd4a38/element [11.982073ms] ERR:404 body={"strategy":"-android uiautomator","selector":"new UiSelector().resourceIdMatches(\".*COMMUNITY.*\")...
12:42:01.013967 POST /session/0f612d87-4c4e-4733-8812-0531b1bd4a38/element [10.712334ms] ERR:404 body={"strategy":"-android uiautomator","selector":"new UiSelector().resourceIdMatches(\".*COMMUNITY.*\")...
12:42:01.030385 POST /session/0f612d87-4c4e-4733-8812-0531b1bd4a38/element [16.310218ms] ERR:404 body={"strategy":"-android uiautomator","selector":"new UiSelector().resourceIdMatches(\".*COMMUNITY.*\")...
12:42:01.046765 POST /session/0f612d87-4c4e-4733-8812-0531b1bd4a38/element [16.251807ms] ERR:404 body={"strategy":"-android uiautomator","selector":"new UiSelector().resourceIdMatches(\".*COMMUNITY.*\")...
12:42:01.072440 POST /session/0f612d87-4c4e-4733-8812-0531b1bd4a38/element [25.558855ms] ERR:404 body={"strategy":"-android uiautomator","selector":"new UiSelector().resourceIdMatches(\".*COMMUNITY.*\")...
12:42:01.085702 POST /session/0f612d87-4c4e-4733-8812-0531b1bd4a38/element [13.011057ms] ERR:404 body={"strategy":"-android uiautomator","selector":"new UiSelector().resourceIdMatches(\".*COMMUNITY.*\")...
12:42:01.097384 POST /session/0f612d87-4c4e-4733-8812-0531b1bd4a38/element [11.51534ms] ERR:404 body={"strategy":"-android uiautomator","selector":"new UiSelector().resourceIdMatches(\".*COMMUNITY.*\")...
12:42:01.111981 POST /session/0f612d87-4c4e-4733-8812-0531b1bd4a38/element [14.376054ms] ERR:404 body={"strategy":"-android uiautomator","selector":"new UiSelector().resourceIdMatches(\".*COMMUNITY.*\")...
12:42:01.123847 POST /session/0f612d87-4c4e-4733-8812-0531b1bd4a38/element [11.75343ms] ERR:404 body={"strategy":"-android uiautomator","selector":"new UiSelector().resourceIdMatches(\".*COMMUNITY.*\")...
12:42:01.135095 POST /session/0f612d87-4c4e-4733-8812-0531b1bd4a38/element [11.142339ms] ERR:404 body={"strategy":"-android uiautomator","selector":"new UiSelector().resourceIdMatches(\".*COMMUNITY.*\")...
12:42:01.146306 POST /session/0f612d87-4c4e-4733-8812-0531b1bd4a38/element [11.107218ms] ERR:404 body={"strategy":"-android uiautomator","selector":"new UiSelector().resourceIdMatches(\".*COMMUNITY.*\")...
12:42:01.157552 POST /session/0f612d87-4c4e-4733-8812-0531b1bd4a38/element [11.155784ms] ERR:404 body={"strategy":"-android uiautomator","selector":"new UiSelector().resourceIdMatches(\".*COMMUNITY.*\")...
12:42:01.168632 POST /session/0f612d87-4c4e-4733-8812-0531b1bd4a38/element [10.984779ms] ERR:404 body={"strategy":"-android uiautomator","selector":"new UiSelector().resourceIdMatches(\".*COMMUNITY.*\")...
12:42:01.179523 POST /session/0f612d87-4c4e-4733-8812-0531b1bd4a38/element [10.802765ms] ERR:404 body={"strategy":"-android uiautomator","selector":"new UiSelector().resourceIdMatches(\".*COMMUNITY.*\")...
12:42:01.193611 POST /session/0f612d87-4c4e-4733-8812-0531b1bd4a38/element [13.996247ms] ERR:404 body={"strategy":"-android uiautomator","selector":"new UiSelector().resourceIdMatches(\".*COMMUNITY.*\")...
12:42:01.205457 POST /session/0f612d87-4c4e-4733-8812-0531b1bd4a38/element [11.695612ms] ERR:404 body={"strategy":"-android uiautomator","selector":"new UiSelector().resourceIdMatches(\".*COMMUNITY.*\")...
12:42:01.222313 POST /session/0f612d87-4c4e-4733-8812-0531b1bd4a38/element [16.67667ms] ERR:404 body={"strategy":"-android uiautomator","selector":"new UiSelector().resourceIdMatches(\".*COMMUNITY.*\")...
12:42:01.235092 POST /session/0f612d87-4c4e-4733-8812-0531b1bd4a38/element [12.645235ms] ERR:404 body={"strategy":"-android uiautomator","selector":"new UiSelector().resourceIdMatches(\".*COMMUNITY.*\")...
12:42:01.246251 POST /session/0f612d87-4c4e-4733-8812-0531b1bd4a38/element [11.030846ms] ERR:404 body={"strategy":"-android uiautomator","selector":"new UiSelector().resourceIdMatches(\".*COMMUNITY.*\")...
12:42:01.257443 POST /session/0f612d87-4c4e-4733-8812-0531b1bd4a38/element [11.079478ms] ERR:404 body={"strategy":"-android uiautomator","selector":"new UiSelector().resourceIdMatches(\".*COMMUNITY.*\")...
12:42:01.271318 POST /session/0f612d87-4c4e-4733-8812-0531b1bd4a38/element [13.762495ms] ERR:404 body={"strategy":"-android uiautomator","selector":"new UiSelector().resourceIdMatches(\".*COMMUNITY.*\")...
12:42:01.283517 POST /session/0f612d87-4c4e-4733-8812-0531b1bd4a38/element [12.064579ms] ERR:404 body={"strategy":"-android uiautomator","selector":"new UiSelector().resourceIdMatches(\".*COMMUNITY.*\")...
12:42:01.295380 POST /session/0f612d87-4c4e-4733-8812-0531b1bd4a38/element [11.74267ms] ERR:404 body={"strategy":"-android uiautomator","selector":"new UiSelector().resourceIdMatches(\".*COMMUNITY.*\")...
12:42:01.309185 POST /session/0f612d87-4c4e-4733-8812-0531b1bd4a38/element [13.687534ms] ERR:404 body={"strategy":"-android uiautomator","selector":"new UiSelector().resourceIdMatches(\".*COMMUNITY.*\")...
12:42:01.321427 POST /session/0f612d87-4c4e-4733-8812-0531b1bd4a38/element [12.132286ms] ERR:404 body={"strategy":"-android uiautomator","selector":"new UiSelector().resourceIdMatches(\".*COMMUNITY.*\")...
12:42:01.333247 POST /session/0f612d87-4c4e-4733-8812-0531b1bd4a38/element [11.687344ms] ERR:404 body={"strategy":"-android uiautomator","selector":"new UiSelector().resourceIdMatches(\".*COMMUNITY.*\")...
12:42:01.346607 POST /session/0f612d87-4c4e-4733-8812-0531b1bd4a38/element [13.225071ms] ERR:404 body={"strategy":"-android uiautomator","selector":"new UiSelector().resourceIdMatches(\".*COMMUNITY.*\")...
12:42:01.357124 POST /session/0f612d87-4c4e-4733-8812-0531b1bd4a38/element [10.409765ms] ERR:404 body={"strategy":"-android uiautomator","selector":"new UiSelector().resourceIdMatches(\".*COMMUNITY.*\")...
12:42:01.367882 POST /session/0f612d87-4c4e-4733-8812-0531b1bd4a38/element [10.626743ms] ERR:404 body={"strategy":"-android uiautomator","selector":"new UiSelector().resourceIdMatches(\".*COMMUNITY.*\")...
12:42:01.503859 POST /session/0f612d87-4c4e-4733-8812-0531b1bd4a38/element [135.862317ms] ERR:404 body={"strategy":"-android uiautomator","selector":"new UiSelector().resourceIdMatches(\".*COMMUNITY.*\")...
12:42:01.515273 POST /session/0f612d87-4c4e-4733-8812-0531b1bd4a38/element [11.257412ms] ERR:404 body={"strategy":"-android uiautomator","selector":"new UiSelector().resourceIdMatches(\".*COMMUNITY.*\")...
12:42:01.533269 POST /session/0f612d87-4c4e-4733-8812-0531b1bd4a38/element [17.876096ms] ERR:404 body={"strategy":"-android uiautomator","selector":"new UiSelector().resourceIdMatches(\".*COMMUNITY.*\")...
12:42:01.546712 POST /session/0f612d87-4c4e-4733-8812-0531b1bd4a38/element [13.238787ms] ERR:404 body={"strategy":"-android uiautomator","selector":"new UiSelector().resourceIdMatches(\".*COMMUNITY.*\")...
12:42:01.558881 POST /session/0f612d87-4c4e-4733-8812-0531b1bd4a38/element [12.00157ms] ERR:404 body={"strategy":"-android uiautomator","selector":"new UiSelector().resourceIdMatches(\".*COMMUNITY.*\")...
12:42:01.620842 POST /session/0f612d87-4c4e-4733-8812-0531b1bd4a38/element [61.863823ms] ERR:404 body={"strategy":"-android uiautomator","selector":"new UiSelector().resourceIdMatches(\".*COMMUNITY.*\")...
12:42:02.352422 POST /session/0f612d87-4c4e-4733-8812-0531b1bd4a38/element [731.46584ms] OK body={"strategy":"-android uiautomator","selector":"new UiSelector().resourceIdMatches(\".*COMMUNITY.*\")...
12:42:02.960988 GET /session/0f612d87-4c4e-4733-8812-0531b1bd4a38/element/00000000-0000-000c-ffff-ffff000000b6/text [608.473201ms] OK body=
12:42:04.383944 GET /session/0f612d87-4c4e-4733-8812-0531b1bd4a38/element/00000000-0000-000c-ffff-ffff000000b6/rect [1.422891557s] OK body=
12:42:04.415673 POST /session/0f612d87-4c4e-4733-8812-0531b1bd4a38/element [30.824044ms] OK body={"strategy":"-android uiautomator","selector":"new UiSelector().textContains(\"Community\")"}
12:42:04.448754 POST /session/0f612d87-4c4e-4733-8812-0531b1bd4a38/element [29.609913ms] ERR:404 body={"strategy":"-android uiautomator","selector":"new UiSelector().resourceIdMatches(\".*COMMUNITY.*\")...
12:42:04.481002 POST /session/0f612d87-4c4e-4733-8812-0531b1bd4a38/element [32.035869ms] OK body={"strategy":"-android uiautomator","selector":"new UiSelector().resourceIdMatches(\".*COMMUNITY.*\")...
12:42:04.496053 GET /session/0f612d87-4c4e-4733-8812-0531b1bd4a38/element/00000000-0000-000c-ffff-ffff000000b6/text [14.986111ms] OK body=
12:42:04.508451 GET /session/0f612d87-4c4e-4733-8812-0531b1bd4a38/element/00000000-0000-000c-ffff-ffff000000b6/rect [12.322369ms] OK body=
12:42:04.542099 POST /session/0f612d87-4c4e-4733-8812-0531b1bd4a38/element/00000000-0000-000c-ffff-ffff000000b6/click [33.55698ms] OK body=
12:42:04.676780 POST /session/0f612d87-4c4e-4733-8812-0531b1bd4a38/element [133.562783ms] OK body={"strategy":"-android uiautomator","selector":"new UiSelector().resourceIdMatches(\".*recipe.*\")"}
12:42:04.768771 GET /session/0f612d87-4c4e-4733-8812-0531b1bd4a38/element/00000000-0000-000c-ffff-ffff000000de/text [91.909848ms] OK body=
12:42:04.789424 GET /session/0f612d87-4c4e-4733-8812-0531b1bd4a38/element/00000000-0000-000c-ffff-ffff000000de/rect [20.581554ms] OK body=
12:42:04.854329 POST /session/0f612d87-4c4e-4733-8812-0531b1bd4a38/element [63.884068ms] OK body={"strategy":"-android uiautomator","selector":"new UiSelector().resourceIdMatches(\".*community-filt...
12:42:04.864950 GET /session/0f612d87-4c4e-4733-8812-0531b1bd4a38/element/00000000-0000-000c-ffff-ffff00000092/text [10.547981ms] OK body=
12:42:04.882872 GET /session/0f612d87-4c4e-4733-8812-0531b1bd4a38/element/00000000-0000-000c-ffff-ffff00000092/rect [17.823064ms] OK body=
12:42:04.919479 POST /session/0f612d87-4c4e-4733-8812-0531b1bd4a38/element/00000000-0000-000c-ffff-ffff00000092/click [36.551756ms] OK body=
12:42:04.955344 POST /session/0f612d87-4c4e-4733-8812-0531b1bd4a38/element [34.380516ms] OK body={"strategy":"-android uiautomator","selector":"new UiSelector().resourceIdMatches(\".*recipe.*\")"}
12:42:04.972428 GET /session/0f612d87-4c4e-4733-8812-0531b1bd4a38/element/00000000-0000-000c-ffff-ffff000000de/text [17.007442ms] OK body=
12:42:04.995649 GET /session/0f612d87-4c4e-4733-8812-0531b1bd4a38/element/00000000-0000-000c-ffff-ffff000000de/rect [23.131913ms] OK body=
12:42:05.014738 POST /session/0f612d87-4c4e-4733-8812-0531b1bd4a38/element [17.570128ms] OK body={"strategy":"-android uiautomator","selector":"new UiSelector().resourceIdMatches(\".*community-filt...
12:42:05.028281 GET /session/0f612d87-4c4e-4733-8812-0531b1bd4a38/element/00000000-0000-000c-ffff-ffff00000098/text [13.478573ms] OK body=
12:42:05.040194 GET /session/0f612d87-4c4e-4733-8812-0531b1bd4a38/element/00000000-0000-000c-ffff-ffff00000098/rect [11.873001ms] OK body=
12:42:05.076571 POST /session/0f612d87-4c4e-4733-8812-0531b1bd4a38/element/00000000-0000-000c-ffff-ffff00000098/click [36.320794ms] OK body=
12:42:05.098319 POST /session/0f612d87-4c4e-4733-8812-0531b1bd4a38/element [20.346992ms] OK body={"strategy":"-android uiautomator","selector":"new UiSelector().resourceIdMatches(\".*recipe.*\")"}
12:42:05.152300 GET /session/0f612d87-4c4e-4733-8812-0531b1bd4a38/element/00000000-0000-000c-ffff-ffff000000de/text [53.879255ms] OK body=
12:42:05.758700 GET /session/0f612d87-4c4e-4733-8812-0531b1bd4a38/element/00000000-0000-000c-ffff-ffff000000de/rect [606.33489ms] OK body=
12:42:07.476696 POST /session/0f612d87-4c4e-4733-8812-0531b1bd4a38/element [1.716955141s] OK body={"strategy":"-android uiautomator","selector":"new UiSelector().resourceIdMatches(\".*community-filt...
12:42:07.711070 GET /session/0f612d87-4c4e-4733-8812-0531b1bd4a38/element/00000000-0000-000c-ffff-ffff0000009e/text [234.302465ms] OK body=
12:42:07.921216 GET /session/0f612d87-4c4e-4733-8812-0531b1bd4a38/element/00000000-0000-000c-ffff-ffff0000009e/rect [210.070421ms] OK body=
12:42:08.096195 POST /session/0f612d87-4c4e-4733-8812-0531b1bd4a38/element/00000000-0000-000c-ffff-ffff0000009e/click [174.90966ms] OK body=
12:42:09.023935 POST /session/0f612d87-4c4e-4733-8812-0531b1bd4a38/element [926.49663ms] OK body={"strategy":"-android uiautomator","selector":"new UiSelector().resourceIdMatches(\".*recipe.*\")"}
12:42:10.853151 GET /session/0f612d87-4c4e-4733-8812-0531b1bd4a38/element/00000000-0000-000c-ffff-ffff00000102/text [1.829119567s] OK body=
12:42:10.864414 GET /session/0f612d87-4c4e-4733-8812-0531b1bd4a38/element/00000000-0000-000c-ffff-ffff00000102/rect [11.200579ms] OK body=
12:42:10.880370 POST /session/0f612d87-4c4e-4733-8812-0531b1bd4a38/element [14.783812ms] OK body={"strategy":"-android uiautomator","selector":"new UiSelector().resourceIdMatches(\".*community-filt...
12:42:10.890770 GET /session/0f612d87-4c4e-4733-8812-0531b1bd4a38/element/00000000-0000-000c-ffff-ffff000000a4/text [10.357449ms] OK body=
12:42:10.902308 GET /session/0f612d87-4c4e-4733-8812-0531b1bd4a38/element/00000000-0000-000c-ffff-ffff000000a4/rect [11.507141ms] OK body=
12:42:10.932924 POST /session/0f612d87-4c4e-4733-8812-0531b1bd4a38/element/00000000-0000-000c-ffff-ffff000000a4/click [30.567963ms] OK body=
12:42:10.953533 POST /session/0f612d87-4c4e-4733-8812-0531b1bd4a38/element [19.43465ms] OK body={"strategy":"-android uiautomator","selector":"new UiSelector().resourceIdMatches(\".*recipe.*\")"}
12:42:10.969662 GET /session/0f612d87-4c4e-4733-8812-0531b1bd4a38/element/00000000-0000-000c-ffff-ffff0000011b/text [16.045323ms] OK body=
12:42:10.984457 GET /session/0f612d87-4c4e-4733-8812-0531b1bd4a38/element/00000000-0000-000c-ffff-ffff0000011b/rect [14.752405ms] OK body=
12:42:11.010173 POST /session/0f612d87-4c4e-4733-8812-0531b1bd4a38/element [24.366647ms] OK body={"strategy":"-android uiautomator","selector":"new UiSelector().resourceIdMatches(\".*community-filt...
12:42:11.020018 GET /session/0f612d87-4c4e-4733-8812-0531b1bd4a38/element/00000000-0000-000c-ffff-ffff0000008b/text [9.776551ms] OK body=
12:42:11.035107 GET /session/0f612d87-4c4e-4733-8812-0531b1bd4a38/element/00000000-0000-000c-ffff-ffff0000008b/rect [15.042189ms] OK body=
12:42:11.813457 POST /session/0f612d87-4c4e-4733-8812-0531b1bd4a38/element/00000000-0000-000c-ffff-ffff0000008b/click [778.285963ms] OK body=
12:42:12.465099 POST /session/0f612d87-4c4e-4733-8812-0531b1bd4a38/element [650.386521ms] OK body={"strategy":"-android uiautomator","selector":"new UiSelector().resourceIdMatches(\".*recipe.*\")"}
12:42:12.476124 GET /session/0f612d87-4c4e-4733-8812-0531b1bd4a38/element/00000000-0000-000c-ffff-ffff00000139/text [10.928497ms] OK body=
12:42:12.487769 GET /session/0f612d87-4c4e-4733-8812-0531b1bd4a38/element/00000000-0000-000c-ffff-ffff00000139/rect [11.591264ms] OK body=
12:42:17.523577 POST /session/0f612d87-4c4e-4733-8812-0531b1bd4a38/appium/device/launch_app [17.551436ms] ERR:404 body={"appId":"com.tastopia.app"}
12:42:20.277909 POST /session/0f612d87-4c4e-4733-8812-0531b1bd4a38/element [1.027214945s] OK body={"strategy":"-android uiautomator","selector":"new UiSelector().resourceIdMatches(\".*MENU.*\")"}
12:42:20.770654 GET /session/0f612d87-4c4e-4733-8812-0531b1bd4a38/element/00000000-0000-000e-ffff-ffff0000006f/text [492.672841ms] OK body=
12:42:20.781635 GET /session/0f612d87-4c4e-4733-8812-0531b1bd4a38/element/00000000-0000-000e-ffff-ffff0000006f/rect [10.916696ms] OK body=
12:42:20.799017 POST /session/0f612d87-4c4e-4733-8812-0531b1bd4a38/element [16.987365ms] ERR:404 body={"strategy":"-android uiautomator","selector":"new UiSelector().resourceIdMatches(\".*MENU.*\").clic...
12:42:20.815762 POST /session/0f612d87-4c4e-4733-8812-0531b1bd4a38/element [16.623919ms] OK body={"strategy":"-android uiautomator","selector":"new UiSelector().resourceIdMatches(\".*MENU.*\")"}
12:42:20.824471 GET /session/0f612d87-4c4e-4733-8812-0531b1bd4a38/element/00000000-0000-000e-ffff-ffff0000006f/text [8.661023ms] OK body=
12:42:20.833999 GET /session/0f612d87-4c4e-4733-8812-0531b1bd4a38/element/00000000-0000-000e-ffff-ffff0000006f/rect [9.485574ms] OK body=
12:42:20.875357 POST /session/0f612d87-4c4e-4733-8812-0531b1bd4a38/element/00000000-0000-000e-ffff-ffff0000006f/click [41.303064ms] OK body=
12:42:20.879130 POST /session/0f612d87-4c4e-4733-8812-0531b1bd4a38/appium/device/hide_keyboard [3.680426ms] ERR:404 body=
12:42:21.037801 POST /session/0f612d87-4c4e-4733-8812-0531b1bd4a38/element [158.252464ms] ERR:404 body={"strategy":"-android uiautomator","selector":"new UiSelector().textContains(\"History\")"}
12:42:21.797250 POST /session/0f612d87-4c4e-4733-8812-0531b1bd4a38/element [759.330905ms] ERR:404 body={"strategy":"-android uiautomator","selector":"new UiSelector().descriptionContains(\"History\")"}
12:42:22.511813 POST /session/0f612d87-4c4e-4733-8812-0531b1bd4a38/element [714.432909ms] OK body={"strategy":"-android uiautomator","selector":"new UiSelector().textMatches(\"(?is).*\\QHistory\\E.*...
12:42:22.526974 POST /session/0f612d87-4c4e-4733-8812-0531b1bd4a38/element [14.856219ms] OK body={"strategy":"-android uiautomator","selector":"new UiSelector().resourceIdMatches(\".*menu-logout-bu...
12:42:22.537531 GET /session/0f612d87-4c4e-4733-8812-0531b1bd4a38/element/00000000-0000-000e-ffff-ffff0000008e/text [10.509196ms] OK body=
12:42:22.550465 GET /session/0f612d87-4c4e-4733-8812-0531b1bd4a38/element/00000000-0000-000e-ffff-ffff0000008e/rect [12.897758ms] OK body=
12:42:22.581442 POST /session/0f612d87-4c4e-4733-8812-0531b1bd4a38/element/00000000-0000-000e-ffff-ffff0000008e/click [30.930399ms] OK body=
12:42:22.616425 POST /session/0f612d87-4c4e-4733-8812-0531b1bd4a38/element [34.41929ms] ERR:404 body={"strategy":"-android uiautomator","selector":"new UiSelector().textContains(\"Welcome to\")"}
12:42:22.637395 POST /session/0f612d87-4c4e-4733-8812-0531b1bd4a38/element [20.868268ms] ERR:404 body={"strategy":"-android uiautomator","selector":"new UiSelector().descriptionContains(\"Welcome to\")"...
12:42:22.659975 POST /session/0f612d87-4c4e-4733-8812-0531b1bd4a38/element [22.415762ms] ERR:404 body={"strategy":"-android uiautomator","selector":"new UiSelector().textMatches(\"(?is).*\\QWelcome to\\...
12:42:22.680683 POST /session/0f612d87-4c4e-4733-8812-0531b1bd4a38/element [20.587778ms] ERR:404 body={"strategy":"-android uiautomator","selector":"new UiSelector().descriptionMatches(\"(?is).*\\QWelco...
12:42:22.699890 POST /session/0f612d87-4c4e-4733-8812-0531b1bd4a38/element [19.094346ms] ERR:404 body={"strategy":"-android uiautomator","selector":"new UiSelector().textContains(\"Welcome to\")"}
12:42:22.723507 POST /session/0f612d87-4c4e-4733-8812-0531b1bd4a38/element [23.538202ms] ERR:404 body={"strategy":"-android uiautomator","selector":"new UiSelector().descriptionContains(\"Welcome to\")"...
12:42:22.745163 POST /session/0f612d87-4c4e-4733-8812-0531b1bd4a38/element [21.53122ms] ERR:404 body={"strategy":"-android uiautomator","selector":"new UiSelector().textMatches(\"(?is).*\\QWelcome to\\...
12:42:22.768308 POST /session/0f612d87-4c4e-4733-8812-0531b1bd4a38/element [23.02873ms] ERR:404 body={"strategy":"-android uiautomator","selector":"new UiSelector().descriptionMatches(\"(?is).*\\QWelco...
12:42:22.798441 POST /session/0f612d87-4c4e-4733-8812-0531b1bd4a38/element [29.974131ms] ERR:404 body={"strategy":"-android uiautomator","selector":"new UiSelector().textContains(\"Welcome to\")"}
12:42:23.408782 POST /session/0f612d87-4c4e-4733-8812-0531b1bd4a38/element [609.490324ms] ERR:404 body={"strategy":"-android uiautomator","selector":"new UiSelector().descriptionContains(\"Welcome to\")"...
12:42:23.447151 POST /session/0f612d87-4c4e-4733-8812-0531b1bd4a38/element [38.221486ms] ERR:404 body={"strategy":"-android uiautomator","selector":"new UiSelector().textMatches(\"(?is).*\\QWelcome to\\...
12:42:23.476138 POST /session/0f612d87-4c4e-4733-8812-0531b1bd4a38/element [28.84118ms] ERR:404 body={"strategy":"-android uiautomator","selector":"new UiSelector().descriptionMatches(\"(?is).*\\QWelco...
12:42:23.498191 POST /session/0f612d87-4c4e-4733-8812-0531b1bd4a38/element [21.880981ms] ERR:404 body={"strategy":"-android uiautomator","selector":"new UiSelector().textContains(\"Welcome to\")"}
12:42:23.520699 POST /session/0f612d87-4c4e-4733-8812-0531b1bd4a38/element [22.349304ms] ERR:404 body={"strategy":"-android uiautomator","selector":"new UiSelector().descriptionContains(\"Welcome to\")"...
12:42:24.675432 POST /session/0f612d87-4c4e-4733-8812-0531b1bd4a38/element [1.15462178s] ERR:404 body={"strategy":"-android uiautomator","selector":"new UiSelector().textMatches(\"(?is).*\\QWelcome to\\...
12:42:25.440131 POST /session/0f612d87-4c4e-4733-8812-0531b1bd4a38/element [764.58325ms] ERR:404 body={"strategy":"-android uiautomator","selector":"new UiSelector().descriptionMatches(\"(?is).*\\QWelco...
12:42:25.448661 POST /session/0f612d87-4c4e-4733-8812-0531b1bd4a38/element [8.425226ms] OK body={"strategy":"-android uiautomator","selector":"new UiSelector().textContains(\"Welcome to\")"}
12:42:25.456395 POST /session/0f612d87-4c4e-4733-8812-0531b1bd4a38/element [7.424127ms] OK body={"strategy":"-android uiautomator","selector":"new UiSelector().textContains(\"Tastopia\")"}
12:42:25.460163 POST /session/0f612d87-4c4e-4733-8812-0531b1bd4a38/appium/settings [2.904319ms] OK body={"settings":{"waitForIdleTimeout":200}}
12:42:30.559154 POST /session/0f612d87-4c4e-4733-8812-0531b1bd4a38/appium/device/launch_app [4.035751ms] ERR:404 body={"appId":"com.tastopia.app"}
12:42:33.295148 POST /session/0f612d87-4c4e-4733-8812-0531b1bd4a38/element [998.082778ms] OK body={"strategy":"-android uiautomator","selector":"new UiSelector().resourceIdMatches(\".*welcome-sign-i...
12:42:33.396752 GET /session/0f612d87-4c4e-4733-8812-0531b1bd4a38/element/00000000-0000-0010-ffff-ffff00000021/text [101.507058ms] OK body=
12:42:33.416681 GET /session/0f612d87-4c4e-4733-8812-0531b1bd4a38/element/00000000-0000-0010-ffff-ffff00000021/rect [19.859677ms] OK body=
12:42:33.477754 POST /session/0f612d87-4c4e-4733-8812-0531b1bd4a38/element/00000000-0000-0010-ffff-ffff00000021/click [61.009724ms] OK body=
12:42:33.499007 POST /session/0f612d87-4c4e-4733-8812-0531b1bd4a38/element [20.849615ms] ERR:404 body={"strategy":"-android uiautomator","selector":"new UiSelector().resourceIdMatches(\".*login-identifi...
12:42:33.507032 POST /session/0f612d87-4c4e-4733-8812-0531b1bd4a38/element [7.944708ms] ERR:404 body={"strategy":"-android uiautomator","selector":"new UiSelector().resourceIdMatches(\".*login-identifi...
12:42:33.514187 POST /session/0f612d87-4c4e-4733-8812-0531b1bd4a38/element [7.073555ms] ERR:404 body={"strategy":"-android uiautomator","selector":"new UiSelector().resourceIdMatches(\".*login-identifi...
12:42:33.522964 POST /session/0f612d87-4c4e-4733-8812-0531b1bd4a38/element [8.723088ms] ERR:404 body={"strategy":"-android uiautomator","selector":"new UiSelector().resourceIdMatches(\".*login-identifi...
12:42:33.536099 POST /session/0f612d87-4c4e-4733-8812-0531b1bd4a38/element [13.053449ms] ERR:404 body={"strategy":"-android uiautomator","selector":"new UiSelector().resourceIdMatches(\".*login-identifi...
12:42:33.543353 POST /session/0f612d87-4c4e-4733-8812-0531b1bd4a38/element [7.153663ms] ERR:404 body={"strategy":"-android uiautomator","selector":"new UiSelector().resourceIdMatches(\".*login-identifi...
12:42:33.551979 POST /session/0f612d87-4c4e-4733-8812-0531b1bd4a38/element [8.53934ms] ERR:404 body={"strategy":"-android uiautomator","selector":"new UiSelector().resourceIdMatches(\".*login-identifi...
12:42:33.560006 POST /session/0f612d87-4c4e-4733-8812-0531b1bd4a38/element [7.905945ms] ERR:404 body={"strategy":"-android uiautomator","selector":"new UiSelector().resourceIdMatches(\".*login-identifi...
12:42:33.567175 POST /session/0f612d87-4c4e-4733-8812-0531b1bd4a38/element [7.076058ms] ERR:404 body={"strategy":"-android uiautomator","selector":"new UiSelector().resourceIdMatches(\".*login-identifi...
12:42:33.575769 POST /session/0f612d87-4c4e-4733-8812-0531b1bd4a38/element [8.448302ms] ERR:404 body={"strategy":"-android uiautomator","selector":"new UiSelector().resourceIdMatches(\".*login-identifi...
12:42:33.593263 POST /session/0f612d87-4c4e-4733-8812-0531b1bd4a38/element [17.42766ms] ERR:404 body={"strategy":"-android uiautomator","selector":"new UiSelector().resourceIdMatches(\".*login-identifi...
12:42:33.608424 POST /session/0f612d87-4c4e-4733-8812-0531b1bd4a38/element [15.033813ms] ERR:404 body={"strategy":"-android uiautomator","selector":"new UiSelector().resourceIdMatches(\".*login-identifi...
12:42:33.615458 POST /session/0f612d87-4c4e-4733-8812-0531b1bd4a38/element [6.944348ms] ERR:404 body={"strategy":"-android uiautomator","selector":"new UiSelector().resourceIdMatches(\".*login-identifi...
12:42:33.623536 POST /session/0f612d87-4c4e-4733-8812-0531b1bd4a38/element [7.951942ms] ERR:404 body={"strategy":"-android uiautomator","selector":"new UiSelector().resourceIdMatches(\".*login-identifi...
12:42:33.652101 POST /session/0f612d87-4c4e-4733-8812-0531b1bd4a38/element [28.447878ms] ERR:404 body={"strategy":"-android uiautomator","selector":"new UiSelector().resourceIdMatches(\".*login-identifi...
12:42:33.708473 POST /session/0f612d87-4c4e-4733-8812-0531b1bd4a38/element [56.289639ms] ERR:404 body={"strategy":"-android uiautomator","selector":"new UiSelector().resourceIdMatches(\".*login-identifi...
12:42:34.364919 POST /session/0f612d87-4c4e-4733-8812-0531b1bd4a38/element [656.333017ms] OK body={"strategy":"-android uiautomator","selector":"new UiSelector().resourceIdMatches(\".*login-identifi...
12:42:34.408046 POST /session/0f612d87-4c4e-4733-8812-0531b1bd4a38/element [42.794793ms] OK body={"strategy":"-android uiautomator","selector":"new UiSelector().resourceIdMatches(\".*login-identifi...
12:42:34.421072 GET /session/0f612d87-4c4e-4733-8812-0531b1bd4a38/element/00000000-0000-0010-ffff-ffff0000002f/text [12.963823ms] OK body=
12:42:34.433171 GET /session/0f612d87-4c4e-4733-8812-0531b1bd4a38/element/00000000-0000-0010-ffff-ffff0000002f/rect [12.052579ms] OK body=
12:42:34.735356 POST /session/0f612d87-4c4e-4733-8812-0531b1bd4a38/element/00000000-0000-0010-ffff-ffff0000002f/click [302.106058ms] OK body=
12:42:35.766021 POST /session/0f612d87-4c4e-4733-8812-0531b1bd4a38/actions [1.030274531s] OK body={"actions":[{"actions":[{"type":"keyDown","value":"a"},{"type":"keyUp","value":"a"},{"type":"keyDown...
12:42:35.784610 POST /session/0f612d87-4c4e-4733-8812-0531b1bd4a38/appium/device/hide_keyboard [18.487018ms] ERR:404 body=
12:42:36.372017 POST /session/0f612d87-4c4e-4733-8812-0531b1bd4a38/element [587.005115ms] OK body={"strategy":"-android uiautomator","selector":"new UiSelector().resourceIdMatches(\".*login-password...
12:42:36.391237 POST /session/0f612d87-4c4e-4733-8812-0531b1bd4a38/element [18.424981ms] OK body={"strategy":"-android uiautomator","selector":"new UiSelector().resourceIdMatches(\".*login-password...
12:42:36.413547 GET /session/0f612d87-4c4e-4733-8812-0531b1bd4a38/element/00000000-0000-0010-ffff-ffff00000030/text [22.217614ms] OK body=
12:42:36.431847 GET /session/0f612d87-4c4e-4733-8812-0531b1bd4a38/element/00000000-0000-0010-ffff-ffff00000030/rect [18.231473ms] OK body=
12:42:37.090033 POST /session/0f612d87-4c4e-4733-8812-0531b1bd4a38/element/00000000-0000-0010-ffff-ffff00000030/click [658.098436ms] OK body=
12:42:37.812433 POST /session/0f612d87-4c4e-4733-8812-0531b1bd4a38/actions [721.788907ms] OK body={"actions":[{"actions":[{"type":"keyDown","value":"P"},{"type":"keyUp","value":"P"},{"type":"keyDown...
12:42:37.822986 POST /session/0f612d87-4c4e-4733-8812-0531b1bd4a38/appium/device/hide_keyboard [10.457203ms] ERR:404 body=
12:42:38.312107 POST /session/0f612d87-4c4e-4733-8812-0531b1bd4a38/element [488.861894ms] OK body={"strategy":"-android uiautomator","selector":"new UiSelector().resourceIdMatches(\".*login-submit-b...
12:42:38.321958 GET /session/0f612d87-4c4e-4733-8812-0531b1bd4a38/element/00000000-0000-0010-ffff-ffff00000040/text [9.770969ms] OK body=
12:42:38.332250 GET /session/0f612d87-4c4e-4733-8812-0531b1bd4a38/element/00000000-0000-0010-ffff-ffff00000040/rect [10.25842ms] OK body=
12:42:38.361541 POST /session/0f612d87-4c4e-4733-8812-0531b1bd4a38/element/00000000-0000-0010-ffff-ffff00000040/click [29.230513ms] OK body=
12:42:38.371821 POST /session/0f612d87-4c4e-4733-8812-0531b1bd4a38/element [10.216992ms] OK body={"strategy":"-android uiautomator","selector":"new UiSelector().resourceIdMatches(\".*login-submit-b...
12:42:38.396378 GET /session/0f612d87-4c4e-4733-8812-0531b1bd4a38/element/00000000-0000-0010-ffff-ffff00000040/text [24.473986ms] OK body=
12:42:39.028690 GET /session/0f612d87-4c4e-4733-8812-0531b1bd4a38/element/00000000-0000-0010-ffff-ffff00000040/rect [632.227161ms] OK body=
12:42:39.058512 POST /session/0f612d87-4c4e-4733-8812-0531b1bd4a38/element/00000000-0000-0010-ffff-ffff00000040/click [29.754483ms] OK body=
12:42:39.079745 POST /session/0f612d87-4c4e-4733-8812-0531b1bd4a38/element [20.930032ms] ERR:404 body={"strategy":"-android uiautomator","selector":"new UiSelector().resourceIdMatches(\".*COMMUNITY.*\")...
12:42:39.090025 POST /session/0f612d87-4c4e-4733-8812-0531b1bd4a38/element [10.131652ms] ERR:404 body={"strategy":"-android uiautomator","selector":"new UiSelector().resourceIdMatches(\".*COMMUNITY.*\")...
12:42:40.074230 POST /session/0f612d87-4c4e-4733-8812-0531b1bd4a38/element [984.099179ms] ERR:404 body={"strategy":"-android uiautomator","selector":"new UiSelector().resourceIdMatches(\".*COMMUNITY.*\")...
12:42:40.085099 POST /session/0f612d87-4c4e-4733-8812-0531b1bd4a38/element [10.676861ms] ERR:404 body={"strategy":"-android uiautomator","selector":"new UiSelector().resourceIdMatches(\".*COMMUNITY.*\")...
12:42:40.094954 POST /session/0f612d87-4c4e-4733-8812-0531b1bd4a38/element [9.749859ms] ERR:404 body={"strategy":"-android uiautomator","selector":"new UiSelector().resourceIdMatches(\".*COMMUNITY.*\")...
12:42:40.104466 POST /session/0f612d87-4c4e-4733-8812-0531b1bd4a38/element [9.397366ms] ERR:404 body={"strategy":"-android uiautomator","selector":"new UiSelector().resourceIdMatches(\".*COMMUNITY.*\")...
12:42:40.114728 POST /session/0f612d87-4c4e-4733-8812-0531b1bd4a38/element [10.135736ms] ERR:404 body={"strategy":"-android uiautomator","selector":"new UiSelector().resourceIdMatches(\".*COMMUNITY.*\")...
12:42:40.125958 POST /session/0f612d87-4c4e-4733-8812-0531b1bd4a38/element [11.111341ms] ERR:404 body={"strategy":"-android uiautomator","selector":"new UiSelector().resourceIdMatches(\".*COMMUNITY.*\")...
12:42:40.140510 POST /session/0f612d87-4c4e-4733-8812-0531b1bd4a38/element [14.427818ms] ERR:404 body={"strategy":"-android uiautomator","selector":"new UiSelector().resourceIdMatches(\".*COMMUNITY.*\")...
12:42:40.152928 POST /session/0f612d87-4c4e-4733-8812-0531b1bd4a38/element [12.259461ms] ERR:404 body={"strategy":"-android uiautomator","selector":"new UiSelector().resourceIdMatches(\".*COMMUNITY.*\")...
12:42:40.165598 POST /session/0f612d87-4c4e-4733-8812-0531b1bd4a38/element [12.534741ms] ERR:404 body={"strategy":"-android uiautomator","selector":"new UiSelector().resourceIdMatches(\".*COMMUNITY.*\")...
12:42:40.182121 POST /session/0f612d87-4c4e-4733-8812-0531b1bd4a38/element [16.352894ms] ERR:404 body={"strategy":"-android uiautomator","selector":"new UiSelector().resourceIdMatches(\".*COMMUNITY.*\")...
12:42:40.193871 POST /session/0f612d87-4c4e-4733-8812-0531b1bd4a38/element [11.604293ms] ERR:404 body={"strategy":"-android uiautomator","selector":"new UiSelector().resourceIdMatches(\".*COMMUNITY.*\")...
12:42:40.205567 POST /session/0f612d87-4c4e-4733-8812-0531b1bd4a38/element [11.552294ms] ERR:404 body={"strategy":"-android uiautomator","selector":"new UiSelector().resourceIdMatches(\".*COMMUNITY.*\")...
12:42:40.222478 POST /session/0f612d87-4c4e-4733-8812-0531b1bd4a38/element [16.774571ms] ERR:404 body={"strategy":"-android uiautomator","selector":"new UiSelector().resourceIdMatches(\".*COMMUNITY.*\")...
12:42:40.237336 POST /session/0f612d87-4c4e-4733-8812-0531b1bd4a38/element [14.665877ms] ERR:404 body={"strategy":"-android uiautomator","selector":"new UiSelector().resourceIdMatches(\".*COMMUNITY.*\")...
12:42:40.252115 POST /session/0f612d87-4c4e-4733-8812-0531b1bd4a38/element [14.636311ms] ERR:404 body={"strategy":"-android uiautomator","selector":"new UiSelector().resourceIdMatches(\".*COMMUNITY.*\")...
12:42:40.262627 POST /session/0f612d87-4c4e-4733-8812-0531b1bd4a38/element [10.39082ms] ERR:404 body={"strategy":"-android uiautomator","selector":"new UiSelector().resourceIdMatches(\".*COMMUNITY.*\")...
12:42:40.276936 POST /session/0f612d87-4c4e-4733-8812-0531b1bd4a38/element [14.187574ms] ERR:404 body={"strategy":"-android uiautomator","selector":"new UiSelector().resourceIdMatches(\".*COMMUNITY.*\")...
12:42:40.289053 POST /session/0f612d87-4c4e-4733-8812-0531b1bd4a38/element [11.968391ms] ERR:404 body={"strategy":"-android uiautomator","selector":"new UiSelector().resourceIdMatches(\".*COMMUNITY.*\")...
12:42:40.302722 POST /session/0f612d87-4c4e-4733-8812-0531b1bd4a38/element [13.540712ms] ERR:404 body={"strategy":"-android uiautomator","selector":"new UiSelector().resourceIdMatches(\".*COMMUNITY.*\")...
12:42:40.313254 POST /session/0f612d87-4c4e-4733-8812-0531b1bd4a38/element [10.37443ms] ERR:404 body={"strategy":"-android uiautomator","selector":"new UiSelector().resourceIdMatches(\".*COMMUNITY.*\")...
12:42:40.326707 POST /session/0f612d87-4c4e-4733-8812-0531b1bd4a38/element [13.316408ms] ERR:404 body={"strategy":"-android uiautomator","selector":"new UiSelector().resourceIdMatches(\".*COMMUNITY.*\")...
12:42:40.336492 POST /session/0f612d87-4c4e-4733-8812-0531b1bd4a38/element [9.683364ms] ERR:404 body={"strategy":"-android uiautomator","selector":"new UiSelector().resourceIdMatches(\".*COMMUNITY.*\")...
12:42:40.346141 POST /session/0f612d87-4c4e-4733-8812-0531b1bd4a38/element [9.568497ms] ERR:404 body={"strategy":"-android uiautomator","selector":"new UiSelector().resourceIdMatches(\".*COMMUNITY.*\")...
12:42:40.356263 POST /session/0f612d87-4c4e-4733-8812-0531b1bd4a38/element [10.040629ms] ERR:404 body={"strategy":"-android uiautomator","selector":"new UiSelector().resourceIdMatches(\".*COMMUNITY.*\")...
12:42:40.366372 POST /session/0f612d87-4c4e-4733-8812-0531b1bd4a38/element [10.008468ms] ERR:404 body={"strategy":"-android uiautomator","selector":"new UiSelector().resourceIdMatches(\".*COMMUNITY.*\")...
12:42:40.375881 POST /session/0f612d87-4c4e-4733-8812-0531b1bd4a38/element [9.384971ms] ERR:404 body={"strategy":"-android uiautomator","selector":"new UiSelector().resourceIdMatches(\".*COMMUNITY.*\")...
12:42:40.386191 POST /session/0f612d87-4c4e-4733-8812-0531b1bd4a38/element [10.218215ms] ERR:404 body={"strategy":"-android uiautomator","selector":"new UiSelector().resourceIdMatches(\".*COMMUNITY.*\")...
12:42:40.396893 POST /session/0f612d87-4c4e-4733-8812-0531b1bd4a38/element [10.548088ms] ERR:404 body={"strategy":"-android uiautomator","selector":"new UiSelector().resourceIdMatches(\".*COMMUNITY.*\")...
12:42:40.406088 POST /session/0f612d87-4c4e-4733-8812-0531b1bd4a38/element [9.090735ms] ERR:404 body={"strategy":"-android uiautomator","selector":"new UiSelector().resourceIdMatches(\".*COMMUNITY.*\")...
12:42:40.422003 POST /session/0f612d87-4c4e-4733-8812-0531b1bd4a38/element [15.828323ms] ERR:404 body={"strategy":"-android uiautomator","selector":"new UiSelector().resourceIdMatches(\".*COMMUNITY.*\")...
12:42:40.432091 POST /session/0f612d87-4c4e-4733-8812-0531b1bd4a38/element [9.953415ms] ERR:404 body={"strategy":"-android uiautomator","selector":"new UiSelector().resourceIdMatches(\".*COMMUNITY.*\")...
12:42:40.441583 POST /session/0f612d87-4c4e-4733-8812-0531b1bd4a38/element [9.368258ms] ERR:404 body={"strategy":"-android uiautomator","selector":"new UiSelector().resourceIdMatches(\".*COMMUNITY.*\")...
12:42:40.452261 POST /session/0f612d87-4c4e-4733-8812-0531b1bd4a38/element [10.5917ms] ERR:404 body={"strategy":"-android uiautomator","selector":"new UiSelector().resourceIdMatches(\".*COMMUNITY.*\")...
12:42:40.462896 POST /session/0f612d87-4c4e-4733-8812-0531b1bd4a38/element [10.466363ms] ERR:404 body={"strategy":"-android uiautomator","selector":"new UiSelector().resourceIdMatches(\".*COMMUNITY.*\")...
12:42:40.473366 POST /session/0f612d87-4c4e-4733-8812-0531b1bd4a38/element [10.349964ms] ERR:404 body={"strategy":"-android uiautomator","selector":"new UiSelector().resourceIdMatches(\".*COMMUNITY.*\")...
12:42:40.631067 POST /session/0f612d87-4c4e-4733-8812-0531b1bd4a38/element [157.588531ms] ERR:404 body={"strategy":"-android uiautomator","selector":"new UiSelector().resourceIdMatches(\".*COMMUNITY.*\")...
12:42:41.435472 POST /session/0f612d87-4c4e-4733-8812-0531b1bd4a38/element [804.271805ms] ERR:404 body={"strategy":"-android uiautomator","selector":"new UiSelector().resourceIdMatches(\".*COMMUNITY.*\")...
12:42:42.885425 POST /session/0f612d87-4c4e-4733-8812-0531b1bd4a38/element [1.449869839s] OK body={"strategy":"-android uiautomator","selector":"new UiSelector().resourceIdMatches(\".*COMMUNITY.*\")...
12:42:43.373416 GET /session/0f612d87-4c4e-4733-8812-0531b1bd4a38/element/00000000-0000-0010-ffff-ffff00000094/text [487.918199ms] OK body=
12:42:43.388973 GET /session/0f612d87-4c4e-4733-8812-0531b1bd4a38/element/00000000-0000-0010-ffff-ffff00000094/rect [15.492429ms] OK body=
12:42:43.410897 POST /session/0f612d87-4c4e-4733-8812-0531b1bd4a38/element [21.003351ms] OK body={"strategy":"-android uiautomator","selector":"new UiSelector().textContains(\"Community\")"}
12:42:43.431352 POST /session/0f612d87-4c4e-4733-8812-0531b1bd4a38/element [19.299289ms] ERR:404 body={"strategy":"-android uiautomator","selector":"new UiSelector().resourceIdMatches(\".*COMMUNITY.*\")...
12:42:43.448450 POST /session/0f612d87-4c4e-4733-8812-0531b1bd4a38/element [17.015075ms] OK body={"strategy":"-android uiautomator","selector":"new UiSelector().resourceIdMatches(\".*COMMUNITY.*\")...
12:42:43.457909 GET /session/0f612d87-4c4e-4733-8812-0531b1bd4a38/element/00000000-0000-0010-ffff-ffff00000094/text [9.42228ms] OK body=
12:42:43.468332 GET /session/0f612d87-4c4e-4733-8812-0531b1bd4a38/element/00000000-0000-0010-ffff-ffff00000094/rect [10.31107ms] OK body=
12:42:43.497476 POST /session/0f612d87-4c4e-4733-8812-0531b1bd4a38/element/00000000-0000-0010-ffff-ffff00000094/click [29.098681ms] OK body=
12:42:43.627677 POST /session/0f612d87-4c4e-4733-8812-0531b1bd4a38/element [128.619741ms] ERR:404 body={"strategy":"-android uiautomator","selector":"new UiSelector().resourceIdMatches(\".*recipe.*\").cl...
12:42:43.682141 POST /session/0f612d87-4c4e-4733-8812-0531b1bd4a38/element [54.325683ms] OK body={"strategy":"-android uiautomator","selector":"new UiSelector().resourceIdMatches(\".*recipe.*\")"}
12:42:43.717877 GET /session/0f612d87-4c4e-4733-8812-0531b1bd4a38/element/00000000-0000-0010-ffff-ffff000000ed/text [35.659604ms] OK body=
12:42:43.745653 GET /session/0f612d87-4c4e-4733-8812-0531b1bd4a38/element/00000000-0000-0010-ffff-ffff000000ed/rect [27.702255ms] OK body=
12:42:43.784143 POST /session/0f612d87-4c4e-4733-8812-0531b1bd4a38/element/00000000-0000-0010-ffff-ffff000000ed/click [38.330361ms] OK body=
12:42:43.827854 POST /session/0f612d87-4c4e-4733-8812-0531b1bd4a38/element [42.09751ms] ERR:404 body={"strategy":"-android uiautomator","selector":"new UiSelector().resourceIdMatches(\".*recipe-cook-bu...
12:42:43.856352 POST /session/0f612d87-4c4e-4733-8812-0531b1bd4a38/element [28.380586ms] ERR:404 body={"strategy":"-android uiautomator","selector":"new UiSelector().resourceIdMatches(\".*recipe-cook-bu...
12:42:43.877728 POST /session/0f612d87-4c4e-4733-8812-0531b1bd4a38/element [21.270222ms] ERR:404 body={"strategy":"-android uiautomator","selector":"new UiSelector().resourceIdMatches(\".*recipe-cook-bu...
12:42:43.907486 POST /session/0f612d87-4c4e-4733-8812-0531b1bd4a38/element [29.659928ms] ERR:404 body={"strategy":"-android uiautomator","selector":"new UiSelector().resourceIdMatches(\".*recipe-cook-bu...
12:42:44.375541 POST /session/0f612d87-4c4e-4733-8812-0531b1bd4a38/element [467.922634ms] ERR:404 body={"strategy":"-android uiautomator","selector":"new UiSelector().resourceIdMatches(\".*recipe-cook-bu...
12:42:45.352730 POST /session/0f612d87-4c4e-4733-8812-0531b1bd4a38/element [977.053174ms] OK body={"strategy":"-android uiautomator","selector":"new UiSelector().resourceIdMatches(\".*recipe-cook-bu...
12:42:46.088147 GET /session/0f612d87-4c4e-4733-8812-0531b1bd4a38/element/00000000-0000-0010-ffff-ffff0000011c/text [735.346124ms] OK body=
12:42:46.161426 GET /session/0f612d87-4c4e-4733-8812-0531b1bd4a38/element/00000000-0000-0010-ffff-ffff0000011c/rect [73.207108ms] OK body=
12:42:46.251342 POST /session/0f612d87-4c4e-4733-8812-0531b1bd4a38/element/00000000-0000-0010-ffff-ffff0000011c/click [89.843727ms] OK body=
12:42:46.476475 POST /session/0f612d87-4c4e-4733-8812-0531b1bd4a38/element [219.860427ms] ERR:404 body={"strategy":"-android uiautomator","selector":"new UiSelector().resourceIdMatches(\".*active-speakin...
12:42:46.528335 POST /session/0f612d87-4c4e-4733-8812-0531b1bd4a38/element [51.687254ms] ERR:404 body={"strategy":"-android uiautomator","selector":"new UiSelector().resourceIdMatches(\".*active-speakin...
12:42:47.276458 POST /session/0f612d87-4c4e-4733-8812-0531b1bd4a38/element [747.993771ms] ERR:404 body={"strategy":"-android uiautomator","selector":"new UiSelector().resourceIdMatches(\".*active-speakin...
12:42:47.729954 POST /session/0f612d87-4c4e-4733-8812-0531b1bd4a38/element [453.390382ms] OK body={"strategy":"-android uiautomator","selector":"new UiSelector().resourceIdMatches(\".*active-speakin...
12:42:47.739038 GET /session/0f612d87-4c4e-4733-8812-0531b1bd4a38/element/00000000-0000-0010-ffff-ffff000001db/text [9.030106ms] OK body=
12:42:47.749001 GET /session/0f612d87-4c4e-4733-8812-0531b1bd4a38/element/00000000-0000-0010-ffff-ffff000001db/rect [9.925578ms] OK body=
12:42:47.777465 POST /session/0f612d87-4c4e-4733-8812-0531b1bd4a38/element/00000000-0000-0010-ffff-ffff000001db/click [28.394062ms] OK body=
12:42:47.890270 POST /session/0f612d87-4c4e-4733-8812-0531b1bd4a38/element [111.784484ms] ERR:404 body={"strategy":"-android uiautomator","selector":"new UiSelector().textContains(\"English\")"}
12:42:48.298753 POST /session/0f612d87-4c4e-4733-8812-0531b1bd4a38/element [408.283083ms] ERR:404 body={"strategy":"-android uiautomator","selector":"new UiSelector().descriptionContains(\"English\")"}
12:42:48.314376 POST /session/0f612d87-4c4e-4733-8812-0531b1bd4a38/element [15.519301ms] ERR:404 body={"strategy":"-android uiautomator","selector":"new UiSelector().textMatches(\"(?is).*\\QEnglish\\E.*...
12:42:48.330317 POST /session/0f612d87-4c4e-4733-8812-0531b1bd4a38/element [15.850726ms] ERR:404 body={"strategy":"-android uiautomator","selector":"new UiSelector().descriptionMatches(\"(?is).*\\QEngli...
12:42:48.345094 POST /session/0f612d87-4c4e-4733-8812-0531b1bd4a38/element [14.640279ms] ERR:404 body={"strategy":"-android uiautomator","selector":"new UiSelector().textContains(\"English\")"}
12:42:48.358179 POST /session/0f612d87-4c4e-4733-8812-0531b1bd4a38/element [12.998085ms] ERR:404 body={"strategy":"-android uiautomator","selector":"new UiSelector().descriptionContains(\"English\")"}
12:42:48.373297 POST /session/0f612d87-4c4e-4733-8812-0531b1bd4a38/element [15.030546ms] ERR:404 body={"strategy":"-android uiautomator","selector":"new UiSelector().textMatches(\"(?is).*\\QEnglish\\E.*...
12:42:48.393154 POST /session/0f612d87-4c4e-4733-8812-0531b1bd4a38/element [19.781746ms] ERR:404 body={"strategy":"-android uiautomator","selector":"new UiSelector().descriptionMatches(\"(?is).*\\QEngli...
12:42:48.412073 POST /session/0f612d87-4c4e-4733-8812-0531b1bd4a38/element [18.803608ms] ERR:404 body={"strategy":"-android uiautomator","selector":"new UiSelector().textContains(\"English\")"}
12:42:48.427703 POST /session/0f612d87-4c4e-4733-8812-0531b1bd4a38/element [15.49786ms] ERR:404 body={"strategy":"-android uiautomator","selector":"new UiSelector().descriptionContains(\"English\")"}
12:42:48.443109 POST /session/0f612d87-4c4e-4733-8812-0531b1bd4a38/element [15.322058ms] ERR:404 body={"strategy":"-android uiautomator","selector":"new UiSelector().textMatches(\"(?is).*\\QEnglish\\E.*...
12:42:48.458702 POST /session/0f612d87-4c4e-4733-8812-0531b1bd4a38/element [15.513481ms] ERR:404 body={"strategy":"-android uiautomator","selector":"new UiSelector().descriptionMatches(\"(?is).*\\QEngli...
12:42:48.473505 POST /session/0f612d87-4c4e-4733-8812-0531b1bd4a38/element [14.746497ms] ERR:404 body={"strategy":"-android uiautomator","selector":"new UiSelector().textContains(\"English\")"}
12:42:48.489402 POST /session/0f612d87-4c4e-4733-8812-0531b1bd4a38/element [15.838474ms] ERR:404 body={"strategy":"-android uiautomator","selector":"new UiSelector().descriptionContains(\"English\")"}
12:42:48.503720 POST /session/0f612d87-4c4e-4733-8812-0531b1bd4a38/element [14.24388ms] ERR:404 body={"strategy":"-android uiautomator","selector":"new UiSelector().textMatches(\"(?is).*\\QEnglish\\E.*...
12:42:48.518351 POST /session/0f612d87-4c4e-4733-8812-0531b1bd4a38/element [14.554657ms] ERR:404 body={"strategy":"-android uiautomator","selector":"new UiSelector().descriptionMatches(\"(?is).*\\QEngli...
12:42:48.533239 POST /session/0f612d87-4c4e-4733-8812-0531b1bd4a38/element [14.803708ms] ERR:404 body={"strategy":"-android uiautomator","selector":"new UiSelector().textContains(\"English\")"}
12:42:48.547448 POST /session/0f612d87-4c4e-4733-8812-0531b1bd4a38/element [14.098194ms] ERR:404 body={"strategy":"-android uiautomator","selector":"new UiSelector().descriptionContains(\"English\")"}
12:42:48.564732 POST /session/0f612d87-4c4e-4733-8812-0531b1bd4a38/element [17.225825ms] ERR:404 body={"strategy":"-android uiautomator","selector":"new UiSelector().textMatches(\"(?is).*\\QEnglish\\E.*...
12:42:48.579196 POST /session/0f612d87-4c4e-4733-8812-0531b1bd4a38/element [14.407138ms] ERR:404 body={"strategy":"-android uiautomator","selector":"new UiSelector().descriptionMatches(\"(?is).*\\QEngli...
12:42:48.593889 POST /session/0f612d87-4c4e-4733-8812-0531b1bd4a38/element [14.630711ms] ERR:404 body={"strategy":"-android uiautomator","selector":"new UiSelector().textContains(\"English\")"}
12:42:48.608658 POST /session/0f612d87-4c4e-4733-8812-0531b1bd4a38/element [14.687238ms] ERR:404 body={"strategy":"-android uiautomator","selector":"new UiSelector().descriptionContains(\"English\")"}
12:42:48.622514 POST /session/0f612d87-4c4e-4733-8812-0531b1bd4a38/element [13.80522ms] ERR:404 body={"strategy":"-android uiautomator","selector":"new UiSelector().textMatches(\"(?is).*\\QEnglish\\E.*...
12:42:48.653785 POST /session/0f612d87-4c4e-4733-8812-0531b1bd4a38/element [31.184677ms] ERR:404 body={"strategy":"-android uiautomator","selector":"new UiSelector().descriptionMatches(\"(?is).*\\QEngli...
12:42:48.963433 POST /session/0f612d87-4c4e-4733-8812-0531b1bd4a38/element [309.549736ms] ERR:404 body={"strategy":"-android uiautomator","selector":"new UiSelector().textContains(\"English\")"}
12:42:49.000999 POST /session/0f612d87-4c4e-4733-8812-0531b1bd4a38/element [37.45642ms] ERR:404 body={"strategy":"-android uiautomator","selector":"new UiSelector().descriptionContains(\"English\")"}
12:42:49.037531 POST /session/0f612d87-4c4e-4733-8812-0531b1bd4a38/element [36.417586ms] ERR:404 body={"strategy":"-android uiautomator","selector":"new UiSelector().textMatches(\"(?is).*\\QEnglish\\E.*...
12:42:49.052644 POST /session/0f612d87-4c4e-4733-8812-0531b1bd4a38/element [15.022442ms] ERR:404 body={"strategy":"-android uiautomator","selector":"new UiSelector().descriptionMatches(\"(?is).*\\QEngli...
12:42:49.071393 POST /session/0f612d87-4c4e-4733-8812-0531b1bd4a38/element [18.635136ms] ERR:404 body={"strategy":"-android uiautomator","selector":"new UiSelector().textContains(\"English\")"}
12:42:49.085247 POST /session/0f612d87-4c4e-4733-8812-0531b1bd4a38/element [13.735138ms] ERR:404 body={"strategy":"-android uiautomator","selector":"new UiSelector().descriptionContains(\"English\")"}
12:42:49.099248 POST /session/0f612d87-4c4e-4733-8812-0531b1bd4a38/element [13.876849ms] ERR:404 body={"strategy":"-android uiautomator","selector":"new UiSelector().textMatches(\"(?is).*\\QEnglish\\E.*...
12:42:49.115531 POST /session/0f612d87-4c4e-4733-8812-0531b1bd4a38/element [16.157537ms] ERR:404 body={"strategy":"-android uiautomator","selector":"new UiSelector().descriptionMatches(\"(?is).*\\QEngli...
12:42:49.131179 POST /session/0f612d87-4c4e-4733-8812-0531b1bd4a38/element [15.544408ms] ERR:404 body={"strategy":"-android uiautomator","selector":"new UiSelector().textContains(\"English\")"}
12:42:49.151370 POST /session/0f612d87-4c4e-4733-8812-0531b1bd4a38/element [20.05525ms] ERR:404 body={"strategy":"-android uiautomator","selector":"new UiSelector().descriptionContains(\"English\")"}
12:42:49.171754 POST /session/0f612d87-4c4e-4733-8812-0531b1bd4a38/element [20.25516ms] ERR:404 body={"strategy":"-android uiautomator","selector":"new UiSelector().textMatches(\"(?is).*\\QEnglish\\E.*...
12:42:49.191104 POST /session/0f612d87-4c4e-4733-8812-0531b1bd4a38/element [19.235271ms] ERR:404 body={"strategy":"-android uiautomator","selector":"new UiSelector().descriptionMatches(\"(?is).*\\QEngli...
12:42:49.212104 POST /session/0f612d87-4c4e-4733-8812-0531b1bd4a38/element [20.903736ms] ERR:404 body={"strategy":"-android uiautomator","selector":"new UiSelector().textContains(\"English\")"}
12:42:49.229244 POST /session/0f612d87-4c4e-4733-8812-0531b1bd4a38/element [17.066635ms] ERR:404 body={"strategy":"-android uiautomator","selector":"new UiSelector().descriptionContains(\"English\")"}
12:42:49.245734 POST /session/0f612d87-4c4e-4733-8812-0531b1bd4a38/element [16.387351ms] ERR:404 body={"strategy":"-android uiautomator","selector":"new UiSelector().textMatches(\"(?is).*\\QEnglish\\E.*...
12:42:49.263313 POST /session/0f612d87-4c4e-4733-8812-0531b1bd4a38/element [17.478025ms] ERR:404 body={"strategy":"-android uiautomator","selector":"new UiSelector().descriptionMatches(\"(?is).*\\QEngli...
12:42:49.280917 POST /session/0f612d87-4c4e-4733-8812-0531b1bd4a38/element [17.354647ms] ERR:404 body={"strategy":"-android uiautomator","selector":"new UiSelector().textContains(\"English\")"}
12:42:49.297538 POST /session/0f612d87-4c4e-4733-8812-0531b1bd4a38/element [16.513772ms] ERR:404 body={"strategy":"-android uiautomator","selector":"new UiSelector().descriptionContains(\"English\")"}
12:42:49.313354 POST /session/0f612d87-4c4e-4733-8812-0531b1bd4a38/element [15.665216ms] ERR:404 body={"strategy":"-android uiautomator","selector":"new UiSelector().textMatches(\"(?is).*\\QEnglish\\E.*...
12:42:49.334429 POST /session/0f612d87-4c4e-4733-8812-0531b1bd4a38/element [20.949473ms] ERR:404 body={"strategy":"-android uiautomator","selector":"new UiSelector().descriptionMatches(\"(?is).*\\QEngli...
12:42:49.353723 POST /session/0f612d87-4c4e-4733-8812-0531b1bd4a38/element [19.200257ms] ERR:404 body={"strategy":"-android uiautomator","selector":"new UiSelector().textContains(\"English\")"}
12:42:49.371597 POST /session/0f612d87-4c4e-4733-8812-0531b1bd4a38/element [17.759283ms] ERR:404 body={"strategy":"-android uiautomator","selector":"new UiSelector().descriptionContains(\"English\")"}
12:42:49.387711 POST /session/0f612d87-4c4e-4733-8812-0531b1bd4a38/element [16.055924ms] ERR:404 body={"strategy":"-android uiautomator","selector":"new UiSelector().textMatches(\"(?is).*\\QEnglish\\E.*...
12:42:49.401772 POST /session/0f612d87-4c4e-4733-8812-0531b1bd4a38/element [13.963681ms] ERR:404 body={"strategy":"-android uiautomator","selector":"new UiSelector().descriptionMatches(\"(?is).*\\QEngli...
12:42:49.416195 POST /session/0f612d87-4c4e-4733-8812-0531b1bd4a38/element [14.359768ms] ERR:404 body={"strategy":"-android uiautomator","selector":"new UiSelector().textContains(\"English\")"}
12:42:49.436465 POST /session/0f612d87-4c4e-4733-8812-0531b1bd4a38/element [20.171603ms] ERR:404 body={"strategy":"-android uiautomator","selector":"new UiSelector().descriptionContains(\"English\")"}
12:42:49.452339 POST /session/0f612d87-4c4e-4733-8812-0531b1bd4a38/element [15.775332ms] ERR:404 body={"strategy":"-android uiautomator","selector":"new UiSelector().textMatches(\"(?is).*\\QEnglish\\E.*...
12:42:49.466893 POST /session/0f612d87-4c4e-4733-8812-0531b1bd4a38/element [14.455079ms] ERR:404 body={"strategy":"-android uiautomator","selector":"new UiSelector().descriptionMatches(\"(?is).*\\QEngli...
12:42:49.480280 POST /session/0f612d87-4c4e-4733-8812-0531b1bd4a38/element [13.306688ms] ERR:404 body={"strategy":"-android uiautomator","selector":"new UiSelector().textContains(\"English\")"}
12:42:49.496492 POST /session/0f612d87-4c4e-4733-8812-0531b1bd4a38/element [16.09081ms] ERR:404 body={"strategy":"-android uiautomator","selector":"new UiSelector().descriptionContains(\"English\")"}
12:42:49.511393 POST /session/0f612d87-4c4e-4733-8812-0531b1bd4a38/element [14.841309ms] ERR:404 body={"strategy":"-android uiautomator","selector":"new UiSelector().textMatches(\"(?is).*\\QEnglish\\E.*...
12:42:49.526201 POST /session/0f612d87-4c4e-4733-8812-0531b1bd4a38/element [14.730751ms] ERR:404 body={"strategy":"-android uiautomator","selector":"new UiSelector().descriptionMatches(\"(?is).*\\QEngli...
12:42:49.542637 POST /session/0f612d87-4c4e-4733-8812-0531b1bd4a38/element [16.374306ms] ERR:404 body={"strategy":"-android uiautomator","selector":"new UiSelector().textContains(\"English\")"}
12:42:49.559596 POST /session/0f612d87-4c4e-4733-8812-0531b1bd4a38/element [16.875082ms] ERR:404 body={"strategy":"-android uiautomator","selector":"new UiSelector().descriptionContains(\"English\")"}
12:42:49.580719 POST /session/0f612d87-4c4e-4733-8812-0531b1bd4a38/element [21.032076ms] ERR:404 body={"strategy":"-android uiautomator","selector":"new UiSelector().textMatches(\"(?is).*\\QEnglish\\E.*...
12:42:49.594117 POST /session/0f612d87-4c4e-4733-8812-0531b1bd4a38/element [13.308693ms] ERR:404 body={"strategy":"-android uiautomator","selector":"new UiSelector().descriptionMatches(\"(?is).*\\QEngli...
12:42:49.607354 POST /session/0f612d87-4c4e-4733-8812-0531b1bd4a38/element [13.118513ms] ERR:404 body={"strategy":"-android uiautomator","selector":"new UiSelector().textContains(\"English\")"}
12:42:49.621889 POST /session/0f612d87-4c4e-4733-8812-0531b1bd4a38/element [14.440544ms] ERR:404 body={"strategy":"-android uiautomator","selector":"new UiSelector().descriptionContains(\"English\")"}
12:42:49.642398 POST /session/0f612d87-4c4e-4733-8812-0531b1bd4a38/element [20.351122ms] ERR:404 body={"strategy":"-android uiautomator","selector":"new UiSelector().textMatches(\"(?is).*\\QEnglish\\E.*...
12:42:49.655165 POST /session/0f612d87-4c4e-4733-8812-0531b1bd4a38/element [12.697255ms] ERR:404 body={"strategy":"-android uiautomator","selector":"new UiSelector().descriptionMatches(\"(?is).*\\QEngli...
12:42:49.668268 POST /session/0f612d87-4c4e-4733-8812-0531b1bd4a38/element [13.002434ms] ERR:404 body={"strategy":"-android uiautomator","selector":"new UiSelector().textContains(\"English\")"}
12:42:49.682130 POST /session/0f612d87-4c4e-4733-8812-0531b1bd4a38/element [13.749598ms] ERR:404 body={"strategy":"-android uiautomator","selector":"new UiSelector().descriptionContains(\"English\")"}
12:42:49.695785 POST /session/0f612d87-4c4e-4733-8812-0531b1bd4a38/element [13.559297ms] ERR:404 body={"strategy":"-android uiautomator","selector":"new UiSelector().textMatches(\"(?is).*\\QEnglish\\E.*...
12:42:49.712818 POST /session/0f612d87-4c4e-4733-8812-0531b1bd4a38/element [16.97401ms] ERR:404 body={"strategy":"-android uiautomator","selector":"new UiSelector().descriptionMatches(\"(?is).*\\QEngli...
12:42:49.726805 POST /session/0f612d87-4c4e-4733-8812-0531b1bd4a38/element [13.923043ms] ERR:404 body={"strategy":"-android uiautomator","selector":"new UiSelector().textContains(\"English\")"}
12:42:49.741033 POST /session/0f612d87-4c4e-4733-8812-0531b1bd4a38/element [14.145053ms] ERR:404 body={"strategy":"-android uiautomator","selector":"new UiSelector().descriptionContains(\"English\")"}
12:42:49.754770 POST /session/0f612d87-4c4e-4733-8812-0531b1bd4a38/element [13.664615ms] ERR:404 body={"strategy":"-android uiautomator","selector":"new UiSelector().textMatches(\"(?is).*\\QEnglish\\E.*...
12:42:49.769044 POST /session/0f612d87-4c4e-4733-8812-0531b1bd4a38/element [14.204235ms] ERR:404 body={"strategy":"-android uiautomator","selector":"new UiSelector().descriptionMatches(\"(?is).*\\QEngli...
12:42:49.784925 POST /session/0f612d87-4c4e-4733-8812-0531b1bd4a38/element [15.821131ms] ERR:404 body={"strategy":"-android uiautomator","selector":"new UiSelector().textContains(\"English\")"}
12:42:49.798637 POST /session/0f612d87-4c4e-4733-8812-0531b1bd4a38/element [13.634028ms] ERR:404 body={"strategy":"-android uiautomator","selector":"new UiSelector().descriptionContains(\"English\")"}
12:42:49.813210 POST /session/0f612d87-4c4e-4733-8812-0531b1bd4a38/element [14.475777ms] ERR:404 body={"strategy":"-android uiautomator","selector":"new UiSelector().textMatches(\"(?is).*\\QEnglish\\E.*...
12:42:49.827642 POST /session/0f612d87-4c4e-4733-8812-0531b1bd4a38/element [14.363496ms] ERR:404 body={"strategy":"-android uiautomator","selector":"new UiSelector().descriptionMatches(\"(?is).*\\QEngli...
12:42:49.841940 POST /session/0f612d87-4c4e-4733-8812-0531b1bd4a38/element [14.183123ms] ERR:404 body={"strategy":"-android uiautomator","selector":"new UiSelector().textContains(\"English\")"}
12:42:49.858788 POST /session/0f612d87-4c4e-4733-8812-0531b1bd4a38/element [16.77292ms] ERR:404 body={"strategy":"-android uiautomator","selector":"new UiSelector().descriptionContains(\"English\")"}
12:42:49.875407 POST /session/0f612d87-4c4e-4733-8812-0531b1bd4a38/element [16.539378ms] ERR:404 body={"strategy":"-android uiautomator","selector":"new UiSelector().textMatches(\"(?is).*\\QEnglish\\E.*...
12:42:49.889783 POST /session/0f612d87-4c4e-4733-8812-0531b1bd4a38/element [14.304134ms] ERR:404 body={"strategy":"-android uiautomator","selector":"new UiSelector().descriptionMatches(\"(?is).*\\QEngli...
12:42:49.904529 POST /session/0f612d87-4c4e-4733-8812-0531b1bd4a38/element [14.68725ms] ERR:404 body={"strategy":"-android uiautomator","selector":"new UiSelector().textContains(\"English\")"}
12:42:49.919017 POST /session/0f612d87-4c4e-4733-8812-0531b1bd4a38/element [14.409421ms] ERR:404 body={"strategy":"-android uiautomator","selector":"new UiSelector().descriptionContains(\"English\")"}
12:42:49.934364 POST /session/0f612d87-4c4e-4733-8812-0531b1bd4a38/element [15.235836ms] ERR:404 body={"strategy":"-android uiautomator","selector":"new UiSelector().textMatches(\"(?is).*\\QEnglish\\E.*...
12:42:49.949186 POST /session/0f612d87-4c4e-4733-8812-0531b1bd4a38/element [14.708588ms] ERR:404 body={"strategy":"-android uiautomator","selector":"new UiSelector().descriptionMatches(\"(?is).*\\QEngli...
12:42:49.965818 POST /session/0f612d87-4c4e-4733-8812-0531b1bd4a38/element [16.536061ms] ERR:404 body={"strategy":"-android uiautomator","selector":"new UiSelector().textContains(\"English\")"}
12:42:49.980545 POST /session/0f612d87-4c4e-4733-8812-0531b1bd4a38/element [14.61964ms] ERR:404 body={"strategy":"-android uiautomator","selector":"new UiSelector().descriptionContains(\"English\")"}
12:42:49.995020 POST /session/0f612d87-4c4e-4733-8812-0531b1bd4a38/element [14.383411ms] ERR:404 body={"strategy":"-android uiautomator","selector":"new UiSelector().textMatches(\"(?is).*\\QEnglish\\E.*...
12:42:50.011234 POST /session/0f612d87-4c4e-4733-8812-0531b1bd4a38/element [16.102304ms] ERR:404 body={"strategy":"-android uiautomator","selector":"new UiSelector().descriptionMatches(\"(?is).*\\QEngli...
12:42:50.026000 POST /session/0f612d87-4c4e-4733-8812-0531b1bd4a38/element [14.657932ms] ERR:404 body={"strategy":"-android uiautomator","selector":"new UiSelector().textContains(\"English\")"}
12:42:50.042293 POST /session/0f612d87-4c4e-4733-8812-0531b1bd4a38/element [16.214061ms] ERR:404 body={"strategy":"-android uiautomator","selector":"new UiSelector().descriptionContains(\"English\")"}
12:42:50.057986 POST /session/0f612d87-4c4e-4733-8812-0531b1bd4a38/element [15.593292ms] ERR:404 body={"strategy":"-android uiautomator","selector":"new UiSelector().textMatches(\"(?is).*\\QEnglish\\E.*...
12:42:50.074467 POST /session/0f612d87-4c4e-4733-8812-0531b1bd4a38/element [16.416536ms] ERR:404 body={"strategy":"-android uiautomator","selector":"new UiSelector().descriptionMatches(\"(?is).*\\QEngli...
12:42:50.091387 POST /session/0f612d87-4c4e-4733-8812-0531b1bd4a38/element [16.808186ms] ERR:404 body={"strategy":"-android uiautomator","selector":"new UiSelector().textContains(\"English\")"}
12:42:50.108710 POST /session/0f612d87-4c4e-4733-8812-0531b1bd4a38/element [17.222208ms] ERR:404 body={"strategy":"-android uiautomator","selector":"new UiSelector().descriptionContains(\"English\")"}
12:42:50.123102 POST /session/0f612d87-4c4e-4733-8812-0531b1bd4a38/element [14.320495ms] ERR:404 body={"strategy":"-android uiautomator","selector":"new UiSelector().textMatches(\"(?is).*\\QEnglish\\E.*...
12:42:50.137937 POST /session/0f612d87-4c4e-4733-8812-0531b1bd4a38/element [14.657472ms] ERR:404 body={"strategy":"-android uiautomator","selector":"new UiSelector().descriptionMatches(\"(?is).*\\QEngli...
12:42:50.158667 POST /session/0f612d87-4c4e-4733-8812-0531b1bd4a38/element [20.610592ms] ERR:404 body={"strategy":"-android uiautomator","selector":"new UiSelector().textContains(\"English\")"}
12:42:50.172802 POST /session/0f612d87-4c4e-4733-8812-0531b1bd4a38/element [14.038071ms] ERR:404 body={"strategy":"-android uiautomator","selector":"new UiSelector().descriptionContains(\"English\")"}
12:42:50.186959 POST /session/0f612d87-4c4e-4733-8812-0531b1bd4a38/element [14.023463ms] ERR:404 body={"strategy":"-android uiautomator","selector":"new UiSelector().textMatches(\"(?is).*\\QEnglish\\E.*...
12:42:50.201268 POST /session/0f612d87-4c4e-4733-8812-0531b1bd4a38/element [14.229103ms] ERR:404 body={"strategy":"-android uiautomator","selector":"new UiSelector().descriptionMatches(\"(?is).*\\QEngli...
12:42:50.217244 POST /session/0f612d87-4c4e-4733-8812-0531b1bd4a38/element [15.851117ms] ERR:404 body={"strategy":"-android uiautomator","selector":"new UiSelector().textContains(\"English\")"}
12:42:50.232725 POST /session/0f612d87-4c4e-4733-8812-0531b1bd4a38/element [15.371012ms] ERR:404 body={"strategy":"-android uiautomator","selector":"new UiSelector().descriptionContains(\"English\")"}
12:42:50.246914 POST /session/0f612d87-4c4e-4733-8812-0531b1bd4a38/element [14.109825ms] ERR:404 body={"strategy":"-android uiautomator","selector":"new UiSelector().textMatches(\"(?is).*\\QEnglish\\E.*...
12:42:50.260869 POST /session/0f612d87-4c4e-4733-8812-0531b1bd4a38/element [13.84693ms] ERR:404 body={"strategy":"-android uiautomator","selector":"new UiSelector().descriptionMatches(\"(?is).*\\QEngli...
12:42:50.275255 POST /session/0f612d87-4c4e-4733-8812-0531b1bd4a38/element [14.248098ms] ERR:404 body={"strategy":"-android uiautomator","selector":"new UiSelector().textContains(\"English\")"}
12:42:50.292775 POST /session/0f612d87-4c4e-4733-8812-0531b1bd4a38/element [17.377462ms] ERR:404 body={"strategy":"-android uiautomator","selector":"new UiSelector().descriptionContains(\"English\")"}
12:42:50.309174 POST /session/0f612d87-4c4e-4733-8812-0531b1bd4a38/element [16.292021ms] ERR:404 body={"strategy":"-android uiautomator","selector":"new UiSelector().textMatches(\"(?is).*\\QEnglish\\E.*...
12:42:50.322575 POST /session/0f612d87-4c4e-4733-8812-0531b1bd4a38/element [13.291439ms] ERR:404 body={"strategy":"-android uiautomator","selector":"new UiSelector().descriptionMatches(\"(?is).*\\QEngli...
12:42:50.337156 POST /session/0f612d87-4c4e-4733-8812-0531b1bd4a38/element [14.478974ms] ERR:404 body={"strategy":"-android uiautomator","selector":"new UiSelector().textContains(\"English\")"}
12:42:50.350849 POST /session/0f612d87-4c4e-4733-8812-0531b1bd4a38/element [13.580998ms] ERR:404 body={"strategy":"-android uiautomator","selector":"new UiSelector().descriptionContains(\"English\")"}
12:42:50.370059 POST /session/0f612d87-4c4e-4733-8812-0531b1bd4a38/element [19.080152ms] ERR:404 body={"strategy":"-android uiautomator","selector":"new UiSelector().textMatches(\"(?is).*\\QEnglish\\E.*...
12:42:50.384647 POST /session/0f612d87-4c4e-4733-8812-0531b1bd4a38/element [14.492029ms] ERR:404 body={"strategy":"-android uiautomator","selector":"new UiSelector().descriptionMatches(\"(?is).*\\QEngli...
12:42:50.398753 POST /session/0f612d87-4c4e-4733-8812-0531b1bd4a38/element [13.989928ms] ERR:404 body={"strategy":"-android uiautomator","selector":"new UiSelector().textContains(\"English\")"}
12:42:50.412695 POST /session/0f612d87-4c4e-4733-8812-0531b1bd4a38/element [13.832593ms] ERR:404 body={"strategy":"-android uiautomator","selector":"new UiSelector().descriptionContains(\"English\")"}
12:42:50.426964 POST /session/0f612d87-4c4e-4733-8812-0531b1bd4a38/element [14.167618ms] ERR:404 body={"strategy":"-android uiautomator","selector":"new UiSelector().textMatches(\"(?is).*\\QEnglish\\E.*...
12:42:50.442840 POST /session/0f612d87-4c4e-4733-8812-0531b1bd4a38/element [15.75757ms] ERR:404 body={"strategy":"-android uiautomator","selector":"new UiSelector().descriptionMatches(\"(?is).*\\QEngli...
12:42:50.456732 POST /session/0f612d87-4c4e-4733-8812-0531b1bd4a38/element [13.784392ms] ERR:404 body={"strategy":"-android uiautomator","selector":"new UiSelector().textContains(\"English\")"}
12:42:50.471449 POST /session/0f612d87-4c4e-4733-8812-0531b1bd4a38/element [14.654446ms] ERR:404 body={"strategy":"-android uiautomator","selector":"new UiSelector().descriptionContains(\"English\")"}
12:42:50.487346 POST /session/0f612d87-4c4e-4733-8812-0531b1bd4a38/element [15.817233ms] ERR:404 body={"strategy":"-android uiautomator","selector":"new UiSelector().textMatches(\"(?is).*\\QEnglish\\E.*...
12:42:50.506505 POST /session/0f612d87-4c4e-4733-8812-0531b1bd4a38/element [19.012752ms] ERR:404 body={"strategy":"-android uiautomator","selector":"new UiSelector().descriptionMatches(\"(?is).*\\QEngli...
12:42:50.524408 POST /session/0f612d87-4c4e-4733-8812-0531b1bd4a38/element [17.801162ms] ERR:404 body={"strategy":"-android uiautomator","selector":"new UiSelector().textContains(\"English\")"}
12:42:50.538510 POST /session/0f612d87-4c4e-4733-8812-0531b1bd4a38/element [14.004748ms] ERR:404 body={"strategy":"-android uiautomator","selector":"new UiSelector().descriptionContains(\"English\")"}
12:42:50.552462 POST /session/0f612d87-4c4e-4733-8812-0531b1bd4a38/element [13.84174ms] ERR:404 body={"strategy":"-android uiautomator","selector":"new UiSelector().textMatches(\"(?is).*\\QEnglish\\E.*...
12:42:50.569648 POST /session/0f612d87-4c4e-4733-8812-0531b1bd4a38/element [17.077835ms] ERR:404 body={"strategy":"-android uiautomator","selector":"new UiSelector().descriptionMatches(\"(?is).*\\QEngli...
12:42:50.586379 POST /session/0f612d87-4c4e-4733-8812-0531b1bd4a38/element [16.61026ms] ERR:404 body={"strategy":"-android uiautomator","selector":"new UiSelector().textContains(\"English\")"}
12:42:50.602419 POST /session/0f612d87-4c4e-4733-8812-0531b1bd4a38/element [15.890862ms] ERR:404 body={"strategy":"-android uiautomator","selector":"new UiSelector().descriptionContains(\"English\")"}
12:42:50.618903 POST /session/0f612d87-4c4e-4733-8812-0531b1bd4a38/element [16.369998ms] ERR:404 body={"strategy":"-android uiautomator","selector":"new UiSelector().textMatches(\"(?is).*\\QEnglish\\E.*...
12:42:50.635408 POST /session/0f612d87-4c4e-4733-8812-0531b1bd4a38/element [16.377374ms] ERR:404 body={"strategy":"-android uiautomator","selector":"new UiSelector().descriptionMatches(\"(?is).*\\QEngli...
12:42:50.650659 POST /session/0f612d87-4c4e-4733-8812-0531b1bd4a38/element [15.126555ms] ERR:404 body={"strategy":"-android uiautomator","selector":"new UiSelector().textContains(\"English\")"}
12:42:50.664323 POST /session/0f612d87-4c4e-4733-8812-0531b1bd4a38/element [13.54558ms] ERR:404 body={"strategy":"-android uiautomator","selector":"new UiSelector().descriptionContains(\"English\")"}
12:42:50.677759 POST /session/0f612d87-4c4e-4733-8812-0531b1bd4a38/element [13.317509ms] ERR:404 body={"strategy":"-android uiautomator","selector":"new UiSelector().textMatches(\"(?is).*\\QEnglish\\E.*...
12:42:50.691775 POST /session/0f612d87-4c4e-4733-8812-0531b1bd4a38/element [13.908847ms] ERR:404 body={"strategy":"-android uiautomator","selector":"new UiSelector().descriptionMatches(\"(?is).*\\QEngli...
12:42:50.705359 POST /session/0f612d87-4c4e-4733-8812-0531b1bd4a38/element [13.506508ms] ERR:404 body={"strategy":"-android uiautomator","selector":"new UiSelector().textContains(\"English\")"}
12:42:50.721332 POST /session/0f612d87-4c4e-4733-8812-0531b1bd4a38/element [15.847388ms] ERR:404 body={"strategy":"-android uiautomator","selector":"new UiSelector().descriptionContains(\"English\")"}
12:42:50.736317 POST /session/0f612d87-4c4e-4733-8812-0531b1bd4a38/element [14.875774ms] ERR:404 body={"strategy":"-android uiautomator","selector":"new UiSelector().textMatches(\"(?is).*\\QEnglish\\E.*...
12:42:50.750739 POST /session/0f612d87-4c4e-4733-8812-0531b1bd4a38/element [14.294305ms] ERR:404 body={"strategy":"-android uiautomator","selector":"new UiSelector().descriptionMatches(\"(?is).*\\QEngli...
12:42:50.766789 POST /session/0f612d87-4c4e-4733-8812-0531b1bd4a38/element [15.932932ms] ERR:404 body={"strategy":"-android uiautomator","selector":"new UiSelector().textContains(\"English\")"}
12:42:50.781359 POST /session/0f612d87-4c4e-4733-8812-0531b1bd4a38/element [14.497379ms] ERR:404 body={"strategy":"-android uiautomator","selector":"new UiSelector().descriptionContains(\"English\")"}
12:42:50.798973 POST /session/0f612d87-4c4e-4733-8812-0531b1bd4a38/element [17.508309ms] ERR:404 body={"strategy":"-android uiautomator","selector":"new UiSelector().textMatches(\"(?is).*\\QEnglish\\E.*...
12:42:50.813551 POST /session/0f612d87-4c4e-4733-8812-0531b1bd4a38/element [14.436344ms] ERR:404 body={"strategy":"-android uiautomator","selector":"new UiSelector().descriptionMatches(\"(?is).*\\QEngli...
12:42:50.829192 POST /session/0f612d87-4c4e-4733-8812-0531b1bd4a38/element [15.521836ms] ERR:404 body={"strategy":"-android uiautomator","selector":"new UiSelector().textContains(\"English\")"}
12:42:50.842269 POST /session/0f612d87-4c4e-4733-8812-0531b1bd4a38/element [12.942079ms] ERR:404 body={"strategy":"-android uiautomator","selector":"new UiSelector().descriptionContains(\"English\")"}
12:42:50.856224 POST /session/0f612d87-4c4e-4733-8812-0531b1bd4a38/element [13.824137ms] ERR:404 body={"strategy":"-android uiautomator","selector":"new UiSelector().textMatches(\"(?is).*\\QEnglish\\E.*...
12:42:50.872528 POST /session/0f612d87-4c4e-4733-8812-0531b1bd4a38/element [16.194036ms] ERR:404 body={"strategy":"-android uiautomator","selector":"new UiSelector().descriptionMatches(\"(?is).*\\QEngli...
12:42:50.887004 POST /session/0f612d87-4c4e-4733-8812-0531b1bd4a38/element [14.386278ms] ERR:404 body={"strategy":"-android uiautomator","selector":"new UiSelector().textContains(\"English\")"}
12:42:50.901114 POST /session/0f612d87-4c4e-4733-8812-0531b1bd4a38/element [14.024648ms] ERR:404 body={"strategy":"-android uiautomator","selector":"new UiSelector().descriptionContains(\"English\")"}
12:42:50.916078 POST /session/0f612d87-4c4e-4733-8812-0531b1bd4a38/element [14.906003ms] ERR:404 body={"strategy":"-android uiautomator","selector":"new UiSelector().textMatches(\"(?is).*\\QEnglish\\E.*...
12:42:50.933338 POST /session/0f612d87-4c4e-4733-8812-0531b1bd4a38/element [17.194025ms] ERR:404 body={"strategy":"-android uiautomator","selector":"new UiSelector().descriptionMatches(\"(?is).*\\QEngli...
12:42:50.949332 POST /session/0f612d87-4c4e-4733-8812-0531b1bd4a38/element [15.678301ms] ERR:404 body={"strategy":"-android uiautomator","selector":"new UiSelector().textContains(\"English\")"}
12:42:50.964408 POST /session/0f612d87-4c4e-4733-8812-0531b1bd4a38/element [14.965571ms] ERR:404 body={"strategy":"-android uiautomator","selector":"new UiSelector().descriptionContains(\"English\")"}
12:42:50.978895 POST /session/0f612d87-4c4e-4733-8812-0531b1bd4a38/element [14.382812ms] ERR:404 body={"strategy":"-android uiautomator","selector":"new UiSelector().textMatches(\"(?is).*\\QEnglish\\E.*...
12:42:50.993977 POST /session/0f612d87-4c4e-4733-8812-0531b1bd4a38/element [14.957248ms] ERR:404 body={"strategy":"-android uiautomator","selector":"new UiSelector().descriptionMatches(\"(?is).*\\QEngli...
12:42:51.012185 POST /session/0f612d87-4c4e-4733-8812-0531b1bd4a38/element [18.107171ms] ERR:404 body={"strategy":"-android uiautomator","selector":"new UiSelector().textContains(\"English\")"}
12:42:51.030551 POST /session/0f612d87-4c4e-4733-8812-0531b1bd4a38/element [18.233931ms] ERR:404 body={"strategy":"-android uiautomator","selector":"new UiSelector().descriptionContains(\"English\")"}
12:42:51.047978 POST /session/0f612d87-4c4e-4733-8812-0531b1bd4a38/element [17.348078ms] ERR:404 body={"strategy":"-android uiautomator","selector":"new UiSelector().textMatches(\"(?is).*\\QEnglish\\E.*...
12:42:51.063813 POST /session/0f612d87-4c4e-4733-8812-0531b1bd4a38/element [15.707746ms] ERR:404 body={"strategy":"-android uiautomator","selector":"new UiSelector().descriptionMatches(\"(?is).*\\QEngli...
12:42:51.084897 POST /session/0f612d87-4c4e-4733-8812-0531b1bd4a38/element [20.945986ms] ERR:404 body={"strategy":"-android uiautomator","selector":"new UiSelector().textContains(\"English\")"}
12:42:51.102547 POST /session/0f612d87-4c4e-4733-8812-0531b1bd4a38/element [17.527113ms] ERR:404 body={"strategy":"-android uiautomator","selector":"new UiSelector().descriptionContains(\"English\")"}
12:42:51.121001 POST /session/0f612d87-4c4e-4733-8812-0531b1bd4a38/element [18.35516ms] ERR:404 body={"strategy":"-android uiautomator","selector":"new UiSelector().textMatches(\"(?is).*\\QEnglish\\E.*...
12:42:51.136378 POST /session/0f612d87-4c4e-4733-8812-0531b1bd4a38/element [15.24813ms] ERR:404 body={"strategy":"-android uiautomator","selector":"new UiSelector().descriptionMatches(\"(?is).*\\QEngli...
12:42:51.153712 POST /session/0f612d87-4c4e-4733-8812-0531b1bd4a38/element [17.220545ms] ERR:404 body={"strategy":"-android uiautomator","selector":"new UiSelector().textContains(\"English\")"}
12:42:51.168003 POST /session/0f612d87-4c4e-4733-8812-0531b1bd4a38/element [14.23349ms] ERR:404 body={"strategy":"-android uiautomator","selector":"new UiSelector().descriptionContains(\"English\")"}
12:42:51.182995 POST /session/0f612d87-4c4e-4733-8812-0531b1bd4a38/element [14.868187ms] ERR:404 body={"strategy":"-android uiautomator","selector":"new UiSelector().textMatches(\"(?is).*\\QEnglish\\E.*...
12:42:51.196602 POST /session/0f612d87-4c4e-4733-8812-0531b1bd4a38/element [13.542925ms] ERR:404 body={"strategy":"-android uiautomator","selector":"new UiSelector().descriptionMatches(\"(?is).*\\QEngli...
12:42:51.211662 POST /session/0f612d87-4c4e-4733-8812-0531b1bd4a38/element [14.997414ms] ERR:404 body={"strategy":"-android uiautomator","selector":"new UiSelector().textContains(\"English\")"}
12:42:51.228356 POST /session/0f612d87-4c4e-4733-8812-0531b1bd4a38/element [16.59864ms] ERR:404 body={"strategy":"-android uiautomator","selector":"new UiSelector().descriptionContains(\"English\")"}
12:42:51.243302 POST /session/0f612d87-4c4e-4733-8812-0531b1bd4a38/element [14.864202ms] ERR:404 body={"strategy":"-android uiautomator","selector":"new UiSelector().textMatches(\"(?is).*\\QEnglish\\E.*...
12:42:51.255984 POST /session/0f612d87-4c4e-4733-8812-0531b1bd4a38/element [12.627357ms] ERR:404 body={"strategy":"-android uiautomator","selector":"new UiSelector().descriptionMatches(\"(?is).*\\QEngli...
12:42:51.270986 POST /session/0f612d87-4c4e-4733-8812-0531b1bd4a38/element [14.935707ms] ERR:404 body={"strategy":"-android uiautomator","selector":"new UiSelector().textContains(\"English\")"}
12:42:51.286146 POST /session/0f612d87-4c4e-4733-8812-0531b1bd4a38/element [15.074218ms] ERR:404 body={"strategy":"-android uiautomator","selector":"new UiSelector().descriptionContains(\"English\")"}
12:42:51.301097 POST /session/0f612d87-4c4e-4733-8812-0531b1bd4a38/element [14.867047ms] ERR:404 body={"strategy":"-android uiautomator","selector":"new UiSelector().textMatches(\"(?is).*\\QEnglish\\E.*...
12:42:51.314547 POST /session/0f612d87-4c4e-4733-8812-0531b1bd4a38/element [13.391599ms] ERR:404 body={"strategy":"-android uiautomator","selector":"new UiSelector().descriptionMatches(\"(?is).*\\QEngli...
12:42:51.327791 POST /session/0f612d87-4c4e-4733-8812-0531b1bd4a38/element [13.18552ms] ERR:404 body={"strategy":"-android uiautomator","selector":"new UiSelector().textContains(\"English\")"}
12:42:51.340760 POST /session/0f612d87-4c4e-4733-8812-0531b1bd4a38/element [12.834385ms] ERR:404 body={"strategy":"-android uiautomator","selector":"new UiSelector().descriptionContains(\"English\")"}
12:42:51.357684 POST /session/0f612d87-4c4e-4733-8812-0531b1bd4a38/element [16.823415ms] ERR:404 body={"strategy":"-android uiautomator","selector":"new UiSelector().textMatches(\"(?is).*\\QEnglish\\E.*...
12:42:51.372234 POST /session/0f612d87-4c4e-4733-8812-0531b1bd4a38/element [14.456001ms] ERR:404 body={"strategy":"-android uiautomator","selector":"new UiSelector().descriptionMatches(\"(?is).*\\QEngli...
12:42:51.385768 POST /session/0f612d87-4c4e-4733-8812-0531b1bd4a38/element [13.473043ms] ERR:404 body={"strategy":"-android uiautomator","selector":"new UiSelector().textContains(\"English\")"}
12:42:51.398891 POST /session/0f612d87-4c4e-4733-8812-0531b1bd4a38/element [13.070883ms] ERR:404 body={"strategy":"-android uiautomator","selector":"new UiSelector().descriptionContains(\"English\")"}
12:42:51.413839 POST /session/0f612d87-4c4e-4733-8812-0531b1bd4a38/element [14.8631ms] ERR:404 body={"strategy":"-android uiautomator","selector":"new UiSelector().textMatches(\"(?is).*\\QEnglish\\E.*...
12:42:51.427134 POST /session/0f612d87-4c4e-4733-8812-0531b1bd4a38/element [13.226836ms] ERR:404 body={"strategy":"-android uiautomator","selector":"new UiSelector().descriptionMatches(\"(?is).*\\QEngli...
12:42:51.442197 POST /session/0f612d87-4c4e-4733-8812-0531b1bd4a38/element [15.009036ms] ERR:404 body={"strategy":"-android uiautomator","selector":"new UiSelector().textContains(\"English\")"}
12:42:51.455772 POST /session/0f612d87-4c4e-4733-8812-0531b1bd4a38/element [13.51389ms] ERR:404 body={"strategy":"-android uiautomator","selector":"new UiSelector().descriptionContains(\"English\")"}
12:42:51.469285 POST /session/0f612d87-4c4e-4733-8812-0531b1bd4a38/element [13.442625ms] ERR:404 body={"strategy":"-android uiautomator","selector":"new UiSelector().textMatches(\"(?is).*\\QEnglish\\E.*...
12:42:51.484878 POST /session/0f612d87-4c4e-4733-8812-0531b1bd4a38/element [15.497261ms] ERR:404 body={"strategy":"-android uiautomator","selector":"new UiSelector().descriptionMatches(\"(?is).*\\QEngli...
12:42:51.498800 POST /session/0f612d87-4c4e-4733-8812-0531b1bd4a38/element [13.794403ms] ERR:404 body={"strategy":"-android uiautomator","selector":"new UiSelector().textContains(\"English\")"}
12:42:51.516211 POST /session/0f612d87-4c4e-4733-8812-0531b1bd4a38/element [17.299352ms] ERR:404 body={"strategy":"-android uiautomator","selector":"new UiSelector().descriptionContains(\"English\")"}
12:42:51.530767 POST /session/0f612d87-4c4e-4733-8812-0531b1bd4a38/element [14.448499ms] ERR:404 body={"strategy":"-android uiautomator","selector":"new UiSelector().textMatches(\"(?is).*\\QEnglish\\E.*...
12:42:51.546506 POST /session/0f612d87-4c4e-4733-8812-0531b1bd4a38/element [15.635258ms] ERR:404 body={"strategy":"-android uiautomator","selector":"new UiSelector().descriptionMatches(\"(?is).*\\QEngli...
12:42:51.559711 POST /session/0f612d87-4c4e-4733-8812-0531b1bd4a38/element [13.109319ms] ERR:404 body={"strategy":"-android uiautomator","selector":"new UiSelector().textContains(\"English\")"}
12:42:51.573283 POST /session/0f612d87-4c4e-4733-8812-0531b1bd4a38/element [13.465737ms] ERR:404 body={"strategy":"-android uiautomator","selector":"new UiSelector().descriptionContains(\"English\")"}
12:42:51.589169 POST /session/0f612d87-4c4e-4733-8812-0531b1bd4a38/element [15.787678ms] ERR:404 body={"strategy":"-android uiautomator","selector":"new UiSelector().textMatches(\"(?is).*\\QEnglish\\E.*...
12:42:51.602755 POST /session/0f612d87-4c4e-4733-8812-0531b1bd4a38/element [13.489238ms] ERR:404 body={"strategy":"-android uiautomator","selector":"new UiSelector().descriptionMatches(\"(?is).*\\QEngli...
12:42:51.616302 POST /session/0f612d87-4c4e-4733-8812-0531b1bd4a38/element [13.476887ms] ERR:404 body={"strategy":"-android uiautomator","selector":"new UiSelector().textContains(\"English\")"}
12:42:51.632934 POST /session/0f612d87-4c4e-4733-8812-0531b1bd4a38/element [16.493979ms] ERR:404 body={"strategy":"-android uiautomator","selector":"new UiSelector().descriptionContains(\"English\")"}
12:42:51.646526 POST /session/0f612d87-4c4e-4733-8812-0531b1bd4a38/element [13.470914ms] ERR:404 body={"strategy":"-android uiautomator","selector":"new UiSelector().textMatches(\"(?is).*\\QEnglish\\E.*...
12:42:51.662785 POST /session/0f612d87-4c4e-4733-8812-0531b1bd4a38/element [16.158268ms] ERR:404 body={"strategy":"-android uiautomator","selector":"new UiSelector().descriptionMatches(\"(?is).*\\QEngli...
12:42:51.676570 POST /session/0f612d87-4c4e-4733-8812-0531b1bd4a38/element [13.67495ms] ERR:404 body={"strategy":"-android uiautomator","selector":"new UiSelector().textContains(\"English\")"}
12:42:51.689972 POST /session/0f612d87-4c4e-4733-8812-0531b1bd4a38/element [13.322154ms] ERR:404 body={"strategy":"-android uiautomator","selector":"new UiSelector().descriptionContains(\"English\")"}
12:42:51.704069 POST /session/0f612d87-4c4e-4733-8812-0531b1bd4a38/element [14.010347ms] ERR:404 body={"strategy":"-android uiautomator","selector":"new UiSelector().textMatches(\"(?is).*\\QEnglish\\E.*...
12:42:51.717895 POST /session/0f612d87-4c4e-4733-8812-0531b1bd4a38/element [13.528876ms] ERR:404 body={"strategy":"-android uiautomator","selector":"new UiSelector().descriptionMatches(\"(?is).*\\QEngli...
12:42:51.734185 POST /session/0f612d87-4c4e-4733-8812-0531b1bd4a38/element [16.165895ms] ERR:404 body={"strategy":"-android uiautomator","selector":"new UiSelector().textContains(\"English\")"}
12:42:51.749790 POST /session/0f612d87-4c4e-4733-8812-0531b1bd4a38/element [15.484495ms] ERR:404 body={"strategy":"-android uiautomator","selector":"new UiSelector().descriptionContains(\"English\")"}
12:42:51.763226 POST /session/0f612d87-4c4e-4733-8812-0531b1bd4a38/element [13.328406ms] ERR:404 body={"strategy":"-android uiautomator","selector":"new UiSelector().textMatches(\"(?is).*\\QEnglish\\E.*...
12:42:51.777121 POST /session/0f612d87-4c4e-4733-8812-0531b1bd4a38/element [13.780994ms] ERR:404 body={"strategy":"-android uiautomator","selector":"new UiSelector().descriptionMatches(\"(?is).*\\QEngli...
12:42:51.791682 POST /session/0f612d87-4c4e-4733-8812-0531b1bd4a38/element [14.468908ms] ERR:404 body={"strategy":"-android uiautomator","selector":"new UiSelector().textContains(\"English\")"}
12:42:51.809476 POST /session/0f612d87-4c4e-4733-8812-0531b1bd4a38/element [17.703207ms] ERR:404 body={"strategy":"-android uiautomator","selector":"new UiSelector().descriptionContains(\"English\")"}
12:42:51.822803 POST /session/0f612d87-4c4e-4733-8812-0531b1bd4a38/element [13.228136ms] ERR:404 body={"strategy":"-android uiautomator","selector":"new UiSelector().textMatches(\"(?is).*\\QEnglish\\E.*...
12:42:51.835916 POST /session/0f612d87-4c4e-4733-8812-0531b1bd4a38/element [13.016544ms] ERR:404 body={"strategy":"-android uiautomator","selector":"new UiSelector().descriptionMatches(\"(?is).*\\QEngli...
12:42:51.849008 POST /session/0f612d87-4c4e-4733-8812-0531b1bd4a38/element [12.99827ms] ERR:404 body={"strategy":"-android uiautomator","selector":"new UiSelector().textContains(\"English\")"}
12:42:51.862823 POST /session/0f612d87-4c4e-4733-8812-0531b1bd4a38/element [13.701133ms] ERR:404 body={"strategy":"-android uiautomator","selector":"new UiSelector().descriptionContains(\"English\")"}
12:42:51.880013 POST /session/0f612d87-4c4e-4733-8812-0531b1bd4a38/element [17.08625ms] ERR:404 body={"strategy":"-android uiautomator","selector":"new UiSelector().textMatches(\"(?is).*\\QEnglish\\E.*...
12:42:51.897087 POST /session/0f612d87-4c4e-4733-8812-0531b1bd4a38/element [16.961092ms] ERR:404 body={"strategy":"-android uiautomator","selector":"new UiSelector().descriptionMatches(\"(?is).*\\QEngli...
12:42:51.910842 POST /session/0f612d87-4c4e-4733-8812-0531b1bd4a38/element [13.636833ms] ERR:404 body={"strategy":"-android uiautomator","selector":"new UiSelector().textContains(\"English\")"}
12:42:51.924520 POST /session/0f612d87-4c4e-4733-8812-0531b1bd4a38/element [13.565052ms] ERR:404 body={"strategy":"-android uiautomator","selector":"new UiSelector().descriptionContains(\"English\")"}
12:42:51.942851 POST /session/0f612d87-4c4e-4733-8812-0531b1bd4a38/element [18.207264ms] ERR:404 body={"strategy":"-android uiautomator","selector":"new UiSelector().textMatches(\"(?is).*\\QEnglish\\E.*...
12:42:51.958023 POST /session/0f612d87-4c4e-4733-8812-0531b1bd4a38/element [15.064046ms] ERR:404 body={"strategy":"-android uiautomator","selector":"new UiSelector().descriptionMatches(\"(?is).*\\QEngli...
12:42:51.970847 POST /session/0f612d87-4c4e-4733-8812-0531b1bd4a38/element [12.714753ms] ERR:404 body={"strategy":"-android uiautomator","selector":"new UiSelector().textContains(\"English\")"}
12:42:51.985616 POST /session/0f612d87-4c4e-4733-8812-0531b1bd4a38/element [14.656454ms] ERR:404 body={"strategy":"-android uiautomator","selector":"new UiSelector().descriptionContains(\"English\")"}
12:42:52.008610 POST /session/0f612d87-4c4e-4733-8812-0531b1bd4a38/element [22.882306ms] ERR:404 body={"strategy":"-android uiautomator","selector":"new UiSelector().textMatches(\"(?is).*\\QEnglish\\E.*...
12:42:52.029393 POST /session/0f612d87-4c4e-4733-8812-0531b1bd4a38/element [20.642711ms] ERR:404 body={"strategy":"-android uiautomator","selector":"new UiSelector().descriptionMatches(\"(?is).*\\QEngli...
12:42:52.043802 POST /session/0f612d87-4c4e-4733-8812-0531b1bd4a38/element [14.275371ms] ERR:404 body={"strategy":"-android uiautomator","selector":"new UiSelector().textContains(\"English\")"}
12:42:52.059472 POST /session/0f612d87-4c4e-4733-8812-0531b1bd4a38/element [15.529408ms] ERR:404 body={"strategy":"-android uiautomator","selector":"new UiSelector().descriptionContains(\"English\")"}
12:42:52.074773 POST /session/0f612d87-4c4e-4733-8812-0531b1bd4a38/element [15.165871ms] ERR:404 body={"strategy":"-android uiautomator","selector":"new UiSelector().textMatches(\"(?is).*\\QEnglish\\E.*...
12:42:52.091252 POST /session/0f612d87-4c4e-4733-8812-0531b1bd4a38/element [16.353059ms] ERR:404 body={"strategy":"-android uiautomator","selector":"new UiSelector().descriptionMatches(\"(?is).*\\QEngli...
12:42:52.106954 POST /session/0f612d87-4c4e-4733-8812-0531b1bd4a38/element [15.5525ms] ERR:404 body={"strategy":"-android uiautomator","selector":"new UiSelector().textContains(\"English\")"}
12:42:52.122527 POST /session/0f612d87-4c4e-4733-8812-0531b1bd4a38/element [15.460968ms] ERR:404 body={"strategy":"-android uiautomator","selector":"new UiSelector().descriptionContains(\"English\")"}
12:42:52.138414 POST /session/0f612d87-4c4e-4733-8812-0531b1bd4a38/element [15.789892ms] ERR:404 body={"strategy":"-android uiautomator","selector":"new UiSelector().textMatches(\"(?is).*\\QEnglish\\E.*...
12:42:52.151793 POST /session/0f612d87-4c4e-4733-8812-0531b1bd4a38/element [13.288402ms] ERR:404 body={"strategy":"-android uiautomator","selector":"new UiSelector().descriptionMatches(\"(?is).*\\QEngli...
12:42:52.168569 POST /session/0f612d87-4c4e-4733-8812-0531b1bd4a38/element [16.665953ms] ERR:404 body={"strategy":"-android uiautomator","selector":"new UiSelector().textContains(\"English\")"}
12:42:52.184993 POST /session/0f612d87-4c4e-4733-8812-0531b1bd4a38/element [16.301823ms] ERR:404 body={"strategy":"-android uiautomator","selector":"new UiSelector().descriptionContains(\"English\")"}
12:42:52.199774 POST /session/0f612d87-4c4e-4733-8812-0531b1bd4a38/element [14.672482ms] ERR:404 body={"strategy":"-android uiautomator","selector":"new UiSelector().textMatches(\"(?is).*\\QEnglish\\E.*...
12:42:52.215346 POST /session/0f612d87-4c4e-4733-8812-0531b1bd4a38/element [15.419681ms] ERR:404 body={"strategy":"-android uiautomator","selector":"new UiSelector().descriptionMatches(\"(?is).*\\QEngli...
12:42:52.232520 POST /session/0f612d87-4c4e-4733-8812-0531b1bd4a38/element [17.057134ms] ERR:404 body={"strategy":"-android uiautomator","selector":"new UiSelector().textContains(\"English\")"}
12:42:52.248549 POST /session/0f612d87-4c4e-4733-8812-0531b1bd4a38/element [15.912917ms] ERR:404 body={"strategy":"-android uiautomator","selector":"new UiSelector().descriptionContains(\"English\")"}
12:42:52.262939 POST /session/0f612d87-4c4e-4733-8812-0531b1bd4a38/element [14.298353ms] ERR:404 body={"strategy":"-android uiautomator","selector":"new UiSelector().textMatches(\"(?is).*\\QEnglish\\E.*...
12:42:52.277165 POST /session/0f612d87-4c4e-4733-8812-0531b1bd4a38/element [14.119597ms] ERR:404 body={"strategy":"-android uiautomator","selector":"new UiSelector().descriptionMatches(\"(?is).*\\QEngli...
12:42:52.292874 POST /session/0f612d87-4c4e-4733-8812-0531b1bd4a38/element [15.639875ms] ERR:404 body={"strategy":"-android uiautomator","selector":"new UiSelector().textContains(\"English\")"}
12:42:52.310521 POST /session/0f612d87-4c4e-4733-8812-0531b1bd4a38/element [17.569997ms] ERR:404 body={"strategy":"-android uiautomator","selector":"new UiSelector().descriptionContains(\"English\")"}
12:42:52.325572 POST /session/0f612d87-4c4e-4733-8812-0531b1bd4a38/element [14.912338ms] ERR:404 body={"strategy":"-android uiautomator","selector":"new UiSelector().textMatches(\"(?is).*\\QEnglish\\E.*...
12:42:52.340547 POST /session/0f612d87-4c4e-4733-8812-0531b1bd4a38/element [14.845923ms] ERR:404 body={"strategy":"-android uiautomator","selector":"new UiSelector().descriptionMatches(\"(?is).*\\QEngli...
12:42:52.354674 POST /session/0f612d87-4c4e-4733-8812-0531b1bd4a38/element [13.991974ms] ERR:404 body={"strategy":"-android uiautomator","selector":"new UiSelector().textContains(\"English\")"}
12:42:52.369734 POST /session/0f612d87-4c4e-4733-8812-0531b1bd4a38/element [14.964129ms] ERR:404 body={"strategy":"-android uiautomator","selector":"new UiSelector().descriptionContains(\"English\")"}
12:42:52.387329 POST /session/0f612d87-4c4e-4733-8812-0531b1bd4a38/element [17.500423ms] ERR:404 body={"strategy":"-android uiautomator","selector":"new UiSelector().textMatches(\"(?is).*\\QEnglish\\E.*...
12:42:52.400865 POST /session/0f612d87-4c4e-4733-8812-0531b1bd4a38/element [13.432385ms] ERR:404 body={"strategy":"-android uiautomator","selector":"new UiSelector().descriptionMatches(\"(?is).*\\QEngli...
12:42:52.413222 POST /session/0f612d87-4c4e-4733-8812-0531b1bd4a38/element [12.2963ms] ERR:404 body={"strategy":"-android uiautomator","selector":"new UiSelector().textContains(\"English\")"}
12:42:52.426362 POST /session/0f612d87-4c4e-4733-8812-0531b1bd4a38/element [13.077831ms] ERR:404 body={"strategy":"-android uiautomator","selector":"new UiSelector().descriptionContains(\"English\")"}
12:42:52.439612 POST /session/0f612d87-4c4e-4733-8812-0531b1bd4a38/element [13.16216ms] ERR:404 body={"strategy":"-android uiautomator","selector":"new UiSelector().textMatches(\"(?is).*\\QEnglish\\E.*...
12:42:52.456982 POST /session/0f612d87-4c4e-4733-8812-0531b1bd4a38/element [17.28752ms] ERR:404 body={"strategy":"-android uiautomator","selector":"new UiSelector().descriptionMatches(\"(?is).*\\QEngli...
12:42:52.470802 POST /session/0f612d87-4c4e-4733-8812-0531b1bd4a38/element [13.725479ms] ERR:404 body={"strategy":"-android uiautomator","selector":"new UiSelector().textContains(\"English\")"}
12:42:52.484026 POST /session/0f612d87-4c4e-4733-8812-0531b1bd4a38/element [13.079203ms] ERR:404 body={"strategy":"-android uiautomator","selector":"new UiSelector().descriptionContains(\"English\")"}
12:42:52.496901 POST /session/0f612d87-4c4e-4733-8812-0531b1bd4a38/element [12.787861ms] ERR:404 body={"strategy":"-android uiautomator","selector":"new UiSelector().textMatches(\"(?is).*\\QEnglish\\E.*...
12:42:52.510471 POST /session/0f612d87-4c4e-4733-8812-0531b1bd4a38/element [13.463962ms] ERR:404 body={"strategy":"-android uiautomator","selector":"new UiSelector().descriptionMatches(\"(?is).*\\QEngli...
12:42:52.524513 POST /session/0f612d87-4c4e-4733-8812-0531b1bd4a38/element [13.929678ms] ERR:404 body={"strategy":"-android uiautomator","selector":"new UiSelector().textContains(\"English\")"}
12:42:52.538584 POST /session/0f612d87-4c4e-4733-8812-0531b1bd4a38/element [13.966195ms] ERR:404 body={"strategy":"-android uiautomator","selector":"new UiSelector().descriptionContains(\"English\")"}
12:42:52.552622 POST /session/0f612d87-4c4e-4733-8812-0531b1bd4a38/element [13.919035ms] ERR:404 body={"strategy":"-android uiautomator","selector":"new UiSelector().textMatches(\"(?is).*\\QEnglish\\E.*...
12:42:52.566707 POST /session/0f612d87-4c4e-4733-8812-0531b1bd4a38/element [13.956436ms] ERR:404 body={"strategy":"-android uiautomator","selector":"new UiSelector().descriptionMatches(\"(?is).*\\QEngli...
12:42:52.580680 POST /session/0f612d87-4c4e-4733-8812-0531b1bd4a38/element [13.834906ms] ERR:404 body={"strategy":"-android uiautomator","selector":"new UiSelector().textContains(\"English\")"}
12:42:52.595117 POST /session/0f612d87-4c4e-4733-8812-0531b1bd4a38/element [14.316068ms] ERR:404 body={"strategy":"-android uiautomator","selector":"new UiSelector().descriptionContains(\"English\")"}
12:42:52.608155 POST /session/0f612d87-4c4e-4733-8812-0531b1bd4a38/element [12.935281ms] ERR:404 body={"strategy":"-android uiautomator","selector":"new UiSelector().textMatches(\"(?is).*\\QEnglish\\E.*...
12:42:52.623865 POST /session/0f612d87-4c4e-4733-8812-0531b1bd4a38/element [15.617906ms] ERR:404 body={"strategy":"-android uiautomator","selector":"new UiSelector().descriptionMatches(\"(?is).*\\QEngli...
12:42:52.638184 POST /session/0f612d87-4c4e-4733-8812-0531b1bd4a38/element [14.235414ms] ERR:404 body={"strategy":"-android uiautomator","selector":"new UiSelector().textContains(\"English\")"}
12:42:52.651706 POST /session/0f612d87-4c4e-4733-8812-0531b1bd4a38/element [13.316303ms] ERR:404 body={"strategy":"-android uiautomator","selector":"new UiSelector().descriptionContains(\"English\")"}
12:42:52.667950 POST /session/0f612d87-4c4e-4733-8812-0531b1bd4a38/element [16.130818ms] ERR:404 body={"strategy":"-android uiautomator","selector":"new UiSelector().textMatches(\"(?is).*\\QEnglish\\E.*...
12:42:52.681537 POST /session/0f612d87-4c4e-4733-8812-0531b1bd4a38/element [13.462039ms] ERR:404 body={"strategy":"-android uiautomator","selector":"new UiSelector().descriptionMatches(\"(?is).*\\QEngli...
12:42:52.694796 POST /session/0f612d87-4c4e-4733-8812-0531b1bd4a38/element [13.13538ms] ERR:404 body={"strategy":"-android uiautomator","selector":"new UiSelector().textContains(\"English\")"}
12:42:52.707722 POST /session/0f612d87-4c4e-4733-8812-0531b1bd4a38/element [12.809482ms] ERR:404 body={"strategy":"-android uiautomator","selector":"new UiSelector().descriptionContains(\"English\")"}
12:42:52.729327 POST /session/0f612d87-4c4e-4733-8812-0531b1bd4a38/element [21.473897ms] ERR:404 body={"strategy":"-android uiautomator","selector":"new UiSelector().textMatches(\"(?is).*\\QEnglish\\E.*...
12:42:52.745344 POST /session/0f612d87-4c4e-4733-8812-0531b1bd4a38/element [15.883239ms] ERR:404 body={"strategy":"-android uiautomator","selector":"new UiSelector().descriptionMatches(\"(?is).*\\QEngli...
12:42:52.758272 POST /session/0f612d87-4c4e-4733-8812-0531b1bd4a38/element [12.79661ms] ERR:404 body={"strategy":"-android uiautomator","selector":"new UiSelector().textContains(\"English\")"}
12:42:52.771581 POST /session/0f612d87-4c4e-4733-8812-0531b1bd4a38/element [13.194182ms] ERR:404 body={"strategy":"-android uiautomator","selector":"new UiSelector().descriptionContains(\"English\")"}
12:42:52.784962 POST /session/0f612d87-4c4e-4733-8812-0531b1bd4a38/element [13.250691ms] ERR:404 body={"strategy":"-android uiautomator","selector":"new UiSelector().textMatches(\"(?is).*\\QEnglish\\E.*...
12:42:52.798634 POST /session/0f612d87-4c4e-4733-8812-0531b1bd4a38/element [13.594ms] ERR:404 body={"strategy":"-android uiautomator","selector":"new UiSelector().descriptionMatches(\"(?is).*\\QEngli...
12:42:52.812864 POST /session/0f612d87-4c4e-4733-8812-0531b1bd4a38/element [14.134351ms] ERR:404 body={"strategy":"-android uiautomator","selector":"new UiSelector().textContains(\"English\")"}
12:42:52.826669 POST /session/0f612d87-4c4e-4733-8812-0531b1bd4a38/element [13.687327ms] ERR:404 body={"strategy":"-android uiautomator","selector":"new UiSelector().descriptionContains(\"English\")"}
12:42:52.841276 POST /session/0f612d87-4c4e-4733-8812-0531b1bd4a38/element [14.340903ms] ERR:404 body={"strategy":"-android uiautomator","selector":"new UiSelector().textMatches(\"(?is).*\\QEnglish\\E.*...
12:42:52.856252 POST /session/0f612d87-4c4e-4733-8812-0531b1bd4a38/element [14.84425ms] ERR:404 body={"strategy":"-android uiautomator","selector":"new UiSelector().descriptionMatches(\"(?is).*\\QEngli...
12:42:52.870206 POST /session/0f612d87-4c4e-4733-8812-0531b1bd4a38/element [13.827762ms] ERR:404 body={"strategy":"-android uiautomator","selector":"new UiSelector().textContains(\"English\")"}
12:42:52.884286 POST /session/0f612d87-4c4e-4733-8812-0531b1bd4a38/element [13.970503ms] ERR:404 body={"strategy":"-android uiautomator","selector":"new UiSelector().descriptionContains(\"English\")"}
12:42:52.897040 POST /session/0f612d87-4c4e-4733-8812-0531b1bd4a38/element [12.66636ms] ERR:404 body={"strategy":"-android uiautomator","selector":"new UiSelector().textMatches(\"(?is).*\\QEnglish\\E.*...
12:42:52.910962 POST /session/0f612d87-4c4e-4733-8812-0531b1bd4a38/element [13.842682ms] ERR:404 body={"strategy":"-android uiautomator","selector":"new UiSelector().descriptionMatches(\"(?is).*\\QEngli...
12:42:52.924748 POST /session/0f612d87-4c4e-4733-8812-0531b1bd4a38/element [13.687378ms] ERR:404 body={"strategy":"-android uiautomator","selector":"new UiSelector().textContains(\"English\")"}
12:42:52.938386 POST /session/0f612d87-4c4e-4733-8812-0531b1bd4a38/element [13.572999ms] ERR:404 body={"strategy":"-android uiautomator","selector":"new UiSelector().descriptionContains(\"English\")"}
12:42:52.954855 POST /session/0f612d87-4c4e-4733-8812-0531b1bd4a38/element [16.410609ms] ERR:404 body={"strategy":"-android uiautomator","selector":"new UiSelector().textMatches(\"(?is).*\\QEnglish\\E.*...
12:42:52.969016 POST /session/0f612d87-4c4e-4733-8812-0531b1bd4a38/element [14.079479ms] ERR:404 body={"strategy":"-android uiautomator","selector":"new UiSelector().descriptionMatches(\"(?is).*\\QEngli...
12:42:52.987649 POST /session/0f612d87-4c4e-4733-8812-0531b1bd4a38/element [18.545415ms] ERR:404 body={"strategy":"-android uiautomator","selector":"new UiSelector().textContains(\"English\")"}
12:42:53.001893 POST /session/0f612d87-4c4e-4733-8812-0531b1bd4a38/element [14.116979ms] ERR:404 body={"strategy":"-android uiautomator","selector":"new UiSelector().descriptionContains(\"English\")"}
12:42:53.016178 POST /session/0f612d87-4c4e-4733-8812-0531b1bd4a38/element [14.194831ms] ERR:404 body={"strategy":"-android uiautomator","selector":"new UiSelector().textMatches(\"(?is).*\\QEnglish\\E.*...
12:42:53.043381 POST /session/0f612d87-4c4e-4733-8812-0531b1bd4a38/element [27.101996ms] ERR:404 body={"strategy":"-android uiautomator","selector":"new UiSelector().descriptionMatches(\"(?is).*\\QEngli...
12:42:53.057434 POST /session/0f612d87-4c4e-4733-8812-0531b1bd4a38/element [13.95401ms] ERR:404 body={"strategy":"-android uiautomator","selector":"new UiSelector().textContains(\"English\")"}
12:42:53.070582 POST /session/0f612d87-4c4e-4733-8812-0531b1bd4a38/element [13.073412ms] ERR:404 body={"strategy":"-android uiautomator","selector":"new UiSelector().descriptionContains(\"English\")"}
12:42:53.083998 POST /session/0f612d87-4c4e-4733-8812-0531b1bd4a38/element [13.344617ms] ERR:404 body={"strategy":"-android uiautomator","selector":"new UiSelector().textMatches(\"(?is).*\\QEnglish\\E.*...
12:42:53.098733 POST /session/0f612d87-4c4e-4733-8812-0531b1bd4a38/element [14.649921ms] ERR:404 body={"strategy":"-android uiautomator","selector":"new UiSelector().descriptionMatches(\"(?is).*\\QEngli...
12:42:53.114219 POST /session/0f612d87-4c4e-4733-8812-0531b1bd4a38/element [15.388218ms] ERR:404 body={"strategy":"-android uiautomator","selector":"new UiSelector().textContains(\"English\")"}
12:42:53.131780 POST /session/0f612d87-4c4e-4733-8812-0531b1bd4a38/element [17.463235ms] ERR:404 body={"strategy":"-android uiautomator","selector":"new UiSelector().descriptionContains(\"English\")"}
12:42:53.149975 POST /session/0f612d87-4c4e-4733-8812-0531b1bd4a38/element [18.072742ms] ERR:404 body={"strategy":"-android uiautomator","selector":"new UiSelector().textMatches(\"(?is).*\\QEnglish\\E.*...
12:42:53.166178 POST /session/0f612d87-4c4e-4733-8812-0531b1bd4a38/element [16.096213ms] ERR:404 body={"strategy":"-android uiautomator","selector":"new UiSelector().descriptionMatches(\"(?is).*\\QEngli...
12:42:53.180723 POST /session/0f612d87-4c4e-4733-8812-0531b1bd4a38/element [14.456002ms] ERR:404 body={"strategy":"-android uiautomator","selector":"new UiSelector().textContains(\"English\")"}
12:42:53.193760 POST /session/0f612d87-4c4e-4733-8812-0531b1bd4a38/element [12.896948ms] ERR:404 body={"strategy":"-android uiautomator","selector":"new UiSelector().descriptionContains(\"English\")"}
12:42:53.210852 POST /session/0f612d87-4c4e-4733-8812-0531b1bd4a38/element [16.966803ms] ERR:404 body={"strategy":"-android uiautomator","selector":"new UiSelector().textMatches(\"(?is).*\\QEnglish\\E.*...
12:42:53.227774 POST /session/0f612d87-4c4e-4733-8812-0531b1bd4a38/element [16.79614ms] ERR:404 body={"strategy":"-android uiautomator","selector":"new UiSelector().descriptionMatches(\"(?is).*\\QEngli...
12:42:53.244165 POST /session/0f612d87-4c4e-4733-8812-0531b1bd4a38/element [16.237631ms] ERR:404 body={"strategy":"-android uiautomator","selector":"new UiSelector().textContains(\"English\")"}
12:42:53.258133 POST /session/0f612d87-4c4e-4733-8812-0531b1bd4a38/element [13.829807ms] ERR:404 body={"strategy":"-android uiautomator","selector":"new UiSelector().descriptionContains(\"English\")"}
12:42:53.279791 POST /session/0f612d87-4c4e-4733-8812-0531b1bd4a38/element [21.499144ms] ERR:404 body={"strategy":"-android uiautomator","selector":"new UiSelector().textMatches(\"(?is).*\\QEnglish\\E.*...
12:42:53.294411 POST /session/0f612d87-4c4e-4733-8812-0531b1bd4a38/element [14.492262ms] ERR:404 body={"strategy":"-android uiautomator","selector":"new UiSelector().descriptionMatches(\"(?is).*\\QEngli...
12:42:53.311097 POST /session/0f612d87-4c4e-4733-8812-0531b1bd4a38/element [16.542107ms] ERR:404 body={"strategy":"-android uiautomator","selector":"new UiSelector().textContains(\"English\")"}
12:42:53.325027 POST /session/0f612d87-4c4e-4733-8812-0531b1bd4a38/element [13.824136ms] ERR:404 body={"strategy":"-android uiautomator","selector":"new UiSelector().descriptionContains(\"English\")"}
12:42:53.339616 POST /session/0f612d87-4c4e-4733-8812-0531b1bd4a38/element [14.480379ms] ERR:404 body={"strategy":"-android uiautomator","selector":"new UiSelector().textMatches(\"(?is).*\\QEnglish\\E.*...
12:42:53.354566 POST /session/0f612d87-4c4e-4733-8812-0531b1bd4a38/element [14.852154ms] ERR:404 body={"strategy":"-android uiautomator","selector":"new UiSelector().descriptionMatches(\"(?is).*\\QEngli...
12:42:53.369175 POST /session/0f612d87-4c4e-4733-8812-0531b1bd4a38/element [14.504575ms] ERR:404 body={"strategy":"-android uiautomator","selector":"new UiSelector().textContains(\"English\")"}
12:42:53.386052 POST /session/0f612d87-4c4e-4733-8812-0531b1bd4a38/element [16.771733ms] ERR:404 body={"strategy":"-android uiautomator","selector":"new UiSelector().descriptionContains(\"English\")"}
12:42:53.401391 POST /session/0f612d87-4c4e-4733-8812-0531b1bd4a38/element [15.189062ms] ERR:404 body={"strategy":"-android uiautomator","selector":"new UiSelector().textMatches(\"(?is).*\\QEnglish\\E.*...
12:42:53.416695 POST /session/0f612d87-4c4e-4733-8812-0531b1bd4a38/element [15.164534ms] ERR:404 body={"strategy":"-android uiautomator","selector":"new UiSelector().descriptionMatches(\"(?is).*\\QEngli...
12:42:53.432501 POST /session/0f612d87-4c4e-4733-8812-0531b1bd4a38/element [15.689852ms] ERR:404 body={"strategy":"-android uiautomator","selector":"new UiSelector().textContains(\"English\")"}
12:42:53.447211 POST /session/0f612d87-4c4e-4733-8812-0531b1bd4a38/element [14.559262ms] ERR:404 body={"strategy":"-android uiautomator","selector":"new UiSelector().descriptionContains(\"English\")"}
12:42:53.466141 POST /session/0f612d87-4c4e-4733-8812-0531b1bd4a38/element [18.790969ms] ERR:404 body={"strategy":"-android uiautomator","selector":"new UiSelector().textMatches(\"(?is).*\\QEnglish\\E.*...
12:42:53.480467 POST /session/0f612d87-4c4e-4733-8812-0531b1bd4a38/element [14.23816ms] ERR:404 body={"strategy":"-android uiautomator","selector":"new UiSelector().descriptionMatches(\"(?is).*\\QEngli...
12:42:53.494592 POST /session/0f612d87-4c4e-4733-8812-0531b1bd4a38/element [14.007044ms] ERR:404 body={"strategy":"-android uiautomator","selector":"new UiSelector().textContains(\"English\")"}
12:42:53.507879 POST /session/0f612d87-4c4e-4733-8812-0531b1bd4a38/element [13.176576ms] ERR:404 body={"strategy":"-android uiautomator","selector":"new UiSelector().descriptionContains(\"English\")"}
12:42:53.521447 POST /session/0f612d87-4c4e-4733-8812-0531b1bd4a38/element [13.463722ms] ERR:404 body={"strategy":"-android uiautomator","selector":"new UiSelector().textMatches(\"(?is).*\\QEnglish\\E.*...
12:42:53.539698 POST /session/0f612d87-4c4e-4733-8812-0531b1bd4a38/element [18.156541ms] ERR:404 body={"strategy":"-android uiautomator","selector":"new UiSelector().descriptionMatches(\"(?is).*\\QEngli...
12:42:53.554218 POST /session/0f612d87-4c4e-4733-8812-0531b1bd4a38/element [14.428349ms] ERR:404 body={"strategy":"-android uiautomator","selector":"new UiSelector().textContains(\"English\")"}
12:42:53.569000 POST /session/0f612d87-4c4e-4733-8812-0531b1bd4a38/element [14.645292ms] ERR:404 body={"strategy":"-android uiautomator","selector":"new UiSelector().descriptionContains(\"English\")"}
12:42:53.583054 POST /session/0f612d87-4c4e-4733-8812-0531b1bd4a38/element [13.95704ms] ERR:404 body={"strategy":"-android uiautomator","selector":"new UiSelector().textMatches(\"(?is).*\\QEnglish\\E.*...
12:42:53.598912 POST /session/0f612d87-4c4e-4733-8812-0531b1bd4a38/element [15.789582ms] ERR:404 body={"strategy":"-android uiautomator","selector":"new UiSelector().descriptionMatches(\"(?is).*\\QEngli...
12:42:53.612625 POST /session/0f612d87-4c4e-4733-8812-0531b1bd4a38/element [13.637239ms] ERR:404 body={"strategy":"-android uiautomator","selector":"new UiSelector().textContains(\"English\")"}
12:42:53.625820 POST /session/0f612d87-4c4e-4733-8812-0531b1bd4a38/element [13.124682ms] ERR:404 body={"strategy":"-android uiautomator","selector":"new UiSelector().descriptionContains(\"English\")"}
12:42:53.640241 POST /session/0f612d87-4c4e-4733-8812-0531b1bd4a38/element [14.315215ms] ERR:404 body={"strategy":"-android uiautomator","selector":"new UiSelector().textMatches(\"(?is).*\\QEnglish\\E.*...
12:42:53.653576 POST /session/0f612d87-4c4e-4733-8812-0531b1bd4a38/element [13.253864ms] ERR:404 body={"strategy":"-android uiautomator","selector":"new UiSelector().descriptionMatches(\"(?is).*\\QEngli...
12:42:53.668899 POST /session/0f612d87-4c4e-4733-8812-0531b1bd4a38/element [15.248934ms] ERR:404 body={"strategy":"-android uiautomator","selector":"new UiSelector().textContains(\"English\")"}
12:42:53.683561 POST /session/0f612d87-4c4e-4733-8812-0531b1bd4a38/element [14.568788ms] ERR:404 body={"strategy":"-android uiautomator","selector":"new UiSelector().descriptionContains(\"English\")"}
12:42:53.697202 POST /session/0f612d87-4c4e-4733-8812-0531b1bd4a38/element [13.546327ms] ERR:404 body={"strategy":"-android uiautomator","selector":"new UiSelector().textMatches(\"(?is).*\\QEnglish\\E.*...
12:42:53.710901 POST /session/0f612d87-4c4e-4733-8812-0531b1bd4a38/element [13.627502ms] ERR:404 body={"strategy":"-android uiautomator","selector":"new UiSelector().descriptionMatches(\"(?is).*\\QEngli...
12:42:53.724798 POST /session/0f612d87-4c4e-4733-8812-0531b1bd4a38/element [13.82666ms] ERR:404 body={"strategy":"-android uiautomator","selector":"new UiSelector().textContains(\"English\")"}
12:42:53.738497 POST /session/0f612d87-4c4e-4733-8812-0531b1bd4a38/element [13.621141ms] ERR:404 body={"strategy":"-android uiautomator","selector":"new UiSelector().descriptionContains(\"English\")"}
12:42:53.755236 POST /session/0f612d87-4c4e-4733-8812-0531b1bd4a38/element [16.626198ms] ERR:404 body={"strategy":"-android uiautomator","selector":"new UiSelector().textMatches(\"(?is).*\\QEnglish\\E.*...
12:42:53.768743 POST /session/0f612d87-4c4e-4733-8812-0531b1bd4a38/element [13.39942ms] ERR:404 body={"strategy":"-android uiautomator","selector":"new UiSelector().descriptionMatches(\"(?is).*\\QEngli...
12:42:53.782098 POST /session/0f612d87-4c4e-4733-8812-0531b1bd4a38/element [13.27147ms] ERR:404 body={"strategy":"-android uiautomator","selector":"new UiSelector().textContains(\"English\")"}
12:42:53.796073 POST /session/0f612d87-4c4e-4733-8812-0531b1bd4a38/element [13.870594ms] ERR:404 body={"strategy":"-android uiautomator","selector":"new UiSelector().descriptionContains(\"English\")"}
12:42:53.809360 POST /session/0f612d87-4c4e-4733-8812-0531b1bd4a38/element [13.166078ms] ERR:404 body={"strategy":"-android uiautomator","selector":"new UiSelector().textMatches(\"(?is).*\\QEnglish\\E.*...
12:42:53.825164 POST /session/0f612d87-4c4e-4733-8812-0531b1bd4a38/element [15.726602ms] ERR:404 body={"strategy":"-android uiautomator","selector":"new UiSelector().descriptionMatches(\"(?is).*\\QEngli...
12:42:53.841765 POST /session/0f612d87-4c4e-4733-8812-0531b1bd4a38/element [16.507119ms] ERR:404 body={"strategy":"-android uiautomator","selector":"new UiSelector().textContains(\"English\")"}
12:42:53.855902 POST /session/0f612d87-4c4e-4733-8812-0531b1bd4a38/element [14.035546ms] ERR:404 body={"strategy":"-android uiautomator","selector":"new UiSelector().descriptionContains(\"English\")"}
12:42:53.870222 POST /session/0f612d87-4c4e-4733-8812-0531b1bd4a38/element [14.242389ms] ERR:404 body={"strategy":"-android uiautomator","selector":"new UiSelector().textMatches(\"(?is).*\\QEnglish\\E.*...
12:42:53.886299 POST /session/0f612d87-4c4e-4733-8812-0531b1bd4a38/element [16.012204ms] ERR:404 body={"strategy":"-android uiautomator","selector":"new UiSelector().descriptionMatches(\"(?is).*\\QEngli...
12:42:53.900169 POST /session/0f612d87-4c4e-4733-8812-0531b1bd4a38/element [13.735306ms] ERR:404 body={"strategy":"-android uiautomator","selector":"new UiSelector().textContains(\"English\")"}
12:42:53.913121 POST /session/0f612d87-4c4e-4733-8812-0531b1bd4a38/element [12.869005ms] ERR:404 body={"strategy":"-android uiautomator","selector":"new UiSelector().descriptionContains(\"English\")"}
12:42:53.926669 POST /session/0f612d87-4c4e-4733-8812-0531b1bd4a38/element [13.468201ms] ERR:404 body={"strategy":"-android uiautomator","selector":"new UiSelector().textMatches(\"(?is).*\\QEnglish\\E.*...
12:42:53.940009 POST /session/0f612d87-4c4e-4733-8812-0531b1bd4a38/element [13.283381ms] ERR:404 body={"strategy":"-android uiautomator","selector":"new UiSelector().descriptionMatches(\"(?is).*\\QEngli...
12:42:53.953673 POST /session/0f612d87-4c4e-4733-8812-0531b1bd4a38/element [13.602957ms] ERR:404 body={"strategy":"-android uiautomator","selector":"new UiSelector().textContains(\"English\")"}
12:42:53.968927 POST /session/0f612d87-4c4e-4733-8812-0531b1bd4a38/element [15.159156ms] ERR:404 body={"strategy":"-android uiautomator","selector":"new UiSelector().descriptionContains(\"English\")"}
12:42:53.982129 POST /session/0f612d87-4c4e-4733-8812-0531b1bd4a38/element [13.1251ms] ERR:404 body={"strategy":"-android uiautomator","selector":"new UiSelector().textMatches(\"(?is).*\\QEnglish\\E.*...
12:42:53.994906 POST /session/0f612d87-4c4e-4733-8812-0531b1bd4a38/element [12.685639ms] ERR:404 body={"strategy":"-android uiautomator","selector":"new UiSelector().descriptionMatches(\"(?is).*\\QEngli...
12:42:54.007477 POST /session/0f612d87-4c4e-4733-8812-0531b1bd4a38/element [12.516417ms] ERR:404 body={"strategy":"-android uiautomator","selector":"new UiSelector().textContains(\"English\")"}
12:42:54.020735 POST /session/0f612d87-4c4e-4733-8812-0531b1bd4a38/element [13.191036ms] ERR:404 body={"strategy":"-android uiautomator","selector":"new UiSelector().descriptionContains(\"English\")"}
12:42:54.034015 POST /session/0f612d87-4c4e-4733-8812-0531b1bd4a38/element [13.204682ms] ERR:404 body={"strategy":"-android uiautomator","selector":"new UiSelector().textMatches(\"(?is).*\\QEnglish\\E.*...
12:42:54.046504 POST /session/0f612d87-4c4e-4733-8812-0531b1bd4a38/element [12.402349ms] ERR:404 body={"strategy":"-android uiautomator","selector":"new UiSelector().descriptionMatches(\"(?is).*\\QEngli...
12:42:54.059247 POST /session/0f612d87-4c4e-4733-8812-0531b1bd4a38/element [12.657201ms] ERR:404 body={"strategy":"-android uiautomator","selector":"new UiSelector().textContains(\"English\")"}
12:42:54.073704 POST /session/0f612d87-4c4e-4733-8812-0531b1bd4a38/element [14.365251ms] ERR:404 body={"strategy":"-android uiautomator","selector":"new UiSelector().descriptionContains(\"English\")"}
12:42:54.087419 POST /session/0f612d87-4c4e-4733-8812-0531b1bd4a38/element [13.575715ms] ERR:404 body={"strategy":"-android uiautomator","selector":"new UiSelector().textMatches(\"(?is).*\\QEnglish\\E.*...
12:42:54.100908 POST /session/0f612d87-4c4e-4733-8812-0531b1bd4a38/element [13.411583ms] ERR:404 body={"strategy":"-android uiautomator","selector":"new UiSelector().descriptionMatches(\"(?is).*\\QEngli...
12:42:54.116475 POST /session/0f612d87-4c4e-4733-8812-0531b1bd4a38/element [15.480065ms] ERR:404 body={"strategy":"-android uiautomator","selector":"new UiSelector().textContains(\"English\")"}
12:42:54.130395 POST /session/0f612d87-4c4e-4733-8812-0531b1bd4a38/element [13.85319ms] ERR:404 body={"strategy":"-android uiautomator","selector":"new UiSelector().descriptionContains(\"English\")"}
12:42:54.144554 POST /session/0f612d87-4c4e-4733-8812-0531b1bd4a38/element [14.092095ms] ERR:404 body={"strategy":"-android uiautomator","selector":"new UiSelector().textMatches(\"(?is).*\\QEnglish\\E.*...
12:42:54.158398 POST /session/0f612d87-4c4e-4733-8812-0531b1bd4a38/element [13.705769ms] ERR:404 body={"strategy":"-android uiautomator","selector":"new UiSelector().descriptionMatches(\"(?is).*\\QEngli...
12:42:54.174521 POST /session/0f612d87-4c4e-4733-8812-0531b1bd4a38/element [15.974409ms] ERR:404 body={"strategy":"-android uiautomator","selector":"new UiSelector().textContains(\"English\")"}
12:42:54.189511 POST /session/0f612d87-4c4e-4733-8812-0531b1bd4a38/element [14.875048ms] ERR:404 body={"strategy":"-android uiautomator","selector":"new UiSelector().descriptionContains(\"English\")"}
12:42:54.204628 POST /session/0f612d87-4c4e-4733-8812-0531b1bd4a38/element [15.013833ms] ERR:404 body={"strategy":"-android uiautomator","selector":"new UiSelector().textMatches(\"(?is).*\\QEnglish\\E.*...
12:42:54.218704 POST /session/0f612d87-4c4e-4733-8812-0531b1bd4a38/element [14.008653ms] ERR:404 body={"strategy":"-android uiautomator","selector":"new UiSelector().descriptionMatches(\"(?is).*\\QEngli...
12:42:54.233883 POST /session/0f612d87-4c4e-4733-8812-0531b1bd4a38/element [15.063786ms] ERR:404 body={"strategy":"-android uiautomator","selector":"new UiSelector().textContains(\"English\")"}
12:42:54.249589 POST /session/0f612d87-4c4e-4733-8812-0531b1bd4a38/element [15.610983ms] ERR:404 body={"strategy":"-android uiautomator","selector":"new UiSelector().descriptionContains(\"English\")"}
12:42:54.263758 POST /session/0f612d87-4c4e-4733-8812-0531b1bd4a38/element [14.104547ms] ERR:404 body={"strategy":"-android uiautomator","selector":"new UiSelector().textMatches(\"(?is).*\\QEnglish\\E.*...
12:42:54.276611 POST /session/0f612d87-4c4e-4733-8812-0531b1bd4a38/element [12.796317ms] ERR:404 body={"strategy":"-android uiautomator","selector":"new UiSelector().descriptionMatches(\"(?is).*\\QEngli...
12:42:54.291251 POST /session/0f612d87-4c4e-4733-8812-0531b1bd4a38/element [14.560351ms] ERR:404 body={"strategy":"-android uiautomator","selector":"new UiSelector().textContains(\"English\")"}
12:42:54.306280 POST /session/0f612d87-4c4e-4733-8812-0531b1bd4a38/element [14.917568ms] ERR:404 body={"strategy":"-android uiautomator","selector":"new UiSelector().descriptionContains(\"English\")"}
12:42:54.322175 POST /session/0f612d87-4c4e-4733-8812-0531b1bd4a38/element [15.795332ms] ERR:404 body={"strategy":"-android uiautomator","selector":"new UiSelector().textMatches(\"(?is).*\\QEnglish\\E.*...
12:42:54.335426 POST /session/0f612d87-4c4e-4733-8812-0531b1bd4a38/element [13.141582ms] ERR:404 body={"strategy":"-android uiautomator","selector":"new UiSelector().descriptionMatches(\"(?is).*\\QEngli...
12:42:54.348058 POST /session/0f612d87-4c4e-4733-8812-0531b1bd4a38/element [12.562566ms] ERR:404 body={"strategy":"-android uiautomator","selector":"new UiSelector().textContains(\"English\")"}
12:42:54.360376 POST /session/0f612d87-4c4e-4733-8812-0531b1bd4a38/element [12.228501ms] ERR:404 body={"strategy":"-android uiautomator","selector":"new UiSelector().descriptionContains(\"English\")"}
12:42:54.373065 POST /session/0f612d87-4c4e-4733-8812-0531b1bd4a38/element [12.599426ms] ERR:404 body={"strategy":"-android uiautomator","selector":"new UiSelector().textMatches(\"(?is).*\\QEnglish\\E.*...
12:42:54.390125 POST /session/0f612d87-4c4e-4733-8812-0531b1bd4a38/element [16.97146ms] ERR:404 body={"strategy":"-android uiautomator","selector":"new UiSelector().descriptionMatches(\"(?is).*\\QEngli...
12:42:54.405137 POST /session/0f612d87-4c4e-4733-8812-0531b1bd4a38/element [14.920626ms] ERR:404 body={"strategy":"-android uiautomator","selector":"new UiSelector().textContains(\"English\")"}
12:42:54.417504 POST /session/0f612d87-4c4e-4733-8812-0531b1bd4a38/element [12.267475ms] ERR:404 body={"strategy":"-android uiautomator","selector":"new UiSelector().descriptionContains(\"English\")"}
12:42:54.434551 POST /session/0f612d87-4c4e-4733-8812-0531b1bd4a38/element [16.945843ms] ERR:404 body={"strategy":"-android uiautomator","selector":"new UiSelector().textMatches(\"(?is).*\\QEnglish\\E.*...
12:42:54.447868 POST /session/0f612d87-4c4e-4733-8812-0531b1bd4a38/element [13.221984ms] ERR:404 body={"strategy":"-android uiautomator","selector":"new UiSelector().descriptionMatches(\"(?is).*\\QEngli...
12:42:54.462618 POST /session/0f612d87-4c4e-4733-8812-0531b1bd4a38/element [14.609905ms] ERR:404 body={"strategy":"-android uiautomator","selector":"new UiSelector().textContains(\"English\")"}
12:42:54.475663 POST /session/0f612d87-4c4e-4733-8812-0531b1bd4a38/element [12.930671ms] ERR:404 body={"strategy":"-android uiautomator","selector":"new UiSelector().descriptionContains(\"English\")"}
12:42:54.488269 POST /session/0f612d87-4c4e-4733-8812-0531b1bd4a38/element [12.519362ms] ERR:404 body={"strategy":"-android uiautomator","selector":"new UiSelector().textMatches(\"(?is).*\\QEnglish\\E.*...
12:42:54.501084 POST /session/0f612d87-4c4e-4733-8812-0531b1bd4a38/element [12.71345ms] ERR:404 body={"strategy":"-android uiautomator","selector":"new UiSelector().descriptionMatches(\"(?is).*\\QEngli...
12:42:54.514317 POST /session/0f612d87-4c4e-4733-8812-0531b1bd4a38/element [13.143025ms] ERR:404 body={"strategy":"-android uiautomator","selector":"new UiSelector().textContains(\"English\")"}
12:42:54.527211 POST /session/0f612d87-4c4e-4733-8812-0531b1bd4a38/element [12.783973ms] ERR:404 body={"strategy":"-android uiautomator","selector":"new UiSelector().descriptionContains(\"English\")"}
12:42:54.540066 POST /session/0f612d87-4c4e-4733-8812-0531b1bd4a38/element [12.738147ms] ERR:404 body={"strategy":"-android uiautomator","selector":"new UiSelector().textMatches(\"(?is).*\\QEnglish\\E.*...
12:42:54.552809 POST /session/0f612d87-4c4e-4733-8812-0531b1bd4a38/element [12.643568ms] ERR:404 body={"strategy":"-android uiautomator","selector":"new UiSelector().descriptionMatches(\"(?is).*\\QEngli...
12:42:54.565937 POST /session/0f612d87-4c4e-4733-8812-0531b1bd4a38/element [13.023275ms] ERR:404 body={"strategy":"-android uiautomator","selector":"new UiSelector().textContains(\"English\")"}
12:42:54.579367 POST /session/0f612d87-4c4e-4733-8812-0531b1bd4a38/element [13.302699ms] ERR:404 body={"strategy":"-android uiautomator","selector":"new UiSelector().descriptionContains(\"English\")"}
12:42:54.593862 POST /session/0f612d87-4c4e-4733-8812-0531b1bd4a38/element [14.368095ms] ERR:404 body={"strategy":"-android uiautomator","selector":"new UiSelector().textMatches(\"(?is).*\\QEnglish\\E.*...
12:42:54.607366 POST /session/0f612d87-4c4e-4733-8812-0531b1bd4a38/element [13.393689ms] ERR:404 body={"strategy":"-android uiautomator","selector":"new UiSelector().descriptionMatches(\"(?is).*\\QEngli...
12:42:54.620900 POST /session/0f612d87-4c4e-4733-8812-0531b1bd4a38/element [13.431502ms] ERR:404 body={"strategy":"-android uiautomator","selector":"new UiSelector().textContains(\"English\")"}
12:42:54.636120 POST /session/0f612d87-4c4e-4733-8812-0531b1bd4a38/element [15.11326ms] ERR:404 body={"strategy":"-android uiautomator","selector":"new UiSelector().descriptionContains(\"English\")"}
12:42:54.650150 POST /session/0f612d87-4c4e-4733-8812-0531b1bd4a38/element [13.93096ms] ERR:404 body={"strategy":"-android uiautomator","selector":"new UiSelector().textMatches(\"(?is).*\\QEnglish\\E.*...
12:42:54.663734 POST /session/0f612d87-4c4e-4733-8812-0531b1bd4a38/element [13.459363ms] ERR:404 body={"strategy":"-android uiautomator","selector":"new UiSelector().descriptionMatches(\"(?is).*\\QEngli...
12:42:54.678867 POST /session/0f612d87-4c4e-4733-8812-0531b1bd4a38/element [15.04382ms] ERR:404 body={"strategy":"-android uiautomator","selector":"new UiSelector().textContains(\"English\")"}
12:42:54.691727 POST /session/0f612d87-4c4e-4733-8812-0531b1bd4a38/element [12.791288ms] ERR:404 body={"strategy":"-android uiautomator","selector":"new UiSelector().descriptionContains(\"English\")"}
12:42:54.704920 POST /session/0f612d87-4c4e-4733-8812-0531b1bd4a38/element [13.10913ms] ERR:404 body={"strategy":"-android uiautomator","selector":"new UiSelector().textMatches(\"(?is).*\\QEnglish\\E.*...
12:42:54.719683 POST /session/0f612d87-4c4e-4733-8812-0531b1bd4a38/element [14.660451ms] ERR:404 body={"strategy":"-android uiautomator","selector":"new UiSelector().descriptionMatches(\"(?is).*\\QEngli...
12:42:54.731818 POST /session/0f612d87-4c4e-4733-8812-0531b1bd4a38/element [12.061815ms] ERR:404 body={"strategy":"-android uiautomator","selector":"new UiSelector().textContains(\"English\")"}
12:42:54.744414 POST /session/0f612d87-4c4e-4733-8812-0531b1bd4a38/element [12.530383ms] ERR:404 body={"strategy":"-android uiautomator","selector":"new UiSelector().descriptionContains(\"English\")"}
12:42:54.759224 POST /session/0f612d87-4c4e-4733-8812-0531b1bd4a38/element [14.731586ms] ERR:404 body={"strategy":"-android uiautomator","selector":"new UiSelector().textMatches(\"(?is).*\\QEnglish\\E.*...
12:42:54.773521 POST /session/0f612d87-4c4e-4733-8812-0531b1bd4a38/element [14.157267ms] ERR:404 body={"strategy":"-android uiautomator","selector":"new UiSelector().descriptionMatches(\"(?is).*\\QEngli...
12:42:54.787667 POST /session/0f612d87-4c4e-4733-8812-0531b1bd4a38/element [14.03753ms] ERR:404 body={"strategy":"-android uiautomator","selector":"new UiSelector().textContains(\"English\")"}
12:42:54.800475 POST /session/0f612d87-4c4e-4733-8812-0531b1bd4a38/element [12.709713ms] ERR:404 body={"strategy":"-android uiautomator","selector":"new UiSelector().descriptionContains(\"English\")"}
12:42:54.813268 POST /session/0f612d87-4c4e-4733-8812-0531b1bd4a38/element [12.679386ms] ERR:404 body={"strategy":"-android uiautomator","selector":"new UiSelector().textMatches(\"(?is).*\\QEnglish\\E.*...
12:42:54.826448 POST /session/0f612d87-4c4e-4733-8812-0531b1bd4a38/element [13.062462ms] ERR:404 body={"strategy":"-android uiautomator","selector":"new UiSelector().descriptionMatches(\"(?is).*\\QEngli...
12:42:54.951363 GET /session/0f612d87-4c4e-4733-8812-0531b1bd4a38/source [124.728738ms] OK body=
12:42:54.969060 POST /session/0f612d87-4c4e-4733-8812-0531b1bd4a38/element [14.044241ms] ERR:404 body={"strategy":"-android uiautomator","selector":"new UiSelector().textContains(\"Tiếng Anh\")"}
12:42:54.981890 POST /session/0f612d87-4c4e-4733-8812-0531b1bd4a38/element [12.74377ms] ERR:404 body={"strategy":"-android uiautomator","selector":"new UiSelector().descriptionContains(\"Tiếng Anh\")...
12:42:55.000410 POST /session/0f612d87-4c4e-4733-8812-0531b1bd4a38/element [18.402514ms] ERR:404 body={"strategy":"-android uiautomator","selector":"new UiSelector().textMatches(\"(?is).*\\QTiếng Anh\...
12:42:55.013832 POST /session/0f612d87-4c4e-4733-8812-0531b1bd4a38/element [13.317817ms] ERR:404 body={"strategy":"-android uiautomator","selector":"new UiSelector().descriptionMatches(\"(?is).*\\QTiế...
12:42:55.028107 POST /session/0f612d87-4c4e-4733-8812-0531b1bd4a38/element [14.166112ms] ERR:404 body={"strategy":"-android uiautomator","selector":"new UiSelector().textContains(\"Tiếng Anh\")"}
12:42:55.042060 POST /session/0f612d87-4c4e-4733-8812-0531b1bd4a38/element [13.876848ms] ERR:404 body={"strategy":"-android uiautomator","selector":"new UiSelector().descriptionContains(\"Tiếng Anh\")...
12:42:55.057287 POST /session/0f612d87-4c4e-4733-8812-0531b1bd4a38/element [15.11476ms] ERR:404 body={"strategy":"-android uiautomator","selector":"new UiSelector().textMatches(\"(?is).*\\QTiếng Anh\...
12:42:55.078593 POST /session/0f612d87-4c4e-4733-8812-0531b1bd4a38/element [21.199477ms] ERR:404 body={"strategy":"-android uiautomator","selector":"new UiSelector().descriptionMatches(\"(?is).*\\QTiế...
12:42:55.093705 POST /session/0f612d87-4c4e-4733-8812-0531b1bd4a38/element [14.977704ms] ERR:404 body={"strategy":"-android uiautomator","selector":"new UiSelector().textContains(\"Tiếng Anh\")"}
12:42:55.110765 POST /session/0f612d87-4c4e-4733-8812-0531b1bd4a38/element [16.927729ms] ERR:404 body={"strategy":"-android uiautomator","selector":"new UiSelector().descriptionContains(\"Tiếng Anh\")...
12:42:55.126361 POST /session/0f612d87-4c4e-4733-8812-0531b1bd4a38/element [15.453835ms] ERR:404 body={"strategy":"-android uiautomator","selector":"new UiSelector().textMatches(\"(?is).*\\QTiếng Anh\...
12:42:55.140166 POST /session/0f612d87-4c4e-4733-8812-0531b1bd4a38/element [13.679622ms] ERR:404 body={"strategy":"-android uiautomator","selector":"new UiSelector().descriptionMatches(\"(?is).*\\QTiế...
12:42:55.152844 POST /session/0f612d87-4c4e-4733-8812-0531b1bd4a38/element [12.578334ms] ERR:404 body={"strategy":"-android uiautomator","selector":"new UiSelector().textContains(\"Tiếng Anh\")"}
12:42:55.165778 POST /session/0f612d87-4c4e-4733-8812-0531b1bd4a38/element [12.827338ms] ERR:404 body={"strategy":"-android uiautomator","selector":"new UiSelector().descriptionContains(\"Tiếng Anh\")...
12:42:55.181406 POST /session/0f612d87-4c4e-4733-8812-0531b1bd4a38/element [15.502446ms] ERR:404 body={"strategy":"-android uiautomator","selector":"new UiSelector().textMatches(\"(?is).*\\QTiếng Anh\...
12:42:55.195590 POST /session/0f612d87-4c4e-4733-8812-0531b1bd4a38/element [14.083564ms] ERR:404 body={"strategy":"-android uiautomator","selector":"new UiSelector().descriptionMatches(\"(?is).*\\QTiế...
12:42:55.209110 POST /session/0f612d87-4c4e-4733-8812-0531b1bd4a38/element [13.415069ms] ERR:404 body={"strategy":"-android uiautomator","selector":"new UiSelector().textContains(\"Tiếng Anh\")"}
12:42:55.222598 POST /session/0f612d87-4c4e-4733-8812-0531b1bd4a38/element [13.395025ms] ERR:404 body={"strategy":"-android uiautomator","selector":"new UiSelector().descriptionContains(\"Tiếng Anh\")...
12:42:55.235972 POST /session/0f612d87-4c4e-4733-8812-0531b1bd4a38/element [13.258583ms] ERR:404 body={"strategy":"-android uiautomator","selector":"new UiSelector().textMatches(\"(?is).*\\QTiếng Anh\...
12:42:55.249276 POST /session/0f612d87-4c4e-4733-8812-0531b1bd4a38/element [13.212669ms] ERR:404 body={"strategy":"-android uiautomator","selector":"new UiSelector().descriptionMatches(\"(?is).*\\QTiế...
12:42:55.262522 POST /session/0f612d87-4c4e-4733-8812-0531b1bd4a38/element [13.140976ms] ERR:404 body={"strategy":"-android uiautomator","selector":"new UiSelector().textContains(\"Tiếng Anh\")"}
12:42:55.278325 POST /session/0f612d87-4c4e-4733-8812-0531b1bd4a38/element [15.688636ms] ERR:404 body={"strategy":"-android uiautomator","selector":"new UiSelector().descriptionContains(\"Tiếng Anh\")...
12:42:55.291204 POST /session/0f612d87-4c4e-4733-8812-0531b1bd4a38/element [12.755864ms] ERR:404 body={"strategy":"-android uiautomator","selector":"new UiSelector().textMatches(\"(?is).*\\QTiếng Anh\...
12:42:55.305100 POST /session/0f612d87-4c4e-4733-8812-0531b1bd4a38/element [13.751288ms] ERR:404 body={"strategy":"-android uiautomator","selector":"new UiSelector().descriptionMatches(\"(?is).*\\QTiế...
12:42:55.318573 POST /session/0f612d87-4c4e-4733-8812-0531b1bd4a38/element [13.37326ms] ERR:404 body={"strategy":"-android uiautomator","selector":"new UiSelector().textContains(\"Tiếng Anh\")"}
12:42:55.333627 POST /session/0f612d87-4c4e-4733-8812-0531b1bd4a38/element [14.914276ms] ERR:404 body={"strategy":"-android uiautomator","selector":"new UiSelector().descriptionContains(\"Tiếng Anh\")...
12:42:55.346605 POST /session/0f612d87-4c4e-4733-8812-0531b1bd4a38/element [12.90064ms] ERR:404 body={"strategy":"-android uiautomator","selector":"new UiSelector().textMatches(\"(?is).*\\QTiếng Anh\...
12:42:55.358888 POST /session/0f612d87-4c4e-4733-8812-0531b1bd4a38/element [12.192261ms] ERR:404 body={"strategy":"-android uiautomator","selector":"new UiSelector().descriptionMatches(\"(?is).*\\QTiế...
12:42:55.370853 POST /session/0f612d87-4c4e-4733-8812-0531b1bd4a38/element [11.882847ms] ERR:404 body={"strategy":"-android uiautomator","selector":"new UiSelector().textContains(\"Tiếng Anh\")"}
12:42:55.383179 POST /session/0f612d87-4c4e-4733-8812-0531b1bd4a38/element [12.25ms] ERR:404 body={"strategy":"-android uiautomator","selector":"new UiSelector().descriptionContains(\"Tiếng Anh\")...
12:42:55.395599 POST /session/0f612d87-4c4e-4733-8812-0531b1bd4a38/element [12.343406ms] ERR:404 body={"strategy":"-android uiautomator","selector":"new UiSelector().textMatches(\"(?is).*\\QTiếng Anh\...
12:42:55.410482 POST /session/0f612d87-4c4e-4733-8812-0531b1bd4a38/element [14.787484ms] ERR:404 body={"strategy":"-android uiautomator","selector":"new UiSelector().descriptionMatches(\"(?is).*\\QTiế...
12:42:55.422793 POST /session/0f612d87-4c4e-4733-8812-0531b1bd4a38/element [12.184266ms] ERR:404 body={"strategy":"-android uiautomator","selector":"new UiSelector().textContains(\"Tiếng Anh\")"}
12:42:55.435970 POST /session/0f612d87-4c4e-4733-8812-0531b1bd4a38/element [13.059793ms] ERR:404 body={"strategy":"-android uiautomator","selector":"new UiSelector().descriptionContains(\"Tiếng Anh\")...
12:42:55.449919 POST /session/0f612d87-4c4e-4733-8812-0531b1bd4a38/element [13.829394ms] ERR:404 body={"strategy":"-android uiautomator","selector":"new UiSelector().textMatches(\"(?is).*\\QTiếng Anh\...
12:42:55.463198 POST /session/0f612d87-4c4e-4733-8812-0531b1bd4a38/element [13.196498ms] ERR:404 body={"strategy":"-android uiautomator","selector":"new UiSelector().descriptionMatches(\"(?is).*\\QTiế...
12:42:55.476521 POST /session/0f612d87-4c4e-4733-8812-0531b1bd4a38/element [13.185738ms] ERR:404 body={"strategy":"-android uiautomator","selector":"new UiSelector().textContains(\"Tiếng Anh\")"}
12:42:55.489693 POST /session/0f612d87-4c4e-4733-8812-0531b1bd4a38/element [13.104074ms] ERR:404 body={"strategy":"-android uiautomator","selector":"new UiSelector().descriptionContains(\"Tiếng Anh\")...
12:42:55.506007 POST /session/0f612d87-4c4e-4733-8812-0531b1bd4a38/element [16.19504ms] ERR:404 body={"strategy":"-android uiautomator","selector":"new UiSelector().textMatches(\"(?is).*\\QTiếng Anh\...
12:42:55.520587 POST /session/0f612d87-4c4e-4733-8812-0531b1bd4a38/element [14.442171ms] ERR:404 body={"strategy":"-android uiautomator","selector":"new UiSelector().descriptionMatches(\"(?is).*\\QTiế...
12:42:55.533352 POST /session/0f612d87-4c4e-4733-8812-0531b1bd4a38/element [12.643175ms] ERR:404 body={"strategy":"-android uiautomator","selector":"new UiSelector().textContains(\"Tiếng Anh\")"}
12:42:55.548522 POST /session/0f612d87-4c4e-4733-8812-0531b1bd4a38/element [15.068104ms] ERR:404 body={"strategy":"-android uiautomator","selector":"new UiSelector().descriptionContains(\"Tiếng Anh\")...
12:42:55.562824 POST /session/0f612d87-4c4e-4733-8812-0531b1bd4a38/element [14.221943ms] ERR:404 body={"strategy":"-android uiautomator","selector":"new UiSelector().textMatches(\"(?is).*\\QTiếng Anh\...
12:42:55.576216 POST /session/0f612d87-4c4e-4733-8812-0531b1bd4a38/element [13.289003ms] ERR:404 body={"strategy":"-android uiautomator","selector":"new UiSelector().descriptionMatches(\"(?is).*\\QTiế...
12:42:55.589384 POST /session/0f612d87-4c4e-4733-8812-0531b1bd4a38/element [13.063347ms] ERR:404 body={"strategy":"-android uiautomator","selector":"new UiSelector().textContains(\"Tiếng Anh\")"}
12:42:55.602276 POST /session/0f612d87-4c4e-4733-8812-0531b1bd4a38/element [12.822722ms] ERR:404 body={"strategy":"-android uiautomator","selector":"new UiSelector().descriptionContains(\"Tiếng Anh\")...
12:42:55.617200 POST /session/0f612d87-4c4e-4733-8812-0531b1bd4a38/element [14.816509ms] ERR:404 body={"strategy":"-android uiautomator","selector":"new UiSelector().textMatches(\"(?is).*\\QTiếng Anh\...
12:42:55.630371 POST /session/0f612d87-4c4e-4733-8812-0531b1bd4a38/element [13.079867ms] ERR:404 body={"strategy":"-android uiautomator","selector":"new UiSelector().descriptionMatches(\"(?is).*\\QTiế...
12:42:55.643977 POST /session/0f612d87-4c4e-4733-8812-0531b1bd4a38/element [13.534277ms] ERR:404 body={"strategy":"-android uiautomator","selector":"new UiSelector().textContains(\"Tiếng Anh\")"}
12:42:55.661928 POST /session/0f612d87-4c4e-4733-8812-0531b1bd4a38/element [17.513182ms] ERR:404 body={"strategy":"-android uiautomator","selector":"new UiSelector().descriptionContains(\"Tiếng Anh\")...
12:42:55.677147 POST /session/0f612d87-4c4e-4733-8812-0531b1bd4a38/element [15.115132ms] ERR:404 body={"strategy":"-android uiautomator","selector":"new UiSelector().textMatches(\"(?is).*\\QTiếng Anh\...
12:42:55.690382 POST /session/0f612d87-4c4e-4733-8812-0531b1bd4a38/element [13.142636ms] ERR:404 body={"strategy":"-android uiautomator","selector":"new UiSelector().descriptionMatches(\"(?is).*\\QTiế...
12:42:55.705095 POST /session/0f612d87-4c4e-4733-8812-0531b1bd4a38/element [14.625518ms] ERR:404 body={"strategy":"-android uiautomator","selector":"new UiSelector().textContains(\"Tiếng Anh\")"}
12:42:55.720305 POST /session/0f612d87-4c4e-4733-8812-0531b1bd4a38/element [15.127395ms] ERR:404 body={"strategy":"-android uiautomator","selector":"new UiSelector().descriptionContains(\"Tiếng Anh\")...
12:42:55.735852 POST /session/0f612d87-4c4e-4733-8812-0531b1bd4a38/element [15.43016ms] ERR:404 body={"strategy":"-android uiautomator","selector":"new UiSelector().textMatches(\"(?is).*\\QTiếng Anh\...
12:42:55.749217 POST /session/0f612d87-4c4e-4733-8812-0531b1bd4a38/element [13.261151ms] ERR:404 body={"strategy":"-android uiautomator","selector":"new UiSelector().descriptionMatches(\"(?is).*\\QTiế...
12:42:55.763934 POST /session/0f612d87-4c4e-4733-8812-0531b1bd4a38/element [14.660594ms] ERR:404 body={"strategy":"-android uiautomator","selector":"new UiSelector().textContains(\"Tiếng Anh\")"}
12:42:55.778553 POST /session/0f612d87-4c4e-4733-8812-0531b1bd4a38/element [14.54062ms] ERR:404 body={"strategy":"-android uiautomator","selector":"new UiSelector().descriptionContains(\"Tiếng Anh\")...
12:42:55.793969 POST /session/0f612d87-4c4e-4733-8812-0531b1bd4a38/element [15.328874ms] ERR:404 body={"strategy":"-android uiautomator","selector":"new UiSelector().textMatches(\"(?is).*\\QTiếng Anh\...
12:42:55.809090 POST /session/0f612d87-4c4e-4733-8812-0531b1bd4a38/element [15.025603ms] ERR:404 body={"strategy":"-android uiautomator","selector":"new UiSelector().descriptionMatches(\"(?is).*\\QTiế...
12:42:55.824823 POST /session/0f612d87-4c4e-4733-8812-0531b1bd4a38/element [15.64325ms] ERR:404 body={"strategy":"-android uiautomator","selector":"new UiSelector().textContains(\"Tiếng Anh\")"}
12:42:55.837663 POST /session/0f612d87-4c4e-4733-8812-0531b1bd4a38/element [12.766699ms] ERR:404 body={"strategy":"-android uiautomator","selector":"new UiSelector().descriptionContains(\"Tiếng Anh\")...
12:42:55.852802 POST /session/0f612d87-4c4e-4733-8812-0531b1bd4a38/element [15.046029ms] ERR:404 body={"strategy":"-android uiautomator","selector":"new UiSelector().textMatches(\"(?is).*\\QTiếng Anh\...
12:42:55.865617 POST /session/0f612d87-4c4e-4733-8812-0531b1bd4a38/element [12.759092ms] ERR:404 body={"strategy":"-android uiautomator","selector":"new UiSelector().descriptionMatches(\"(?is).*\\QTiế...
12:42:55.878307 POST /session/0f612d87-4c4e-4733-8812-0531b1bd4a38/element [12.632293ms] ERR:404 body={"strategy":"-android uiautomator","selector":"new UiSelector().textContains(\"Tiếng Anh\")"}
12:42:55.890758 POST /session/0f612d87-4c4e-4733-8812-0531b1bd4a38/element [12.346716ms] ERR:404 body={"strategy":"-android uiautomator","selector":"new UiSelector().descriptionContains(\"Tiếng Anh\")...
12:42:55.903866 POST /session/0f612d87-4c4e-4733-8812-0531b1bd4a38/element [13.035073ms] ERR:404 body={"strategy":"-android uiautomator","selector":"new UiSelector().textMatches(\"(?is).*\\QTiếng Anh\...
12:42:55.916603 POST /session/0f612d87-4c4e-4733-8812-0531b1bd4a38/element [12.635369ms] ERR:404 body={"strategy":"-android uiautomator","selector":"new UiSelector().descriptionMatches(\"(?is).*\\QTiế...
12:42:55.929136 POST /session/0f612d87-4c4e-4733-8812-0531b1bd4a38/element [12.437494ms] ERR:404 body={"strategy":"-android uiautomator","selector":"new UiSelector().textContains(\"Tiếng Anh\")"}
12:42:55.941909 POST /session/0f612d87-4c4e-4733-8812-0531b1bd4a38/element [12.675722ms] ERR:404 body={"strategy":"-android uiautomator","selector":"new UiSelector().descriptionContains(\"Tiếng Anh\")...
12:42:55.956052 POST /session/0f612d87-4c4e-4733-8812-0531b1bd4a38/element [14.077745ms] ERR:404 body={"strategy":"-android uiautomator","selector":"new UiSelector().textMatches(\"(?is).*\\QTiếng Anh\...
12:42:55.969344 POST /session/0f612d87-4c4e-4733-8812-0531b1bd4a38/element [13.194444ms] ERR:404 body={"strategy":"-android uiautomator","selector":"new UiSelector().descriptionMatches(\"(?is).*\\QTiế...
12:42:55.982910 POST /session/0f612d87-4c4e-4733-8812-0531b1bd4a38/element [13.506302ms] ERR:404 body={"strategy":"-android uiautomator","selector":"new UiSelector().textContains(\"Tiếng Anh\")"}
12:42:55.995439 POST /session/0f612d87-4c4e-4733-8812-0531b1bd4a38/element [12.473302ms] ERR:404 body={"strategy":"-android uiautomator","selector":"new UiSelector().descriptionContains(\"Tiếng Anh\")...
12:42:56.008505 POST /session/0f612d87-4c4e-4733-8812-0531b1bd4a38/element [12.982266ms] ERR:404 body={"strategy":"-android uiautomator","selector":"new UiSelector().textMatches(\"(?is).*\\QTiếng Anh\...
12:42:56.020854 POST /session/0f612d87-4c4e-4733-8812-0531b1bd4a38/element [12.253447ms] ERR:404 body={"strategy":"-android uiautomator","selector":"new UiSelector().descriptionMatches(\"(?is).*\\QTiế...
12:42:56.033759 POST /session/0f612d87-4c4e-4733-8812-0531b1bd4a38/element [12.815028ms] ERR:404 body={"strategy":"-android uiautomator","selector":"new UiSelector().textContains(\"Tiếng Anh\")"}
12:42:56.045680 POST /session/0f612d87-4c4e-4733-8812-0531b1bd4a38/element [11.846087ms] ERR:404 body={"strategy":"-android uiautomator","selector":"new UiSelector().descriptionContains(\"Tiếng Anh\")...
12:42:56.058421 POST /session/0f612d87-4c4e-4733-8812-0531b1bd4a38/element [12.664884ms] ERR:404 body={"strategy":"-android uiautomator","selector":"new UiSelector().textMatches(\"(?is).*\\QTiếng Anh\...
12:42:56.073588 POST /session/0f612d87-4c4e-4733-8812-0531b1bd4a38/element [15.07292ms] ERR:404 body={"strategy":"-android uiautomator","selector":"new UiSelector().descriptionMatches(\"(?is).*\\QTiế...
12:42:56.088728 POST /session/0f612d87-4c4e-4733-8812-0531b1bd4a38/element [15.036204ms] ERR:404 body={"strategy":"-android uiautomator","selector":"new UiSelector().textContains(\"Tiếng Anh\")"}
12:42:56.103050 POST /session/0f612d87-4c4e-4733-8812-0531b1bd4a38/element [14.200154ms] ERR:404 body={"strategy":"-android uiautomator","selector":"new UiSelector().descriptionContains(\"Tiếng Anh\")...
12:42:56.116778 POST /session/0f612d87-4c4e-4733-8812-0531b1bd4a38/element [13.621451ms] ERR:404 body={"strategy":"-android uiautomator","selector":"new UiSelector().textMatches(\"(?is).*\\QTiếng Anh\...
12:42:56.129992 POST /session/0f612d87-4c4e-4733-8812-0531b1bd4a38/element [13.105629ms] ERR:404 body={"strategy":"-android uiautomator","selector":"new UiSelector().descriptionMatches(\"(?is).*\\QTiế...
12:42:56.145585 POST /session/0f612d87-4c4e-4733-8812-0531b1bd4a38/element [15.488848ms] ERR:404 body={"strategy":"-android uiautomator","selector":"new UiSelector().textContains(\"Tiếng Anh\")"}
12:42:56.160646 POST /session/0f612d87-4c4e-4733-8812-0531b1bd4a38/element [14.930905ms] ERR:404 body={"strategy":"-android uiautomator","selector":"new UiSelector().descriptionContains(\"Tiếng Anh\")...
12:42:56.175821 POST /session/0f612d87-4c4e-4733-8812-0531b1bd4a38/element [15.02425ms] ERR:404 body={"strategy":"-android uiautomator","selector":"new UiSelector().textMatches(\"(?is).*\\QTiếng Anh\...
12:42:56.189031 POST /session/0f612d87-4c4e-4733-8812-0531b1bd4a38/element [13.063258ms] ERR:404 body={"strategy":"-android uiautomator","selector":"new UiSelector().descriptionMatches(\"(?is).*\\QTiế...
12:42:56.203957 POST /session/0f612d87-4c4e-4733-8812-0531b1bd4a38/element [14.839342ms] ERR:404 body={"strategy":"-android uiautomator","selector":"new UiSelector().textContains(\"Tiếng Anh\")"}
12:42:56.217350 POST /session/0f612d87-4c4e-4733-8812-0531b1bd4a38/element [13.309821ms] ERR:404 body={"strategy":"-android uiautomator","selector":"new UiSelector().descriptionContains(\"Tiếng Anh\")...
12:42:56.232811 POST /session/0f612d87-4c4e-4733-8812-0531b1bd4a38/element [15.343343ms] ERR:404 body={"strategy":"-android uiautomator","selector":"new UiSelector().textMatches(\"(?is).*\\QTiếng Anh\...
12:42:56.247048 POST /session/0f612d87-4c4e-4733-8812-0531b1bd4a38/element [14.153879ms] ERR:404 body={"strategy":"-android uiautomator","selector":"new UiSelector().descriptionMatches(\"(?is).*\\QTiế...
12:42:56.261297 POST /session/0f612d87-4c4e-4733-8812-0531b1bd4a38/element [14.150979ms] ERR:404 body={"strategy":"-android uiautomator","selector":"new UiSelector().textContains(\"Tiếng Anh\")"}
12:42:56.274885 POST /session/0f612d87-4c4e-4733-8812-0531b1bd4a38/element [13.487708ms] ERR:404 body={"strategy":"-android uiautomator","selector":"new UiSelector().descriptionContains(\"Tiếng Anh\")...
12:42:56.288398 POST /session/0f612d87-4c4e-4733-8812-0531b1bd4a38/element [13.447605ms] ERR:404 body={"strategy":"-android uiautomator","selector":"new UiSelector().textMatches(\"(?is).*\\QTiếng Anh\...
12:42:56.303128 POST /session/0f612d87-4c4e-4733-8812-0531b1bd4a38/element [14.67424ms] ERR:404 body={"strategy":"-android uiautomator","selector":"new UiSelector().descriptionMatches(\"(?is).*\\QTiế...
12:42:56.316737 POST /session/0f612d87-4c4e-4733-8812-0531b1bd4a38/element [13.52578ms] ERR:404 body={"strategy":"-android uiautomator","selector":"new UiSelector().textContains(\"Tiếng Anh\")"}
12:42:56.329959 POST /session/0f612d87-4c4e-4733-8812-0531b1bd4a38/element [13.112801ms] ERR:404 body={"strategy":"-android uiautomator","selector":"new UiSelector().descriptionContains(\"Tiếng Anh\")...
12:42:56.343552 POST /session/0f612d87-4c4e-4733-8812-0531b1bd4a38/element [13.475646ms] ERR:404 body={"strategy":"-android uiautomator","selector":"new UiSelector().textMatches(\"(?is).*\\QTiếng Anh\...
12:42:56.359876 POST /session/0f612d87-4c4e-4733-8812-0531b1bd4a38/element [16.226483ms] ERR:404 body={"strategy":"-android uiautomator","selector":"new UiSelector().descriptionMatches(\"(?is).*\\QTiế...
12:42:56.373884 POST /session/0f612d87-4c4e-4733-8812-0531b1bd4a38/element [13.887113ms] ERR:404 body={"strategy":"-android uiautomator","selector":"new UiSelector().textContains(\"Tiếng Anh\")"}
12:42:56.387686 POST /session/0f612d87-4c4e-4733-8812-0531b1bd4a38/element [13.698695ms] ERR:404 body={"strategy":"-android uiautomator","selector":"new UiSelector().descriptionContains(\"Tiếng Anh\")...
12:42:56.402925 POST /session/0f612d87-4c4e-4733-8812-0531b1bd4a38/element [15.085647ms] ERR:404 body={"strategy":"-android uiautomator","selector":"new UiSelector().textMatches(\"(?is).*\\QTiếng Anh\...
12:42:56.417980 POST /session/0f612d87-4c4e-4733-8812-0531b1bd4a38/element [14.931507ms] ERR:404 body={"strategy":"-android uiautomator","selector":"new UiSelector().descriptionMatches(\"(?is).*\\QTiế...
12:42:56.434226 POST /session/0f612d87-4c4e-4733-8812-0531b1bd4a38/element [16.111234ms] ERR:404 body={"strategy":"-android uiautomator","selector":"new UiSelector().textContains(\"Tiếng Anh\")"}
12:42:56.449272 POST /session/0f612d87-4c4e-4733-8812-0531b1bd4a38/element [14.832469ms] ERR:404 body={"strategy":"-android uiautomator","selector":"new UiSelector().descriptionContains(\"Tiếng Anh\")...
12:42:56.465428 POST /session/0f612d87-4c4e-4733-8812-0531b1bd4a38/element [15.989853ms] ERR:404 body={"strategy":"-android uiautomator","selector":"new UiSelector().textMatches(\"(?is).*\\QTiếng Anh\...
12:42:56.489423 POST /session/0f612d87-4c4e-4733-8812-0531b1bd4a38/element [23.818834ms] ERR:404 body={"strategy":"-android uiautomator","selector":"new UiSelector().descriptionMatches(\"(?is).*\\QTiế...
12:42:56.505465 POST /session/0f612d87-4c4e-4733-8812-0531b1bd4a38/element [15.906417ms] ERR:404 body={"strategy":"-android uiautomator","selector":"new UiSelector().textContains(\"Tiếng Anh\")"}
12:42:56.519861 POST /session/0f612d87-4c4e-4733-8812-0531b1bd4a38/element [14.266662ms] ERR:404 body={"strategy":"-android uiautomator","selector":"new UiSelector().descriptionContains(\"Tiếng Anh\")...
12:42:56.534698 POST /session/0f612d87-4c4e-4733-8812-0531b1bd4a38/element [14.706098ms] ERR:404 body={"strategy":"-android uiautomator","selector":"new UiSelector().textMatches(\"(?is).*\\QTiếng Anh\...
12:42:56.548881 POST /session/0f612d87-4c4e-4733-8812-0531b1bd4a38/element [14.060941ms] ERR:404 body={"strategy":"-android uiautomator","selector":"new UiSelector().descriptionMatches(\"(?is).*\\QTiế...
12:42:56.562263 POST /session/0f612d87-4c4e-4733-8812-0531b1bd4a38/element [13.277272ms] ERR:404 body={"strategy":"-android uiautomator","selector":"new UiSelector().textContains(\"Tiếng Anh\")"}
12:42:56.576215 POST /session/0f612d87-4c4e-4733-8812-0531b1bd4a38/element [13.820339ms] ERR:404 body={"strategy":"-android uiautomator","selector":"new UiSelector().descriptionContains(\"Tiếng Anh\")...
12:42:56.590184 POST /session/0f612d87-4c4e-4733-8812-0531b1bd4a38/element [13.799967ms] ERR:404 body={"strategy":"-android uiautomator","selector":"new UiSelector().textMatches(\"(?is).*\\QTiếng Anh\...
12:42:56.604243 POST /session/0f612d87-4c4e-4733-8812-0531b1bd4a38/element [13.959099ms] ERR:404 body={"strategy":"-android uiautomator","selector":"new UiSelector().descriptionMatches(\"(?is).*\\QTiế...
12:42:56.618486 POST /session/0f612d87-4c4e-4733-8812-0531b1bd4a38/element [14.104816ms] ERR:404 body={"strategy":"-android uiautomator","selector":"new UiSelector().textContains(\"Tiếng Anh\")"}
12:42:56.635210 POST /session/0f612d87-4c4e-4733-8812-0531b1bd4a38/element [16.587123ms] ERR:404 body={"strategy":"-android uiautomator","selector":"new UiSelector().descriptionContains(\"Tiếng Anh\")...
12:42:56.649888 POST /session/0f612d87-4c4e-4733-8812-0531b1bd4a38/element [14.535247ms] ERR:404 body={"strategy":"-android uiautomator","selector":"new UiSelector().textMatches(\"(?is).*\\QTiếng Anh\...
12:42:56.663436 POST /session/0f612d87-4c4e-4733-8812-0531b1bd4a38/element [13.433105ms] ERR:404 body={"strategy":"-android uiautomator","selector":"new UiSelector().descriptionMatches(\"(?is).*\\QTiế...
12:42:56.678511 POST /session/0f612d87-4c4e-4733-8812-0531b1bd4a38/element [14.962875ms] ERR:404 body={"strategy":"-android uiautomator","selector":"new UiSelector().textContains(\"Tiếng Anh\")"}
12:42:56.693339 POST /session/0f612d87-4c4e-4733-8812-0531b1bd4a38/element [14.690882ms] ERR:404 body={"strategy":"-android uiautomator","selector":"new UiSelector().descriptionContains(\"Tiếng Anh\")...
12:42:56.708491 POST /session/0f612d87-4c4e-4733-8812-0531b1bd4a38/element [15.066801ms] ERR:404 body={"strategy":"-android uiautomator","selector":"new UiSelector().textMatches(\"(?is).*\\QTiếng Anh\...
12:42:56.721919 POST /session/0f612d87-4c4e-4733-8812-0531b1bd4a38/element [13.304593ms] ERR:404 body={"strategy":"-android uiautomator","selector":"new UiSelector().descriptionMatches(\"(?is).*\\QTiế...
12:42:56.735809 POST /session/0f612d87-4c4e-4733-8812-0531b1bd4a38/element [13.789149ms] ERR:404 body={"strategy":"-android uiautomator","selector":"new UiSelector().textContains(\"Tiếng Anh\")"}
12:42:56.749753 POST /session/0f612d87-4c4e-4733-8812-0531b1bd4a38/element [13.826347ms] ERR:404 body={"strategy":"-android uiautomator","selector":"new UiSelector().descriptionContains(\"Tiếng Anh\")...
12:42:56.763298 POST /session/0f612d87-4c4e-4733-8812-0531b1bd4a38/element [13.462731ms] ERR:404 body={"strategy":"-android uiautomator","selector":"new UiSelector().textMatches(\"(?is).*\\QTiếng Anh\...
12:42:56.776577 POST /session/0f612d87-4c4e-4733-8812-0531b1bd4a38/element [13.184225ms] ERR:404 body={"strategy":"-android uiautomator","selector":"new UiSelector().descriptionMatches(\"(?is).*\\QTiế...
12:42:56.790022 POST /session/0f612d87-4c4e-4733-8812-0531b1bd4a38/element [13.360508ms] ERR:404 body={"strategy":"-android uiautomator","selector":"new UiSelector().textContains(\"Tiếng Anh\")"}
12:42:56.804682 POST /session/0f612d87-4c4e-4733-8812-0531b1bd4a38/element [14.549604ms] ERR:404 body={"strategy":"-android uiautomator","selector":"new UiSelector().descriptionContains(\"Tiếng Anh\")...
12:42:56.817750 POST /session/0f612d87-4c4e-4733-8812-0531b1bd4a38/element [12.983465ms] ERR:404 body={"strategy":"-android uiautomator","selector":"new UiSelector().textMatches(\"(?is).*\\QTiếng Anh\...
12:42:56.832063 POST /session/0f612d87-4c4e-4733-8812-0531b1bd4a38/element [14.180907ms] ERR:404 body={"strategy":"-android uiautomator","selector":"new UiSelector().descriptionMatches(\"(?is).*\\QTiế...
12:42:56.845355 POST /session/0f612d87-4c4e-4733-8812-0531b1bd4a38/element [13.201628ms] ERR:404 body={"strategy":"-android uiautomator","selector":"new UiSelector().textContains(\"Tiếng Anh\")"}
12:42:56.861760 POST /session/0f612d87-4c4e-4733-8812-0531b1bd4a38/element [16.307415ms] ERR:404 body={"strategy":"-android uiautomator","selector":"new UiSelector().descriptionContains(\"Tiếng Anh\")...
12:42:56.879549 POST /session/0f612d87-4c4e-4733-8812-0531b1bd4a38/element [17.701008ms] ERR:404 body={"strategy":"-android uiautomator","selector":"new UiSelector().textMatches(\"(?is).*\\QTiếng Anh\...
12:42:56.892569 POST /session/0f612d87-4c4e-4733-8812-0531b1bd4a38/element [12.928051ms] ERR:404 body={"strategy":"-android uiautomator","selector":"new UiSelector().descriptionMatches(\"(?is).*\\QTiế...
12:42:56.906427 POST /session/0f612d87-4c4e-4733-8812-0531b1bd4a38/element [13.800269ms] ERR:404 body={"strategy":"-android uiautomator","selector":"new UiSelector().textContains(\"Tiếng Anh\")"}
12:42:56.920859 POST /session/0f612d87-4c4e-4733-8812-0531b1bd4a38/element [14.35189ms] ERR:404 body={"strategy":"-android uiautomator","selector":"new UiSelector().descriptionContains(\"Tiếng Anh\")...
12:42:56.935499 POST /session/0f612d87-4c4e-4733-8812-0531b1bd4a38/element [14.548823ms] ERR:404 body={"strategy":"-android uiautomator","selector":"new UiSelector().textMatches(\"(?is).*\\QTiếng Anh\...
12:42:56.949486 POST /session/0f612d87-4c4e-4733-8812-0531b1bd4a38/element [13.902231ms] ERR:404 body={"strategy":"-android uiautomator","selector":"new UiSelector().descriptionMatches(\"(?is).*\\QTiế...
12:42:56.964473 POST /session/0f612d87-4c4e-4733-8812-0531b1bd4a38/element [14.919653ms] ERR:404 body={"strategy":"-android uiautomator","selector":"new UiSelector().textContains(\"Tiếng Anh\")"}
12:42:56.977363 POST /session/0f612d87-4c4e-4733-8812-0531b1bd4a38/element [12.825878ms] ERR:404 body={"strategy":"-android uiautomator","selector":"new UiSelector().descriptionContains(\"Tiếng Anh\")...
12:42:56.990784 POST /session/0f612d87-4c4e-4733-8812-0531b1bd4a38/element [13.342825ms] ERR:404 body={"strategy":"-android uiautomator","selector":"new UiSelector().textMatches(\"(?is).*\\QTiếng Anh\...
12:42:57.004361 POST /session/0f612d87-4c4e-4733-8812-0531b1bd4a38/element [13.495353ms] ERR:404 body={"strategy":"-android uiautomator","selector":"new UiSelector().descriptionMatches(\"(?is).*\\QTiế...
12:42:57.019582 POST /session/0f612d87-4c4e-4733-8812-0531b1bd4a38/element [15.155319ms] ERR:404 body={"strategy":"-android uiautomator","selector":"new UiSelector().textContains(\"Tiếng Anh\")"}
12:42:57.032977 POST /session/0f612d87-4c4e-4733-8812-0531b1bd4a38/element [13.270248ms] ERR:404 body={"strategy":"-android uiautomator","selector":"new UiSelector().descriptionContains(\"Tiếng Anh\")...
12:42:57.047615 POST /session/0f612d87-4c4e-4733-8812-0531b1bd4a38/element [14.546839ms] ERR:404 body={"strategy":"-android uiautomator","selector":"new UiSelector().textMatches(\"(?is).*\\QTiếng Anh\...
12:42:57.062283 POST /session/0f612d87-4c4e-4733-8812-0531b1bd4a38/element [14.562187ms] ERR:404 body={"strategy":"-android uiautomator","selector":"new UiSelector().descriptionMatches(\"(?is).*\\QTiế...
12:42:57.077924 POST /session/0f612d87-4c4e-4733-8812-0531b1bd4a38/element [15.534465ms] ERR:404 body={"strategy":"-android uiautomator","selector":"new UiSelector().textContains(\"Tiếng Anh\")"}
12:42:57.093594 POST /session/0f612d87-4c4e-4733-8812-0531b1bd4a38/element [15.577777ms] ERR:404 body={"strategy":"-android uiautomator","selector":"new UiSelector().descriptionContains(\"Tiếng Anh\")...
12:42:57.107535 POST /session/0f612d87-4c4e-4733-8812-0531b1bd4a38/element [13.852959ms] ERR:404 body={"strategy":"-android uiautomator","selector":"new UiSelector().textMatches(\"(?is).*\\QTiếng Anh\...
12:42:57.120588 POST /session/0f612d87-4c4e-4733-8812-0531b1bd4a38/element [12.961695ms] ERR:404 body={"strategy":"-android uiautomator","selector":"new UiSelector().descriptionMatches(\"(?is).*\\QTiế...
12:42:57.132762 POST /session/0f612d87-4c4e-4733-8812-0531b1bd4a38/element [12.114354ms] ERR:404 body={"strategy":"-android uiautomator","selector":"new UiSelector().textContains(\"Tiếng Anh\")"}
12:42:57.145383 POST /session/0f612d87-4c4e-4733-8812-0531b1bd4a38/element [12.521773ms] ERR:404 body={"strategy":"-android uiautomator","selector":"new UiSelector().descriptionContains(\"Tiếng Anh\")...
12:42:57.161022 POST /session/0f612d87-4c4e-4733-8812-0531b1bd4a38/element [15.529193ms] ERR:404 body={"strategy":"-android uiautomator","selector":"new UiSelector().textMatches(\"(?is).*\\QTiếng Anh\...
12:42:57.175866 POST /session/0f612d87-4c4e-4733-8812-0531b1bd4a38/element [14.756205ms] ERR:404 body={"strategy":"-android uiautomator","selector":"new UiSelector().descriptionMatches(\"(?is).*\\QTiế...
12:42:57.188885 POST /session/0f612d87-4c4e-4733-8812-0531b1bd4a38/element [12.93151ms] ERR:404 body={"strategy":"-android uiautomator","selector":"new UiSelector().textContains(\"Tiếng Anh\")"}
12:42:57.201049 POST /session/0f612d87-4c4e-4733-8812-0531b1bd4a38/element [12.096971ms] ERR:404 body={"strategy":"-android uiautomator","selector":"new UiSelector().descriptionContains(\"Tiếng Anh\")...
12:42:57.213393 POST /session/0f612d87-4c4e-4733-8812-0531b1bd4a38/element [12.283493ms] ERR:404 body={"strategy":"-android uiautomator","selector":"new UiSelector().textMatches(\"(?is).*\\QTiếng Anh\...
12:42:57.226214 POST /session/0f612d87-4c4e-4733-8812-0531b1bd4a38/element [12.755815ms] ERR:404 body={"strategy":"-android uiautomator","selector":"new UiSelector().descriptionMatches(\"(?is).*\\QTiế...
12:42:57.238441 POST /session/0f612d87-4c4e-4733-8812-0531b1bd4a38/element [12.151685ms] ERR:404 body={"strategy":"-android uiautomator","selector":"new UiSelector().textContains(\"Tiếng Anh\")"}
12:42:57.250742 POST /session/0f612d87-4c4e-4733-8812-0531b1bd4a38/element [12.241364ms] ERR:404 body={"strategy":"-android uiautomator","selector":"new UiSelector().descriptionContains(\"Tiếng Anh\")...
12:42:57.263371 POST /session/0f612d87-4c4e-4733-8812-0531b1bd4a38/element [12.575354ms] ERR:404 body={"strategy":"-android uiautomator","selector":"new UiSelector().textMatches(\"(?is).*\\QTiếng Anh\...
12:42:57.279269 POST /session/0f612d87-4c4e-4733-8812-0531b1bd4a38/element [15.828179ms] ERR:404 body={"strategy":"-android uiautomator","selector":"new UiSelector().descriptionMatches(\"(?is).*\\QTiế...
12:42:57.293125 POST /session/0f612d87-4c4e-4733-8812-0531b1bd4a38/element [13.76835ms] ERR:404 body={"strategy":"-android uiautomator","selector":"new UiSelector().textContains(\"Tiếng Anh\")"}
12:42:57.305861 POST /session/0f612d87-4c4e-4733-8812-0531b1bd4a38/element [12.654896ms] ERR:404 body={"strategy":"-android uiautomator","selector":"new UiSelector().descriptionContains(\"Tiếng Anh\")...
12:42:57.318255 POST /session/0f612d87-4c4e-4733-8812-0531b1bd4a38/element [12.316043ms] ERR:404 body={"strategy":"-android uiautomator","selector":"new UiSelector().textMatches(\"(?is).*\\QTiếng Anh\...
12:42:57.331315 POST /session/0f612d87-4c4e-4733-8812-0531b1bd4a38/element [12.973469ms] ERR:404 body={"strategy":"-android uiautomator","selector":"new UiSelector().descriptionMatches(\"(?is).*\\QTiế...
12:42:57.345134 POST /session/0f612d87-4c4e-4733-8812-0531b1bd4a38/element [13.504588ms] ERR:404 body={"strategy":"-android uiautomator","selector":"new UiSelector().textContains(\"Tiếng Anh\")"}
12:42:57.357912 POST /session/0f612d87-4c4e-4733-8812-0531b1bd4a38/element [12.703349ms] ERR:404 body={"strategy":"-android uiautomator","selector":"new UiSelector().descriptionContains(\"Tiếng Anh\")...
12:42:57.369600 POST /session/0f612d87-4c4e-4733-8812-0531b1bd4a38/element [11.637263ms] ERR:404 body={"strategy":"-android uiautomator","selector":"new UiSelector().textMatches(\"(?is).*\\QTiếng Anh\...
12:42:57.382674 POST /session/0f612d87-4c4e-4733-8812-0531b1bd4a38/element [13.023241ms] ERR:404 body={"strategy":"-android uiautomator","selector":"new UiSelector().descriptionMatches(\"(?is).*\\QTiế...
12:42:57.395320 POST /session/0f612d87-4c4e-4733-8812-0531b1bd4a38/element [12.588089ms] ERR:404 body={"strategy":"-android uiautomator","selector":"new UiSelector().textContains(\"Tiếng Anh\")"}
12:42:57.408265 POST /session/0f612d87-4c4e-4733-8812-0531b1bd4a38/element [12.886873ms] ERR:404 body={"strategy":"-android uiautomator","selector":"new UiSelector().descriptionContains(\"Tiếng Anh\")...
12:42:57.421408 POST /session/0f612d87-4c4e-4733-8812-0531b1bd4a38/element [13.090048ms] ERR:404 body={"strategy":"-android uiautomator","selector":"new UiSelector().textMatches(\"(?is).*\\QTiếng Anh\...
12:42:57.434889 POST /session/0f612d87-4c4e-4733-8812-0531b1bd4a38/element [13.389874ms] ERR:404 body={"strategy":"-android uiautomator","selector":"new UiSelector().descriptionMatches(\"(?is).*\\QTiế...
12:42:57.449373 POST /session/0f612d87-4c4e-4733-8812-0531b1bd4a38/element [14.421572ms] ERR:404 body={"strategy":"-android uiautomator","selector":"new UiSelector().textContains(\"Tiếng Anh\")"}
12:42:57.462272 POST /session/0f612d87-4c4e-4733-8812-0531b1bd4a38/element [12.798497ms] ERR:404 body={"strategy":"-android uiautomator","selector":"new UiSelector().descriptionContains(\"Tiếng Anh\")...
12:42:57.476925 POST /session/0f612d87-4c4e-4733-8812-0531b1bd4a38/element [14.533542ms] ERR:404 body={"strategy":"-android uiautomator","selector":"new UiSelector().textMatches(\"(?is).*\\QTiếng Anh\...
12:42:57.490229 POST /session/0f612d87-4c4e-4733-8812-0531b1bd4a38/element [13.211908ms] ERR:404 body={"strategy":"-android uiautomator","selector":"new UiSelector().descriptionMatches(\"(?is).*\\QTiế...
12:42:57.503911 POST /session/0f612d87-4c4e-4733-8812-0531b1bd4a38/element [13.573841ms] ERR:404 body={"strategy":"-android uiautomator","selector":"new UiSelector().textContains(\"Tiếng Anh\")"}
12:42:57.517239 POST /session/0f612d87-4c4e-4733-8812-0531b1bd4a38/element [13.270177ms] ERR:404 body={"strategy":"-android uiautomator","selector":"new UiSelector().descriptionContains(\"Tiếng Anh\")...
12:42:57.533659 POST /session/0f612d87-4c4e-4733-8812-0531b1bd4a38/element [16.321882ms] ERR:404 body={"strategy":"-android uiautomator","selector":"new UiSelector().textMatches(\"(?is).*\\QTiếng Anh\...
12:42:57.548181 POST /session/0f612d87-4c4e-4733-8812-0531b1bd4a38/element [14.433506ms] ERR:404 body={"strategy":"-android uiautomator","selector":"new UiSelector().descriptionMatches(\"(?is).*\\QTiế...
12:42:57.561333 POST /session/0f612d87-4c4e-4733-8812-0531b1bd4a38/element [13.089565ms] ERR:404 body={"strategy":"-android uiautomator","selector":"new UiSelector().textContains(\"Tiếng Anh\")"}
12:42:57.575696 POST /session/0f612d87-4c4e-4733-8812-0531b1bd4a38/element [14.240099ms] ERR:404 body={"strategy":"-android uiautomator","selector":"new UiSelector().descriptionContains(\"Tiếng Anh\")...
12:42:57.589706 POST /session/0f612d87-4c4e-4733-8812-0531b1bd4a38/element [13.918462ms] ERR:404 body={"strategy":"-android uiautomator","selector":"new UiSelector().textMatches(\"(?is).*\\QTiếng Anh\...
12:42:57.605770 POST /session/0f612d87-4c4e-4733-8812-0531b1bd4a38/element [15.960041ms] ERR:404 body={"strategy":"-android uiautomator","selector":"new UiSelector().descriptionMatches(\"(?is).*\\QTiế...
12:42:57.622832 POST /session/0f612d87-4c4e-4733-8812-0531b1bd4a38/element [16.928956ms] ERR:404 body={"strategy":"-android uiautomator","selector":"new UiSelector().textContains(\"Tiếng Anh\")"}
12:42:57.636412 POST /session/0f612d87-4c4e-4733-8812-0531b1bd4a38/element [13.459164ms] ERR:404 body={"strategy":"-android uiautomator","selector":"new UiSelector().descriptionContains(\"Tiếng Anh\")...
12:42:57.649426 POST /session/0f612d87-4c4e-4733-8812-0531b1bd4a38/element [12.898628ms] ERR:404 body={"strategy":"-android uiautomator","selector":"new UiSelector().textMatches(\"(?is).*\\QTiếng Anh\...
12:42:57.662457 POST /session/0f612d87-4c4e-4733-8812-0531b1bd4a38/element [12.923142ms] ERR:404 body={"strategy":"-android uiautomator","selector":"new UiSelector().descriptionMatches(\"(?is).*\\QTiế...
12:42:57.676441 POST /session/0f612d87-4c4e-4733-8812-0531b1bd4a38/element [13.891201ms] ERR:404 body={"strategy":"-android uiautomator","selector":"new UiSelector().textContains(\"Tiếng Anh\")"}
12:42:57.691269 POST /session/0f612d87-4c4e-4733-8812-0531b1bd4a38/element [14.718982ms] ERR:404 body={"strategy":"-android uiautomator","selector":"new UiSelector().descriptionContains(\"Tiếng Anh\")...
12:42:57.705857 POST /session/0f612d87-4c4e-4733-8812-0531b1bd4a38/element [14.484391ms] ERR:404 body={"strategy":"-android uiautomator","selector":"new UiSelector().textMatches(\"(?is).*\\QTiếng Anh\...
12:42:57.719193 POST /session/0f612d87-4c4e-4733-8812-0531b1bd4a38/element [13.231795ms] ERR:404 body={"strategy":"-android uiautomator","selector":"new UiSelector().descriptionMatches(\"(?is).*\\QTiế...
12:42:57.732100 POST /session/0f612d87-4c4e-4733-8812-0531b1bd4a38/element [12.772797ms] ERR:404 body={"strategy":"-android uiautomator","selector":"new UiSelector().textContains(\"Tiếng Anh\")"}
12:42:57.745422 POST /session/0f612d87-4c4e-4733-8812-0531b1bd4a38/element [13.23938ms] ERR:404 body={"strategy":"-android uiautomator","selector":"new UiSelector().descriptionContains(\"Tiếng Anh\")...
12:42:57.759704 POST /session/0f612d87-4c4e-4733-8812-0531b1bd4a38/element [14.219693ms] ERR:404 body={"strategy":"-android uiautomator","selector":"new UiSelector().textMatches(\"(?is).*\\QTiếng Anh\...
12:42:57.774048 POST /session/0f612d87-4c4e-4733-8812-0531b1bd4a38/element [14.262059ms] ERR:404 body={"strategy":"-android uiautomator","selector":"new UiSelector().descriptionMatches(\"(?is).*\\QTiế...
12:42:57.790257 POST /session/0f612d87-4c4e-4733-8812-0531b1bd4a38/element [16.153634ms] ERR:404 body={"strategy":"-android uiautomator","selector":"new UiSelector().textContains(\"Tiếng Anh\")"}
12:42:57.806532 POST /session/0f612d87-4c4e-4733-8812-0531b1bd4a38/element [16.159187ms] ERR:404 body={"strategy":"-android uiautomator","selector":"new UiSelector().descriptionContains(\"Tiếng Anh\")...
12:42:57.820294 POST /session/0f612d87-4c4e-4733-8812-0531b1bd4a38/element [13.700229ms] ERR:404 body={"strategy":"-android uiautomator","selector":"new UiSelector().textMatches(\"(?is).*\\QTiếng Anh\...
12:42:57.833526 POST /session/0f612d87-4c4e-4733-8812-0531b1bd4a38/element [13.124983ms] ERR:404 body={"strategy":"-android uiautomator","selector":"new UiSelector().descriptionMatches(\"(?is).*\\QTiế...
12:42:57.846709 POST /session/0f612d87-4c4e-4733-8812-0531b1bd4a38/element [13.090698ms] ERR:404 body={"strategy":"-android uiautomator","selector":"new UiSelector().textContains(\"Tiếng Anh\")"}
12:42:57.860580 POST /session/0f612d87-4c4e-4733-8812-0531b1bd4a38/element [13.77957ms] ERR:404 body={"strategy":"-android uiautomator","selector":"new UiSelector().descriptionContains(\"Tiếng Anh\")...
12:42:57.874214 POST /session/0f612d87-4c4e-4733-8812-0531b1bd4a38/element [13.495824ms] ERR:404 body={"strategy":"-android uiautomator","selector":"new UiSelector().textMatches(\"(?is).*\\QTiếng Anh\...
12:42:57.888213 POST /session/0f612d87-4c4e-4733-8812-0531b1bd4a38/element [13.921057ms] ERR:404 body={"strategy":"-android uiautomator","selector":"new UiSelector().descriptionMatches(\"(?is).*\\QTiế...
12:42:57.902798 POST /session/0f612d87-4c4e-4733-8812-0531b1bd4a38/element [14.51047ms] ERR:404 body={"strategy":"-android uiautomator","selector":"new UiSelector().textContains(\"Tiếng Anh\")"}
12:42:57.917000 POST /session/0f612d87-4c4e-4733-8812-0531b1bd4a38/element [14.079323ms] ERR:404 body={"strategy":"-android uiautomator","selector":"new UiSelector().descriptionContains(\"Tiếng Anh\")...
12:42:57.931461 POST /session/0f612d87-4c4e-4733-8812-0531b1bd4a38/element [14.3463ms] ERR:404 body={"strategy":"-android uiautomator","selector":"new UiSelector().textMatches(\"(?is).*\\QTiếng Anh\...
12:42:57.945495 POST /session/0f612d87-4c4e-4733-8812-0531b1bd4a38/element [13.934726ms] ERR:404 body={"strategy":"-android uiautomator","selector":"new UiSelector().descriptionMatches(\"(?is).*\\QTiế...
12:42:57.963974 POST /session/0f612d87-4c4e-4733-8812-0531b1bd4a38/element [18.355173ms] ERR:404 body={"strategy":"-android uiautomator","selector":"new UiSelector().textContains(\"Tiếng Anh\")"}
12:42:57.981032 POST /session/0f612d87-4c4e-4733-8812-0531b1bd4a38/element [16.936252ms] ERR:404 body={"strategy":"-android uiautomator","selector":"new UiSelector().descriptionContains(\"Tiếng Anh\")...
12:42:57.993347 POST /session/0f612d87-4c4e-4733-8812-0531b1bd4a38/element [12.235235ms] ERR:404 body={"strategy":"-android uiautomator","selector":"new UiSelector().textMatches(\"(?is).*\\QTiếng Anh\...
12:42:58.005687 POST /session/0f612d87-4c4e-4733-8812-0531b1bd4a38/element [12.226445ms] ERR:404 body={"strategy":"-android uiautomator","selector":"new UiSelector().descriptionMatches(\"(?is).*\\QTiế...
12:42:58.019341 POST /session/0f612d87-4c4e-4733-8812-0531b1bd4a38/element [13.528083ms] ERR:404 body={"strategy":"-android uiautomator","selector":"new UiSelector().textContains(\"Tiếng Anh\")"}
12:42:58.031665 POST /session/0f612d87-4c4e-4733-8812-0531b1bd4a38/element [12.177526ms] ERR:404 body={"strategy":"-android uiautomator","selector":"new UiSelector().descriptionContains(\"Tiếng Anh\")...
12:42:58.045750 POST /session/0f612d87-4c4e-4733-8812-0531b1bd4a38/element [14.003482ms] ERR:404 body={"strategy":"-android uiautomator","selector":"new UiSelector().textMatches(\"(?is).*\\QTiếng Anh\...
12:42:58.066430 POST /session/0f612d87-4c4e-4733-8812-0531b1bd4a38/element [20.5755ms] ERR:404 body={"strategy":"-android uiautomator","selector":"new UiSelector().descriptionMatches(\"(?is).*\\QTiế...
12:42:58.080097 POST /session/0f612d87-4c4e-4733-8812-0531b1bd4a38/element [13.557098ms] ERR:404 body={"strategy":"-android uiautomator","selector":"new UiSelector().textContains(\"Tiếng Anh\")"}
12:42:58.092291 POST /session/0f612d87-4c4e-4733-8812-0531b1bd4a38/element [12.099246ms] ERR:404 body={"strategy":"-android uiautomator","selector":"new UiSelector().descriptionContains(\"Tiếng Anh\")...
12:42:58.106188 POST /session/0f612d87-4c4e-4733-8812-0531b1bd4a38/element [13.74782ms] ERR:404 body={"strategy":"-android uiautomator","selector":"new UiSelector().textMatches(\"(?is).*\\QTiếng Anh\...
12:42:58.118868 POST /session/0f612d87-4c4e-4733-8812-0531b1bd4a38/element [12.573233ms] ERR:404 body={"strategy":"-android uiautomator","selector":"new UiSelector().descriptionMatches(\"(?is).*\\QTiế...
12:42:58.130944 POST /session/0f612d87-4c4e-4733-8812-0531b1bd4a38/element [12.010658ms] ERR:404 body={"strategy":"-android uiautomator","selector":"new UiSelector().textContains(\"Tiếng Anh\")"}
12:42:58.144247 POST /session/0f612d87-4c4e-4733-8812-0531b1bd4a38/element [13.222026ms] ERR:404 body={"strategy":"-android uiautomator","selector":"new UiSelector().descriptionContains(\"Tiếng Anh\")...
12:42:58.157389 POST /session/0f612d87-4c4e-4733-8812-0531b1bd4a38/element [13.000117ms] ERR:404 body={"strategy":"-android uiautomator","selector":"new UiSelector().textMatches(\"(?is).*\\QTiếng Anh\...
12:42:58.172480 POST /session/0f612d87-4c4e-4733-8812-0531b1bd4a38/element [14.990197ms] ERR:404 body={"strategy":"-android uiautomator","selector":"new UiSelector().descriptionMatches(\"(?is).*\\QTiế...
12:42:58.186892 POST /session/0f612d87-4c4e-4733-8812-0531b1bd4a38/element [14.312376ms] ERR:404 body={"strategy":"-android uiautomator","selector":"new UiSelector().textContains(\"Tiếng Anh\")"}
12:42:58.200406 POST /session/0f612d87-4c4e-4733-8812-0531b1bd4a38/element [13.42476ms] ERR:404 body={"strategy":"-android uiautomator","selector":"new UiSelector().descriptionContains(\"Tiếng Anh\")...
12:42:58.214192 POST /session/0f612d87-4c4e-4733-8812-0531b1bd4a38/element [13.689077ms] ERR:404 body={"strategy":"-android uiautomator","selector":"new UiSelector().textMatches(\"(?is).*\\QTiếng Anh\...
12:42:58.227175 POST /session/0f612d87-4c4e-4733-8812-0531b1bd4a38/element [12.90474ms] ERR:404 body={"strategy":"-android uiautomator","selector":"new UiSelector().descriptionMatches(\"(?is).*\\QTiế...
12:42:58.241226 POST /session/0f612d87-4c4e-4733-8812-0531b1bd4a38/element [13.979377ms] ERR:404 body={"strategy":"-android uiautomator","selector":"new UiSelector().textContains(\"Tiếng Anh\")"}
12:42:58.255099 POST /session/0f612d87-4c4e-4733-8812-0531b1bd4a38/element [13.742339ms] ERR:404 body={"strategy":"-android uiautomator","selector":"new UiSelector().descriptionContains(\"Tiếng Anh\")...
12:42:58.268648 POST /session/0f612d87-4c4e-4733-8812-0531b1bd4a38/element [13.437814ms] ERR:404 body={"strategy":"-android uiautomator","selector":"new UiSelector().textMatches(\"(?is).*\\QTiếng Anh\...
12:42:58.281959 POST /session/0f612d87-4c4e-4733-8812-0531b1bd4a38/element [13.230092ms] ERR:404 body={"strategy":"-android uiautomator","selector":"new UiSelector().descriptionMatches(\"(?is).*\\QTiế...
12:42:58.295094 POST /session/0f612d87-4c4e-4733-8812-0531b1bd4a38/element [13.071423ms] ERR:404 body={"strategy":"-android uiautomator","selector":"new UiSelector().textContains(\"Tiếng Anh\")"}
12:42:58.316055 POST /session/0f612d87-4c4e-4733-8812-0531b1bd4a38/element [20.845156ms] ERR:404 body={"strategy":"-android uiautomator","selector":"new UiSelector().descriptionContains(\"Tiếng Anh\")...
12:42:58.331388 POST /session/0f612d87-4c4e-4733-8812-0531b1bd4a38/element [15.219179ms] ERR:404 body={"strategy":"-android uiautomator","selector":"new UiSelector().textMatches(\"(?is).*\\QTiếng Anh\...
12:42:58.345210 POST /session/0f612d87-4c4e-4733-8812-0531b1bd4a38/element [13.731148ms] ERR:404 body={"strategy":"-android uiautomator","selector":"new UiSelector().descriptionMatches(\"(?is).*\\QTiế...
12:42:58.359236 POST /session/0f612d87-4c4e-4733-8812-0531b1bd4a38/element [13.943079ms] ERR:404 body={"strategy":"-android uiautomator","selector":"new UiSelector().textContains(\"Tiếng Anh\")"}
12:42:58.372460 POST /session/0f612d87-4c4e-4733-8812-0531b1bd4a38/element [13.10737ms] ERR:404 body={"strategy":"-android uiautomator","selector":"new UiSelector().descriptionContains(\"Tiếng Anh\")...
12:42:58.386061 POST /session/0f612d87-4c4e-4733-8812-0531b1bd4a38/element [13.537132ms] ERR:404 body={"strategy":"-android uiautomator","selector":"new UiSelector().textMatches(\"(?is).*\\QTiếng Anh\...
12:42:58.398975 POST /session/0f612d87-4c4e-4733-8812-0531b1bd4a38/element [12.847869ms] ERR:404 body={"strategy":"-android uiautomator","selector":"new UiSelector().descriptionMatches(\"(?is).*\\QTiế...
12:42:58.411913 POST /session/0f612d87-4c4e-4733-8812-0531b1bd4a38/element [12.822925ms] ERR:404 body={"strategy":"-android uiautomator","selector":"new UiSelector().textContains(\"Tiếng Anh\")"}
12:42:58.426592 POST /session/0f612d87-4c4e-4733-8812-0531b1bd4a38/element [14.564471ms] ERR:404 body={"strategy":"-android uiautomator","selector":"new UiSelector().descriptionContains(\"Tiếng Anh\")...
12:42:58.439405 POST /session/0f612d87-4c4e-4733-8812-0531b1bd4a38/element [12.727865ms] ERR:404 body={"strategy":"-android uiautomator","selector":"new UiSelector().textMatches(\"(?is).*\\QTiếng Anh\...
12:42:58.452214 POST /session/0f612d87-4c4e-4733-8812-0531b1bd4a38/element [12.760234ms] ERR:404 body={"strategy":"-android uiautomator","selector":"new UiSelector().descriptionMatches(\"(?is).*\\QTiế...
12:42:58.465124 POST /session/0f612d87-4c4e-4733-8812-0531b1bd4a38/element [12.855312ms] ERR:404 body={"strategy":"-android uiautomator","selector":"new UiSelector().textContains(\"Tiếng Anh\")"}
12:42:58.477448 POST /session/0f612d87-4c4e-4733-8812-0531b1bd4a38/element [12.261232ms] ERR:404 body={"strategy":"-android uiautomator","selector":"new UiSelector().descriptionContains(\"Tiếng Anh\")...
12:42:58.489910 POST /session/0f612d87-4c4e-4733-8812-0531b1bd4a38/element [12.385078ms] ERR:404 body={"strategy":"-android uiautomator","selector":"new UiSelector().textMatches(\"(?is).*\\QTiếng Anh\...
12:42:58.502372 POST /session/0f612d87-4c4e-4733-8812-0531b1bd4a38/element [12.402448ms] ERR:404 body={"strategy":"-android uiautomator","selector":"new UiSelector().descriptionMatches(\"(?is).*\\QTiế...
12:42:58.515367 POST /session/0f612d87-4c4e-4733-8812-0531b1bd4a38/element [12.925559ms] ERR:404 body={"strategy":"-android uiautomator","selector":"new UiSelector().textContains(\"Tiếng Anh\")"}
12:42:58.527946 POST /session/0f612d87-4c4e-4733-8812-0531b1bd4a38/element [12.502868ms] ERR:404 body={"strategy":"-android uiautomator","selector":"new UiSelector().descriptionContains(\"Tiếng Anh\")...
12:42:58.543356 POST /session/0f612d87-4c4e-4733-8812-0531b1bd4a38/element [15.329828ms] ERR:404 body={"strategy":"-android uiautomator","selector":"new UiSelector().textMatches(\"(?is).*\\QTiếng Anh\...
12:42:58.556689 POST /session/0f612d87-4c4e-4733-8812-0531b1bd4a38/element [13.274997ms] ERR:404 body={"strategy":"-android uiautomator","selector":"new UiSelector().descriptionMatches(\"(?is).*\\QTiế...
12:42:58.569435 POST /session/0f612d87-4c4e-4733-8812-0531b1bd4a38/element [12.675852ms] ERR:404 body={"strategy":"-android uiautomator","selector":"new UiSelector().textContains(\"Tiếng Anh\")"}
12:42:58.582529 POST /session/0f612d87-4c4e-4733-8812-0531b1bd4a38/element [13.033059ms] ERR:404 body={"strategy":"-android uiautomator","selector":"new UiSelector().descriptionContains(\"Tiếng Anh\")...
12:42:58.595942 POST /session/0f612d87-4c4e-4733-8812-0531b1bd4a38/element [13.331954ms] ERR:404 body={"strategy":"-android uiautomator","selector":"new UiSelector().textMatches(\"(?is).*\\QTiếng Anh\...
12:42:58.608819 POST /session/0f612d87-4c4e-4733-8812-0531b1bd4a38/element [12.804067ms] ERR:404 body={"strategy":"-android uiautomator","selector":"new UiSelector().descriptionMatches(\"(?is).*\\QTiế...
12:42:58.622171 POST /session/0f612d87-4c4e-4733-8812-0531b1bd4a38/element [13.261691ms] ERR:404 body={"strategy":"-android uiautomator","selector":"new UiSelector().textContains(\"Tiếng Anh\")"}
12:42:58.634612 POST /session/0f612d87-4c4e-4733-8812-0531b1bd4a38/element [12.359647ms] ERR:404 body={"strategy":"-android uiautomator","selector":"new UiSelector().descriptionContains(\"Tiếng Anh\")...
12:42:58.646604 POST /session/0f612d87-4c4e-4733-8812-0531b1bd4a38/element [11.912395ms] ERR:404 body={"strategy":"-android uiautomator","selector":"new UiSelector().textMatches(\"(?is).*\\QTiếng Anh\...
12:42:58.659825 POST /session/0f612d87-4c4e-4733-8812-0531b1bd4a38/element [13.117477ms] ERR:404 body={"strategy":"-android uiautomator","selector":"new UiSelector().descriptionMatches(\"(?is).*\\QTiế...
12:42:58.673417 POST /session/0f612d87-4c4e-4733-8812-0531b1bd4a38/element [13.531852ms] ERR:404 body={"strategy":"-android uiautomator","selector":"new UiSelector().textContains(\"Tiếng Anh\")"}
12:42:58.687632 POST /session/0f612d87-4c4e-4733-8812-0531b1bd4a38/element [14.147324ms] ERR:404 body={"strategy":"-android uiautomator","selector":"new UiSelector().descriptionContains(\"Tiếng Anh\")...
12:42:58.699738 POST /session/0f612d87-4c4e-4733-8812-0531b1bd4a38/element [11.997015ms] ERR:404 body={"strategy":"-android uiautomator","selector":"new UiSelector().textMatches(\"(?is).*\\QTiếng Anh\...
12:42:58.712730 POST /session/0f612d87-4c4e-4733-8812-0531b1bd4a38/element [12.907623ms] ERR:404 body={"strategy":"-android uiautomator","selector":"new UiSelector().descriptionMatches(\"(?is).*\\QTiế...
12:42:58.725065 POST /session/0f612d87-4c4e-4733-8812-0531b1bd4a38/element [12.245031ms] ERR:404 body={"strategy":"-android uiautomator","selector":"new UiSelector().textContains(\"Tiếng Anh\")"}
12:42:58.737389 POST /session/0f612d87-4c4e-4733-8812-0531b1bd4a38/element [12.231082ms] ERR:404 body={"strategy":"-android uiautomator","selector":"new UiSelector().descriptionContains(\"Tiếng Anh\")...
12:42:58.749823 POST /session/0f612d87-4c4e-4733-8812-0531b1bd4a38/element [12.33978ms] ERR:404 body={"strategy":"-android uiautomator","selector":"new UiSelector().textMatches(\"(?is).*\\QTiếng Anh\...
12:42:58.761445 POST /session/0f612d87-4c4e-4733-8812-0531b1bd4a38/element [11.530602ms] ERR:404 body={"strategy":"-android uiautomator","selector":"new UiSelector().descriptionMatches(\"(?is).*\\QTiế...
12:42:58.775854 POST /session/0f612d87-4c4e-4733-8812-0531b1bd4a38/element [14.312066ms] ERR:404 body={"strategy":"-android uiautomator","selector":"new UiSelector().textContains(\"Tiếng Anh\")"}
12:42:58.789021 POST /session/0f612d87-4c4e-4733-8812-0531b1bd4a38/element [13.084048ms] ERR:404 body={"strategy":"-android uiautomator","selector":"new UiSelector().descriptionContains(\"Tiếng Anh\")...
12:42:58.808068 POST /session/0f612d87-4c4e-4733-8812-0531b1bd4a38/element [18.981173ms] ERR:404 body={"strategy":"-android uiautomator","selector":"new UiSelector().textMatches(\"(?is).*\\QTiếng Anh\...
12:42:58.820839 POST /session/0f612d87-4c4e-4733-8812-0531b1bd4a38/element [12.677198ms] ERR:404 body={"strategy":"-android uiautomator","selector":"new UiSelector().descriptionMatches(\"(?is).*\\QTiế...
12:42:58.833331 POST /session/0f612d87-4c4e-4733-8812-0531b1bd4a38/element [12.41291ms] ERR:404 body={"strategy":"-android uiautomator","selector":"new UiSelector().textContains(\"Tiếng Anh\")"}
12:42:58.845563 POST /session/0f612d87-4c4e-4733-8812-0531b1bd4a38/element [12.124473ms] ERR:404 body={"strategy":"-android uiautomator","selector":"new UiSelector().descriptionContains(\"Tiếng Anh\")...
12:42:58.857588 POST /session/0f612d87-4c4e-4733-8812-0531b1bd4a38/element [11.928413ms] ERR:404 body={"strategy":"-android uiautomator","selector":"new UiSelector().textMatches(\"(?is).*\\QTiếng Anh\...
12:42:58.869902 POST /session/0f612d87-4c4e-4733-8812-0531b1bd4a38/element [12.22837ms] ERR:404 body={"strategy":"-android uiautomator","selector":"new UiSelector().descriptionMatches(\"(?is).*\\QTiế...
12:42:58.882133 POST /session/0f612d87-4c4e-4733-8812-0531b1bd4a38/element [12.146885ms] ERR:404 body={"strategy":"-android uiautomator","selector":"new UiSelector().textContains(\"Tiếng Anh\")"}
12:42:58.894362 POST /session/0f612d87-4c4e-4733-8812-0531b1bd4a38/element [12.1492ms] ERR:404 body={"strategy":"-android uiautomator","selector":"new UiSelector().descriptionContains(\"Tiếng Anh\")...
12:42:58.906859 POST /session/0f612d87-4c4e-4733-8812-0531b1bd4a38/element [12.413436ms] ERR:404 body={"strategy":"-android uiautomator","selector":"new UiSelector().textMatches(\"(?is).*\\QTiếng Anh\...
12:42:58.919383 POST /session/0f612d87-4c4e-4733-8812-0531b1bd4a38/element [12.413449ms] ERR:404 body={"strategy":"-android uiautomator","selector":"new UiSelector().descriptionMatches(\"(?is).*\\QTiế...
12:42:58.931430 POST /session/0f612d87-4c4e-4733-8812-0531b1bd4a38/element [11.961628ms] ERR:404 body={"strategy":"-android uiautomator","selector":"new UiSelector().textContains(\"Tiếng Anh\")"}
12:42:58.943920 POST /session/0f612d87-4c4e-4733-8812-0531b1bd4a38/element [12.412457ms] ERR:404 body={"strategy":"-android uiautomator","selector":"new UiSelector().descriptionContains(\"Tiếng Anh\")...
12:42:58.956031 POST /session/0f612d87-4c4e-4733-8812-0531b1bd4a38/element [12.009335ms] ERR:404 body={"strategy":"-android uiautomator","selector":"new UiSelector().textMatches(\"(?is).*\\QTiếng Anh\...
12:42:58.970213 POST /session/0f612d87-4c4e-4733-8812-0531b1bd4a38/element [14.091276ms] ERR:404 body={"strategy":"-android uiautomator","selector":"new UiSelector().descriptionMatches(\"(?is).*\\QTiế...
12:42:58.983103 POST /session/0f612d87-4c4e-4733-8812-0531b1bd4a38/element [12.830915ms] ERR:404 body={"strategy":"-android uiautomator","selector":"new UiSelector().textContains(\"Tiếng Anh\")"}
12:42:58.995685 POST /session/0f612d87-4c4e-4733-8812-0531b1bd4a38/element [12.481641ms] ERR:404 body={"strategy":"-android uiautomator","selector":"new UiSelector().descriptionContains(\"Tiếng Anh\")...
12:42:59.010044 POST /session/0f612d87-4c4e-4733-8812-0531b1bd4a38/element [14.275745ms] ERR:404 body={"strategy":"-android uiautomator","selector":"new UiSelector().textMatches(\"(?is).*\\QTiếng Anh\...
12:42:59.022413 POST /session/0f612d87-4c4e-4733-8812-0531b1bd4a38/element [12.310825ms] ERR:404 body={"strategy":"-android uiautomator","selector":"new UiSelector().descriptionMatches(\"(?is).*\\QTiế...
12:42:59.038945 POST /session/0f612d87-4c4e-4733-8812-0531b1bd4a38/element [16.469862ms] ERR:404 body={"strategy":"-android uiautomator","selector":"new UiSelector().textContains(\"Tiếng Anh\")"}
12:42:59.051410 POST /session/0f612d87-4c4e-4733-8812-0531b1bd4a38/element [12.398621ms] ERR:404 body={"strategy":"-android uiautomator","selector":"new UiSelector().descriptionContains(\"Tiếng Anh\")...
12:42:59.064211 POST /session/0f612d87-4c4e-4733-8812-0531b1bd4a38/element [12.72632ms] ERR:404 body={"strategy":"-android uiautomator","selector":"new UiSelector().textMatches(\"(?is).*\\QTiếng Anh\...
12:42:59.079486 POST /session/0f612d87-4c4e-4733-8812-0531b1bd4a38/element [15.183231ms] ERR:404 body={"strategy":"-android uiautomator","selector":"new UiSelector().descriptionMatches(\"(?is).*\\QTiế...
12:42:59.092748 POST /session/0f612d87-4c4e-4733-8812-0531b1bd4a38/element [13.141765ms] ERR:404 body={"strategy":"-android uiautomator","selector":"new UiSelector().textContains(\"Tiếng Anh\")"}
12:42:59.105148 POST /session/0f612d87-4c4e-4733-8812-0531b1bd4a38/element [12.278515ms] ERR:404 body={"strategy":"-android uiautomator","selector":"new UiSelector().descriptionContains(\"Tiếng Anh\")...
12:42:59.119475 POST /session/0f612d87-4c4e-4733-8812-0531b1bd4a38/element [14.254759ms] ERR:404 body={"strategy":"-android uiautomator","selector":"new UiSelector().textMatches(\"(?is).*\\QTiếng Anh\...
12:42:59.132128 POST /session/0f612d87-4c4e-4733-8812-0531b1bd4a38/element [12.562992ms] ERR:404 body={"strategy":"-android uiautomator","selector":"new UiSelector().descriptionMatches(\"(?is).*\\QTiế...
12:42:59.145337 POST /session/0f612d87-4c4e-4733-8812-0531b1bd4a38/element [13.127267ms] ERR:404 body={"strategy":"-android uiautomator","selector":"new UiSelector().textContains(\"Tiếng Anh\")"}
12:42:59.158022 POST /session/0f612d87-4c4e-4733-8812-0531b1bd4a38/element [12.632351ms] ERR:404 body={"strategy":"-android uiautomator","selector":"new UiSelector().descriptionContains(\"Tiếng Anh\")...
12:42:59.171347 POST /session/0f612d87-4c4e-4733-8812-0531b1bd4a38/element [13.245421ms] ERR:404 body={"strategy":"-android uiautomator","selector":"new UiSelector().textMatches(\"(?is).*\\QTiếng Anh\...
12:42:59.184645 POST /session/0f612d87-4c4e-4733-8812-0531b1bd4a38/element [13.218961ms] ERR:404 body={"strategy":"-android uiautomator","selector":"new UiSelector().descriptionMatches(\"(?is).*\\QTiế...
12:42:59.197393 POST /session/0f612d87-4c4e-4733-8812-0531b1bd4a38/element [12.677738ms] ERR:404 body={"strategy":"-android uiautomator","selector":"new UiSelector().textContains(\"Tiếng Anh\")"}
12:42:59.209511 POST /session/0f612d87-4c4e-4733-8812-0531b1bd4a38/element [12.019247ms] ERR:404 body={"strategy":"-android uiautomator","selector":"new UiSelector().descriptionContains(\"Tiếng Anh\")...
12:42:59.221859 POST /session/0f612d87-4c4e-4733-8812-0531b1bd4a38/element [12.270938ms] ERR:404 body={"strategy":"-android uiautomator","selector":"new UiSelector().textMatches(\"(?is).*\\QTiếng Anh\...
12:42:59.234846 POST /session/0f612d87-4c4e-4733-8812-0531b1bd4a38/element [12.873878ms] ERR:404 body={"strategy":"-android uiautomator","selector":"new UiSelector().descriptionMatches(\"(?is).*\\QTiế...
12:42:59.248214 POST /session/0f612d87-4c4e-4733-8812-0531b1bd4a38/element [13.278243ms] ERR:404 body={"strategy":"-android uiautomator","selector":"new UiSelector().textContains(\"Tiếng Anh\")"}
12:42:59.267639 POST /session/0f612d87-4c4e-4733-8812-0531b1bd4a38/element [19.350563ms] ERR:404 body={"strategy":"-android uiautomator","selector":"new UiSelector().descriptionContains(\"Tiếng Anh\")...
12:42:59.281125 POST /session/0f612d87-4c4e-4733-8812-0531b1bd4a38/element [13.388711ms] ERR:404 body={"strategy":"-android uiautomator","selector":"new UiSelector().textMatches(\"(?is).*\\QTiếng Anh\...
12:42:59.295118 POST /session/0f612d87-4c4e-4733-8812-0531b1bd4a38/element [13.924113ms] ERR:404 body={"strategy":"-android uiautomator","selector":"new UiSelector().descriptionMatches(\"(?is).*\\QTiế...
12:42:59.307125 POST /session/0f612d87-4c4e-4733-8812-0531b1bd4a38/element [11.904238ms] ERR:404 body={"strategy":"-android uiautomator","selector":"new UiSelector().textContains(\"Tiếng Anh\")"}
12:42:59.319243 POST /session/0f612d87-4c4e-4733-8812-0531b1bd4a38/element [12.030035ms] ERR:404 body={"strategy":"-android uiautomator","selector":"new UiSelector().descriptionContains(\"Tiếng Anh\")...
12:42:59.331435 POST /session/0f612d87-4c4e-4733-8812-0531b1bd4a38/element [12.093837ms] ERR:404 body={"strategy":"-android uiautomator","selector":"new UiSelector().textMatches(\"(?is).*\\QTiếng Anh\...
12:42:59.344270 POST /session/0f612d87-4c4e-4733-8812-0531b1bd4a38/element [12.767836ms] ERR:404 body={"strategy":"-android uiautomator","selector":"new UiSelector().descriptionMatches(\"(?is).*\\QTiế...
12:42:59.357538 POST /session/0f612d87-4c4e-4733-8812-0531b1bd4a38/element [13.129313ms] ERR:404 body={"strategy":"-android uiautomator","selector":"new UiSelector().textContains(\"Tiếng Anh\")"}
12:42:59.370011 POST /session/0f612d87-4c4e-4733-8812-0531b1bd4a38/element [12.357483ms] ERR:404 body={"strategy":"-android uiautomator","selector":"new UiSelector().descriptionContains(\"Tiếng Anh\")...
12:42:59.382228 POST /session/0f612d87-4c4e-4733-8812-0531b1bd4a38/element [12.12892ms] ERR:404 body={"strategy":"-android uiautomator","selector":"new UiSelector().textMatches(\"(?is).*\\QTiếng Anh\...
12:42:59.395095 POST /session/0f612d87-4c4e-4733-8812-0531b1bd4a38/element [12.791751ms] ERR:404 body={"strategy":"-android uiautomator","selector":"new UiSelector().descriptionMatches(\"(?is).*\\QTiế...
12:42:59.409213 POST /session/0f612d87-4c4e-4733-8812-0531b1bd4a38/element [14.002793ms] ERR:404 body={"strategy":"-android uiautomator","selector":"new UiSelector().textContains(\"Tiếng Anh\")"}
12:42:59.423076 POST /session/0f612d87-4c4e-4733-8812-0531b1bd4a38/element [13.695722ms] ERR:404 body={"strategy":"-android uiautomator","selector":"new UiSelector().descriptionContains(\"Tiếng Anh\")...
12:42:59.436487 POST /session/0f612d87-4c4e-4733-8812-0531b1bd4a38/element [13.286398ms] ERR:404 body={"strategy":"-android uiautomator","selector":"new UiSelector().textMatches(\"(?is).*\\QTiếng Anh\...
12:42:59.450390 POST /session/0f612d87-4c4e-4733-8812-0531b1bd4a38/element [13.795519ms] ERR:404 body={"strategy":"-android uiautomator","selector":"new UiSelector().descriptionMatches(\"(?is).*\\QTiế...
12:42:59.464848 POST /session/0f612d87-4c4e-4733-8812-0531b1bd4a38/element [14.336382ms] ERR:404 body={"strategy":"-android uiautomator","selector":"new UiSelector().textContains(\"Tiếng Anh\")"}
12:42:59.479364 POST /session/0f612d87-4c4e-4733-8812-0531b1bd4a38/element [14.33511ms] ERR:404 body={"strategy":"-android uiautomator","selector":"new UiSelector().descriptionContains(\"Tiếng Anh\")...
12:42:59.499873 POST /session/0f612d87-4c4e-4733-8812-0531b1bd4a38/element [20.390829ms] ERR:404 body={"strategy":"-android uiautomator","selector":"new UiSelector().textMatches(\"(?is).*\\QTiếng Anh\...
12:42:59.515397 POST /session/0f612d87-4c4e-4733-8812-0531b1bd4a38/element [15.374144ms] ERR:404 body={"strategy":"-android uiautomator","selector":"new UiSelector().descriptionMatches(\"(?is).*\\QTiế...
12:42:59.529179 POST /session/0f612d87-4c4e-4733-8812-0531b1bd4a38/element [13.6723ms] ERR:404 body={"strategy":"-android uiautomator","selector":"new UiSelector().textContains(\"Tiếng Anh\")"}
12:42:59.543081 POST /session/0f612d87-4c4e-4733-8812-0531b1bd4a38/element [13.72075ms] ERR:404 body={"strategy":"-android uiautomator","selector":"new UiSelector().descriptionContains(\"Tiếng Anh\")...
12:42:59.557189 POST /session/0f612d87-4c4e-4733-8812-0531b1bd4a38/element [13.981011ms] ERR:404 body={"strategy":"-android uiautomator","selector":"new UiSelector().textMatches(\"(?is).*\\QTiếng Anh\...
12:42:59.571233 POST /session/0f612d87-4c4e-4733-8812-0531b1bd4a38/element [13.914804ms] ERR:404 body={"strategy":"-android uiautomator","selector":"new UiSelector().descriptionMatches(\"(?is).*\\QTiế...
12:42:59.586002 POST /session/0f612d87-4c4e-4733-8812-0531b1bd4a38/element [14.627665ms] ERR:404 body={"strategy":"-android uiautomator","selector":"new UiSelector().textContains(\"Tiếng Anh\")"}
12:42:59.601076 POST /session/0f612d87-4c4e-4733-8812-0531b1bd4a38/element [14.939278ms] ERR:404 body={"strategy":"-android uiautomator","selector":"new UiSelector().descriptionContains(\"Tiếng Anh\")...
12:42:59.615102 POST /session/0f612d87-4c4e-4733-8812-0531b1bd4a38/element [13.87982ms] ERR:404 body={"strategy":"-android uiautomator","selector":"new UiSelector().textMatches(\"(?is).*\\QTiếng Anh\...
12:42:59.630134 POST /session/0f612d87-4c4e-4733-8812-0531b1bd4a38/element [14.890841ms] ERR:404 body={"strategy":"-android uiautomator","selector":"new UiSelector().descriptionMatches(\"(?is).*\\QTiế...
12:42:59.643734 POST /session/0f612d87-4c4e-4733-8812-0531b1bd4a38/element [13.495562ms] ERR:404 body={"strategy":"-android uiautomator","selector":"new UiSelector().textContains(\"Tiếng Anh\")"}
12:42:59.657254 POST /session/0f612d87-4c4e-4733-8812-0531b1bd4a38/element [13.420382ms] ERR:404 body={"strategy":"-android uiautomator","selector":"new UiSelector().descriptionContains(\"Tiếng Anh\")...
12:42:59.672520 POST /session/0f612d87-4c4e-4733-8812-0531b1bd4a38/element [15.117449ms] ERR:404 body={"strategy":"-android uiautomator","selector":"new UiSelector().textMatches(\"(?is).*\\QTiếng Anh\...
12:42:59.685644 POST /session/0f612d87-4c4e-4733-8812-0531b1bd4a38/element [13.01739ms] ERR:404 body={"strategy":"-android uiautomator","selector":"new UiSelector().descriptionMatches(\"(?is).*\\QTiế...
12:42:59.699555 POST /session/0f612d87-4c4e-4733-8812-0531b1bd4a38/element [13.797825ms] ERR:404 body={"strategy":"-android uiautomator","selector":"new UiSelector().textContains(\"Tiếng Anh\")"}
12:42:59.712568 POST /session/0f612d87-4c4e-4733-8812-0531b1bd4a38/element [12.88464ms] ERR:404 body={"strategy":"-android uiautomator","selector":"new UiSelector().descriptionContains(\"Tiếng Anh\")...
12:42:59.725667 POST /session/0f612d87-4c4e-4733-8812-0531b1bd4a38/element [12.966285ms] ERR:404 body={"strategy":"-android uiautomator","selector":"new UiSelector().textMatches(\"(?is).*\\QTiếng Anh\...
12:42:59.739787 POST /session/0f612d87-4c4e-4733-8812-0531b1bd4a38/element [13.992863ms] ERR:404 body={"strategy":"-android uiautomator","selector":"new UiSelector().descriptionMatches(\"(?is).*\\QTiế...
12:42:59.753019 POST /session/0f612d87-4c4e-4733-8812-0531b1bd4a38/element [13.0961ms] ERR:404 body={"strategy":"-android uiautomator","selector":"new UiSelector().textContains(\"Tiếng Anh\")"}
12:42:59.768358 POST /session/0f612d87-4c4e-4733-8812-0531b1bd4a38/element [15.197068ms] ERR:404 body={"strategy":"-android uiautomator","selector":"new UiSelector().descriptionContains(\"Tiếng Anh\")...
12:42:59.780765 POST /session/0f612d87-4c4e-4733-8812-0531b1bd4a38/element [12.28731ms] ERR:404 body={"strategy":"-android uiautomator","selector":"new UiSelector().textMatches(\"(?is).*\\QTiếng Anh\...
12:42:59.793514 POST /session/0f612d87-4c4e-4733-8812-0531b1bd4a38/element [12.637185ms] ERR:404 body={"strategy":"-android uiautomator","selector":"new UiSelector().descriptionMatches(\"(?is).*\\QTiế...
12:42:59.807917 POST /session/0f612d87-4c4e-4733-8812-0531b1bd4a38/element [14.28885ms] ERR:404 body={"strategy":"-android uiautomator","selector":"new UiSelector().textContains(\"Tiếng Anh\")"}
12:42:59.821996 POST /session/0f612d87-4c4e-4733-8812-0531b1bd4a38/element [13.993808ms] ERR:404 body={"strategy":"-android uiautomator","selector":"new UiSelector().descriptionContains(\"Tiếng Anh\")...
12:42:59.836841 POST /session/0f612d87-4c4e-4733-8812-0531b1bd4a38/element [14.703595ms] ERR:404 body={"strategy":"-android uiautomator","selector":"new UiSelector().textMatches(\"(?is).*\\QTiếng Anh\...
12:42:59.851562 POST /session/0f612d87-4c4e-4733-8812-0531b1bd4a38/element [14.410322ms] ERR:404 body={"strategy":"-android uiautomator","selector":"new UiSelector().descriptionMatches(\"(?is).*\\QTiế...
12:42:59.864874 POST /session/0f612d87-4c4e-4733-8812-0531b1bd4a38/element [13.188712ms] ERR:404 body={"strategy":"-android uiautomator","selector":"new UiSelector().textContains(\"Tiếng Anh\")"}
12:42:59.878726 POST /session/0f612d87-4c4e-4733-8812-0531b1bd4a38/element [13.769953ms] ERR:404 body={"strategy":"-android uiautomator","selector":"new UiSelector().descriptionContains(\"Tiếng Anh\")...
12:42:59.891901 POST /session/0f612d87-4c4e-4733-8812-0531b1bd4a38/element [13.068971ms] ERR:404 body={"strategy":"-android uiautomator","selector":"new UiSelector().textMatches(\"(?is).*\\QTiếng Anh\...
12:42:59.906402 POST /session/0f612d87-4c4e-4733-8812-0531b1bd4a38/element [14.404739ms] ERR:404 body={"strategy":"-android uiautomator","selector":"new UiSelector().descriptionMatches(\"(?is).*\\QTiế...
12:42:59.919917 POST /session/0f612d87-4c4e-4733-8812-0531b1bd4a38/element [13.415283ms] ERR:404 body={"strategy":"-android uiautomator","selector":"new UiSelector().textContains(\"Tiếng Anh\")"}
12:42:59.933778 POST /session/0f612d87-4c4e-4733-8812-0531b1bd4a38/element [13.762718ms] ERR:404 body={"strategy":"-android uiautomator","selector":"new UiSelector().descriptionContains(\"Tiếng Anh\")...
12:42:59.947161 POST /session/0f612d87-4c4e-4733-8812-0531b1bd4a38/element [13.241264ms] ERR:404 body={"strategy":"-android uiautomator","selector":"new UiSelector().textMatches(\"(?is).*\\QTiếng Anh\...
12:42:59.959971 POST /session/0f612d87-4c4e-4733-8812-0531b1bd4a38/element [12.695093ms] ERR:404 body={"strategy":"-android uiautomator","selector":"new UiSelector().descriptionMatches(\"(?is).*\\QTiế...
12:42:59.972993 POST /session/0f612d87-4c4e-4733-8812-0531b1bd4a38/element [12.917353ms] ERR:404 body={"strategy":"-android uiautomator","selector":"new UiSelector().textContains(\"Tiếng Anh\")"}
12:42:59.986786 POST /session/0f612d87-4c4e-4733-8812-0531b1bd4a38/element [13.704298ms] ERR:404 body={"strategy":"-android uiautomator","selector":"new UiSelector().descriptionContains(\"Tiếng Anh\")...
12:43:00.000836 POST /session/0f612d87-4c4e-4733-8812-0531b1bd4a38/element [13.947568ms] ERR:404 body={"strategy":"-android uiautomator","selector":"new UiSelector().textMatches(\"(?is).*\\QTiếng Anh\...
12:43:00.020953 POST /session/0f612d87-4c4e-4733-8812-0531b1bd4a38/element [20.014021ms] ERR:404 body={"strategy":"-android uiautomator","selector":"new UiSelector().descriptionMatches(\"(?is).*\\QTiế...
12:43:00.034706 POST /session/0f612d87-4c4e-4733-8812-0531b1bd4a38/element [13.641912ms] ERR:404 body={"strategy":"-android uiautomator","selector":"new UiSelector().textContains(\"Tiếng Anh\")"}
12:43:00.051780 POST /session/0f612d87-4c4e-4733-8812-0531b1bd4a38/element [16.998858ms] ERR:404 body={"strategy":"-android uiautomator","selector":"new UiSelector().descriptionContains(\"Tiếng Anh\")...
12:43:00.657691 POST /session/0f612d87-4c4e-4733-8812-0531b1bd4a38/element [605.712794ms] ERR:404 body={"strategy":"-android uiautomator","selector":"new UiSelector().textMatches(\"(?is).*\\QTiếng Anh\...
12:43:00.670763 POST /session/0f612d87-4c4e-4733-8812-0531b1bd4a38/element [12.955546ms] ERR:404 body={"strategy":"-android uiautomator","selector":"new UiSelector().descriptionMatches(\"(?is).*\\QTiế...
12:43:00.683203 POST /session/0f612d87-4c4e-4733-8812-0531b1bd4a38/element [12.361831ms] ERR:404 body={"strategy":"-android uiautomator","selector":"new UiSelector().textContains(\"Tiếng Anh\")"}
12:43:00.695686 POST /session/0f612d87-4c4e-4733-8812-0531b1bd4a38/element [12.409726ms] ERR:404 body={"strategy":"-android uiautomator","selector":"new UiSelector().descriptionContains(\"Tiếng Anh\")...
12:43:00.708012 POST /session/0f612d87-4c4e-4733-8812-0531b1bd4a38/element [12.253647ms] ERR:404 body={"strategy":"-android uiautomator","selector":"new UiSelector().textMatches(\"(?is).*\\QTiếng Anh\...
12:43:00.720525 POST /session/0f612d87-4c4e-4733-8812-0531b1bd4a38/element [12.436327ms] ERR:404 body={"strategy":"-android uiautomator","selector":"new UiSelector().descriptionMatches(\"(?is).*\\QTiế...
12:43:00.732675 POST /session/0f612d87-4c4e-4733-8812-0531b1bd4a38/element [12.040609ms] ERR:404 body={"strategy":"-android uiautomator","selector":"new UiSelector().textContains(\"Tiếng Anh\")"}
12:43:00.744348 POST /session/0f612d87-4c4e-4733-8812-0531b1bd4a38/element [11.609964ms] ERR:404 body={"strategy":"-android uiautomator","selector":"new UiSelector().descriptionContains(\"Tiếng Anh\")...
12:43:00.756389 POST /session/0f612d87-4c4e-4733-8812-0531b1bd4a38/element [11.958832ms] ERR:404 body={"strategy":"-android uiautomator","selector":"new UiSelector().textMatches(\"(?is).*\\QTiếng Anh\...
12:43:00.768359 POST /session/0f612d87-4c4e-4733-8812-0531b1bd4a38/element [11.913366ms] ERR:404 body={"strategy":"-android uiautomator","selector":"new UiSelector().descriptionMatches(\"(?is).*\\QTiế...
12:43:00.780106 POST /session/0f612d87-4c4e-4733-8812-0531b1bd4a38/element [11.686339ms] ERR:404 body={"strategy":"-android uiautomator","selector":"new UiSelector().textContains(\"Tiếng Anh\")"}
12:43:00.793641 POST /session/0f612d87-4c4e-4733-8812-0531b1bd4a38/element [13.470376ms] ERR:404 body={"strategy":"-android uiautomator","selector":"new UiSelector().descriptionContains(\"Tiếng Anh\")...
12:43:00.805555 POST /session/0f612d87-4c4e-4733-8812-0531b1bd4a38/element [11.856519ms] ERR:404 body={"strategy":"-android uiautomator","selector":"new UiSelector().textMatches(\"(?is).*\\QTiếng Anh\...
12:43:00.817161 POST /session/0f612d87-4c4e-4733-8812-0531b1bd4a38/element [11.554288ms] ERR:404 body={"strategy":"-android uiautomator","selector":"new UiSelector().descriptionMatches(\"(?is).*\\QTiế...
12:43:00.829876 POST /session/0f612d87-4c4e-4733-8812-0531b1bd4a38/element [12.653484ms] ERR:404 body={"strategy":"-android uiautomator","selector":"new UiSelector().textContains(\"Tiếng Anh\")"}
12:43:00.846829 POST /session/0f612d87-4c4e-4733-8812-0531b1bd4a38/element [16.878933ms] ERR:404 body={"strategy":"-android uiautomator","selector":"new UiSelector().descriptionContains(\"Tiếng Anh\")...
12:43:00.860063 POST /session/0f612d87-4c4e-4733-8812-0531b1bd4a38/element [13.148629ms] ERR:404 body={"strategy":"-android uiautomator","selector":"new UiSelector().textMatches(\"(?is).*\\QTiếng Anh\...
12:43:00.874056 POST /session/0f612d87-4c4e-4733-8812-0531b1bd4a38/element [13.883124ms] ERR:404 body={"strategy":"-android uiautomator","selector":"new UiSelector().descriptionMatches(\"(?is).*\\QTiế...
12:43:00.887240 POST /session/0f612d87-4c4e-4733-8812-0531b1bd4a38/element [13.099316ms] ERR:404 body={"strategy":"-android uiautomator","selector":"new UiSelector().textContains(\"Tiếng Anh\")"}
12:43:00.899910 POST /session/0f612d87-4c4e-4733-8812-0531b1bd4a38/element [12.559186ms] ERR:404 body={"strategy":"-android uiautomator","selector":"new UiSelector().descriptionContains(\"Tiếng Anh\")...
12:43:00.913941 POST /session/0f612d87-4c4e-4733-8812-0531b1bd4a38/element [13.90563ms] ERR:404 body={"strategy":"-android uiautomator","selector":"new UiSelector().textMatches(\"(?is).*\\QTiếng Anh\...
12:43:00.928130 POST /session/0f612d87-4c4e-4733-8812-0531b1bd4a38/element [14.079156ms] ERR:404 body={"strategy":"-android uiautomator","selector":"new UiSelector().descriptionMatches(\"(?is).*\\QTiế...
12:43:00.941127 POST /session/0f612d87-4c4e-4733-8812-0531b1bd4a38/element [12.914978ms] ERR:404 body={"strategy":"-android uiautomator","selector":"new UiSelector().textContains(\"Tiếng Anh\")"}
12:43:00.955761 POST /session/0f612d87-4c4e-4733-8812-0531b1bd4a38/element [14.525199ms] ERR:404 body={"strategy":"-android uiautomator","selector":"new UiSelector().descriptionContains(\"Tiếng Anh\")...
12:43:00.969289 POST /session/0f612d87-4c4e-4733-8812-0531b1bd4a38/element [13.434109ms] ERR:404 body={"strategy":"-android uiautomator","selector":"new UiSelector().textMatches(\"(?is).*\\QTiếng Anh\...
12:43:00.982635 POST /session/0f612d87-4c4e-4733-8812-0531b1bd4a38/element [13.224863ms] ERR:404 body={"strategy":"-android uiautomator","selector":"new UiSelector().descriptionMatches(\"(?is).*\\QTiế...
12:43:00.995576 POST /session/0f612d87-4c4e-4733-8812-0531b1bd4a38/element [12.839205ms] ERR:404 body={"strategy":"-android uiautomator","selector":"new UiSelector().textContains(\"Tiếng Anh\")"}
12:43:01.008554 POST /session/0f612d87-4c4e-4733-8812-0531b1bd4a38/element [12.898998ms] ERR:404 body={"strategy":"-android uiautomator","selector":"new UiSelector().descriptionContains(\"Tiếng Anh\")...
12:43:01.021324 POST /session/0f612d87-4c4e-4733-8812-0531b1bd4a38/element [12.656999ms] ERR:404 body={"strategy":"-android uiautomator","selector":"new UiSelector().textMatches(\"(?is).*\\QTiếng Anh\...
12:43:01.035071 POST /session/0f612d87-4c4e-4733-8812-0531b1bd4a38/element [13.646191ms] ERR:404 body={"strategy":"-android uiautomator","selector":"new UiSelector().descriptionMatches(\"(?is).*\\QTiế...
12:43:01.048648 POST /session/0f612d87-4c4e-4733-8812-0531b1bd4a38/element [13.497229ms] ERR:404 body={"strategy":"-android uiautomator","selector":"new UiSelector().textContains(\"Tiếng Anh\")"}
12:43:01.061253 POST /session/0f612d87-4c4e-4733-8812-0531b1bd4a38/element [12.499363ms] ERR:404 body={"strategy":"-android uiautomator","selector":"new UiSelector().descriptionContains(\"Tiếng Anh\")...
12:43:01.079527 POST /session/0f612d87-4c4e-4733-8812-0531b1bd4a38/element [18.165666ms] ERR:404 body={"strategy":"-android uiautomator","selector":"new UiSelector().textMatches(\"(?is).*\\QTiếng Anh\...
12:43:01.096265 POST /session/0f612d87-4c4e-4733-8812-0531b1bd4a38/element [16.610307ms] ERR:404 body={"strategy":"-android uiautomator","selector":"new UiSelector().descriptionMatches(\"(?is).*\\QTiế...
12:43:01.110951 POST /session/0f612d87-4c4e-4733-8812-0531b1bd4a38/element [14.542ms] ERR:404 body={"strategy":"-android uiautomator","selector":"new UiSelector().textContains(\"Tiếng Anh\")"}
12:43:01.124081 POST /session/0f612d87-4c4e-4733-8812-0531b1bd4a38/element [13.038521ms] ERR:404 body={"strategy":"-android uiautomator","selector":"new UiSelector().descriptionContains(\"Tiếng Anh\")...
12:43:01.137249 POST /session/0f612d87-4c4e-4733-8812-0531b1bd4a38/element [13.069008ms] ERR:404 body={"strategy":"-android uiautomator","selector":"new UiSelector().textMatches(\"(?is).*\\QTiếng Anh\...
12:43:01.150880 POST /session/0f612d87-4c4e-4733-8812-0531b1bd4a38/element [13.48812ms] ERR:404 body={"strategy":"-android uiautomator","selector":"new UiSelector().descriptionMatches(\"(?is).*\\QTiế...
12:43:01.163909 POST /session/0f612d87-4c4e-4733-8812-0531b1bd4a38/element [12.944741ms] ERR:404 body={"strategy":"-android uiautomator","selector":"new UiSelector().textContains(\"Tiếng Anh\")"}
12:43:01.176867 POST /session/0f612d87-4c4e-4733-8812-0531b1bd4a38/element [12.853304ms] ERR:404 body={"strategy":"-android uiautomator","selector":"new UiSelector().descriptionContains(\"Tiếng Anh\")...
12:43:01.190742 POST /session/0f612d87-4c4e-4733-8812-0531b1bd4a38/element [13.758891ms] ERR:404 body={"strategy":"-android uiautomator","selector":"new UiSelector().textMatches(\"(?is).*\\QTiếng Anh\...
12:43:01.203774 POST /session/0f612d87-4c4e-4733-8812-0531b1bd4a38/element [12.912581ms] ERR:404 body={"strategy":"-android uiautomator","selector":"new UiSelector().descriptionMatches(\"(?is).*\\QTiế...
12:43:01.217496 POST /session/0f612d87-4c4e-4733-8812-0531b1bd4a38/element [13.587165ms] ERR:404 body={"strategy":"-android uiautomator","selector":"new UiSelector().textContains(\"Tiếng Anh\")"}
12:43:01.230172 POST /session/0f612d87-4c4e-4733-8812-0531b1bd4a38/element [12.59207ms] ERR:404 body={"strategy":"-android uiautomator","selector":"new UiSelector().descriptionContains(\"Tiếng Anh\")...
12:43:01.243626 POST /session/0f612d87-4c4e-4733-8812-0531b1bd4a38/element [13.339759ms] ERR:404 body={"strategy":"-android uiautomator","selector":"new UiSelector().textMatches(\"(?is).*\\QTiếng Anh\...
12:43:01.258636 POST /session/0f612d87-4c4e-4733-8812-0531b1bd4a38/element [14.927548ms] ERR:404 body={"strategy":"-android uiautomator","selector":"new UiSelector().descriptionMatches(\"(?is).*\\QTiế...
12:43:01.271447 POST /session/0f612d87-4c4e-4733-8812-0531b1bd4a38/element [12.733885ms] ERR:404 body={"strategy":"-android uiautomator","selector":"new UiSelector().textContains(\"Tiếng Anh\")"}
12:43:01.285971 POST /session/0f612d87-4c4e-4733-8812-0531b1bd4a38/element [14.424276ms] ERR:404 body={"strategy":"-android uiautomator","selector":"new UiSelector().descriptionContains(\"Tiếng Anh\")...
12:43:01.298880 POST /session/0f612d87-4c4e-4733-8812-0531b1bd4a38/element [12.82629ms] ERR:404 body={"strategy":"-android uiautomator","selector":"new UiSelector().textMatches(\"(?is).*\\QTiếng Anh\...
12:43:01.311676 POST /session/0f612d87-4c4e-4733-8812-0531b1bd4a38/element [12.711274ms] ERR:404 body={"strategy":"-android uiautomator","selector":"new UiSelector().descriptionMatches(\"(?is).*\\QTiế...
12:43:01.324430 POST /session/0f612d87-4c4e-4733-8812-0531b1bd4a38/element [12.660659ms] ERR:404 body={"strategy":"-android uiautomator","selector":"new UiSelector().textContains(\"Tiếng Anh\")"}
12:43:01.343492 POST /session/0f612d87-4c4e-4733-8812-0531b1bd4a38/element [18.982305ms] ERR:404 body={"strategy":"-android uiautomator","selector":"new UiSelector().descriptionContains(\"Tiếng Anh\")...
12:43:01.357706 POST /session/0f612d87-4c4e-4733-8812-0531b1bd4a38/element [14.139971ms] ERR:404 body={"strategy":"-android uiautomator","selector":"new UiSelector().textMatches(\"(?is).*\\QTiếng Anh\...
12:43:01.371243 POST /session/0f612d87-4c4e-4733-8812-0531b1bd4a38/element [13.45116ms] ERR:404 body={"strategy":"-android uiautomator","selector":"new UiSelector().descriptionMatches(\"(?is).*\\QTiế...
12:43:01.385108 POST /session/0f612d87-4c4e-4733-8812-0531b1bd4a38/element [13.763821ms] ERR:404 body={"strategy":"-android uiautomator","selector":"new UiSelector().textContains(\"Tiếng Anh\")"}
12:43:01.399076 POST /session/0f612d87-4c4e-4733-8812-0531b1bd4a38/element [13.911572ms] ERR:404 body={"strategy":"-android uiautomator","selector":"new UiSelector().descriptionContains(\"Tiếng Anh\")...
12:43:01.411069 POST /session/0f612d87-4c4e-4733-8812-0531b1bd4a38/element [11.901464ms] ERR:404 body={"strategy":"-android uiautomator","selector":"new UiSelector().textMatches(\"(?is).*\\QTiếng Anh\...
12:43:01.422850 POST /session/0f612d87-4c4e-4733-8812-0531b1bd4a38/element [11.722737ms] ERR:404 body={"strategy":"-android uiautomator","selector":"new UiSelector().descriptionMatches(\"(?is).*\\QTiế...
12:43:01.434752 POST /session/0f612d87-4c4e-4733-8812-0531b1bd4a38/element [11.842202ms] ERR:404 body={"strategy":"-android uiautomator","selector":"new UiSelector().textContains(\"Tiếng Anh\")"}
12:43:01.446803 POST /session/0f612d87-4c4e-4733-8812-0531b1bd4a38/element [11.975594ms] ERR:404 body={"strategy":"-android uiautomator","selector":"new UiSelector().descriptionContains(\"Tiếng Anh\")...
12:43:01.458933 POST /session/0f612d87-4c4e-4733-8812-0531b1bd4a38/element [12.06745ms] ERR:404 body={"strategy":"-android uiautomator","selector":"new UiSelector().textMatches(\"(?is).*\\QTiếng Anh\...
12:43:01.470707 POST /session/0f612d87-4c4e-4733-8812-0531b1bd4a38/element [11.694433ms] ERR:404 body={"strategy":"-android uiautomator","selector":"new UiSelector().descriptionMatches(\"(?is).*\\QTiế...
12:43:01.483493 POST /session/0f612d87-4c4e-4733-8812-0531b1bd4a38/element [12.669774ms] ERR:404 body={"strategy":"-android uiautomator","selector":"new UiSelector().textContains(\"Tiếng Anh\")"}
12:43:01.495607 POST /session/0f612d87-4c4e-4733-8812-0531b1bd4a38/element [12.050154ms] ERR:404 body={"strategy":"-android uiautomator","selector":"new UiSelector().descriptionContains(\"Tiếng Anh\")...
12:43:01.507513 POST /session/0f612d87-4c4e-4733-8812-0531b1bd4a38/element [11.826082ms] ERR:404 body={"strategy":"-android uiautomator","selector":"new UiSelector().textMatches(\"(?is).*\\QTiếng Anh\...
12:43:01.520127 POST /session/0f612d87-4c4e-4733-8812-0531b1bd4a38/element [12.543435ms] ERR:404 body={"strategy":"-android uiautomator","selector":"new UiSelector().descriptionMatches(\"(?is).*\\QTiế...
12:43:01.532140 POST /session/0f612d87-4c4e-4733-8812-0531b1bd4a38/element [11.897599ms] ERR:404 body={"strategy":"-android uiautomator","selector":"new UiSelector().textContains(\"Tiếng Anh\")"}
12:43:01.543983 POST /session/0f612d87-4c4e-4733-8812-0531b1bd4a38/element [11.785024ms] ERR:404 body={"strategy":"-android uiautomator","selector":"new UiSelector().descriptionContains(\"Tiếng Anh\")...
12:43:01.562904 POST /session/0f612d87-4c4e-4733-8812-0531b1bd4a38/element [18.858279ms] ERR:404 body={"strategy":"-android uiautomator","selector":"new UiSelector().textMatches(\"(?is).*\\QTiếng Anh\...
12:43:01.575386 POST /session/0f612d87-4c4e-4733-8812-0531b1bd4a38/element [12.361074ms] ERR:404 body={"strategy":"-android uiautomator","selector":"new UiSelector().descriptionMatches(\"(?is).*\\QTiế...
12:43:01.588496 POST /session/0f612d87-4c4e-4733-8812-0531b1bd4a38/element [13.037359ms] ERR:404 body={"strategy":"-android uiautomator","selector":"new UiSelector().textContains(\"Tiếng Anh\")"}
12:43:01.601087 POST /session/0f612d87-4c4e-4733-8812-0531b1bd4a38/element [12.318582ms] ERR:404 body={"strategy":"-android uiautomator","selector":"new UiSelector().descriptionContains(\"Tiếng Anh\")...
12:43:01.613818 POST /session/0f612d87-4c4e-4733-8812-0531b1bd4a38/element [12.648554ms] ERR:404 body={"strategy":"-android uiautomator","selector":"new UiSelector().textMatches(\"(?is).*\\QTiếng Anh\...
12:43:01.626264 POST /session/0f612d87-4c4e-4733-8812-0531b1bd4a38/element [12.365999ms] ERR:404 body={"strategy":"-android uiautomator","selector":"new UiSelector().descriptionMatches(\"(?is).*\\QTiế...
12:43:01.639108 POST /session/0f612d87-4c4e-4733-8812-0531b1bd4a38/element [12.739459ms] ERR:404 body={"strategy":"-android uiautomator","selector":"new UiSelector().textContains(\"Tiếng Anh\")"}
12:43:01.651914 POST /session/0f612d87-4c4e-4733-8812-0531b1bd4a38/element [12.728466ms] ERR:404 body={"strategy":"-android uiautomator","selector":"new UiSelector().descriptionContains(\"Tiếng Anh\")...
12:43:01.664767 POST /session/0f612d87-4c4e-4733-8812-0531b1bd4a38/element [12.766546ms] ERR:404 body={"strategy":"-android uiautomator","selector":"new UiSelector().textMatches(\"(?is).*\\QTiếng Anh\...
12:43:01.676901 POST /session/0f612d87-4c4e-4733-8812-0531b1bd4a38/element [12.058693ms] ERR:404 body={"strategy":"-android uiautomator","selector":"new UiSelector().descriptionMatches(\"(?is).*\\QTiế...
12:43:01.689043 POST /session/0f612d87-4c4e-4733-8812-0531b1bd4a38/element [12.061855ms] ERR:404 body={"strategy":"-android uiautomator","selector":"new UiSelector().textContains(\"Tiếng Anh\")"}
12:43:01.702578 POST /session/0f612d87-4c4e-4733-8812-0531b1bd4a38/element [13.428856ms] ERR:404 body={"strategy":"-android uiautomator","selector":"new UiSelector().descriptionContains(\"Tiếng Anh\")...
12:43:01.716837 POST /session/0f612d87-4c4e-4733-8812-0531b1bd4a38/element [14.156151ms] ERR:404 body={"strategy":"-android uiautomator","selector":"new UiSelector().textMatches(\"(?is).*\\QTiếng Anh\...
12:43:01.730201 POST /session/0f612d87-4c4e-4733-8812-0531b1bd4a38/element [13.254218ms] ERR:404 body={"strategy":"-android uiautomator","selector":"new UiSelector().descriptionMatches(\"(?is).*\\QTiế...
12:43:01.742619 POST /session/0f612d87-4c4e-4733-8812-0531b1bd4a38/element [12.287192ms] ERR:404 body={"strategy":"-android uiautomator","selector":"new UiSelector().textContains(\"Tiếng Anh\")"}
12:43:01.755653 POST /session/0f612d87-4c4e-4733-8812-0531b1bd4a38/element [12.934735ms] ERR:404 body={"strategy":"-android uiautomator","selector":"new UiSelector().descriptionContains(\"Tiếng Anh\")...
12:43:01.768131 POST /session/0f612d87-4c4e-4733-8812-0531b1bd4a38/element [12.374016ms] ERR:404 body={"strategy":"-android uiautomator","selector":"new UiSelector().textMatches(\"(?is).*\\QTiếng Anh\...
12:43:01.785156 POST /session/0f612d87-4c4e-4733-8812-0531b1bd4a38/element [16.906656ms] ERR:404 body={"strategy":"-android uiautomator","selector":"new UiSelector().descriptionMatches(\"(?is).*\\QTiế...
12:43:01.797524 POST /session/0f612d87-4c4e-4733-8812-0531b1bd4a38/element [12.272164ms] ERR:404 body={"strategy":"-android uiautomator","selector":"new UiSelector().textContains(\"Tiếng Anh\")"}
12:43:01.809697 POST /session/0f612d87-4c4e-4733-8812-0531b1bd4a38/element [12.067265ms] ERR:404 body={"strategy":"-android uiautomator","selector":"new UiSelector().descriptionContains(\"Tiếng Anh\")...
12:43:01.823782 POST /session/0f612d87-4c4e-4733-8812-0531b1bd4a38/element [13.998777ms] ERR:404 body={"strategy":"-android uiautomator","selector":"new UiSelector().textMatches(\"(?is).*\\QTiếng Anh\...
12:43:01.835950 POST /session/0f612d87-4c4e-4733-8812-0531b1bd4a38/element [12.075113ms] ERR:404 body={"strategy":"-android uiautomator","selector":"new UiSelector().descriptionMatches(\"(?is).*\\QTiế...
12:43:01.848506 POST /session/0f612d87-4c4e-4733-8812-0531b1bd4a38/element [12.469055ms] ERR:404 body={"strategy":"-android uiautomator","selector":"new UiSelector().textContains(\"Tiếng Anh\")"}
12:43:01.860669 POST /session/0f612d87-4c4e-4733-8812-0531b1bd4a38/element [12.053358ms] ERR:404 body={"strategy":"-android uiautomator","selector":"new UiSelector().descriptionContains(\"Tiếng Anh\")...
12:43:01.873131 POST /session/0f612d87-4c4e-4733-8812-0531b1bd4a38/element [12.398475ms] ERR:404 body={"strategy":"-android uiautomator","selector":"new UiSelector().textMatches(\"(?is).*\\QTiếng Anh\...
12:43:01.887366 POST /session/0f612d87-4c4e-4733-8812-0531b1bd4a38/element [14.169206ms] ERR:404 body={"strategy":"-android uiautomator","selector":"new UiSelector().descriptionMatches(\"(?is).*\\QTiế...
12:43:01.899706 POST /session/0f612d87-4c4e-4733-8812-0531b1bd4a38/element [12.266624ms] ERR:404 body={"strategy":"-android uiautomator","selector":"new UiSelector().textContains(\"Tiếng Anh\")"}
12:43:01.911992 POST /session/0f612d87-4c4e-4733-8812-0531b1bd4a38/element [12.169821ms] ERR:404 body={"strategy":"-android uiautomator","selector":"new UiSelector().descriptionContains(\"Tiếng Anh\")...
12:43:01.925716 POST /session/0f612d87-4c4e-4733-8812-0531b1bd4a38/element [13.646038ms] ERR:404 body={"strategy":"-android uiautomator","selector":"new UiSelector().textMatches(\"(?is).*\\QTiếng Anh\...
12:43:01.938379 POST /session/0f612d87-4c4e-4733-8812-0531b1bd4a38/element [12.560636ms] ERR:404 body={"strategy":"-android uiautomator","selector":"new UiSelector().descriptionMatches(\"(?is).*\\QTiế...
12:43:01.951532 POST /session/0f612d87-4c4e-4733-8812-0531b1bd4a38/element [13.045074ms] ERR:404 body={"strategy":"-android uiautomator","selector":"new UiSelector().textContains(\"Tiếng Anh\")"}
12:43:01.963659 POST /session/0f612d87-4c4e-4733-8812-0531b1bd4a38/element [12.04657ms] ERR:404 body={"strategy":"-android uiautomator","selector":"new UiSelector().descriptionContains(\"Tiếng Anh\")...
12:43:01.978154 POST /session/0f612d87-4c4e-4733-8812-0531b1bd4a38/element [14.381498ms] ERR:404 body={"strategy":"-android uiautomator","selector":"new UiSelector().textMatches(\"(?is).*\\QTiếng Anh\...
12:43:01.990846 POST /session/0f612d87-4c4e-4733-8812-0531b1bd4a38/element [12.558575ms] ERR:404 body={"strategy":"-android uiautomator","selector":"new UiSelector().descriptionMatches(\"(?is).*\\QTiế...
12:43:02.076734 GET /session/0f612d87-4c4e-4733-8812-0531b1bd4a38/source [85.723656ms] OK body=
12:43:02.090784 POST /session/0f612d87-4c4e-4733-8812-0531b1bd4a38/element [11.25318ms] OK body={"strategy":"-android uiautomator","selector":"new UiSelector().resourceIdMatches(\".*active-speakin...
12:43:02.100281 GET /session/0f612d87-4c4e-4733-8812-0531b1bd4a38/element/00000000-0000-0010-ffff-ffff000001db/text [9.432672ms] OK body=
12:43:02.110297 GET /session/0f612d87-4c4e-4733-8812-0531b1bd4a38/element/00000000-0000-0010-ffff-ffff000001db/rect [9.930723ms] OK body=
12:43:02.140157 POST /session/0f612d87-4c4e-4733-8812-0531b1bd4a38/element/00000000-0000-0010-ffff-ffff000001db/click [29.80796ms] OK body=
12:43:02.646723 POST /session/0f612d87-4c4e-4733-8812-0531b1bd4a38/element [505.347999ms] OK body={"strategy":"-android uiautomator","selector":"new UiSelector().resourceIdMatches(\".*cooking-next-b...
12:43:02.656398 GET /session/0f612d87-4c4e-4733-8812-0531b1bd4a38/element/00000000-0000-0010-ffff-ffff000001f4/text [9.608467ms] OK body=
12:43:02.667260 GET /session/0f612d87-4c4e-4733-8812-0531b1bd4a38/element/00000000-0000-0010-ffff-ffff000001f4/rect [10.814991ms] OK body=
12:43:02.698690 POST /session/0f612d87-4c4e-4733-8812-0531b1bd4a38/element/00000000-0000-0010-ffff-ffff000001f4/click [31.35569ms] OK body=
12:43:02.712578 POST /session/0f612d87-4c4e-4733-8812-0531b1bd4a38/element [12.63122ms] OK body={"strategy":"-android uiautomator","selector":"new UiSelector().resourceIdMatches(\".*cooking-back-b...
12:43:02.725981 GET /session/0f612d87-4c4e-4733-8812-0531b1bd4a38/element/00000000-0000-0010-ffff-ffff000001f2/text [13.357746ms] OK body=
12:43:02.737913 GET /session/0f612d87-4c4e-4733-8812-0531b1bd4a38/element/00000000-0000-0010-ffff-ffff000001f2/rect [11.880663ms] OK body=
12:43:02.765719 POST /session/0f612d87-4c4e-4733-8812-0531b1bd4a38/element/00000000-0000-0010-ffff-ffff000001f2/click [27.7496ms] OK body=
12:43:07.912955 POST /session/0f612d87-4c4e-4733-8812-0531b1bd4a38/appium/device/launch_app [2.953148ms] ERR:404 body={"appId":"com.tastopia.app"}
12:43:10.851761 POST /session/0f612d87-4c4e-4733-8812-0531b1bd4a38/element [1.234811516s] OK body={"strategy":"-android uiautomator","selector":"new UiSelector().resourceIdMatches(\".*MENU.*\")"}
12:43:12.881592 GET /session/0f612d87-4c4e-4733-8812-0531b1bd4a38/element/00000000-0000-0012-ffff-ffff0000008e/text [2.029734219s] OK body=
12:43:12.892893 GET /session/0f612d87-4c4e-4733-8812-0531b1bd4a38/element/00000000-0000-0012-ffff-ffff0000008e/rect [11.240063ms] OK body=
12:43:12.921470 POST /session/0f612d87-4c4e-4733-8812-0531b1bd4a38/element [27.964917ms] ERR:404 body={"strategy":"-android uiautomator","selector":"new UiSelector().resourceIdMatches(\".*MENU.*\").clic...
12:43:12.953411 POST /session/0f612d87-4c4e-4733-8812-0531b1bd4a38/element [31.791997ms] OK body={"strategy":"-android uiautomator","selector":"new UiSelector().resourceIdMatches(\".*MENU.*\")"}
12:43:12.963229 GET /session/0f612d87-4c4e-4733-8812-0531b1bd4a38/element/00000000-0000-0012-ffff-ffff0000008e/text [9.733908ms] OK body=
12:43:12.973328 GET /session/0f612d87-4c4e-4733-8812-0531b1bd4a38/element/00000000-0000-0012-ffff-ffff0000008e/rect [10.045386ms] OK body=
12:43:13.252918 POST /session/0f612d87-4c4e-4733-8812-0531b1bd4a38/element/00000000-0000-0012-ffff-ffff0000008e/click [279.50226ms] OK body=
12:43:13.257176 POST /session/0f612d87-4c4e-4733-8812-0531b1bd4a38/appium/device/hide_keyboard [4.167715ms] ERR:404 body=
12:43:13.963648 POST /session/0f612d87-4c4e-4733-8812-0531b1bd4a38/element [706.088281ms] OK body={"strategy":"-android uiautomator","selector":"new UiSelector().textContains(\"History\")"}
12:43:13.976837 POST /session/0f612d87-4c4e-4733-8812-0531b1bd4a38/element [12.874954ms] OK body={"strategy":"-android uiautomator","selector":"new UiSelector().resourceIdMatches(\".*menu-logout-bu...
12:43:13.985575 GET /session/0f612d87-4c4e-4733-8812-0531b1bd4a38/element/00000000-0000-0012-ffff-ffff000000c5/text [8.677201ms] OK body=
12:43:13.994285 GET /session/0f612d87-4c4e-4733-8812-0531b1bd4a38/element/00000000-0000-0012-ffff-ffff000000c5/rect [8.654048ms] OK body=
12:43:14.025435 POST /session/0f612d87-4c4e-4733-8812-0531b1bd4a38/element/00000000-0000-0012-ffff-ffff000000c5/click [31.058483ms] OK body=
12:43:14.047896 POST /session/0f612d87-4c4e-4733-8812-0531b1bd4a38/element [22.008314ms] ERR:404 body={"strategy":"-android uiautomator","selector":"new UiSelector().textContains(\"Welcome to\")"}
12:43:14.068050 POST /session/0f612d87-4c4e-4733-8812-0531b1bd4a38/element [20.028854ms] ERR:404 body={"strategy":"-android uiautomator","selector":"new UiSelector().descriptionContains(\"Welcome to\")"...
12:43:14.086090 POST /session/0f612d87-4c4e-4733-8812-0531b1bd4a38/element [17.926947ms] ERR:404 body={"strategy":"-android uiautomator","selector":"new UiSelector().textMatches(\"(?is).*\\QWelcome to\\...
12:43:14.104045 POST /session/0f612d87-4c4e-4733-8812-0531b1bd4a38/element [17.837686ms] ERR:404 body={"strategy":"-android uiautomator","selector":"new UiSelector().descriptionMatches(\"(?is).*\\QWelco...
12:43:14.124554 POST /session/0f612d87-4c4e-4733-8812-0531b1bd4a38/element [20.344451ms] ERR:404 body={"strategy":"-android uiautomator","selector":"new UiSelector().textContains(\"Welcome to\")"}
12:43:14.150650 POST /session/0f612d87-4c4e-4733-8812-0531b1bd4a38/element [25.943687ms] ERR:404 body={"strategy":"-android uiautomator","selector":"new UiSelector().descriptionContains(\"Welcome to\")"...
12:43:14.170359 POST /session/0f612d87-4c4e-4733-8812-0531b1bd4a38/element [19.503441ms] ERR:404 body={"strategy":"-android uiautomator","selector":"new UiSelector().textMatches(\"(?is).*\\QWelcome to\\...
12:43:14.191133 POST /session/0f612d87-4c4e-4733-8812-0531b1bd4a38/element [20.683733ms] ERR:404 body={"strategy":"-android uiautomator","selector":"new UiSelector().descriptionMatches(\"(?is).*\\QWelco...
12:43:14.211266 POST /session/0f612d87-4c4e-4733-8812-0531b1bd4a38/element [19.997245ms] ERR:404 body={"strategy":"-android uiautomator","selector":"new UiSelector().textContains(\"Welcome to\")"}
12:43:14.229433 POST /session/0f612d87-4c4e-4733-8812-0531b1bd4a38/element [18.015612ms] ERR:404 body={"strategy":"-android uiautomator","selector":"new UiSelector().descriptionContains(\"Welcome to\")"...
12:43:14.251006 POST /session/0f612d87-4c4e-4733-8812-0531b1bd4a38/element [21.46574ms] ERR:404 body={"strategy":"-android uiautomator","selector":"new UiSelector().textMatches(\"(?is).*\\QWelcome to\\...
12:43:14.273678 POST /session/0f612d87-4c4e-4733-8812-0531b1bd4a38/element [22.607489ms] ERR:404 body={"strategy":"-android uiautomator","selector":"new UiSelector().descriptionMatches(\"(?is).*\\QWelco...
12:43:14.293577 POST /session/0f612d87-4c4e-4733-8812-0531b1bd4a38/element [19.80362ms] ERR:404 body={"strategy":"-android uiautomator","selector":"new UiSelector().textContains(\"Welcome to\")"}
12:43:14.316469 POST /session/0f612d87-4c4e-4733-8812-0531b1bd4a38/element [22.790079ms] ERR:404 body={"strategy":"-android uiautomator","selector":"new UiSelector().descriptionContains(\"Welcome to\")"...
12:43:14.345062 POST /session/0f612d87-4c4e-4733-8812-0531b1bd4a38/element [28.459772ms] ERR:404 body={"strategy":"-android uiautomator","selector":"new UiSelector().textMatches(\"(?is).*\\QWelcome to\\...
12:43:14.366691 POST /session/0f612d87-4c4e-4733-8812-0531b1bd4a38/element [21.537086ms] ERR:404 body={"strategy":"-android uiautomator","selector":"new UiSelector().descriptionMatches(\"(?is).*\\QWelco...
12:43:14.388347 POST /session/0f612d87-4c4e-4733-8812-0531b1bd4a38/element [21.510844ms] ERR:404 body={"strategy":"-android uiautomator","selector":"new UiSelector().textContains(\"Welcome to\")"}
12:43:14.409783 POST /session/0f612d87-4c4e-4733-8812-0531b1bd4a38/element [21.282824ms] ERR:404 body={"strategy":"-android uiautomator","selector":"new UiSelector().descriptionContains(\"Welcome to\")"...
12:43:14.430936 POST /session/0f612d87-4c4e-4733-8812-0531b1bd4a38/element [21.048963ms] ERR:404 body={"strategy":"-android uiautomator","selector":"new UiSelector().textMatches(\"(?is).*\\QWelcome to\\...
12:43:14.454742 POST /session/0f612d87-4c4e-4733-8812-0531b1bd4a38/element [23.718676ms] ERR:404 body={"strategy":"-android uiautomator","selector":"new UiSelector().descriptionMatches(\"(?is).*\\QWelco...
12:43:14.475180 POST /session/0f612d87-4c4e-4733-8812-0531b1bd4a38/element [20.326157ms] ERR:404 body={"strategy":"-android uiautomator","selector":"new UiSelector().textContains(\"Welcome to\")"}
12:43:14.497171 POST /session/0f612d87-4c4e-4733-8812-0531b1bd4a38/element [21.865615ms] ERR:404 body={"strategy":"-android uiautomator","selector":"new UiSelector().descriptionContains(\"Welcome to\")"...
12:43:14.519560 POST /session/0f612d87-4c4e-4733-8812-0531b1bd4a38/element [22.300908ms] ERR:404 body={"strategy":"-android uiautomator","selector":"new UiSelector().textMatches(\"(?is).*\\QWelcome to\\...
12:43:14.542001 POST /session/0f612d87-4c4e-4733-8812-0531b1bd4a38/element [22.307069ms] ERR:404 body={"strategy":"-android uiautomator","selector":"new UiSelector().descriptionMatches(\"(?is).*\\QWelco...
12:43:14.565201 POST /session/0f612d87-4c4e-4733-8812-0531b1bd4a38/element [23.064289ms] ERR:404 body={"strategy":"-android uiautomator","selector":"new UiSelector().textContains(\"Welcome to\")"}
12:43:14.587199 POST /session/0f612d87-4c4e-4733-8812-0531b1bd4a38/element [21.834426ms] ERR:404 body={"strategy":"-android uiautomator","selector":"new UiSelector().descriptionContains(\"Welcome to\")"...
12:43:14.608558 POST /session/0f612d87-4c4e-4733-8812-0531b1bd4a38/element [21.250393ms] ERR:404 body={"strategy":"-android uiautomator","selector":"new UiSelector().textMatches(\"(?is).*\\QWelcome to\\...
12:43:14.636671 POST /session/0f612d87-4c4e-4733-8812-0531b1bd4a38/element [28.000154ms] ERR:404 body={"strategy":"-android uiautomator","selector":"new UiSelector().descriptionMatches(\"(?is).*\\QWelco...
12:43:14.657789 POST /session/0f612d87-4c4e-4733-8812-0531b1bd4a38/element [20.980603ms] ERR:404 body={"strategy":"-android uiautomator","selector":"new UiSelector().textContains(\"Welcome to\")"}
12:43:14.678251 POST /session/0f612d87-4c4e-4733-8812-0531b1bd4a38/element [20.353739ms] ERR:404 body={"strategy":"-android uiautomator","selector":"new UiSelector().descriptionContains(\"Welcome to\")"...
12:43:14.700589 POST /session/0f612d87-4c4e-4733-8812-0531b1bd4a38/element [22.236305ms] ERR:404 body={"strategy":"-android uiautomator","selector":"new UiSelector().textMatches(\"(?is).*\\QWelcome to\\...
12:43:14.721017 POST /session/0f612d87-4c4e-4733-8812-0531b1bd4a38/element [20.2802ms] ERR:404 body={"strategy":"-android uiautomator","selector":"new UiSelector().descriptionMatches(\"(?is).*\\QWelco...
12:43:14.742326 POST /session/0f612d87-4c4e-4733-8812-0531b1bd4a38/element [21.180281ms] ERR:404 body={"strategy":"-android uiautomator","selector":"new UiSelector().textContains(\"Welcome to\")"}
12:43:14.766681 POST /session/0f612d87-4c4e-4733-8812-0531b1bd4a38/element [24.230082ms] ERR:404 body={"strategy":"-android uiautomator","selector":"new UiSelector().descriptionContains(\"Welcome to\")"...
12:43:14.788388 POST /session/0f612d87-4c4e-4733-8812-0531b1bd4a38/element [21.585436ms] ERR:404 body={"strategy":"-android uiautomator","selector":"new UiSelector().textMatches(\"(?is).*\\QWelcome to\\...
12:43:14.809579 POST /session/0f612d87-4c4e-4733-8812-0531b1bd4a38/element [21.092464ms] ERR:404 body={"strategy":"-android uiautomator","selector":"new UiSelector().descriptionMatches(\"(?is).*\\QWelco...
12:43:14.831464 POST /session/0f612d87-4c4e-4733-8812-0531b1bd4a38/element [21.718677ms] ERR:404 body={"strategy":"-android uiautomator","selector":"new UiSelector().textContains(\"Welcome to\")"}
12:43:14.852451 POST /session/0f612d87-4c4e-4733-8812-0531b1bd4a38/element [20.843904ms] ERR:404 body={"strategy":"-android uiautomator","selector":"new UiSelector().descriptionContains(\"Welcome to\")"...
12:43:14.873969 POST /session/0f612d87-4c4e-4733-8812-0531b1bd4a38/element [21.426395ms] ERR:404 body={"strategy":"-android uiautomator","selector":"new UiSelector().textMatches(\"(?is).*\\QWelcome to\\...
12:43:14.899081 POST /session/0f612d87-4c4e-4733-8812-0531b1bd4a38/element [24.979467ms] ERR:404 body={"strategy":"-android uiautomator","selector":"new UiSelector().descriptionMatches(\"(?is).*\\QWelco...
12:43:14.936077 POST /session/0f612d87-4c4e-4733-8812-0531b1bd4a38/element [36.87061ms] ERR:404 body={"strategy":"-android uiautomator","selector":"new UiSelector().textContains(\"Welcome to\")"}
12:43:14.957131 POST /session/0f612d87-4c4e-4733-8812-0531b1bd4a38/element [20.941579ms] ERR:404 body={"strategy":"-android uiautomator","selector":"new UiSelector().descriptionContains(\"Welcome to\")"...
12:43:14.977931 POST /session/0f612d87-4c4e-4733-8812-0531b1bd4a38/element [20.681769ms] ERR:404 body={"strategy":"-android uiautomator","selector":"new UiSelector().textMatches(\"(?is).*\\QWelcome to\\...
12:43:14.999398 POST /session/0f612d87-4c4e-4733-8812-0531b1bd4a38/element [21.315206ms] ERR:404 body={"strategy":"-android uiautomator","selector":"new UiSelector().descriptionMatches(\"(?is).*\\QWelco...
12:43:15.020568 POST /session/0f612d87-4c4e-4733-8812-0531b1bd4a38/element [21.029675ms] ERR:404 body={"strategy":"-android uiautomator","selector":"new UiSelector().textContains(\"Welcome to\")"}
12:43:15.049079 POST /session/0f612d87-4c4e-4733-8812-0531b1bd4a38/element [28.380542ms] ERR:404 body={"strategy":"-android uiautomator","selector":"new UiSelector().descriptionContains(\"Welcome to\")"...
12:43:15.071438 POST /session/0f612d87-4c4e-4733-8812-0531b1bd4a38/element [22.210015ms] ERR:404 body={"strategy":"-android uiautomator","selector":"new UiSelector().textMatches(\"(?is).*\\QWelcome to\\...
12:43:16.059955 POST /session/0f612d87-4c4e-4733-8812-0531b1bd4a38/element [988.404425ms] ERR:404 body={"strategy":"-android uiautomator","selector":"new UiSelector().descriptionMatches(\"(?is).*\\QWelco...
12:43:16.091015 POST /session/0f612d87-4c4e-4733-8812-0531b1bd4a38/element [30.980655ms] OK body={"strategy":"-android uiautomator","selector":"new UiSelector().textContains(\"Welcome to\")"}
12:43:16.101867 POST /session/0f612d87-4c4e-4733-8812-0531b1bd4a38/element [10.489676ms] OK body={"strategy":"-android uiautomator","selector":"new UiSelector().textContains(\"Tastopia\")"}
12:43:16.114438 POST /session/0f612d87-4c4e-4733-8812-0531b1bd4a38/appium/settings [11.5928ms] OK body={"settings":{"waitForIdleTimeout":200}}
12:43:21.049131 POST /session/0f612d87-4c4e-4733-8812-0531b1bd4a38/appium/device/launch_app [2.767368ms] ERR:404 body={"appId":"com.tastopia.app"}
12:43:23.920980 POST /session/0f612d87-4c4e-4733-8812-0531b1bd4a38/element [1.087486097s] OK body={"strategy":"-android uiautomator","selector":"new UiSelector().resourceIdMatches(\".*welcome-sign-i...
12:43:23.976422 GET /session/0f612d87-4c4e-4733-8812-0531b1bd4a38/element/00000000-0000-0014-ffff-ffff00000021/text [55.366911ms] OK body=
12:43:24.000056 GET /session/0f612d87-4c4e-4733-8812-0531b1bd4a38/element/00000000-0000-0014-ffff-ffff00000021/rect [23.548355ms] OK body=
12:43:24.043803 POST /session/0f612d87-4c4e-4733-8812-0531b1bd4a38/element/00000000-0000-0014-ffff-ffff00000021/click [43.605616ms] OK body=
12:43:24.077103 POST /session/0f612d87-4c4e-4733-8812-0531b1bd4a38/element [32.965478ms] ERR:404 body={"strategy":"-android uiautomator","selector":"new UiSelector().resourceIdMatches(\".*login-identifi...
12:43:24.087457 POST /session/0f612d87-4c4e-4733-8812-0531b1bd4a38/element [10.222758ms] ERR:404 body={"strategy":"-android uiautomator","selector":"new UiSelector().resourceIdMatches(\".*login-identifi...
12:43:24.098264 POST /session/0f612d87-4c4e-4733-8812-0531b1bd4a38/element [10.686784ms] ERR:404 body={"strategy":"-android uiautomator","selector":"new UiSelector().resourceIdMatches(\".*login-identifi...
12:43:24.107247 POST /session/0f612d87-4c4e-4733-8812-0531b1bd4a38/element [8.880061ms] ERR:404 body={"strategy":"-android uiautomator","selector":"new UiSelector().resourceIdMatches(\".*login-identifi...
12:43:24.123202 POST /session/0f612d87-4c4e-4733-8812-0531b1bd4a38/element [15.800684ms] ERR:404 body={"strategy":"-android uiautomator","selector":"new UiSelector().resourceIdMatches(\".*login-identifi...
12:43:24.140554 POST /session/0f612d87-4c4e-4733-8812-0531b1bd4a38/element [17.176837ms] ERR:404 body={"strategy":"-android uiautomator","selector":"new UiSelector().resourceIdMatches(\".*login-identifi...
12:43:24.156551 POST /session/0f612d87-4c4e-4733-8812-0531b1bd4a38/element [15.881588ms] ERR:404 body={"strategy":"-android uiautomator","selector":"new UiSelector().resourceIdMatches(\".*login-identifi...
12:43:24.170728 POST /session/0f612d87-4c4e-4733-8812-0531b1bd4a38/element [14.050496ms] ERR:404 body={"strategy":"-android uiautomator","selector":"new UiSelector().resourceIdMatches(\".*login-identifi...
12:43:24.189719 POST /session/0f612d87-4c4e-4733-8812-0531b1bd4a38/element [18.836295ms] ERR:404 body={"strategy":"-android uiautomator","selector":"new UiSelector().resourceIdMatches(\".*login-identifi...
12:43:25.008738 POST /session/0f612d87-4c4e-4733-8812-0531b1bd4a38/element [818.910526ms] OK body={"strategy":"-android uiautomator","selector":"new UiSelector().resourceIdMatches(\".*login-identifi...
12:43:25.018792 POST /session/0f612d87-4c4e-4733-8812-0531b1bd4a38/element [9.715698ms] OK body={"strategy":"-android uiautomator","selector":"new UiSelector().resourceIdMatches(\".*login-identifi...
12:43:25.028494 GET /session/0f612d87-4c4e-4733-8812-0531b1bd4a38/element/00000000-0000-0014-ffff-ffff0000002f/text [9.667068ms] OK body=
12:43:25.038572 GET /session/0f612d87-4c4e-4733-8812-0531b1bd4a38/element/00000000-0000-0014-ffff-ffff0000002f/rect [10.046475ms] OK body=
12:43:25.349474 POST /session/0f612d87-4c4e-4733-8812-0531b1bd4a38/element/00000000-0000-0014-ffff-ffff0000002f/click [310.835141ms] OK body=
12:43:26.381519 POST /session/0f612d87-4c4e-4733-8812-0531b1bd4a38/actions [1.031392481s] OK body={"actions":[{"actions":[{"type":"keyDown","value":"a"},{"type":"keyUp","value":"a"},{"type":"keyDown...
12:43:26.393402 POST /session/0f612d87-4c4e-4733-8812-0531b1bd4a38/appium/device/hide_keyboard [11.789941ms] ERR:404 body=
12:43:27.041487 POST /session/0f612d87-4c4e-4733-8812-0531b1bd4a38/element [647.739372ms] OK body={"strategy":"-android uiautomator","selector":"new UiSelector().resourceIdMatches(\".*login-password...
12:43:27.049904 POST /session/0f612d87-4c4e-4733-8812-0531b1bd4a38/element [7.868795ms] OK body={"strategy":"-android uiautomator","selector":"new UiSelector().resourceIdMatches(\".*login-password...
12:43:27.058094 GET /session/0f612d87-4c4e-4733-8812-0531b1bd4a38/element/00000000-0000-0014-ffff-ffff00000030/text [8.160401ms] OK body=
12:43:27.066967 GET /session/0f612d87-4c4e-4733-8812-0531b1bd4a38/element/00000000-0000-0014-ffff-ffff00000030/rect [8.84345ms] OK body=
12:43:27.717089 POST /session/0f612d87-4c4e-4733-8812-0531b1bd4a38/element/00000000-0000-0014-ffff-ffff00000030/click [650.065617ms] OK body=
12:43:28.488417 POST /session/0f612d87-4c4e-4733-8812-0531b1bd4a38/actions [770.942975ms] OK body={"actions":[{"actions":[{"type":"keyDown","value":"P"},{"type":"keyUp","value":"P"},{"type":"keyDown...
12:43:28.497894 POST /session/0f612d87-4c4e-4733-8812-0531b1bd4a38/appium/device/hide_keyboard [9.359937ms] ERR:404 body=
12:43:29.049908 POST /session/0f612d87-4c4e-4733-8812-0531b1bd4a38/element [551.68006ms] OK body={"strategy":"-android uiautomator","selector":"new UiSelector().resourceIdMatches(\".*login-submit-b...
12:43:29.060442 GET /session/0f612d87-4c4e-4733-8812-0531b1bd4a38/element/00000000-0000-0014-ffff-ffff00000049/text [10.473512ms] OK body=
12:43:29.072704 GET /session/0f612d87-4c4e-4733-8812-0531b1bd4a38/element/00000000-0000-0014-ffff-ffff00000049/rect [12.224403ms] OK body=
12:43:29.105032 POST /session/0f612d87-4c4e-4733-8812-0531b1bd4a38/element/00000000-0000-0014-ffff-ffff00000049/click [32.265665ms] OK body=
12:43:29.116186 POST /session/0f612d87-4c4e-4733-8812-0531b1bd4a38/element [11.094256ms] OK body={"strategy":"-android uiautomator","selector":"new UiSelector().resourceIdMatches(\".*login-submit-b...
12:43:29.138533 GET /session/0f612d87-4c4e-4733-8812-0531b1bd4a38/element/00000000-0000-0014-ffff-ffff00000049/text [22.292439ms] OK body=
12:43:29.782481 GET /session/0f612d87-4c4e-4733-8812-0531b1bd4a38/element/00000000-0000-0014-ffff-ffff00000049/rect [643.86977ms] OK body=
12:43:29.812894 POST /session/0f612d87-4c4e-4733-8812-0531b1bd4a38/element/00000000-0000-0014-ffff-ffff00000049/click [30.333155ms] OK body=
12:43:29.836961 POST /session/0f612d87-4c4e-4733-8812-0531b1bd4a38/element [23.706105ms] ERR:404 body={"strategy":"-android uiautomator","selector":"new UiSelector().resourceIdMatches(\".*COMMUNITY.*\")...
12:43:29.847959 POST /session/0f612d87-4c4e-4733-8812-0531b1bd4a38/element [10.881647ms] ERR:404 body={"strategy":"-android uiautomator","selector":"new UiSelector().resourceIdMatches(\".*COMMUNITY.*\")...
12:43:29.887496 POST /session/0f612d87-4c4e-4733-8812-0531b1bd4a38/element [39.420773ms] ERR:404 body={"strategy":"-android uiautomator","selector":"new UiSelector().resourceIdMatches(\".*COMMUNITY.*\")...
12:43:30.948018 POST /session/0f612d87-4c4e-4733-8812-0531b1bd4a38/element [1.059638924s] ERR:404 body={"strategy":"-android uiautomator","selector":"new UiSelector().resourceIdMatches(\".*COMMUNITY.*\")...
12:43:30.962147 POST /session/0f612d87-4c4e-4733-8812-0531b1bd4a38/element [14.0165ms] ERR:404 body={"strategy":"-android uiautomator","selector":"new UiSelector().resourceIdMatches(\".*COMMUNITY.*\")...
12:43:30.972723 POST /session/0f612d87-4c4e-4733-8812-0531b1bd4a38/element [10.463748ms] ERR:404 body={"strategy":"-android uiautomator","selector":"new UiSelector().resourceIdMatches(\".*COMMUNITY.*\")...
12:43:30.983103 POST /session/0f612d87-4c4e-4733-8812-0531b1bd4a38/element [10.2528ms] ERR:404 body={"strategy":"-android uiautomator","selector":"new UiSelector().resourceIdMatches(\".*COMMUNITY.*\")...
12:43:30.992820 POST /session/0f612d87-4c4e-4733-8812-0531b1bd4a38/element [9.607851ms] ERR:404 body={"strategy":"-android uiautomator","selector":"new UiSelector().resourceIdMatches(\".*COMMUNITY.*\")...
12:43:31.004810 POST /session/0f612d87-4c4e-4733-8812-0531b1bd4a38/element [11.898508ms] ERR:404 body={"strategy":"-android uiautomator","selector":"new UiSelector().resourceIdMatches(\".*COMMUNITY.*\")...
12:43:31.014776 POST /session/0f612d87-4c4e-4733-8812-0531b1bd4a38/element [9.8614ms] ERR:404 body={"strategy":"-android uiautomator","selector":"new UiSelector().resourceIdMatches(\".*COMMUNITY.*\")...
12:43:31.025438 POST /session/0f612d87-4c4e-4733-8812-0531b1bd4a38/element [10.564037ms] ERR:404 body={"strategy":"-android uiautomator","selector":"new UiSelector().resourceIdMatches(\".*COMMUNITY.*\")...
12:43:31.859562 POST /session/0f612d87-4c4e-4733-8812-0531b1bd4a38/element [834.010768ms] ERR:404 body={"strategy":"-android uiautomator","selector":"new UiSelector().resourceIdMatches(\".*COMMUNITY.*\")...
12:43:33.690849 POST /session/0f612d87-4c4e-4733-8812-0531b1bd4a38/element [1.831180083s] OK body={"strategy":"-android uiautomator","selector":"new UiSelector().resourceIdMatches(\".*COMMUNITY.*\")...
12:43:34.133708 GET /session/0f612d87-4c4e-4733-8812-0531b1bd4a38/element/00000000-0000-0014-ffff-ffff00000095/text [442.774421ms] OK body=
12:43:34.144062 GET /session/0f612d87-4c4e-4733-8812-0531b1bd4a38/element/00000000-0000-0014-ffff-ffff00000095/rect [10.287959ms] OK body=
12:43:34.167055 POST /session/0f612d87-4c4e-4733-8812-0531b1bd4a38/element [22.139967ms] ERR:404 body={"strategy":"-android uiautomator","selector":"new UiSelector().resourceIdMatches(\".*SEARCH.*\").cl...
12:43:34.187438 POST /session/0f612d87-4c4e-4733-8812-0531b1bd4a38/element [20.256508ms] OK body={"strategy":"-android uiautomator","selector":"new UiSelector().resourceIdMatches(\".*SEARCH.*\")"}
12:43:34.200410 GET /session/0f612d87-4c4e-4733-8812-0531b1bd4a38/element/00000000-0000-0014-ffff-ffff000000a1/text [12.906541ms] OK body=
12:43:34.211185 GET /session/0f612d87-4c4e-4733-8812-0531b1bd4a38/element/00000000-0000-0014-ffff-ffff000000a1/rect [10.715163ms] OK body=
12:43:34.243708 POST /session/0f612d87-4c4e-4733-8812-0531b1bd4a38/element/00000000-0000-0014-ffff-ffff000000a1/click [32.472358ms] OK body=
12:43:34.375230 POST /session/0f612d87-4c4e-4733-8812-0531b1bd4a38/element [130.381488ms] ERR:404 body={"strategy":"-android uiautomator","selector":"new UiSelector().resourceIdMatches(\".*search-recipe-...
12:43:34.431110 POST /session/0f612d87-4c4e-4733-8812-0531b1bd4a38/element [55.618708ms] ERR:404 body={"strategy":"-android uiautomator","selector":"new UiSelector().resourceIdMatches(\".*search-recipe-...
12:43:34.537184 POST /session/0f612d87-4c4e-4733-8812-0531b1bd4a38/element [105.915386ms] ERR:404 body={"strategy":"-android uiautomator","selector":"new UiSelector().resourceIdMatches(\".*search-recipe-...
12:43:35.094460 POST /session/0f612d87-4c4e-4733-8812-0531b1bd4a38/element [557.174308ms] OK body={"strategy":"-android uiautomator","selector":"new UiSelector().resourceIdMatches(\".*search-recipe-...
12:43:35.106738 GET /session/0f612d87-4c4e-4733-8812-0531b1bd4a38/element/00000000-0000-0014-ffff-ffff00000109/text [12.214406ms] OK body=
12:43:35.118145 GET /session/0f612d87-4c4e-4733-8812-0531b1bd4a38/element/00000000-0000-0014-ffff-ffff00000109/rect [11.36955ms] OK body=
12:43:35.370497 POST /session/0f612d87-4c4e-4733-8812-0531b1bd4a38/element/00000000-0000-0014-ffff-ffff00000109/click [252.294104ms] OK body=
12:43:35.410078 POST /session/0f612d87-4c4e-4733-8812-0531b1bd4a38/actions [37.990043ms] OK body={"actions":[{"actions":[{"type":"keyDown","value":"a"},{"type":"keyUp","value":"a"}],"id":"keyboard"...
12:43:35.425014 POST /session/0f612d87-4c4e-4733-8812-0531b1bd4a38/appium/device/hide_keyboard [13.869573ms] ERR:404 body=
12:43:36.100421 POST /session/0f612d87-4c4e-4733-8812-0531b1bd4a38/element [673.892111ms] ERR:404 body={"strategy":"-android uiautomator","selector":"new UiSelector().resourceIdMatches(\".*search-recipe-...
12:43:36.108433 POST /session/0f612d87-4c4e-4733-8812-0531b1bd4a38/element [7.861534ms] ERR:404 body={"strategy":"-android uiautomator","selector":"new UiSelector().resourceIdMatches(\".*search-recipe-...
12:43:36.121753 POST /session/0f612d87-4c4e-4733-8812-0531b1bd4a38/element [13.193834ms] ERR:404 body={"strategy":"-android uiautomator","selector":"new UiSelector().resourceIdMatches(\".*search-recipe-...
12:43:36.131933 POST /session/0f612d87-4c4e-4733-8812-0531b1bd4a38/element [10.081076ms] ERR:404 body={"strategy":"-android uiautomator","selector":"new UiSelector().resourceIdMatches(\".*search-recipe-...
12:43:36.139308 POST /session/0f612d87-4c4e-4733-8812-0531b1bd4a38/element [7.296213ms] ERR:404 body={"strategy":"-android uiautomator","selector":"new UiSelector().resourceIdMatches(\".*search-recipe-...
12:43:36.147029 POST /session/0f612d87-4c4e-4733-8812-0531b1bd4a38/element [7.607051ms] ERR:404 body={"strategy":"-android uiautomator","selector":"new UiSelector().resourceIdMatches(\".*search-recipe-...
12:43:36.154384 POST /session/0f612d87-4c4e-4733-8812-0531b1bd4a38/element [7.277979ms] ERR:404 body={"strategy":"-android uiautomator","selector":"new UiSelector().resourceIdMatches(\".*search-recipe-...
12:43:36.163600 POST /session/0f612d87-4c4e-4733-8812-0531b1bd4a38/element [9.101216ms] ERR:404 body={"strategy":"-android uiautomator","selector":"new UiSelector().resourceIdMatches(\".*search-recipe-...
12:43:36.170034 POST /session/0f612d87-4c4e-4733-8812-0531b1bd4a38/element [6.316513ms] ERR:404 body={"strategy":"-android uiautomator","selector":"new UiSelector().resourceIdMatches(\".*search-recipe-...
12:43:36.177483 POST /session/0f612d87-4c4e-4733-8812-0531b1bd4a38/element [7.364093ms] ERR:404 body={"strategy":"-android uiautomator","selector":"new UiSelector().resourceIdMatches(\".*search-recipe-...
12:43:36.186607 POST /session/0f612d87-4c4e-4733-8812-0531b1bd4a38/element [9.039307ms] ERR:404 body={"strategy":"-android uiautomator","selector":"new UiSelector().resourceIdMatches(\".*search-recipe-...
12:43:36.195876 POST /session/0f612d87-4c4e-4733-8812-0531b1bd4a38/element [9.14696ms] ERR:404 body={"strategy":"-android uiautomator","selector":"new UiSelector().resourceIdMatches(\".*search-recipe-...
12:43:36.203159 POST /session/0f612d87-4c4e-4733-8812-0531b1bd4a38/element [7.215843ms] ERR:404 body={"strategy":"-android uiautomator","selector":"new UiSelector().resourceIdMatches(\".*search-recipe-...
12:43:36.210597 POST /session/0f612d87-4c4e-4733-8812-0531b1bd4a38/element [7.352009ms] ERR:404 body={"strategy":"-android uiautomator","selector":"new UiSelector().resourceIdMatches(\".*search-recipe-...
12:43:36.218909 POST /session/0f612d87-4c4e-4733-8812-0531b1bd4a38/element [8.094382ms] ERR:404 body={"strategy":"-android uiautomator","selector":"new UiSelector().resourceIdMatches(\".*search-recipe-...
12:43:36.226572 POST /session/0f612d87-4c4e-4733-8812-0531b1bd4a38/element [7.578306ms] ERR:404 body={"strategy":"-android uiautomator","selector":"new UiSelector().resourceIdMatches(\".*search-recipe-...
12:43:36.234783 POST /session/0f612d87-4c4e-4733-8812-0531b1bd4a38/element [8.148001ms] ERR:404 body={"strategy":"-android uiautomator","selector":"new UiSelector().resourceIdMatches(\".*search-recipe-...
12:43:36.242624 POST /session/0f612d87-4c4e-4733-8812-0531b1bd4a38/element [7.741826ms] ERR:404 body={"strategy":"-android uiautomator","selector":"new UiSelector().resourceIdMatches(\".*search-recipe-...
12:43:36.250663 POST /session/0f612d87-4c4e-4733-8812-0531b1bd4a38/element [7.935001ms] ERR:404 body={"strategy":"-android uiautomator","selector":"new UiSelector().resourceIdMatches(\".*search-recipe-...
12:43:36.258708 POST /session/0f612d87-4c4e-4733-8812-0531b1bd4a38/element [7.977211ms] ERR:404 body={"strategy":"-android uiautomator","selector":"new UiSelector().resourceIdMatches(\".*search-recipe-...
12:43:36.271546 POST /session/0f612d87-4c4e-4733-8812-0531b1bd4a38/element [12.733068ms] ERR:404 body={"strategy":"-android uiautomator","selector":"new UiSelector().resourceIdMatches(\".*search-recipe-...
12:43:36.279222 POST /session/0f612d87-4c4e-4733-8812-0531b1bd4a38/element [7.58663ms] ERR:404 body={"strategy":"-android uiautomator","selector":"new UiSelector().resourceIdMatches(\".*search-recipe-...
12:43:36.288703 POST /session/0f612d87-4c4e-4733-8812-0531b1bd4a38/element [9.367657ms] ERR:404 body={"strategy":"-android uiautomator","selector":"new UiSelector().resourceIdMatches(\".*search-recipe-...
12:43:36.296766 POST /session/0f612d87-4c4e-4733-8812-0531b1bd4a38/element [7.948436ms] ERR:404 body={"strategy":"-android uiautomator","selector":"new UiSelector().resourceIdMatches(\".*search-recipe-...
12:43:36.303974 POST /session/0f612d87-4c4e-4733-8812-0531b1bd4a38/element [7.113749ms] ERR:404 body={"strategy":"-android uiautomator","selector":"new UiSelector().resourceIdMatches(\".*search-recipe-...
12:43:36.311446 POST /session/0f612d87-4c4e-4733-8812-0531b1bd4a38/element [7.371135ms] ERR:404 body={"strategy":"-android uiautomator","selector":"new UiSelector().resourceIdMatches(\".*search-recipe-...
12:43:36.326668 POST /session/0f612d87-4c4e-4733-8812-0531b1bd4a38/element [15.080682ms] ERR:404 body={"strategy":"-android uiautomator","selector":"new UiSelector().resourceIdMatches(\".*search-recipe-...
12:43:36.703495 POST /session/0f612d87-4c4e-4733-8812-0531b1bd4a38/element [376.69148ms] ERR:404 body={"strategy":"-android uiautomator","selector":"new UiSelector().resourceIdMatches(\".*search-recipe-...
12:43:37.789772 POST /session/0f612d87-4c4e-4733-8812-0531b1bd4a38/element [1.086157729s] OK body={"strategy":"-android uiautomator","selector":"new UiSelector().resourceIdMatches(\".*search-recipe-...
12:43:37.801599 GET /session/0f612d87-4c4e-4733-8812-0531b1bd4a38/element/00000000-0000-0014-ffff-ffff00000128/text [11.744711ms] OK body=
12:43:37.813522 GET /session/0f612d87-4c4e-4733-8812-0531b1bd4a38/element/00000000-0000-0014-ffff-ffff00000128/rect [11.86813ms] OK body=
12:43:42.883647 POST /session/0f612d87-4c4e-4733-8812-0531b1bd4a38/appium/device/launch_app [2.714461ms] ERR:404 body={"appId":"com.tastopia.app"}
12:43:45.679946 POST /session/0f612d87-4c4e-4733-8812-0531b1bd4a38/element [1.092605813s] OK body={"strategy":"-android uiautomator","selector":"new UiSelector().resourceIdMatches(\".*MENU.*\")"}
12:43:47.208634 GET /session/0f612d87-4c4e-4733-8812-0531b1bd4a38/element/00000000-0000-0016-ffff-ffff0000006f/text [1.528601477s] OK body=
12:43:47.470921 GET /session/0f612d87-4c4e-4733-8812-0531b1bd4a38/element/00000000-0000-0016-ffff-ffff0000006f/rect [262.18772ms] OK body=
12:43:47.501135 POST /session/0f612d87-4c4e-4733-8812-0531b1bd4a38/element [29.357715ms] ERR:404 body={"strategy":"-android uiautomator","selector":"new UiSelector().resourceIdMatches(\".*MENU.*\").clic...
12:43:47.545145 POST /session/0f612d87-4c4e-4733-8812-0531b1bd4a38/element [43.87982ms] OK body={"strategy":"-android uiautomator","selector":"new UiSelector().resourceIdMatches(\".*MENU.*\")"}
12:43:47.554799 GET /session/0f612d87-4c4e-4733-8812-0531b1bd4a38/element/00000000-0000-0016-ffff-ffff0000006f/text [9.58578ms] OK body=
12:43:47.564835 GET /session/0f612d87-4c4e-4733-8812-0531b1bd4a38/element/00000000-0000-0016-ffff-ffff0000006f/rect [9.998431ms] OK body=
12:43:47.594106 POST /session/0f612d87-4c4e-4733-8812-0531b1bd4a38/element/00000000-0000-0016-ffff-ffff0000006f/click [29.204798ms] OK body=
12:43:47.596212 POST /session/0f612d87-4c4e-4733-8812-0531b1bd4a38/appium/device/hide_keyboard [2.016801ms] ERR:404 body=
12:43:47.726427 POST /session/0f612d87-4c4e-4733-8812-0531b1bd4a38/element [129.820215ms] ERR:404 body={"strategy":"-android uiautomator","selector":"new UiSelector().textContains(\"History\")"}
12:43:47.803769 POST /session/0f612d87-4c4e-4733-8812-0531b1bd4a38/element [77.202784ms] ERR:404 body={"strategy":"-android uiautomator","selector":"new UiSelector().descriptionContains(\"History\")"}
12:43:47.829109 POST /session/0f612d87-4c4e-4733-8812-0531b1bd4a38/element [25.209461ms] ERR:404 body={"strategy":"-android uiautomator","selector":"new UiSelector().textMatches(\"(?is).*\\QHistory\\E.*...
12:43:48.047044 POST /session/0f612d87-4c4e-4733-8812-0531b1bd4a38/element [217.823899ms] ERR:404 body={"strategy":"-android uiautomator","selector":"new UiSelector().descriptionMatches(\"(?is).*\\QHisto...
12:43:48.815694 POST /session/0f612d87-4c4e-4733-8812-0531b1bd4a38/element [768.538977ms] OK body={"strategy":"-android uiautomator","selector":"new UiSelector().textContains(\"History\")"}
12:43:48.828021 POST /session/0f612d87-4c4e-4733-8812-0531b1bd4a38/element [12.01494ms] OK body={"strategy":"-android uiautomator","selector":"new UiSelector().resourceIdMatches(\".*menu-logout-bu...
12:43:48.835972 GET /session/0f612d87-4c4e-4733-8812-0531b1bd4a38/element/00000000-0000-0016-ffff-ffff000000e8/text [7.917039ms] OK body=
12:43:48.845088 GET /session/0f612d87-4c4e-4733-8812-0531b1bd4a38/element/00000000-0000-0016-ffff-ffff000000e8/rect [9.080468ms] OK body=
12:43:48.874054 POST /session/0f612d87-4c4e-4733-8812-0531b1bd4a38/element/00000000-0000-0016-ffff-ffff000000e8/click [28.885289ms] OK body=
12:43:48.899831 POST /session/0f612d87-4c4e-4733-8812-0531b1bd4a38/element [25.36009ms] ERR:404 body={"strategy":"-android uiautomator","selector":"new UiSelector().textContains(\"Welcome to\")"}
12:43:48.917076 POST /session/0f612d87-4c4e-4733-8812-0531b1bd4a38/element [17.119557ms] ERR:404 body={"strategy":"-android uiautomator","selector":"new UiSelector().descriptionContains(\"Welcome to\")"...
12:43:48.939074 POST /session/0f612d87-4c4e-4733-8812-0531b1bd4a38/element [21.861294ms] ERR:404 body={"strategy":"-android uiautomator","selector":"new UiSelector().textMatches(\"(?is).*\\QWelcome to\\...
12:43:48.955892 POST /session/0f612d87-4c4e-4733-8812-0531b1bd4a38/element [16.71906ms] ERR:404 body={"strategy":"-android uiautomator","selector":"new UiSelector().descriptionMatches(\"(?is).*\\QWelco...
12:43:48.972398 POST /session/0f612d87-4c4e-4733-8812-0531b1bd4a38/element [16.406351ms] ERR:404 body={"strategy":"-android uiautomator","selector":"new UiSelector().textContains(\"Welcome to\")"}
12:43:48.991782 POST /session/0f612d87-4c4e-4733-8812-0531b1bd4a38/element [19.225496ms] ERR:404 body={"strategy":"-android uiautomator","selector":"new UiSelector().descriptionContains(\"Welcome to\")"...
12:43:49.011022 POST /session/0f612d87-4c4e-4733-8812-0531b1bd4a38/element [19.122109ms] ERR:404 body={"strategy":"-android uiautomator","selector":"new UiSelector().textMatches(\"(?is).*\\QWelcome to\\...
12:43:49.033766 POST /session/0f612d87-4c4e-4733-8812-0531b1bd4a38/element [22.638727ms] ERR:404 body={"strategy":"-android uiautomator","selector":"new UiSelector().descriptionMatches(\"(?is).*\\QWelco...
12:43:49.063462 POST /session/0f612d87-4c4e-4733-8812-0531b1bd4a38/element [29.58435ms] ERR:404 body={"strategy":"-android uiautomator","selector":"new UiSelector().textContains(\"Welcome to\")"}
12:43:49.090717 POST /session/0f612d87-4c4e-4733-8812-0531b1bd4a38/element [27.108391ms] ERR:404 body={"strategy":"-android uiautomator","selector":"new UiSelector().descriptionContains(\"Welcome to\")"...
12:43:49.114367 POST /session/0f612d87-4c4e-4733-8812-0531b1bd4a38/element [23.468694ms] ERR:404 body={"strategy":"-android uiautomator","selector":"new UiSelector().textMatches(\"(?is).*\\QWelcome to\\...
12:43:49.137789 POST /session/0f612d87-4c4e-4733-8812-0531b1bd4a38/element [23.281327ms] ERR:404 body={"strategy":"-android uiautomator","selector":"new UiSelector().descriptionMatches(\"(?is).*\\QWelco...
12:43:49.164758 POST /session/0f612d87-4c4e-4733-8812-0531b1bd4a38/element [26.82758ms] ERR:404 body={"strategy":"-android uiautomator","selector":"new UiSelector().textContains(\"Welcome to\")"}
12:43:49.188248 POST /session/0f612d87-4c4e-4733-8812-0531b1bd4a38/element [23.366562ms] ERR:404 body={"strategy":"-android uiautomator","selector":"new UiSelector().descriptionContains(\"Welcome to\")"...
12:43:49.210404 POST /session/0f612d87-4c4e-4733-8812-0531b1bd4a38/element [22.014967ms] ERR:404 body={"strategy":"-android uiautomator","selector":"new UiSelector().textMatches(\"(?is).*\\QWelcome to\\...
12:43:49.248823 POST /session/0f612d87-4c4e-4733-8812-0531b1bd4a38/element [38.294559ms] ERR:404 body={"strategy":"-android uiautomator","selector":"new UiSelector().descriptionMatches(\"(?is).*\\QWelco...
12:43:49.272419 POST /session/0f612d87-4c4e-4733-8812-0531b1bd4a38/element [23.403881ms] ERR:404 body={"strategy":"-android uiautomator","selector":"new UiSelector().textContains(\"Welcome to\")"}
12:43:49.300669 POST /session/0f612d87-4c4e-4733-8812-0531b1bd4a38/element [28.132333ms] ERR:404 body={"strategy":"-android uiautomator","selector":"new UiSelector().descriptionContains(\"Welcome to\")"...
12:43:49.324350 POST /session/0f612d87-4c4e-4733-8812-0531b1bd4a38/element [23.554346ms] ERR:404 body={"strategy":"-android uiautomator","selector":"new UiSelector().textMatches(\"(?is).*\\QWelcome to\\...
12:43:49.356354 POST /session/0f612d87-4c4e-4733-8812-0531b1bd4a38/element [31.903925ms] ERR:404 body={"strategy":"-android uiautomator","selector":"new UiSelector().descriptionMatches(\"(?is).*\\QWelco...
12:43:49.383636 POST /session/0f612d87-4c4e-4733-8812-0531b1bd4a38/element [27.153205ms] ERR:404 body={"strategy":"-android uiautomator","selector":"new UiSelector().textContains(\"Welcome to\")"}
12:43:49.407319 POST /session/0f612d87-4c4e-4733-8812-0531b1bd4a38/element [23.5722ms] ERR:404 body={"strategy":"-android uiautomator","selector":"new UiSelector().descriptionContains(\"Welcome to\")"...
12:43:49.432561 POST /session/0f612d87-4c4e-4733-8812-0531b1bd4a38/element [25.108038ms] ERR:404 body={"strategy":"-android uiautomator","selector":"new UiSelector().textMatches(\"(?is).*\\QWelcome to\\...
12:43:49.459961 POST /session/0f612d87-4c4e-4733-8812-0531b1bd4a38/element [27.29163ms] ERR:404 body={"strategy":"-android uiautomator","selector":"new UiSelector().descriptionMatches(\"(?is).*\\QWelco...
12:43:49.488931 POST /session/0f612d87-4c4e-4733-8812-0531b1bd4a38/element [28.879558ms] ERR:404 body={"strategy":"-android uiautomator","selector":"new UiSelector().textContains(\"Welcome to\")"}
12:43:49.516348 POST /session/0f612d87-4c4e-4733-8812-0531b1bd4a38/element [27.238644ms] ERR:404 body={"strategy":"-android uiautomator","selector":"new UiSelector().descriptionContains(\"Welcome to\")"...
12:43:49.535718 POST /session/0f612d87-4c4e-4733-8812-0531b1bd4a38/element [19.268318ms] ERR:404 body={"strategy":"-android uiautomator","selector":"new UiSelector().textMatches(\"(?is).*\\QWelcome to\\...
12:43:49.554945 POST /session/0f612d87-4c4e-4733-8812-0531b1bd4a38/element [19.166767ms] ERR:404 body={"strategy":"-android uiautomator","selector":"new UiSelector().descriptionMatches(\"(?is).*\\QWelco...
12:43:49.574346 POST /session/0f612d87-4c4e-4733-8812-0531b1bd4a38/element [19.343217ms] ERR:404 body={"strategy":"-android uiautomator","selector":"new UiSelector().textContains(\"Welcome to\")"}
12:43:49.592649 POST /session/0f612d87-4c4e-4733-8812-0531b1bd4a38/element [18.238332ms] ERR:404 body={"strategy":"-android uiautomator","selector":"new UiSelector().descriptionContains(\"Welcome to\")"...
12:43:49.615096 POST /session/0f612d87-4c4e-4733-8812-0531b1bd4a38/element [22.344208ms] ERR:404 body={"strategy":"-android uiautomator","selector":"new UiSelector().textMatches(\"(?is).*\\QWelcome to\\...
12:43:49.633118 POST /session/0f612d87-4c4e-4733-8812-0531b1bd4a38/element [17.945989ms] ERR:404 body={"strategy":"-android uiautomator","selector":"new UiSelector().descriptionMatches(\"(?is).*\\QWelco...
12:43:49.656351 POST /session/0f612d87-4c4e-4733-8812-0531b1bd4a38/element [23.094266ms] ERR:404 body={"strategy":"-android uiautomator","selector":"new UiSelector().textContains(\"Welcome to\")"}
12:43:49.678747 POST /session/0f612d87-4c4e-4733-8812-0531b1bd4a38/element [22.27072ms] ERR:404 body={"strategy":"-android uiautomator","selector":"new UiSelector().descriptionContains(\"Welcome to\")"...
12:43:49.701100 POST /session/0f612d87-4c4e-4733-8812-0531b1bd4a38/element [22.283023ms] ERR:404 body={"strategy":"-android uiautomator","selector":"new UiSelector().textMatches(\"(?is).*\\QWelcome to\\...
12:43:49.725902 POST /session/0f612d87-4c4e-4733-8812-0531b1bd4a38/element [24.674903ms] ERR:404 body={"strategy":"-android uiautomator","selector":"new UiSelector().descriptionMatches(\"(?is).*\\QWelco...
12:43:49.748214 POST /session/0f612d87-4c4e-4733-8812-0531b1bd4a38/element [22.227229ms] ERR:404 body={"strategy":"-android uiautomator","selector":"new UiSelector().textContains(\"Welcome to\")"}
12:43:49.775861 POST /session/0f612d87-4c4e-4733-8812-0531b1bd4a38/element [27.539085ms] ERR:404 body={"strategy":"-android uiautomator","selector":"new UiSelector().descriptionContains(\"Welcome to\")"...
12:43:49.796788 POST /session/0f612d87-4c4e-4733-8812-0531b1bd4a38/element [20.800672ms] ERR:404 body={"strategy":"-android uiautomator","selector":"new UiSelector().textMatches(\"(?is).*\\QWelcome to\\...
12:43:49.818997 POST /session/0f612d87-4c4e-4733-8812-0531b1bd4a38/element [22.038031ms] ERR:404 body={"strategy":"-android uiautomator","selector":"new UiSelector().descriptionMatches(\"(?is).*\\QWelco...
12:43:49.845038 POST /session/0f612d87-4c4e-4733-8812-0531b1bd4a38/element [25.920397ms] ERR:404 body={"strategy":"-android uiautomator","selector":"new UiSelector().textContains(\"Welcome to\")"}
12:43:49.876581 POST /session/0f612d87-4c4e-4733-8812-0531b1bd4a38/element [31.422269ms] ERR:404 body={"strategy":"-android uiautomator","selector":"new UiSelector().descriptionContains(\"Welcome to\")"...
12:43:49.897796 POST /session/0f612d87-4c4e-4733-8812-0531b1bd4a38/element [21.0908ms] ERR:404 body={"strategy":"-android uiautomator","selector":"new UiSelector().textMatches(\"(?is).*\\QWelcome to\\...
12:43:49.923703 POST /session/0f612d87-4c4e-4733-8812-0531b1bd4a38/element [25.768008ms] ERR:404 body={"strategy":"-android uiautomator","selector":"new UiSelector().descriptionMatches(\"(?is).*\\QWelco...
12:43:49.944456 POST /session/0f612d87-4c4e-4733-8812-0531b1bd4a38/element [20.638887ms] ERR:404 body={"strategy":"-android uiautomator","selector":"new UiSelector().textContains(\"Welcome to\")"}
12:43:49.969413 POST /session/0f612d87-4c4e-4733-8812-0531b1bd4a38/element [24.828145ms] ERR:404 body={"strategy":"-android uiautomator","selector":"new UiSelector().descriptionContains(\"Welcome to\")"...
12:43:49.990275 POST /session/0f612d87-4c4e-4733-8812-0531b1bd4a38/element [20.752439ms] ERR:404 body={"strategy":"-android uiautomator","selector":"new UiSelector().textMatches(\"(?is).*\\QWelcome to\\...
12:43:50.015981 POST /session/0f612d87-4c4e-4733-8812-0531b1bd4a38/element [25.580444ms] ERR:404 body={"strategy":"-android uiautomator","selector":"new UiSelector().descriptionMatches(\"(?is).*\\QWelco...
12:43:50.042322 POST /session/0f612d87-4c4e-4733-8812-0531b1bd4a38/element [26.185908ms] ERR:404 body={"strategy":"-android uiautomator","selector":"new UiSelector().textContains(\"Welcome to\")"}
12:43:50.065862 POST /session/0f612d87-4c4e-4733-8812-0531b1bd4a38/element [23.421174ms] ERR:404 body={"strategy":"-android uiautomator","selector":"new UiSelector().descriptionContains(\"Welcome to\")"...
12:43:51.124464 POST /session/0f612d87-4c4e-4733-8812-0531b1bd4a38/element [1.058439283s] ERR:404 body={"strategy":"-android uiautomator","selector":"new UiSelector().textMatches(\"(?is).*\\QWelcome to\\...
12:43:51.144430 POST /session/0f612d87-4c4e-4733-8812-0531b1bd4a38/element [19.812025ms] ERR:404 body={"strategy":"-android uiautomator","selector":"new UiSelector().descriptionMatches(\"(?is).*\\QWelco...
12:43:51.162094 POST /session/0f612d87-4c4e-4733-8812-0531b1bd4a38/element [17.561181ms] OK body={"strategy":"-android uiautomator","selector":"new UiSelector().textContains(\"Welcome to\")"}
12:43:51.188440 POST /session/0f612d87-4c4e-4733-8812-0531b1bd4a38/element [25.962624ms] OK body={"strategy":"-android uiautomator","selector":"new UiSelector().textContains(\"Tastopia\")"}
12:43:51.191280 POST /session/0f612d87-4c4e-4733-8812-0531b1bd4a38/appium/settings [2.028264ms] OK body={"settings":{"waitForIdleTimeout":200}}
12:43:56.052581 POST /session/0f612d87-4c4e-4733-8812-0531b1bd4a38/appium/device/launch_app [2.390226ms] ERR:404 body={"appId":"com.tastopia.app"}
12:43:58.727908 POST /session/0f612d87-4c4e-4733-8812-0531b1bd4a38/element [943.841367ms] OK body={"strategy":"-android uiautomator","selector":"new UiSelector().resourceIdMatches(\".*welcome-sign-i...
12:43:58.832560 GET /session/0f612d87-4c4e-4733-8812-0531b1bd4a38/element/00000000-0000-0018-ffff-ffff00000021/text [104.563658ms] OK body=
12:43:58.883556 GET /session/0f612d87-4c4e-4733-8812-0531b1bd4a38/element/00000000-0000-0018-ffff-ffff00000021/rect [50.918177ms] OK body=
12:43:58.934144 POST /session/0f612d87-4c4e-4733-8812-0531b1bd4a38/element/00000000-0000-0018-ffff-ffff00000021/click [50.517183ms] OK body=
12:43:58.944322 POST /session/0f612d87-4c4e-4733-8812-0531b1bd4a38/element [9.756081ms] ERR:404 body={"strategy":"-android uiautomator","selector":"new UiSelector().resourceIdMatches(\".*login-identifi...
12:43:58.951738 POST /session/0f612d87-4c4e-4733-8812-0531b1bd4a38/element [6.519758ms] ERR:404 body={"strategy":"-android uiautomator","selector":"new UiSelector().resourceIdMatches(\".*login-identifi...
12:43:58.959191 POST /session/0f612d87-4c4e-4733-8812-0531b1bd4a38/element [7.315751ms] ERR:404 body={"strategy":"-android uiautomator","selector":"new UiSelector().resourceIdMatches(\".*login-identifi...
12:43:58.966230 POST /session/0f612d87-4c4e-4733-8812-0531b1bd4a38/element [6.9496ms] ERR:404 body={"strategy":"-android uiautomator","selector":"new UiSelector().resourceIdMatches(\".*login-identifi...
12:43:58.972834 POST /session/0f612d87-4c4e-4733-8812-0531b1bd4a38/element [6.550636ms] ERR:404 body={"strategy":"-android uiautomator","selector":"new UiSelector().resourceIdMatches(\".*login-identifi...
12:43:58.979606 POST /session/0f612d87-4c4e-4733-8812-0531b1bd4a38/element [6.695839ms] ERR:404 body={"strategy":"-android uiautomator","selector":"new UiSelector().resourceIdMatches(\".*login-identifi...
12:43:58.986308 POST /session/0f612d87-4c4e-4733-8812-0531b1bd4a38/element [6.591513ms] ERR:404 body={"strategy":"-android uiautomator","selector":"new UiSelector().resourceIdMatches(\".*login-identifi...
12:43:59.000885 POST /session/0f612d87-4c4e-4733-8812-0531b1bd4a38/element [14.448767ms] ERR:404 body={"strategy":"-android uiautomator","selector":"new UiSelector().resourceIdMatches(\".*login-identifi...
12:43:59.017307 POST /session/0f612d87-4c4e-4733-8812-0531b1bd4a38/element [16.296699ms] ERR:404 body={"strategy":"-android uiautomator","selector":"new UiSelector().resourceIdMatches(\".*login-identifi...
12:43:59.023366 POST /session/0f612d87-4c4e-4733-8812-0531b1bd4a38/element [5.955792ms] ERR:404 body={"strategy":"-android uiautomator","selector":"new UiSelector().resourceIdMatches(\".*login-identifi...
12:43:59.036165 POST /session/0f612d87-4c4e-4733-8812-0531b1bd4a38/element [12.71418ms] ERR:404 body={"strategy":"-android uiautomator","selector":"new UiSelector().resourceIdMatches(\".*login-identifi...
12:43:59.043364 POST /session/0f612d87-4c4e-4733-8812-0531b1bd4a38/element [7.111175ms] ERR:404 body={"strategy":"-android uiautomator","selector":"new UiSelector().resourceIdMatches(\".*login-identifi...
12:43:59.049831 POST /session/0f612d87-4c4e-4733-8812-0531b1bd4a38/element [6.392026ms] ERR:404 body={"strategy":"-android uiautomator","selector":"new UiSelector().resourceIdMatches(\".*login-identifi...
12:43:59.059122 POST /session/0f612d87-4c4e-4733-8812-0531b1bd4a38/element [9.207565ms] ERR:404 body={"strategy":"-android uiautomator","selector":"new UiSelector().resourceIdMatches(\".*login-identifi...
12:43:59.092824 POST /session/0f612d87-4c4e-4733-8812-0531b1bd4a38/element [33.565462ms] ERR:404 body={"strategy":"-android uiautomator","selector":"new UiSelector().resourceIdMatches(\".*login-identifi...
12:43:59.763426 POST /session/0f612d87-4c4e-4733-8812-0531b1bd4a38/element [670.475661ms] OK body={"strategy":"-android uiautomator","selector":"new UiSelector().resourceIdMatches(\".*login-identifi...
12:43:59.776405 POST /session/0f612d87-4c4e-4733-8812-0531b1bd4a38/element [12.518481ms] OK body={"strategy":"-android uiautomator","selector":"new UiSelector().resourceIdMatches(\".*login-identifi...
12:43:59.799380 GET /session/0f612d87-4c4e-4733-8812-0531b1bd4a38/element/00000000-0000-0018-ffff-ffff0000002f/text [22.9233ms] OK body=
12:43:59.810800 GET /session/0f612d87-4c4e-4733-8812-0531b1bd4a38/element/00000000-0000-0018-ffff-ffff0000002f/rect [11.358359ms] OK body=
12:44:00.061501 POST /session/0f612d87-4c4e-4733-8812-0531b1bd4a38/element/00000000-0000-0018-ffff-ffff0000002f/click [250.641136ms] OK body=
12:44:01.088099 POST /session/0f612d87-4c4e-4733-8812-0531b1bd4a38/actions [1.026195407s] OK body={"actions":[{"actions":[{"type":"keyDown","value":"a"},{"type":"keyUp","value":"a"},{"type":"keyDown...
12:44:01.093229 POST /session/0f612d87-4c4e-4733-8812-0531b1bd4a38/appium/device/hide_keyboard [5.027188ms] ERR:404 body=
12:44:02.057804 POST /session/0f612d87-4c4e-4733-8812-0531b1bd4a38/element [964.138777ms] OK body={"strategy":"-android uiautomator","selector":"new UiSelector().resourceIdMatches(\".*login-password...
12:44:02.067150 POST /session/0f612d87-4c4e-4733-8812-0531b1bd4a38/element [8.902649ms] OK body={"strategy":"-android uiautomator","selector":"new UiSelector().resourceIdMatches(\".*login-password...
12:44:02.077535 GET /session/0f612d87-4c4e-4733-8812-0531b1bd4a38/element/00000000-0000-0018-ffff-ffff00000030/text [10.348441ms] OK body=
12:44:02.096128 GET /session/0f612d87-4c4e-4733-8812-0531b1bd4a38/element/00000000-0000-0018-ffff-ffff00000030/rect [18.549464ms] OK body=
12:44:02.766365 POST /session/0f612d87-4c4e-4733-8812-0531b1bd4a38/element/00000000-0000-0018-ffff-ffff00000030/click [670.156065ms] OK body=
12:44:03.519997 POST /session/0f612d87-4c4e-4733-8812-0531b1bd4a38/actions [753.274191ms] OK body={"actions":[{"actions":[{"type":"keyDown","value":"P"},{"type":"keyUp","value":"P"},{"type":"keyDown...
12:44:03.525370 POST /session/0f612d87-4c4e-4733-8812-0531b1bd4a38/appium/device/hide_keyboard [5.284882ms] ERR:404 body=
12:44:04.060644 POST /session/0f612d87-4c4e-4733-8812-0531b1bd4a38/element [534.970588ms] OK body={"strategy":"-android uiautomator","selector":"new UiSelector().resourceIdMatches(\".*login-submit-b...
12:44:04.072220 GET /session/0f612d87-4c4e-4733-8812-0531b1bd4a38/element/00000000-0000-0018-ffff-ffff00000040/text [11.468232ms] OK body=
12:44:04.084552 GET /session/0f612d87-4c4e-4733-8812-0531b1bd4a38/element/00000000-0000-0018-ffff-ffff00000040/rect [12.274396ms] OK body=
12:44:04.115450 POST /session/0f612d87-4c4e-4733-8812-0531b1bd4a38/element/00000000-0000-0018-ffff-ffff00000040/click [30.843794ms] OK body=
12:44:04.124702 POST /session/0f612d87-4c4e-4733-8812-0531b1bd4a38/element [9.190808ms] OK body={"strategy":"-android uiautomator","selector":"new UiSelector().resourceIdMatches(\".*login-submit-b...
12:44:04.147394 GET /session/0f612d87-4c4e-4733-8812-0531b1bd4a38/element/00000000-0000-0018-ffff-ffff00000040/text [22.641186ms] OK body=
12:44:04.809020 GET /session/0f612d87-4c4e-4733-8812-0531b1bd4a38/element/00000000-0000-0018-ffff-ffff00000040/rect [661.560669ms] OK body=
12:44:04.839387 POST /session/0f612d87-4c4e-4733-8812-0531b1bd4a38/element/00000000-0000-0018-ffff-ffff00000040/click [30.296182ms] OK body=
12:44:04.854045 POST /session/0f612d87-4c4e-4733-8812-0531b1bd4a38/element [14.375907ms] ERR:404 body={"strategy":"-android uiautomator","selector":"new UiSelector().resourceIdMatches(\".*COMMUNITY.*\")...
12:44:04.868245 POST /session/0f612d87-4c4e-4733-8812-0531b1bd4a38/element [14.095156ms] ERR:404 body={"strategy":"-android uiautomator","selector":"new UiSelector().resourceIdMatches(\".*COMMUNITY.*\")...
12:44:04.878563 POST /session/0f612d87-4c4e-4733-8812-0531b1bd4a38/element [10.187342ms] ERR:404 body={"strategy":"-android uiautomator","selector":"new UiSelector().resourceIdMatches(\".*COMMUNITY.*\")...
12:44:04.917713 POST /session/0f612d87-4c4e-4733-8812-0531b1bd4a38/element [39.044434ms] ERR:404 body={"strategy":"-android uiautomator","selector":"new UiSelector().resourceIdMatches(\".*COMMUNITY.*\")...
12:44:05.938940 POST /session/0f612d87-4c4e-4733-8812-0531b1bd4a38/element [1.021096793s] ERR:404 body={"strategy":"-android uiautomator","selector":"new UiSelector().resourceIdMatches(\".*COMMUNITY.*\")...
12:44:05.955914 POST /session/0f612d87-4c4e-4733-8812-0531b1bd4a38/element [16.810027ms] ERR:404 body={"strategy":"-android uiautomator","selector":"new UiSelector().resourceIdMatches(\".*COMMUNITY.*\")...
12:44:05.970081 POST /session/0f612d87-4c4e-4733-8812-0531b1bd4a38/element [14.041508ms] ERR:404 body={"strategy":"-android uiautomator","selector":"new UiSelector().resourceIdMatches(\".*COMMUNITY.*\")...
12:44:05.981090 POST /session/0f612d87-4c4e-4733-8812-0531b1bd4a38/element [10.915116ms] ERR:404 body={"strategy":"-android uiautomator","selector":"new UiSelector().resourceIdMatches(\".*COMMUNITY.*\")...
12:44:05.990661 POST /session/0f612d87-4c4e-4733-8812-0531b1bd4a38/element [9.457933ms] ERR:404 body={"strategy":"-android uiautomator","selector":"new UiSelector().resourceIdMatches(\".*COMMUNITY.*\")...
12:44:06.004672 POST /session/0f612d87-4c4e-4733-8812-0531b1bd4a38/element [13.870943ms] ERR:404 body={"strategy":"-android uiautomator","selector":"new UiSelector().resourceIdMatches(\".*COMMUNITY.*\")...
12:44:06.013366 POST /session/0f612d87-4c4e-4733-8812-0531b1bd4a38/element [8.596385ms] ERR:404 body={"strategy":"-android uiautomator","selector":"new UiSelector().resourceIdMatches(\".*COMMUNITY.*\")...
12:44:06.022682 POST /session/0f612d87-4c4e-4733-8812-0531b1bd4a38/element [9.22334ms] ERR:404 body={"strategy":"-android uiautomator","selector":"new UiSelector().resourceIdMatches(\".*COMMUNITY.*\")...
12:44:06.031467 POST /session/0f612d87-4c4e-4733-8812-0531b1bd4a38/element [8.700579ms] ERR:404 body={"strategy":"-android uiautomator","selector":"new UiSelector().resourceIdMatches(\".*COMMUNITY.*\")...
12:44:06.039424 POST /session/0f612d87-4c4e-4733-8812-0531b1bd4a38/element [7.865725ms] ERR:404 body={"strategy":"-android uiautomator","selector":"new UiSelector().resourceIdMatches(\".*COMMUNITY.*\")...
12:44:06.047524 POST /session/0f612d87-4c4e-4733-8812-0531b1bd4a38/element [8.023161ms] ERR:404 body={"strategy":"-android uiautomator","selector":"new UiSelector().resourceIdMatches(\".*COMMUNITY.*\")...
12:44:06.797926 POST /session/0f612d87-4c4e-4733-8812-0531b1bd4a38/element [750.292188ms] ERR:404 body={"strategy":"-android uiautomator","selector":"new UiSelector().resourceIdMatches(\".*COMMUNITY.*\")...
12:44:08.315920 POST /session/0f612d87-4c4e-4733-8812-0531b1bd4a38/element [1.517880534s] OK body={"strategy":"-android uiautomator","selector":"new UiSelector().resourceIdMatches(\".*COMMUNITY.*\")...
12:44:08.796023 GET /session/0f612d87-4c4e-4733-8812-0531b1bd4a38/element/00000000-0000-0018-ffff-ffff00000095/text [480.021915ms] OK body=
12:44:08.805136 GET /session/0f612d87-4c4e-4733-8812-0531b1bd4a38/element/00000000-0000-0018-ffff-ffff00000095/rect [9.009305ms] OK body=
12:44:08.836088 POST /session/0f612d87-4c4e-4733-8812-0531b1bd4a38/element [29.935971ms] ERR:404 body={"strategy":"-android uiautomator","selector":"new UiSelector().resourceIdMatches(\".*SEARCH.*\").cl...
12:44:08.857185 POST /session/0f612d87-4c4e-4733-8812-0531b1bd4a38/element [20.992821ms] OK body={"strategy":"-android uiautomator","selector":"new UiSelector().resourceIdMatches(\".*SEARCH.*\")"}
12:44:08.865870 GET /session/0f612d87-4c4e-4733-8812-0531b1bd4a38/element/00000000-0000-0018-ffff-ffff000000a1/text [8.644716ms] OK body=
12:44:08.875448 GET /session/0f612d87-4c4e-4733-8812-0531b1bd4a38/element/00000000-0000-0018-ffff-ffff000000a1/rect [9.546931ms] OK body=
12:44:08.903933 POST /session/0f612d87-4c4e-4733-8812-0531b1bd4a38/element/00000000-0000-0018-ffff-ffff000000a1/click [28.439373ms] OK body=
12:44:09.040146 POST /session/0f612d87-4c4e-4733-8812-0531b1bd4a38/element [135.334266ms] ERR:404 body={"strategy":"-android uiautomator","selector":"new UiSelector().resourceIdMatches(\".*search-mode-to...
12:44:09.095699 POST /session/0f612d87-4c4e-4733-8812-0531b1bd4a38/element [55.408839ms] ERR:404 body={"strategy":"-android uiautomator","selector":"new UiSelector().resourceIdMatches(\".*search-mode-to...
12:44:09.164410 POST /session/0f612d87-4c4e-4733-8812-0531b1bd4a38/element [68.562646ms] ERR:404 body={"strategy":"-android uiautomator","selector":"new UiSelector().resourceIdMatches(\".*search-mode-to...
12:44:09.758237 POST /session/0f612d87-4c4e-4733-8812-0531b1bd4a38/element [593.692751ms] OK body={"strategy":"-android uiautomator","selector":"new UiSelector().resourceIdMatches(\".*search-mode-to...
12:44:09.769208 GET /session/0f612d87-4c4e-4733-8812-0531b1bd4a38/element/00000000-0000-0018-ffff-ffff0000010f/text [10.871155ms] OK body=
12:44:09.779695 GET /session/0f612d87-4c4e-4733-8812-0531b1bd4a38/element/00000000-0000-0018-ffff-ffff0000010f/rect [10.444307ms] OK body=
12:44:09.809305 POST /session/0f612d87-4c4e-4733-8812-0531b1bd4a38/element/00000000-0000-0018-ffff-ffff0000010f/click [29.523932ms] OK body=
12:44:09.827669 POST /session/0f612d87-4c4e-4733-8812-0531b1bd4a38/element [17.152383ms] ERR:404 body={"strategy":"-android uiautomator","selector":"new UiSelector().resourceIdMatches(\".*search-user-in...
12:44:09.879902 POST /session/0f612d87-4c4e-4733-8812-0531b1bd4a38/element [52.117108ms] ERR:404 body={"strategy":"-android uiautomator","selector":"new UiSelector().resourceIdMatches(\".*search-user-in...
12:44:10.446707 POST /session/0f612d87-4c4e-4733-8812-0531b1bd4a38/element [566.71823ms] OK body={"strategy":"-android uiautomator","selector":"new UiSelector().resourceIdMatches(\".*search-user-in...
12:44:10.456918 GET /session/0f612d87-4c4e-4733-8812-0531b1bd4a38/element/00000000-0000-0018-ffff-ffff0000011a/text [10.151654ms] OK body=
12:44:10.467537 GET /session/0f612d87-4c4e-4733-8812-0531b1bd4a38/element/00000000-0000-0018-ffff-ffff0000011a/rect [10.578561ms] OK body=
12:44:10.738457 POST /session/0f612d87-4c4e-4733-8812-0531b1bd4a38/element/00000000-0000-0018-ffff-ffff0000011a/click [270.869921ms] OK body=
12:44:10.769839 POST /session/0f612d87-4c4e-4733-8812-0531b1bd4a38/actions [29.140039ms] OK body={"actions":[{"actions":[{"type":"keyDown","value":"a"},{"type":"keyUp","value":"a"}],"id":"keyboard"...
12:44:10.777070 POST /session/0f612d87-4c4e-4733-8812-0531b1bd4a38/appium/device/hide_keyboard [6.443627ms] ERR:404 body=
12:44:11.461745 POST /session/0f612d87-4c4e-4733-8812-0531b1bd4a38/element [683.672301ms] ERR:404 body={"strategy":"-android uiautomator","selector":"new UiSelector().resourceIdMatches(\".*search-user-fo...
12:44:11.471532 POST /session/0f612d87-4c4e-4733-8812-0531b1bd4a38/element [9.649094ms] ERR:404 body={"strategy":"-android uiautomator","selector":"new UiSelector().resourceIdMatches(\".*search-user-fo...
12:44:11.478581 POST /session/0f612d87-4c4e-4733-8812-0531b1bd4a38/element [6.930908ms] ERR:404 body={"strategy":"-android uiautomator","selector":"new UiSelector().resourceIdMatches(\".*search-user-fo...
12:44:11.486678 POST /session/0f612d87-4c4e-4733-8812-0531b1bd4a38/element [7.976774ms] ERR:404 body={"strategy":"-android uiautomator","selector":"new UiSelector().resourceIdMatches(\".*search-user-fo...
12:44:11.493496 POST /session/0f612d87-4c4e-4733-8812-0531b1bd4a38/element [6.718336ms] ERR:404 body={"strategy":"-android uiautomator","selector":"new UiSelector().resourceIdMatches(\".*search-user-fo...
12:44:11.500811 POST /session/0f612d87-4c4e-4733-8812-0531b1bd4a38/element [7.254119ms] ERR:404 body={"strategy":"-android uiautomator","selector":"new UiSelector().resourceIdMatches(\".*search-user-fo...
12:44:11.507733 POST /session/0f612d87-4c4e-4733-8812-0531b1bd4a38/element [6.72177ms] ERR:404 body={"strategy":"-android uiautomator","selector":"new UiSelector().resourceIdMatches(\".*search-user-fo...
12:44:11.514712 POST /session/0f612d87-4c4e-4733-8812-0531b1bd4a38/element [6.87264ms] ERR:404 body={"strategy":"-android uiautomator","selector":"new UiSelector().resourceIdMatches(\".*search-user-fo...
12:44:11.522392 POST /session/0f612d87-4c4e-4733-8812-0531b1bd4a38/element [7.612025ms] ERR:404 body={"strategy":"-android uiautomator","selector":"new UiSelector().resourceIdMatches(\".*search-user-fo...
12:44:11.530299 POST /session/0f612d87-4c4e-4733-8812-0531b1bd4a38/element [7.852539ms] ERR:404 body={"strategy":"-android uiautomator","selector":"new UiSelector().resourceIdMatches(\".*search-user-fo...
12:44:11.538090 POST /session/0f612d87-4c4e-4733-8812-0531b1bd4a38/element [7.680063ms] ERR:404 body={"strategy":"-android uiautomator","selector":"new UiSelector().resourceIdMatches(\".*search-user-fo...
12:44:11.546211 POST /session/0f612d87-4c4e-4733-8812-0531b1bd4a38/element [8.039523ms] ERR:404 body={"strategy":"-android uiautomator","selector":"new UiSelector().resourceIdMatches(\".*search-user-fo...
12:44:11.553974 POST /session/0f612d87-4c4e-4733-8812-0531b1bd4a38/element [7.674431ms] ERR:404 body={"strategy":"-android uiautomator","selector":"new UiSelector().resourceIdMatches(\".*search-user-fo...
12:44:11.562183 POST /session/0f612d87-4c4e-4733-8812-0531b1bd4a38/element [8.104826ms] ERR:404 body={"strategy":"-android uiautomator","selector":"new UiSelector().resourceIdMatches(\".*search-user-fo...
12:44:11.570373 POST /session/0f612d87-4c4e-4733-8812-0531b1bd4a38/element [8.123111ms] ERR:404 body={"strategy":"-android uiautomator","selector":"new UiSelector().resourceIdMatches(\".*search-user-fo...
12:44:11.578366 POST /session/0f612d87-4c4e-4733-8812-0531b1bd4a38/element [7.901151ms] ERR:404 body={"strategy":"-android uiautomator","selector":"new UiSelector().resourceIdMatches(\".*search-user-fo...
12:44:11.586370 POST /session/0f612d87-4c4e-4733-8812-0531b1bd4a38/element [7.739165ms] ERR:404 body={"strategy":"-android uiautomator","selector":"new UiSelector().resourceIdMatches(\".*search-user-fo...
12:44:11.595023 POST /session/0f612d87-4c4e-4733-8812-0531b1bd4a38/element [8.561319ms] ERR:404 body={"strategy":"-android uiautomator","selector":"new UiSelector().resourceIdMatches(\".*search-user-fo...
12:44:11.611445 POST /session/0f612d87-4c4e-4733-8812-0531b1bd4a38/element [16.310121ms] ERR:404 body={"strategy":"-android uiautomator","selector":"new UiSelector().resourceIdMatches(\".*search-user-fo...
12:44:11.620839 POST /session/0f612d87-4c4e-4733-8812-0531b1bd4a38/element [9.278843ms] ERR:404 body={"strategy":"-android uiautomator","selector":"new UiSelector().resourceIdMatches(\".*search-user-fo...
12:44:11.628410 POST /session/0f612d87-4c4e-4733-8812-0531b1bd4a38/element [7.484432ms] ERR:404 body={"strategy":"-android uiautomator","selector":"new UiSelector().resourceIdMatches(\".*search-user-fo...
12:44:11.636725 POST /session/0f612d87-4c4e-4733-8812-0531b1bd4a38/element [8.18819ms] ERR:404 body={"strategy":"-android uiautomator","selector":"new UiSelector().resourceIdMatches(\".*search-user-fo...
12:44:11.644572 POST /session/0f612d87-4c4e-4733-8812-0531b1bd4a38/element [7.737939ms] ERR:404 body={"strategy":"-android uiautomator","selector":"new UiSelector().resourceIdMatches(\".*search-user-fo...
12:44:11.656928 POST /session/0f612d87-4c4e-4733-8812-0531b1bd4a38/element [12.282686ms] ERR:404 body={"strategy":"-android uiautomator","selector":"new UiSelector().resourceIdMatches(\".*search-user-fo...
12:44:11.665101 POST /session/0f612d87-4c4e-4733-8812-0531b1bd4a38/element [8.059988ms] ERR:404 body={"strategy":"-android uiautomator","selector":"new UiSelector().resourceIdMatches(\".*search-user-fo...
12:44:11.673899 POST /session/0f612d87-4c4e-4733-8812-0531b1bd4a38/element [8.693415ms] ERR:404 body={"strategy":"-android uiautomator","selector":"new UiSelector().resourceIdMatches(\".*search-user-fo...
12:44:11.681057 POST /session/0f612d87-4c4e-4733-8812-0531b1bd4a38/element [7.033449ms] ERR:404 body={"strategy":"-android uiautomator","selector":"new UiSelector().resourceIdMatches(\".*search-user-fo...
12:44:11.688869 POST /session/0f612d87-4c4e-4733-8812-0531b1bd4a38/element [7.676563ms] ERR:404 body={"strategy":"-android uiautomator","selector":"new UiSelector().resourceIdMatches(\".*search-user-fo...
12:44:11.704406 POST /session/0f612d87-4c4e-4733-8812-0531b1bd4a38/element [15.437446ms] ERR:404 body={"strategy":"-android uiautomator","selector":"new UiSelector().resourceIdMatches(\".*search-user-fo...
12:44:12.313841 POST /session/0f612d87-4c4e-4733-8812-0531b1bd4a38/element [609.325544ms] OK body={"strategy":"-android uiautomator","selector":"new UiSelector().resourceIdMatches(\".*search-user-fo...
12:44:13.197582 POST /session/0f612d87-4c4e-4733-8812-0531b1bd4a38/element [881.159973ms] OK body={"strategy":"-android uiautomator","selector":"new UiSelector().resourceIdMatches(\".*search-user-fo...
12:44:13.210156 GET /session/0f612d87-4c4e-4733-8812-0531b1bd4a38/element/00000000-0000-0018-ffff-ffff00000139/text [12.503523ms] OK body=
12:44:13.221103 GET /session/0f612d87-4c4e-4733-8812-0531b1bd4a38/element/00000000-0000-0018-ffff-ffff00000139/rect [10.89293ms] OK body=
12:44:13.255333 POST /session/0f612d87-4c4e-4733-8812-0531b1bd4a38/element/00000000-0000-0018-ffff-ffff00000139/click [34.166783ms] OK body=
12:44:13.373014 POST /session/0f612d87-4c4e-4733-8812-0531b1bd4a38/element [116.18286ms] OK body={"strategy":"-android uiautomator","selector":"new UiSelector().textContains(\"Unfollow\")"}
12:44:13.910615 POST /session/0f612d87-4c4e-4733-8812-0531b1bd4a38/element [532.997273ms] OK body={"strategy":"-android uiautomator","selector":"new UiSelector().resourceIdMatches(\".*search-user-fo...
12:44:13.920167 GET /session/0f612d87-4c4e-4733-8812-0531b1bd4a38/element/00000000-0000-0018-ffff-ffff00000139/text [9.465191ms] OK body=
12:44:13.930798 GET /session/0f612d87-4c4e-4733-8812-0531b1bd4a38/element/00000000-0000-0018-ffff-ffff00000139/rect [10.586554ms] OK body=
12:44:13.960451 POST /session/0f612d87-4c4e-4733-8812-0531b1bd4a38/element/00000000-0000-0018-ffff-ffff00000139/click [29.609643ms] OK body=
12:44:13.988430 POST /session/0f612d87-4c4e-4733-8812-0531b1bd4a38/element [25.497222ms] OK body={"strategy":"-android uiautomator","selector":"new UiSelector().textContains(\"Follow\")"}
12:44:18.882372 POST /session/0f612d87-4c4e-4733-8812-0531b1bd4a38/appium/device/launch_app [2.800163ms] ERR:404 body={"appId":"com.tastopia.app"}
12:44:21.695691 POST /session/0f612d87-4c4e-4733-8812-0531b1bd4a38/element [1.129261831s] OK body={"strategy":"-android uiautomator","selector":"new UiSelector().resourceIdMatches(\".*MENU.*\")"}
12:44:23.175507 GET /session/0f612d87-4c4e-4733-8812-0531b1bd4a38/element/00000000-0000-001a-ffff-ffff0000008e/text [1.479724378s] OK body=
12:44:23.654112 GET /session/0f612d87-4c4e-4733-8812-0531b1bd4a38/element/00000000-0000-001a-ffff-ffff0000008e/rect [478.536188ms] OK body=
12:44:23.687742 POST /session/0f612d87-4c4e-4733-8812-0531b1bd4a38/element [33.000632ms] ERR:404 body={"strategy":"-android uiautomator","selector":"new UiSelector().resourceIdMatches(\".*MENU.*\").clic...
12:44:23.719393 POST /session/0f612d87-4c4e-4733-8812-0531b1bd4a38/element [31.508501ms] OK body={"strategy":"-android uiautomator","selector":"new UiSelector().resourceIdMatches(\".*MENU.*\")"}
12:44:23.730855 GET /session/0f612d87-4c4e-4733-8812-0531b1bd4a38/element/00000000-0000-001a-ffff-ffff0000008e/text [11.388728ms] OK body=
12:44:23.743068 GET /session/0f612d87-4c4e-4733-8812-0531b1bd4a38/element/00000000-0000-001a-ffff-ffff0000008e/rect [12.150129ms] OK body=
12:44:23.774774 POST /session/0f612d87-4c4e-4733-8812-0531b1bd4a38/element/00000000-0000-001a-ffff-ffff0000008e/click [31.649677ms] OK body=
12:44:23.777049 POST /session/0f612d87-4c4e-4733-8812-0531b1bd4a38/appium/device/hide_keyboard [1.933015ms] ERR:404 body=
12:44:23.924581 POST /session/0f612d87-4c4e-4733-8812-0531b1bd4a38/element [147.142577ms] ERR:404 body={"strategy":"-android uiautomator","selector":"new UiSelector().textContains(\"History\")"}
12:44:24.181315 POST /session/0f612d87-4c4e-4733-8812-0531b1bd4a38/element [256.580113ms] ERR:404 body={"strategy":"-android uiautomator","selector":"new UiSelector().descriptionContains(\"History\")"}
12:44:24.844068 POST /session/0f612d87-4c4e-4733-8812-0531b1bd4a38/element [662.669014ms] OK body={"strategy":"-android uiautomator","selector":"new UiSelector().textMatches(\"(?is).*\\QHistory\\E.*...
12:44:24.856882 POST /session/0f612d87-4c4e-4733-8812-0531b1bd4a38/element [12.450895ms] OK body={"strategy":"-android uiautomator","selector":"new UiSelector().resourceIdMatches(\".*menu-logout-bu...
12:44:24.864686 GET /session/0f612d87-4c4e-4733-8812-0531b1bd4a38/element/00000000-0000-001a-ffff-ffff000000eb/text [7.745875ms] OK body=
12:44:24.874470 GET /session/0f612d87-4c4e-4733-8812-0531b1bd4a38/element/00000000-0000-001a-ffff-ffff000000eb/rect [9.750783ms] OK body=
12:44:24.903906 POST /session/0f612d87-4c4e-4733-8812-0531b1bd4a38/element/00000000-0000-001a-ffff-ffff000000eb/click [29.3842ms] OK body=
12:44:24.930038 POST /session/0f612d87-4c4e-4733-8812-0531b1bd4a38/element [25.584278ms] ERR:404 body={"strategy":"-android uiautomator","selector":"new UiSelector().textContains(\"Welcome to\")"}
12:44:24.947591 POST /session/0f612d87-4c4e-4733-8812-0531b1bd4a38/element [17.41165ms] ERR:404 body={"strategy":"-android uiautomator","selector":"new UiSelector().descriptionContains(\"Welcome to\")"...
12:44:24.965400 POST /session/0f612d87-4c4e-4733-8812-0531b1bd4a38/element [17.697639ms] ERR:404 body={"strategy":"-android uiautomator","selector":"new UiSelector().textMatches(\"(?is).*\\QWelcome to\\...
12:44:24.984003 POST /session/0f612d87-4c4e-4733-8812-0531b1bd4a38/element [18.471481ms] ERR:404 body={"strategy":"-android uiautomator","selector":"new UiSelector().descriptionMatches(\"(?is).*\\QWelco...
12:44:25.002058 POST /session/0f612d87-4c4e-4733-8812-0531b1bd4a38/element [17.938182ms] ERR:404 body={"strategy":"-android uiautomator","selector":"new UiSelector().textContains(\"Welcome to\")"}
12:44:25.020174 POST /session/0f612d87-4c4e-4733-8812-0531b1bd4a38/element [18.006081ms] ERR:404 body={"strategy":"-android uiautomator","selector":"new UiSelector().descriptionContains(\"Welcome to\")"...
12:44:25.041768 POST /session/0f612d87-4c4e-4733-8812-0531b1bd4a38/element [21.490725ms] ERR:404 body={"strategy":"-android uiautomator","selector":"new UiSelector().textMatches(\"(?is).*\\QWelcome to\\...
12:44:25.068672 POST /session/0f612d87-4c4e-4733-8812-0531b1bd4a38/element [26.768046ms] ERR:404 body={"strategy":"-android uiautomator","selector":"new UiSelector().descriptionMatches(\"(?is).*\\QWelco...
12:44:25.087585 POST /session/0f612d87-4c4e-4733-8812-0531b1bd4a38/element [18.800573ms] ERR:404 body={"strategy":"-android uiautomator","selector":"new UiSelector().textContains(\"Welcome to\")"}
12:44:25.107038 POST /session/0f612d87-4c4e-4733-8812-0531b1bd4a38/element [19.33925ms] ERR:404 body={"strategy":"-android uiautomator","selector":"new UiSelector().descriptionContains(\"Welcome to\")"...
12:44:25.124561 POST /session/0f612d87-4c4e-4733-8812-0531b1bd4a38/element [17.395608ms] ERR:404 body={"strategy":"-android uiautomator","selector":"new UiSelector().textMatches(\"(?is).*\\QWelcome to\\...
12:44:25.145877 POST /session/0f612d87-4c4e-4733-8812-0531b1bd4a38/element [21.214984ms] ERR:404 body={"strategy":"-android uiautomator","selector":"new UiSelector().descriptionMatches(\"(?is).*\\QWelco...
12:44:25.163727 POST /session/0f612d87-4c4e-4733-8812-0531b1bd4a38/element [17.758263ms] ERR:404 body={"strategy":"-android uiautomator","selector":"new UiSelector().textContains(\"Welcome to\")"}
12:44:25.181627 POST /session/0f612d87-4c4e-4733-8812-0531b1bd4a38/element [17.826533ms] ERR:404 body={"strategy":"-android uiautomator","selector":"new UiSelector().descriptionContains(\"Welcome to\")"...
12:44:25.212511 POST /session/0f612d87-4c4e-4733-8812-0531b1bd4a38/element [30.762835ms] ERR:404 body={"strategy":"-android uiautomator","selector":"new UiSelector().textMatches(\"(?is).*\\QWelcome to\\...
12:44:25.231385 POST /session/0f612d87-4c4e-4733-8812-0531b1bd4a38/element [18.718105ms] ERR:404 body={"strategy":"-android uiautomator","selector":"new UiSelector().descriptionMatches(\"(?is).*\\QWelco...
12:44:25.251810 POST /session/0f612d87-4c4e-4733-8812-0531b1bd4a38/element [20.318482ms] ERR:404 body={"strategy":"-android uiautomator","selector":"new UiSelector().textContains(\"Welcome to\")"}
12:44:25.274097 POST /session/0f612d87-4c4e-4733-8812-0531b1bd4a38/element [22.206798ms] ERR:404 body={"strategy":"-android uiautomator","selector":"new UiSelector().descriptionContains(\"Welcome to\")"...
12:44:25.293768 POST /session/0f612d87-4c4e-4733-8812-0531b1bd4a38/element [19.551771ms] ERR:404 body={"strategy":"-android uiautomator","selector":"new UiSelector().textMatches(\"(?is).*\\QWelcome to\\...
12:44:25.312666 POST /session/0f612d87-4c4e-4733-8812-0531b1bd4a38/element [18.792347ms] ERR:404 body={"strategy":"-android uiautomator","selector":"new UiSelector().descriptionMatches(\"(?is).*\\QWelco...
12:44:25.331033 POST /session/0f612d87-4c4e-4733-8812-0531b1bd4a38/element [18.267796ms] ERR:404 body={"strategy":"-android uiautomator","selector":"new UiSelector().textContains(\"Welcome to\")"}
12:44:25.349380 POST /session/0f612d87-4c4e-4733-8812-0531b1bd4a38/element [18.201871ms] ERR:404 body={"strategy":"-android uiautomator","selector":"new UiSelector().descriptionContains(\"Welcome to\")"...
12:44:25.367222 POST /session/0f612d87-4c4e-4733-8812-0531b1bd4a38/element [17.770416ms] ERR:404 body={"strategy":"-android uiautomator","selector":"new UiSelector().textMatches(\"(?is).*\\QWelcome to\\...
12:44:25.387061 POST /session/0f612d87-4c4e-4733-8812-0531b1bd4a38/element [19.740075ms] ERR:404 body={"strategy":"-android uiautomator","selector":"new UiSelector().descriptionMatches(\"(?is).*\\QWelco...
12:44:25.408661 POST /session/0f612d87-4c4e-4733-8812-0531b1bd4a38/element [21.513308ms] ERR:404 body={"strategy":"-android uiautomator","selector":"new UiSelector().textContains(\"Welcome to\")"}
12:44:25.427573 POST /session/0f612d87-4c4e-4733-8812-0531b1bd4a38/element [18.823043ms] ERR:404 body={"strategy":"-android uiautomator","selector":"new UiSelector().descriptionContains(\"Welcome to\")"...
12:44:25.448118 POST /session/0f612d87-4c4e-4733-8812-0531b1bd4a38/element [20.456511ms] ERR:404 body={"strategy":"-android uiautomator","selector":"new UiSelector().textMatches(\"(?is).*\\QWelcome to\\...
12:44:25.470202 POST /session/0f612d87-4c4e-4733-8812-0531b1bd4a38/element [21.98519ms] ERR:404 body={"strategy":"-android uiautomator","selector":"new UiSelector().descriptionMatches(\"(?is).*\\QWelco...
12:44:25.489687 POST /session/0f612d87-4c4e-4733-8812-0531b1bd4a38/element [19.420234ms] ERR:404 body={"strategy":"-android uiautomator","selector":"new UiSelector().textContains(\"Welcome to\")"}
12:44:25.506473 POST /session/0f612d87-4c4e-4733-8812-0531b1bd4a38/element [16.685537ms] ERR:404 body={"strategy":"-android uiautomator","selector":"new UiSelector().descriptionContains(\"Welcome to\")"...
12:44:25.528238 POST /session/0f612d87-4c4e-4733-8812-0531b1bd4a38/element [21.678891ms] ERR:404 body={"strategy":"-android uiautomator","selector":"new UiSelector().textMatches(\"(?is).*\\QWelcome to\\...
12:44:25.545347 POST /session/0f612d87-4c4e-4733-8812-0531b1bd4a38/element [16.98913ms] ERR:404 body={"strategy":"-android uiautomator","selector":"new UiSelector().descriptionMatches(\"(?is).*\\QWelco...
12:44:25.563043 POST /session/0f612d87-4c4e-4733-8812-0531b1bd4a38/element [17.560259ms] ERR:404 body={"strategy":"-android uiautomator","selector":"new UiSelector().textContains(\"Welcome to\")"}
12:44:25.583089 POST /session/0f612d87-4c4e-4733-8812-0531b1bd4a38/element [19.916871ms] ERR:404 body={"strategy":"-android uiautomator","selector":"new UiSelector().descriptionContains(\"Welcome to\")"...
12:44:25.602372 POST /session/0f612d87-4c4e-4733-8812-0531b1bd4a38/element [19.181903ms] ERR:404 body={"strategy":"-android uiautomator","selector":"new UiSelector().textMatches(\"(?is).*\\QWelcome to\\...
12:44:25.624274 POST /session/0f612d87-4c4e-4733-8812-0531b1bd4a38/element [21.808015ms] ERR:404 body={"strategy":"-android uiautomator","selector":"new UiSelector().descriptionMatches(\"(?is).*\\QWelco...
12:44:25.645881 POST /session/0f612d87-4c4e-4733-8812-0531b1bd4a38/element [21.526526ms] ERR:404 body={"strategy":"-android uiautomator","selector":"new UiSelector().textContains(\"Welcome to\")"}
12:44:25.663332 POST /session/0f612d87-4c4e-4733-8812-0531b1bd4a38/element [17.350102ms] ERR:404 body={"strategy":"-android uiautomator","selector":"new UiSelector().descriptionContains(\"Welcome to\")"...
12:44:25.682801 POST /session/0f612d87-4c4e-4733-8812-0531b1bd4a38/element [19.339972ms] ERR:404 body={"strategy":"-android uiautomator","selector":"new UiSelector().textMatches(\"(?is).*\\QWelcome to\\...
12:44:25.704721 POST /session/0f612d87-4c4e-4733-8812-0531b1bd4a38/element [21.855212ms] ERR:404 body={"strategy":"-android uiautomator","selector":"new UiSelector().descriptionMatches(\"(?is).*\\QWelco...
12:44:25.725762 POST /session/0f612d87-4c4e-4733-8812-0531b1bd4a38/element [20.966825ms] ERR:404 body={"strategy":"-android uiautomator","selector":"new UiSelector().textContains(\"Welcome to\")"}
12:44:25.744389 POST /session/0f612d87-4c4e-4733-8812-0531b1bd4a38/element [18.536676ms] ERR:404 body={"strategy":"-android uiautomator","selector":"new UiSelector().descriptionContains(\"Welcome to\")"...
12:44:25.803487 POST /session/0f612d87-4c4e-4733-8812-0531b1bd4a38/element [58.982334ms] ERR:404 body={"strategy":"-android uiautomator","selector":"new UiSelector().textMatches(\"(?is).*\\QWelcome to\\...
12:44:25.822296 POST /session/0f612d87-4c4e-4733-8812-0531b1bd4a38/element [18.701305ms] ERR:404 body={"strategy":"-android uiautomator","selector":"new UiSelector().descriptionMatches(\"(?is).*\\QWelco...
12:44:25.840958 POST /session/0f612d87-4c4e-4733-8812-0531b1bd4a38/element [18.537204ms] ERR:404 body={"strategy":"-android uiautomator","selector":"new UiSelector().textContains(\"Welcome to\")"}
12:44:25.858364 POST /session/0f612d87-4c4e-4733-8812-0531b1bd4a38/element [17.278146ms] ERR:404 body={"strategy":"-android uiautomator","selector":"new UiSelector().descriptionContains(\"Welcome to\")"...
12:44:25.884766 POST /session/0f612d87-4c4e-4733-8812-0531b1bd4a38/element [26.310612ms] ERR:404 body={"strategy":"-android uiautomator","selector":"new UiSelector().textMatches(\"(?is).*\\QWelcome to\\...
12:44:25.906342 POST /session/0f612d87-4c4e-4733-8812-0531b1bd4a38/element [21.468706ms] ERR:404 body={"strategy":"-android uiautomator","selector":"new UiSelector().descriptionMatches(\"(?is).*\\QWelco...
12:44:25.927266 POST /session/0f612d87-4c4e-4733-8812-0531b1bd4a38/element [20.553242ms] ERR:404 body={"strategy":"-android uiautomator","selector":"new UiSelector().textContains(\"Welcome to\")"}
12:44:25.960689 POST /session/0f612d87-4c4e-4733-8812-0531b1bd4a38/element [33.271214ms] ERR:404 body={"strategy":"-android uiautomator","selector":"new UiSelector().descriptionContains(\"Welcome to\")"...
12:44:26.801209 POST /session/0f612d87-4c4e-4733-8812-0531b1bd4a38/element [840.402579ms] OK body={"strategy":"-android uiautomator","selector":"new UiSelector().textMatches(\"(?is).*\\QWelcome to\\...
12:44:27.230295 POST /session/0f612d87-4c4e-4733-8812-0531b1bd4a38/element [428.697667ms] OK body={"strategy":"-android uiautomator","selector":"new UiSelector().textContains(\"Tastopia\")"}
12:44:27.247522 DELETE /session/0f612d87-4c4e-4733-8812-0531b1bd4a38 [1.824645ms] OK body=
