08:58:46.531722 POST /session [34.210233ms] OK body={"capabilities":{"platformName":"Android","deviceName":"Android SDK built for x86"}}
08:58:46.541127 POST /session/d5e037c5-07ea-4c54-bed7-8d15d45be864/appium/settings [9.3061ms] OK body={"settings":{"waitForIdleTimeout":200}}
08:58:46.549053 POST /session/d5e037c5-07ea-4c54-bed7-8d15d45be864/appium/settings [7.886137ms] OK body={"settings":{"implicitWait":100}}
08:58:46.629573 GET /session/d5e037c5-07ea-4c54-bed7-8d15d45be864/appium/device/info [61.913447ms] OK body=
08:58:46.646756 POST /session/d5e037c5-07ea-4c54-bed7-8d15d45be864/appium/settings [9.222586ms] OK body={"settings":{"waitForIdleTimeout":200}}
08:58:51.499026 POST /session/d5e037c5-07ea-4c54-bed7-8d15d45be864/appium/device/launch_app [10.822678ms] ERR:404 body={"appId":"com.tastopia.app"}
08:58:54.370994 POST /session/d5e037c5-07ea-4c54-bed7-8d15d45be864/element [1.110330314s] OK body={"strategy":"-android uiautomator","selector":"new UiSelector().resourceIdMatches(\".*welcome-sign-i...
08:58:54.447572 GET /session/d5e037c5-07ea-4c54-bed7-8d15d45be864/element/00000000-0000-0007-ffff-ffff00000021/text [76.475924ms] OK body=
08:58:54.509511 GET /session/d5e037c5-07ea-4c54-bed7-8d15d45be864/element/00000000-0000-0007-ffff-ffff00000021/rect [61.875995ms] OK body=
08:58:54.585405 POST /session/d5e037c5-07ea-4c54-bed7-8d15d45be864/element/00000000-0000-0007-ffff-ffff00000021/click [75.805096ms] OK body=
08:58:55.523118 POST /session/d5e037c5-07ea-4c54-bed7-8d15d45be864/element [499.240065ms] OK body={"strategy":"-android uiautomator","selector":"new UiSelector().resourceIdMatches(\".*login-identifi...
08:58:55.569197 POST /session/d5e037c5-07ea-4c54-bed7-8d15d45be864/element [45.771989ms] OK body={"strategy":"-android uiautomator","selector":"new UiSelector().resourceIdMatches(\".*login-identifi...
08:58:55.589631 GET /session/d5e037c5-07ea-4c54-bed7-8d15d45be864/element/00000000-0000-0007-ffff-ffff0000002f/text [20.342034ms] OK body=
08:58:55.616405 GET /session/d5e037c5-07ea-4c54-bed7-8d15d45be864/element/00000000-0000-0007-ffff-ffff0000002f/rect [26.704894ms] OK body=
08:58:56.042881 POST /session/d5e037c5-07ea-4c54-bed7-8d15d45be864/element/00000000-0000-0007-ffff-ffff0000002f/click [426.405425ms] OK body=
08:58:57.927570 POST /session/d5e037c5-07ea-4c54-bed7-8d15d45be864/actions [1.884235489s] OK body={"actions":[{"actions":[{"type":"keyDown","value":"a"},{"type":"keyUp","value":"a"},{"type":"keyDown...
08:58:57.955859 POST /session/d5e037c5-07ea-4c54-bed7-8d15d45be864/appium/device/hide_keyboard [28.135041ms] ERR:404 body=
08:58:58.499431 POST /session/d5e037c5-07ea-4c54-bed7-8d15d45be864/element [543.209333ms] OK body={"strategy":"-android uiautomator","selector":"new UiSelector().resourceIdMatches(\".*login-password...
08:58:58.527479 POST /session/d5e037c5-07ea-4c54-bed7-8d15d45be864/element [27.685921ms] OK body={"strategy":"-android uiautomator","selector":"new UiSelector().resourceIdMatches(\".*login-password...
08:58:58.563519 GET /session/d5e037c5-07ea-4c54-bed7-8d15d45be864/element/00000000-0000-0007-ffff-ffff00000030/text [35.952515ms] OK body=
08:58:58.584764 GET /session/d5e037c5-07ea-4c54-bed7-8d15d45be864/element/00000000-0000-0007-ffff-ffff00000030/rect [21.158301ms] OK body=
08:58:58.854173 POST /session/d5e037c5-07ea-4c54-bed7-8d15d45be864/element/00000000-0000-0007-ffff-ffff00000030/click [269.335427ms] OK body=
08:58:59.856474 POST /session/d5e037c5-07ea-4c54-bed7-8d15d45be864/actions [1.001942229s] OK body={"actions":[{"actions":[{"type":"keyDown","value":"P"},{"type":"keyUp","value":"P"},{"type":"keyDown...
08:58:59.877695 POST /session/d5e037c5-07ea-4c54-bed7-8d15d45be864/appium/device/hide_keyboard [21.088445ms] ERR:404 body=
08:59:00.898672 POST /session/d5e037c5-07ea-4c54-bed7-8d15d45be864/element [1.020603701s] OK body={"strategy":"-android uiautomator","selector":"new UiSelector().resourceIdMatches(\".*login-submit-b...
08:59:00.913891 GET /session/d5e037c5-07ea-4c54-bed7-8d15d45be864/element/00000000-0000-0007-ffff-ffff00000049/text [15.148836ms] OK body=
08:59:00.929526 GET /session/d5e037c5-07ea-4c54-bed7-8d15d45be864/element/00000000-0000-0007-ffff-ffff00000049/rect [15.594186ms] OK body=
08:59:00.965441 POST /session/d5e037c5-07ea-4c54-bed7-8d15d45be864/element/00000000-0000-0007-ffff-ffff00000049/click [35.81592ms] OK body=
08:59:00.993823 POST /session/d5e037c5-07ea-4c54-bed7-8d15d45be864/element [28.315823ms] OK body={"strategy":"-android uiautomator","selector":"new UiSelector().resourceIdMatches(\".*login-submit-b...
08:59:01.623965 GET /session/d5e037c5-07ea-4c54-bed7-8d15d45be864/element/00000000-0000-0007-ffff-ffff00000049/text [630.049408ms] OK body=
08:59:01.639590 GET /session/d5e037c5-07ea-4c54-bed7-8d15d45be864/element/00000000-0000-0007-ffff-ffff00000049/rect [15.550259ms] OK body=
08:59:01.680807 POST /session/d5e037c5-07ea-4c54-bed7-8d15d45be864/element/00000000-0000-0007-ffff-ffff00000049/click [41.163173ms] OK body=
08:59:01.708807 POST /session/d5e037c5-07ea-4c54-bed7-8d15d45be864/element [27.368405ms] ERR:404 body={"strategy":"-android uiautomator","selector":"new UiSelector().resourceIdMatches(\".*COMMUNITY.*\")...
08:59:02.412959 POST /session/d5e037c5-07ea-4c54-bed7-8d15d45be864/element [703.915327ms] ERR:404 body={"strategy":"-android uiautomator","selector":"new UiSelector().resourceIdMatches(\".*COMMUNITY.*\")...
08:59:02.429269 POST /session/d5e037c5-07ea-4c54-bed7-8d15d45be864/element [16.169159ms] ERR:404 body={"strategy":"-android uiautomator","selector":"new UiSelector().resourceIdMatches(\".*COMMUNITY.*\")...
08:59:02.444361 POST /session/d5e037c5-07ea-4c54-bed7-8d15d45be864/element [14.988186ms] ERR:404 body={"strategy":"-android uiautomator","selector":"new UiSelector().resourceIdMatches(\".*COMMUNITY.*\")...
08:59:02.462089 POST /session/d5e037c5-07ea-4c54-bed7-8d15d45be864/element [17.631435ms] ERR:404 body={"strategy":"-android uiautomator","selector":"new UiSelector().resourceIdMatches(\".*COMMUNITY.*\")...
08:59:02.481168 POST /session/d5e037c5-07ea-4c54-bed7-8d15d45be864/element [18.990535ms] ERR:404 body={"strategy":"-android uiautomator","selector":"new UiSelector().resourceIdMatches(\".*COMMUNITY.*\")...
08:59:02.498853 POST /session/d5e037c5-07ea-4c54-bed7-8d15d45be864/element [17.586337ms] ERR:404 body={"strategy":"-android uiautomator","selector":"new UiSelector().resourceIdMatches(\".*COMMUNITY.*\")...
08:59:02.517423 POST /session/d5e037c5-07ea-4c54-bed7-8d15d45be864/element [18.477227ms] ERR:404 body={"strategy":"-android uiautomator","selector":"new UiSelector().resourceIdMatches(\".*COMMUNITY.*\")...
08:59:02.537508 POST /session/d5e037c5-07ea-4c54-bed7-8d15d45be864/element [20.00444ms] ERR:404 body={"strategy":"-android uiautomator","selector":"new UiSelector().resourceIdMatches(\".*COMMUNITY.*\")...
08:59:02.556691 POST /session/d5e037c5-07ea-4c54-bed7-8d15d45be864/element [18.908174ms] ERR:404 body={"strategy":"-android uiautomator","selector":"new UiSelector().resourceIdMatches(\".*COMMUNITY.*\")...
08:59:02.576150 POST /session/d5e037c5-07ea-4c54-bed7-8d15d45be864/element [19.363407ms] ERR:404 body={"strategy":"-android uiautomator","selector":"new UiSelector().resourceIdMatches(\".*COMMUNITY.*\")...
08:59:02.595330 POST /session/d5e037c5-07ea-4c54-bed7-8d15d45be864/element [19.080223ms] ERR:404 body={"strategy":"-android uiautomator","selector":"new UiSelector().resourceIdMatches(\".*COMMUNITY.*\")...
08:59:02.611740 POST /session/d5e037c5-07ea-4c54-bed7-8d15d45be864/element [16.27184ms] ERR:404 body={"strategy":"-android uiautomator","selector":"new UiSelector().resourceIdMatches(\".*COMMUNITY.*\")...
08:59:02.630849 POST /session/d5e037c5-07ea-4c54-bed7-8d15d45be864/element [18.982275ms] ERR:404 body={"strategy":"-android uiautomator","selector":"new UiSelector().resourceIdMatches(\".*COMMUNITY.*\")...
08:59:02.646263 POST /session/d5e037c5-07ea-4c54-bed7-8d15d45be864/element [15.294568ms] ERR:404 body={"strategy":"-android uiautomator","selector":"new UiSelector().resourceIdMatches(\".*COMMUNITY.*\")...
08:59:02.661682 POST /session/d5e037c5-07ea-4c54-bed7-8d15d45be864/element [15.283952ms] ERR:404 body={"strategy":"-android uiautomator","selector":"new UiSelector().resourceIdMatches(\".*COMMUNITY.*\")...
08:59:02.676672 POST /session/d5e037c5-07ea-4c54-bed7-8d15d45be864/element [14.882478ms] ERR:404 body={"strategy":"-android uiautomator","selector":"new UiSelector().resourceIdMatches(\".*COMMUNITY.*\")...
08:59:02.695616 POST /session/d5e037c5-07ea-4c54-bed7-8d15d45be864/element [18.863567ms] ERR:404 body={"strategy":"-android uiautomator","selector":"new UiSelector().resourceIdMatches(\".*COMMUNITY.*\")...
08:59:02.714220 POST /session/d5e037c5-07ea-4c54-bed7-8d15d45be864/element [18.493031ms] ERR:404 body={"strategy":"-android uiautomator","selector":"new UiSelector().resourceIdMatches(\".*COMMUNITY.*\")...
08:59:02.733066 POST /session/d5e037c5-07ea-4c54-bed7-8d15d45be864/element [18.777087ms] ERR:404 body={"strategy":"-android uiautomator","selector":"new UiSelector().resourceIdMatches(\".*COMMUNITY.*\")...
08:59:02.748502 POST /session/d5e037c5-07ea-4c54-bed7-8d15d45be864/element [15.365173ms] ERR:404 body={"strategy":"-android uiautomator","selector":"new UiSelector().resourceIdMatches(\".*COMMUNITY.*\")...
08:59:02.767321 POST /session/d5e037c5-07ea-4c54-bed7-8d15d45be864/element [18.704889ms] ERR:404 body={"strategy":"-android uiautomator","selector":"new UiSelector().resourceIdMatches(\".*COMMUNITY.*\")...
08:59:02.781267 POST /session/d5e037c5-07ea-4c54-bed7-8d15d45be864/element [13.872351ms] ERR:404 body={"strategy":"-android uiautomator","selector":"new UiSelector().resourceIdMatches(\".*COMMUNITY.*\")...
08:59:02.795438 POST /session/d5e037c5-07ea-4c54-bed7-8d15d45be864/element [14.10431ms] ERR:404 body={"strategy":"-android uiautomator","selector":"new UiSelector().resourceIdMatches(\".*COMMUNITY.*\")...
08:59:02.810162 POST /session/d5e037c5-07ea-4c54-bed7-8d15d45be864/element [14.651967ms] ERR:404 body={"strategy":"-android uiautomator","selector":"new UiSelector().resourceIdMatches(\".*COMMUNITY.*\")...
08:59:02.824449 POST /session/d5e037c5-07ea-4c54-bed7-8d15d45be864/element [14.202427ms] ERR:404 body={"strategy":"-android uiautomator","selector":"new UiSelector().resourceIdMatches(\".*COMMUNITY.*\")...
08:59:02.839440 POST /session/d5e037c5-07ea-4c54-bed7-8d15d45be864/element [14.89666ms] ERR:404 body={"strategy":"-android uiautomator","selector":"new UiSelector().resourceIdMatches(\".*COMMUNITY.*\")...
08:59:02.853622 POST /session/d5e037c5-07ea-4c54-bed7-8d15d45be864/element [14.085606ms] ERR:404 body={"strategy":"-android uiautomator","selector":"new UiSelector().resourceIdMatches(\".*COMMUNITY.*\")...
08:59:02.870126 POST /session/d5e037c5-07ea-4c54-bed7-8d15d45be864/element [16.38826ms] ERR:404 body={"strategy":"-android uiautomator","selector":"new UiSelector().resourceIdMatches(\".*COMMUNITY.*\")...
08:59:02.897327 POST /session/d5e037c5-07ea-4c54-bed7-8d15d45be864/element [27.094212ms] ERR:404 body={"strategy":"-android uiautomator","selector":"new UiSelector().resourceIdMatches(\".*COMMUNITY.*\")...
08:59:02.914386 POST /session/d5e037c5-07ea-4c54-bed7-8d15d45be864/element [16.965937ms] ERR:404 body={"strategy":"-android uiautomator","selector":"new UiSelector().resourceIdMatches(\".*COMMUNITY.*\")...
08:59:02.928627 POST /session/d5e037c5-07ea-4c54-bed7-8d15d45be864/element [14.148496ms] ERR:404 body={"strategy":"-android uiautomator","selector":"new UiSelector().resourceIdMatches(\".*COMMUNITY.*\")...
08:59:02.943045 POST /session/d5e037c5-07ea-4c54-bed7-8d15d45be864/element [14.305226ms] ERR:404 body={"strategy":"-android uiautomator","selector":"new UiSelector().resourceIdMatches(\".*COMMUNITY.*\")...
08:59:02.959264 POST /session/d5e037c5-07ea-4c54-bed7-8d15d45be864/element [16.11227ms] ERR:404 body={"strategy":"-android uiautomator","selector":"new UiSelector().resourceIdMatches(\".*COMMUNITY.*\")...
08:59:02.975912 POST /session/d5e037c5-07ea-4c54-bed7-8d15d45be864/element [16.54123ms] ERR:404 body={"strategy":"-android uiautomator","selector":"new UiSelector().resourceIdMatches(\".*COMMUNITY.*\")...
08:59:02.994729 POST /session/d5e037c5-07ea-4c54-bed7-8d15d45be864/element [18.723116ms] ERR:404 body={"strategy":"-android uiautomator","selector":"new UiSelector().resourceIdMatches(\".*COMMUNITY.*\")...
08:59:03.010048 POST /session/d5e037c5-07ea-4c54-bed7-8d15d45be864/element [15.215128ms] ERR:404 body={"strategy":"-android uiautomator","selector":"new UiSelector().resourceIdMatches(\".*COMMUNITY.*\")...
08:59:03.025247 POST /session/d5e037c5-07ea-4c54-bed7-8d15d45be864/element [15.10296ms] ERR:404 body={"strategy":"-android uiautomator","selector":"new UiSelector().resourceIdMatches(\".*COMMUNITY.*\")...
08:59:03.040410 POST /session/d5e037c5-07ea-4c54-bed7-8d15d45be864/element [15.068628ms] ERR:404 body={"strategy":"-android uiautomator","selector":"new UiSelector().resourceIdMatches(\".*COMMUNITY.*\")...
08:59:03.055277 POST /session/d5e037c5-07ea-4c54-bed7-8d15d45be864/element [14.777461ms] ERR:404 body={"strategy":"-android uiautomator","selector":"new UiSelector().resourceIdMatches(\".*COMMUNITY.*\")...
08:59:03.070318 POST /session/d5e037c5-07ea-4c54-bed7-8d15d45be864/element [14.959344ms] ERR:404 body={"strategy":"-android uiautomator","selector":"new UiSelector().resourceIdMatches(\".*COMMUNITY.*\")...
08:59:03.085121 POST /session/d5e037c5-07ea-4c54-bed7-8d15d45be864/element [14.69702ms] ERR:404 body={"strategy":"-android uiautomator","selector":"new UiSelector().resourceIdMatches(\".*COMMUNITY.*\")...
08:59:03.099916 POST /session/d5e037c5-07ea-4c54-bed7-8d15d45be864/element [14.68738ms] ERR:404 body={"strategy":"-android uiautomator","selector":"new UiSelector().resourceIdMatches(\".*COMMUNITY.*\")...
08:59:03.115851 POST /session/d5e037c5-07ea-4c54-bed7-8d15d45be864/element [15.809746ms] ERR:404 body={"strategy":"-android uiautomator","selector":"new UiSelector().resourceIdMatches(\".*COMMUNITY.*\")...
08:59:03.131435 POST /session/d5e037c5-07ea-4c54-bed7-8d15d45be864/element [15.462615ms] ERR:404 body={"strategy":"-android uiautomator","selector":"new UiSelector().resourceIdMatches(\".*COMMUNITY.*\")...
08:59:03.146678 POST /session/d5e037c5-07ea-4c54-bed7-8d15d45be864/element [15.119074ms] ERR:404 body={"strategy":"-android uiautomator","selector":"new UiSelector().resourceIdMatches(\".*COMMUNITY.*\")...
08:59:03.161833 POST /session/d5e037c5-07ea-4c54-bed7-8d15d45be864/element [15.072624ms] ERR:404 body={"strategy":"-android uiautomator","selector":"new UiSelector().resourceIdMatches(\".*COMMUNITY.*\")...
08:59:03.176689 POST /session/d5e037c5-07ea-4c54-bed7-8d15d45be864/element [14.771372ms] ERR:404 body={"strategy":"-android uiautomator","selector":"new UiSelector().resourceIdMatches(\".*COMMUNITY.*\")...
08:59:03.191024 POST /session/d5e037c5-07ea-4c54-bed7-8d15d45be864/element [14.2576ms] ERR:404 body={"strategy":"-android uiautomator","selector":"new UiSelector().resourceIdMatches(\".*COMMUNITY.*\")...
08:59:03.206579 POST /session/d5e037c5-07ea-4c54-bed7-8d15d45be864/element [15.460336ms] ERR:404 body={"strategy":"-android uiautomator","selector":"new UiSelector().resourceIdMatches(\".*COMMUNITY.*\")...
08:59:03.222944 POST /session/d5e037c5-07ea-4c54-bed7-8d15d45be864/element [16.215201ms] ERR:404 body={"strategy":"-android uiautomator","selector":"new UiSelector().resourceIdMatches(\".*COMMUNITY.*\")...
08:59:03.240503 POST /session/d5e037c5-07ea-4c54-bed7-8d15d45be864/element [17.452342ms] ERR:404 body={"strategy":"-android uiautomator","selector":"new UiSelector().resourceIdMatches(\".*COMMUNITY.*\")...
08:59:03.258424 POST /session/d5e037c5-07ea-4c54-bed7-8d15d45be864/element [17.815113ms] ERR:404 body={"strategy":"-android uiautomator","selector":"new UiSelector().resourceIdMatches(\".*COMMUNITY.*\")...
08:59:03.273113 POST /session/d5e037c5-07ea-4c54-bed7-8d15d45be864/element [14.591957ms] ERR:404 body={"strategy":"-android uiautomator","selector":"new UiSelector().resourceIdMatches(\".*COMMUNITY.*\")...
08:59:03.291122 POST /session/d5e037c5-07ea-4c54-bed7-8d15d45be864/element [17.913971ms] ERR:404 body={"strategy":"-android uiautomator","selector":"new UiSelector().resourceIdMatches(\".*COMMUNITY.*\")...
08:59:03.308188 POST /session/d5e037c5-07ea-4c54-bed7-8d15d45be864/element [16.978947ms] ERR:404 body={"strategy":"-android uiautomator","selector":"new UiSelector().resourceIdMatches(\".*COMMUNITY.*\")...
08:59:03.324927 POST /session/d5e037c5-07ea-4c54-bed7-8d15d45be864/element [16.632441ms] ERR:404 body={"strategy":"-android uiautomator","selector":"new UiSelector().resourceIdMatches(\".*COMMUNITY.*\")...
08:59:03.339709 POST /session/d5e037c5-07ea-4c54-bed7-8d15d45be864/element [14.686019ms] ERR:404 body={"strategy":"-android uiautomator","selector":"new UiSelector().resourceIdMatches(\".*COMMUNITY.*\")...
08:59:03.356802 POST /session/d5e037c5-07ea-4c54-bed7-8d15d45be864/element [16.991926ms] ERR:404 body={"strategy":"-android uiautomator","selector":"new UiSelector().resourceIdMatches(\".*COMMUNITY.*\")...
08:59:03.375178 POST /session/d5e037c5-07ea-4c54-bed7-8d15d45be864/element [18.260722ms] ERR:404 body={"strategy":"-android uiautomator","selector":"new UiSelector().resourceIdMatches(\".*COMMUNITY.*\")...
08:59:03.395409 POST /session/d5e037c5-07ea-4c54-bed7-8d15d45be864/element [20.108787ms] ERR:404 body={"strategy":"-android uiautomator","selector":"new UiSelector().resourceIdMatches(\".*COMMUNITY.*\")...
08:59:03.410087 POST /session/d5e037c5-07ea-4c54-bed7-8d15d45be864/element [14.568778ms] ERR:404 body={"strategy":"-android uiautomator","selector":"new UiSelector().resourceIdMatches(\".*COMMUNITY.*\")...
08:59:03.425524 POST /session/d5e037c5-07ea-4c54-bed7-8d15d45be864/element [15.340346ms] ERR:404 body={"strategy":"-android uiautomator","selector":"new UiSelector().resourceIdMatches(\".*COMMUNITY.*\")...
08:59:03.439101 POST /session/d5e037c5-07ea-4c54-bed7-8d15d45be864/element [13.4983ms] ERR:404 body={"strategy":"-android uiautomator","selector":"new UiSelector().resourceIdMatches(\".*COMMUNITY.*\")...
08:59:03.453348 POST /session/d5e037c5-07ea-4c54-bed7-8d15d45be864/element [14.155066ms] ERR:404 body={"strategy":"-android uiautomator","selector":"new UiSelector().resourceIdMatches(\".*COMMUNITY.*\")...
08:59:03.470043 POST /session/d5e037c5-07ea-4c54-bed7-8d15d45be864/element [16.60784ms] ERR:404 body={"strategy":"-android uiautomator","selector":"new UiSelector().resourceIdMatches(\".*COMMUNITY.*\")...
08:59:03.485006 POST /session/d5e037c5-07ea-4c54-bed7-8d15d45be864/element [14.834476ms] ERR:404 body={"strategy":"-android uiautomator","selector":"new UiSelector().resourceIdMatches(\".*COMMUNITY.*\")...
08:59:03.498998 POST /session/d5e037c5-07ea-4c54-bed7-8d15d45be864/element [13.872803ms] ERR:404 body={"strategy":"-android uiautomator","selector":"new UiSelector().resourceIdMatches(\".*COMMUNITY.*\")...
08:59:03.513321 POST /session/d5e037c5-07ea-4c54-bed7-8d15d45be864/element [14.222523ms] ERR:404 body={"strategy":"-android uiautomator","selector":"new UiSelector().resourceIdMatches(\".*COMMUNITY.*\")...
08:59:03.530677 POST /session/d5e037c5-07ea-4c54-bed7-8d15d45be864/element [17.207139ms] ERR:404 body={"strategy":"-android uiautomator","selector":"new UiSelector().resourceIdMatches(\".*COMMUNITY.*\")...
08:59:03.549006 POST /session/d5e037c5-07ea-4c54-bed7-8d15d45be864/element [18.228348ms] ERR:404 body={"strategy":"-android uiautomator","selector":"new UiSelector().resourceIdMatches(\".*COMMUNITY.*\")...
08:59:03.566042 POST /session/d5e037c5-07ea-4c54-bed7-8d15d45be864/element [16.915551ms] ERR:404 body={"strategy":"-android uiautomator","selector":"new UiSelector().resourceIdMatches(\".*COMMUNITY.*\")...
08:59:03.580737 POST /session/d5e037c5-07ea-4c54-bed7-8d15d45be864/element [14.56374ms] ERR:404 body={"strategy":"-android uiautomator","selector":"new UiSelector().resourceIdMatches(\".*COMMUNITY.*\")...
08:59:03.595145 POST /session/d5e037c5-07ea-4c54-bed7-8d15d45be864/element [14.313594ms] ERR:404 body={"strategy":"-android uiautomator","selector":"new UiSelector().resourceIdMatches(\".*COMMUNITY.*\")...
08:59:03.611455 POST /session/d5e037c5-07ea-4c54-bed7-8d15d45be864/element [15.453471ms] ERR:404 body={"strategy":"-android uiautomator","selector":"new UiSelector().resourceIdMatches(\".*COMMUNITY.*\")...
08:59:03.627506 POST /session/d5e037c5-07ea-4c54-bed7-8d15d45be864/element [15.93521ms] ERR:404 body={"strategy":"-android uiautomator","selector":"new UiSelector().resourceIdMatches(\".*COMMUNITY.*\")...
08:59:03.641189 POST /session/d5e037c5-07ea-4c54-bed7-8d15d45be864/element [13.578581ms] ERR:404 body={"strategy":"-android uiautomator","selector":"new UiSelector().resourceIdMatches(\".*COMMUNITY.*\")...
08:59:03.656570 POST /session/d5e037c5-07ea-4c54-bed7-8d15d45be864/element [15.290691ms] ERR:404 body={"strategy":"-android uiautomator","selector":"new UiSelector().resourceIdMatches(\".*COMMUNITY.*\")...
08:59:03.673209 POST /session/d5e037c5-07ea-4c54-bed7-8d15d45be864/element [16.547373ms] ERR:404 body={"strategy":"-android uiautomator","selector":"new UiSelector().resourceIdMatches(\".*COMMUNITY.*\")...
08:59:03.688235 POST /session/d5e037c5-07ea-4c54-bed7-8d15d45be864/element [14.926575ms] ERR:404 body={"strategy":"-android uiautomator","selector":"new UiSelector().resourceIdMatches(\".*COMMUNITY.*\")...
08:59:03.702452 POST /session/d5e037c5-07ea-4c54-bed7-8d15d45be864/element [14.104941ms] ERR:404 body={"strategy":"-android uiautomator","selector":"new UiSelector().resourceIdMatches(\".*COMMUNITY.*\")...
08:59:03.716330 POST /session/d5e037c5-07ea-4c54-bed7-8d15d45be864/element [13.775476ms] ERR:404 body={"strategy":"-android uiautomator","selector":"new UiSelector().resourceIdMatches(\".*COMMUNITY.*\")...
08:59:03.730825 POST /session/d5e037c5-07ea-4c54-bed7-8d15d45be864/element [14.397495ms] ERR:404 body={"strategy":"-android uiautomator","selector":"new UiSelector().resourceIdMatches(\".*COMMUNITY.*\")...
08:59:03.746535 POST /session/d5e037c5-07ea-4c54-bed7-8d15d45be864/element [15.619636ms] ERR:404 body={"strategy":"-android uiautomator","selector":"new UiSelector().resourceIdMatches(\".*COMMUNITY.*\")...
08:59:03.760412 POST /session/d5e037c5-07ea-4c54-bed7-8d15d45be864/element [13.7108ms] ERR:404 body={"strategy":"-android uiautomator","selector":"new UiSelector().resourceIdMatches(\".*COMMUNITY.*\")...
08:59:03.774627 POST /session/d5e037c5-07ea-4c54-bed7-8d15d45be864/element [14.114065ms] ERR:404 body={"strategy":"-android uiautomator","selector":"new UiSelector().resourceIdMatches(\".*COMMUNITY.*\")...
08:59:03.788007 POST /session/d5e037c5-07ea-4c54-bed7-8d15d45be864/element [13.269817ms] ERR:404 body={"strategy":"-android uiautomator","selector":"new UiSelector().resourceIdMatches(\".*COMMUNITY.*\")...
08:59:03.801209 POST /session/d5e037c5-07ea-4c54-bed7-8d15d45be864/element [13.092495ms] ERR:404 body={"strategy":"-android uiautomator","selector":"new UiSelector().resourceIdMatches(\".*COMMUNITY.*\")...
08:59:03.814333 POST /session/d5e037c5-07ea-4c54-bed7-8d15d45be864/element [13.035475ms] ERR:404 body={"strategy":"-android uiautomator","selector":"new UiSelector().resourceIdMatches(\".*COMMUNITY.*\")...
08:59:03.827535 POST /session/d5e037c5-07ea-4c54-bed7-8d15d45be864/element [13.11227ms] ERR:404 body={"strategy":"-android uiautomator","selector":"new UiSelector().resourceIdMatches(\".*COMMUNITY.*\")...
08:59:03.841168 POST /session/d5e037c5-07ea-4c54-bed7-8d15d45be864/element [13.544719ms] ERR:404 body={"strategy":"-android uiautomator","selector":"new UiSelector().resourceIdMatches(\".*COMMUNITY.*\")...
08:59:03.854855 POST /session/d5e037c5-07ea-4c54-bed7-8d15d45be864/element [13.582136ms] ERR:404 body={"strategy":"-android uiautomator","selector":"new UiSelector().resourceIdMatches(\".*COMMUNITY.*\")...
08:59:03.868216 POST /session/d5e037c5-07ea-4c54-bed7-8d15d45be864/element [13.22852ms] ERR:404 body={"strategy":"-android uiautomator","selector":"new UiSelector().resourceIdMatches(\".*COMMUNITY.*\")...
08:59:03.880993 POST /session/d5e037c5-07ea-4c54-bed7-8d15d45be864/element [12.661273ms] ERR:404 body={"strategy":"-android uiautomator","selector":"new UiSelector().resourceIdMatches(\".*COMMUNITY.*\")...
08:59:03.894446 POST /session/d5e037c5-07ea-4c54-bed7-8d15d45be864/element [13.34505ms] ERR:404 body={"strategy":"-android uiautomator","selector":"new UiSelector().resourceIdMatches(\".*COMMUNITY.*\")...
08:59:03.907349 POST /session/d5e037c5-07ea-4c54-bed7-8d15d45be864/element [12.805269ms] ERR:404 body={"strategy":"-android uiautomator","selector":"new UiSelector().resourceIdMatches(\".*COMMUNITY.*\")...
08:59:03.919929 POST /session/d5e037c5-07ea-4c54-bed7-8d15d45be864/element [12.473786ms] ERR:404 body={"strategy":"-android uiautomator","selector":"new UiSelector().resourceIdMatches(\".*COMMUNITY.*\")...
08:59:03.932310 POST /session/d5e037c5-07ea-4c54-bed7-8d15d45be864/element [12.287762ms] ERR:404 body={"strategy":"-android uiautomator","selector":"new UiSelector().resourceIdMatches(\".*COMMUNITY.*\")...
08:59:03.945483 POST /session/d5e037c5-07ea-4c54-bed7-8d15d45be864/element [13.064744ms] ERR:404 body={"strategy":"-android uiautomator","selector":"new UiSelector().resourceIdMatches(\".*COMMUNITY.*\")...
08:59:03.958798 POST /session/d5e037c5-07ea-4c54-bed7-8d15d45be864/element [13.226627ms] ERR:404 body={"strategy":"-android uiautomator","selector":"new UiSelector().resourceIdMatches(\".*COMMUNITY.*\")...
08:59:03.971568 POST /session/d5e037c5-07ea-4c54-bed7-8d15d45be864/element [12.681283ms] ERR:404 body={"strategy":"-android uiautomator","selector":"new UiSelector().resourceIdMatches(\".*COMMUNITY.*\")...
08:59:03.984535 POST /session/d5e037c5-07ea-4c54-bed7-8d15d45be864/element [12.860438ms] ERR:404 body={"strategy":"-android uiautomator","selector":"new UiSelector().resourceIdMatches(\".*COMMUNITY.*\")...
08:59:03.997356 POST /session/d5e037c5-07ea-4c54-bed7-8d15d45be864/element [12.718504ms] ERR:404 body={"strategy":"-android uiautomator","selector":"new UiSelector().resourceIdMatches(\".*COMMUNITY.*\")...
08:59:04.012580 POST /session/d5e037c5-07ea-4c54-bed7-8d15d45be864/element [15.138329ms] ERR:404 body={"strategy":"-android uiautomator","selector":"new UiSelector().resourceIdMatches(\".*COMMUNITY.*\")...
08:59:04.027500 POST /session/d5e037c5-07ea-4c54-bed7-8d15d45be864/element [14.8205ms] ERR:404 body={"strategy":"-android uiautomator","selector":"new UiSelector().resourceIdMatches(\".*COMMUNITY.*\")...
08:59:04.043734 POST /session/d5e037c5-07ea-4c54-bed7-8d15d45be864/element [16.093457ms] ERR:404 body={"strategy":"-android uiautomator","selector":"new UiSelector().resourceIdMatches(\".*COMMUNITY.*\")...
08:59:04.059723 POST /session/d5e037c5-07ea-4c54-bed7-8d15d45be864/element [15.903327ms] ERR:404 body={"strategy":"-android uiautomator","selector":"new UiSelector().resourceIdMatches(\".*COMMUNITY.*\")...
08:59:04.072300 POST /session/d5e037c5-07ea-4c54-bed7-8d15d45be864/element [12.491008ms] ERR:404 body={"strategy":"-android uiautomator","selector":"new UiSelector().resourceIdMatches(\".*COMMUNITY.*\")...
08:59:04.086442 POST /session/d5e037c5-07ea-4c54-bed7-8d15d45be864/element [14.030589ms] ERR:404 body={"strategy":"-android uiautomator","selector":"new UiSelector().resourceIdMatches(\".*COMMUNITY.*\")...
08:59:04.098442 POST /session/d5e037c5-07ea-4c54-bed7-8d15d45be864/element [11.908873ms] ERR:404 body={"strategy":"-android uiautomator","selector":"new UiSelector().resourceIdMatches(\".*COMMUNITY.*\")...
08:59:04.111741 POST /session/d5e037c5-07ea-4c54-bed7-8d15d45be864/element [13.197148ms] ERR:404 body={"strategy":"-android uiautomator","selector":"new UiSelector().resourceIdMatches(\".*COMMUNITY.*\")...
08:59:04.125476 POST /session/d5e037c5-07ea-4c54-bed7-8d15d45be864/element [13.63133ms] ERR:404 body={"strategy":"-android uiautomator","selector":"new UiSelector().resourceIdMatches(\".*COMMUNITY.*\")...
08:59:04.139582 POST /session/d5e037c5-07ea-4c54-bed7-8d15d45be864/element [14.026443ms] ERR:404 body={"strategy":"-android uiautomator","selector":"new UiSelector().resourceIdMatches(\".*COMMUNITY.*\")...
08:59:04.152691 POST /session/d5e037c5-07ea-4c54-bed7-8d15d45be864/element [13.000168ms] ERR:404 body={"strategy":"-android uiautomator","selector":"new UiSelector().resourceIdMatches(\".*COMMUNITY.*\")...
08:59:04.168119 POST /session/d5e037c5-07ea-4c54-bed7-8d15d45be864/element [15.318668ms] ERR:404 body={"strategy":"-android uiautomator","selector":"new UiSelector().resourceIdMatches(\".*COMMUNITY.*\")...
08:59:04.180502 POST /session/d5e037c5-07ea-4c54-bed7-8d15d45be864/element [12.276104ms] ERR:404 body={"strategy":"-android uiautomator","selector":"new UiSelector().resourceIdMatches(\".*COMMUNITY.*\")...
08:59:04.192564 POST /session/d5e037c5-07ea-4c54-bed7-8d15d45be864/element [11.988278ms] ERR:404 body={"strategy":"-android uiautomator","selector":"new UiSelector().resourceIdMatches(\".*COMMUNITY.*\")...
08:59:04.205098 POST /session/d5e037c5-07ea-4c54-bed7-8d15d45be864/element [12.439664ms] ERR:404 body={"strategy":"-android uiautomator","selector":"new UiSelector().resourceIdMatches(\".*COMMUNITY.*\")...
08:59:04.216752 POST /session/d5e037c5-07ea-4c54-bed7-8d15d45be864/element [11.499874ms] ERR:404 body={"strategy":"-android uiautomator","selector":"new UiSelector().resourceIdMatches(\".*COMMUNITY.*\")...
08:59:04.228328 POST /session/d5e037c5-07ea-4c54-bed7-8d15d45be864/element [11.490626ms] ERR:404 body={"strategy":"-android uiautomator","selector":"new UiSelector().resourceIdMatches(\".*COMMUNITY.*\")...
08:59:04.240784 POST /session/d5e037c5-07ea-4c54-bed7-8d15d45be864/element [12.340651ms] ERR:404 body={"strategy":"-android uiautomator","selector":"new UiSelector().resourceIdMatches(\".*COMMUNITY.*\")...
08:59:04.252181 POST /session/d5e037c5-07ea-4c54-bed7-8d15d45be864/element [11.306919ms] ERR:404 body={"strategy":"-android uiautomator","selector":"new UiSelector().resourceIdMatches(\".*COMMUNITY.*\")...
08:59:04.264119 POST /session/d5e037c5-07ea-4c54-bed7-8d15d45be864/element [11.834532ms] ERR:404 body={"strategy":"-android uiautomator","selector":"new UiSelector().resourceIdMatches(\".*COMMUNITY.*\")...
08:59:04.275382 POST /session/d5e037c5-07ea-4c54-bed7-8d15d45be864/element [11.166659ms] ERR:404 body={"strategy":"-android uiautomator","selector":"new UiSelector().resourceIdMatches(\".*COMMUNITY.*\")...
08:59:04.287358 POST /session/d5e037c5-07ea-4c54-bed7-8d15d45be864/element [11.880777ms] ERR:404 body={"strategy":"-android uiautomator","selector":"new UiSelector().resourceIdMatches(\".*COMMUNITY.*\")...
08:59:04.298684 POST /session/d5e037c5-07ea-4c54-bed7-8d15d45be864/element [11.194806ms] ERR:404 body={"strategy":"-android uiautomator","selector":"new UiSelector().resourceIdMatches(\".*COMMUNITY.*\")...
08:59:04.311589 POST /session/d5e037c5-07ea-4c54-bed7-8d15d45be864/element [12.817167ms] ERR:404 body={"strategy":"-android uiautomator","selector":"new UiSelector().resourceIdMatches(\".*COMMUNITY.*\")...
08:59:04.323683 POST /session/d5e037c5-07ea-4c54-bed7-8d15d45be864/element [11.946499ms] ERR:404 body={"strategy":"-android uiautomator","selector":"new UiSelector().resourceIdMatches(\".*COMMUNITY.*\")...
08:59:04.335312 POST /session/d5e037c5-07ea-4c54-bed7-8d15d45be864/element [11.535943ms] ERR:404 body={"strategy":"-android uiautomator","selector":"new UiSelector().resourceIdMatches(\".*COMMUNITY.*\")...
08:59:04.347599 POST /session/d5e037c5-07ea-4c54-bed7-8d15d45be864/element [12.187301ms] ERR:404 body={"strategy":"-android uiautomator","selector":"new UiSelector().resourceIdMatches(\".*COMMUNITY.*\")...
08:59:04.360767 POST /session/d5e037c5-07ea-4c54-bed7-8d15d45be864/element [13.063507ms] ERR:404 body={"strategy":"-android uiautomator","selector":"new UiSelector().resourceIdMatches(\".*COMMUNITY.*\")...
08:59:04.372109 POST /session/d5e037c5-07ea-4c54-bed7-8d15d45be864/element [11.247259ms] ERR:404 body={"strategy":"-android uiautomator","selector":"new UiSelector().resourceIdMatches(\".*COMMUNITY.*\")...
08:59:04.382750 POST /session/d5e037c5-07ea-4c54-bed7-8d15d45be864/element [10.559998ms] ERR:404 body={"strategy":"-android uiautomator","selector":"new UiSelector().resourceIdMatches(\".*COMMUNITY.*\")...
08:59:04.394777 POST /session/d5e037c5-07ea-4c54-bed7-8d15d45be864/element [11.922875ms] ERR:404 body={"strategy":"-android uiautomator","selector":"new UiSelector().resourceIdMatches(\".*COMMUNITY.*\")...
08:59:04.406873 POST /session/d5e037c5-07ea-4c54-bed7-8d15d45be864/element [11.991898ms] ERR:404 body={"strategy":"-android uiautomator","selector":"new UiSelector().resourceIdMatches(\".*COMMUNITY.*\")...
08:59:04.422786 POST /session/d5e037c5-07ea-4c54-bed7-8d15d45be864/element [15.827137ms] ERR:404 body={"strategy":"-android uiautomator","selector":"new UiSelector().resourceIdMatches(\".*COMMUNITY.*\")...
08:59:04.437577 POST /session/d5e037c5-07ea-4c54-bed7-8d15d45be864/element [14.689489ms] ERR:404 body={"strategy":"-android uiautomator","selector":"new UiSelector().resourceIdMatches(\".*COMMUNITY.*\")...
08:59:04.449617 POST /session/d5e037c5-07ea-4c54-bed7-8d15d45be864/element [11.96013ms] ERR:404 body={"strategy":"-android uiautomator","selector":"new UiSelector().resourceIdMatches(\".*COMMUNITY.*\")...
08:59:04.461793 POST /session/d5e037c5-07ea-4c54-bed7-8d15d45be864/element [12.074593ms] ERR:404 body={"strategy":"-android uiautomator","selector":"new UiSelector().resourceIdMatches(\".*COMMUNITY.*\")...
08:59:04.473877 POST /session/d5e037c5-07ea-4c54-bed7-8d15d45be864/element [11.97306ms] ERR:404 body={"strategy":"-android uiautomator","selector":"new UiSelector().resourceIdMatches(\".*COMMUNITY.*\")...
08:59:04.487001 POST /session/d5e037c5-07ea-4c54-bed7-8d15d45be864/element [13.024178ms] ERR:404 body={"strategy":"-android uiautomator","selector":"new UiSelector().resourceIdMatches(\".*COMMUNITY.*\")...
08:59:04.502117 POST /session/d5e037c5-07ea-4c54-bed7-8d15d45be864/element [15.043962ms] ERR:404 body={"strategy":"-android uiautomator","selector":"new UiSelector().resourceIdMatches(\".*COMMUNITY.*\")...
08:59:04.517747 POST /session/d5e037c5-07ea-4c54-bed7-8d15d45be864/element [15.54215ms] ERR:404 body={"strategy":"-android uiautomator","selector":"new UiSelector().resourceIdMatches(\".*COMMUNITY.*\")...
08:59:04.531203 POST /session/d5e037c5-07ea-4c54-bed7-8d15d45be864/element [13.381935ms] ERR:404 body={"strategy":"-android uiautomator","selector":"new UiSelector().resourceIdMatches(\".*COMMUNITY.*\")...
08:59:04.544842 POST /session/d5e037c5-07ea-4c54-bed7-8d15d45be864/element [13.418605ms] ERR:404 body={"strategy":"-android uiautomator","selector":"new UiSelector().resourceIdMatches(\".*COMMUNITY.*\")...
08:59:04.557591 POST /session/d5e037c5-07ea-4c54-bed7-8d15d45be864/element [12.629516ms] ERR:404 body={"strategy":"-android uiautomator","selector":"new UiSelector().resourceIdMatches(\".*COMMUNITY.*\")...
08:59:04.569601 POST /session/d5e037c5-07ea-4c54-bed7-8d15d45be864/element [11.888412ms] ERR:404 body={"strategy":"-android uiautomator","selector":"new UiSelector().resourceIdMatches(\".*COMMUNITY.*\")...
08:59:04.582251 POST /session/d5e037c5-07ea-4c54-bed7-8d15d45be864/element [12.548754ms] ERR:404 body={"strategy":"-android uiautomator","selector":"new UiSelector().resourceIdMatches(\".*COMMUNITY.*\")...
08:59:04.595299 POST /session/d5e037c5-07ea-4c54-bed7-8d15d45be864/element [12.958579ms] ERR:404 body={"strategy":"-android uiautomator","selector":"new UiSelector().resourceIdMatches(\".*COMMUNITY.*\")...
08:59:04.610001 POST /session/d5e037c5-07ea-4c54-bed7-8d15d45be864/element [14.605163ms] ERR:404 body={"strategy":"-android uiautomator","selector":"new UiSelector().resourceIdMatches(\".*COMMUNITY.*\")...
08:59:04.640529 POST /session/d5e037c5-07ea-4c54-bed7-8d15d45be864/element [30.402354ms] ERR:404 body={"strategy":"-android uiautomator","selector":"new UiSelector().resourceIdMatches(\".*COMMUNITY.*\")...
08:59:04.660176 POST /session/d5e037c5-07ea-4c54-bed7-8d15d45be864/element [19.54097ms] ERR:404 body={"strategy":"-android uiautomator","selector":"new UiSelector().resourceIdMatches(\".*COMMUNITY.*\")...
08:59:04.673278 POST /session/d5e037c5-07ea-4c54-bed7-8d15d45be864/element [12.983993ms] ERR:404 body={"strategy":"-android uiautomator","selector":"new UiSelector().resourceIdMatches(\".*COMMUNITY.*\")...
08:59:04.691573 POST /session/d5e037c5-07ea-4c54-bed7-8d15d45be864/element [18.210447ms] ERR:404 body={"strategy":"-android uiautomator","selector":"new UiSelector().resourceIdMatches(\".*COMMUNITY.*\")...
08:59:04.705632 POST /session/d5e037c5-07ea-4c54-bed7-8d15d45be864/element [13.978636ms] ERR:404 body={"strategy":"-android uiautomator","selector":"new UiSelector().resourceIdMatches(\".*COMMUNITY.*\")...
08:59:04.718441 POST /session/d5e037c5-07ea-4c54-bed7-8d15d45be864/element [12.690697ms] ERR:404 body={"strategy":"-android uiautomator","selector":"new UiSelector().resourceIdMatches(\".*COMMUNITY.*\")...
08:59:04.731802 POST /session/d5e037c5-07ea-4c54-bed7-8d15d45be864/element [13.268069ms] ERR:404 body={"strategy":"-android uiautomator","selector":"new UiSelector().resourceIdMatches(\".*COMMUNITY.*\")...
08:59:04.748883 POST /session/d5e037c5-07ea-4c54-bed7-8d15d45be864/element [16.961736ms] ERR:404 body={"strategy":"-android uiautomator","selector":"new UiSelector().resourceIdMatches(\".*COMMUNITY.*\")...
08:59:04.762354 POST /session/d5e037c5-07ea-4c54-bed7-8d15d45be864/element [13.383313ms] ERR:404 body={"strategy":"-android uiautomator","selector":"new UiSelector().resourceIdMatches(\".*COMMUNITY.*\")...
08:59:04.775065 POST /session/d5e037c5-07ea-4c54-bed7-8d15d45be864/element [12.620942ms] ERR:404 body={"strategy":"-android uiautomator","selector":"new UiSelector().resourceIdMatches(\".*COMMUNITY.*\")...
08:59:04.786724 POST /session/d5e037c5-07ea-4c54-bed7-8d15d45be864/element [11.54032ms] ERR:404 body={"strategy":"-android uiautomator","selector":"new UiSelector().resourceIdMatches(\".*COMMUNITY.*\")...
08:59:04.799813 POST /session/d5e037c5-07ea-4c54-bed7-8d15d45be864/element [12.997237ms] ERR:404 body={"strategy":"-android uiautomator","selector":"new UiSelector().resourceIdMatches(\".*COMMUNITY.*\")...
08:59:04.828370 POST /session/d5e037c5-07ea-4c54-bed7-8d15d45be864/element [28.455551ms] ERR:404 body={"strategy":"-android uiautomator","selector":"new UiSelector().resourceIdMatches(\".*COMMUNITY.*\")...
08:59:04.839904 POST /session/d5e037c5-07ea-4c54-bed7-8d15d45be864/element [11.442989ms] ERR:404 body={"strategy":"-android uiautomator","selector":"new UiSelector().resourceIdMatches(\".*COMMUNITY.*\")...
08:59:04.850616 POST /session/d5e037c5-07ea-4c54-bed7-8d15d45be864/element [10.601224ms] ERR:404 body={"strategy":"-android uiautomator","selector":"new UiSelector().resourceIdMatches(\".*COMMUNITY.*\")...
08:59:04.862554 POST /session/d5e037c5-07ea-4c54-bed7-8d15d45be864/element [11.838498ms] ERR:404 body={"strategy":"-android uiautomator","selector":"new UiSelector().resourceIdMatches(\".*COMMUNITY.*\")...
08:59:04.875596 POST /session/d5e037c5-07ea-4c54-bed7-8d15d45be864/element [12.903547ms] ERR:404 body={"strategy":"-android uiautomator","selector":"new UiSelector().resourceIdMatches(\".*COMMUNITY.*\")...
08:59:05.488591 POST /session/d5e037c5-07ea-4c54-bed7-8d15d45be864/element [612.861168ms] ERR:404 body={"strategy":"-android uiautomator","selector":"new UiSelector().resourceIdMatches(\".*COMMUNITY.*\")...
08:59:05.498855 POST /session/d5e037c5-07ea-4c54-bed7-8d15d45be864/element [10.1355ms] ERR:404 body={"strategy":"-android uiautomator","selector":"new UiSelector().resourceIdMatches(\".*COMMUNITY.*\")...
08:59:05.508894 POST /session/d5e037c5-07ea-4c54-bed7-8d15d45be864/element [9.970994ms] ERR:404 body={"strategy":"-android uiautomator","selector":"new UiSelector().resourceIdMatches(\".*COMMUNITY.*\")...
08:59:05.520343 POST /session/d5e037c5-07ea-4c54-bed7-8d15d45be864/element [11.349292ms] ERR:404 body={"strategy":"-android uiautomator","selector":"new UiSelector().resourceIdMatches(\".*COMMUNITY.*\")...
08:59:05.531609 POST /session/d5e037c5-07ea-4c54-bed7-8d15d45be864/element [11.152608ms] ERR:404 body={"strategy":"-android uiautomator","selector":"new UiSelector().resourceIdMatches(\".*COMMUNITY.*\")...
08:59:05.541515 POST /session/d5e037c5-07ea-4c54-bed7-8d15d45be864/element [9.788079ms] ERR:404 body={"strategy":"-android uiautomator","selector":"new UiSelector().resourceIdMatches(\".*COMMUNITY.*\")...
08:59:05.550989 POST /session/d5e037c5-07ea-4c54-bed7-8d15d45be864/element [9.381143ms] ERR:404 body={"strategy":"-android uiautomator","selector":"new UiSelector().resourceIdMatches(\".*COMMUNITY.*\")...
08:59:05.561187 POST /session/d5e037c5-07ea-4c54-bed7-8d15d45be864/element [10.134538ms] ERR:404 body={"strategy":"-android uiautomator","selector":"new UiSelector().resourceIdMatches(\".*COMMUNITY.*\")...
08:59:05.571392 POST /session/d5e037c5-07ea-4c54-bed7-8d15d45be864/element [10.113978ms] ERR:404 body={"strategy":"-android uiautomator","selector":"new UiSelector().resourceIdMatches(\".*COMMUNITY.*\")...
08:59:05.581115 POST /session/d5e037c5-07ea-4c54-bed7-8d15d45be864/element [9.660016ms] ERR:404 body={"strategy":"-android uiautomator","selector":"new UiSelector().resourceIdMatches(\".*COMMUNITY.*\")...
08:59:05.591383 POST /session/d5e037c5-07ea-4c54-bed7-8d15d45be864/element [10.161113ms] ERR:404 body={"strategy":"-android uiautomator","selector":"new UiSelector().resourceIdMatches(\".*COMMUNITY.*\")...
08:59:05.601643 POST /session/d5e037c5-07ea-4c54-bed7-8d15d45be864/element [10.172351ms] ERR:404 body={"strategy":"-android uiautomator","selector":"new UiSelector().resourceIdMatches(\".*COMMUNITY.*\")...
08:59:05.611707 POST /session/d5e037c5-07ea-4c54-bed7-8d15d45be864/element [9.967999ms] ERR:404 body={"strategy":"-android uiautomator","selector":"new UiSelector().resourceIdMatches(\".*COMMUNITY.*\")...
08:59:05.621721 POST /session/d5e037c5-07ea-4c54-bed7-8d15d45be864/element [9.910562ms] ERR:404 body={"strategy":"-android uiautomator","selector":"new UiSelector().resourceIdMatches(\".*COMMUNITY.*\")...
08:59:05.631572 POST /session/d5e037c5-07ea-4c54-bed7-8d15d45be864/element [9.752771ms] ERR:404 body={"strategy":"-android uiautomator","selector":"new UiSelector().resourceIdMatches(\".*COMMUNITY.*\")...
08:59:05.641521 POST /session/d5e037c5-07ea-4c54-bed7-8d15d45be864/element [9.854883ms] ERR:404 body={"strategy":"-android uiautomator","selector":"new UiSelector().resourceIdMatches(\".*COMMUNITY.*\")...
08:59:05.651289 POST /session/d5e037c5-07ea-4c54-bed7-8d15d45be864/element [9.677818ms] ERR:404 body={"strategy":"-android uiautomator","selector":"new UiSelector().resourceIdMatches(\".*COMMUNITY.*\")...
08:59:05.661322 POST /session/d5e037c5-07ea-4c54-bed7-8d15d45be864/element [9.94558ms] ERR:404 body={"strategy":"-android uiautomator","selector":"new UiSelector().resourceIdMatches(\".*COMMUNITY.*\")...
08:59:05.671815 POST /session/d5e037c5-07ea-4c54-bed7-8d15d45be864/element [10.405816ms] ERR:404 body={"strategy":"-android uiautomator","selector":"new UiSelector().resourceIdMatches(\".*COMMUNITY.*\")...
08:59:05.682039 POST /session/d5e037c5-07ea-4c54-bed7-8d15d45be864/element [10.143437ms] ERR:404 body={"strategy":"-android uiautomator","selector":"new UiSelector().resourceIdMatches(\".*COMMUNITY.*\")...
08:59:05.692004 POST /session/d5e037c5-07ea-4c54-bed7-8d15d45be864/element [9.8688ms] ERR:404 body={"strategy":"-android uiautomator","selector":"new UiSelector().resourceIdMatches(\".*COMMUNITY.*\")...
08:59:05.701893 POST /session/d5e037c5-07ea-4c54-bed7-8d15d45be864/element [9.777047ms] ERR:404 body={"strategy":"-android uiautomator","selector":"new UiSelector().resourceIdMatches(\".*COMMUNITY.*\")...
08:59:05.712551 POST /session/d5e037c5-07ea-4c54-bed7-8d15d45be864/element [10.584694ms] ERR:404 body={"strategy":"-android uiautomator","selector":"new UiSelector().resourceIdMatches(\".*COMMUNITY.*\")...
08:59:05.723795 POST /session/d5e037c5-07ea-4c54-bed7-8d15d45be864/element [11.1702ms] ERR:404 body={"strategy":"-android uiautomator","selector":"new UiSelector().resourceIdMatches(\".*COMMUNITY.*\")...
08:59:05.733968 POST /session/d5e037c5-07ea-4c54-bed7-8d15d45be864/element [10.083647ms] ERR:404 body={"strategy":"-android uiautomator","selector":"new UiSelector().resourceIdMatches(\".*COMMUNITY.*\")...
08:59:05.744637 POST /session/d5e037c5-07ea-4c54-bed7-8d15d45be864/element [10.584935ms] ERR:404 body={"strategy":"-android uiautomator","selector":"new UiSelector().resourceIdMatches(\".*COMMUNITY.*\")...
08:59:05.754760 POST /session/d5e037c5-07ea-4c54-bed7-8d15d45be864/element [10.009661ms] ERR:404 body={"strategy":"-android uiautomator","selector":"new UiSelector().resourceIdMatches(\".*COMMUNITY.*\")...
08:59:05.767136 POST /session/d5e037c5-07ea-4c54-bed7-8d15d45be864/element [12.301973ms] ERR:404 body={"strategy":"-android uiautomator","selector":"new UiSelector().resourceIdMatches(\".*COMMUNITY.*\")...
08:59:05.776959 POST /session/d5e037c5-07ea-4c54-bed7-8d15d45be864/element [9.734738ms] ERR:404 body={"strategy":"-android uiautomator","selector":"new UiSelector().resourceIdMatches(\".*COMMUNITY.*\")...
08:59:05.786666 POST /session/d5e037c5-07ea-4c54-bed7-8d15d45be864/element [9.60937ms] ERR:404 body={"strategy":"-android uiautomator","selector":"new UiSelector().resourceIdMatches(\".*COMMUNITY.*\")...
08:59:05.798302 POST /session/d5e037c5-07ea-4c54-bed7-8d15d45be864/element [11.568688ms] ERR:404 body={"strategy":"-android uiautomator","selector":"new UiSelector().resourceIdMatches(\".*COMMUNITY.*\")...
08:59:05.809817 POST /session/d5e037c5-07ea-4c54-bed7-8d15d45be864/element [11.426469ms] ERR:404 body={"strategy":"-android uiautomator","selector":"new UiSelector().resourceIdMatches(\".*COMMUNITY.*\")...
08:59:05.820116 POST /session/d5e037c5-07ea-4c54-bed7-8d15d45be864/element [10.179837ms] ERR:404 body={"strategy":"-android uiautomator","selector":"new UiSelector().resourceIdMatches(\".*COMMUNITY.*\")...
08:59:05.830265 POST /session/d5e037c5-07ea-4c54-bed7-8d15d45be864/element [10.059246ms] ERR:404 body={"strategy":"-android uiautomator","selector":"new UiSelector().resourceIdMatches(\".*COMMUNITY.*\")...
08:59:05.840783 POST /session/d5e037c5-07ea-4c54-bed7-8d15d45be864/element [10.432892ms] ERR:404 body={"strategy":"-android uiautomator","selector":"new UiSelector().resourceIdMatches(\".*COMMUNITY.*\")...
08:59:05.850987 POST /session/d5e037c5-07ea-4c54-bed7-8d15d45be864/element [10.13539ms] ERR:404 body={"strategy":"-android uiautomator","selector":"new UiSelector().resourceIdMatches(\".*COMMUNITY.*\")...
08:59:05.862382 POST /session/d5e037c5-07ea-4c54-bed7-8d15d45be864/element [11.329363ms] ERR:404 body={"strategy":"-android uiautomator","selector":"new UiSelector().resourceIdMatches(\".*COMMUNITY.*\")...
08:59:05.872751 POST /session/d5e037c5-07ea-4c54-bed7-8d15d45be864/element [10.256682ms] ERR:404 body={"strategy":"-android uiautomator","selector":"new UiSelector().resourceIdMatches(\".*COMMUNITY.*\")...
08:59:05.883719 POST /session/d5e037c5-07ea-4c54-bed7-8d15d45be864/element [10.89444ms] ERR:404 body={"strategy":"-android uiautomator","selector":"new UiSelector().resourceIdMatches(\".*COMMUNITY.*\")...
08:59:05.894793 POST /session/d5e037c5-07ea-4c54-bed7-8d15d45be864/element [11.008842ms] ERR:404 body={"strategy":"-android uiautomator","selector":"new UiSelector().resourceIdMatches(\".*COMMUNITY.*\")...
08:59:05.905262 POST /session/d5e037c5-07ea-4c54-bed7-8d15d45be864/element [10.407129ms] ERR:404 body={"strategy":"-android uiautomator","selector":"new UiSelector().resourceIdMatches(\".*COMMUNITY.*\")...
08:59:05.916911 POST /session/d5e037c5-07ea-4c54-bed7-8d15d45be864/element [11.583805ms] ERR:404 body={"strategy":"-android uiautomator","selector":"new UiSelector().resourceIdMatches(\".*COMMUNITY.*\")...
08:59:05.929135 POST /session/d5e037c5-07ea-4c54-bed7-8d15d45be864/element [12.136746ms] ERR:404 body={"strategy":"-android uiautomator","selector":"new UiSelector().resourceIdMatches(\".*COMMUNITY.*\")...
08:59:05.940483 POST /session/d5e037c5-07ea-4c54-bed7-8d15d45be864/element [11.246424ms] ERR:404 body={"strategy":"-android uiautomator","selector":"new UiSelector().resourceIdMatches(\".*COMMUNITY.*\")...
08:59:05.952235 POST /session/d5e037c5-07ea-4c54-bed7-8d15d45be864/element [11.640105ms] ERR:404 body={"strategy":"-android uiautomator","selector":"new UiSelector().resourceIdMatches(\".*COMMUNITY.*\")...
08:59:05.963810 POST /session/d5e037c5-07ea-4c54-bed7-8d15d45be864/element [11.474391ms] ERR:404 body={"strategy":"-android uiautomator","selector":"new UiSelector().resourceIdMatches(\".*COMMUNITY.*\")...
08:59:05.975882 POST /session/d5e037c5-07ea-4c54-bed7-8d15d45be864/element [11.977787ms] ERR:404 body={"strategy":"-android uiautomator","selector":"new UiSelector().resourceIdMatches(\".*COMMUNITY.*\")...
08:59:06.006091 POST /session/d5e037c5-07ea-4c54-bed7-8d15d45be864/element [30.07957ms] ERR:404 body={"strategy":"-android uiautomator","selector":"new UiSelector().resourceIdMatches(\".*COMMUNITY.*\")...
08:59:06.077901 POST /session/d5e037c5-07ea-4c54-bed7-8d15d45be864/element [71.57316ms] ERR:404 body={"strategy":"-android uiautomator","selector":"new UiSelector().resourceIdMatches(\".*COMMUNITY.*\")...
08:59:06.115479 POST /session/d5e037c5-07ea-4c54-bed7-8d15d45be864/element [37.452882ms] ERR:404 body={"strategy":"-android uiautomator","selector":"new UiSelector().resourceIdMatches(\".*COMMUNITY.*\")...
08:59:06.143819 POST /session/d5e037c5-07ea-4c54-bed7-8d15d45be864/element [28.210644ms] ERR:404 body={"strategy":"-android uiautomator","selector":"new UiSelector().resourceIdMatches(\".*COMMUNITY.*\")...
08:59:06.165543 POST /session/d5e037c5-07ea-4c54-bed7-8d15d45be864/element [21.593196ms] ERR:404 body={"strategy":"-android uiautomator","selector":"new UiSelector().resourceIdMatches(\".*COMMUNITY.*\")...
08:59:06.182615 POST /session/d5e037c5-07ea-4c54-bed7-8d15d45be864/element [16.731966ms] ERR:404 body={"strategy":"-android uiautomator","selector":"new UiSelector().resourceIdMatches(\".*COMMUNITY.*\")...
08:59:06.195081 POST /session/d5e037c5-07ea-4c54-bed7-8d15d45be864/element [12.34239ms] ERR:404 body={"strategy":"-android uiautomator","selector":"new UiSelector().resourceIdMatches(\".*COMMUNITY.*\")...
08:59:06.210973 POST /session/d5e037c5-07ea-4c54-bed7-8d15d45be864/element [15.773246ms] ERR:404 body={"strategy":"-android uiautomator","selector":"new UiSelector().resourceIdMatches(\".*COMMUNITY.*\")...
08:59:06.220837 POST /session/d5e037c5-07ea-4c54-bed7-8d15d45be864/element [9.761389ms] ERR:404 body={"strategy":"-android uiautomator","selector":"new UiSelector().resourceIdMatches(\".*COMMUNITY.*\")...
08:59:06.232145 POST /session/d5e037c5-07ea-4c54-bed7-8d15d45be864/element [11.216544ms] ERR:404 body={"strategy":"-android uiautomator","selector":"new UiSelector().resourceIdMatches(\".*COMMUNITY.*\")...
08:59:06.242468 POST /session/d5e037c5-07ea-4c54-bed7-8d15d45be864/element [10.20881ms] ERR:404 body={"strategy":"-android uiautomator","selector":"new UiSelector().resourceIdMatches(\".*COMMUNITY.*\")...
08:59:06.252755 POST /session/d5e037c5-07ea-4c54-bed7-8d15d45be864/element [10.198455ms] ERR:404 body={"strategy":"-android uiautomator","selector":"new UiSelector().resourceIdMatches(\".*COMMUNITY.*\")...
08:59:06.264275 POST /session/d5e037c5-07ea-4c54-bed7-8d15d45be864/element [11.401566ms] ERR:404 body={"strategy":"-android uiautomator","selector":"new UiSelector().resourceIdMatches(\".*COMMUNITY.*\")...
08:59:06.276258 POST /session/d5e037c5-07ea-4c54-bed7-8d15d45be864/element [11.859499ms] ERR:404 body={"strategy":"-android uiautomator","selector":"new UiSelector().resourceIdMatches(\".*COMMUNITY.*\")...
08:59:06.287293 POST /session/d5e037c5-07ea-4c54-bed7-8d15d45be864/element [10.964525ms] ERR:404 body={"strategy":"-android uiautomator","selector":"new UiSelector().resourceIdMatches(\".*COMMUNITY.*\")...
08:59:06.299880 POST /session/d5e037c5-07ea-4c54-bed7-8d15d45be864/element [12.507437ms] ERR:404 body={"strategy":"-android uiautomator","selector":"new UiSelector().resourceIdMatches(\".*COMMUNITY.*\")...
08:59:06.310853 POST /session/d5e037c5-07ea-4c54-bed7-8d15d45be864/element [10.909863ms] ERR:404 body={"strategy":"-android uiautomator","selector":"new UiSelector().resourceIdMatches(\".*COMMUNITY.*\")...
08:59:06.322700 POST /session/d5e037c5-07ea-4c54-bed7-8d15d45be864/element [11.771902ms] ERR:404 body={"strategy":"-android uiautomator","selector":"new UiSelector().resourceIdMatches(\".*COMMUNITY.*\")...
08:59:06.333698 POST /session/d5e037c5-07ea-4c54-bed7-8d15d45be864/element [10.886423ms] ERR:404 body={"strategy":"-android uiautomator","selector":"new UiSelector().resourceIdMatches(\".*COMMUNITY.*\")...
08:59:06.343989 POST /session/d5e037c5-07ea-4c54-bed7-8d15d45be864/element [10.18904ms] ERR:404 body={"strategy":"-android uiautomator","selector":"new UiSelector().resourceIdMatches(\".*COMMUNITY.*\")...
08:59:06.354871 POST /session/d5e037c5-07ea-4c54-bed7-8d15d45be864/element [10.783974ms] ERR:404 body={"strategy":"-android uiautomator","selector":"new UiSelector().resourceIdMatches(\".*COMMUNITY.*\")...
08:59:06.364961 POST /session/d5e037c5-07ea-4c54-bed7-8d15d45be864/element [9.994269ms] ERR:404 body={"strategy":"-android uiautomator","selector":"new UiSelector().resourceIdMatches(\".*COMMUNITY.*\")...
08:59:06.375348 POST /session/d5e037c5-07ea-4c54-bed7-8d15d45be864/element [10.324484ms] ERR:404 body={"strategy":"-android uiautomator","selector":"new UiSelector().resourceIdMatches(\".*COMMUNITY.*\")...
08:59:06.386293 POST /session/d5e037c5-07ea-4c54-bed7-8d15d45be864/element [10.872768ms] ERR:404 body={"strategy":"-android uiautomator","selector":"new UiSelector().resourceIdMatches(\".*COMMUNITY.*\")...
08:59:06.407631 POST /session/d5e037c5-07ea-4c54-bed7-8d15d45be864/element [21.257021ms] ERR:404 body={"strategy":"-android uiautomator","selector":"new UiSelector().resourceIdMatches(\".*COMMUNITY.*\")...
08:59:06.423051 POST /session/d5e037c5-07ea-4c54-bed7-8d15d45be864/element [15.30929ms] ERR:404 body={"strategy":"-android uiautomator","selector":"new UiSelector().resourceIdMatches(\".*COMMUNITY.*\")...
08:59:06.435021 POST /session/d5e037c5-07ea-4c54-bed7-8d15d45be864/element [11.882384ms] ERR:404 body={"strategy":"-android uiautomator","selector":"new UiSelector().resourceIdMatches(\".*COMMUNITY.*\")...
08:59:06.445581 POST /session/d5e037c5-07ea-4c54-bed7-8d15d45be864/element [10.454459ms] ERR:404 body={"strategy":"-android uiautomator","selector":"new UiSelector().resourceIdMatches(\".*COMMUNITY.*\")...
08:59:06.457348 POST /session/d5e037c5-07ea-4c54-bed7-8d15d45be864/element [11.656444ms] ERR:404 body={"strategy":"-android uiautomator","selector":"new UiSelector().resourceIdMatches(\".*COMMUNITY.*\")...
08:59:06.498484 POST /session/d5e037c5-07ea-4c54-bed7-8d15d45be864/element [41.02084ms] ERR:404 body={"strategy":"-android uiautomator","selector":"new UiSelector().resourceIdMatches(\".*COMMUNITY.*\")...
08:59:06.523288 POST /session/d5e037c5-07ea-4c54-bed7-8d15d45be864/element [24.673357ms] ERR:404 body={"strategy":"-android uiautomator","selector":"new UiSelector().resourceIdMatches(\".*COMMUNITY.*\")...
08:59:06.538615 POST /session/d5e037c5-07ea-4c54-bed7-8d15d45be864/element [15.187622ms] ERR:404 body={"strategy":"-android uiautomator","selector":"new UiSelector().resourceIdMatches(\".*COMMUNITY.*\")...
08:59:06.555055 POST /session/d5e037c5-07ea-4c54-bed7-8d15d45be864/element [16.30836ms] ERR:404 body={"strategy":"-android uiautomator","selector":"new UiSelector().resourceIdMatches(\".*COMMUNITY.*\")...
08:59:06.580085 POST /session/d5e037c5-07ea-4c54-bed7-8d15d45be864/element [24.909756ms] ERR:404 body={"strategy":"-android uiautomator","selector":"new UiSelector().resourceIdMatches(\".*COMMUNITY.*\")...
08:59:06.590733 POST /session/d5e037c5-07ea-4c54-bed7-8d15d45be864/element [10.527999ms] ERR:404 body={"strategy":"-android uiautomator","selector":"new UiSelector().resourceIdMatches(\".*COMMUNITY.*\")...
08:59:06.599957 POST /session/d5e037c5-07ea-4c54-bed7-8d15d45be864/element [9.132824ms] ERR:404 body={"strategy":"-android uiautomator","selector":"new UiSelector().resourceIdMatches(\".*COMMUNITY.*\")...
08:59:06.609054 POST /session/d5e037c5-07ea-4c54-bed7-8d15d45be864/element [8.982574ms] ERR:404 body={"strategy":"-android uiautomator","selector":"new UiSelector().resourceIdMatches(\".*COMMUNITY.*\")...
08:59:06.618216 POST /session/d5e037c5-07ea-4c54-bed7-8d15d45be864/element [9.076725ms] ERR:404 body={"strategy":"-android uiautomator","selector":"new UiSelector().resourceIdMatches(\".*COMMUNITY.*\")...
08:59:06.628154 POST /session/d5e037c5-07ea-4c54-bed7-8d15d45be864/element [9.830873ms] ERR:404 body={"strategy":"-android uiautomator","selector":"new UiSelector().resourceIdMatches(\".*COMMUNITY.*\")...
08:59:06.649074 POST /session/d5e037c5-07ea-4c54-bed7-8d15d45be864/element [20.78323ms] ERR:404 body={"strategy":"-android uiautomator","selector":"new UiSelector().resourceIdMatches(\".*COMMUNITY.*\")...
08:59:06.764228 POST /session/d5e037c5-07ea-4c54-bed7-8d15d45be864/element [115.025ms] ERR:404 body={"strategy":"-android uiautomator","selector":"new UiSelector().resourceIdMatches(\".*COMMUNITY.*\")...
08:59:06.795672 POST /session/d5e037c5-07ea-4c54-bed7-8d15d45be864/element [31.277058ms] ERR:404 body={"strategy":"-android uiautomator","selector":"new UiSelector().resourceIdMatches(\".*COMMUNITY.*\")...
08:59:06.814774 POST /session/d5e037c5-07ea-4c54-bed7-8d15d45be864/element [18.988755ms] ERR:404 body={"strategy":"-android uiautomator","selector":"new UiSelector().resourceIdMatches(\".*COMMUNITY.*\")...
08:59:06.824989 POST /session/d5e037c5-07ea-4c54-bed7-8d15d45be864/element [10.116247ms] ERR:404 body={"strategy":"-android uiautomator","selector":"new UiSelector().resourceIdMatches(\".*COMMUNITY.*\")...
08:59:07.673805 POST /session/d5e037c5-07ea-4c54-bed7-8d15d45be864/element [848.70239ms] ERR:404 body={"strategy":"-android uiautomator","selector":"new UiSelector().resourceIdMatches(\".*COMMUNITY.*\")...
08:59:08.519860 POST /session/d5e037c5-07ea-4c54-bed7-8d15d45be864/element [845.910588ms] OK body={"strategy":"-android uiautomator","selector":"new UiSelector().resourceIdMatches(\".*COMMUNITY.*\")...
08:59:09.804245 GET /session/d5e037c5-07ea-4c54-bed7-8d15d45be864/element/00000000-0000-0007-ffff-ffff00000095/text [1.284299596s] OK body=
08:59:10.703785 GET /session/d5e037c5-07ea-4c54-bed7-8d15d45be864/element/00000000-0000-0007-ffff-ffff00000095/rect [899.447028ms] OK body=
08:59:11.210759 POST /session/d5e037c5-07ea-4c54-bed7-8d15d45be864/element [506.229014ms] OK body={"strategy":"-android uiautomator","selector":"new UiSelector().textContains(\"Community\")"}
08:59:11.241862 POST /session/d5e037c5-07ea-4c54-bed7-8d15d45be864/element [30.129605ms] ERR:404 body={"strategy":"-android uiautomator","selector":"new UiSelector().resourceIdMatches(\".*COMMUNITY.*\")...
08:59:11.265251 POST /session/d5e037c5-07ea-4c54-bed7-8d15d45be864/element [23.299357ms] OK body={"strategy":"-android uiautomator","selector":"new UiSelector().resourceIdMatches(\".*COMMUNITY.*\")...
08:59:11.276487 GET /session/d5e037c5-07ea-4c54-bed7-8d15d45be864/element/00000000-0000-0007-ffff-ffff00000095/text [11.187983ms] OK body=
08:59:11.289352 GET /session/d5e037c5-07ea-4c54-bed7-8d15d45be864/element/00000000-0000-0007-ffff-ffff00000095/rect [12.830048ms] OK body=
08:59:11.323455 POST /session/d5e037c5-07ea-4c54-bed7-8d15d45be864/element/00000000-0000-0007-ffff-ffff00000095/click [34.057738ms] OK body=
08:59:11.453804 POST /session/d5e037c5-07ea-4c54-bed7-8d15d45be864/element [129.500066ms] ERR:404 body={"strategy":"-android uiautomator","selector":"new UiSelector().resourceIdMatches(\".*recipe.*\").cl...
08:59:11.517784 POST /session/d5e037c5-07ea-4c54-bed7-8d15d45be864/element [63.877889ms] OK body={"strategy":"-android uiautomator","selector":"new UiSelector().resourceIdMatches(\".*recipe.*\")"}
08:59:11.543534 GET /session/d5e037c5-07ea-4c54-bed7-8d15d45be864/element/00000000-0000-0007-ffff-ffff000000ec/text [25.657924ms] OK body=
08:59:11.574441 GET /session/d5e037c5-07ea-4c54-bed7-8d15d45be864/element/00000000-0000-0007-ffff-ffff000000ec/rect [30.824764ms] OK body=
08:59:11.617342 POST /session/d5e037c5-07ea-4c54-bed7-8d15d45be864/element/00000000-0000-0007-ffff-ffff000000ec/click [42.27835ms] OK body=
08:59:11.666350 POST /session/d5e037c5-07ea-4c54-bed7-8d15d45be864/element [47.585095ms] ERR:404 body={"strategy":"-android uiautomator","selector":"new UiSelector().resourceIdMatches(\".*recipe-comment...
08:59:11.691803 POST /session/d5e037c5-07ea-4c54-bed7-8d15d45be864/element [25.321578ms] ERR:404 body={"strategy":"-android uiautomator","selector":"new UiSelector().resourceIdMatches(\".*recipe-comment...
08:59:11.717086 POST /session/d5e037c5-07ea-4c54-bed7-8d15d45be864/element [25.170742ms] ERR:404 body={"strategy":"-android uiautomator","selector":"new UiSelector().resourceIdMatches(\".*recipe-comment...
08:59:11.744001 POST /session/d5e037c5-07ea-4c54-bed7-8d15d45be864/element [26.781801ms] ERR:404 body={"strategy":"-android uiautomator","selector":"new UiSelector().resourceIdMatches(\".*recipe-comment...
08:59:11.769866 POST /session/d5e037c5-07ea-4c54-bed7-8d15d45be864/element [25.746296ms] ERR:404 body={"strategy":"-android uiautomator","selector":"new UiSelector().resourceIdMatches(\".*recipe-comment...
08:59:12.220283 POST /session/d5e037c5-07ea-4c54-bed7-8d15d45be864/element [450.296569ms] ERR:404 body={"strategy":"-android uiautomator","selector":"new UiSelector().resourceIdMatches(\".*recipe-comment...
08:59:13.004524 POST /session/d5e037c5-07ea-4c54-bed7-8d15d45be864/element [784.115736ms] ERR:404 body={"strategy":"-android uiautomator","selector":"new UiSelector().resourceIdMatches(\".*recipe-comment...
08:59:14.585806 POST /session/d5e037c5-07ea-4c54-bed7-8d15d45be864/appium/gestures/scroll [1.581158768s] OK body={"area":{"left":0,"top":300,"width":1080,"height":1800},"direction":"down","percent":0.3}
08:59:14.937103 POST /session/d5e037c5-07ea-4c54-bed7-8d15d45be864/element [50.752477ms] ERR:404 body={"strategy":"-android uiautomator","selector":"new UiSelector().resourceIdMatches(\".*recipe-comment...
08:59:14.983207 POST /session/d5e037c5-07ea-4c54-bed7-8d15d45be864/element [45.980254ms] ERR:404 body={"strategy":"-android uiautomator","selector":"new UiSelector().resourceIdMatches(\".*recipe-comment...
08:59:15.043613 POST /session/d5e037c5-07ea-4c54-bed7-8d15d45be864/element [60.303515ms] ERR:404 body={"strategy":"-android uiautomator","selector":"new UiSelector().resourceIdMatches(\".*recipe-comment...
08:59:15.102190 POST /session/d5e037c5-07ea-4c54-bed7-8d15d45be864/element [58.423182ms] ERR:404 body={"strategy":"-android uiautomator","selector":"new UiSelector().resourceIdMatches(\".*recipe-comment...
08:59:15.152643 POST /session/d5e037c5-07ea-4c54-bed7-8d15d45be864/element [50.324874ms] ERR:404 body={"strategy":"-android uiautomator","selector":"new UiSelector().resourceIdMatches(\".*recipe-comment...
08:59:15.205976 POST /session/d5e037c5-07ea-4c54-bed7-8d15d45be864/element [53.18849ms] ERR:404 body={"strategy":"-android uiautomator","selector":"new UiSelector().resourceIdMatches(\".*recipe-comment...
08:59:15.262002 POST /session/d5e037c5-07ea-4c54-bed7-8d15d45be864/element [55.897869ms] ERR:404 body={"strategy":"-android uiautomator","selector":"new UiSelector().resourceIdMatches(\".*recipe-comment...
08:59:15.313760 POST /session/d5e037c5-07ea-4c54-bed7-8d15d45be864/element [51.624812ms] ERR:404 body={"strategy":"-android uiautomator","selector":"new UiSelector().resourceIdMatches(\".*recipe-comment...
08:59:15.372579 POST /session/d5e037c5-07ea-4c54-bed7-8d15d45be864/element [58.671015ms] ERR:404 body={"strategy":"-android uiautomator","selector":"new UiSelector().resourceIdMatches(\".*recipe-comment...
08:59:15.428741 POST /session/d5e037c5-07ea-4c54-bed7-8d15d45be864/element [56.0282ms] ERR:404 body={"strategy":"-android uiautomator","selector":"new UiSelector().resourceIdMatches(\".*recipe-comment...
08:59:15.491695 POST /session/d5e037c5-07ea-4c54-bed7-8d15d45be864/element [62.824928ms] ERR:404 body={"strategy":"-android uiautomator","selector":"new UiSelector().resourceIdMatches(\".*recipe-comment...
08:59:15.908696 POST /session/d5e037c5-07ea-4c54-bed7-8d15d45be864/element [416.870633ms] ERR:404 body={"strategy":"-android uiautomator","selector":"new UiSelector().resourceIdMatches(\".*recipe-comment...
08:59:17.507039 POST /session/d5e037c5-07ea-4c54-bed7-8d15d45be864/appium/gestures/scroll [1.598247372s] OK body={"area":{"left":0,"top":300,"width":1080,"height":1800},"direction":"down","percent":0.3}
08:59:17.857577 POST /session/d5e037c5-07ea-4c54-bed7-8d15d45be864/element [49.948094ms] ERR:404 body={"strategy":"-android uiautomator","selector":"new UiSelector().resourceIdMatches(\".*recipe-comment...
08:59:17.898094 POST /session/d5e037c5-07ea-4c54-bed7-8d15d45be864/element [40.383549ms] ERR:404 body={"strategy":"-android uiautomator","selector":"new UiSelector().resourceIdMatches(\".*recipe-comment...
08:59:17.939370 POST /session/d5e037c5-07ea-4c54-bed7-8d15d45be864/element [41.138933ms] ERR:404 body={"strategy":"-android uiautomator","selector":"new UiSelector().resourceIdMatches(\".*recipe-comment...
08:59:17.984933 POST /session/d5e037c5-07ea-4c54-bed7-8d15d45be864/element [45.438671ms] ERR:404 body={"strategy":"-android uiautomator","selector":"new UiSelector().resourceIdMatches(\".*recipe-comment...
08:59:18.030719 POST /session/d5e037c5-07ea-4c54-bed7-8d15d45be864/element [45.640364ms] ERR:404 body={"strategy":"-android uiautomator","selector":"new UiSelector().resourceIdMatches(\".*recipe-comment...
08:59:18.071981 POST /session/d5e037c5-07ea-4c54-bed7-8d15d45be864/element [41.128873ms] ERR:404 body={"strategy":"-android uiautomator","selector":"new UiSelector().resourceIdMatches(\".*recipe-comment...
08:59:18.113913 POST /session/d5e037c5-07ea-4c54-bed7-8d15d45be864/element [41.823317ms] ERR:404 body={"strategy":"-android uiautomator","selector":"new UiSelector().resourceIdMatches(\".*recipe-comment...
08:59:18.160978 POST /session/d5e037c5-07ea-4c54-bed7-8d15d45be864/element [46.941208ms] ERR:404 body={"strategy":"-android uiautomator","selector":"new UiSelector().resourceIdMatches(\".*recipe-comment...
08:59:18.208528 POST /session/d5e037c5-07ea-4c54-bed7-8d15d45be864/element [47.436326ms] ERR:404 body={"strategy":"-android uiautomator","selector":"new UiSelector().resourceIdMatches(\".*recipe-comment...
08:59:18.255548 POST /session/d5e037c5-07ea-4c54-bed7-8d15d45be864/element [46.911689ms] ERR:404 body={"strategy":"-android uiautomator","selector":"new UiSelector().resourceIdMatches(\".*recipe-comment...
08:59:18.301109 POST /session/d5e037c5-07ea-4c54-bed7-8d15d45be864/element [45.439813ms] ERR:404 body={"strategy":"-android uiautomator","selector":"new UiSelector().resourceIdMatches(\".*recipe-comment...
08:59:18.347881 POST /session/d5e037c5-07ea-4c54-bed7-8d15d45be864/element [46.658203ms] ERR:404 body={"strategy":"-android uiautomator","selector":"new UiSelector().resourceIdMatches(\".*recipe-comment...
08:59:18.395726 POST /session/d5e037c5-07ea-4c54-bed7-8d15d45be864/element [47.72459ms] ERR:404 body={"strategy":"-android uiautomator","selector":"new UiSelector().resourceIdMatches(\".*recipe-comment...
08:59:18.444739 POST /session/d5e037c5-07ea-4c54-bed7-8d15d45be864/element [48.896569ms] ERR:404 body={"strategy":"-android uiautomator","selector":"new UiSelector().resourceIdMatches(\".*recipe-comment...
08:59:18.488461 POST /session/d5e037c5-07ea-4c54-bed7-8d15d45be864/element [43.602023ms] ERR:404 body={"strategy":"-android uiautomator","selector":"new UiSelector().resourceIdMatches(\".*recipe-comment...
08:59:18.533821 POST /session/d5e037c5-07ea-4c54-bed7-8d15d45be864/element [45.247635ms] ERR:404 body={"strategy":"-android uiautomator","selector":"new UiSelector().resourceIdMatches(\".*recipe-comment...
08:59:18.581764 POST /session/d5e037c5-07ea-4c54-bed7-8d15d45be864/element [47.818829ms] ERR:404 body={"strategy":"-android uiautomator","selector":"new UiSelector().resourceIdMatches(\".*recipe-comment...
08:59:18.629011 POST /session/d5e037c5-07ea-4c54-bed7-8d15d45be864/element [47.128882ms] ERR:404 body={"strategy":"-android uiautomator","selector":"new UiSelector().resourceIdMatches(\".*recipe-comment...
08:59:18.679639 POST /session/d5e037c5-07ea-4c54-bed7-8d15d45be864/element [50.512203ms] ERR:404 body={"strategy":"-android uiautomator","selector":"new UiSelector().resourceIdMatches(\".*recipe-comment...
08:59:18.730748 POST /session/d5e037c5-07ea-4c54-bed7-8d15d45be864/element [50.966115ms] ERR:404 body={"strategy":"-android uiautomator","selector":"new UiSelector().resourceIdMatches(\".*recipe-comment...
08:59:18.779597 POST /session/d5e037c5-07ea-4c54-bed7-8d15d45be864/element [48.736211ms] ERR:404 body={"strategy":"-android uiautomator","selector":"new UiSelector().resourceIdMatches(\".*recipe-comment...
08:59:18.828860 POST /session/d5e037c5-07ea-4c54-bed7-8d15d45be864/element [49.138325ms] ERR:404 body={"strategy":"-android uiautomator","selector":"new UiSelector().resourceIdMatches(\".*recipe-comment...
08:59:20.395744 POST /session/d5e037c5-07ea-4c54-bed7-8d15d45be864/appium/gestures/scroll [1.566750222s] OK body={"area":{"left":0,"top":300,"width":1080,"height":1800},"direction":"down","percent":0.3}
08:59:20.718322 POST /session/d5e037c5-07ea-4c54-bed7-8d15d45be864/element [22.03375ms] OK body={"strategy":"-android uiautomator","selector":"new UiSelector().resourceIdMatches(\".*recipe-comment...
08:59:20.729200 GET /session/d5e037c5-07ea-4c54-bed7-8d15d45be864/element/00000000-0000-0007-ffff-ffff00000110/text [10.80517ms] OK body=
08:59:20.740254 GET /session/d5e037c5-07ea-4c54-bed7-8d15d45be864/element/00000000-0000-0007-ffff-ffff00000110/rect [11.012826ms] OK body=
08:59:20.765377 POST /session/d5e037c5-07ea-4c54-bed7-8d15d45be864/element [24.185581ms] OK body={"strategy":"-android uiautomator","selector":"new UiSelector().resourceIdMatches(\".*recipe-comment...
08:59:20.775966 GET /session/d5e037c5-07ea-4c54-bed7-8d15d45be864/element/00000000-0000-0007-ffff-ffff00000110/text [10.512255ms] OK body=
08:59:20.787682 GET /session/d5e037c5-07ea-4c54-bed7-8d15d45be864/element/00000000-0000-0007-ffff-ffff00000110/rect [11.6746ms] OK body=
08:59:21.157093 POST /session/d5e037c5-07ea-4c54-bed7-8d15d45be864/element/00000000-0000-0007-ffff-ffff00000110/click [369.351719ms] OK body=
08:59:22.784367 POST /session/d5e037c5-07ea-4c54-bed7-8d15d45be864/actions [1.625992047s] OK body={"actions":[{"actions":[{"type":"keyDown","value":"t"},{"type":"keyUp","value":"t"},{"type":"keyDown...
08:59:22.797887 POST /session/d5e037c5-07ea-4c54-bed7-8d15d45be864/appium/device/hide_keyboard [10.710052ms] ERR:404 body=
08:59:23.347004 POST /session/d5e037c5-07ea-4c54-bed7-8d15d45be864/element [547.490052ms] ERR:404 body={"strategy":"-android uiautomator","selector":"new UiSelector().resourceIdMatches(\".*submit-comment...
08:59:23.815643 POST /session/d5e037c5-07ea-4c54-bed7-8d15d45be864/element [468.43488ms] OK body={"strategy":"-android uiautomator","selector":"new UiSelector().resourceIdMatches(\".*submit-comment...
08:59:24.478624 GET /session/d5e037c5-07ea-4c54-bed7-8d15d45be864/element/00000000-0000-0007-ffff-ffff000001d4/text [662.879767ms] OK body=
08:59:25.091447 GET /session/d5e037c5-07ea-4c54-bed7-8d15d45be864/element/00000000-0000-0007-ffff-ffff000001d4/rect [612.704642ms] OK body=
08:59:25.969868 POST /session/d5e037c5-07ea-4c54-bed7-8d15d45be864/element/00000000-0000-0007-ffff-ffff000001d4/click [878.337748ms] OK body=
08:59:26.667346 POST /session/d5e037c5-07ea-4c54-bed7-8d15d45be864/element [697.378237ms] ERR:404 body={"strategy":"-android uiautomator","selector":"new UiSelector().resourceIdMatches(\".*submit-comment...
08:59:26.685853 POST /session/d5e037c5-07ea-4c54-bed7-8d15d45be864/element [18.399732ms] OK body={"strategy":"-android uiautomator","selector":"new UiSelector().resourceIdMatches(\".*submit-comment...
08:59:26.696725 GET /session/d5e037c5-07ea-4c54-bed7-8d15d45be864/element/00000000-0000-0007-ffff-ffff000001d4/text [10.817444ms] OK body=
08:59:26.707610 GET /session/d5e037c5-07ea-4c54-bed7-8d15d45be864/element/00000000-0000-0007-ffff-ffff000001d4/rect [10.838341ms] OK body=
08:59:26.736098 POST /session/d5e037c5-07ea-4c54-bed7-8d15d45be864/element/00000000-0000-0007-ffff-ffff000001d4/click [28.405222ms] OK body=
08:59:32.199355 POST /session/d5e037c5-07ea-4c54-bed7-8d15d45be864/appium/device/launch_app [4.249882ms] ERR:404 body={"appId":"com.tastopia.app"}
08:59:35.091874 POST /session/d5e037c5-07ea-4c54-bed7-8d15d45be864/element [1.081798902s] OK body={"strategy":"-android uiautomator","selector":"new UiSelector().resourceIdMatches(\".*MENU.*\")"}
08:59:35.871713 GET /session/d5e037c5-07ea-4c54-bed7-8d15d45be864/element/00000000-0000-000a-ffff-ffff0000003c/text [779.745085ms] OK body=
08:59:37.309045 GET /session/d5e037c5-07ea-4c54-bed7-8d15d45be864/element/00000000-0000-000a-ffff-ffff0000003c/rect [1.437253639s] OK body=
08:59:37.817396 POST /session/d5e037c5-07ea-4c54-bed7-8d15d45be864/element [507.729097ms] ERR:404 body={"strategy":"-android uiautomator","selector":"new UiSelector().resourceIdMatches(\".*MENU.*\").clic...
08:59:37.845110 POST /session/d5e037c5-07ea-4c54-bed7-8d15d45be864/element [27.602785ms] OK body={"strategy":"-android uiautomator","selector":"new UiSelector().resourceIdMatches(\".*MENU.*\")"}
08:59:37.855533 GET /session/d5e037c5-07ea-4c54-bed7-8d15d45be864/element/00000000-0000-000a-ffff-ffff0000003c/text [10.337599ms] OK body=
08:59:37.866714 GET /session/d5e037c5-07ea-4c54-bed7-8d15d45be864/element/00000000-0000-000a-ffff-ffff0000003c/rect [11.121696ms] OK body=
08:59:37.896707 POST /session/d5e037c5-07ea-4c54-bed7-8d15d45be864/element/00000000-0000-000a-ffff-ffff0000003c/click [29.928367ms] OK body=
08:59:37.901159 POST /session/d5e037c5-07ea-4c54-bed7-8d15d45be864/appium/device/hide_keyboard [4.35496ms] ERR:404 body=
08:59:38.043715 POST /session/d5e037c5-07ea-4c54-bed7-8d15d45be864/element [142.160391ms] ERR:404 body={"strategy":"-android uiautomator","selector":"new UiSelector().textContains(\"History\")"}
08:59:38.104160 POST /session/d5e037c5-07ea-4c54-bed7-8d15d45be864/element [60.289844ms] ERR:404 body={"strategy":"-android uiautomator","selector":"new UiSelector().descriptionContains(\"History\")"}
08:59:38.799087 POST /session/d5e037c5-07ea-4c54-bed7-8d15d45be864/element [694.78579ms] ERR:404 body={"strategy":"-android uiautomator","selector":"new UiSelector().textMatches(\"(?is).*\\QHistory\\E.*...
08:59:39.860227 POST /session/d5e037c5-07ea-4c54-bed7-8d15d45be864/element [1.061024158s] ERR:404 body={"strategy":"-android uiautomator","selector":"new UiSelector().descriptionMatches(\"(?is).*\\QHisto...
08:59:39.877741 POST /session/d5e037c5-07ea-4c54-bed7-8d15d45be864/element [17.416098ms] OK body={"strategy":"-android uiautomator","selector":"new UiSelector().textContains(\"History\")"}
08:59:39.907333 POST /session/d5e037c5-07ea-4c54-bed7-8d15d45be864/element [29.305146ms] OK body={"strategy":"-android uiautomator","selector":"new UiSelector().resourceIdMatches(\".*menu-logout-bu...
08:59:39.917986 GET /session/d5e037c5-07ea-4c54-bed7-8d15d45be864/element/00000000-0000-000a-ffff-ffff000000e8/text [10.604099ms] OK body=
08:59:39.928679 GET /session/d5e037c5-07ea-4c54-bed7-8d15d45be864/element/00000000-0000-000a-ffff-ffff000000e8/rect [10.648205ms] OK body=
08:59:39.958320 POST /session/d5e037c5-07ea-4c54-bed7-8d15d45be864/element/00000000-0000-000a-ffff-ffff000000e8/click [29.586599ms] OK body=
08:59:39.998224 POST /session/d5e037c5-07ea-4c54-bed7-8d15d45be864/element [39.5729ms] ERR:404 body={"strategy":"-android uiautomator","selector":"new UiSelector().textContains(\"Welcome to\")"}
08:59:40.029158 POST /session/d5e037c5-07ea-4c54-bed7-8d15d45be864/element [30.817953ms] ERR:404 body={"strategy":"-android uiautomator","selector":"new UiSelector().descriptionContains(\"Welcome to\")"...
08:59:40.057977 POST /session/d5e037c5-07ea-4c54-bed7-8d15d45be864/element [28.723983ms] ERR:404 body={"strategy":"-android uiautomator","selector":"new UiSelector().textMatches(\"(?is).*\\QWelcome to\\...
08:59:40.087880 POST /session/d5e037c5-07ea-4c54-bed7-8d15d45be864/element [29.812067ms] ERR:404 body={"strategy":"-android uiautomator","selector":"new UiSelector().descriptionMatches(\"(?is).*\\QWelco...
08:59:40.117666 POST /session/d5e037c5-07ea-4c54-bed7-8d15d45be864/element [29.674151ms] ERR:404 body={"strategy":"-android uiautomator","selector":"new UiSelector().textContains(\"Welcome to\")"}
08:59:40.147957 POST /session/d5e037c5-07ea-4c54-bed7-8d15d45be864/element [30.20677ms] ERR:404 body={"strategy":"-android uiautomator","selector":"new UiSelector().descriptionContains(\"Welcome to\")"...
08:59:40.178713 POST /session/d5e037c5-07ea-4c54-bed7-8d15d45be864/element [30.645049ms] ERR:404 body={"strategy":"-android uiautomator","selector":"new UiSelector().textMatches(\"(?is).*\\QWelcome to\\...
08:59:40.208298 POST /session/d5e037c5-07ea-4c54-bed7-8d15d45be864/element [29.494751ms] ERR:404 body={"strategy":"-android uiautomator","selector":"new UiSelector().descriptionMatches(\"(?is).*\\QWelco...
08:59:40.278578 POST /session/d5e037c5-07ea-4c54-bed7-8d15d45be864/element [70.161949ms] ERR:404 body={"strategy":"-android uiautomator","selector":"new UiSelector().textContains(\"Welcome to\")"}
08:59:41.315456 POST /session/d5e037c5-07ea-4c54-bed7-8d15d45be864/element [1.035949019s] ERR:404 body={"strategy":"-android uiautomator","selector":"new UiSelector().descriptionContains(\"Welcome to\")"...
08:59:41.452830 POST /session/d5e037c5-07ea-4c54-bed7-8d15d45be864/element [137.260537ms] OK body={"strategy":"-android uiautomator","selector":"new UiSelector().textMatches(\"(?is).*\\QWelcome to\\...
08:59:41.469630 POST /session/d5e037c5-07ea-4c54-bed7-8d15d45be864/element [16.180803ms] OK body={"strategy":"-android uiautomator","selector":"new UiSelector().textContains(\"Tastopia\")"}
08:59:41.492135 POST /session/d5e037c5-07ea-4c54-bed7-8d15d45be864/appium/settings [19.830369ms] OK body={"settings":{"waitForIdleTimeout":200}}
08:59:46.767040 POST /session/d5e037c5-07ea-4c54-bed7-8d15d45be864/appium/device/launch_app [5.178492ms] ERR:404 body={"appId":"com.tastopia.app"}
08:59:49.513883 POST /session/d5e037c5-07ea-4c54-bed7-8d15d45be864/element [969.869515ms] OK body={"strategy":"-android uiautomator","selector":"new UiSelector().resourceIdMatches(\".*welcome-sign-i...
08:59:49.574055 GET /session/d5e037c5-07ea-4c54-bed7-8d15d45be864/element/00000000-0000-000c-ffff-ffff00000021/text [60.08548ms] OK body=
08:59:49.588803 GET /session/d5e037c5-07ea-4c54-bed7-8d15d45be864/element/00000000-0000-000c-ffff-ffff00000021/rect [14.680236ms] OK body=
08:59:49.628750 POST /session/d5e037c5-07ea-4c54-bed7-8d15d45be864/element/00000000-0000-000c-ffff-ffff00000021/click [39.886568ms] OK body=
08:59:49.644419 POST /session/d5e037c5-07ea-4c54-bed7-8d15d45be864/element [15.312405ms] ERR:404 body={"strategy":"-android uiautomator","selector":"new UiSelector().resourceIdMatches(\".*login-identifi...
08:59:49.658982 POST /session/d5e037c5-07ea-4c54-bed7-8d15d45be864/element [14.225362ms] ERR:404 body={"strategy":"-android uiautomator","selector":"new UiSelector().resourceIdMatches(\".*login-identifi...
08:59:49.675755 POST /session/d5e037c5-07ea-4c54-bed7-8d15d45be864/element [16.652777ms] ERR:404 body={"strategy":"-android uiautomator","selector":"new UiSelector().resourceIdMatches(\".*login-identifi...
08:59:49.686819 POST /session/d5e037c5-07ea-4c54-bed7-8d15d45be864/element [10.94716ms] ERR:404 body={"strategy":"-android uiautomator","selector":"new UiSelector().resourceIdMatches(\".*login-identifi...
08:59:49.698553 POST /session/d5e037c5-07ea-4c54-bed7-8d15d45be864/element [11.638388ms] ERR:404 body={"strategy":"-android uiautomator","selector":"new UiSelector().resourceIdMatches(\".*login-identifi...
08:59:49.709205 POST /session/d5e037c5-07ea-4c54-bed7-8d15d45be864/element [10.496342ms] ERR:404 body={"strategy":"-android uiautomator","selector":"new UiSelector().resourceIdMatches(\".*login-identifi...
08:59:49.716727 POST /session/d5e037c5-07ea-4c54-bed7-8d15d45be864/element [7.427699ms] ERR:404 body={"strategy":"-android uiautomator","selector":"new UiSelector().resourceIdMatches(\".*login-identifi...
08:59:49.726221 POST /session/d5e037c5-07ea-4c54-bed7-8d15d45be864/element [9.409791ms] ERR:404 body={"strategy":"-android uiautomator","selector":"new UiSelector().resourceIdMatches(\".*login-identifi...
08:59:49.734283 POST /session/d5e037c5-07ea-4c54-bed7-8d15d45be864/element [7.959904ms] ERR:404 body={"strategy":"-android uiautomator","selector":"new UiSelector().resourceIdMatches(\".*login-identifi...
08:59:49.743724 POST /session/d5e037c5-07ea-4c54-bed7-8d15d45be864/element [9.343051ms] ERR:404 body={"strategy":"-android uiautomator","selector":"new UiSelector().resourceIdMatches(\".*login-identifi...
08:59:49.752970 POST /session/d5e037c5-07ea-4c54-bed7-8d15d45be864/element [9.166546ms] ERR:404 body={"strategy":"-android uiautomator","selector":"new UiSelector().resourceIdMatches(\".*login-identifi...
08:59:49.760912 POST /session/d5e037c5-07ea-4c54-bed7-8d15d45be864/element [7.825251ms] ERR:404 body={"strategy":"-android uiautomator","selector":"new UiSelector().resourceIdMatches(\".*login-identifi...
08:59:49.768828 POST /session/d5e037c5-07ea-4c54-bed7-8d15d45be864/element [7.811771ms] ERR:404 body={"strategy":"-android uiautomator","selector":"new UiSelector().resourceIdMatches(\".*login-identifi...
08:59:49.776749 POST /session/d5e037c5-07ea-4c54-bed7-8d15d45be864/element [7.831291ms] ERR:404 body={"strategy":"-android uiautomator","selector":"new UiSelector().resourceIdMatches(\".*login-identifi...
08:59:49.784334 POST /session/d5e037c5-07ea-4c54-bed7-8d15d45be864/element [7.479302ms] ERR:404 body={"strategy":"-android uiautomator","selector":"new UiSelector().resourceIdMatches(\".*login-identifi...
08:59:49.791945 POST /session/d5e037c5-07ea-4c54-bed7-8d15d45be864/element [7.52487ms] ERR:404 body={"strategy":"-android uiautomator","selector":"new UiSelector().resourceIdMatches(\".*login-identifi...
08:59:49.802526 POST /session/d5e037c5-07ea-4c54-bed7-8d15d45be864/element [10.492156ms] ERR:404 body={"strategy":"-android uiautomator","selector":"new UiSelector().resourceIdMatches(\".*login-identifi...
08:59:50.507966 POST /session/d5e037c5-07ea-4c54-bed7-8d15d45be864/element [705.353099ms] OK body={"strategy":"-android uiautomator","selector":"new UiSelector().resourceIdMatches(\".*login-identifi...
08:59:50.687996 POST /session/d5e037c5-07ea-4c54-bed7-8d15d45be864/element [179.685623ms] OK body={"strategy":"-android uiautomator","selector":"new UiSelector().resourceIdMatches(\".*login-identifi...
08:59:50.697808 GET /session/d5e037c5-07ea-4c54-bed7-8d15d45be864/element/00000000-0000-000c-ffff-ffff0000002f/text [9.717802ms] OK body=
08:59:50.708362 GET /session/d5e037c5-07ea-4c54-bed7-8d15d45be864/element/00000000-0000-000c-ffff-ffff0000002f/rect [10.512091ms] OK body=
08:59:51.026278 POST /session/d5e037c5-07ea-4c54-bed7-8d15d45be864/element/00000000-0000-000c-ffff-ffff0000002f/click [317.833314ms] OK body=
08:59:52.075623 POST /session/d5e037c5-07ea-4c54-bed7-8d15d45be864/actions [1.048973291s] OK body={"actions":[{"actions":[{"type":"keyDown","value":"a"},{"type":"keyUp","value":"a"},{"type":"keyDown...
08:59:52.080803 POST /session/d5e037c5-07ea-4c54-bed7-8d15d45be864/appium/device/hide_keyboard [4.867875ms] ERR:404 body=
08:59:52.647890 POST /session/d5e037c5-07ea-4c54-bed7-8d15d45be864/element [566.720789ms] OK body={"strategy":"-android uiautomator","selector":"new UiSelector().resourceIdMatches(\".*login-password...
08:59:52.674133 POST /session/d5e037c5-07ea-4c54-bed7-8d15d45be864/element [25.911268ms] OK body={"strategy":"-android uiautomator","selector":"new UiSelector().resourceIdMatches(\".*login-password...
08:59:52.685287 GET /session/d5e037c5-07ea-4c54-bed7-8d15d45be864/element/00000000-0000-000c-ffff-ffff00000030/text [11.080088ms] OK body=
08:59:52.704499 GET /session/d5e037c5-07ea-4c54-bed7-8d15d45be864/element/00000000-0000-000c-ffff-ffff00000030/rect [19.139634ms] OK body=
08:59:53.359817 POST /session/d5e037c5-07ea-4c54-bed7-8d15d45be864/element/00000000-0000-000c-ffff-ffff00000030/click [655.229869ms] OK body=
08:59:53.834754 POST /session/d5e037c5-07ea-4c54-bed7-8d15d45be864/actions [474.592372ms] OK body={"actions":[{"actions":[{"type":"keyDown","value":"P"},{"type":"keyUp","value":"P"},{"type":"keyDown...
08:59:53.844358 POST /session/d5e037c5-07ea-4c54-bed7-8d15d45be864/appium/device/hide_keyboard [9.235668ms] ERR:404 body=
08:59:54.417564 POST /session/d5e037c5-07ea-4c54-bed7-8d15d45be864/element [572.034479ms] OK body={"strategy":"-android uiautomator","selector":"new UiSelector().resourceIdMatches(\".*login-submit-b...
08:59:54.427111 GET /session/d5e037c5-07ea-4c54-bed7-8d15d45be864/element/00000000-0000-000c-ffff-ffff00000049/text [9.467662ms] OK body=
08:59:54.437257 GET /session/d5e037c5-07ea-4c54-bed7-8d15d45be864/element/00000000-0000-000c-ffff-ffff00000049/rect [10.101298ms] OK body=
08:59:54.469761 POST /session/d5e037c5-07ea-4c54-bed7-8d15d45be864/element/00000000-0000-000c-ffff-ffff00000049/click [32.414257ms] OK body=
08:59:54.478380 POST /session/d5e037c5-07ea-4c54-bed7-8d15d45be864/element [8.560264ms] OK body={"strategy":"-android uiautomator","selector":"new UiSelector().resourceIdMatches(\".*login-submit-b...
08:59:54.503379 GET /session/d5e037c5-07ea-4c54-bed7-8d15d45be864/element/00000000-0000-000c-ffff-ffff00000049/text [24.951276ms] OK body=
08:59:55.142970 GET /session/d5e037c5-07ea-4c54-bed7-8d15d45be864/element/00000000-0000-000c-ffff-ffff00000049/rect [639.521887ms] OK body=
08:59:55.173167 POST /session/d5e037c5-07ea-4c54-bed7-8d15d45be864/element/00000000-0000-000c-ffff-ffff00000049/click [30.108751ms] OK body=
08:59:55.197845 POST /session/d5e037c5-07ea-4c54-bed7-8d15d45be864/element [24.399558ms] ERR:404 body={"strategy":"-android uiautomator","selector":"new UiSelector().resourceIdMatches(\".*COMMUNITY.*\")...
08:59:55.208971 POST /session/d5e037c5-07ea-4c54-bed7-8d15d45be864/element [10.991825ms] ERR:404 body={"strategy":"-android uiautomator","selector":"new UiSelector().resourceIdMatches(\".*COMMUNITY.*\")...
08:59:55.255336 POST /session/d5e037c5-07ea-4c54-bed7-8d15d45be864/element [46.254931ms] ERR:404 body={"strategy":"-android uiautomator","selector":"new UiSelector().resourceIdMatches(\".*COMMUNITY.*\")...
08:59:55.927251 POST /session/d5e037c5-07ea-4c54-bed7-8d15d45be864/element [671.773806ms] ERR:404 body={"strategy":"-android uiautomator","selector":"new UiSelector().resourceIdMatches(\".*COMMUNITY.*\")...
08:59:55.940993 POST /session/d5e037c5-07ea-4c54-bed7-8d15d45be864/element [13.62934ms] ERR:404 body={"strategy":"-android uiautomator","selector":"new UiSelector().resourceIdMatches(\".*COMMUNITY.*\")...
08:59:55.950575 POST /session/d5e037c5-07ea-4c54-bed7-8d15d45be864/element [9.499515ms] ERR:404 body={"strategy":"-android uiautomator","selector":"new UiSelector().resourceIdMatches(\".*COMMUNITY.*\")...
08:59:55.960242 POST /session/d5e037c5-07ea-4c54-bed7-8d15d45be864/element [9.577661ms] ERR:404 body={"strategy":"-android uiautomator","selector":"new UiSelector().resourceIdMatches(\".*COMMUNITY.*\")...
08:59:55.970674 POST /session/d5e037c5-07ea-4c54-bed7-8d15d45be864/element [10.319346ms] ERR:404 body={"strategy":"-android uiautomator","selector":"new UiSelector().resourceIdMatches(\".*COMMUNITY.*\")...
08:59:55.981316 POST /session/d5e037c5-07ea-4c54-bed7-8d15d45be864/element [10.547173ms] ERR:404 body={"strategy":"-android uiautomator","selector":"new UiSelector().resourceIdMatches(\".*COMMUNITY.*\")...
08:59:55.990941 POST /session/d5e037c5-07ea-4c54-bed7-8d15d45be864/element [9.532654ms] ERR:404 body={"strategy":"-android uiautomator","selector":"new UiSelector().resourceIdMatches(\".*COMMUNITY.*\")...
08:59:56.000397 POST /session/d5e037c5-07ea-4c54-bed7-8d15d45be864/element [9.37005ms] ERR:404 body={"strategy":"-android uiautomator","selector":"new UiSelector().resourceIdMatches(\".*COMMUNITY.*\")...
08:59:56.009636 POST /session/d5e037c5-07ea-4c54-bed7-8d15d45be864/element [9.12319ms] ERR:404 body={"strategy":"-android uiautomator","selector":"new UiSelector().resourceIdMatches(\".*COMMUNITY.*\")...
08:59:56.019543 POST /session/d5e037c5-07ea-4c54-bed7-8d15d45be864/element [9.799881ms] ERR:404 body={"strategy":"-android uiautomator","selector":"new UiSelector().resourceIdMatches(\".*COMMUNITY.*\")...
08:59:56.029250 POST /session/d5e037c5-07ea-4c54-bed7-8d15d45be864/element [9.627562ms] ERR:404 body={"strategy":"-android uiautomator","selector":"new UiSelector().resourceIdMatches(\".*COMMUNITY.*\")...
08:59:56.039308 POST /session/d5e037c5-07ea-4c54-bed7-8d15d45be864/element [9.959515ms] ERR:404 body={"strategy":"-android uiautomator","selector":"new UiSelector().resourceIdMatches(\".*COMMUNITY.*\")...
08:59:56.048934 POST /session/d5e037c5-07ea-4c54-bed7-8d15d45be864/element [9.533015ms] ERR:404 body={"strategy":"-android uiautomator","selector":"new UiSelector().resourceIdMatches(\".*COMMUNITY.*\")...
08:59:56.058451 POST /session/d5e037c5-07ea-4c54-bed7-8d15d45be864/element [9.426425ms] ERR:404 body={"strategy":"-android uiautomator","selector":"new UiSelector().resourceIdMatches(\".*COMMUNITY.*\")...
08:59:56.070335 POST /session/d5e037c5-07ea-4c54-bed7-8d15d45be864/element [11.793579ms] ERR:404 body={"strategy":"-android uiautomator","selector":"new UiSelector().resourceIdMatches(\".*COMMUNITY.*\")...
08:59:56.080899 POST /session/d5e037c5-07ea-4c54-bed7-8d15d45be864/element [10.477924ms] ERR:404 body={"strategy":"-android uiautomator","selector":"new UiSelector().resourceIdMatches(\".*COMMUNITY.*\")...
08:59:56.091272 POST /session/d5e037c5-07ea-4c54-bed7-8d15d45be864/element [10.2756ms] ERR:404 body={"strategy":"-android uiautomator","selector":"new UiSelector().resourceIdMatches(\".*COMMUNITY.*\")...
08:59:56.100747 POST /session/d5e037c5-07ea-4c54-bed7-8d15d45be864/element [9.349625ms] ERR:404 body={"strategy":"-android uiautomator","selector":"new UiSelector().resourceIdMatches(\".*COMMUNITY.*\")...
08:59:56.110450 POST /session/d5e037c5-07ea-4c54-bed7-8d15d45be864/element [9.620005ms] ERR:404 body={"strategy":"-android uiautomator","selector":"new UiSelector().resourceIdMatches(\".*COMMUNITY.*\")...
08:59:56.120287 POST /session/d5e037c5-07ea-4c54-bed7-8d15d45be864/element [9.749004ms] ERR:404 body={"strategy":"-android uiautomator","selector":"new UiSelector().resourceIdMatches(\".*COMMUNITY.*\")...
08:59:56.130618 POST /session/d5e037c5-07ea-4c54-bed7-8d15d45be864/element [10.210271ms] ERR:404 body={"strategy":"-android uiautomator","selector":"new UiSelector().resourceIdMatches(\".*COMMUNITY.*\")...
08:59:56.141496 POST /session/d5e037c5-07ea-4c54-bed7-8d15d45be864/element [10.748435ms] ERR:404 body={"strategy":"-android uiautomator","selector":"new UiSelector().resourceIdMatches(\".*COMMUNITY.*\")...
08:59:56.152206 POST /session/d5e037c5-07ea-4c54-bed7-8d15d45be864/element [10.577968ms] ERR:404 body={"strategy":"-android uiautomator","selector":"new UiSelector().resourceIdMatches(\".*COMMUNITY.*\")...
08:59:56.161567 POST /session/d5e037c5-07ea-4c54-bed7-8d15d45be864/element [9.263585ms] ERR:404 body={"strategy":"-android uiautomator","selector":"new UiSelector().resourceIdMatches(\".*COMMUNITY.*\")...
08:59:56.171990 POST /session/d5e037c5-07ea-4c54-bed7-8d15d45be864/element [10.298584ms] ERR:404 body={"strategy":"-android uiautomator","selector":"new UiSelector().resourceIdMatches(\".*COMMUNITY.*\")...
08:59:56.181598 POST /session/d5e037c5-07ea-4c54-bed7-8d15d45be864/element [9.513971ms] ERR:404 body={"strategy":"-android uiautomator","selector":"new UiSelector().resourceIdMatches(\".*COMMUNITY.*\")...
08:59:56.191030 POST /session/d5e037c5-07ea-4c54-bed7-8d15d45be864/element [9.333956ms] ERR:404 body={"strategy":"-android uiautomator","selector":"new UiSelector().resourceIdMatches(\".*COMMUNITY.*\")...
08:59:56.202142 POST /session/d5e037c5-07ea-4c54-bed7-8d15d45be864/element [11.028761ms] ERR:404 body={"strategy":"-android uiautomator","selector":"new UiSelector().resourceIdMatches(\".*COMMUNITY.*\")...
08:59:56.213268 POST /session/d5e037c5-07ea-4c54-bed7-8d15d45be864/element [11.037895ms] ERR:404 body={"strategy":"-android uiautomator","selector":"new UiSelector().resourceIdMatches(\".*COMMUNITY.*\")...
08:59:56.224380 POST /session/d5e037c5-07ea-4c54-bed7-8d15d45be864/element [11.031415ms] ERR:404 body={"strategy":"-android uiautomator","selector":"new UiSelector().resourceIdMatches(\".*COMMUNITY.*\")...
08:59:56.236196 POST /session/d5e037c5-07ea-4c54-bed7-8d15d45be864/element [11.720645ms] ERR:404 body={"strategy":"-android uiautomator","selector":"new UiSelector().resourceIdMatches(\".*COMMUNITY.*\")...
08:59:56.245982 POST /session/d5e037c5-07ea-4c54-bed7-8d15d45be864/element [9.705679ms] ERR:404 body={"strategy":"-android uiautomator","selector":"new UiSelector().resourceIdMatches(\".*COMMUNITY.*\")...
08:59:56.256281 POST /session/d5e037c5-07ea-4c54-bed7-8d15d45be864/element [10.224493ms] ERR:404 body={"strategy":"-android uiautomator","selector":"new UiSelector().resourceIdMatches(\".*COMMUNITY.*\")...
08:59:56.265716 POST /session/d5e037c5-07ea-4c54-bed7-8d15d45be864/element [9.347646ms] ERR:404 body={"strategy":"-android uiautomator","selector":"new UiSelector().resourceIdMatches(\".*COMMUNITY.*\")...
08:59:56.275419 POST /session/d5e037c5-07ea-4c54-bed7-8d15d45be864/element [9.612509ms] ERR:404 body={"strategy":"-android uiautomator","selector":"new UiSelector().resourceIdMatches(\".*COMMUNITY.*\")...
08:59:56.285434 POST /session/d5e037c5-07ea-4c54-bed7-8d15d45be864/element [9.922805ms] ERR:404 body={"strategy":"-android uiautomator","selector":"new UiSelector().resourceIdMatches(\".*COMMUNITY.*\")...
08:59:56.295048 POST /session/d5e037c5-07ea-4c54-bed7-8d15d45be864/element [9.50333ms] ERR:404 body={"strategy":"-android uiautomator","selector":"new UiSelector().resourceIdMatches(\".*COMMUNITY.*\")...
08:59:56.305631 POST /session/d5e037c5-07ea-4c54-bed7-8d15d45be864/element [10.432906ms] ERR:404 body={"strategy":"-android uiautomator","selector":"new UiSelector().resourceIdMatches(\".*COMMUNITY.*\")...
08:59:56.315761 POST /session/d5e037c5-07ea-4c54-bed7-8d15d45be864/element [10.007927ms] ERR:404 body={"strategy":"-android uiautomator","selector":"new UiSelector().resourceIdMatches(\".*COMMUNITY.*\")...
08:59:56.325568 POST /session/d5e037c5-07ea-4c54-bed7-8d15d45be864/element [9.688958ms] ERR:404 body={"strategy":"-android uiautomator","selector":"new UiSelector().resourceIdMatches(\".*COMMUNITY.*\")...
08:59:56.335865 POST /session/d5e037c5-07ea-4c54-bed7-8d15d45be864/element [10.165865ms] ERR:404 body={"strategy":"-android uiautomator","selector":"new UiSelector().resourceIdMatches(\".*COMMUNITY.*\")...
08:59:56.347749 POST /session/d5e037c5-07ea-4c54-bed7-8d15d45be864/element [11.752152ms] ERR:404 body={"strategy":"-android uiautomator","selector":"new UiSelector().resourceIdMatches(\".*COMMUNITY.*\")...
08:59:56.358389 POST /session/d5e037c5-07ea-4c54-bed7-8d15d45be864/element [10.493682ms] ERR:404 body={"strategy":"-android uiautomator","selector":"new UiSelector().resourceIdMatches(\".*COMMUNITY.*\")...
08:59:56.368752 POST /session/d5e037c5-07ea-4c54-bed7-8d15d45be864/element [10.247733ms] ERR:404 body={"strategy":"-android uiautomator","selector":"new UiSelector().resourceIdMatches(\".*COMMUNITY.*\")...
08:59:56.378529 POST /session/d5e037c5-07ea-4c54-bed7-8d15d45be864/element [9.678218ms] ERR:404 body={"strategy":"-android uiautomator","selector":"new UiSelector().resourceIdMatches(\".*COMMUNITY.*\")...
08:59:56.389509 POST /session/d5e037c5-07ea-4c54-bed7-8d15d45be864/element [10.59553ms] ERR:404 body={"strategy":"-android uiautomator","selector":"new UiSelector().resourceIdMatches(\".*COMMUNITY.*\")...
08:59:56.399515 POST /session/d5e037c5-07ea-4c54-bed7-8d15d45be864/element [9.898103ms] ERR:404 body={"strategy":"-android uiautomator","selector":"new UiSelector().resourceIdMatches(\".*COMMUNITY.*\")...
08:59:56.409324 POST /session/d5e037c5-07ea-4c54-bed7-8d15d45be864/element [9.710807ms] ERR:404 body={"strategy":"-android uiautomator","selector":"new UiSelector().resourceIdMatches(\".*COMMUNITY.*\")...
08:59:56.418851 POST /session/d5e037c5-07ea-4c54-bed7-8d15d45be864/element [9.450396ms] ERR:404 body={"strategy":"-android uiautomator","selector":"new UiSelector().resourceIdMatches(\".*COMMUNITY.*\")...
08:59:56.428699 POST /session/d5e037c5-07ea-4c54-bed7-8d15d45be864/element [9.742639ms] ERR:404 body={"strategy":"-android uiautomator","selector":"new UiSelector().resourceIdMatches(\".*COMMUNITY.*\")...
08:59:56.438999 POST /session/d5e037c5-07ea-4c54-bed7-8d15d45be864/element [10.200532ms] ERR:404 body={"strategy":"-android uiautomator","selector":"new UiSelector().resourceIdMatches(\".*COMMUNITY.*\")...
08:59:56.448874 POST /session/d5e037c5-07ea-4c54-bed7-8d15d45be864/element [9.786546ms] ERR:404 body={"strategy":"-android uiautomator","selector":"new UiSelector().resourceIdMatches(\".*COMMUNITY.*\")...
08:59:56.458631 POST /session/d5e037c5-07ea-4c54-bed7-8d15d45be864/element [9.678222ms] ERR:404 body={"strategy":"-android uiautomator","selector":"new UiSelector().resourceIdMatches(\".*COMMUNITY.*\")...
08:59:56.469580 POST /session/d5e037c5-07ea-4c54-bed7-8d15d45be864/element [10.850919ms] ERR:404 body={"strategy":"-android uiautomator","selector":"new UiSelector().resourceIdMatches(\".*COMMUNITY.*\")...
08:59:56.480443 POST /session/d5e037c5-07ea-4c54-bed7-8d15d45be864/element [10.745831ms] ERR:404 body={"strategy":"-android uiautomator","selector":"new UiSelector().resourceIdMatches(\".*COMMUNITY.*\")...
08:59:56.490564 POST /session/d5e037c5-07ea-4c54-bed7-8d15d45be864/element [10.041989ms] ERR:404 body={"strategy":"-android uiautomator","selector":"new UiSelector().resourceIdMatches(\".*COMMUNITY.*\")...
08:59:56.500837 POST /session/d5e037c5-07ea-4c54-bed7-8d15d45be864/element [10.176571ms] ERR:404 body={"strategy":"-android uiautomator","selector":"new UiSelector().resourceIdMatches(\".*COMMUNITY.*\")...
08:59:56.510579 POST /session/d5e037c5-07ea-4c54-bed7-8d15d45be864/element [9.672895ms] ERR:404 body={"strategy":"-android uiautomator","selector":"new UiSelector().resourceIdMatches(\".*COMMUNITY.*\")...
08:59:56.520436 POST /session/d5e037c5-07ea-4c54-bed7-8d15d45be864/element [9.757311ms] ERR:404 body={"strategy":"-android uiautomator","selector":"new UiSelector().resourceIdMatches(\".*COMMUNITY.*\")...
08:59:56.530638 POST /session/d5e037c5-07ea-4c54-bed7-8d15d45be864/element [10.119936ms] ERR:404 body={"strategy":"-android uiautomator","selector":"new UiSelector().resourceIdMatches(\".*COMMUNITY.*\")...
08:59:56.540759 POST /session/d5e037c5-07ea-4c54-bed7-8d15d45be864/element [10.009951ms] ERR:404 body={"strategy":"-android uiautomator","selector":"new UiSelector().resourceIdMatches(\".*COMMUNITY.*\")...
08:59:56.550662 POST /session/d5e037c5-07ea-4c54-bed7-8d15d45be864/element [9.795359ms] ERR:404 body={"strategy":"-android uiautomator","selector":"new UiSelector().resourceIdMatches(\".*COMMUNITY.*\")...
08:59:56.563013 POST /session/d5e037c5-07ea-4c54-bed7-8d15d45be864/element [12.225152ms] ERR:404 body={"strategy":"-android uiautomator","selector":"new UiSelector().resourceIdMatches(\".*COMMUNITY.*\")...
08:59:56.573136 POST /session/d5e037c5-07ea-4c54-bed7-8d15d45be864/element [10.021898ms] ERR:404 body={"strategy":"-android uiautomator","selector":"new UiSelector().resourceIdMatches(\".*COMMUNITY.*\")...
08:59:56.583907 POST /session/d5e037c5-07ea-4c54-bed7-8d15d45be864/element [10.673678ms] ERR:404 body={"strategy":"-android uiautomator","selector":"new UiSelector().resourceIdMatches(\".*COMMUNITY.*\")...
08:59:56.594232 POST /session/d5e037c5-07ea-4c54-bed7-8d15d45be864/element [10.238043ms] ERR:404 body={"strategy":"-android uiautomator","selector":"new UiSelector().resourceIdMatches(\".*COMMUNITY.*\")...
08:59:56.604597 POST /session/d5e037c5-07ea-4c54-bed7-8d15d45be864/element [10.272425ms] ERR:404 body={"strategy":"-android uiautomator","selector":"new UiSelector().resourceIdMatches(\".*COMMUNITY.*\")...
08:59:56.615141 POST /session/d5e037c5-07ea-4c54-bed7-8d15d45be864/element [10.465424ms] ERR:404 body={"strategy":"-android uiautomator","selector":"new UiSelector().resourceIdMatches(\".*COMMUNITY.*\")...
08:59:56.625032 POST /session/d5e037c5-07ea-4c54-bed7-8d15d45be864/element [9.817943ms] ERR:404 body={"strategy":"-android uiautomator","selector":"new UiSelector().resourceIdMatches(\".*COMMUNITY.*\")...
08:59:56.635285 POST /session/d5e037c5-07ea-4c54-bed7-8d15d45be864/element [10.159435ms] ERR:404 body={"strategy":"-android uiautomator","selector":"new UiSelector().resourceIdMatches(\".*COMMUNITY.*\")...
08:59:56.645245 POST /session/d5e037c5-07ea-4c54-bed7-8d15d45be864/element [9.872294ms] ERR:404 body={"strategy":"-android uiautomator","selector":"new UiSelector().resourceIdMatches(\".*COMMUNITY.*\")...
08:59:56.655124 POST /session/d5e037c5-07ea-4c54-bed7-8d15d45be864/element [9.800857ms] ERR:404 body={"strategy":"-android uiautomator","selector":"new UiSelector().resourceIdMatches(\".*COMMUNITY.*\")...
08:59:56.665281 POST /session/d5e037c5-07ea-4c54-bed7-8d15d45be864/element [10.087156ms] ERR:404 body={"strategy":"-android uiautomator","selector":"new UiSelector().resourceIdMatches(\".*COMMUNITY.*\")...
08:59:56.675100 POST /session/d5e037c5-07ea-4c54-bed7-8d15d45be864/element [9.726305ms] ERR:404 body={"strategy":"-android uiautomator","selector":"new UiSelector().resourceIdMatches(\".*COMMUNITY.*\")...
08:59:56.684974 POST /session/d5e037c5-07ea-4c54-bed7-8d15d45be864/element [9.792014ms] ERR:404 body={"strategy":"-android uiautomator","selector":"new UiSelector().resourceIdMatches(\".*COMMUNITY.*\")...
08:59:56.694890 POST /session/d5e037c5-07ea-4c54-bed7-8d15d45be864/element [9.839645ms] ERR:404 body={"strategy":"-android uiautomator","selector":"new UiSelector().resourceIdMatches(\".*COMMUNITY.*\")...
08:59:56.705092 POST /session/d5e037c5-07ea-4c54-bed7-8d15d45be864/element [10.107618ms] ERR:404 body={"strategy":"-android uiautomator","selector":"new UiSelector().resourceIdMatches(\".*COMMUNITY.*\")...
08:59:56.714848 POST /session/d5e037c5-07ea-4c54-bed7-8d15d45be864/element [9.672359ms] ERR:404 body={"strategy":"-android uiautomator","selector":"new UiSelector().resourceIdMatches(\".*COMMUNITY.*\")...
08:59:56.727415 POST /session/d5e037c5-07ea-4c54-bed7-8d15d45be864/element [12.474536ms] ERR:404 body={"strategy":"-android uiautomator","selector":"new UiSelector().resourceIdMatches(\".*COMMUNITY.*\")...
08:59:56.737385 POST /session/d5e037c5-07ea-4c54-bed7-8d15d45be864/element [9.8629ms] ERR:404 body={"strategy":"-android uiautomator","selector":"new UiSelector().resourceIdMatches(\".*COMMUNITY.*\")...
08:59:56.748437 POST /session/d5e037c5-07ea-4c54-bed7-8d15d45be864/element [10.963252ms] ERR:404 body={"strategy":"-android uiautomator","selector":"new UiSelector().resourceIdMatches(\".*COMMUNITY.*\")...
08:59:56.758039 POST /session/d5e037c5-07ea-4c54-bed7-8d15d45be864/element [9.522795ms] ERR:404 body={"strategy":"-android uiautomator","selector":"new UiSelector().resourceIdMatches(\".*COMMUNITY.*\")...
08:59:56.768018 POST /session/d5e037c5-07ea-4c54-bed7-8d15d45be864/element [9.877857ms] ERR:404 body={"strategy":"-android uiautomator","selector":"new UiSelector().resourceIdMatches(\".*COMMUNITY.*\")...
08:59:56.778019 POST /session/d5e037c5-07ea-4c54-bed7-8d15d45be864/element [9.916546ms] ERR:404 body={"strategy":"-android uiautomator","selector":"new UiSelector().resourceIdMatches(\".*COMMUNITY.*\")...
08:59:56.787429 POST /session/d5e037c5-07ea-4c54-bed7-8d15d45be864/element [9.311542ms] ERR:404 body={"strategy":"-android uiautomator","selector":"new UiSelector().resourceIdMatches(\".*COMMUNITY.*\")...
08:59:56.798465 POST /session/d5e037c5-07ea-4c54-bed7-8d15d45be864/element [10.941549ms] ERR:404 body={"strategy":"-android uiautomator","selector":"new UiSelector().resourceIdMatches(\".*COMMUNITY.*\")...
08:59:56.815757 POST /session/d5e037c5-07ea-4c54-bed7-8d15d45be864/element [17.201269ms] ERR:404 body={"strategy":"-android uiautomator","selector":"new UiSelector().resourceIdMatches(\".*COMMUNITY.*\")...
08:59:56.828531 POST /session/d5e037c5-07ea-4c54-bed7-8d15d45be864/element [12.67997ms] ERR:404 body={"strategy":"-android uiautomator","selector":"new UiSelector().resourceIdMatches(\".*COMMUNITY.*\")...
08:59:56.841240 POST /session/d5e037c5-07ea-4c54-bed7-8d15d45be864/element [12.632654ms] ERR:404 body={"strategy":"-android uiautomator","selector":"new UiSelector().resourceIdMatches(\".*COMMUNITY.*\")...
08:59:56.851622 POST /session/d5e037c5-07ea-4c54-bed7-8d15d45be864/element [10.293637ms] ERR:404 body={"strategy":"-android uiautomator","selector":"new UiSelector().resourceIdMatches(\".*COMMUNITY.*\")...
08:59:56.871822 POST /session/d5e037c5-07ea-4c54-bed7-8d15d45be864/element [20.092321ms] ERR:404 body={"strategy":"-android uiautomator","selector":"new UiSelector().resourceIdMatches(\".*COMMUNITY.*\")...
08:59:56.882364 POST /session/d5e037c5-07ea-4c54-bed7-8d15d45be864/element [10.463933ms] ERR:404 body={"strategy":"-android uiautomator","selector":"new UiSelector().resourceIdMatches(\".*COMMUNITY.*\")...
08:59:56.893257 POST /session/d5e037c5-07ea-4c54-bed7-8d15d45be864/element [10.816081ms] ERR:404 body={"strategy":"-android uiautomator","selector":"new UiSelector().resourceIdMatches(\".*COMMUNITY.*\")...
08:59:56.902808 POST /session/d5e037c5-07ea-4c54-bed7-8d15d45be864/element [9.456489ms] ERR:404 body={"strategy":"-android uiautomator","selector":"new UiSelector().resourceIdMatches(\".*COMMUNITY.*\")...
08:59:56.912859 POST /session/d5e037c5-07ea-4c54-bed7-8d15d45be864/element [9.865995ms] ERR:404 body={"strategy":"-android uiautomator","selector":"new UiSelector().resourceIdMatches(\".*COMMUNITY.*\")...
08:59:56.924022 POST /session/d5e037c5-07ea-4c54-bed7-8d15d45be864/element [11.053868ms] ERR:404 body={"strategy":"-android uiautomator","selector":"new UiSelector().resourceIdMatches(\".*COMMUNITY.*\")...
08:59:56.933846 POST /session/d5e037c5-07ea-4c54-bed7-8d15d45be864/element [9.727106ms] ERR:404 body={"strategy":"-android uiautomator","selector":"new UiSelector().resourceIdMatches(\".*COMMUNITY.*\")...
08:59:56.943212 POST /session/d5e037c5-07ea-4c54-bed7-8d15d45be864/element [9.283339ms] ERR:404 body={"strategy":"-android uiautomator","selector":"new UiSelector().resourceIdMatches(\".*COMMUNITY.*\")...
08:59:56.953139 POST /session/d5e037c5-07ea-4c54-bed7-8d15d45be864/element [9.85307ms] ERR:404 body={"strategy":"-android uiautomator","selector":"new UiSelector().resourceIdMatches(\".*COMMUNITY.*\")...
08:59:56.963029 POST /session/d5e037c5-07ea-4c54-bed7-8d15d45be864/element [9.783351ms] ERR:404 body={"strategy":"-android uiautomator","selector":"new UiSelector().resourceIdMatches(\".*COMMUNITY.*\")...
08:59:56.973385 POST /session/d5e037c5-07ea-4c54-bed7-8d15d45be864/element [10.237707ms] ERR:404 body={"strategy":"-android uiautomator","selector":"new UiSelector().resourceIdMatches(\".*COMMUNITY.*\")...
08:59:56.983201 POST /session/d5e037c5-07ea-4c54-bed7-8d15d45be864/element [9.721418ms] ERR:404 body={"strategy":"-android uiautomator","selector":"new UiSelector().resourceIdMatches(\".*COMMUNITY.*\")...
08:59:56.993219 POST /session/d5e037c5-07ea-4c54-bed7-8d15d45be864/element [9.935118ms] ERR:404 body={"strategy":"-android uiautomator","selector":"new UiSelector().resourceIdMatches(\".*COMMUNITY.*\")...
08:59:57.004742 POST /session/d5e037c5-07ea-4c54-bed7-8d15d45be864/element [11.436058ms] ERR:404 body={"strategy":"-android uiautomator","selector":"new UiSelector().resourceIdMatches(\".*COMMUNITY.*\")...
08:59:57.014432 POST /session/d5e037c5-07ea-4c54-bed7-8d15d45be864/element [9.587536ms] ERR:404 body={"strategy":"-android uiautomator","selector":"new UiSelector().resourceIdMatches(\".*COMMUNITY.*\")...
08:59:57.024799 POST /session/d5e037c5-07ea-4c54-bed7-8d15d45be864/element [10.266556ms] ERR:404 body={"strategy":"-android uiautomator","selector":"new UiSelector().resourceIdMatches(\".*COMMUNITY.*\")...
08:59:57.035375 POST /session/d5e037c5-07ea-4c54-bed7-8d15d45be864/element [10.477898ms] ERR:404 body={"strategy":"-android uiautomator","selector":"new UiSelector().resourceIdMatches(\".*COMMUNITY.*\")...
08:59:57.045049 POST /session/d5e037c5-07ea-4c54-bed7-8d15d45be864/element [9.579595ms] ERR:404 body={"strategy":"-android uiautomator","selector":"new UiSelector().resourceIdMatches(\".*COMMUNITY.*\")...
08:59:57.055161 POST /session/d5e037c5-07ea-4c54-bed7-8d15d45be864/element [10.009706ms] ERR:404 body={"strategy":"-android uiautomator","selector":"new UiSelector().resourceIdMatches(\".*COMMUNITY.*\")...
08:59:57.064903 POST /session/d5e037c5-07ea-4c54-bed7-8d15d45be864/element [9.636425ms] ERR:404 body={"strategy":"-android uiautomator","selector":"new UiSelector().resourceIdMatches(\".*COMMUNITY.*\")...
08:59:57.074757 POST /session/d5e037c5-07ea-4c54-bed7-8d15d45be864/element [9.733061ms] ERR:404 body={"strategy":"-android uiautomator","selector":"new UiSelector().resourceIdMatches(\".*COMMUNITY.*\")...
08:59:57.084697 POST /session/d5e037c5-07ea-4c54-bed7-8d15d45be864/element [9.828088ms] ERR:404 body={"strategy":"-android uiautomator","selector":"new UiSelector().resourceIdMatches(\".*COMMUNITY.*\")...
08:59:57.095150 POST /session/d5e037c5-07ea-4c54-bed7-8d15d45be864/element [10.342846ms] ERR:404 body={"strategy":"-android uiautomator","selector":"new UiSelector().resourceIdMatches(\".*COMMUNITY.*\")...
08:59:57.105212 POST /session/d5e037c5-07ea-4c54-bed7-8d15d45be864/element [9.965955ms] ERR:404 body={"strategy":"-android uiautomator","selector":"new UiSelector().resourceIdMatches(\".*COMMUNITY.*\")...
08:59:57.115330 POST /session/d5e037c5-07ea-4c54-bed7-8d15d45be864/element [10.016947ms] ERR:404 body={"strategy":"-android uiautomator","selector":"new UiSelector().resourceIdMatches(\".*COMMUNITY.*\")...
08:59:57.125698 POST /session/d5e037c5-07ea-4c54-bed7-8d15d45be864/element [10.253096ms] ERR:404 body={"strategy":"-android uiautomator","selector":"new UiSelector().resourceIdMatches(\".*COMMUNITY.*\")...
08:59:57.135261 POST /session/d5e037c5-07ea-4c54-bed7-8d15d45be864/element [9.475408ms] ERR:404 body={"strategy":"-android uiautomator","selector":"new UiSelector().resourceIdMatches(\".*COMMUNITY.*\")...
08:59:57.146603 POST /session/d5e037c5-07ea-4c54-bed7-8d15d45be864/element [11.27437ms] ERR:404 body={"strategy":"-android uiautomator","selector":"new UiSelector().resourceIdMatches(\".*COMMUNITY.*\")...
08:59:57.157717 POST /session/d5e037c5-07ea-4c54-bed7-8d15d45be864/element [11.012717ms] ERR:404 body={"strategy":"-android uiautomator","selector":"new UiSelector().resourceIdMatches(\".*COMMUNITY.*\")...
08:59:57.167770 POST /session/d5e037c5-07ea-4c54-bed7-8d15d45be864/element [9.957296ms] ERR:404 body={"strategy":"-android uiautomator","selector":"new UiSelector().resourceIdMatches(\".*COMMUNITY.*\")...
08:59:57.177129 POST /session/d5e037c5-07ea-4c54-bed7-8d15d45be864/element [9.279754ms] ERR:404 body={"strategy":"-android uiautomator","selector":"new UiSelector().resourceIdMatches(\".*COMMUNITY.*\")...
08:59:57.186763 POST /session/d5e037c5-07ea-4c54-bed7-8d15d45be864/element [9.55648ms] ERR:404 body={"strategy":"-android uiautomator","selector":"new UiSelector().resourceIdMatches(\".*COMMUNITY.*\")...
08:59:57.196442 POST /session/d5e037c5-07ea-4c54-bed7-8d15d45be864/element [9.594627ms] ERR:404 body={"strategy":"-android uiautomator","selector":"new UiSelector().resourceIdMatches(\".*COMMUNITY.*\")...
08:59:57.206230 POST /session/d5e037c5-07ea-4c54-bed7-8d15d45be864/element [9.7061ms] ERR:404 body={"strategy":"-android uiautomator","selector":"new UiSelector().resourceIdMatches(\".*COMMUNITY.*\")...
08:59:57.216088 POST /session/d5e037c5-07ea-4c54-bed7-8d15d45be864/element [9.739364ms] ERR:404 body={"strategy":"-android uiautomator","selector":"new UiSelector().resourceIdMatches(\".*COMMUNITY.*\")...
08:59:57.225940 POST /session/d5e037c5-07ea-4c54-bed7-8d15d45be864/element [9.738803ms] ERR:404 body={"strategy":"-android uiautomator","selector":"new UiSelector().resourceIdMatches(\".*COMMUNITY.*\")...
08:59:57.235667 POST /session/d5e037c5-07ea-4c54-bed7-8d15d45be864/element [9.578823ms] ERR:404 body={"strategy":"-android uiautomator","selector":"new UiSelector().resourceIdMatches(\".*COMMUNITY.*\")...
08:59:57.245582 POST /session/d5e037c5-07ea-4c54-bed7-8d15d45be864/element [9.817938ms] ERR:404 body={"strategy":"-android uiautomator","selector":"new UiSelector().resourceIdMatches(\".*COMMUNITY.*\")...
08:59:57.255191 POST /session/d5e037c5-07ea-4c54-bed7-8d15d45be864/element [9.51713ms] ERR:404 body={"strategy":"-android uiautomator","selector":"new UiSelector().resourceIdMatches(\".*COMMUNITY.*\")...
08:59:57.266860 POST /session/d5e037c5-07ea-4c54-bed7-8d15d45be864/element [11.58492ms] ERR:404 body={"strategy":"-android uiautomator","selector":"new UiSelector().resourceIdMatches(\".*COMMUNITY.*\")...
08:59:57.277125 POST /session/d5e037c5-07ea-4c54-bed7-8d15d45be864/element [10.166961ms] ERR:404 body={"strategy":"-android uiautomator","selector":"new UiSelector().resourceIdMatches(\".*COMMUNITY.*\")...
08:59:57.286622 POST /session/d5e037c5-07ea-4c54-bed7-8d15d45be864/element [9.400897ms] ERR:404 body={"strategy":"-android uiautomator","selector":"new UiSelector().resourceIdMatches(\".*COMMUNITY.*\")...
08:59:57.296073 POST /session/d5e037c5-07ea-4c54-bed7-8d15d45be864/element [9.323695ms] ERR:404 body={"strategy":"-android uiautomator","selector":"new UiSelector().resourceIdMatches(\".*COMMUNITY.*\")...
08:59:57.306219 POST /session/d5e037c5-07ea-4c54-bed7-8d15d45be864/element [10.050667ms] ERR:404 body={"strategy":"-android uiautomator","selector":"new UiSelector().resourceIdMatches(\".*COMMUNITY.*\")...
08:59:57.315322 POST /session/d5e037c5-07ea-4c54-bed7-8d15d45be864/element [9.020791ms] ERR:404 body={"strategy":"-android uiautomator","selector":"new UiSelector().resourceIdMatches(\".*COMMUNITY.*\")...
08:59:57.325354 POST /session/d5e037c5-07ea-4c54-bed7-8d15d45be864/element [9.928283ms] ERR:404 body={"strategy":"-android uiautomator","selector":"new UiSelector().resourceIdMatches(\".*COMMUNITY.*\")...
08:59:57.334853 POST /session/d5e037c5-07ea-4c54-bed7-8d15d45be864/element [9.389609ms] ERR:404 body={"strategy":"-android uiautomator","selector":"new UiSelector().resourceIdMatches(\".*COMMUNITY.*\")...
08:59:57.344462 POST /session/d5e037c5-07ea-4c54-bed7-8d15d45be864/element [9.52029ms] ERR:404 body={"strategy":"-android uiautomator","selector":"new UiSelector().resourceIdMatches(\".*COMMUNITY.*\")...
08:59:57.354543 POST /session/d5e037c5-07ea-4c54-bed7-8d15d45be864/element [9.990697ms] ERR:404 body={"strategy":"-android uiautomator","selector":"new UiSelector().resourceIdMatches(\".*COMMUNITY.*\")...
08:59:57.364783 POST /session/d5e037c5-07ea-4c54-bed7-8d15d45be864/element [10.161628ms] ERR:404 body={"strategy":"-android uiautomator","selector":"new UiSelector().resourceIdMatches(\".*COMMUNITY.*\")...
08:59:57.374382 POST /session/d5e037c5-07ea-4c54-bed7-8d15d45be864/element [9.51654ms] ERR:404 body={"strategy":"-android uiautomator","selector":"new UiSelector().resourceIdMatches(\".*COMMUNITY.*\")...
08:59:57.388585 POST /session/d5e037c5-07ea-4c54-bed7-8d15d45be864/element [14.133103ms] ERR:404 body={"strategy":"-android uiautomator","selector":"new UiSelector().resourceIdMatches(\".*COMMUNITY.*\")...
08:59:57.411737 POST /session/d5e037c5-07ea-4c54-bed7-8d15d45be864/element [23.011949ms] ERR:404 body={"strategy":"-android uiautomator","selector":"new UiSelector().resourceIdMatches(\".*COMMUNITY.*\")...
08:59:57.422939 POST /session/d5e037c5-07ea-4c54-bed7-8d15d45be864/element [11.103353ms] ERR:404 body={"strategy":"-android uiautomator","selector":"new UiSelector().resourceIdMatches(\".*COMMUNITY.*\")...
08:59:57.439999 POST /session/d5e037c5-07ea-4c54-bed7-8d15d45be864/element [16.96228ms] ERR:404 body={"strategy":"-android uiautomator","selector":"new UiSelector().resourceIdMatches(\".*COMMUNITY.*\")...
08:59:57.479518 POST /session/d5e037c5-07ea-4c54-bed7-8d15d45be864/element [39.392626ms] ERR:404 body={"strategy":"-android uiautomator","selector":"new UiSelector().resourceIdMatches(\".*COMMUNITY.*\")...
08:59:58.066735 POST /session/d5e037c5-07ea-4c54-bed7-8d15d45be864/element [587.073171ms] ERR:404 body={"strategy":"-android uiautomator","selector":"new UiSelector().resourceIdMatches(\".*COMMUNITY.*\")...
08:59:58.076260 POST /session/d5e037c5-07ea-4c54-bed7-8d15d45be864/element [9.40302ms] ERR:404 body={"strategy":"-android uiautomator","selector":"new UiSelector().resourceIdMatches(\".*COMMUNITY.*\")...
08:59:58.086317 POST /session/d5e037c5-07ea-4c54-bed7-8d15d45be864/element [9.966706ms] ERR:404 body={"strategy":"-android uiautomator","selector":"new UiSelector().resourceIdMatches(\".*COMMUNITY.*\")...
08:59:58.095929 POST /session/d5e037c5-07ea-4c54-bed7-8d15d45be864/element [9.505509ms] ERR:404 body={"strategy":"-android uiautomator","selector":"new UiSelector().resourceIdMatches(\".*COMMUNITY.*\")...
08:59:58.105207 POST /session/d5e037c5-07ea-4c54-bed7-8d15d45be864/element [9.19639ms] ERR:404 body={"strategy":"-android uiautomator","selector":"new UiSelector().resourceIdMatches(\".*COMMUNITY.*\")...
08:59:58.115392 POST /session/d5e037c5-07ea-4c54-bed7-8d15d45be864/element [9.974788ms] ERR:404 body={"strategy":"-android uiautomator","selector":"new UiSelector().resourceIdMatches(\".*COMMUNITY.*\")...
08:59:58.129433 POST /session/d5e037c5-07ea-4c54-bed7-8d15d45be864/element [13.949677ms] ERR:404 body={"strategy":"-android uiautomator","selector":"new UiSelector().resourceIdMatches(\".*COMMUNITY.*\")...
08:59:58.139287 POST /session/d5e037c5-07ea-4c54-bed7-8d15d45be864/element [9.787246ms] ERR:404 body={"strategy":"-android uiautomator","selector":"new UiSelector().resourceIdMatches(\".*COMMUNITY.*\")...
08:59:58.148989 POST /session/d5e037c5-07ea-4c54-bed7-8d15d45be864/element [9.607617ms] ERR:404 body={"strategy":"-android uiautomator","selector":"new UiSelector().resourceIdMatches(\".*COMMUNITY.*\")...
08:59:58.158738 POST /session/d5e037c5-07ea-4c54-bed7-8d15d45be864/element [9.654827ms] ERR:404 body={"strategy":"-android uiautomator","selector":"new UiSelector().resourceIdMatches(\".*COMMUNITY.*\")...
08:59:58.173116 POST /session/d5e037c5-07ea-4c54-bed7-8d15d45be864/element [14.27492ms] ERR:404 body={"strategy":"-android uiautomator","selector":"new UiSelector().resourceIdMatches(\".*COMMUNITY.*\")...
08:59:58.181993 POST /session/d5e037c5-07ea-4c54-bed7-8d15d45be864/element [8.778236ms] ERR:404 body={"strategy":"-android uiautomator","selector":"new UiSelector().resourceIdMatches(\".*COMMUNITY.*\")...
08:59:58.194040 POST /session/d5e037c5-07ea-4c54-bed7-8d15d45be864/element [11.921626ms] ERR:404 body={"strategy":"-android uiautomator","selector":"new UiSelector().resourceIdMatches(\".*COMMUNITY.*\")...
08:59:58.203135 POST /session/d5e037c5-07ea-4c54-bed7-8d15d45be864/element [9.008878ms] ERR:404 body={"strategy":"-android uiautomator","selector":"new UiSelector().resourceIdMatches(\".*COMMUNITY.*\")...
08:59:58.212050 POST /session/d5e037c5-07ea-4c54-bed7-8d15d45be864/element [8.827385ms] ERR:404 body={"strategy":"-android uiautomator","selector":"new UiSelector().resourceIdMatches(\".*COMMUNITY.*\")...
08:59:58.222146 POST /session/d5e037c5-07ea-4c54-bed7-8d15d45be864/element [9.981278ms] ERR:404 body={"strategy":"-android uiautomator","selector":"new UiSelector().resourceIdMatches(\".*COMMUNITY.*\")...
08:59:58.231640 POST /session/d5e037c5-07ea-4c54-bed7-8d15d45be864/element [9.414046ms] ERR:404 body={"strategy":"-android uiautomator","selector":"new UiSelector().resourceIdMatches(\".*COMMUNITY.*\")...
08:59:58.241821 POST /session/d5e037c5-07ea-4c54-bed7-8d15d45be864/element [10.058393ms] ERR:404 body={"strategy":"-android uiautomator","selector":"new UiSelector().resourceIdMatches(\".*COMMUNITY.*\")...
08:59:58.251179 POST /session/d5e037c5-07ea-4c54-bed7-8d15d45be864/element [9.275037ms] ERR:404 body={"strategy":"-android uiautomator","selector":"new UiSelector().resourceIdMatches(\".*COMMUNITY.*\")...
08:59:58.260398 POST /session/d5e037c5-07ea-4c54-bed7-8d15d45be864/element [9.13677ms] ERR:404 body={"strategy":"-android uiautomator","selector":"new UiSelector().resourceIdMatches(\".*COMMUNITY.*\")...
08:59:58.269164 POST /session/d5e037c5-07ea-4c54-bed7-8d15d45be864/element [8.680234ms] ERR:404 body={"strategy":"-android uiautomator","selector":"new UiSelector().resourceIdMatches(\".*COMMUNITY.*\")...
08:59:58.278150 POST /session/d5e037c5-07ea-4c54-bed7-8d15d45be864/element [8.895773ms] ERR:404 body={"strategy":"-android uiautomator","selector":"new UiSelector().resourceIdMatches(\".*COMMUNITY.*\")...
08:59:58.287252 POST /session/d5e037c5-07ea-4c54-bed7-8d15d45be864/element [9.033595ms] ERR:404 body={"strategy":"-android uiautomator","selector":"new UiSelector().resourceIdMatches(\".*COMMUNITY.*\")...
08:59:58.296731 POST /session/d5e037c5-07ea-4c54-bed7-8d15d45be864/element [9.393044ms] ERR:404 body={"strategy":"-android uiautomator","selector":"new UiSelector().resourceIdMatches(\".*COMMUNITY.*\")...
08:59:58.305816 POST /session/d5e037c5-07ea-4c54-bed7-8d15d45be864/element [8.990034ms] ERR:404 body={"strategy":"-android uiautomator","selector":"new UiSelector().resourceIdMatches(\".*COMMUNITY.*\")...
08:59:58.315244 POST /session/d5e037c5-07ea-4c54-bed7-8d15d45be864/element [9.336665ms] ERR:404 body={"strategy":"-android uiautomator","selector":"new UiSelector().resourceIdMatches(\".*COMMUNITY.*\")...
08:59:58.325156 POST /session/d5e037c5-07ea-4c54-bed7-8d15d45be864/element [9.825584ms] ERR:404 body={"strategy":"-android uiautomator","selector":"new UiSelector().resourceIdMatches(\".*COMMUNITY.*\")...
08:59:58.334286 POST /session/d5e037c5-07ea-4c54-bed7-8d15d45be864/element [9.042798ms] ERR:404 body={"strategy":"-android uiautomator","selector":"new UiSelector().resourceIdMatches(\".*COMMUNITY.*\")...
08:59:58.345730 POST /session/d5e037c5-07ea-4c54-bed7-8d15d45be864/element [11.359907ms] ERR:404 body={"strategy":"-android uiautomator","selector":"new UiSelector().resourceIdMatches(\".*COMMUNITY.*\")...
08:59:58.357082 POST /session/d5e037c5-07ea-4c54-bed7-8d15d45be864/element [11.276983ms] ERR:404 body={"strategy":"-android uiautomator","selector":"new UiSelector().resourceIdMatches(\".*COMMUNITY.*\")...
08:59:58.369773 POST /session/d5e037c5-07ea-4c54-bed7-8d15d45be864/element [12.573821ms] ERR:404 body={"strategy":"-android uiautomator","selector":"new UiSelector().resourceIdMatches(\".*COMMUNITY.*\")...
08:59:58.378846 POST /session/d5e037c5-07ea-4c54-bed7-8d15d45be864/element [8.977341ms] ERR:404 body={"strategy":"-android uiautomator","selector":"new UiSelector().resourceIdMatches(\".*COMMUNITY.*\")...
08:59:58.388187 POST /session/d5e037c5-07ea-4c54-bed7-8d15d45be864/element [9.258538ms] ERR:404 body={"strategy":"-android uiautomator","selector":"new UiSelector().resourceIdMatches(\".*COMMUNITY.*\")...
08:59:58.397305 POST /session/d5e037c5-07ea-4c54-bed7-8d15d45be864/element [9.045076ms] ERR:404 body={"strategy":"-android uiautomator","selector":"new UiSelector().resourceIdMatches(\".*COMMUNITY.*\")...
08:59:58.406221 POST /session/d5e037c5-07ea-4c54-bed7-8d15d45be864/element [8.822988ms] ERR:404 body={"strategy":"-android uiautomator","selector":"new UiSelector().resourceIdMatches(\".*COMMUNITY.*\")...
08:59:58.414735 POST /session/d5e037c5-07ea-4c54-bed7-8d15d45be864/element [8.41143ms] ERR:404 body={"strategy":"-android uiautomator","selector":"new UiSelector().resourceIdMatches(\".*COMMUNITY.*\")...
08:59:58.422501 POST /session/d5e037c5-07ea-4c54-bed7-8d15d45be864/element [7.668555ms] ERR:404 body={"strategy":"-android uiautomator","selector":"new UiSelector().resourceIdMatches(\".*COMMUNITY.*\")...
08:59:58.432381 POST /session/d5e037c5-07ea-4c54-bed7-8d15d45be864/element [9.795599ms] ERR:404 body={"strategy":"-android uiautomator","selector":"new UiSelector().resourceIdMatches(\".*COMMUNITY.*\")...
08:59:58.440337 POST /session/d5e037c5-07ea-4c54-bed7-8d15d45be864/element [7.847424ms] ERR:404 body={"strategy":"-android uiautomator","selector":"new UiSelector().resourceIdMatches(\".*COMMUNITY.*\")...
08:59:58.448410 POST /session/d5e037c5-07ea-4c54-bed7-8d15d45be864/element [7.954104ms] ERR:404 body={"strategy":"-android uiautomator","selector":"new UiSelector().resourceIdMatches(\".*COMMUNITY.*\")...
08:59:58.460509 POST /session/d5e037c5-07ea-4c54-bed7-8d15d45be864/element [12.009203ms] ERR:404 body={"strategy":"-android uiautomator","selector":"new UiSelector().resourceIdMatches(\".*COMMUNITY.*\")...
08:59:58.473227 POST /session/d5e037c5-07ea-4c54-bed7-8d15d45be864/element [12.625508ms] ERR:404 body={"strategy":"-android uiautomator","selector":"new UiSelector().resourceIdMatches(\".*COMMUNITY.*\")...
08:59:58.489619 POST /session/d5e037c5-07ea-4c54-bed7-8d15d45be864/element [16.291904ms] ERR:404 body={"strategy":"-android uiautomator","selector":"new UiSelector().resourceIdMatches(\".*COMMUNITY.*\")...
08:59:58.499025 POST /session/d5e037c5-07ea-4c54-bed7-8d15d45be864/element [9.280095ms] ERR:404 body={"strategy":"-android uiautomator","selector":"new UiSelector().resourceIdMatches(\".*COMMUNITY.*\")...
08:59:58.507079 POST /session/d5e037c5-07ea-4c54-bed7-8d15d45be864/element [7.926152ms] ERR:404 body={"strategy":"-android uiautomator","selector":"new UiSelector().resourceIdMatches(\".*COMMUNITY.*\")...
08:59:58.518471 POST /session/d5e037c5-07ea-4c54-bed7-8d15d45be864/element [11.278966ms] ERR:404 body={"strategy":"-android uiautomator","selector":"new UiSelector().resourceIdMatches(\".*COMMUNITY.*\")...
08:59:58.530184 POST /session/d5e037c5-07ea-4c54-bed7-8d15d45be864/element [11.613899ms] ERR:404 body={"strategy":"-android uiautomator","selector":"new UiSelector().resourceIdMatches(\".*COMMUNITY.*\")...
08:59:58.538963 POST /session/d5e037c5-07ea-4c54-bed7-8d15d45be864/element [8.682277ms] ERR:404 body={"strategy":"-android uiautomator","selector":"new UiSelector().resourceIdMatches(\".*COMMUNITY.*\")...
08:59:58.550016 POST /session/d5e037c5-07ea-4c54-bed7-8d15d45be864/element [10.967599ms] ERR:404 body={"strategy":"-android uiautomator","selector":"new UiSelector().resourceIdMatches(\".*COMMUNITY.*\")...
08:59:58.558198 POST /session/d5e037c5-07ea-4c54-bed7-8d15d45be864/element [7.978701ms] ERR:404 body={"strategy":"-android uiautomator","selector":"new UiSelector().resourceIdMatches(\".*COMMUNITY.*\")...
08:59:58.566517 POST /session/d5e037c5-07ea-4c54-bed7-8d15d45be864/element [8.207825ms] ERR:404 body={"strategy":"-android uiautomator","selector":"new UiSelector().resourceIdMatches(\".*COMMUNITY.*\")...
08:59:58.575167 POST /session/d5e037c5-07ea-4c54-bed7-8d15d45be864/element [8.554686ms] ERR:404 body={"strategy":"-android uiautomator","selector":"new UiSelector().resourceIdMatches(\".*COMMUNITY.*\")...
08:59:58.583444 POST /session/d5e037c5-07ea-4c54-bed7-8d15d45be864/element [8.185131ms] ERR:404 body={"strategy":"-android uiautomator","selector":"new UiSelector().resourceIdMatches(\".*COMMUNITY.*\")...
08:59:58.591430 POST /session/d5e037c5-07ea-4c54-bed7-8d15d45be864/element [7.893915ms] ERR:404 body={"strategy":"-android uiautomator","selector":"new UiSelector().resourceIdMatches(\".*COMMUNITY.*\")...
08:59:58.599820 POST /session/d5e037c5-07ea-4c54-bed7-8d15d45be864/element [8.273384ms] ERR:404 body={"strategy":"-android uiautomator","selector":"new UiSelector().resourceIdMatches(\".*COMMUNITY.*\")...
08:59:58.615374 POST /session/d5e037c5-07ea-4c54-bed7-8d15d45be864/element [15.45544ms] ERR:404 body={"strategy":"-android uiautomator","selector":"new UiSelector().resourceIdMatches(\".*COMMUNITY.*\")...
08:59:58.624522 POST /session/d5e037c5-07ea-4c54-bed7-8d15d45be864/element [9.018964ms] ERR:404 body={"strategy":"-android uiautomator","selector":"new UiSelector().resourceIdMatches(\".*COMMUNITY.*\")...
08:59:58.633932 POST /session/d5e037c5-07ea-4c54-bed7-8d15d45be864/element [9.24972ms] ERR:404 body={"strategy":"-android uiautomator","selector":"new UiSelector().resourceIdMatches(\".*COMMUNITY.*\")...
08:59:58.642316 POST /session/d5e037c5-07ea-4c54-bed7-8d15d45be864/element [7.915978ms] ERR:404 body={"strategy":"-android uiautomator","selector":"new UiSelector().resourceIdMatches(\".*COMMUNITY.*\")...
08:59:58.651412 POST /session/d5e037c5-07ea-4c54-bed7-8d15d45be864/element [8.988809ms] ERR:404 body={"strategy":"-android uiautomator","selector":"new UiSelector().resourceIdMatches(\".*COMMUNITY.*\")...
08:59:58.659712 POST /session/d5e037c5-07ea-4c54-bed7-8d15d45be864/element [8.198242ms] ERR:404 body={"strategy":"-android uiautomator","selector":"new UiSelector().resourceIdMatches(\".*COMMUNITY.*\")...
08:59:58.668716 POST /session/d5e037c5-07ea-4c54-bed7-8d15d45be864/element [8.904552ms] ERR:404 body={"strategy":"-android uiautomator","selector":"new UiSelector().resourceIdMatches(\".*COMMUNITY.*\")...
08:59:58.677173 POST /session/d5e037c5-07ea-4c54-bed7-8d15d45be864/element [8.344446ms] ERR:404 body={"strategy":"-android uiautomator","selector":"new UiSelector().resourceIdMatches(\".*COMMUNITY.*\")...
08:59:58.687454 POST /session/d5e037c5-07ea-4c54-bed7-8d15d45be864/element [10.165396ms] ERR:404 body={"strategy":"-android uiautomator","selector":"new UiSelector().resourceIdMatches(\".*COMMUNITY.*\")...
08:59:58.705129 POST /session/d5e037c5-07ea-4c54-bed7-8d15d45be864/element [17.564948ms] ERR:404 body={"strategy":"-android uiautomator","selector":"new UiSelector().resourceIdMatches(\".*COMMUNITY.*\")...
08:59:58.841577 POST /session/d5e037c5-07ea-4c54-bed7-8d15d45be864/element [136.310764ms] ERR:404 body={"strategy":"-android uiautomator","selector":"new UiSelector().resourceIdMatches(\".*COMMUNITY.*\")...
08:59:58.854392 POST /session/d5e037c5-07ea-4c54-bed7-8d15d45be864/element [12.679702ms] ERR:404 body={"strategy":"-android uiautomator","selector":"new UiSelector().resourceIdMatches(\".*COMMUNITY.*\")...
08:59:58.862385 POST /session/d5e037c5-07ea-4c54-bed7-8d15d45be864/element [7.900464ms] ERR:404 body={"strategy":"-android uiautomator","selector":"new UiSelector().resourceIdMatches(\".*COMMUNITY.*\")...
08:59:58.872091 POST /session/d5e037c5-07ea-4c54-bed7-8d15d45be864/element [9.610382ms] ERR:404 body={"strategy":"-android uiautomator","selector":"new UiSelector().resourceIdMatches(\".*COMMUNITY.*\")...
08:59:59.658561 POST /session/d5e037c5-07ea-4c54-bed7-8d15d45be864/element [786.306332ms] ERR:404 body={"strategy":"-android uiautomator","selector":"new UiSelector().resourceIdMatches(\".*COMMUNITY.*\")...
09:00:01.432026 POST /session/d5e037c5-07ea-4c54-bed7-8d15d45be864/element [1.773310982s] OK body={"strategy":"-android uiautomator","selector":"new UiSelector().resourceIdMatches(\".*COMMUNITY.*\")...
09:00:01.696156 GET /session/d5e037c5-07ea-4c54-bed7-8d15d45be864/element/00000000-0000-000c-ffff-ffff00000095/text [264.048734ms] OK body=
09:00:01.705877 GET /session/d5e037c5-07ea-4c54-bed7-8d15d45be864/element/00000000-0000-000c-ffff-ffff00000095/rect [9.658715ms] OK body=
09:00:01.728558 POST /session/d5e037c5-07ea-4c54-bed7-8d15d45be864/element [21.952477ms] OK body={"strategy":"-android uiautomator","selector":"new UiSelector().textContains(\"Community\")"}
09:00:01.755218 POST /session/d5e037c5-07ea-4c54-bed7-8d15d45be864/element [25.654296ms] ERR:404 body={"strategy":"-android uiautomator","selector":"new UiSelector().resourceIdMatches(\".*COMMUNITY.*\")...
09:00:01.776350 POST /session/d5e037c5-07ea-4c54-bed7-8d15d45be864/element [21.040067ms] OK body={"strategy":"-android uiautomator","selector":"new UiSelector().resourceIdMatches(\".*COMMUNITY.*\")...
09:00:01.786116 GET /session/d5e037c5-07ea-4c54-bed7-8d15d45be864/element/00000000-0000-000c-ffff-ffff00000095/text [9.71503ms] OK body=
09:00:01.796071 GET /session/d5e037c5-07ea-4c54-bed7-8d15d45be864/element/00000000-0000-000c-ffff-ffff00000095/rect [9.915611ms] OK body=
09:00:01.825209 POST /session/d5e037c5-07ea-4c54-bed7-8d15d45be864/element/00000000-0000-000c-ffff-ffff00000095/click [29.074222ms] OK body=
09:00:01.854474 POST /session/d5e037c5-07ea-4c54-bed7-8d15d45be864/element [28.352944ms] OK body={"strategy":"-android uiautomator","selector":"new UiSelector().resourceIdMatches(\".*recipe.*\")"}
09:00:01.928933 GET /session/d5e037c5-07ea-4c54-bed7-8d15d45be864/element/00000000-0000-000c-ffff-ffff000000ec/text [74.375503ms] OK body=
09:00:01.948995 GET /session/d5e037c5-07ea-4c54-bed7-8d15d45be864/element/00000000-0000-000c-ffff-ffff000000ec/rect [20.019014ms] OK body=
09:00:02.011255 POST /session/d5e037c5-07ea-4c54-bed7-8d15d45be864/element [61.070927ms] OK body={"strategy":"-android uiautomator","selector":"new UiSelector().resourceIdMatches(\".*community-filt...
09:00:02.036547 GET /session/d5e037c5-07ea-4c54-bed7-8d15d45be864/element/00000000-0000-000c-ffff-ffff000000d3/text [25.217095ms] OK body=
09:00:02.067167 GET /session/d5e037c5-07ea-4c54-bed7-8d15d45be864/element/00000000-0000-000c-ffff-ffff000000d3/rect [30.558641ms] OK body=
09:00:02.124356 POST /session/d5e037c5-07ea-4c54-bed7-8d15d45be864/element/00000000-0000-000c-ffff-ffff000000d3/click [57.112548ms] OK body=
09:00:02.156737 POST /session/d5e037c5-07ea-4c54-bed7-8d15d45be864/element [31.358833ms] OK body={"strategy":"-android uiautomator","selector":"new UiSelector().resourceIdMatches(\".*recipe.*\")"}
09:00:02.180681 GET /session/d5e037c5-07ea-4c54-bed7-8d15d45be864/element/00000000-0000-000c-ffff-ffff000000ec/text [23.850597ms] OK body=
09:00:02.192518 GET /session/d5e037c5-07ea-4c54-bed7-8d15d45be864/element/00000000-0000-000c-ffff-ffff000000ec/rect [11.756616ms] OK body=
09:00:02.206800 POST /session/d5e037c5-07ea-4c54-bed7-8d15d45be864/element [12.972752ms] OK body={"strategy":"-android uiautomator","selector":"new UiSelector().resourceIdMatches(\".*community-filt...
09:00:02.216060 GET /session/d5e037c5-07ea-4c54-bed7-8d15d45be864/element/00000000-0000-000c-ffff-ffff000000d9/text [9.214769ms] OK body=
09:00:02.227540 GET /session/d5e037c5-07ea-4c54-bed7-8d15d45be864/element/00000000-0000-000c-ffff-ffff000000d9/rect [11.412263ms] OK body=
09:00:02.262549 POST /session/d5e037c5-07ea-4c54-bed7-8d15d45be864/element/00000000-0000-000c-ffff-ffff000000d9/click [34.939485ms] OK body=
09:00:02.299839 POST /session/d5e037c5-07ea-4c54-bed7-8d15d45be864/element [35.767749ms] OK body={"strategy":"-android uiautomator","selector":"new UiSelector().resourceIdMatches(\".*recipe.*\")"}
09:00:02.321404 GET /session/d5e037c5-07ea-4c54-bed7-8d15d45be864/element/00000000-0000-000c-ffff-ffff000000ec/text [21.479486ms] OK body=
09:00:02.343696 GET /session/d5e037c5-07ea-4c54-bed7-8d15d45be864/element/00000000-0000-000c-ffff-ffff000000ec/rect [22.178412ms] OK body=
09:00:02.363466 POST /session/d5e037c5-07ea-4c54-bed7-8d15d45be864/element [18.463392ms] OK body={"strategy":"-android uiautomator","selector":"new UiSelector().resourceIdMatches(\".*community-filt...
09:00:02.376437 GET /session/d5e037c5-07ea-4c54-bed7-8d15d45be864/element/00000000-0000-000c-ffff-ffff000000df/text [12.887794ms] OK body=
09:00:02.392901 GET /session/d5e037c5-07ea-4c54-bed7-8d15d45be864/element/00000000-0000-000c-ffff-ffff000000df/rect [16.416954ms] OK body=
09:00:03.126164 POST /session/d5e037c5-07ea-4c54-bed7-8d15d45be864/element/00000000-0000-000c-ffff-ffff000000df/click [733.191633ms] OK body=
09:00:03.158769 POST /session/d5e037c5-07ea-4c54-bed7-8d15d45be864/element [31.493835ms] OK body={"strategy":"-android uiautomator","selector":"new UiSelector().resourceIdMatches(\".*recipe.*\")"}
09:00:03.183359 GET /session/d5e037c5-07ea-4c54-bed7-8d15d45be864/element/00000000-0000-000c-ffff-ffff000000ec/text [24.509096ms] OK body=
09:00:04.431491 GET /session/d5e037c5-07ea-4c54-bed7-8d15d45be864/element/00000000-0000-000c-ffff-ffff000000ec/rect [1.247978737s] ERR:404 body=
09:00:05.439504 POST /session/d5e037c5-07ea-4c54-bed7-8d15d45be864/element [1.006001834s] OK body={"strategy":"-android uiautomator","selector":"new UiSelector().resourceIdMatches(\".*community-filt...
09:00:05.451025 GET /session/d5e037c5-07ea-4c54-bed7-8d15d45be864/element/00000000-0000-000c-ffff-ffff000000e5/text [11.425178ms] OK body=
09:00:05.464205 GET /session/d5e037c5-07ea-4c54-bed7-8d15d45be864/element/00000000-0000-000c-ffff-ffff000000e5/rect [13.129808ms] OK body=
09:00:05.499587 POST /session/d5e037c5-07ea-4c54-bed7-8d15d45be864/element/00000000-0000-000c-ffff-ffff000000e5/click [35.327042ms] OK body=
09:00:05.547308 POST /session/d5e037c5-07ea-4c54-bed7-8d15d45be864/element [46.5525ms] OK body={"strategy":"-android uiautomator","selector":"new UiSelector().resourceIdMatches(\".*recipe.*\")"}
09:00:05.559280 GET /session/d5e037c5-07ea-4c54-bed7-8d15d45be864/element/00000000-0000-000c-ffff-ffff00000122/text [11.897758ms] OK body=
09:00:05.569102 GET /session/d5e037c5-07ea-4c54-bed7-8d15d45be864/element/00000000-0000-000c-ffff-ffff00000122/rect [9.772526ms] OK body=
09:00:05.584147 POST /session/d5e037c5-07ea-4c54-bed7-8d15d45be864/element [13.864691ms] OK body={"strategy":"-android uiautomator","selector":"new UiSelector().resourceIdMatches(\".*community-filt...
09:00:05.631296 GET /session/d5e037c5-07ea-4c54-bed7-8d15d45be864/element/00000000-0000-000c-ffff-ffff000000cc/text [47.061389ms] OK body=
09:00:06.724940 GET /session/d5e037c5-07ea-4c54-bed7-8d15d45be864/element/00000000-0000-000c-ffff-ffff000000cc/rect [1.093575514s] OK body=
09:00:07.149241 POST /session/d5e037c5-07ea-4c54-bed7-8d15d45be864/element/00000000-0000-000c-ffff-ffff000000cc/click [424.188804ms] OK body=
09:00:07.181923 POST /session/d5e037c5-07ea-4c54-bed7-8d15d45be864/element [31.21455ms] OK body={"strategy":"-android uiautomator","selector":"new UiSelector().resourceIdMatches(\".*recipe.*\")"}
09:00:07.202810 GET /session/d5e037c5-07ea-4c54-bed7-8d15d45be864/element/00000000-0000-000c-ffff-ffff0000013f/text [20.809458ms] OK body=
09:00:07.215604 GET /session/d5e037c5-07ea-4c54-bed7-8d15d45be864/element/00000000-0000-000c-ffff-ffff0000013f/rect [12.710961ms] OK body=
09:00:12.544962 POST /session/d5e037c5-07ea-4c54-bed7-8d15d45be864/appium/device/launch_app [3.721398ms] ERR:404 body={"appId":"com.tastopia.app"}
09:00:15.399879 POST /session/d5e037c5-07ea-4c54-bed7-8d15d45be864/element [1.055378666s] OK body={"strategy":"-android uiautomator","selector":"new UiSelector().resourceIdMatches(\".*MENU.*\")"}
09:00:15.850439 GET /session/d5e037c5-07ea-4c54-bed7-8d15d45be864/element/00000000-0000-000e-ffff-ffff0000003d/text [450.4717ms] OK body=
09:00:15.870726 GET /session/d5e037c5-07ea-4c54-bed7-8d15d45be864/element/00000000-0000-000e-ffff-ffff0000003d/rect [20.203549ms] OK body=
09:00:15.897734 POST /session/d5e037c5-07ea-4c54-bed7-8d15d45be864/element [26.56374ms] ERR:404 body={"strategy":"-android uiautomator","selector":"new UiSelector().resourceIdMatches(\".*MENU.*\").clic...
09:00:15.958219 POST /session/d5e037c5-07ea-4c54-bed7-8d15d45be864/element [60.369014ms] OK body={"strategy":"-android uiautomator","selector":"new UiSelector().resourceIdMatches(\".*MENU.*\")"}
09:00:17.582959 GET /session/d5e037c5-07ea-4c54-bed7-8d15d45be864/element/00000000-0000-000e-ffff-ffff0000003d/text [1.624650253s] OK body=
09:00:18.076755 GET /session/d5e037c5-07ea-4c54-bed7-8d15d45be864/element/00000000-0000-000e-ffff-ffff0000003d/rect [493.713845ms] OK body=
09:00:18.107625 POST /session/d5e037c5-07ea-4c54-bed7-8d15d45be864/element/00000000-0000-000e-ffff-ffff0000003d/click [30.794053ms] OK body=
09:00:18.110091 POST /session/d5e037c5-07ea-4c54-bed7-8d15d45be864/appium/device/hide_keyboard [2.366314ms] ERR:404 body=
09:00:18.230494 POST /session/d5e037c5-07ea-4c54-bed7-8d15d45be864/element [120.066015ms] ERR:404 body={"strategy":"-android uiautomator","selector":"new UiSelector().textContains(\"History\")"}
09:00:18.298852 POST /session/d5e037c5-07ea-4c54-bed7-8d15d45be864/element [68.212452ms] ERR:404 body={"strategy":"-android uiautomator","selector":"new UiSelector().descriptionContains(\"History\")"}
09:00:18.480796 POST /session/d5e037c5-07ea-4c54-bed7-8d15d45be864/element [181.810544ms] ERR:404 body={"strategy":"-android uiautomator","selector":"new UiSelector().textMatches(\"(?is).*\\QHistory\\E.*...
09:00:19.691291 POST /session/d5e037c5-07ea-4c54-bed7-8d15d45be864/element [1.210342856s] ERR:404 body={"strategy":"-android uiautomator","selector":"new UiSelector().descriptionMatches(\"(?is).*\\QHisto...
09:00:19.704682 POST /session/d5e037c5-07ea-4c54-bed7-8d15d45be864/element [13.305916ms] OK body={"strategy":"-android uiautomator","selector":"new UiSelector().textContains(\"History\")"}
09:00:19.729592 POST /session/d5e037c5-07ea-4c54-bed7-8d15d45be864/element [24.582745ms] OK body={"strategy":"-android uiautomator","selector":"new UiSelector().resourceIdMatches(\".*menu-logout-bu...
09:00:19.739697 GET /session/d5e037c5-07ea-4c54-bed7-8d15d45be864/element/00000000-0000-000e-ffff-ffff000000e8/text [10.056696ms] OK body=
09:00:19.749424 GET /session/d5e037c5-07ea-4c54-bed7-8d15d45be864/element/00000000-0000-000e-ffff-ffff000000e8/rect [9.68592ms] OK body=
09:00:19.780123 POST /session/d5e037c5-07ea-4c54-bed7-8d15d45be864/element/00000000-0000-000e-ffff-ffff000000e8/click [30.652075ms] OK body=
09:00:19.811089 POST /session/d5e037c5-07ea-4c54-bed7-8d15d45be864/element [30.655545ms] ERR:404 body={"strategy":"-android uiautomator","selector":"new UiSelector().textContains(\"Welcome to\")"}
09:00:19.841120 POST /session/d5e037c5-07ea-4c54-bed7-8d15d45be864/element [29.937922ms] ERR:404 body={"strategy":"-android uiautomator","selector":"new UiSelector().descriptionContains(\"Welcome to\")"...
09:00:19.867586 POST /session/d5e037c5-07ea-4c54-bed7-8d15d45be864/element [26.302398ms] ERR:404 body={"strategy":"-android uiautomator","selector":"new UiSelector().textMatches(\"(?is).*\\QWelcome to\\...
09:00:19.896590 POST /session/d5e037c5-07ea-4c54-bed7-8d15d45be864/element [28.889954ms] ERR:404 body={"strategy":"-android uiautomator","selector":"new UiSelector().descriptionMatches(\"(?is).*\\QWelco...
09:00:19.924815 POST /session/d5e037c5-07ea-4c54-bed7-8d15d45be864/element [28.110778ms] ERR:404 body={"strategy":"-android uiautomator","selector":"new UiSelector().textContains(\"Welcome to\")"}
09:00:19.954547 POST /session/d5e037c5-07ea-4c54-bed7-8d15d45be864/element [29.601257ms] ERR:404 body={"strategy":"-android uiautomator","selector":"new UiSelector().descriptionContains(\"Welcome to\")"...
09:00:19.982931 POST /session/d5e037c5-07ea-4c54-bed7-8d15d45be864/element [28.296021ms] ERR:404 body={"strategy":"-android uiautomator","selector":"new UiSelector().textMatches(\"(?is).*\\QWelcome to\\...
09:00:20.011812 POST /session/d5e037c5-07ea-4c54-bed7-8d15d45be864/element [28.753644ms] ERR:404 body={"strategy":"-android uiautomator","selector":"new UiSelector().descriptionMatches(\"(?is).*\\QWelco...
09:00:20.040222 POST /session/d5e037c5-07ea-4c54-bed7-8d15d45be864/element [28.303918ms] ERR:404 body={"strategy":"-android uiautomator","selector":"new UiSelector().textContains(\"Welcome to\")"}
09:00:20.085772 POST /session/d5e037c5-07ea-4c54-bed7-8d15d45be864/element [45.451173ms] ERR:404 body={"strategy":"-android uiautomator","selector":"new UiSelector().descriptionContains(\"Welcome to\")"...
09:00:21.230843 POST /session/d5e037c5-07ea-4c54-bed7-8d15d45be864/element [1.144943362s] OK body={"strategy":"-android uiautomator","selector":"new UiSelector().textMatches(\"(?is).*\\QWelcome to\\...
09:00:21.945933 POST /session/d5e037c5-07ea-4c54-bed7-8d15d45be864/element [714.02834ms] OK body={"strategy":"-android uiautomator","selector":"new UiSelector().textContains(\"Tastopia\")"}
09:00:21.950190 POST /session/d5e037c5-07ea-4c54-bed7-8d15d45be864/appium/settings [2.474511ms] OK body={"settings":{"waitForIdleTimeout":200}}
09:00:27.275086 POST /session/d5e037c5-07ea-4c54-bed7-8d15d45be864/appium/device/launch_app [3.508287ms] ERR:404 body={"appId":"com.tastopia.app"}
09:00:30.062886 POST /session/d5e037c5-07ea-4c54-bed7-8d15d45be864/element [992.594966ms] OK body={"strategy":"-android uiautomator","selector":"new UiSelector().resourceIdMatches(\".*welcome-sign-i...
09:00:30.179301 GET /session/d5e037c5-07ea-4c54-bed7-8d15d45be864/element/00000000-0000-0010-ffff-ffff00000021/text [116.323855ms] OK body=
09:00:30.203829 GET /session/d5e037c5-07ea-4c54-bed7-8d15d45be864/element/00000000-0000-0010-ffff-ffff00000021/rect [24.440329ms] OK body=
09:00:30.254946 POST /session/d5e037c5-07ea-4c54-bed7-8d15d45be864/element/00000000-0000-0010-ffff-ffff00000021/click [51.018664ms] OK body=
09:00:30.272311 POST /session/d5e037c5-07ea-4c54-bed7-8d15d45be864/element [17.029877ms] ERR:404 body={"strategy":"-android uiautomator","selector":"new UiSelector().resourceIdMatches(\".*login-identifi...
09:00:30.281620 POST /session/d5e037c5-07ea-4c54-bed7-8d15d45be864/element [9.197581ms] ERR:404 body={"strategy":"-android uiautomator","selector":"new UiSelector().resourceIdMatches(\".*login-identifi...
09:00:30.288585 POST /session/d5e037c5-07ea-4c54-bed7-8d15d45be864/element [6.850917ms] ERR:404 body={"strategy":"-android uiautomator","selector":"new UiSelector().resourceIdMatches(\".*login-identifi...
09:00:30.295234 POST /session/d5e037c5-07ea-4c54-bed7-8d15d45be864/element [6.491948ms] ERR:404 body={"strategy":"-android uiautomator","selector":"new UiSelector().resourceIdMatches(\".*login-identifi...
09:00:30.301335 POST /session/d5e037c5-07ea-4c54-bed7-8d15d45be864/element [5.955834ms] ERR:404 body={"strategy":"-android uiautomator","selector":"new UiSelector().resourceIdMatches(\".*login-identifi...
09:00:30.307967 POST /session/d5e037c5-07ea-4c54-bed7-8d15d45be864/element [6.528303ms] ERR:404 body={"strategy":"-android uiautomator","selector":"new UiSelector().resourceIdMatches(\".*login-identifi...
09:00:30.314099 POST /session/d5e037c5-07ea-4c54-bed7-8d15d45be864/element [6.03345ms] ERR:404 body={"strategy":"-android uiautomator","selector":"new UiSelector().resourceIdMatches(\".*login-identifi...
09:00:30.328218 POST /session/d5e037c5-07ea-4c54-bed7-8d15d45be864/element [14.019662ms] ERR:404 body={"strategy":"-android uiautomator","selector":"new UiSelector().resourceIdMatches(\".*login-identifi...
09:00:30.334697 POST /session/d5e037c5-07ea-4c54-bed7-8d15d45be864/element [6.345478ms] ERR:404 body={"strategy":"-android uiautomator","selector":"new UiSelector().resourceIdMatches(\".*login-identifi...
09:00:30.341105 POST /session/d5e037c5-07ea-4c54-bed7-8d15d45be864/element [6.341222ms] ERR:404 body={"strategy":"-android uiautomator","selector":"new UiSelector().resourceIdMatches(\".*login-identifi...
09:00:30.350250 POST /session/d5e037c5-07ea-4c54-bed7-8d15d45be864/element [9.053976ms] ERR:404 body={"strategy":"-android uiautomator","selector":"new UiSelector().resourceIdMatches(\".*login-identifi...
09:00:30.362348 POST /session/d5e037c5-07ea-4c54-bed7-8d15d45be864/element [12.015592ms] ERR:404 body={"strategy":"-android uiautomator","selector":"new UiSelector().resourceIdMatches(\".*login-identifi...
09:00:30.370211 POST /session/d5e037c5-07ea-4c54-bed7-8d15d45be864/element [7.729707ms] ERR:404 body={"strategy":"-android uiautomator","selector":"new UiSelector().resourceIdMatches(\".*login-identifi...
09:00:30.376755 POST /session/d5e037c5-07ea-4c54-bed7-8d15d45be864/element [6.458943ms] ERR:404 body={"strategy":"-android uiautomator","selector":"new UiSelector().resourceIdMatches(\".*login-identifi...
09:00:30.383399 POST /session/d5e037c5-07ea-4c54-bed7-8d15d45be864/element [6.55312ms] ERR:404 body={"strategy":"-android uiautomator","selector":"new UiSelector().resourceIdMatches(\".*login-identifi...
09:00:30.390812 POST /session/d5e037c5-07ea-4c54-bed7-8d15d45be864/element [7.308244ms] ERR:404 body={"strategy":"-android uiautomator","selector":"new UiSelector().resourceIdMatches(\".*login-identifi...
09:00:30.397844 POST /session/d5e037c5-07ea-4c54-bed7-8d15d45be864/element [6.949675ms] ERR:404 body={"strategy":"-android uiautomator","selector":"new UiSelector().resourceIdMatches(\".*login-identifi...
09:00:30.411709 POST /session/d5e037c5-07ea-4c54-bed7-8d15d45be864/element [13.740082ms] ERR:404 body={"strategy":"-android uiautomator","selector":"new UiSelector().resourceIdMatches(\".*login-identifi...
09:00:31.098405 POST /session/d5e037c5-07ea-4c54-bed7-8d15d45be864/element [686.578405ms] OK body={"strategy":"-android uiautomator","selector":"new UiSelector().resourceIdMatches(\".*login-identifi...
09:00:31.257961 POST /session/d5e037c5-07ea-4c54-bed7-8d15d45be864/element [158.903921ms] OK body={"strategy":"-android uiautomator","selector":"new UiSelector().resourceIdMatches(\".*login-identifi...
09:00:31.266896 GET /session/d5e037c5-07ea-4c54-bed7-8d15d45be864/element/00000000-0000-0010-ffff-ffff0000002f/text [8.849879ms] OK body=
09:00:31.276148 GET /session/d5e037c5-07ea-4c54-bed7-8d15d45be864/element/00000000-0000-0010-ffff-ffff0000002f/rect [9.202368ms] OK body=
09:00:31.607115 POST /session/d5e037c5-07ea-4c54-bed7-8d15d45be864/element/00000000-0000-0010-ffff-ffff0000002f/click [330.906402ms] OK body=
09:00:32.548884 POST /session/d5e037c5-07ea-4c54-bed7-8d15d45be864/actions [940.974799ms] OK body={"actions":[{"actions":[{"type":"keyDown","value":"a"},{"type":"keyUp","value":"a"},{"type":"keyDown...
09:00:32.565076 POST /session/d5e037c5-07ea-4c54-bed7-8d15d45be864/appium/device/hide_keyboard [16.087176ms] ERR:404 body=
09:00:33.108497 POST /session/d5e037c5-07ea-4c54-bed7-8d15d45be864/element [543.064788ms] OK body={"strategy":"-android uiautomator","selector":"new UiSelector().resourceIdMatches(\".*login-password...
09:00:33.121682 POST /session/d5e037c5-07ea-4c54-bed7-8d15d45be864/element [12.814557ms] OK body={"strategy":"-android uiautomator","selector":"new UiSelector().resourceIdMatches(\".*login-password...
09:00:33.142717 GET /session/d5e037c5-07ea-4c54-bed7-8d15d45be864/element/00000000-0000-0010-ffff-ffff00000030/text [20.964799ms] OK body=
09:00:33.160573 GET /session/d5e037c5-07ea-4c54-bed7-8d15d45be864/element/00000000-0000-0010-ffff-ffff00000030/rect [17.783022ms] OK body=
09:00:33.815973 POST /session/d5e037c5-07ea-4c54-bed7-8d15d45be864/element/00000000-0000-0010-ffff-ffff00000030/click [655.301838ms] OK body=
09:00:34.528194 POST /session/d5e037c5-07ea-4c54-bed7-8d15d45be864/actions [711.846653ms] OK body={"actions":[{"actions":[{"type":"keyDown","value":"P"},{"type":"keyUp","value":"P"},{"type":"keyDown...
09:00:34.539097 POST /session/d5e037c5-07ea-4c54-bed7-8d15d45be864/appium/device/hide_keyboard [10.801994ms] ERR:404 body=
09:00:35.077220 POST /session/d5e037c5-07ea-4c54-bed7-8d15d45be864/element [537.790555ms] OK body={"strategy":"-android uiautomator","selector":"new UiSelector().resourceIdMatches(\".*login-submit-b...
09:00:35.087933 GET /session/d5e037c5-07ea-4c54-bed7-8d15d45be864/element/00000000-0000-0010-ffff-ffff00000040/text [10.61899ms] OK body=
09:00:35.096677 GET /session/d5e037c5-07ea-4c54-bed7-8d15d45be864/element/00000000-0000-0010-ffff-ffff00000040/rect [8.703619ms] OK body=
09:00:35.124868 POST /session/d5e037c5-07ea-4c54-bed7-8d15d45be864/element/00000000-0000-0010-ffff-ffff00000040/click [28.133598ms] OK body=
09:00:35.134590 POST /session/d5e037c5-07ea-4c54-bed7-8d15d45be864/element [9.669439ms] OK body={"strategy":"-android uiautomator","selector":"new UiSelector().resourceIdMatches(\".*login-submit-b...
09:00:35.142544 GET /session/d5e037c5-07ea-4c54-bed7-8d15d45be864/element/00000000-0000-0010-ffff-ffff00000040/text [7.912637ms] OK body=
09:00:35.175626 GET /session/d5e037c5-07ea-4c54-bed7-8d15d45be864/element/00000000-0000-0010-ffff-ffff00000040/rect [33.031999ms] OK body=
09:00:35.815863 POST /session/d5e037c5-07ea-4c54-bed7-8d15d45be864/element/00000000-0000-0010-ffff-ffff00000040/click [639.245498ms] OK body=
09:00:35.848249 POST /session/d5e037c5-07ea-4c54-bed7-8d15d45be864/element [32.030645ms] ERR:404 body={"strategy":"-android uiautomator","selector":"new UiSelector().resourceIdMatches(\".*COMMUNITY.*\")...
09:00:35.856797 POST /session/d5e037c5-07ea-4c54-bed7-8d15d45be864/element [8.42772ms] ERR:404 body={"strategy":"-android uiautomator","selector":"new UiSelector().resourceIdMatches(\".*COMMUNITY.*\")...
09:00:35.865769 POST /session/d5e037c5-07ea-4c54-bed7-8d15d45be864/element [8.885883ms] ERR:404 body={"strategy":"-android uiautomator","selector":"new UiSelector().resourceIdMatches(\".*COMMUNITY.*\")...
09:00:35.875388 POST /session/d5e037c5-07ea-4c54-bed7-8d15d45be864/element [9.527666ms] ERR:404 body={"strategy":"-android uiautomator","selector":"new UiSelector().resourceIdMatches(\".*COMMUNITY.*\")...
09:00:35.885725 POST /session/d5e037c5-07ea-4c54-bed7-8d15d45be864/element [10.225083ms] ERR:404 body={"strategy":"-android uiautomator","selector":"new UiSelector().resourceIdMatches(\".*COMMUNITY.*\")...
09:00:35.898460 POST /session/d5e037c5-07ea-4c54-bed7-8d15d45be864/element [12.644186ms] ERR:404 body={"strategy":"-android uiautomator","selector":"new UiSelector().resourceIdMatches(\".*COMMUNITY.*\")...
09:00:36.605739 POST /session/d5e037c5-07ea-4c54-bed7-8d15d45be864/element [707.146681ms] ERR:404 body={"strategy":"-android uiautomator","selector":"new UiSelector().resourceIdMatches(\".*COMMUNITY.*\")...
09:00:36.615800 POST /session/d5e037c5-07ea-4c54-bed7-8d15d45be864/element [9.951904ms] ERR:404 body={"strategy":"-android uiautomator","selector":"new UiSelector().resourceIdMatches(\".*COMMUNITY.*\")...
09:00:36.625290 POST /session/d5e037c5-07ea-4c54-bed7-8d15d45be864/element [9.403885ms] ERR:404 body={"strategy":"-android uiautomator","selector":"new UiSelector().resourceIdMatches(\".*COMMUNITY.*\")...
09:00:36.634432 POST /session/d5e037c5-07ea-4c54-bed7-8d15d45be864/element [9.051767ms] ERR:404 body={"strategy":"-android uiautomator","selector":"new UiSelector().resourceIdMatches(\".*COMMUNITY.*\")...
09:00:36.644288 POST /session/d5e037c5-07ea-4c54-bed7-8d15d45be864/element [9.761261ms] ERR:404 body={"strategy":"-android uiautomator","selector":"new UiSelector().resourceIdMatches(\".*COMMUNITY.*\")...
09:00:36.652762 POST /session/d5e037c5-07ea-4c54-bed7-8d15d45be864/element [8.379367ms] ERR:404 body={"strategy":"-android uiautomator","selector":"new UiSelector().resourceIdMatches(\".*COMMUNITY.*\")...
09:00:36.662746 POST /session/d5e037c5-07ea-4c54-bed7-8d15d45be864/element [9.903235ms] ERR:404 body={"strategy":"-android uiautomator","selector":"new UiSelector().resourceIdMatches(\".*COMMUNITY.*\")...
09:00:36.672114 POST /session/d5e037c5-07ea-4c54-bed7-8d15d45be864/element [9.276019ms] ERR:404 body={"strategy":"-android uiautomator","selector":"new UiSelector().resourceIdMatches(\".*COMMUNITY.*\")...
09:00:36.681380 POST /session/d5e037c5-07ea-4c54-bed7-8d15d45be864/element [9.180765ms] ERR:404 body={"strategy":"-android uiautomator","selector":"new UiSelector().resourceIdMatches(\".*COMMUNITY.*\")...
09:00:36.690168 POST /session/d5e037c5-07ea-4c54-bed7-8d15d45be864/element [8.706063ms] ERR:404 body={"strategy":"-android uiautomator","selector":"new UiSelector().resourceIdMatches(\".*COMMUNITY.*\")...
09:00:36.698993 POST /session/d5e037c5-07ea-4c54-bed7-8d15d45be864/element [8.70458ms] ERR:404 body={"strategy":"-android uiautomator","selector":"new UiSelector().resourceIdMatches(\".*COMMUNITY.*\")...
09:00:36.707935 POST /session/d5e037c5-07ea-4c54-bed7-8d15d45be864/element [8.858437ms] ERR:404 body={"strategy":"-android uiautomator","selector":"new UiSelector().resourceIdMatches(\".*COMMUNITY.*\")...
09:00:36.716403 POST /session/d5e037c5-07ea-4c54-bed7-8d15d45be864/element [8.393868ms] ERR:404 body={"strategy":"-android uiautomator","selector":"new UiSelector().resourceIdMatches(\".*COMMUNITY.*\")...
09:00:36.725025 POST /session/d5e037c5-07ea-4c54-bed7-8d15d45be864/element [8.53094ms] ERR:404 body={"strategy":"-android uiautomator","selector":"new UiSelector().resourceIdMatches(\".*COMMUNITY.*\")...
09:00:36.734193 POST /session/d5e037c5-07ea-4c54-bed7-8d15d45be864/element [9.064437ms] ERR:404 body={"strategy":"-android uiautomator","selector":"new UiSelector().resourceIdMatches(\".*COMMUNITY.*\")...
09:00:36.743065 POST /session/d5e037c5-07ea-4c54-bed7-8d15d45be864/element [8.784495ms] ERR:404 body={"strategy":"-android uiautomator","selector":"new UiSelector().resourceIdMatches(\".*COMMUNITY.*\")...
09:00:36.752353 POST /session/d5e037c5-07ea-4c54-bed7-8d15d45be864/element [9.201882ms] ERR:404 body={"strategy":"-android uiautomator","selector":"new UiSelector().resourceIdMatches(\".*COMMUNITY.*\")...
09:00:36.762172 POST /session/d5e037c5-07ea-4c54-bed7-8d15d45be864/element [9.725338ms] ERR:404 body={"strategy":"-android uiautomator","selector":"new UiSelector().resourceIdMatches(\".*COMMUNITY.*\")...
09:00:36.770874 POST /session/d5e037c5-07ea-4c54-bed7-8d15d45be864/element [8.618721ms] ERR:404 body={"strategy":"-android uiautomator","selector":"new UiSelector().resourceIdMatches(\".*COMMUNITY.*\")...
09:00:36.781291 POST /session/d5e037c5-07ea-4c54-bed7-8d15d45be864/element [10.306185ms] ERR:404 body={"strategy":"-android uiautomator","selector":"new UiSelector().resourceIdMatches(\".*COMMUNITY.*\")...
09:00:36.791292 POST /session/d5e037c5-07ea-4c54-bed7-8d15d45be864/element [9.910732ms] ERR:404 body={"strategy":"-android uiautomator","selector":"new UiSelector().resourceIdMatches(\".*COMMUNITY.*\")...
09:00:36.800328 POST /session/d5e037c5-07ea-4c54-bed7-8d15d45be864/element [8.929523ms] ERR:404 body={"strategy":"-android uiautomator","selector":"new UiSelector().resourceIdMatches(\".*COMMUNITY.*\")...
09:00:36.809876 POST /session/d5e037c5-07ea-4c54-bed7-8d15d45be864/element [9.467801ms] ERR:404 body={"strategy":"-android uiautomator","selector":"new UiSelector().resourceIdMatches(\".*COMMUNITY.*\")...
09:00:36.818700 POST /session/d5e037c5-07ea-4c54-bed7-8d15d45be864/element [8.73089ms] ERR:404 body={"strategy":"-android uiautomator","selector":"new UiSelector().resourceIdMatches(\".*COMMUNITY.*\")...
09:00:36.827894 POST /session/d5e037c5-07ea-4c54-bed7-8d15d45be864/element [9.104911ms] ERR:404 body={"strategy":"-android uiautomator","selector":"new UiSelector().resourceIdMatches(\".*COMMUNITY.*\")...
09:00:36.837030 POST /session/d5e037c5-07ea-4c54-bed7-8d15d45be864/element [9.041286ms] ERR:404 body={"strategy":"-android uiautomator","selector":"new UiSelector().resourceIdMatches(\".*COMMUNITY.*\")...
09:00:36.846612 POST /session/d5e037c5-07ea-4c54-bed7-8d15d45be864/element [9.032382ms] ERR:404 body={"strategy":"-android uiautomator","selector":"new UiSelector().resourceIdMatches(\".*COMMUNITY.*\")...
09:00:36.855597 POST /session/d5e037c5-07ea-4c54-bed7-8d15d45be864/element [8.876383ms] ERR:404 body={"strategy":"-android uiautomator","selector":"new UiSelector().resourceIdMatches(\".*COMMUNITY.*\")...
09:00:36.865426 POST /session/d5e037c5-07ea-4c54-bed7-8d15d45be864/element [9.716205ms] ERR:404 body={"strategy":"-android uiautomator","selector":"new UiSelector().resourceIdMatches(\".*COMMUNITY.*\")...
09:00:36.874843 POST /session/d5e037c5-07ea-4c54-bed7-8d15d45be864/element [9.317936ms] ERR:404 body={"strategy":"-android uiautomator","selector":"new UiSelector().resourceIdMatches(\".*COMMUNITY.*\")...
09:00:36.883990 POST /session/d5e037c5-07ea-4c54-bed7-8d15d45be864/element [9.043479ms] ERR:404 body={"strategy":"-android uiautomator","selector":"new UiSelector().resourceIdMatches(\".*COMMUNITY.*\")...
09:00:36.892980 POST /session/d5e037c5-07ea-4c54-bed7-8d15d45be864/element [8.894421ms] ERR:404 body={"strategy":"-android uiautomator","selector":"new UiSelector().resourceIdMatches(\".*COMMUNITY.*\")...
09:00:36.901952 POST /session/d5e037c5-07ea-4c54-bed7-8d15d45be864/element [8.861662ms] ERR:404 body={"strategy":"-android uiautomator","selector":"new UiSelector().resourceIdMatches(\".*COMMUNITY.*\")...
09:00:36.911048 POST /session/d5e037c5-07ea-4c54-bed7-8d15d45be864/element [8.995783ms] ERR:404 body={"strategy":"-android uiautomator","selector":"new UiSelector().resourceIdMatches(\".*COMMUNITY.*\")...
09:00:36.920426 POST /session/d5e037c5-07ea-4c54-bed7-8d15d45be864/element [9.273475ms] ERR:404 body={"strategy":"-android uiautomator","selector":"new UiSelector().resourceIdMatches(\".*COMMUNITY.*\")...
09:00:36.930472 POST /session/d5e037c5-07ea-4c54-bed7-8d15d45be864/element [9.947903ms] ERR:404 body={"strategy":"-android uiautomator","selector":"new UiSelector().resourceIdMatches(\".*COMMUNITY.*\")...
09:00:36.941790 POST /session/d5e037c5-07ea-4c54-bed7-8d15d45be864/element [11.174178ms] ERR:404 body={"strategy":"-android uiautomator","selector":"new UiSelector().resourceIdMatches(\".*COMMUNITY.*\")...
09:00:36.957261 POST /session/d5e037c5-07ea-4c54-bed7-8d15d45be864/element [15.373754ms] ERR:404 body={"strategy":"-android uiautomator","selector":"new UiSelector().resourceIdMatches(\".*COMMUNITY.*\")...
09:00:36.970127 POST /session/d5e037c5-07ea-4c54-bed7-8d15d45be864/element [12.757085ms] ERR:404 body={"strategy":"-android uiautomator","selector":"new UiSelector().resourceIdMatches(\".*COMMUNITY.*\")...
09:00:36.980933 POST /session/d5e037c5-07ea-4c54-bed7-8d15d45be864/element [10.71183ms] ERR:404 body={"strategy":"-android uiautomator","selector":"new UiSelector().resourceIdMatches(\".*COMMUNITY.*\")...
09:00:36.991305 POST /session/d5e037c5-07ea-4c54-bed7-8d15d45be864/element [10.285785ms] ERR:404 body={"strategy":"-android uiautomator","selector":"new UiSelector().resourceIdMatches(\".*COMMUNITY.*\")...
09:00:37.002770 POST /session/d5e037c5-07ea-4c54-bed7-8d15d45be864/element [11.362161ms] ERR:404 body={"strategy":"-android uiautomator","selector":"new UiSelector().resourceIdMatches(\".*COMMUNITY.*\")...
09:00:37.014796 POST /session/d5e037c5-07ea-4c54-bed7-8d15d45be864/element [11.932798ms] ERR:404 body={"strategy":"-android uiautomator","selector":"new UiSelector().resourceIdMatches(\".*COMMUNITY.*\")...
09:00:37.025531 POST /session/d5e037c5-07ea-4c54-bed7-8d15d45be864/element [10.651644ms] ERR:404 body={"strategy":"-android uiautomator","selector":"new UiSelector().resourceIdMatches(\".*COMMUNITY.*\")...
09:00:37.035538 POST /session/d5e037c5-07ea-4c54-bed7-8d15d45be864/element [9.914217ms] ERR:404 body={"strategy":"-android uiautomator","selector":"new UiSelector().resourceIdMatches(\".*COMMUNITY.*\")...
09:00:37.044424 POST /session/d5e037c5-07ea-4c54-bed7-8d15d45be864/element [8.785032ms] ERR:404 body={"strategy":"-android uiautomator","selector":"new UiSelector().resourceIdMatches(\".*COMMUNITY.*\")...
09:00:37.053795 POST /session/d5e037c5-07ea-4c54-bed7-8d15d45be864/element [9.288307ms] ERR:404 body={"strategy":"-android uiautomator","selector":"new UiSelector().resourceIdMatches(\".*COMMUNITY.*\")...
09:00:37.062937 POST /session/d5e037c5-07ea-4c54-bed7-8d15d45be864/element [9.055778ms] ERR:404 body={"strategy":"-android uiautomator","selector":"new UiSelector().resourceIdMatches(\".*COMMUNITY.*\")...
09:00:37.072686 POST /session/d5e037c5-07ea-4c54-bed7-8d15d45be864/element [9.661282ms] ERR:404 body={"strategy":"-android uiautomator","selector":"new UiSelector().resourceIdMatches(\".*COMMUNITY.*\")...
09:00:37.081893 POST /session/d5e037c5-07ea-4c54-bed7-8d15d45be864/element [9.129308ms] ERR:404 body={"strategy":"-android uiautomator","selector":"new UiSelector().resourceIdMatches(\".*COMMUNITY.*\")...
09:00:37.091396 POST /session/d5e037c5-07ea-4c54-bed7-8d15d45be864/element [9.401982ms] ERR:404 body={"strategy":"-android uiautomator","selector":"new UiSelector().resourceIdMatches(\".*COMMUNITY.*\")...
09:00:37.101022 POST /session/d5e037c5-07ea-4c54-bed7-8d15d45be864/element [9.54069ms] ERR:404 body={"strategy":"-android uiautomator","selector":"new UiSelector().resourceIdMatches(\".*COMMUNITY.*\")...
09:00:37.110210 POST /session/d5e037c5-07ea-4c54-bed7-8d15d45be864/element [9.111506ms] ERR:404 body={"strategy":"-android uiautomator","selector":"new UiSelector().resourceIdMatches(\".*COMMUNITY.*\")...
09:00:37.120846 POST /session/d5e037c5-07ea-4c54-bed7-8d15d45be864/element [10.526431ms] ERR:404 body={"strategy":"-android uiautomator","selector":"new UiSelector().resourceIdMatches(\".*COMMUNITY.*\")...
09:00:37.131539 POST /session/d5e037c5-07ea-4c54-bed7-8d15d45be864/element [10.609546ms] ERR:404 body={"strategy":"-android uiautomator","selector":"new UiSelector().resourceIdMatches(\".*COMMUNITY.*\")...
09:00:37.142248 POST /session/d5e037c5-07ea-4c54-bed7-8d15d45be864/element [10.617388ms] ERR:404 body={"strategy":"-android uiautomator","selector":"new UiSelector().resourceIdMatches(\".*COMMUNITY.*\")...
09:00:37.153008 POST /session/d5e037c5-07ea-4c54-bed7-8d15d45be864/element [10.68283ms] ERR:404 body={"strategy":"-android uiautomator","selector":"new UiSelector().resourceIdMatches(\".*COMMUNITY.*\")...
09:00:37.163960 POST /session/d5e037c5-07ea-4c54-bed7-8d15d45be864/element [10.86222ms] ERR:404 body={"strategy":"-android uiautomator","selector":"new UiSelector().resourceIdMatches(\".*COMMUNITY.*\")...
09:00:37.174918 POST /session/d5e037c5-07ea-4c54-bed7-8d15d45be864/element [10.877218ms] ERR:404 body={"strategy":"-android uiautomator","selector":"new UiSelector().resourceIdMatches(\".*COMMUNITY.*\")...
09:00:37.185718 POST /session/d5e037c5-07ea-4c54-bed7-8d15d45be864/element [10.681855ms] ERR:404 body={"strategy":"-android uiautomator","selector":"new UiSelector().resourceIdMatches(\".*COMMUNITY.*\")...
09:00:37.196860 POST /session/d5e037c5-07ea-4c54-bed7-8d15d45be864/element [11.055835ms] ERR:404 body={"strategy":"-android uiautomator","selector":"new UiSelector().resourceIdMatches(\".*COMMUNITY.*\")...
09:00:37.208090 POST /session/d5e037c5-07ea-4c54-bed7-8d15d45be864/element [11.156612ms] ERR:404 body={"strategy":"-android uiautomator","selector":"new UiSelector().resourceIdMatches(\".*COMMUNITY.*\")...
09:00:37.218806 POST /session/d5e037c5-07ea-4c54-bed7-8d15d45be864/element [10.628694ms] ERR:404 body={"strategy":"-android uiautomator","selector":"new UiSelector().resourceIdMatches(\".*COMMUNITY.*\")...
09:00:37.230423 POST /session/d5e037c5-07ea-4c54-bed7-8d15d45be864/element [11.530133ms] ERR:404 body={"strategy":"-android uiautomator","selector":"new UiSelector().resourceIdMatches(\".*COMMUNITY.*\")...
09:00:37.242094 POST /session/d5e037c5-07ea-4c54-bed7-8d15d45be864/element [11.583423ms] ERR:404 body={"strategy":"-android uiautomator","selector":"new UiSelector().resourceIdMatches(\".*COMMUNITY.*\")...
09:00:37.250891 POST /session/d5e037c5-07ea-4c54-bed7-8d15d45be864/element [8.69772ms] ERR:404 body={"strategy":"-android uiautomator","selector":"new UiSelector().resourceIdMatches(\".*COMMUNITY.*\")...
09:00:37.259762 POST /session/d5e037c5-07ea-4c54-bed7-8d15d45be864/element [8.779558ms] ERR:404 body={"strategy":"-android uiautomator","selector":"new UiSelector().resourceIdMatches(\".*COMMUNITY.*\")...
09:00:37.269840 POST /session/d5e037c5-07ea-4c54-bed7-8d15d45be864/element [10.00007ms] ERR:404 body={"strategy":"-android uiautomator","selector":"new UiSelector().resourceIdMatches(\".*COMMUNITY.*\")...
09:00:37.283719 POST /session/d5e037c5-07ea-4c54-bed7-8d15d45be864/element [13.789256ms] ERR:404 body={"strategy":"-android uiautomator","selector":"new UiSelector().resourceIdMatches(\".*COMMUNITY.*\")...
09:00:37.298557 POST /session/d5e037c5-07ea-4c54-bed7-8d15d45be864/element [14.751279ms] ERR:404 body={"strategy":"-android uiautomator","selector":"new UiSelector().resourceIdMatches(\".*COMMUNITY.*\")...
09:00:37.311500 POST /session/d5e037c5-07ea-4c54-bed7-8d15d45be864/element [12.842714ms] ERR:404 body={"strategy":"-android uiautomator","selector":"new UiSelector().resourceIdMatches(\".*COMMUNITY.*\")...
09:00:37.321695 POST /session/d5e037c5-07ea-4c54-bed7-8d15d45be864/element [10.120377ms] ERR:404 body={"strategy":"-android uiautomator","selector":"new UiSelector().resourceIdMatches(\".*COMMUNITY.*\")...
09:00:37.336426 POST /session/d5e037c5-07ea-4c54-bed7-8d15d45be864/element [14.613633ms] ERR:404 body={"strategy":"-android uiautomator","selector":"new UiSelector().resourceIdMatches(\".*COMMUNITY.*\")...
09:00:37.347059 POST /session/d5e037c5-07ea-4c54-bed7-8d15d45be864/element [10.513978ms] ERR:404 body={"strategy":"-android uiautomator","selector":"new UiSelector().resourceIdMatches(\".*COMMUNITY.*\")...
09:00:37.357145 POST /session/d5e037c5-07ea-4c54-bed7-8d15d45be864/element [9.992725ms] ERR:404 body={"strategy":"-android uiautomator","selector":"new UiSelector().resourceIdMatches(\".*COMMUNITY.*\")...
09:00:37.367575 POST /session/d5e037c5-07ea-4c54-bed7-8d15d45be864/element [10.341919ms] ERR:404 body={"strategy":"-android uiautomator","selector":"new UiSelector().resourceIdMatches(\".*COMMUNITY.*\")...
09:00:37.378287 POST /session/d5e037c5-07ea-4c54-bed7-8d15d45be864/element [10.58217ms] ERR:404 body={"strategy":"-android uiautomator","selector":"new UiSelector().resourceIdMatches(\".*COMMUNITY.*\")...
09:00:37.389663 POST /session/d5e037c5-07ea-4c54-bed7-8d15d45be864/element [11.259522ms] ERR:404 body={"strategy":"-android uiautomator","selector":"new UiSelector().resourceIdMatches(\".*COMMUNITY.*\")...
09:00:37.401770 POST /session/d5e037c5-07ea-4c54-bed7-8d15d45be864/element [12.007515ms] ERR:404 body={"strategy":"-android uiautomator","selector":"new UiSelector().resourceIdMatches(\".*COMMUNITY.*\")...
09:00:37.412925 POST /session/d5e037c5-07ea-4c54-bed7-8d15d45be864/element [11.06187ms] ERR:404 body={"strategy":"-android uiautomator","selector":"new UiSelector().resourceIdMatches(\".*COMMUNITY.*\")...
09:00:37.424690 POST /session/d5e037c5-07ea-4c54-bed7-8d15d45be864/element [11.599912ms] ERR:404 body={"strategy":"-android uiautomator","selector":"new UiSelector().resourceIdMatches(\".*COMMUNITY.*\")...
09:00:37.436048 POST /session/d5e037c5-07ea-4c54-bed7-8d15d45be864/element [11.26169ms] ERR:404 body={"strategy":"-android uiautomator","selector":"new UiSelector().resourceIdMatches(\".*COMMUNITY.*\")...
09:00:37.447781 POST /session/d5e037c5-07ea-4c54-bed7-8d15d45be864/element [11.623113ms] ERR:404 body={"strategy":"-android uiautomator","selector":"new UiSelector().resourceIdMatches(\".*COMMUNITY.*\")...
09:00:37.458758 POST /session/d5e037c5-07ea-4c54-bed7-8d15d45be864/element [10.859636ms] ERR:404 body={"strategy":"-android uiautomator","selector":"new UiSelector().resourceIdMatches(\".*COMMUNITY.*\")...
09:00:37.470201 POST /session/d5e037c5-07ea-4c54-bed7-8d15d45be864/element [11.325696ms] ERR:404 body={"strategy":"-android uiautomator","selector":"new UiSelector().resourceIdMatches(\".*COMMUNITY.*\")...
09:00:37.482252 POST /session/d5e037c5-07ea-4c54-bed7-8d15d45be864/element [11.936759ms] ERR:404 body={"strategy":"-android uiautomator","selector":"new UiSelector().resourceIdMatches(\".*COMMUNITY.*\")...
09:00:37.494438 POST /session/d5e037c5-07ea-4c54-bed7-8d15d45be864/element [12.085417ms] ERR:404 body={"strategy":"-android uiautomator","selector":"new UiSelector().resourceIdMatches(\".*COMMUNITY.*\")...
09:00:37.505825 POST /session/d5e037c5-07ea-4c54-bed7-8d15d45be864/element [11.289958ms] ERR:404 body={"strategy":"-android uiautomator","selector":"new UiSelector().resourceIdMatches(\".*COMMUNITY.*\")...
09:00:37.517086 POST /session/d5e037c5-07ea-4c54-bed7-8d15d45be864/element [11.173367ms] ERR:404 body={"strategy":"-android uiautomator","selector":"new UiSelector().resourceIdMatches(\".*COMMUNITY.*\")...
09:00:37.527688 POST /session/d5e037c5-07ea-4c54-bed7-8d15d45be864/element [10.542409ms] ERR:404 body={"strategy":"-android uiautomator","selector":"new UiSelector().resourceIdMatches(\".*COMMUNITY.*\")...
09:00:37.538564 POST /session/d5e037c5-07ea-4c54-bed7-8d15d45be864/element [10.78214ms] ERR:404 body={"strategy":"-android uiautomator","selector":"new UiSelector().resourceIdMatches(\".*COMMUNITY.*\")...
09:00:37.549834 POST /session/d5e037c5-07ea-4c54-bed7-8d15d45be864/element [11.185045ms] ERR:404 body={"strategy":"-android uiautomator","selector":"new UiSelector().resourceIdMatches(\".*COMMUNITY.*\")...
09:00:37.560721 POST /session/d5e037c5-07ea-4c54-bed7-8d15d45be864/element [10.800999ms] ERR:404 body={"strategy":"-android uiautomator","selector":"new UiSelector().resourceIdMatches(\".*COMMUNITY.*\")...
09:00:37.572490 POST /session/d5e037c5-07ea-4c54-bed7-8d15d45be864/element [11.677624ms] ERR:404 body={"strategy":"-android uiautomator","selector":"new UiSelector().resourceIdMatches(\".*COMMUNITY.*\")...
09:00:37.584550 POST /session/d5e037c5-07ea-4c54-bed7-8d15d45be864/element [11.956238ms] ERR:404 body={"strategy":"-android uiautomator","selector":"new UiSelector().resourceIdMatches(\".*COMMUNITY.*\")...
09:00:37.595424 POST /session/d5e037c5-07ea-4c54-bed7-8d15d45be864/element [10.768805ms] ERR:404 body={"strategy":"-android uiautomator","selector":"new UiSelector().resourceIdMatches(\".*COMMUNITY.*\")...
09:00:37.605569 POST /session/d5e037c5-07ea-4c54-bed7-8d15d45be864/element [10.053806ms] ERR:404 body={"strategy":"-android uiautomator","selector":"new UiSelector().resourceIdMatches(\".*COMMUNITY.*\")...
09:00:37.614384 POST /session/d5e037c5-07ea-4c54-bed7-8d15d45be864/element [8.69745ms] ERR:404 body={"strategy":"-android uiautomator","selector":"new UiSelector().resourceIdMatches(\".*COMMUNITY.*\")...
09:00:37.623958 POST /session/d5e037c5-07ea-4c54-bed7-8d15d45be864/element [9.515413ms] ERR:404 body={"strategy":"-android uiautomator","selector":"new UiSelector().resourceIdMatches(\".*COMMUNITY.*\")...
09:00:37.633010 POST /session/d5e037c5-07ea-4c54-bed7-8d15d45be864/element [8.966739ms] ERR:404 body={"strategy":"-android uiautomator","selector":"new UiSelector().resourceIdMatches(\".*COMMUNITY.*\")...
09:00:37.642108 POST /session/d5e037c5-07ea-4c54-bed7-8d15d45be864/element [9.019283ms] ERR:404 body={"strategy":"-android uiautomator","selector":"new UiSelector().resourceIdMatches(\".*COMMUNITY.*\")...
09:00:37.653055 POST /session/d5e037c5-07ea-4c54-bed7-8d15d45be864/element [10.84861ms] ERR:404 body={"strategy":"-android uiautomator","selector":"new UiSelector().resourceIdMatches(\".*COMMUNITY.*\")...
09:00:37.665161 POST /session/d5e037c5-07ea-4c54-bed7-8d15d45be864/element [12.00459ms] ERR:404 body={"strategy":"-android uiautomator","selector":"new UiSelector().resourceIdMatches(\".*COMMUNITY.*\")...
09:00:37.674999 POST /session/d5e037c5-07ea-4c54-bed7-8d15d45be864/element [9.745063ms] ERR:404 body={"strategy":"-android uiautomator","selector":"new UiSelector().resourceIdMatches(\".*COMMUNITY.*\")...
09:00:37.684997 POST /session/d5e037c5-07ea-4c54-bed7-8d15d45be864/element [9.922419ms] ERR:404 body={"strategy":"-android uiautomator","selector":"new UiSelector().resourceIdMatches(\".*COMMUNITY.*\")...
09:00:37.694139 POST /session/d5e037c5-07ea-4c54-bed7-8d15d45be864/element [9.07678ms] ERR:404 body={"strategy":"-android uiautomator","selector":"new UiSelector().resourceIdMatches(\".*COMMUNITY.*\")...
09:00:37.703091 POST /session/d5e037c5-07ea-4c54-bed7-8d15d45be864/element [8.866203ms] ERR:404 body={"strategy":"-android uiautomator","selector":"new UiSelector().resourceIdMatches(\".*COMMUNITY.*\")...
09:00:37.712454 POST /session/d5e037c5-07ea-4c54-bed7-8d15d45be864/element [9.285272ms] ERR:404 body={"strategy":"-android uiautomator","selector":"new UiSelector().resourceIdMatches(\".*COMMUNITY.*\")...
09:00:37.721629 POST /session/d5e037c5-07ea-4c54-bed7-8d15d45be864/element [9.067986ms] ERR:404 body={"strategy":"-android uiautomator","selector":"new UiSelector().resourceIdMatches(\".*COMMUNITY.*\")...
09:00:37.735203 POST /session/d5e037c5-07ea-4c54-bed7-8d15d45be864/element [13.469535ms] ERR:404 body={"strategy":"-android uiautomator","selector":"new UiSelector().resourceIdMatches(\".*COMMUNITY.*\")...
09:00:37.748266 POST /session/d5e037c5-07ea-4c54-bed7-8d15d45be864/element [12.950355ms] ERR:404 body={"strategy":"-android uiautomator","selector":"new UiSelector().resourceIdMatches(\".*COMMUNITY.*\")...
09:00:37.759081 POST /session/d5e037c5-07ea-4c54-bed7-8d15d45be864/element [10.675289ms] ERR:404 body={"strategy":"-android uiautomator","selector":"new UiSelector().resourceIdMatches(\".*COMMUNITY.*\")...
09:00:37.769383 POST /session/d5e037c5-07ea-4c54-bed7-8d15d45be864/element [10.201824ms] ERR:404 body={"strategy":"-android uiautomator","selector":"new UiSelector().resourceIdMatches(\".*COMMUNITY.*\")...
09:00:37.780669 POST /session/d5e037c5-07ea-4c54-bed7-8d15d45be864/element [11.191515ms] ERR:404 body={"strategy":"-android uiautomator","selector":"new UiSelector().resourceIdMatches(\".*COMMUNITY.*\")...
09:00:37.792681 POST /session/d5e037c5-07ea-4c54-bed7-8d15d45be864/element [11.907239ms] ERR:404 body={"strategy":"-android uiautomator","selector":"new UiSelector().resourceIdMatches(\".*COMMUNITY.*\")...
09:00:37.803134 POST /session/d5e037c5-07ea-4c54-bed7-8d15d45be864/element [10.371073ms] ERR:404 body={"strategy":"-android uiautomator","selector":"new UiSelector().resourceIdMatches(\".*COMMUNITY.*\")...
09:00:37.812756 POST /session/d5e037c5-07ea-4c54-bed7-8d15d45be864/element [9.536729ms] ERR:404 body={"strategy":"-android uiautomator","selector":"new UiSelector().resourceIdMatches(\".*COMMUNITY.*\")...
09:00:37.823578 POST /session/d5e037c5-07ea-4c54-bed7-8d15d45be864/element [10.748189ms] ERR:404 body={"strategy":"-android uiautomator","selector":"new UiSelector().resourceIdMatches(\".*COMMUNITY.*\")...
09:00:37.833893 POST /session/d5e037c5-07ea-4c54-bed7-8d15d45be864/element [10.187738ms] ERR:404 body={"strategy":"-android uiautomator","selector":"new UiSelector().resourceIdMatches(\".*COMMUNITY.*\")...
09:00:37.843839 POST /session/d5e037c5-07ea-4c54-bed7-8d15d45be864/element [9.853891ms] ERR:404 body={"strategy":"-android uiautomator","selector":"new UiSelector().resourceIdMatches(\".*COMMUNITY.*\")...
09:00:37.857135 POST /session/d5e037c5-07ea-4c54-bed7-8d15d45be864/element [13.211833ms] ERR:404 body={"strategy":"-android uiautomator","selector":"new UiSelector().resourceIdMatches(\".*COMMUNITY.*\")...
09:00:37.868345 POST /session/d5e037c5-07ea-4c54-bed7-8d15d45be864/element [11.087619ms] ERR:404 body={"strategy":"-android uiautomator","selector":"new UiSelector().resourceIdMatches(\".*COMMUNITY.*\")...
09:00:37.879014 POST /session/d5e037c5-07ea-4c54-bed7-8d15d45be864/element [10.596471ms] ERR:404 body={"strategy":"-android uiautomator","selector":"new UiSelector().resourceIdMatches(\".*COMMUNITY.*\")...
09:00:37.889276 POST /session/d5e037c5-07ea-4c54-bed7-8d15d45be864/element [10.146881ms] ERR:404 body={"strategy":"-android uiautomator","selector":"new UiSelector().resourceIdMatches(\".*COMMUNITY.*\")...
09:00:37.899823 POST /session/d5e037c5-07ea-4c54-bed7-8d15d45be864/element [10.417787ms] ERR:404 body={"strategy":"-android uiautomator","selector":"new UiSelector().resourceIdMatches(\".*COMMUNITY.*\")...
09:00:37.910634 POST /session/d5e037c5-07ea-4c54-bed7-8d15d45be864/element [10.653551ms] ERR:404 body={"strategy":"-android uiautomator","selector":"new UiSelector().resourceIdMatches(\".*COMMUNITY.*\")...
09:00:37.922292 POST /session/d5e037c5-07ea-4c54-bed7-8d15d45be864/element [11.551821ms] ERR:404 body={"strategy":"-android uiautomator","selector":"new UiSelector().resourceIdMatches(\".*COMMUNITY.*\")...
09:00:37.933418 POST /session/d5e037c5-07ea-4c54-bed7-8d15d45be864/element [11.026938ms] ERR:404 body={"strategy":"-android uiautomator","selector":"new UiSelector().resourceIdMatches(\".*COMMUNITY.*\")...
09:00:37.945196 POST /session/d5e037c5-07ea-4c54-bed7-8d15d45be864/element [11.678967ms] ERR:404 body={"strategy":"-android uiautomator","selector":"new UiSelector().resourceIdMatches(\".*COMMUNITY.*\")...
09:00:37.955619 POST /session/d5e037c5-07ea-4c54-bed7-8d15d45be864/element [10.329565ms] ERR:404 body={"strategy":"-android uiautomator","selector":"new UiSelector().resourceIdMatches(\".*COMMUNITY.*\")...
09:00:37.965509 POST /session/d5e037c5-07ea-4c54-bed7-8d15d45be864/element [9.784537ms] ERR:404 body={"strategy":"-android uiautomator","selector":"new UiSelector().resourceIdMatches(\".*COMMUNITY.*\")...
09:00:37.976227 POST /session/d5e037c5-07ea-4c54-bed7-8d15d45be864/element [10.62571ms] ERR:404 body={"strategy":"-android uiautomator","selector":"new UiSelector().resourceIdMatches(\".*COMMUNITY.*\")...
09:00:37.986564 POST /session/d5e037c5-07ea-4c54-bed7-8d15d45be864/element [10.249941ms] ERR:404 body={"strategy":"-android uiautomator","selector":"new UiSelector().resourceIdMatches(\".*COMMUNITY.*\")...
09:00:37.997487 POST /session/d5e037c5-07ea-4c54-bed7-8d15d45be864/element [10.816106ms] ERR:404 body={"strategy":"-android uiautomator","selector":"new UiSelector().resourceIdMatches(\".*COMMUNITY.*\")...
09:00:38.007124 POST /session/d5e037c5-07ea-4c54-bed7-8d15d45be864/element [9.547411ms] ERR:404 body={"strategy":"-android uiautomator","selector":"new UiSelector().resourceIdMatches(\".*COMMUNITY.*\")...
09:00:38.017865 POST /session/d5e037c5-07ea-4c54-bed7-8d15d45be864/element [10.474192ms] ERR:404 body={"strategy":"-android uiautomator","selector":"new UiSelector().resourceIdMatches(\".*COMMUNITY.*\")...
09:00:38.028131 POST /session/d5e037c5-07ea-4c54-bed7-8d15d45be864/element [10.138734ms] ERR:404 body={"strategy":"-android uiautomator","selector":"new UiSelector().resourceIdMatches(\".*COMMUNITY.*\")...
09:00:38.038555 POST /session/d5e037c5-07ea-4c54-bed7-8d15d45be864/element [10.293411ms] ERR:404 body={"strategy":"-android uiautomator","selector":"new UiSelector().resourceIdMatches(\".*COMMUNITY.*\")...
09:00:38.048425 POST /session/d5e037c5-07ea-4c54-bed7-8d15d45be864/element [9.781728ms] ERR:404 body={"strategy":"-android uiautomator","selector":"new UiSelector().resourceIdMatches(\".*COMMUNITY.*\")...
09:00:38.058295 POST /session/d5e037c5-07ea-4c54-bed7-8d15d45be864/element [9.798293ms] ERR:404 body={"strategy":"-android uiautomator","selector":"new UiSelector().resourceIdMatches(\".*COMMUNITY.*\")...
09:00:38.068424 POST /session/d5e037c5-07ea-4c54-bed7-8d15d45be864/element [10.052014ms] ERR:404 body={"strategy":"-android uiautomator","selector":"new UiSelector().resourceIdMatches(\".*COMMUNITY.*\")...
09:00:38.078827 POST /session/d5e037c5-07ea-4c54-bed7-8d15d45be864/element [10.340787ms] ERR:404 body={"strategy":"-android uiautomator","selector":"new UiSelector().resourceIdMatches(\".*COMMUNITY.*\")...
09:00:38.088813 POST /session/d5e037c5-07ea-4c54-bed7-8d15d45be864/element [9.89579ms] ERR:404 body={"strategy":"-android uiautomator","selector":"new UiSelector().resourceIdMatches(\".*COMMUNITY.*\")...
09:00:38.099109 POST /session/d5e037c5-07ea-4c54-bed7-8d15d45be864/element [10.230211ms] ERR:404 body={"strategy":"-android uiautomator","selector":"new UiSelector().resourceIdMatches(\".*COMMUNITY.*\")...
09:00:38.108899 POST /session/d5e037c5-07ea-4c54-bed7-8d15d45be864/element [9.699304ms] ERR:404 body={"strategy":"-android uiautomator","selector":"new UiSelector().resourceIdMatches(\".*COMMUNITY.*\")...
09:00:38.118566 POST /session/d5e037c5-07ea-4c54-bed7-8d15d45be864/element [9.58341ms] ERR:404 body={"strategy":"-android uiautomator","selector":"new UiSelector().resourceIdMatches(\".*COMMUNITY.*\")...
09:00:38.128210 POST /session/d5e037c5-07ea-4c54-bed7-8d15d45be864/element [9.573886ms] ERR:404 body={"strategy":"-android uiautomator","selector":"new UiSelector().resourceIdMatches(\".*COMMUNITY.*\")...
09:00:38.137764 POST /session/d5e037c5-07ea-4c54-bed7-8d15d45be864/element [9.484171ms] ERR:404 body={"strategy":"-android uiautomator","selector":"new UiSelector().resourceIdMatches(\".*COMMUNITY.*\")...
09:00:38.148036 POST /session/d5e037c5-07ea-4c54-bed7-8d15d45be864/element [10.213276ms] ERR:404 body={"strategy":"-android uiautomator","selector":"new UiSelector().resourceIdMatches(\".*COMMUNITY.*\")...
09:00:38.158077 POST /session/d5e037c5-07ea-4c54-bed7-8d15d45be864/element [9.934478ms] ERR:404 body={"strategy":"-android uiautomator","selector":"new UiSelector().resourceIdMatches(\".*COMMUNITY.*\")...
09:00:38.168015 POST /session/d5e037c5-07ea-4c54-bed7-8d15d45be864/element [9.857812ms] ERR:404 body={"strategy":"-android uiautomator","selector":"new UiSelector().resourceIdMatches(\".*COMMUNITY.*\")...
09:00:38.179217 POST /session/d5e037c5-07ea-4c54-bed7-8d15d45be864/element [11.129281ms] ERR:404 body={"strategy":"-android uiautomator","selector":"new UiSelector().resourceIdMatches(\".*COMMUNITY.*\")...
09:00:38.190999 POST /session/d5e037c5-07ea-4c54-bed7-8d15d45be864/element [11.690268ms] ERR:404 body={"strategy":"-android uiautomator","selector":"new UiSelector().resourceIdMatches(\".*COMMUNITY.*\")...
09:00:38.201285 POST /session/d5e037c5-07ea-4c54-bed7-8d15d45be864/element [10.182915ms] ERR:404 body={"strategy":"-android uiautomator","selector":"new UiSelector().resourceIdMatches(\".*COMMUNITY.*\")...
09:00:38.212595 POST /session/d5e037c5-07ea-4c54-bed7-8d15d45be864/element [11.214435ms] ERR:404 body={"strategy":"-android uiautomator","selector":"new UiSelector().resourceIdMatches(\".*COMMUNITY.*\")...
09:00:38.223284 POST /session/d5e037c5-07ea-4c54-bed7-8d15d45be864/element [10.558824ms] ERR:404 body={"strategy":"-android uiautomator","selector":"new UiSelector().resourceIdMatches(\".*COMMUNITY.*\")...
09:00:38.232499 POST /session/d5e037c5-07ea-4c54-bed7-8d15d45be864/element [9.123429ms] ERR:404 body={"strategy":"-android uiautomator","selector":"new UiSelector().resourceIdMatches(\".*COMMUNITY.*\")...
09:00:38.242268 POST /session/d5e037c5-07ea-4c54-bed7-8d15d45be864/element [9.652498ms] ERR:404 body={"strategy":"-android uiautomator","selector":"new UiSelector().resourceIdMatches(\".*COMMUNITY.*\")...
09:00:38.251355 POST /session/d5e037c5-07ea-4c54-bed7-8d15d45be864/element [8.995902ms] ERR:404 body={"strategy":"-android uiautomator","selector":"new UiSelector().resourceIdMatches(\".*COMMUNITY.*\")...
09:00:38.260991 POST /session/d5e037c5-07ea-4c54-bed7-8d15d45be864/element [9.541888ms] ERR:404 body={"strategy":"-android uiautomator","selector":"new UiSelector().resourceIdMatches(\".*COMMUNITY.*\")...
09:00:38.270313 POST /session/d5e037c5-07ea-4c54-bed7-8d15d45be864/element [9.2271ms] ERR:404 body={"strategy":"-android uiautomator","selector":"new UiSelector().resourceIdMatches(\".*COMMUNITY.*\")...
09:00:38.279877 POST /session/d5e037c5-07ea-4c54-bed7-8d15d45be864/element [9.480605ms] ERR:404 body={"strategy":"-android uiautomator","selector":"new UiSelector().resourceIdMatches(\".*COMMUNITY.*\")...
09:00:38.288787 POST /session/d5e037c5-07ea-4c54-bed7-8d15d45be864/element [8.839843ms] ERR:404 body={"strategy":"-android uiautomator","selector":"new UiSelector().resourceIdMatches(\".*COMMUNITY.*\")...
09:00:38.298300 POST /session/d5e037c5-07ea-4c54-bed7-8d15d45be864/element [9.436915ms] ERR:404 body={"strategy":"-android uiautomator","selector":"new UiSelector().resourceIdMatches(\".*COMMUNITY.*\")...
09:00:38.307051 POST /session/d5e037c5-07ea-4c54-bed7-8d15d45be864/element [8.643283ms] ERR:404 body={"strategy":"-android uiautomator","selector":"new UiSelector().resourceIdMatches(\".*COMMUNITY.*\")...
09:00:38.316368 POST /session/d5e037c5-07ea-4c54-bed7-8d15d45be864/element [9.24048ms] ERR:404 body={"strategy":"-android uiautomator","selector":"new UiSelector().resourceIdMatches(\".*COMMUNITY.*\")...
09:00:38.326505 POST /session/d5e037c5-07ea-4c54-bed7-8d15d45be864/element [10.050651ms] ERR:404 body={"strategy":"-android uiautomator","selector":"new UiSelector().resourceIdMatches(\".*COMMUNITY.*\")...
09:00:38.336041 POST /session/d5e037c5-07ea-4c54-bed7-8d15d45be864/element [9.427556ms] ERR:404 body={"strategy":"-android uiautomator","selector":"new UiSelector().resourceIdMatches(\".*COMMUNITY.*\")...
09:00:38.345557 POST /session/d5e037c5-07ea-4c54-bed7-8d15d45be864/element [9.415148ms] ERR:404 body={"strategy":"-android uiautomator","selector":"new UiSelector().resourceIdMatches(\".*COMMUNITY.*\")...
09:00:38.354811 POST /session/d5e037c5-07ea-4c54-bed7-8d15d45be864/element [9.162603ms] ERR:404 body={"strategy":"-android uiautomator","selector":"new UiSelector().resourceIdMatches(\".*COMMUNITY.*\")...
09:00:38.364175 POST /session/d5e037c5-07ea-4c54-bed7-8d15d45be864/element [9.278017ms] ERR:404 body={"strategy":"-android uiautomator","selector":"new UiSelector().resourceIdMatches(\".*COMMUNITY.*\")...
09:00:38.373869 POST /session/d5e037c5-07ea-4c54-bed7-8d15d45be864/element [9.613765ms] ERR:404 body={"strategy":"-android uiautomator","selector":"new UiSelector().resourceIdMatches(\".*COMMUNITY.*\")...
09:00:38.382870 POST /session/d5e037c5-07ea-4c54-bed7-8d15d45be864/element [8.891611ms] ERR:404 body={"strategy":"-android uiautomator","selector":"new UiSelector().resourceIdMatches(\".*COMMUNITY.*\")...
09:00:38.393922 POST /session/d5e037c5-07ea-4c54-bed7-8d15d45be864/element [10.964228ms] ERR:404 body={"strategy":"-android uiautomator","selector":"new UiSelector().resourceIdMatches(\".*COMMUNITY.*\")...
09:00:38.405184 POST /session/d5e037c5-07ea-4c54-bed7-8d15d45be864/element [11.177444ms] ERR:404 body={"strategy":"-android uiautomator","selector":"new UiSelector().resourceIdMatches(\".*COMMUNITY.*\")...
09:00:38.414337 POST /session/d5e037c5-07ea-4c54-bed7-8d15d45be864/element [9.074385ms] ERR:404 body={"strategy":"-android uiautomator","selector":"new UiSelector().resourceIdMatches(\".*COMMUNITY.*\")...
09:00:38.424219 POST /session/d5e037c5-07ea-4c54-bed7-8d15d45be864/element [9.804432ms] ERR:404 body={"strategy":"-android uiautomator","selector":"new UiSelector().resourceIdMatches(\".*COMMUNITY.*\")...
09:00:38.435537 POST /session/d5e037c5-07ea-4c54-bed7-8d15d45be864/element [11.211324ms] ERR:404 body={"strategy":"-android uiautomator","selector":"new UiSelector().resourceIdMatches(\".*COMMUNITY.*\")...
09:00:38.445959 POST /session/d5e037c5-07ea-4c54-bed7-8d15d45be864/element [10.328359ms] ERR:404 body={"strategy":"-android uiautomator","selector":"new UiSelector().resourceIdMatches(\".*COMMUNITY.*\")...
09:00:38.456178 POST /session/d5e037c5-07ea-4c54-bed7-8d15d45be864/element [10.126365ms] ERR:404 body={"strategy":"-android uiautomator","selector":"new UiSelector().resourceIdMatches(\".*COMMUNITY.*\")...
09:00:38.466571 POST /session/d5e037c5-07ea-4c54-bed7-8d15d45be864/element [10.304193ms] ERR:404 body={"strategy":"-android uiautomator","selector":"new UiSelector().resourceIdMatches(\".*COMMUNITY.*\")...
09:00:38.476488 POST /session/d5e037c5-07ea-4c54-bed7-8d15d45be864/element [9.834743ms] ERR:404 body={"strategy":"-android uiautomator","selector":"new UiSelector().resourceIdMatches(\".*COMMUNITY.*\")...
09:00:38.486560 POST /session/d5e037c5-07ea-4c54-bed7-8d15d45be864/element [9.971984ms] ERR:404 body={"strategy":"-android uiautomator","selector":"new UiSelector().resourceIdMatches(\".*COMMUNITY.*\")...
09:00:38.497236 POST /session/d5e037c5-07ea-4c54-bed7-8d15d45be864/element [10.578714ms] ERR:404 body={"strategy":"-android uiautomator","selector":"new UiSelector().resourceIdMatches(\".*COMMUNITY.*\")...
09:00:38.507380 POST /session/d5e037c5-07ea-4c54-bed7-8d15d45be864/element [10.037282ms] ERR:404 body={"strategy":"-android uiautomator","selector":"new UiSelector().resourceIdMatches(\".*COMMUNITY.*\")...
09:00:38.517393 POST /session/d5e037c5-07ea-4c54-bed7-8d15d45be864/element [9.922849ms] ERR:404 body={"strategy":"-android uiautomator","selector":"new UiSelector().resourceIdMatches(\".*COMMUNITY.*\")...
09:00:38.527518 POST /session/d5e037c5-07ea-4c54-bed7-8d15d45be864/element [10.022058ms] ERR:404 body={"strategy":"-android uiautomator","selector":"new UiSelector().resourceIdMatches(\".*COMMUNITY.*\")...
09:00:38.537562 POST /session/d5e037c5-07ea-4c54-bed7-8d15d45be864/element [9.938913ms] ERR:404 body={"strategy":"-android uiautomator","selector":"new UiSelector().resourceIdMatches(\".*COMMUNITY.*\")...
09:00:38.547257 POST /session/d5e037c5-07ea-4c54-bed7-8d15d45be864/element [9.60366ms] ERR:404 body={"strategy":"-android uiautomator","selector":"new UiSelector().resourceIdMatches(\".*COMMUNITY.*\")...
09:00:38.556956 POST /session/d5e037c5-07ea-4c54-bed7-8d15d45be864/element [9.627957ms] ERR:404 body={"strategy":"-android uiautomator","selector":"new UiSelector().resourceIdMatches(\".*COMMUNITY.*\")...
09:00:38.567500 POST /session/d5e037c5-07ea-4c54-bed7-8d15d45be864/element [10.434127ms] ERR:404 body={"strategy":"-android uiautomator","selector":"new UiSelector().resourceIdMatches(\".*COMMUNITY.*\")...
09:00:38.577775 POST /session/d5e037c5-07ea-4c54-bed7-8d15d45be864/element [10.179605ms] ERR:404 body={"strategy":"-android uiautomator","selector":"new UiSelector().resourceIdMatches(\".*COMMUNITY.*\")...
09:00:38.589258 POST /session/d5e037c5-07ea-4c54-bed7-8d15d45be864/element [11.262566ms] ERR:404 body={"strategy":"-android uiautomator","selector":"new UiSelector().resourceIdMatches(\".*COMMUNITY.*\")...
09:00:38.600065 POST /session/d5e037c5-07ea-4c54-bed7-8d15d45be864/element [10.707103ms] ERR:404 body={"strategy":"-android uiautomator","selector":"new UiSelector().resourceIdMatches(\".*COMMUNITY.*\")...
09:00:38.612143 POST /session/d5e037c5-07ea-4c54-bed7-8d15d45be864/element [11.988692ms] ERR:404 body={"strategy":"-android uiautomator","selector":"new UiSelector().resourceIdMatches(\".*COMMUNITY.*\")...
09:00:38.622349 POST /session/d5e037c5-07ea-4c54-bed7-8d15d45be864/element [10.117502ms] ERR:404 body={"strategy":"-android uiautomator","selector":"new UiSelector().resourceIdMatches(\".*COMMUNITY.*\")...
09:00:38.632404 POST /session/d5e037c5-07ea-4c54-bed7-8d15d45be864/element [9.968298ms] ERR:404 body={"strategy":"-android uiautomator","selector":"new UiSelector().resourceIdMatches(\".*COMMUNITY.*\")...
09:00:38.642902 POST /session/d5e037c5-07ea-4c54-bed7-8d15d45be864/element [10.372389ms] ERR:404 body={"strategy":"-android uiautomator","selector":"new UiSelector().resourceIdMatches(\".*COMMUNITY.*\")...
09:00:38.653998 POST /session/d5e037c5-07ea-4c54-bed7-8d15d45be864/element [11.007918ms] ERR:404 body={"strategy":"-android uiautomator","selector":"new UiSelector().resourceIdMatches(\".*COMMUNITY.*\")...
09:00:38.665722 POST /session/d5e037c5-07ea-4c54-bed7-8d15d45be864/element [11.625105ms] ERR:404 body={"strategy":"-android uiautomator","selector":"new UiSelector().resourceIdMatches(\".*COMMUNITY.*\")...
09:00:38.676087 POST /session/d5e037c5-07ea-4c54-bed7-8d15d45be864/element [10.285213ms] ERR:404 body={"strategy":"-android uiautomator","selector":"new UiSelector().resourceIdMatches(\".*COMMUNITY.*\")...
09:00:38.688213 POST /session/d5e037c5-07ea-4c54-bed7-8d15d45be864/element [12.020518ms] ERR:404 body={"strategy":"-android uiautomator","selector":"new UiSelector().resourceIdMatches(\".*COMMUNITY.*\")...
09:00:38.700044 POST /session/d5e037c5-07ea-4c54-bed7-8d15d45be864/element [11.765205ms] ERR:404 body={"strategy":"-android uiautomator","selector":"new UiSelector().resourceIdMatches(\".*COMMUNITY.*\")...
09:00:38.710862 POST /session/d5e037c5-07ea-4c54-bed7-8d15d45be864/element [10.735844ms] ERR:404 body={"strategy":"-android uiautomator","selector":"new UiSelector().resourceIdMatches(\".*COMMUNITY.*\")...
09:00:38.721580 POST /session/d5e037c5-07ea-4c54-bed7-8d15d45be864/element [10.628909ms] ERR:404 body={"strategy":"-android uiautomator","selector":"new UiSelector().resourceIdMatches(\".*COMMUNITY.*\")...
09:00:38.731301 POST /session/d5e037c5-07ea-4c54-bed7-8d15d45be864/element [9.594667ms] ERR:404 body={"strategy":"-android uiautomator","selector":"new UiSelector().resourceIdMatches(\".*COMMUNITY.*\")...
09:00:38.741548 POST /session/d5e037c5-07ea-4c54-bed7-8d15d45be864/element [10.145383ms] ERR:404 body={"strategy":"-android uiautomator","selector":"new UiSelector().resourceIdMatches(\".*COMMUNITY.*\")...
09:00:38.753236 POST /session/d5e037c5-07ea-4c54-bed7-8d15d45be864/element [11.591069ms] ERR:404 body={"strategy":"-android uiautomator","selector":"new UiSelector().resourceIdMatches(\".*COMMUNITY.*\")...
09:00:38.763833 POST /session/d5e037c5-07ea-4c54-bed7-8d15d45be864/element [10.491918ms] ERR:404 body={"strategy":"-android uiautomator","selector":"new UiSelector().resourceIdMatches(\".*COMMUNITY.*\")...
09:00:38.774103 POST /session/d5e037c5-07ea-4c54-bed7-8d15d45be864/element [10.164732ms] ERR:404 body={"strategy":"-android uiautomator","selector":"new UiSelector().resourceIdMatches(\".*COMMUNITY.*\")...
09:00:38.784703 POST /session/d5e037c5-07ea-4c54-bed7-8d15d45be864/element [10.491923ms] ERR:404 body={"strategy":"-android uiautomator","selector":"new UiSelector().resourceIdMatches(\".*COMMUNITY.*\")...
09:00:38.795119 POST /session/d5e037c5-07ea-4c54-bed7-8d15d45be864/element [10.347006ms] ERR:404 body={"strategy":"-android uiautomator","selector":"new UiSelector().resourceIdMatches(\".*COMMUNITY.*\")...
09:00:38.805776 POST /session/d5e037c5-07ea-4c54-bed7-8d15d45be864/element [10.570301ms] ERR:404 body={"strategy":"-android uiautomator","selector":"new UiSelector().resourceIdMatches(\".*COMMUNITY.*\")...
09:00:38.815846 POST /session/d5e037c5-07ea-4c54-bed7-8d15d45be864/element [9.990741ms] ERR:404 body={"strategy":"-android uiautomator","selector":"new UiSelector().resourceIdMatches(\".*COMMUNITY.*\")...
09:00:38.826793 POST /session/d5e037c5-07ea-4c54-bed7-8d15d45be864/element [10.864633ms] ERR:404 body={"strategy":"-android uiautomator","selector":"new UiSelector().resourceIdMatches(\".*COMMUNITY.*\")...
09:00:38.836568 POST /session/d5e037c5-07ea-4c54-bed7-8d15d45be864/element [9.683249ms] ERR:404 body={"strategy":"-android uiautomator","selector":"new UiSelector().resourceIdMatches(\".*COMMUNITY.*\")...
09:00:38.846409 POST /session/d5e037c5-07ea-4c54-bed7-8d15d45be864/element [9.716669ms] ERR:404 body={"strategy":"-android uiautomator","selector":"new UiSelector().resourceIdMatches(\".*COMMUNITY.*\")...
09:00:38.857090 POST /session/d5e037c5-07ea-4c54-bed7-8d15d45be864/element [10.605604ms] ERR:404 body={"strategy":"-android uiautomator","selector":"new UiSelector().resourceIdMatches(\".*COMMUNITY.*\")...
09:00:38.868950 POST /session/d5e037c5-07ea-4c54-bed7-8d15d45be864/element [11.75846ms] ERR:404 body={"strategy":"-android uiautomator","selector":"new UiSelector().resourceIdMatches(\".*COMMUNITY.*\")...
09:00:38.879195 POST /session/d5e037c5-07ea-4c54-bed7-8d15d45be864/element [10.171742ms] ERR:404 body={"strategy":"-android uiautomator","selector":"new UiSelector().resourceIdMatches(\".*COMMUNITY.*\")...
09:00:38.898439 POST /session/d5e037c5-07ea-4c54-bed7-8d15d45be864/element [19.156353ms] ERR:404 body={"strategy":"-android uiautomator","selector":"new UiSelector().resourceIdMatches(\".*COMMUNITY.*\")...
09:00:38.922388 POST /session/d5e037c5-07ea-4c54-bed7-8d15d45be864/element [23.843235ms] ERR:404 body={"strategy":"-android uiautomator","selector":"new UiSelector().resourceIdMatches(\".*COMMUNITY.*\")...
09:00:38.932413 POST /session/d5e037c5-07ea-4c54-bed7-8d15d45be864/element [9.920195ms] ERR:404 body={"strategy":"-android uiautomator","selector":"new UiSelector().resourceIdMatches(\".*COMMUNITY.*\")...
09:00:38.943357 POST /session/d5e037c5-07ea-4c54-bed7-8d15d45be864/element [10.811143ms] ERR:404 body={"strategy":"-android uiautomator","selector":"new UiSelector().resourceIdMatches(\".*COMMUNITY.*\")...
09:00:38.964257 POST /session/d5e037c5-07ea-4c54-bed7-8d15d45be864/element [20.792474ms] ERR:404 body={"strategy":"-android uiautomator","selector":"new UiSelector().resourceIdMatches(\".*COMMUNITY.*\")...
09:00:39.570337 POST /session/d5e037c5-07ea-4c54-bed7-8d15d45be864/element [605.967242ms] ERR:404 body={"strategy":"-android uiautomator","selector":"new UiSelector().resourceIdMatches(\".*COMMUNITY.*\")...
09:00:39.582156 POST /session/d5e037c5-07ea-4c54-bed7-8d15d45be864/element [11.700147ms] ERR:404 body={"strategy":"-android uiautomator","selector":"new UiSelector().resourceIdMatches(\".*COMMUNITY.*\")...
09:00:39.626305 POST /session/d5e037c5-07ea-4c54-bed7-8d15d45be864/element [43.535663ms] ERR:404 body={"strategy":"-android uiautomator","selector":"new UiSelector().resourceIdMatches(\".*COMMUNITY.*\")...
09:00:39.657359 POST /session/d5e037c5-07ea-4c54-bed7-8d15d45be864/element [30.934267ms] ERR:404 body={"strategy":"-android uiautomator","selector":"new UiSelector().resourceIdMatches(\".*COMMUNITY.*\")...
09:00:39.668553 POST /session/d5e037c5-07ea-4c54-bed7-8d15d45be864/element [11.079746ms] ERR:404 body={"strategy":"-android uiautomator","selector":"new UiSelector().resourceIdMatches(\".*COMMUNITY.*\")...
09:00:39.678121 POST /session/d5e037c5-07ea-4c54-bed7-8d15d45be864/element [9.42419ms] ERR:404 body={"strategy":"-android uiautomator","selector":"new UiSelector().resourceIdMatches(\".*COMMUNITY.*\")...
09:00:39.687175 POST /session/d5e037c5-07ea-4c54-bed7-8d15d45be864/element [8.986523ms] ERR:404 body={"strategy":"-android uiautomator","selector":"new UiSelector().resourceIdMatches(\".*COMMUNITY.*\")...
09:00:39.697421 POST /session/d5e037c5-07ea-4c54-bed7-8d15d45be864/element [10.158813ms] ERR:404 body={"strategy":"-android uiautomator","selector":"new UiSelector().resourceIdMatches(\".*COMMUNITY.*\")...
09:00:39.707741 POST /session/d5e037c5-07ea-4c54-bed7-8d15d45be864/element [10.232078ms] ERR:404 body={"strategy":"-android uiautomator","selector":"new UiSelector().resourceIdMatches(\".*COMMUNITY.*\")...
09:00:39.717870 POST /session/d5e037c5-07ea-4c54-bed7-8d15d45be864/element [10.046775ms] ERR:404 body={"strategy":"-android uiautomator","selector":"new UiSelector().resourceIdMatches(\".*COMMUNITY.*\")...
09:00:39.727034 POST /session/d5e037c5-07ea-4c54-bed7-8d15d45be864/element [9.078241ms] ERR:404 body={"strategy":"-android uiautomator","selector":"new UiSelector().resourceIdMatches(\".*COMMUNITY.*\")...
09:00:39.737311 POST /session/d5e037c5-07ea-4c54-bed7-8d15d45be864/element [10.184763ms] ERR:404 body={"strategy":"-android uiautomator","selector":"new UiSelector().resourceIdMatches(\".*COMMUNITY.*\")...
09:00:39.746781 POST /session/d5e037c5-07ea-4c54-bed7-8d15d45be864/element [9.391001ms] ERR:404 body={"strategy":"-android uiautomator","selector":"new UiSelector().resourceIdMatches(\".*COMMUNITY.*\")...
09:00:39.756077 POST /session/d5e037c5-07ea-4c54-bed7-8d15d45be864/element [9.222747ms] ERR:404 body={"strategy":"-android uiautomator","selector":"new UiSelector().resourceIdMatches(\".*COMMUNITY.*\")...
09:00:39.766606 POST /session/d5e037c5-07ea-4c54-bed7-8d15d45be864/element [10.448579ms] ERR:404 body={"strategy":"-android uiautomator","selector":"new UiSelector().resourceIdMatches(\".*COMMUNITY.*\")...
09:00:39.775550 POST /session/d5e037c5-07ea-4c54-bed7-8d15d45be864/element [8.858621ms] ERR:404 body={"strategy":"-android uiautomator","selector":"new UiSelector().resourceIdMatches(\".*COMMUNITY.*\")...
09:00:39.784539 POST /session/d5e037c5-07ea-4c54-bed7-8d15d45be864/element [8.923783ms] ERR:404 body={"strategy":"-android uiautomator","selector":"new UiSelector().resourceIdMatches(\".*COMMUNITY.*\")...
09:00:39.797243 POST /session/d5e037c5-07ea-4c54-bed7-8d15d45be864/element [12.612963ms] ERR:404 body={"strategy":"-android uiautomator","selector":"new UiSelector().resourceIdMatches(\".*COMMUNITY.*\")...
09:00:39.808826 POST /session/d5e037c5-07ea-4c54-bed7-8d15d45be864/element [11.497183ms] ERR:404 body={"strategy":"-android uiautomator","selector":"new UiSelector().resourceIdMatches(\".*COMMUNITY.*\")...
09:00:39.819670 POST /session/d5e037c5-07ea-4c54-bed7-8d15d45be864/element [10.501948ms] ERR:404 body={"strategy":"-android uiautomator","selector":"new UiSelector().resourceIdMatches(\".*COMMUNITY.*\")...
09:00:39.830135 POST /session/d5e037c5-07ea-4c54-bed7-8d15d45be864/element [10.368818ms] ERR:404 body={"strategy":"-android uiautomator","selector":"new UiSelector().resourceIdMatches(\".*COMMUNITY.*\")...
09:00:39.839872 POST /session/d5e037c5-07ea-4c54-bed7-8d15d45be864/element [9.648497ms] ERR:404 body={"strategy":"-android uiautomator","selector":"new UiSelector().resourceIdMatches(\".*COMMUNITY.*\")...
09:00:39.849077 POST /session/d5e037c5-07ea-4c54-bed7-8d15d45be864/element [9.122427ms] ERR:404 body={"strategy":"-android uiautomator","selector":"new UiSelector().resourceIdMatches(\".*COMMUNITY.*\")...
09:00:39.858162 POST /session/d5e037c5-07ea-4c54-bed7-8d15d45be864/element [9.021315ms] ERR:404 body={"strategy":"-android uiautomator","selector":"new UiSelector().resourceIdMatches(\".*COMMUNITY.*\")...
09:00:39.867208 POST /session/d5e037c5-07ea-4c54-bed7-8d15d45be864/element [8.968967ms] ERR:404 body={"strategy":"-android uiautomator","selector":"new UiSelector().resourceIdMatches(\".*COMMUNITY.*\")...
09:00:39.876576 POST /session/d5e037c5-07ea-4c54-bed7-8d15d45be864/element [9.31067ms] ERR:404 body={"strategy":"-android uiautomator","selector":"new UiSelector().resourceIdMatches(\".*COMMUNITY.*\")...
09:00:39.885707 POST /session/d5e037c5-07ea-4c54-bed7-8d15d45be864/element [9.071201ms] ERR:404 body={"strategy":"-android uiautomator","selector":"new UiSelector().resourceIdMatches(\".*COMMUNITY.*\")...
09:00:39.895076 POST /session/d5e037c5-07ea-4c54-bed7-8d15d45be864/element [9.291581ms] ERR:404 body={"strategy":"-android uiautomator","selector":"new UiSelector().resourceIdMatches(\".*COMMUNITY.*\")...
09:00:39.903854 POST /session/d5e037c5-07ea-4c54-bed7-8d15d45be864/element [8.70477ms] ERR:404 body={"strategy":"-android uiautomator","selector":"new UiSelector().resourceIdMatches(\".*COMMUNITY.*\")...
09:00:39.912826 POST /session/d5e037c5-07ea-4c54-bed7-8d15d45be864/element [8.881345ms] ERR:404 body={"strategy":"-android uiautomator","selector":"new UiSelector().resourceIdMatches(\".*COMMUNITY.*\")...
09:00:39.921380 POST /session/d5e037c5-07ea-4c54-bed7-8d15d45be864/element [8.453633ms] ERR:404 body={"strategy":"-android uiautomator","selector":"new UiSelector().resourceIdMatches(\".*COMMUNITY.*\")...
09:00:39.930785 POST /session/d5e037c5-07ea-4c54-bed7-8d15d45be864/element [9.312212ms] ERR:404 body={"strategy":"-android uiautomator","selector":"new UiSelector().resourceIdMatches(\".*COMMUNITY.*\")...
09:00:39.947472 POST /session/d5e037c5-07ea-4c54-bed7-8d15d45be864/element [16.599324ms] ERR:404 body={"strategy":"-android uiautomator","selector":"new UiSelector().resourceIdMatches(\".*COMMUNITY.*\")...
09:00:39.966971 POST /session/d5e037c5-07ea-4c54-bed7-8d15d45be864/element [19.412147ms] ERR:404 body={"strategy":"-android uiautomator","selector":"new UiSelector().resourceIdMatches(\".*COMMUNITY.*\")...
09:00:39.978842 POST /session/d5e037c5-07ea-4c54-bed7-8d15d45be864/element [11.78863ms] ERR:404 body={"strategy":"-android uiautomator","selector":"new UiSelector().resourceIdMatches(\".*COMMUNITY.*\")...
09:00:39.989288 POST /session/d5e037c5-07ea-4c54-bed7-8d15d45be864/element [10.356805ms] ERR:404 body={"strategy":"-android uiautomator","selector":"new UiSelector().resourceIdMatches(\".*COMMUNITY.*\")...
09:00:39.999949 POST /session/d5e037c5-07ea-4c54-bed7-8d15d45be864/element [10.560352ms] ERR:404 body={"strategy":"-android uiautomator","selector":"new UiSelector().resourceIdMatches(\".*COMMUNITY.*\")...
09:00:40.010525 POST /session/d5e037c5-07ea-4c54-bed7-8d15d45be864/element [10.507031ms] ERR:404 body={"strategy":"-android uiautomator","selector":"new UiSelector().resourceIdMatches(\".*COMMUNITY.*\")...
09:00:40.020910 POST /session/d5e037c5-07ea-4c54-bed7-8d15d45be864/element [10.296254ms] ERR:404 body={"strategy":"-android uiautomator","selector":"new UiSelector().resourceIdMatches(\".*COMMUNITY.*\")...
09:00:40.029697 POST /session/d5e037c5-07ea-4c54-bed7-8d15d45be864/element [8.705742ms] ERR:404 body={"strategy":"-android uiautomator","selector":"new UiSelector().resourceIdMatches(\".*COMMUNITY.*\")...
09:00:40.038366 POST /session/d5e037c5-07ea-4c54-bed7-8d15d45be864/element [8.592792ms] ERR:404 body={"strategy":"-android uiautomator","selector":"new UiSelector().resourceIdMatches(\".*COMMUNITY.*\")...
09:00:40.056620 POST /session/d5e037c5-07ea-4c54-bed7-8d15d45be864/element [18.18202ms] ERR:404 body={"strategy":"-android uiautomator","selector":"new UiSelector().resourceIdMatches(\".*COMMUNITY.*\")...
09:00:40.065543 POST /session/d5e037c5-07ea-4c54-bed7-8d15d45be864/element [8.819282ms] ERR:404 body={"strategy":"-android uiautomator","selector":"new UiSelector().resourceIdMatches(\".*COMMUNITY.*\")...
09:00:40.074334 POST /session/d5e037c5-07ea-4c54-bed7-8d15d45be864/element [8.723823ms] ERR:404 body={"strategy":"-android uiautomator","selector":"new UiSelector().resourceIdMatches(\".*COMMUNITY.*\")...
09:00:40.083229 POST /session/d5e037c5-07ea-4c54-bed7-8d15d45be864/element [8.770314ms] ERR:404 body={"strategy":"-android uiautomator","selector":"new UiSelector().resourceIdMatches(\".*COMMUNITY.*\")...
09:00:40.091504 POST /session/d5e037c5-07ea-4c54-bed7-8d15d45be864/element [8.186812ms] ERR:404 body={"strategy":"-android uiautomator","selector":"new UiSelector().resourceIdMatches(\".*COMMUNITY.*\")...
09:00:40.104070 POST /session/d5e037c5-07ea-4c54-bed7-8d15d45be864/element [12.470764ms] ERR:404 body={"strategy":"-android uiautomator","selector":"new UiSelector().resourceIdMatches(\".*COMMUNITY.*\")...
09:00:40.123764 POST /session/d5e037c5-07ea-4c54-bed7-8d15d45be864/element [19.596184ms] ERR:404 body={"strategy":"-android uiautomator","selector":"new UiSelector().resourceIdMatches(\".*COMMUNITY.*\")...
09:00:40.136431 POST /session/d5e037c5-07ea-4c54-bed7-8d15d45be864/element [12.532207ms] ERR:404 body={"strategy":"-android uiautomator","selector":"new UiSelector().resourceIdMatches(\".*COMMUNITY.*\")...
09:00:40.144717 POST /session/d5e037c5-07ea-4c54-bed7-8d15d45be864/element [8.182446ms] ERR:404 body={"strategy":"-android uiautomator","selector":"new UiSelector().resourceIdMatches(\".*COMMUNITY.*\")...
09:00:40.169111 POST /session/d5e037c5-07ea-4c54-bed7-8d15d45be864/element [24.310171ms] ERR:404 body={"strategy":"-android uiautomator","selector":"new UiSelector().resourceIdMatches(\".*COMMUNITY.*\")...
09:00:40.183642 POST /session/d5e037c5-07ea-4c54-bed7-8d15d45be864/element [14.436046ms] ERR:404 body={"strategy":"-android uiautomator","selector":"new UiSelector().resourceIdMatches(\".*COMMUNITY.*\")...
09:00:40.192041 POST /session/d5e037c5-07ea-4c54-bed7-8d15d45be864/element [8.289577ms] ERR:404 body={"strategy":"-android uiautomator","selector":"new UiSelector().resourceIdMatches(\".*COMMUNITY.*\")...
09:00:40.200636 POST /session/d5e037c5-07ea-4c54-bed7-8d15d45be864/element [8.517339ms] ERR:404 body={"strategy":"-android uiautomator","selector":"new UiSelector().resourceIdMatches(\".*COMMUNITY.*\")...
09:00:40.211239 POST /session/d5e037c5-07ea-4c54-bed7-8d15d45be864/element [10.490792ms] ERR:404 body={"strategy":"-android uiautomator","selector":"new UiSelector().resourceIdMatches(\".*COMMUNITY.*\")...
09:00:40.219585 POST /session/d5e037c5-07ea-4c54-bed7-8d15d45be864/element [8.262967ms] ERR:404 body={"strategy":"-android uiautomator","selector":"new UiSelector().resourceIdMatches(\".*COMMUNITY.*\")...
09:00:40.239130 POST /session/d5e037c5-07ea-4c54-bed7-8d15d45be864/element [19.41405ms] ERR:404 body={"strategy":"-android uiautomator","selector":"new UiSelector().resourceIdMatches(\".*COMMUNITY.*\")...
09:00:40.379113 POST /session/d5e037c5-07ea-4c54-bed7-8d15d45be864/element [139.85511ms] ERR:404 body={"strategy":"-android uiautomator","selector":"new UiSelector().resourceIdMatches(\".*COMMUNITY.*\")...
09:00:40.396710 POST /session/d5e037c5-07ea-4c54-bed7-8d15d45be864/element [17.458884ms] ERR:404 body={"strategy":"-android uiautomator","selector":"new UiSelector().resourceIdMatches(\".*COMMUNITY.*\")...
09:00:40.410488 POST /session/d5e037c5-07ea-4c54-bed7-8d15d45be864/element [13.662725ms] ERR:404 body={"strategy":"-android uiautomator","selector":"new UiSelector().resourceIdMatches(\".*COMMUNITY.*\")...
09:00:40.420983 POST /session/d5e037c5-07ea-4c54-bed7-8d15d45be864/element [10.397502ms] ERR:404 body={"strategy":"-android uiautomator","selector":"new UiSelector().resourceIdMatches(\".*COMMUNITY.*\")...
09:00:40.429198 POST /session/d5e037c5-07ea-4c54-bed7-8d15d45be864/element [8.135876ms] ERR:404 body={"strategy":"-android uiautomator","selector":"new UiSelector().resourceIdMatches(\".*COMMUNITY.*\")...
09:00:40.442040 POST /session/d5e037c5-07ea-4c54-bed7-8d15d45be864/element [12.736864ms] ERR:404 body={"strategy":"-android uiautomator","selector":"new UiSelector().resourceIdMatches(\".*COMMUNITY.*\")...
09:00:41.640804 POST /session/d5e037c5-07ea-4c54-bed7-8d15d45be864/element [1.198628781s] ERR:404 body={"strategy":"-android uiautomator","selector":"new UiSelector().resourceIdMatches(\".*COMMUNITY.*\")...
09:00:42.928490 POST /session/d5e037c5-07ea-4c54-bed7-8d15d45be864/element [1.287558282s] OK body={"strategy":"-android uiautomator","selector":"new UiSelector().resourceIdMatches(\".*COMMUNITY.*\")...
09:00:43.118780 GET /session/d5e037c5-07ea-4c54-bed7-8d15d45be864/element/00000000-0000-0010-ffff-ffff00000095/text [190.208059ms] OK body=
09:00:43.129257 GET /session/d5e037c5-07ea-4c54-bed7-8d15d45be864/element/00000000-0000-0010-ffff-ffff00000095/rect [10.405634ms] OK body=
09:00:43.156002 POST /session/d5e037c5-07ea-4c54-bed7-8d15d45be864/element [26.002462ms] OK body={"strategy":"-android uiautomator","selector":"new UiSelector().textContains(\"Community\")"}
09:00:43.181515 POST /session/d5e037c5-07ea-4c54-bed7-8d15d45be864/element [24.693036ms] ERR:404 body={"strategy":"-android uiautomator","selector":"new UiSelector().resourceIdMatches(\".*COMMUNITY.*\")...
09:00:43.202436 POST /session/d5e037c5-07ea-4c54-bed7-8d15d45be864/element [20.836626ms] OK body={"strategy":"-android uiautomator","selector":"new UiSelector().resourceIdMatches(\".*COMMUNITY.*\")...
09:00:43.210911 GET /session/d5e037c5-07ea-4c54-bed7-8d15d45be864/element/00000000-0000-0010-ffff-ffff00000095/text [8.414413ms] OK body=
09:00:43.220681 GET /session/d5e037c5-07ea-4c54-bed7-8d15d45be864/element/00000000-0000-0010-ffff-ffff00000095/rect [9.728928ms] OK body=
09:00:43.251131 POST /session/d5e037c5-07ea-4c54-bed7-8d15d45be864/element/00000000-0000-0010-ffff-ffff00000095/click [30.403165ms] OK body=
09:00:43.370400 POST /session/d5e037c5-07ea-4c54-bed7-8d15d45be864/element [117.986004ms] ERR:404 body={"strategy":"-android uiautomator","selector":"new UiSelector().resourceIdMatches(\".*recipe.*\").cl...
09:00:43.414199 POST /session/d5e037c5-07ea-4c54-bed7-8d15d45be864/element [43.693535ms] OK body={"strategy":"-android uiautomator","selector":"new UiSelector().resourceIdMatches(\".*recipe.*\")"}
09:00:43.426834 GET /session/d5e037c5-07ea-4c54-bed7-8d15d45be864/element/00000000-0000-0010-ffff-ffff000000ed/text [12.556909ms] OK body=
09:00:43.440054 GET /session/d5e037c5-07ea-4c54-bed7-8d15d45be864/element/00000000-0000-0010-ffff-ffff000000ed/rect [13.155298ms] OK body=
09:00:43.489038 POST /session/d5e037c5-07ea-4c54-bed7-8d15d45be864/element/00000000-0000-0010-ffff-ffff000000ed/click [48.886011ms] OK body=
09:00:43.546835 POST /session/d5e037c5-07ea-4c54-bed7-8d15d45be864/element [56.675051ms] ERR:404 body={"strategy":"-android uiautomator","selector":"new UiSelector().resourceIdMatches(\".*recipe-cook-bu...
09:00:43.584083 POST /session/d5e037c5-07ea-4c54-bed7-8d15d45be864/element [37.105068ms] ERR:404 body={"strategy":"-android uiautomator","selector":"new UiSelector().resourceIdMatches(\".*recipe-cook-bu...
09:00:44.040985 POST /session/d5e037c5-07ea-4c54-bed7-8d15d45be864/element [456.793311ms] ERR:404 body={"strategy":"-android uiautomator","selector":"new UiSelector().resourceIdMatches(\".*recipe-cook-bu...
09:00:44.382813 POST /session/d5e037c5-07ea-4c54-bed7-8d15d45be864/element [341.680281ms] ERR:404 body={"strategy":"-android uiautomator","selector":"new UiSelector().resourceIdMatches(\".*recipe-cook-bu...
09:00:44.400840 POST /session/d5e037c5-07ea-4c54-bed7-8d15d45be864/element [17.925446ms] ERR:404 body={"strategy":"-android uiautomator","selector":"new UiSelector().resourceIdMatches(\".*recipe-cook-bu...
09:00:44.423822 POST /session/d5e037c5-07ea-4c54-bed7-8d15d45be864/element [22.897224ms] ERR:404 body={"strategy":"-android uiautomator","selector":"new UiSelector().resourceIdMatches(\".*recipe-cook-bu...
09:00:44.436341 POST /session/d5e037c5-07ea-4c54-bed7-8d15d45be864/element [12.429988ms] ERR:404 body={"strategy":"-android uiautomator","selector":"new UiSelector().resourceIdMatches(\".*recipe-cook-bu...
09:00:44.454425 POST /session/d5e037c5-07ea-4c54-bed7-8d15d45be864/element [17.992586ms] ERR:404 body={"strategy":"-android uiautomator","selector":"new UiSelector().resourceIdMatches(\".*recipe-cook-bu...
09:00:44.472420 POST /session/d5e037c5-07ea-4c54-bed7-8d15d45be864/element [17.888329ms] ERR:404 body={"strategy":"-android uiautomator","selector":"new UiSelector().resourceIdMatches(\".*recipe-cook-bu...
09:00:44.485615 POST /session/d5e037c5-07ea-4c54-bed7-8d15d45be864/element [13.063264ms] ERR:404 body={"strategy":"-android uiautomator","selector":"new UiSelector().resourceIdMatches(\".*recipe-cook-bu...
09:00:44.500704 POST /session/d5e037c5-07ea-4c54-bed7-8d15d45be864/element [14.913583ms] ERR:404 body={"strategy":"-android uiautomator","selector":"new UiSelector().resourceIdMatches(\".*recipe-cook-bu...
09:00:44.512922 POST /session/d5e037c5-07ea-4c54-bed7-8d15d45be864/element [12.121561ms] ERR:404 body={"strategy":"-android uiautomator","selector":"new UiSelector().resourceIdMatches(\".*recipe-cook-bu...
09:00:44.527622 POST /session/d5e037c5-07ea-4c54-bed7-8d15d45be864/element [14.606341ms] ERR:404 body={"strategy":"-android uiautomator","selector":"new UiSelector().resourceIdMatches(\".*recipe-cook-bu...
09:00:45.357464 POST /session/d5e037c5-07ea-4c54-bed7-8d15d45be864/element [829.717824ms] ERR:404 body={"strategy":"-android uiautomator","selector":"new UiSelector().resourceIdMatches(\".*recipe-cook-bu...
09:00:45.763329 POST /session/d5e037c5-07ea-4c54-bed7-8d15d45be864/element [405.741342ms] OK body={"strategy":"-android uiautomator","selector":"new UiSelector().resourceIdMatches(\".*recipe-cook-bu...
09:00:45.780069 GET /session/d5e037c5-07ea-4c54-bed7-8d15d45be864/element/00000000-0000-0010-ffff-ffff00000123/text [16.651016ms] OK body=
09:00:45.795172 GET /session/d5e037c5-07ea-4c54-bed7-8d15d45be864/element/00000000-0000-0010-ffff-ffff00000123/rect [15.028905ms] OK body=
09:00:45.838809 POST /session/d5e037c5-07ea-4c54-bed7-8d15d45be864/element/00000000-0000-0010-ffff-ffff00000123/click [43.553955ms] OK body=
09:00:45.919756 POST /session/d5e037c5-07ea-4c54-bed7-8d15d45be864/element [79.147494ms] ERR:404 body={"strategy":"-android uiautomator","selector":"new UiSelector().resourceIdMatches(\".*active-speakin...
09:00:46.345046 POST /session/d5e037c5-07ea-4c54-bed7-8d15d45be864/element [425.10114ms] ERR:404 body={"strategy":"-android uiautomator","selector":"new UiSelector().resourceIdMatches(\".*active-speakin...
09:00:47.157054 POST /session/d5e037c5-07ea-4c54-bed7-8d15d45be864/element [811.894774ms] OK body={"strategy":"-android uiautomator","selector":"new UiSelector().resourceIdMatches(\".*active-speakin...
09:00:47.165708 GET /session/d5e037c5-07ea-4c54-bed7-8d15d45be864/element/00000000-0000-0010-ffff-ffff000001e0/text [8.569743ms] OK body=
09:00:47.174571 GET /session/d5e037c5-07ea-4c54-bed7-8d15d45be864/element/00000000-0000-0010-ffff-ffff000001e0/rect [8.82494ms] OK body=
09:00:47.209501 POST /session/d5e037c5-07ea-4c54-bed7-8d15d45be864/element/00000000-0000-0010-ffff-ffff000001e0/click [34.876085ms] OK body=
09:00:47.714169 POST /session/d5e037c5-07ea-4c54-bed7-8d15d45be864/element [503.608639ms] ERR:404 body={"strategy":"-android uiautomator","selector":"new UiSelector().textContains(\"English\")"}
09:00:47.728696 POST /session/d5e037c5-07ea-4c54-bed7-8d15d45be864/element [14.368564ms] ERR:404 body={"strategy":"-android uiautomator","selector":"new UiSelector().descriptionContains(\"English\")"}
09:00:47.743613 POST /session/d5e037c5-07ea-4c54-bed7-8d15d45be864/element [14.789109ms] ERR:404 body={"strategy":"-android uiautomator","selector":"new UiSelector().textMatches(\"(?is).*\\QEnglish\\E.*...
09:00:47.760219 POST /session/d5e037c5-07ea-4c54-bed7-8d15d45be864/element [16.481717ms] ERR:404 body={"strategy":"-android uiautomator","selector":"new UiSelector().descriptionMatches(\"(?is).*\\QEngli...
09:00:47.776866 POST /session/d5e037c5-07ea-4c54-bed7-8d15d45be864/element [16.562698ms] ERR:404 body={"strategy":"-android uiautomator","selector":"new UiSelector().textContains(\"English\")"}
09:00:47.795323 POST /session/d5e037c5-07ea-4c54-bed7-8d15d45be864/element [18.363117ms] ERR:404 body={"strategy":"-android uiautomator","selector":"new UiSelector().descriptionContains(\"English\")"}
09:00:47.810406 POST /session/d5e037c5-07ea-4c54-bed7-8d15d45be864/element [14.969086ms] ERR:404 body={"strategy":"-android uiautomator","selector":"new UiSelector().textMatches(\"(?is).*\\QEnglish\\E.*...
09:00:47.824172 POST /session/d5e037c5-07ea-4c54-bed7-8d15d45be864/element [13.645924ms] ERR:404 body={"strategy":"-android uiautomator","selector":"new UiSelector().descriptionMatches(\"(?is).*\\QEngli...
09:00:47.836817 POST /session/d5e037c5-07ea-4c54-bed7-8d15d45be864/element [12.544575ms] ERR:404 body={"strategy":"-android uiautomator","selector":"new UiSelector().textContains(\"English\")"}
09:00:47.852488 POST /session/d5e037c5-07ea-4c54-bed7-8d15d45be864/element [15.587915ms] ERR:404 body={"strategy":"-android uiautomator","selector":"new UiSelector().descriptionContains(\"English\")"}
09:00:47.874115 POST /session/d5e037c5-07ea-4c54-bed7-8d15d45be864/element [21.534734ms] ERR:404 body={"strategy":"-android uiautomator","selector":"new UiSelector().textMatches(\"(?is).*\\QEnglish\\E.*...
09:00:47.890809 POST /session/d5e037c5-07ea-4c54-bed7-8d15d45be864/element [16.569158ms] ERR:404 body={"strategy":"-android uiautomator","selector":"new UiSelector().descriptionMatches(\"(?is).*\\QEngli...
09:00:47.907049 POST /session/d5e037c5-07ea-4c54-bed7-8d15d45be864/element [16.129538ms] ERR:404 body={"strategy":"-android uiautomator","selector":"new UiSelector().textContains(\"English\")"}
09:00:47.924590 POST /session/d5e037c5-07ea-4c54-bed7-8d15d45be864/element [17.420416ms] ERR:404 body={"strategy":"-android uiautomator","selector":"new UiSelector().descriptionContains(\"English\")"}
09:00:47.939954 POST /session/d5e037c5-07ea-4c54-bed7-8d15d45be864/element [15.247243ms] ERR:404 body={"strategy":"-android uiautomator","selector":"new UiSelector().textMatches(\"(?is).*\\QEnglish\\E.*...
09:00:47.955631 POST /session/d5e037c5-07ea-4c54-bed7-8d15d45be864/element [15.57486ms] ERR:404 body={"strategy":"-android uiautomator","selector":"new UiSelector().descriptionMatches(\"(?is).*\\QEngli...
09:00:47.971562 POST /session/d5e037c5-07ea-4c54-bed7-8d15d45be864/element [15.80186ms] ERR:404 body={"strategy":"-android uiautomator","selector":"new UiSelector().textContains(\"English\")"}
09:00:47.987228 POST /session/d5e037c5-07ea-4c54-bed7-8d15d45be864/element [15.577499ms] ERR:404 body={"strategy":"-android uiautomator","selector":"new UiSelector().descriptionContains(\"English\")"}
09:00:48.005128 POST /session/d5e037c5-07ea-4c54-bed7-8d15d45be864/element [17.799425ms] ERR:404 body={"strategy":"-android uiautomator","selector":"new UiSelector().textMatches(\"(?is).*\\QEnglish\\E.*...
09:00:48.018052 POST /session/d5e037c5-07ea-4c54-bed7-8d15d45be864/element [12.83777ms] ERR:404 body={"strategy":"-android uiautomator","selector":"new UiSelector().descriptionMatches(\"(?is).*\\QEngli...
09:00:48.072668 POST /session/d5e037c5-07ea-4c54-bed7-8d15d45be864/element [54.48715ms] ERR:404 body={"strategy":"-android uiautomator","selector":"new UiSelector().textContains(\"English\")"}
09:00:48.415578 POST /session/d5e037c5-07ea-4c54-bed7-8d15d45be864/element [342.772411ms] ERR:404 body={"strategy":"-android uiautomator","selector":"new UiSelector().descriptionContains(\"English\")"}
09:00:48.449628 POST /session/d5e037c5-07ea-4c54-bed7-8d15d45be864/element [33.898753ms] ERR:404 body={"strategy":"-android uiautomator","selector":"new UiSelector().textMatches(\"(?is).*\\QEnglish\\E.*...
09:00:48.470541 POST /session/d5e037c5-07ea-4c54-bed7-8d15d45be864/element [20.762839ms] ERR:404 body={"strategy":"-android uiautomator","selector":"new UiSelector().descriptionMatches(\"(?is).*\\QEngli...
09:00:48.485483 POST /session/d5e037c5-07ea-4c54-bed7-8d15d45be864/element [14.842555ms] ERR:404 body={"strategy":"-android uiautomator","selector":"new UiSelector().textContains(\"English\")"}
09:00:48.499705 POST /session/d5e037c5-07ea-4c54-bed7-8d15d45be864/element [14.088673ms] ERR:404 body={"strategy":"-android uiautomator","selector":"new UiSelector().descriptionContains(\"English\")"}
09:00:48.513393 POST /session/d5e037c5-07ea-4c54-bed7-8d15d45be864/element [13.584967ms] ERR:404 body={"strategy":"-android uiautomator","selector":"new UiSelector().textMatches(\"(?is).*\\QEnglish\\E.*...
09:00:48.527259 POST /session/d5e037c5-07ea-4c54-bed7-8d15d45be864/element [13.764046ms] ERR:404 body={"strategy":"-android uiautomator","selector":"new UiSelector().descriptionMatches(\"(?is).*\\QEngli...
09:00:48.540371 POST /session/d5e037c5-07ea-4c54-bed7-8d15d45be864/element [13.030425ms] ERR:404 body={"strategy":"-android uiautomator","selector":"new UiSelector().textContains(\"English\")"}
09:00:48.553257 POST /session/d5e037c5-07ea-4c54-bed7-8d15d45be864/element [12.788651ms] ERR:404 body={"strategy":"-android uiautomator","selector":"new UiSelector().descriptionContains(\"English\")"}
09:00:48.568045 POST /session/d5e037c5-07ea-4c54-bed7-8d15d45be864/element [14.69248ms] ERR:404 body={"strategy":"-android uiautomator","selector":"new UiSelector().textMatches(\"(?is).*\\QEnglish\\E.*...
09:00:48.583685 POST /session/d5e037c5-07ea-4c54-bed7-8d15d45be864/element [15.516177ms] ERR:404 body={"strategy":"-android uiautomator","selector":"new UiSelector().descriptionMatches(\"(?is).*\\QEngli...
09:00:48.598121 POST /session/d5e037c5-07ea-4c54-bed7-8d15d45be864/element [14.35933ms] ERR:404 body={"strategy":"-android uiautomator","selector":"new UiSelector().textContains(\"English\")"}
09:00:48.613531 POST /session/d5e037c5-07ea-4c54-bed7-8d15d45be864/element [15.326948ms] ERR:404 body={"strategy":"-android uiautomator","selector":"new UiSelector().descriptionContains(\"English\")"}
09:00:48.643637 POST /session/d5e037c5-07ea-4c54-bed7-8d15d45be864/element [30.000324ms] ERR:404 body={"strategy":"-android uiautomator","selector":"new UiSelector().textMatches(\"(?is).*\\QEnglish\\E.*...
09:00:48.660236 POST /session/d5e037c5-07ea-4c54-bed7-8d15d45be864/element [16.482397ms] ERR:404 body={"strategy":"-android uiautomator","selector":"new UiSelector().descriptionMatches(\"(?is).*\\QEngli...
09:00:48.674807 POST /session/d5e037c5-07ea-4c54-bed7-8d15d45be864/element [14.479555ms] ERR:404 body={"strategy":"-android uiautomator","selector":"new UiSelector().textContains(\"English\")"}
09:00:48.689293 POST /session/d5e037c5-07ea-4c54-bed7-8d15d45be864/element [14.418699ms] ERR:404 body={"strategy":"-android uiautomator","selector":"new UiSelector().descriptionContains(\"English\")"}
09:00:48.706250 POST /session/d5e037c5-07ea-4c54-bed7-8d15d45be864/element [16.872723ms] ERR:404 body={"strategy":"-android uiautomator","selector":"new UiSelector().textMatches(\"(?is).*\\QEnglish\\E.*...
09:00:48.720252 POST /session/d5e037c5-07ea-4c54-bed7-8d15d45be864/element [13.916966ms] ERR:404 body={"strategy":"-android uiautomator","selector":"new UiSelector().descriptionMatches(\"(?is).*\\QEngli...
09:00:48.733347 POST /session/d5e037c5-07ea-4c54-bed7-8d15d45be864/element [13.00695ms] ERR:404 body={"strategy":"-android uiautomator","selector":"new UiSelector().textContains(\"English\")"}
09:00:48.746604 POST /session/d5e037c5-07ea-4c54-bed7-8d15d45be864/element [13.142378ms] ERR:404 body={"strategy":"-android uiautomator","selector":"new UiSelector().descriptionContains(\"English\")"}
09:00:48.761290 POST /session/d5e037c5-07ea-4c54-bed7-8d15d45be864/element [14.572915ms] ERR:404 body={"strategy":"-android uiautomator","selector":"new UiSelector().textMatches(\"(?is).*\\QEnglish\\E.*...
09:00:48.778058 POST /session/d5e037c5-07ea-4c54-bed7-8d15d45be864/element [16.669599ms] ERR:404 body={"strategy":"-android uiautomator","selector":"new UiSelector().descriptionMatches(\"(?is).*\\QEngli...
09:00:48.795826 POST /session/d5e037c5-07ea-4c54-bed7-8d15d45be864/element [17.661744ms] ERR:404 body={"strategy":"-android uiautomator","selector":"new UiSelector().textContains(\"English\")"}
09:00:48.810131 POST /session/d5e037c5-07ea-4c54-bed7-8d15d45be864/element [14.241042ms] ERR:404 body={"strategy":"-android uiautomator","selector":"new UiSelector().descriptionContains(\"English\")"}
09:00:48.827026 POST /session/d5e037c5-07ea-4c54-bed7-8d15d45be864/element [16.820089ms] ERR:404 body={"strategy":"-android uiautomator","selector":"new UiSelector().textMatches(\"(?is).*\\QEnglish\\E.*...
09:00:48.841699 POST /session/d5e037c5-07ea-4c54-bed7-8d15d45be864/element [14.573351ms] ERR:404 body={"strategy":"-android uiautomator","selector":"new UiSelector().descriptionMatches(\"(?is).*\\QEngli...
09:00:48.858832 POST /session/d5e037c5-07ea-4c54-bed7-8d15d45be864/element [17.045548ms] ERR:404 body={"strategy":"-android uiautomator","selector":"new UiSelector().textContains(\"English\")"}
09:00:48.875190 POST /session/d5e037c5-07ea-4c54-bed7-8d15d45be864/element [16.258857ms] ERR:404 body={"strategy":"-android uiautomator","selector":"new UiSelector().descriptionContains(\"English\")"}
09:00:48.889926 POST /session/d5e037c5-07ea-4c54-bed7-8d15d45be864/element [14.644788ms] ERR:404 body={"strategy":"-android uiautomator","selector":"new UiSelector().textMatches(\"(?is).*\\QEnglish\\E.*...
09:00:48.904544 POST /session/d5e037c5-07ea-4c54-bed7-8d15d45be864/element [14.53278ms] ERR:404 body={"strategy":"-android uiautomator","selector":"new UiSelector().descriptionMatches(\"(?is).*\\QEngli...
09:00:48.918792 POST /session/d5e037c5-07ea-4c54-bed7-8d15d45be864/element [14.161623ms] ERR:404 body={"strategy":"-android uiautomator","selector":"new UiSelector().textContains(\"English\")"}
09:00:48.935675 POST /session/d5e037c5-07ea-4c54-bed7-8d15d45be864/element [16.787035ms] ERR:404 body={"strategy":"-android uiautomator","selector":"new UiSelector().descriptionContains(\"English\")"}
09:00:48.950317 POST /session/d5e037c5-07ea-4c54-bed7-8d15d45be864/element [14.560807ms] ERR:404 body={"strategy":"-android uiautomator","selector":"new UiSelector().textMatches(\"(?is).*\\QEnglish\\E.*...
09:00:48.966714 POST /session/d5e037c5-07ea-4c54-bed7-8d15d45be864/element [16.286894ms] ERR:404 body={"strategy":"-android uiautomator","selector":"new UiSelector().descriptionMatches(\"(?is).*\\QEngli...
09:00:48.980940 POST /session/d5e037c5-07ea-4c54-bed7-8d15d45be864/element [14.116546ms] ERR:404 body={"strategy":"-android uiautomator","selector":"new UiSelector().textContains(\"English\")"}
09:00:48.994772 POST /session/d5e037c5-07ea-4c54-bed7-8d15d45be864/element [13.742594ms] ERR:404 body={"strategy":"-android uiautomator","selector":"new UiSelector().descriptionContains(\"English\")"}
09:00:49.013159 POST /session/d5e037c5-07ea-4c54-bed7-8d15d45be864/element [18.279026ms] ERR:404 body={"strategy":"-android uiautomator","selector":"new UiSelector().textMatches(\"(?is).*\\QEnglish\\E.*...
09:00:49.028085 POST /session/d5e037c5-07ea-4c54-bed7-8d15d45be864/element [14.827357ms] ERR:404 body={"strategy":"-android uiautomator","selector":"new UiSelector().descriptionMatches(\"(?is).*\\QEngli...
09:00:49.042471 POST /session/d5e037c5-07ea-4c54-bed7-8d15d45be864/element [14.26967ms] ERR:404 body={"strategy":"-android uiautomator","selector":"new UiSelector().textContains(\"English\")"}
09:00:49.058110 POST /session/d5e037c5-07ea-4c54-bed7-8d15d45be864/element [15.541524ms] ERR:404 body={"strategy":"-android uiautomator","selector":"new UiSelector().descriptionContains(\"English\")"}
09:00:49.077261 POST /session/d5e037c5-07ea-4c54-bed7-8d15d45be864/element [19.065356ms] ERR:404 body={"strategy":"-android uiautomator","selector":"new UiSelector().textMatches(\"(?is).*\\QEnglish\\E.*...
09:00:49.092442 POST /session/d5e037c5-07ea-4c54-bed7-8d15d45be864/element [15.089065ms] ERR:404 body={"strategy":"-android uiautomator","selector":"new UiSelector().descriptionMatches(\"(?is).*\\QEngli...
09:00:49.110062 POST /session/d5e037c5-07ea-4c54-bed7-8d15d45be864/element [17.408939ms] ERR:404 body={"strategy":"-android uiautomator","selector":"new UiSelector().textContains(\"English\")"}
09:00:49.126332 POST /session/d5e037c5-07ea-4c54-bed7-8d15d45be864/element [16.159012ms] ERR:404 body={"strategy":"-android uiautomator","selector":"new UiSelector().descriptionContains(\"English\")"}
09:00:49.142010 POST /session/d5e037c5-07ea-4c54-bed7-8d15d45be864/element [15.587273ms] ERR:404 body={"strategy":"-android uiautomator","selector":"new UiSelector().textMatches(\"(?is).*\\QEnglish\\E.*...
09:00:49.157019 POST /session/d5e037c5-07ea-4c54-bed7-8d15d45be864/element [14.893542ms] ERR:404 body={"strategy":"-android uiautomator","selector":"new UiSelector().descriptionMatches(\"(?is).*\\QEngli...
09:00:49.171980 POST /session/d5e037c5-07ea-4c54-bed7-8d15d45be864/element [14.874333ms] ERR:404 body={"strategy":"-android uiautomator","selector":"new UiSelector().textContains(\"English\")"}
09:00:49.186285 POST /session/d5e037c5-07ea-4c54-bed7-8d15d45be864/element [14.22254ms] ERR:404 body={"strategy":"-android uiautomator","selector":"new UiSelector().descriptionContains(\"English\")"}
09:00:49.203089 POST /session/d5e037c5-07ea-4c54-bed7-8d15d45be864/element [16.735357ms] ERR:404 body={"strategy":"-android uiautomator","selector":"new UiSelector().textMatches(\"(?is).*\\QEnglish\\E.*...
09:00:49.219711 POST /session/d5e037c5-07ea-4c54-bed7-8d15d45be864/element [16.51778ms] ERR:404 body={"strategy":"-android uiautomator","selector":"new UiSelector().descriptionMatches(\"(?is).*\\QEngli...
09:00:49.234852 POST /session/d5e037c5-07ea-4c54-bed7-8d15d45be864/element [15.02608ms] ERR:404 body={"strategy":"-android uiautomator","selector":"new UiSelector().textContains(\"English\")"}
09:00:49.252002 POST /session/d5e037c5-07ea-4c54-bed7-8d15d45be864/element [17.040566ms] ERR:404 body={"strategy":"-android uiautomator","selector":"new UiSelector().descriptionContains(\"English\")"}
09:00:49.266299 POST /session/d5e037c5-07ea-4c54-bed7-8d15d45be864/element [14.216345ms] ERR:404 body={"strategy":"-android uiautomator","selector":"new UiSelector().textMatches(\"(?is).*\\QEnglish\\E.*...
09:00:49.290000 POST /session/d5e037c5-07ea-4c54-bed7-8d15d45be864/element [23.620125ms] ERR:404 body={"strategy":"-android uiautomator","selector":"new UiSelector().descriptionMatches(\"(?is).*\\QEngli...
09:00:49.304990 POST /session/d5e037c5-07ea-4c54-bed7-8d15d45be864/element [14.901003ms] ERR:404 body={"strategy":"-android uiautomator","selector":"new UiSelector().textContains(\"English\")"}
09:00:49.319929 POST /session/d5e037c5-07ea-4c54-bed7-8d15d45be864/element [14.848675ms] ERR:404 body={"strategy":"-android uiautomator","selector":"new UiSelector().descriptionContains(\"English\")"}
09:00:49.336450 POST /session/d5e037c5-07ea-4c54-bed7-8d15d45be864/element [16.448907ms] ERR:404 body={"strategy":"-android uiautomator","selector":"new UiSelector().textMatches(\"(?is).*\\QEnglish\\E.*...
09:00:49.351872 POST /session/d5e037c5-07ea-4c54-bed7-8d15d45be864/element [15.304419ms] ERR:404 body={"strategy":"-android uiautomator","selector":"new UiSelector().descriptionMatches(\"(?is).*\\QEngli...
09:00:49.368885 POST /session/d5e037c5-07ea-4c54-bed7-8d15d45be864/element [16.892473ms] ERR:404 body={"strategy":"-android uiautomator","selector":"new UiSelector().textContains(\"English\")"}
09:00:49.383887 POST /session/d5e037c5-07ea-4c54-bed7-8d15d45be864/element [14.900187ms] ERR:404 body={"strategy":"-android uiautomator","selector":"new UiSelector().descriptionContains(\"English\")"}
09:00:49.399295 POST /session/d5e037c5-07ea-4c54-bed7-8d15d45be864/element [15.315155ms] ERR:404 body={"strategy":"-android uiautomator","selector":"new UiSelector().textMatches(\"(?is).*\\QEnglish\\E.*...
09:00:49.416214 POST /session/d5e037c5-07ea-4c54-bed7-8d15d45be864/element [16.836289ms] ERR:404 body={"strategy":"-android uiautomator","selector":"new UiSelector().descriptionMatches(\"(?is).*\\QEngli...
09:00:49.433953 POST /session/d5e037c5-07ea-4c54-bed7-8d15d45be864/element [17.666726ms] ERR:404 body={"strategy":"-android uiautomator","selector":"new UiSelector().textContains(\"English\")"}
09:00:49.448497 POST /session/d5e037c5-07ea-4c54-bed7-8d15d45be864/element [14.451378ms] ERR:404 body={"strategy":"-android uiautomator","selector":"new UiSelector().descriptionContains(\"English\")"}
09:00:49.462933 POST /session/d5e037c5-07ea-4c54-bed7-8d15d45be864/element [14.311268ms] ERR:404 body={"strategy":"-android uiautomator","selector":"new UiSelector().textMatches(\"(?is).*\\QEnglish\\E.*...
09:00:49.479893 POST /session/d5e037c5-07ea-4c54-bed7-8d15d45be864/element [16.875924ms] ERR:404 body={"strategy":"-android uiautomator","selector":"new UiSelector().descriptionMatches(\"(?is).*\\QEngli...
09:00:49.494636 POST /session/d5e037c5-07ea-4c54-bed7-8d15d45be864/element [14.644733ms] ERR:404 body={"strategy":"-android uiautomator","selector":"new UiSelector().textContains(\"English\")"}
09:00:49.510539 POST /session/d5e037c5-07ea-4c54-bed7-8d15d45be864/element [15.800389ms] ERR:404 body={"strategy":"-android uiautomator","selector":"new UiSelector().descriptionContains(\"English\")"}
09:00:49.527018 POST /session/d5e037c5-07ea-4c54-bed7-8d15d45be864/element [16.396088ms] ERR:404 body={"strategy":"-android uiautomator","selector":"new UiSelector().textMatches(\"(?is).*\\QEnglish\\E.*...
09:00:49.543682 POST /session/d5e037c5-07ea-4c54-bed7-8d15d45be864/element [16.587935ms] ERR:404 body={"strategy":"-android uiautomator","selector":"new UiSelector().descriptionMatches(\"(?is).*\\QEngli...
09:00:49.558696 POST /session/d5e037c5-07ea-4c54-bed7-8d15d45be864/element [14.934278ms] ERR:404 body={"strategy":"-android uiautomator","selector":"new UiSelector().textContains(\"English\")"}
09:00:49.572696 POST /session/d5e037c5-07ea-4c54-bed7-8d15d45be864/element [13.900917ms] ERR:404 body={"strategy":"-android uiautomator","selector":"new UiSelector().descriptionContains(\"English\")"}
09:00:49.589362 POST /session/d5e037c5-07ea-4c54-bed7-8d15d45be864/element [16.546489ms] ERR:404 body={"strategy":"-android uiautomator","selector":"new UiSelector().textMatches(\"(?is).*\\QEnglish\\E.*...
09:00:49.606184 POST /session/d5e037c5-07ea-4c54-bed7-8d15d45be864/element [16.714216ms] ERR:404 body={"strategy":"-android uiautomator","selector":"new UiSelector().descriptionMatches(\"(?is).*\\QEngli...
09:00:49.623126 POST /session/d5e037c5-07ea-4c54-bed7-8d15d45be864/element [16.83733ms] ERR:404 body={"strategy":"-android uiautomator","selector":"new UiSelector().textContains(\"English\")"}
09:00:49.637125 POST /session/d5e037c5-07ea-4c54-bed7-8d15d45be864/element [13.908027ms] ERR:404 body={"strategy":"-android uiautomator","selector":"new UiSelector().descriptionContains(\"English\")"}
09:00:49.657289 POST /session/d5e037c5-07ea-4c54-bed7-8d15d45be864/element [20.056975ms] ERR:404 body={"strategy":"-android uiautomator","selector":"new UiSelector().textMatches(\"(?is).*\\QEnglish\\E.*...
09:00:49.673640 POST /session/d5e037c5-07ea-4c54-bed7-8d15d45be864/element [16.262548ms] ERR:404 body={"strategy":"-android uiautomator","selector":"new UiSelector().descriptionMatches(\"(?is).*\\QEngli...
09:00:49.689801 POST /session/d5e037c5-07ea-4c54-bed7-8d15d45be864/element [16.063038ms] ERR:404 body={"strategy":"-android uiautomator","selector":"new UiSelector().textContains(\"English\")"}
09:00:49.705477 POST /session/d5e037c5-07ea-4c54-bed7-8d15d45be864/element [15.592892ms] ERR:404 body={"strategy":"-android uiautomator","selector":"new UiSelector().descriptionContains(\"English\")"}
09:00:49.722491 POST /session/d5e037c5-07ea-4c54-bed7-8d15d45be864/element [16.916054ms] ERR:404 body={"strategy":"-android uiautomator","selector":"new UiSelector().textMatches(\"(?is).*\\QEnglish\\E.*...
09:00:49.739083 POST /session/d5e037c5-07ea-4c54-bed7-8d15d45be864/element [16.498135ms] ERR:404 body={"strategy":"-android uiautomator","selector":"new UiSelector().descriptionMatches(\"(?is).*\\QEngli...
09:00:49.753511 POST /session/d5e037c5-07ea-4c54-bed7-8d15d45be864/element [14.339195ms] ERR:404 body={"strategy":"-android uiautomator","selector":"new UiSelector().textContains(\"English\")"}
09:00:49.768156 POST /session/d5e037c5-07ea-4c54-bed7-8d15d45be864/element [14.554403ms] ERR:404 body={"strategy":"-android uiautomator","selector":"new UiSelector().descriptionContains(\"English\")"}
09:00:49.782676 POST /session/d5e037c5-07ea-4c54-bed7-8d15d45be864/element [14.419951ms] ERR:404 body={"strategy":"-android uiautomator","selector":"new UiSelector().textMatches(\"(?is).*\\QEnglish\\E.*...
09:00:49.799444 POST /session/d5e037c5-07ea-4c54-bed7-8d15d45be864/element [16.700345ms] ERR:404 body={"strategy":"-android uiautomator","selector":"new UiSelector().descriptionMatches(\"(?is).*\\QEngli...
09:00:49.813430 POST /session/d5e037c5-07ea-4c54-bed7-8d15d45be864/element [13.887847ms] ERR:404 body={"strategy":"-android uiautomator","selector":"new UiSelector().textContains(\"English\")"}
09:00:49.827053 POST /session/d5e037c5-07ea-4c54-bed7-8d15d45be864/element [13.507931ms] ERR:404 body={"strategy":"-android uiautomator","selector":"new UiSelector().descriptionContains(\"English\")"}
09:00:49.843786 POST /session/d5e037c5-07ea-4c54-bed7-8d15d45be864/element [16.613699ms] ERR:404 body={"strategy":"-android uiautomator","selector":"new UiSelector().textMatches(\"(?is).*\\QEnglish\\E.*...
09:00:49.861197 POST /session/d5e037c5-07ea-4c54-bed7-8d15d45be864/element [17.315504ms] ERR:404 body={"strategy":"-android uiautomator","selector":"new UiSelector().descriptionMatches(\"(?is).*\\QEngli...
09:00:49.877281 POST /session/d5e037c5-07ea-4c54-bed7-8d15d45be864/element [15.980284ms] ERR:404 body={"strategy":"-android uiautomator","selector":"new UiSelector().textContains(\"English\")"}
09:00:49.895089 POST /session/d5e037c5-07ea-4c54-bed7-8d15d45be864/element [17.698724ms] ERR:404 body={"strategy":"-android uiautomator","selector":"new UiSelector().descriptionContains(\"English\")"}
09:00:49.911413 POST /session/d5e037c5-07ea-4c54-bed7-8d15d45be864/element [16.11144ms] ERR:404 body={"strategy":"-android uiautomator","selector":"new UiSelector().textMatches(\"(?is).*\\QEnglish\\E.*...
09:00:49.927987 POST /session/d5e037c5-07ea-4c54-bed7-8d15d45be864/element [16.478722ms] ERR:404 body={"strategy":"-android uiautomator","selector":"new UiSelector().descriptionMatches(\"(?is).*\\QEngli...
09:00:49.952245 POST /session/d5e037c5-07ea-4c54-bed7-8d15d45be864/element [24.162458ms] ERR:404 body={"strategy":"-android uiautomator","selector":"new UiSelector().textContains(\"English\")"}
09:00:49.967548 POST /session/d5e037c5-07ea-4c54-bed7-8d15d45be864/element [15.206693ms] ERR:404 body={"strategy":"-android uiautomator","selector":"new UiSelector().descriptionContains(\"English\")"}
09:00:49.985826 POST /session/d5e037c5-07ea-4c54-bed7-8d15d45be864/element [18.189822ms] ERR:404 body={"strategy":"-android uiautomator","selector":"new UiSelector().textMatches(\"(?is).*\\QEnglish\\E.*...
09:00:50.004420 POST /session/d5e037c5-07ea-4c54-bed7-8d15d45be864/element [18.504654ms] ERR:404 body={"strategy":"-android uiautomator","selector":"new UiSelector().descriptionMatches(\"(?is).*\\QEngli...
09:00:50.021579 POST /session/d5e037c5-07ea-4c54-bed7-8d15d45be864/element [17.06679ms] ERR:404 body={"strategy":"-android uiautomator","selector":"new UiSelector().textContains(\"English\")"}
09:00:50.037471 POST /session/d5e037c5-07ea-4c54-bed7-8d15d45be864/element [15.781049ms] ERR:404 body={"strategy":"-android uiautomator","selector":"new UiSelector().descriptionContains(\"English\")"}
09:00:50.053176 POST /session/d5e037c5-07ea-4c54-bed7-8d15d45be864/element [15.60499ms] ERR:404 body={"strategy":"-android uiautomator","selector":"new UiSelector().textMatches(\"(?is).*\\QEnglish\\E.*...
09:00:50.069071 POST /session/d5e037c5-07ea-4c54-bed7-8d15d45be864/element [15.834325ms] ERR:404 body={"strategy":"-android uiautomator","selector":"new UiSelector().descriptionMatches(\"(?is).*\\QEngli...
09:00:50.084728 POST /session/d5e037c5-07ea-4c54-bed7-8d15d45be864/element [15.583368ms] ERR:404 body={"strategy":"-android uiautomator","selector":"new UiSelector().textContains(\"English\")"}
09:00:50.100392 POST /session/d5e037c5-07ea-4c54-bed7-8d15d45be864/element [15.601294ms] ERR:404 body={"strategy":"-android uiautomator","selector":"new UiSelector().descriptionContains(\"English\")"}
09:00:50.116400 POST /session/d5e037c5-07ea-4c54-bed7-8d15d45be864/element [15.911551ms] ERR:404 body={"strategy":"-android uiautomator","selector":"new UiSelector().textMatches(\"(?is).*\\QEnglish\\E.*...
09:00:50.132318 POST /session/d5e037c5-07ea-4c54-bed7-8d15d45be864/element [15.859953ms] ERR:404 body={"strategy":"-android uiautomator","selector":"new UiSelector().descriptionMatches(\"(?is).*\\QEngli...
09:00:50.151489 POST /session/d5e037c5-07ea-4c54-bed7-8d15d45be864/element [19.093188ms] ERR:404 body={"strategy":"-android uiautomator","selector":"new UiSelector().textContains(\"English\")"}
09:00:50.167847 POST /session/d5e037c5-07ea-4c54-bed7-8d15d45be864/element [16.262817ms] ERR:404 body={"strategy":"-android uiautomator","selector":"new UiSelector().descriptionContains(\"English\")"}
09:00:50.187274 POST /session/d5e037c5-07ea-4c54-bed7-8d15d45be864/element [19.339206ms] ERR:404 body={"strategy":"-android uiautomator","selector":"new UiSelector().textMatches(\"(?is).*\\QEnglish\\E.*...
09:00:50.206156 POST /session/d5e037c5-07ea-4c54-bed7-8d15d45be864/element [18.803683ms] ERR:404 body={"strategy":"-android uiautomator","selector":"new UiSelector().descriptionMatches(\"(?is).*\\QEngli...
09:00:50.221114 POST /session/d5e037c5-07ea-4c54-bed7-8d15d45be864/element [14.862826ms] ERR:404 body={"strategy":"-android uiautomator","selector":"new UiSelector().textContains(\"English\")"}
09:00:50.241094 POST /session/d5e037c5-07ea-4c54-bed7-8d15d45be864/element [19.867956ms] ERR:404 body={"strategy":"-android uiautomator","selector":"new UiSelector().descriptionContains(\"English\")"}
09:00:50.259913 POST /session/d5e037c5-07ea-4c54-bed7-8d15d45be864/element [18.726577ms] ERR:404 body={"strategy":"-android uiautomator","selector":"new UiSelector().textMatches(\"(?is).*\\QEnglish\\E.*...
09:00:50.276332 POST /session/d5e037c5-07ea-4c54-bed7-8d15d45be864/element [16.329052ms] ERR:404 body={"strategy":"-android uiautomator","selector":"new UiSelector().descriptionMatches(\"(?is).*\\QEngli...
09:00:50.295624 POST /session/d5e037c5-07ea-4c54-bed7-8d15d45be864/element [19.195932ms] ERR:404 body={"strategy":"-android uiautomator","selector":"new UiSelector().textContains(\"English\")"}
09:00:50.312869 POST /session/d5e037c5-07ea-4c54-bed7-8d15d45be864/element [17.130311ms] ERR:404 body={"strategy":"-android uiautomator","selector":"new UiSelector().descriptionContains(\"English\")"}
09:00:50.329249 POST /session/d5e037c5-07ea-4c54-bed7-8d15d45be864/element [16.287786ms] ERR:404 body={"strategy":"-android uiautomator","selector":"new UiSelector().textMatches(\"(?is).*\\QEnglish\\E.*...
09:00:50.344693 POST /session/d5e037c5-07ea-4c54-bed7-8d15d45be864/element [15.37799ms] ERR:404 body={"strategy":"-android uiautomator","selector":"new UiSelector().descriptionMatches(\"(?is).*\\QEngli...
09:00:50.359992 POST /session/d5e037c5-07ea-4c54-bed7-8d15d45be864/element [15.216096ms] ERR:404 body={"strategy":"-android uiautomator","selector":"new UiSelector().textContains(\"English\")"}
09:00:50.375292 POST /session/d5e037c5-07ea-4c54-bed7-8d15d45be864/element [15.216767ms] ERR:404 body={"strategy":"-android uiautomator","selector":"new UiSelector().descriptionContains(\"English\")"}
09:00:50.390384 POST /session/d5e037c5-07ea-4c54-bed7-8d15d45be864/element [15.015134ms] ERR:404 body={"strategy":"-android uiautomator","selector":"new UiSelector().textMatches(\"(?is).*\\QEnglish\\E.*...
09:00:50.406065 POST /session/d5e037c5-07ea-4c54-bed7-8d15d45be864/element [15.60492ms] ERR:404 body={"strategy":"-android uiautomator","selector":"new UiSelector().descriptionMatches(\"(?is).*\\QEngli...
09:00:50.421811 POST /session/d5e037c5-07ea-4c54-bed7-8d15d45be864/element [15.656647ms] ERR:404 body={"strategy":"-android uiautomator","selector":"new UiSelector().textContains(\"English\")"}
09:00:50.437605 POST /session/d5e037c5-07ea-4c54-bed7-8d15d45be864/element [15.689988ms] ERR:404 body={"strategy":"-android uiautomator","selector":"new UiSelector().descriptionContains(\"English\")"}
09:00:50.453422 POST /session/d5e037c5-07ea-4c54-bed7-8d15d45be864/element [15.71159ms] ERR:404 body={"strategy":"-android uiautomator","selector":"new UiSelector().textMatches(\"(?is).*\\QEnglish\\E.*...
09:00:50.469402 POST /session/d5e037c5-07ea-4c54-bed7-8d15d45be864/element [15.870269ms] ERR:404 body={"strategy":"-android uiautomator","selector":"new UiSelector().descriptionMatches(\"(?is).*\\QEngli...
09:00:50.485773 POST /session/d5e037c5-07ea-4c54-bed7-8d15d45be864/element [16.296598ms] ERR:404 body={"strategy":"-android uiautomator","selector":"new UiSelector().textContains(\"English\")"}
09:00:50.505188 POST /session/d5e037c5-07ea-4c54-bed7-8d15d45be864/element [19.326738ms] ERR:404 body={"strategy":"-android uiautomator","selector":"new UiSelector().descriptionContains(\"English\")"}
09:00:50.521101 POST /session/d5e037c5-07ea-4c54-bed7-8d15d45be864/element [15.826342ms] ERR:404 body={"strategy":"-android uiautomator","selector":"new UiSelector().textMatches(\"(?is).*\\QEnglish\\E.*...
09:00:50.536608 POST /session/d5e037c5-07ea-4c54-bed7-8d15d45be864/element [15.428225ms] ERR:404 body={"strategy":"-android uiautomator","selector":"new UiSelector().descriptionMatches(\"(?is).*\\QEngli...
09:00:50.553782 POST /session/d5e037c5-07ea-4c54-bed7-8d15d45be864/element [17.063756ms] ERR:404 body={"strategy":"-android uiautomator","selector":"new UiSelector().textContains(\"English\")"}
09:00:50.577688 POST /session/d5e037c5-07ea-4c54-bed7-8d15d45be864/element [23.772508ms] ERR:404 body={"strategy":"-android uiautomator","selector":"new UiSelector().descriptionContains(\"English\")"}
09:00:50.595147 POST /session/d5e037c5-07ea-4c54-bed7-8d15d45be864/element [17.347857ms] ERR:404 body={"strategy":"-android uiautomator","selector":"new UiSelector().textMatches(\"(?is).*\\QEnglish\\E.*...
09:00:50.610923 POST /session/d5e037c5-07ea-4c54-bed7-8d15d45be864/element [15.69144ms] ERR:404 body={"strategy":"-android uiautomator","selector":"new UiSelector().descriptionMatches(\"(?is).*\\QEngli...
09:00:50.626359 POST /session/d5e037c5-07ea-4c54-bed7-8d15d45be864/element [15.364759ms] ERR:404 body={"strategy":"-android uiautomator","selector":"new UiSelector().textContains(\"English\")"}
09:00:50.642509 POST /session/d5e037c5-07ea-4c54-bed7-8d15d45be864/element [16.066343ms] ERR:404 body={"strategy":"-android uiautomator","selector":"new UiSelector().descriptionContains(\"English\")"}
09:00:50.659378 POST /session/d5e037c5-07ea-4c54-bed7-8d15d45be864/element [16.751597ms] ERR:404 body={"strategy":"-android uiautomator","selector":"new UiSelector().textMatches(\"(?is).*\\QEnglish\\E.*...
09:00:50.675913 POST /session/d5e037c5-07ea-4c54-bed7-8d15d45be864/element [16.420139ms] ERR:404 body={"strategy":"-android uiautomator","selector":"new UiSelector().descriptionMatches(\"(?is).*\\QEngli...
09:00:50.695721 POST /session/d5e037c5-07ea-4c54-bed7-8d15d45be864/element [19.725567ms] ERR:404 body={"strategy":"-android uiautomator","selector":"new UiSelector().textContains(\"English\")"}
09:00:50.715817 POST /session/d5e037c5-07ea-4c54-bed7-8d15d45be864/element [20.021502ms] ERR:404 body={"strategy":"-android uiautomator","selector":"new UiSelector().descriptionContains(\"English\")"}
09:00:50.735105 POST /session/d5e037c5-07ea-4c54-bed7-8d15d45be864/element [19.212417ms] ERR:404 body={"strategy":"-android uiautomator","selector":"new UiSelector().textMatches(\"(?is).*\\QEnglish\\E.*...
09:00:50.750225 POST /session/d5e037c5-07ea-4c54-bed7-8d15d45be864/element [15.030738ms] ERR:404 body={"strategy":"-android uiautomator","selector":"new UiSelector().descriptionMatches(\"(?is).*\\QEngli...
09:00:50.766529 POST /session/d5e037c5-07ea-4c54-bed7-8d15d45be864/element [15.609387ms] ERR:404 body={"strategy":"-android uiautomator","selector":"new UiSelector().textContains(\"English\")"}
09:00:50.782665 POST /session/d5e037c5-07ea-4c54-bed7-8d15d45be864/element [16.01111ms] ERR:404 body={"strategy":"-android uiautomator","selector":"new UiSelector().descriptionContains(\"English\")"}
09:00:50.799499 POST /session/d5e037c5-07ea-4c54-bed7-8d15d45be864/element [16.730204ms] ERR:404 body={"strategy":"-android uiautomator","selector":"new UiSelector().textMatches(\"(?is).*\\QEnglish\\E.*...
09:00:50.818595 POST /session/d5e037c5-07ea-4c54-bed7-8d15d45be864/element [19.006632ms] ERR:404 body={"strategy":"-android uiautomator","selector":"new UiSelector().descriptionMatches(\"(?is).*\\QEngli...
09:00:50.833483 POST /session/d5e037c5-07ea-4c54-bed7-8d15d45be864/element [14.814854ms] ERR:404 body={"strategy":"-android uiautomator","selector":"new UiSelector().textContains(\"English\")"}
09:00:50.851665 POST /session/d5e037c5-07ea-4c54-bed7-8d15d45be864/element [18.073417ms] ERR:404 body={"strategy":"-android uiautomator","selector":"new UiSelector().descriptionContains(\"English\")"}
09:00:50.868412 POST /session/d5e037c5-07ea-4c54-bed7-8d15d45be864/element [16.657981ms] ERR:404 body={"strategy":"-android uiautomator","selector":"new UiSelector().textMatches(\"(?is).*\\QEnglish\\E.*...
09:00:50.885461 POST /session/d5e037c5-07ea-4c54-bed7-8d15d45be864/element [16.976779ms] ERR:404 body={"strategy":"-android uiautomator","selector":"new UiSelector().descriptionMatches(\"(?is).*\\QEngli...
09:00:50.902189 POST /session/d5e037c5-07ea-4c54-bed7-8d15d45be864/element [16.631652ms] ERR:404 body={"strategy":"-android uiautomator","selector":"new UiSelector().textContains(\"English\")"}
09:00:50.925236 POST /session/d5e037c5-07ea-4c54-bed7-8d15d45be864/element [22.948907ms] ERR:404 body={"strategy":"-android uiautomator","selector":"new UiSelector().descriptionContains(\"English\")"}
09:00:50.944352 POST /session/d5e037c5-07ea-4c54-bed7-8d15d45be864/element [19.020073ms] ERR:404 body={"strategy":"-android uiautomator","selector":"new UiSelector().textMatches(\"(?is).*\\QEnglish\\E.*...
09:00:50.960843 POST /session/d5e037c5-07ea-4c54-bed7-8d15d45be864/element [16.405352ms] ERR:404 body={"strategy":"-android uiautomator","selector":"new UiSelector().descriptionMatches(\"(?is).*\\QEngli...
09:00:50.978718 POST /session/d5e037c5-07ea-4c54-bed7-8d15d45be864/element [17.762199ms] ERR:404 body={"strategy":"-android uiautomator","selector":"new UiSelector().textContains(\"English\")"}
09:00:50.994590 POST /session/d5e037c5-07ea-4c54-bed7-8d15d45be864/element [15.766613ms] ERR:404 body={"strategy":"-android uiautomator","selector":"new UiSelector().descriptionContains(\"English\")"}
09:00:51.014182 POST /session/d5e037c5-07ea-4c54-bed7-8d15d45be864/element [19.482596ms] ERR:404 body={"strategy":"-android uiautomator","selector":"new UiSelector().textMatches(\"(?is).*\\QEnglish\\E.*...
09:00:51.031533 POST /session/d5e037c5-07ea-4c54-bed7-8d15d45be864/element [17.268934ms] ERR:404 body={"strategy":"-android uiautomator","selector":"new UiSelector().descriptionMatches(\"(?is).*\\QEngli...
09:00:51.051287 POST /session/d5e037c5-07ea-4c54-bed7-8d15d45be864/element [19.667779ms] ERR:404 body={"strategy":"-android uiautomator","selector":"new UiSelector().textContains(\"English\")"}
09:00:51.068954 POST /session/d5e037c5-07ea-4c54-bed7-8d15d45be864/element [17.585084ms] ERR:404 body={"strategy":"-android uiautomator","selector":"new UiSelector().descriptionContains(\"English\")"}
09:00:51.085823 POST /session/d5e037c5-07ea-4c54-bed7-8d15d45be864/element [16.769518ms] ERR:404 body={"strategy":"-android uiautomator","selector":"new UiSelector().textMatches(\"(?is).*\\QEnglish\\E.*...
09:00:51.105611 POST /session/d5e037c5-07ea-4c54-bed7-8d15d45be864/element [19.724325ms] ERR:404 body={"strategy":"-android uiautomator","selector":"new UiSelector().descriptionMatches(\"(?is).*\\QEngli...
09:00:51.124086 POST /session/d5e037c5-07ea-4c54-bed7-8d15d45be864/element [18.384874ms] ERR:404 body={"strategy":"-android uiautomator","selector":"new UiSelector().textContains(\"English\")"}
09:00:51.140064 POST /session/d5e037c5-07ea-4c54-bed7-8d15d45be864/element [15.886823ms] ERR:404 body={"strategy":"-android uiautomator","selector":"new UiSelector().descriptionContains(\"English\")"}
09:00:51.156420 POST /session/d5e037c5-07ea-4c54-bed7-8d15d45be864/element [16.266147ms] ERR:404 body={"strategy":"-android uiautomator","selector":"new UiSelector().textMatches(\"(?is).*\\QEnglish\\E.*...
09:00:51.172630 POST /session/d5e037c5-07ea-4c54-bed7-8d15d45be864/element [16.108236ms] ERR:404 body={"strategy":"-android uiautomator","selector":"new UiSelector().descriptionMatches(\"(?is).*\\QEngli...
09:00:51.189798 POST /session/d5e037c5-07ea-4c54-bed7-8d15d45be864/element [17.010841ms] ERR:404 body={"strategy":"-android uiautomator","selector":"new UiSelector().textContains(\"English\")"}
09:00:51.206775 POST /session/d5e037c5-07ea-4c54-bed7-8d15d45be864/element [16.872303ms] ERR:404 body={"strategy":"-android uiautomator","selector":"new UiSelector().descriptionContains(\"English\")"}
09:00:51.230354 POST /session/d5e037c5-07ea-4c54-bed7-8d15d45be864/element [23.444456ms] ERR:404 body={"strategy":"-android uiautomator","selector":"new UiSelector().textMatches(\"(?is).*\\QEnglish\\E.*...
09:00:51.249572 POST /session/d5e037c5-07ea-4c54-bed7-8d15d45be864/element [19.117589ms] ERR:404 body={"strategy":"-android uiautomator","selector":"new UiSelector().descriptionMatches(\"(?is).*\\QEngli...
09:00:51.267522 POST /session/d5e037c5-07ea-4c54-bed7-8d15d45be864/element [17.828188ms] ERR:404 body={"strategy":"-android uiautomator","selector":"new UiSelector().textContains(\"English\")"}
09:00:51.283635 POST /session/d5e037c5-07ea-4c54-bed7-8d15d45be864/element [16.033258ms] ERR:404 body={"strategy":"-android uiautomator","selector":"new UiSelector().descriptionContains(\"English\")"}
09:00:51.300929 POST /session/d5e037c5-07ea-4c54-bed7-8d15d45be864/element [17.17046ms] ERR:404 body={"strategy":"-android uiautomator","selector":"new UiSelector().textMatches(\"(?is).*\\QEnglish\\E.*...
09:00:51.316765 POST /session/d5e037c5-07ea-4c54-bed7-8d15d45be864/element [15.764169ms] ERR:404 body={"strategy":"-android uiautomator","selector":"new UiSelector().descriptionMatches(\"(?is).*\\QEngli...
09:00:51.332465 POST /session/d5e037c5-07ea-4c54-bed7-8d15d45be864/element [15.607333ms] ERR:404 body={"strategy":"-android uiautomator","selector":"new UiSelector().textContains(\"English\")"}
09:00:51.349051 POST /session/d5e037c5-07ea-4c54-bed7-8d15d45be864/element [16.509187ms] ERR:404 body={"strategy":"-android uiautomator","selector":"new UiSelector().descriptionContains(\"English\")"}
09:00:51.364912 POST /session/d5e037c5-07ea-4c54-bed7-8d15d45be864/element [15.780694ms] ERR:404 body={"strategy":"-android uiautomator","selector":"new UiSelector().textMatches(\"(?is).*\\QEnglish\\E.*...
09:00:51.381631 POST /session/d5e037c5-07ea-4c54-bed7-8d15d45be864/element [16.6235ms] ERR:404 body={"strategy":"-android uiautomator","selector":"new UiSelector().descriptionMatches(\"(?is).*\\QEngli...
09:00:51.397109 POST /session/d5e037c5-07ea-4c54-bed7-8d15d45be864/element [15.35848ms] ERR:404 body={"strategy":"-android uiautomator","selector":"new UiSelector().textContains(\"English\")"}
09:00:51.414315 POST /session/d5e037c5-07ea-4c54-bed7-8d15d45be864/element [17.13738ms] ERR:404 body={"strategy":"-android uiautomator","selector":"new UiSelector().descriptionContains(\"English\")"}
09:00:51.430358 POST /session/d5e037c5-07ea-4c54-bed7-8d15d45be864/element [15.946683ms] ERR:404 body={"strategy":"-android uiautomator","selector":"new UiSelector().textMatches(\"(?is).*\\QEnglish\\E.*...
09:00:51.446302 POST /session/d5e037c5-07ea-4c54-bed7-8d15d45be864/element [15.852286ms] ERR:404 body={"strategy":"-android uiautomator","selector":"new UiSelector().descriptionMatches(\"(?is).*\\QEngli...
09:00:51.462090 POST /session/d5e037c5-07ea-4c54-bed7-8d15d45be864/element [15.698701ms] ERR:404 body={"strategy":"-android uiautomator","selector":"new UiSelector().textContains(\"English\")"}
09:00:51.478306 POST /session/d5e037c5-07ea-4c54-bed7-8d15d45be864/element [16.13755ms] ERR:404 body={"strategy":"-android uiautomator","selector":"new UiSelector().descriptionContains(\"English\")"}
09:00:51.497754 POST /session/d5e037c5-07ea-4c54-bed7-8d15d45be864/element [19.352306ms] ERR:404 body={"strategy":"-android uiautomator","selector":"new UiSelector().textMatches(\"(?is).*\\QEnglish\\E.*...
09:00:51.515605 POST /session/d5e037c5-07ea-4c54-bed7-8d15d45be864/element [17.762269ms] ERR:404 body={"strategy":"-android uiautomator","selector":"new UiSelector().descriptionMatches(\"(?is).*\\QEngli...
09:00:51.532467 POST /session/d5e037c5-07ea-4c54-bed7-8d15d45be864/element [16.746784ms] ERR:404 body={"strategy":"-android uiautomator","selector":"new UiSelector().textContains(\"English\")"}
09:00:51.547574 POST /session/d5e037c5-07ea-4c54-bed7-8d15d45be864/element [15.028049ms] ERR:404 body={"strategy":"-android uiautomator","selector":"new UiSelector().descriptionContains(\"English\")"}
09:00:51.564908 POST /session/d5e037c5-07ea-4c54-bed7-8d15d45be864/element [17.221502ms] ERR:404 body={"strategy":"-android uiautomator","selector":"new UiSelector().textMatches(\"(?is).*\\QEnglish\\E.*...
09:00:51.582178 POST /session/d5e037c5-07ea-4c54-bed7-8d15d45be864/element [17.184191ms] ERR:404 body={"strategy":"-android uiautomator","selector":"new UiSelector().descriptionMatches(\"(?is).*\\QEngli...
09:00:51.598768 POST /session/d5e037c5-07ea-4c54-bed7-8d15d45be864/element [16.488156ms] ERR:404 body={"strategy":"-android uiautomator","selector":"new UiSelector().textContains(\"English\")"}
09:00:51.616723 POST /session/d5e037c5-07ea-4c54-bed7-8d15d45be864/element [17.858013ms] ERR:404 body={"strategy":"-android uiautomator","selector":"new UiSelector().descriptionContains(\"English\")"}
09:00:51.632891 POST /session/d5e037c5-07ea-4c54-bed7-8d15d45be864/element [16.095757ms] ERR:404 body={"strategy":"-android uiautomator","selector":"new UiSelector().textMatches(\"(?is).*\\QEnglish\\E.*...
09:00:51.646692 POST /session/d5e037c5-07ea-4c54-bed7-8d15d45be864/element [13.706005ms] ERR:404 body={"strategy":"-android uiautomator","selector":"new UiSelector().descriptionMatches(\"(?is).*\\QEngli...
09:00:51.660923 POST /session/d5e037c5-07ea-4c54-bed7-8d15d45be864/element [14.132094ms] ERR:404 body={"strategy":"-android uiautomator","selector":"new UiSelector().textContains(\"English\")"}
09:00:51.676507 POST /session/d5e037c5-07ea-4c54-bed7-8d15d45be864/element [15.493573ms] ERR:404 body={"strategy":"-android uiautomator","selector":"new UiSelector().descriptionContains(\"English\")"}
09:00:51.691925 POST /session/d5e037c5-07ea-4c54-bed7-8d15d45be864/element [15.324429ms] ERR:404 body={"strategy":"-android uiautomator","selector":"new UiSelector().textMatches(\"(?is).*\\QEnglish\\E.*...
09:00:51.706620 POST /session/d5e037c5-07ea-4c54-bed7-8d15d45be864/element [14.620803ms] ERR:404 body={"strategy":"-android uiautomator","selector":"new UiSelector().descriptionMatches(\"(?is).*\\QEngli...
09:00:51.720118 POST /session/d5e037c5-07ea-4c54-bed7-8d15d45be864/element [13.400971ms] ERR:404 body={"strategy":"-android uiautomator","selector":"new UiSelector().textContains(\"English\")"}
09:00:51.733465 POST /session/d5e037c5-07ea-4c54-bed7-8d15d45be864/element [13.287581ms] ERR:404 body={"strategy":"-android uiautomator","selector":"new UiSelector().descriptionContains(\"English\")"}
09:00:51.748213 POST /session/d5e037c5-07ea-4c54-bed7-8d15d45be864/element [14.438979ms] ERR:404 body={"strategy":"-android uiautomator","selector":"new UiSelector().textMatches(\"(?is).*\\QEnglish\\E.*...
09:00:51.762908 POST /session/d5e037c5-07ea-4c54-bed7-8d15d45be864/element [14.609245ms] ERR:404 body={"strategy":"-android uiautomator","selector":"new UiSelector().descriptionMatches(\"(?is).*\\QEngli...
09:00:51.778320 POST /session/d5e037c5-07ea-4c54-bed7-8d15d45be864/element [15.346913ms] ERR:404 body={"strategy":"-android uiautomator","selector":"new UiSelector().textContains(\"English\")"}
09:00:51.794202 POST /session/d5e037c5-07ea-4c54-bed7-8d15d45be864/element [15.782968ms] ERR:404 body={"strategy":"-android uiautomator","selector":"new UiSelector().descriptionContains(\"English\")"}
09:00:51.809421 POST /session/d5e037c5-07ea-4c54-bed7-8d15d45be864/element [15.137369ms] ERR:404 body={"strategy":"-android uiautomator","selector":"new UiSelector().textMatches(\"(?is).*\\QEnglish\\E.*...
09:00:51.823583 POST /session/d5e037c5-07ea-4c54-bed7-8d15d45be864/element [14.084878ms] ERR:404 body={"strategy":"-android uiautomator","selector":"new UiSelector().descriptionMatches(\"(?is).*\\QEngli...
09:00:51.839680 POST /session/d5e037c5-07ea-4c54-bed7-8d15d45be864/element [15.976117ms] ERR:404 body={"strategy":"-android uiautomator","selector":"new UiSelector().textContains(\"English\")"}
09:00:51.858851 POST /session/d5e037c5-07ea-4c54-bed7-8d15d45be864/element [19.093237ms] ERR:404 body={"strategy":"-android uiautomator","selector":"new UiSelector().descriptionContains(\"English\")"}
09:00:51.872663 POST /session/d5e037c5-07ea-4c54-bed7-8d15d45be864/element [13.702814ms] ERR:404 body={"strategy":"-android uiautomator","selector":"new UiSelector().textMatches(\"(?is).*\\QEnglish\\E.*...
09:00:51.887825 POST /session/d5e037c5-07ea-4c54-bed7-8d15d45be864/element [15.063226ms] ERR:404 body={"strategy":"-android uiautomator","selector":"new UiSelector().descriptionMatches(\"(?is).*\\QEngli...
09:00:51.905012 POST /session/d5e037c5-07ea-4c54-bed7-8d15d45be864/element [17.100676ms] ERR:404 body={"strategy":"-android uiautomator","selector":"new UiSelector().textContains(\"English\")"}
09:00:51.918611 POST /session/d5e037c5-07ea-4c54-bed7-8d15d45be864/element [13.496395ms] ERR:404 body={"strategy":"-android uiautomator","selector":"new UiSelector().descriptionContains(\"English\")"}
09:00:51.933719 POST /session/d5e037c5-07ea-4c54-bed7-8d15d45be864/element [14.992325ms] ERR:404 body={"strategy":"-android uiautomator","selector":"new UiSelector().textMatches(\"(?is).*\\QEnglish\\E.*...
09:00:51.948207 POST /session/d5e037c5-07ea-4c54-bed7-8d15d45be864/element [14.390817ms] ERR:404 body={"strategy":"-android uiautomator","selector":"new UiSelector().descriptionMatches(\"(?is).*\\QEngli...
09:00:51.963694 POST /session/d5e037c5-07ea-4c54-bed7-8d15d45be864/element [15.422937ms] ERR:404 body={"strategy":"-android uiautomator","selector":"new UiSelector().textContains(\"English\")"}
09:00:51.979230 POST /session/d5e037c5-07ea-4c54-bed7-8d15d45be864/element [15.457008ms] ERR:404 body={"strategy":"-android uiautomator","selector":"new UiSelector().descriptionContains(\"English\")"}
09:00:51.995663 POST /session/d5e037c5-07ea-4c54-bed7-8d15d45be864/element [16.323189ms] ERR:404 body={"strategy":"-android uiautomator","selector":"new UiSelector().textMatches(\"(?is).*\\QEnglish\\E.*...
09:00:52.012009 POST /session/d5e037c5-07ea-4c54-bed7-8d15d45be864/element [16.261986ms] ERR:404 body={"strategy":"-android uiautomator","selector":"new UiSelector().descriptionMatches(\"(?is).*\\QEngli...
09:00:52.027726 POST /session/d5e037c5-07ea-4c54-bed7-8d15d45be864/element [15.647704ms] ERR:404 body={"strategy":"-android uiautomator","selector":"new UiSelector().textContains(\"English\")"}
09:00:52.041357 POST /session/d5e037c5-07ea-4c54-bed7-8d15d45be864/element [13.543535ms] ERR:404 body={"strategy":"-android uiautomator","selector":"new UiSelector().descriptionContains(\"English\")"}
09:00:52.056026 POST /session/d5e037c5-07ea-4c54-bed7-8d15d45be864/element [14.589475ms] ERR:404 body={"strategy":"-android uiautomator","selector":"new UiSelector().textMatches(\"(?is).*\\QEnglish\\E.*...
09:00:52.070611 POST /session/d5e037c5-07ea-4c54-bed7-8d15d45be864/element [14.499731ms] ERR:404 body={"strategy":"-android uiautomator","selector":"new UiSelector().descriptionMatches(\"(?is).*\\QEngli...
09:00:52.086388 POST /session/d5e037c5-07ea-4c54-bed7-8d15d45be864/element [15.668365ms] ERR:404 body={"strategy":"-android uiautomator","selector":"new UiSelector().textContains(\"English\")"}
09:00:52.100205 POST /session/d5e037c5-07ea-4c54-bed7-8d15d45be864/element [13.734421ms] ERR:404 body={"strategy":"-android uiautomator","selector":"new UiSelector().descriptionContains(\"English\")"}
09:00:52.114385 POST /session/d5e037c5-07ea-4c54-bed7-8d15d45be864/element [14.102835ms] ERR:404 body={"strategy":"-android uiautomator","selector":"new UiSelector().textMatches(\"(?is).*\\QEnglish\\E.*...
09:00:52.128594 POST /session/d5e037c5-07ea-4c54-bed7-8d15d45be864/element [14.139901ms] ERR:404 body={"strategy":"-android uiautomator","selector":"new UiSelector().descriptionMatches(\"(?is).*\\QEngli...
09:00:52.142890 POST /session/d5e037c5-07ea-4c54-bed7-8d15d45be864/element [14.182023ms] ERR:404 body={"strategy":"-android uiautomator","selector":"new UiSelector().textContains(\"English\")"}
09:00:52.159232 POST /session/d5e037c5-07ea-4c54-bed7-8d15d45be864/element [16.255817ms] ERR:404 body={"strategy":"-android uiautomator","selector":"new UiSelector().descriptionContains(\"English\")"}
09:00:52.173712 POST /session/d5e037c5-07ea-4c54-bed7-8d15d45be864/element [14.389035ms] ERR:404 body={"strategy":"-android uiautomator","selector":"new UiSelector().textMatches(\"(?is).*\\QEnglish\\E.*...
09:00:52.187799 POST /session/d5e037c5-07ea-4c54-bed7-8d15d45be864/element [13.975989ms] ERR:404 body={"strategy":"-android uiautomator","selector":"new UiSelector().descriptionMatches(\"(?is).*\\QEngli...
09:00:52.205781 POST /session/d5e037c5-07ea-4c54-bed7-8d15d45be864/element [17.875935ms] ERR:404 body={"strategy":"-android uiautomator","selector":"new UiSelector().textContains(\"English\")"}
09:00:52.219888 POST /session/d5e037c5-07ea-4c54-bed7-8d15d45be864/element [14.016596ms] ERR:404 body={"strategy":"-android uiautomator","selector":"new UiSelector().descriptionContains(\"English\")"}
09:00:52.234115 POST /session/d5e037c5-07ea-4c54-bed7-8d15d45be864/element [14.111152ms] ERR:404 body={"strategy":"-android uiautomator","selector":"new UiSelector().textMatches(\"(?is).*\\QEnglish\\E.*...
09:00:52.248026 POST /session/d5e037c5-07ea-4c54-bed7-8d15d45be864/element [13.810255ms] ERR:404 body={"strategy":"-android uiautomator","selector":"new UiSelector().descriptionMatches(\"(?is).*\\QEngli...
09:00:52.261708 POST /session/d5e037c5-07ea-4c54-bed7-8d15d45be864/element [13.59009ms] ERR:404 body={"strategy":"-android uiautomator","selector":"new UiSelector().textContains(\"English\")"}
09:00:52.275846 POST /session/d5e037c5-07ea-4c54-bed7-8d15d45be864/element [14.04317ms] ERR:404 body={"strategy":"-android uiautomator","selector":"new UiSelector().descriptionContains(\"English\")"}
09:00:52.291845 POST /session/d5e037c5-07ea-4c54-bed7-8d15d45be864/element [15.903278ms] ERR:404 body={"strategy":"-android uiautomator","selector":"new UiSelector().textMatches(\"(?is).*\\QEnglish\\E.*...
09:00:52.308749 POST /session/d5e037c5-07ea-4c54-bed7-8d15d45be864/element [16.81047ms] ERR:404 body={"strategy":"-android uiautomator","selector":"new UiSelector().descriptionMatches(\"(?is).*\\QEngli...
09:00:52.325278 POST /session/d5e037c5-07ea-4c54-bed7-8d15d45be864/element [16.429784ms] ERR:404 body={"strategy":"-android uiautomator","selector":"new UiSelector().textContains(\"English\")"}
09:00:52.339337 POST /session/d5e037c5-07ea-4c54-bed7-8d15d45be864/element [13.97699ms] ERR:404 body={"strategy":"-android uiautomator","selector":"new UiSelector().descriptionContains(\"English\")"}
09:00:52.360965 POST /session/d5e037c5-07ea-4c54-bed7-8d15d45be864/element [21.510617ms] ERR:404 body={"strategy":"-android uiautomator","selector":"new UiSelector().textMatches(\"(?is).*\\QEnglish\\E.*...
09:00:52.374633 POST /session/d5e037c5-07ea-4c54-bed7-8d15d45be864/element [13.564126ms] ERR:404 body={"strategy":"-android uiautomator","selector":"new UiSelector().descriptionMatches(\"(?is).*\\QEngli...
09:00:52.388497 POST /session/d5e037c5-07ea-4c54-bed7-8d15d45be864/element [13.734932ms] ERR:404 body={"strategy":"-android uiautomator","selector":"new UiSelector().textContains(\"English\")"}
09:00:52.401871 POST /session/d5e037c5-07ea-4c54-bed7-8d15d45be864/element [13.251927ms] ERR:404 body={"strategy":"-android uiautomator","selector":"new UiSelector().descriptionContains(\"English\")"}
09:00:52.418517 POST /session/d5e037c5-07ea-4c54-bed7-8d15d45be864/element [16.560004ms] ERR:404 body={"strategy":"-android uiautomator","selector":"new UiSelector().textMatches(\"(?is).*\\QEnglish\\E.*...
09:00:52.432763 POST /session/d5e037c5-07ea-4c54-bed7-8d15d45be864/element [14.158458ms] ERR:404 body={"strategy":"-android uiautomator","selector":"new UiSelector().descriptionMatches(\"(?is).*\\QEngli...
09:00:52.446985 POST /session/d5e037c5-07ea-4c54-bed7-8d15d45be864/element [14.133736ms] ERR:404 body={"strategy":"-android uiautomator","selector":"new UiSelector().textContains(\"English\")"}
09:00:52.461254 POST /session/d5e037c5-07ea-4c54-bed7-8d15d45be864/element [14.170962ms] ERR:404 body={"strategy":"-android uiautomator","selector":"new UiSelector().descriptionContains(\"English\")"}
09:00:52.476268 POST /session/d5e037c5-07ea-4c54-bed7-8d15d45be864/element [14.908915ms] ERR:404 body={"strategy":"-android uiautomator","selector":"new UiSelector().textMatches(\"(?is).*\\QEnglish\\E.*...
09:00:52.491056 POST /session/d5e037c5-07ea-4c54-bed7-8d15d45be864/element [14.685805ms] ERR:404 body={"strategy":"-android uiautomator","selector":"new UiSelector().descriptionMatches(\"(?is).*\\QEngli...
09:00:52.508226 POST /session/d5e037c5-07ea-4c54-bed7-8d15d45be864/element [17.056465ms] ERR:404 body={"strategy":"-android uiautomator","selector":"new UiSelector().textContains(\"English\")"}
09:00:52.521767 POST /session/d5e037c5-07ea-4c54-bed7-8d15d45be864/element [13.448738ms] ERR:404 body={"strategy":"-android uiautomator","selector":"new UiSelector().descriptionContains(\"English\")"}
09:00:52.538685 POST /session/d5e037c5-07ea-4c54-bed7-8d15d45be864/element [16.830956ms] ERR:404 body={"strategy":"-android uiautomator","selector":"new UiSelector().textMatches(\"(?is).*\\QEnglish\\E.*...
09:00:52.553365 POST /session/d5e037c5-07ea-4c54-bed7-8d15d45be864/element [14.595885ms] ERR:404 body={"strategy":"-android uiautomator","selector":"new UiSelector().descriptionMatches(\"(?is).*\\QEngli...
09:00:52.567366 POST /session/d5e037c5-07ea-4c54-bed7-8d15d45be864/element [13.912214ms] ERR:404 body={"strategy":"-android uiautomator","selector":"new UiSelector().textContains(\"English\")"}
09:00:52.582040 POST /session/d5e037c5-07ea-4c54-bed7-8d15d45be864/element [14.584333ms] ERR:404 body={"strategy":"-android uiautomator","selector":"new UiSelector().descriptionContains(\"English\")"}
09:00:52.598328 POST /session/d5e037c5-07ea-4c54-bed7-8d15d45be864/element [16.182633ms] ERR:404 body={"strategy":"-android uiautomator","selector":"new UiSelector().textMatches(\"(?is).*\\QEnglish\\E.*...
09:00:52.619966 POST /session/d5e037c5-07ea-4c54-bed7-8d15d45be864/element [21.565915ms] ERR:404 body={"strategy":"-android uiautomator","selector":"new UiSelector().descriptionMatches(\"(?is).*\\QEngli...
09:00:52.633454 POST /session/d5e037c5-07ea-4c54-bed7-8d15d45be864/element [13.380971ms] ERR:404 body={"strategy":"-android uiautomator","selector":"new UiSelector().textContains(\"English\")"}
09:00:52.646918 POST /session/d5e037c5-07ea-4c54-bed7-8d15d45be864/element [13.367291ms] ERR:404 body={"strategy":"-android uiautomator","selector":"new UiSelector().descriptionContains(\"English\")"}
09:00:52.661933 POST /session/d5e037c5-07ea-4c54-bed7-8d15d45be864/element [14.718539ms] ERR:404 body={"strategy":"-android uiautomator","selector":"new UiSelector().textMatches(\"(?is).*\\QEnglish\\E.*...
09:00:52.677450 POST /session/d5e037c5-07ea-4c54-bed7-8d15d45be864/element [15.414314ms] ERR:404 body={"strategy":"-android uiautomator","selector":"new UiSelector().descriptionMatches(\"(?is).*\\QEngli...
09:00:52.691612 POST /session/d5e037c5-07ea-4c54-bed7-8d15d45be864/element [14.044608ms] ERR:404 body={"strategy":"-android uiautomator","selector":"new UiSelector().textContains(\"English\")"}
09:00:52.706000 POST /session/d5e037c5-07ea-4c54-bed7-8d15d45be864/element [14.277187ms] ERR:404 body={"strategy":"-android uiautomator","selector":"new UiSelector().descriptionContains(\"English\")"}
09:00:52.720789 POST /session/d5e037c5-07ea-4c54-bed7-8d15d45be864/element [14.700558ms] ERR:404 body={"strategy":"-android uiautomator","selector":"new UiSelector().textMatches(\"(?is).*\\QEnglish\\E.*...
09:00:52.734909 POST /session/d5e037c5-07ea-4c54-bed7-8d15d45be864/element [14.035489ms] ERR:404 body={"strategy":"-android uiautomator","selector":"new UiSelector().descriptionMatches(\"(?is).*\\QEngli...
09:00:52.749413 POST /session/d5e037c5-07ea-4c54-bed7-8d15d45be864/element [14.415514ms] ERR:404 body={"strategy":"-android uiautomator","selector":"new UiSelector().textContains(\"English\")"}
09:00:52.763420 POST /session/d5e037c5-07ea-4c54-bed7-8d15d45be864/element [13.931868ms] ERR:404 body={"strategy":"-android uiautomator","selector":"new UiSelector().descriptionContains(\"English\")"}
09:00:52.777552 POST /session/d5e037c5-07ea-4c54-bed7-8d15d45be864/element [14.037947ms] ERR:404 body={"strategy":"-android uiautomator","selector":"new UiSelector().textMatches(\"(?is).*\\QEnglish\\E.*...
09:00:52.792468 POST /session/d5e037c5-07ea-4c54-bed7-8d15d45be864/element [14.83898ms] ERR:404 body={"strategy":"-android uiautomator","selector":"new UiSelector().descriptionMatches(\"(?is).*\\QEngli...
09:00:52.807413 POST /session/d5e037c5-07ea-4c54-bed7-8d15d45be864/element [14.84576ms] ERR:404 body={"strategy":"-android uiautomator","selector":"new UiSelector().textContains(\"English\")"}
09:00:52.821583 POST /session/d5e037c5-07ea-4c54-bed7-8d15d45be864/element [14.078609ms] ERR:404 body={"strategy":"-android uiautomator","selector":"new UiSelector().descriptionContains(\"English\")"}
09:00:52.835921 POST /session/d5e037c5-07ea-4c54-bed7-8d15d45be864/element [14.230821ms] ERR:404 body={"strategy":"-android uiautomator","selector":"new UiSelector().textMatches(\"(?is).*\\QEnglish\\E.*...
09:00:52.852551 POST /session/d5e037c5-07ea-4c54-bed7-8d15d45be864/element [16.540645ms] ERR:404 body={"strategy":"-android uiautomator","selector":"new UiSelector().descriptionMatches(\"(?is).*\\QEngli...
09:00:52.870615 POST /session/d5e037c5-07ea-4c54-bed7-8d15d45be864/element [17.991288ms] ERR:404 body={"strategy":"-android uiautomator","selector":"new UiSelector().textContains(\"English\")"}
09:00:52.887013 POST /session/d5e037c5-07ea-4c54-bed7-8d15d45be864/element [16.297731ms] ERR:404 body={"strategy":"-android uiautomator","selector":"new UiSelector().descriptionContains(\"English\")"}
09:00:52.903913 POST /session/d5e037c5-07ea-4c54-bed7-8d15d45be864/element [16.812288ms] ERR:404 body={"strategy":"-android uiautomator","selector":"new UiSelector().textMatches(\"(?is).*\\QEnglish\\E.*...
09:00:52.918261 POST /session/d5e037c5-07ea-4c54-bed7-8d15d45be864/element [14.276651ms] ERR:404 body={"strategy":"-android uiautomator","selector":"new UiSelector().descriptionMatches(\"(?is).*\\QEngli...
09:00:52.935230 POST /session/d5e037c5-07ea-4c54-bed7-8d15d45be864/element [16.87732ms] ERR:404 body={"strategy":"-android uiautomator","selector":"new UiSelector().textContains(\"English\")"}
09:00:52.949462 POST /session/d5e037c5-07ea-4c54-bed7-8d15d45be864/element [14.144472ms] ERR:404 body={"strategy":"-android uiautomator","selector":"new UiSelector().descriptionContains(\"English\")"}
09:00:52.963201 POST /session/d5e037c5-07ea-4c54-bed7-8d15d45be864/element [13.650616ms] ERR:404 body={"strategy":"-android uiautomator","selector":"new UiSelector().textMatches(\"(?is).*\\QEnglish\\E.*...
09:00:52.977338 POST /session/d5e037c5-07ea-4c54-bed7-8d15d45be864/element [14.02617ms] ERR:404 body={"strategy":"-android uiautomator","selector":"new UiSelector().descriptionMatches(\"(?is).*\\QEngli...
09:00:52.991443 POST /session/d5e037c5-07ea-4c54-bed7-8d15d45be864/element [14.008038ms] ERR:404 body={"strategy":"-android uiautomator","selector":"new UiSelector().textContains(\"English\")"}
09:00:53.005337 POST /session/d5e037c5-07ea-4c54-bed7-8d15d45be864/element [13.820851ms] ERR:404 body={"strategy":"-android uiautomator","selector":"new UiSelector().descriptionContains(\"English\")"}
09:00:53.019918 POST /session/d5e037c5-07ea-4c54-bed7-8d15d45be864/element [14.50617ms] ERR:404 body={"strategy":"-android uiautomator","selector":"new UiSelector().textMatches(\"(?is).*\\QEnglish\\E.*...
09:00:53.033720 POST /session/d5e037c5-07ea-4c54-bed7-8d15d45be864/element [13.71018ms] ERR:404 body={"strategy":"-android uiautomator","selector":"new UiSelector().descriptionMatches(\"(?is).*\\QEngli...
09:00:53.049644 POST /session/d5e037c5-07ea-4c54-bed7-8d15d45be864/element [15.838506ms] ERR:404 body={"strategy":"-android uiautomator","selector":"new UiSelector().textContains(\"English\")"}
09:00:53.063433 POST /session/d5e037c5-07ea-4c54-bed7-8d15d45be864/element [13.687511ms] ERR:404 body={"strategy":"-android uiautomator","selector":"new UiSelector().descriptionContains(\"English\")"}
09:00:53.081627 POST /session/d5e037c5-07ea-4c54-bed7-8d15d45be864/element [18.096842ms] ERR:404 body={"strategy":"-android uiautomator","selector":"new UiSelector().textMatches(\"(?is).*\\QEnglish\\E.*...
09:00:53.099753 POST /session/d5e037c5-07ea-4c54-bed7-8d15d45be864/element [18.024452ms] ERR:404 body={"strategy":"-android uiautomator","selector":"new UiSelector().descriptionMatches(\"(?is).*\\QEngli...
09:00:53.117693 POST /session/d5e037c5-07ea-4c54-bed7-8d15d45be864/element [17.842349ms] ERR:404 body={"strategy":"-android uiautomator","selector":"new UiSelector().textContains(\"English\")"}
09:00:53.135615 POST /session/d5e037c5-07ea-4c54-bed7-8d15d45be864/element [17.845754ms] ERR:404 body={"strategy":"-android uiautomator","selector":"new UiSelector().descriptionContains(\"English\")"}
09:00:53.152372 POST /session/d5e037c5-07ea-4c54-bed7-8d15d45be864/element [16.638237ms] ERR:404 body={"strategy":"-android uiautomator","selector":"new UiSelector().textMatches(\"(?is).*\\QEnglish\\E.*...
09:00:53.167351 POST /session/d5e037c5-07ea-4c54-bed7-8d15d45be864/element [14.886782ms] ERR:404 body={"strategy":"-android uiautomator","selector":"new UiSelector().descriptionMatches(\"(?is).*\\QEngli...
09:00:53.181522 POST /session/d5e037c5-07ea-4c54-bed7-8d15d45be864/element [14.062129ms] ERR:404 body={"strategy":"-android uiautomator","selector":"new UiSelector().textContains(\"English\")"}
09:00:53.197686 POST /session/d5e037c5-07ea-4c54-bed7-8d15d45be864/element [16.08083ms] ERR:404 body={"strategy":"-android uiautomator","selector":"new UiSelector().descriptionContains(\"English\")"}
09:00:53.214546 POST /session/d5e037c5-07ea-4c54-bed7-8d15d45be864/element [16.766664ms] ERR:404 body={"strategy":"-android uiautomator","selector":"new UiSelector().textMatches(\"(?is).*\\QEnglish\\E.*...
09:00:53.230717 POST /session/d5e037c5-07ea-4c54-bed7-8d15d45be864/element [16.08444ms] ERR:404 body={"strategy":"-android uiautomator","selector":"new UiSelector().descriptionMatches(\"(?is).*\\QEngli...
09:00:53.245467 POST /session/d5e037c5-07ea-4c54-bed7-8d15d45be864/element [14.669196ms] ERR:404 body={"strategy":"-android uiautomator","selector":"new UiSelector().textContains(\"English\")"}
09:00:53.259704 POST /session/d5e037c5-07ea-4c54-bed7-8d15d45be864/element [14.143721ms] ERR:404 body={"strategy":"-android uiautomator","selector":"new UiSelector().descriptionContains(\"English\")"}
09:00:53.274632 POST /session/d5e037c5-07ea-4c54-bed7-8d15d45be864/element [14.854758ms] ERR:404 body={"strategy":"-android uiautomator","selector":"new UiSelector().textMatches(\"(?is).*\\QEnglish\\E.*...
09:00:53.291614 POST /session/d5e037c5-07ea-4c54-bed7-8d15d45be864/element [16.888282ms] ERR:404 body={"strategy":"-android uiautomator","selector":"new UiSelector().descriptionMatches(\"(?is).*\\QEngli...
09:00:53.306143 POST /session/d5e037c5-07ea-4c54-bed7-8d15d45be864/element [14.439676ms] ERR:404 body={"strategy":"-android uiautomator","selector":"new UiSelector().textContains(\"English\")"}
09:00:53.320247 POST /session/d5e037c5-07ea-4c54-bed7-8d15d45be864/element [14.024908ms] ERR:404 body={"strategy":"-android uiautomator","selector":"new UiSelector().descriptionContains(\"English\")"}
09:00:53.337131 POST /session/d5e037c5-07ea-4c54-bed7-8d15d45be864/element [16.795512ms] ERR:404 body={"strategy":"-android uiautomator","selector":"new UiSelector().textMatches(\"(?is).*\\QEnglish\\E.*...
09:00:53.351544 POST /session/d5e037c5-07ea-4c54-bed7-8d15d45be864/element [14.3325ms] ERR:404 body={"strategy":"-android uiautomator","selector":"new UiSelector().descriptionMatches(\"(?is).*\\QEngli...
09:00:53.365681 POST /session/d5e037c5-07ea-4c54-bed7-8d15d45be864/element [14.042374ms] ERR:404 body={"strategy":"-android uiautomator","selector":"new UiSelector().textContains(\"English\")"}
09:00:53.379611 POST /session/d5e037c5-07ea-4c54-bed7-8d15d45be864/element [13.863305ms] ERR:404 body={"strategy":"-android uiautomator","selector":"new UiSelector().descriptionContains(\"English\")"}
09:00:53.395037 POST /session/d5e037c5-07ea-4c54-bed7-8d15d45be864/element [15.314213ms] ERR:404 body={"strategy":"-android uiautomator","selector":"new UiSelector().textMatches(\"(?is).*\\QEnglish\\E.*...
09:00:53.412316 POST /session/d5e037c5-07ea-4c54-bed7-8d15d45be864/element [17.18331ms] ERR:404 body={"strategy":"-android uiautomator","selector":"new UiSelector().descriptionMatches(\"(?is).*\\QEngli...
09:00:53.427042 POST /session/d5e037c5-07ea-4c54-bed7-8d15d45be864/element [14.637928ms] ERR:404 body={"strategy":"-android uiautomator","selector":"new UiSelector().textContains(\"English\")"}
09:00:53.440864 POST /session/d5e037c5-07ea-4c54-bed7-8d15d45be864/element [13.728072ms] ERR:404 body={"strategy":"-android uiautomator","selector":"new UiSelector().descriptionContains(\"English\")"}
09:00:53.458329 POST /session/d5e037c5-07ea-4c54-bed7-8d15d45be864/element [17.372093ms] ERR:404 body={"strategy":"-android uiautomator","selector":"new UiSelector().textMatches(\"(?is).*\\QEnglish\\E.*...
09:00:53.473699 POST /session/d5e037c5-07ea-4c54-bed7-8d15d45be864/element [15.23181ms] ERR:404 body={"strategy":"-android uiautomator","selector":"new UiSelector().descriptionMatches(\"(?is).*\\QEngli...
09:00:53.487942 POST /session/d5e037c5-07ea-4c54-bed7-8d15d45be864/element [14.163952ms] ERR:404 body={"strategy":"-android uiautomator","selector":"new UiSelector().textContains(\"English\")"}
09:00:53.502066 POST /session/d5e037c5-07ea-4c54-bed7-8d15d45be864/element [14.032534ms] ERR:404 body={"strategy":"-android uiautomator","selector":"new UiSelector().descriptionContains(\"English\")"}
09:00:53.518557 POST /session/d5e037c5-07ea-4c54-bed7-8d15d45be864/element [16.404731ms] ERR:404 body={"strategy":"-android uiautomator","selector":"new UiSelector().textMatches(\"(?is).*\\QEnglish\\E.*...
09:00:53.534477 POST /session/d5e037c5-07ea-4c54-bed7-8d15d45be864/element [15.830128ms] ERR:404 body={"strategy":"-android uiautomator","selector":"new UiSelector().descriptionMatches(\"(?is).*\\QEngli...
09:00:53.548586 POST /session/d5e037c5-07ea-4c54-bed7-8d15d45be864/element [14.024216ms] ERR:404 body={"strategy":"-android uiautomator","selector":"new UiSelector().textContains(\"English\")"}
09:00:53.562249 POST /session/d5e037c5-07ea-4c54-bed7-8d15d45be864/element [13.590416ms] ERR:404 body={"strategy":"-android uiautomator","selector":"new UiSelector().descriptionContains(\"English\")"}
09:00:53.579041 POST /session/d5e037c5-07ea-4c54-bed7-8d15d45be864/element [16.69346ms] ERR:404 body={"strategy":"-android uiautomator","selector":"new UiSelector().textMatches(\"(?is).*\\QEnglish\\E.*...
09:00:53.596103 POST /session/d5e037c5-07ea-4c54-bed7-8d15d45be864/element [16.983405ms] ERR:404 body={"strategy":"-android uiautomator","selector":"new UiSelector().descriptionMatches(\"(?is).*\\QEngli...
09:00:53.610082 POST /session/d5e037c5-07ea-4c54-bed7-8d15d45be864/element [13.885834ms] ERR:404 body={"strategy":"-android uiautomator","selector":"new UiSelector().textContains(\"English\")"}
09:00:53.624278 POST /session/d5e037c5-07ea-4c54-bed7-8d15d45be864/element [14.105874ms] ERR:404 body={"strategy":"-android uiautomator","selector":"new UiSelector().descriptionContains(\"English\")"}
09:00:53.638099 POST /session/d5e037c5-07ea-4c54-bed7-8d15d45be864/element [13.736465ms] ERR:404 body={"strategy":"-android uiautomator","selector":"new UiSelector().textMatches(\"(?is).*\\QEnglish\\E.*...
09:00:53.654317 POST /session/d5e037c5-07ea-4c54-bed7-8d15d45be864/element [16.14807ms] ERR:404 body={"strategy":"-android uiautomator","selector":"new UiSelector().descriptionMatches(\"(?is).*\\QEngli...
09:00:53.668911 POST /session/d5e037c5-07ea-4c54-bed7-8d15d45be864/element [14.516797ms] ERR:404 body={"strategy":"-android uiautomator","selector":"new UiSelector().textContains(\"English\")"}
09:00:53.682424 POST /session/d5e037c5-07ea-4c54-bed7-8d15d45be864/element [13.41989ms] ERR:404 body={"strategy":"-android uiautomator","selector":"new UiSelector().descriptionContains(\"English\")"}
09:00:53.696711 POST /session/d5e037c5-07ea-4c54-bed7-8d15d45be864/element [14.202285ms] ERR:404 body={"strategy":"-android uiautomator","selector":"new UiSelector().textMatches(\"(?is).*\\QEnglish\\E.*...
09:00:53.709945 POST /session/d5e037c5-07ea-4c54-bed7-8d15d45be864/element [13.161717ms] ERR:404 body={"strategy":"-android uiautomator","selector":"new UiSelector().descriptionMatches(\"(?is).*\\QEngli...
09:00:53.723505 POST /session/d5e037c5-07ea-4c54-bed7-8d15d45be864/element [13.452643ms] ERR:404 body={"strategy":"-android uiautomator","selector":"new UiSelector().textContains(\"English\")"}
09:00:53.744323 POST /session/d5e037c5-07ea-4c54-bed7-8d15d45be864/element [20.751618ms] ERR:404 body={"strategy":"-android uiautomator","selector":"new UiSelector().descriptionContains(\"English\")"}
09:00:53.761156 POST /session/d5e037c5-07ea-4c54-bed7-8d15d45be864/element [16.747656ms] ERR:404 body={"strategy":"-android uiautomator","selector":"new UiSelector().textMatches(\"(?is).*\\QEnglish\\E.*...
09:00:53.776146 POST /session/d5e037c5-07ea-4c54-bed7-8d15d45be864/element [14.909236ms] ERR:404 body={"strategy":"-android uiautomator","selector":"new UiSelector().descriptionMatches(\"(?is).*\\QEngli...
09:00:53.791300 POST /session/d5e037c5-07ea-4c54-bed7-8d15d45be864/element [15.063637ms] ERR:404 body={"strategy":"-android uiautomator","selector":"new UiSelector().textContains(\"English\")"}
09:00:53.807509 POST /session/d5e037c5-07ea-4c54-bed7-8d15d45be864/element [15.842687ms] ERR:404 body={"strategy":"-android uiautomator","selector":"new UiSelector().descriptionContains(\"English\")"}
09:00:53.822671 POST /session/d5e037c5-07ea-4c54-bed7-8d15d45be864/element [15.0521ms] ERR:404 body={"strategy":"-android uiautomator","selector":"new UiSelector().textMatches(\"(?is).*\\QEnglish\\E.*...
09:00:53.840593 POST /session/d5e037c5-07ea-4c54-bed7-8d15d45be864/element [17.821488ms] ERR:404 body={"strategy":"-android uiautomator","selector":"new UiSelector().descriptionMatches(\"(?is).*\\QEngli...
09:00:53.854806 POST /session/d5e037c5-07ea-4c54-bed7-8d15d45be864/element [14.098789ms] ERR:404 body={"strategy":"-android uiautomator","selector":"new UiSelector().textContains(\"English\")"}
09:00:53.868324 POST /session/d5e037c5-07ea-4c54-bed7-8d15d45be864/element [13.427621ms] ERR:404 body={"strategy":"-android uiautomator","selector":"new UiSelector().descriptionContains(\"English\")"}
09:00:53.882122 POST /session/d5e037c5-07ea-4c54-bed7-8d15d45be864/element [13.72635ms] ERR:404 body={"strategy":"-android uiautomator","selector":"new UiSelector().textMatches(\"(?is).*\\QEnglish\\E.*...
09:00:53.896022 POST /session/d5e037c5-07ea-4c54-bed7-8d15d45be864/element [13.830045ms] ERR:404 body={"strategy":"-android uiautomator","selector":"new UiSelector().descriptionMatches(\"(?is).*\\QEngli...
09:00:53.909680 POST /session/d5e037c5-07ea-4c54-bed7-8d15d45be864/element [13.576124ms] ERR:404 body={"strategy":"-android uiautomator","selector":"new UiSelector().textContains(\"English\")"}
09:00:53.923530 POST /session/d5e037c5-07ea-4c54-bed7-8d15d45be864/element [13.771758ms] ERR:404 body={"strategy":"-android uiautomator","selector":"new UiSelector().descriptionContains(\"English\")"}
09:00:53.936661 POST /session/d5e037c5-07ea-4c54-bed7-8d15d45be864/element [13.041166ms] ERR:404 body={"strategy":"-android uiautomator","selector":"new UiSelector().textMatches(\"(?is).*\\QEnglish\\E.*...
09:00:53.952717 POST /session/d5e037c5-07ea-4c54-bed7-8d15d45be864/element [15.969993ms] ERR:404 body={"strategy":"-android uiautomator","selector":"new UiSelector().descriptionMatches(\"(?is).*\\QEngli...
09:00:53.968611 POST /session/d5e037c5-07ea-4c54-bed7-8d15d45be864/element [15.813714ms] ERR:404 body={"strategy":"-android uiautomator","selector":"new UiSelector().textContains(\"English\")"}
09:00:53.983201 POST /session/d5e037c5-07ea-4c54-bed7-8d15d45be864/element [14.484578ms] ERR:404 body={"strategy":"-android uiautomator","selector":"new UiSelector().descriptionContains(\"English\")"}
09:00:54.002358 POST /session/d5e037c5-07ea-4c54-bed7-8d15d45be864/element [19.065676ms] ERR:404 body={"strategy":"-android uiautomator","selector":"new UiSelector().textMatches(\"(?is).*\\QEnglish\\E.*...
09:00:54.017719 POST /session/d5e037c5-07ea-4c54-bed7-8d15d45be864/element [15.275125ms] ERR:404 body={"strategy":"-android uiautomator","selector":"new UiSelector().descriptionMatches(\"(?is).*\\QEngli...
09:00:54.032095 POST /session/d5e037c5-07ea-4c54-bed7-8d15d45be864/element [14.280657ms] ERR:404 body={"strategy":"-android uiautomator","selector":"new UiSelector().textContains(\"English\")"}
09:00:54.046756 POST /session/d5e037c5-07ea-4c54-bed7-8d15d45be864/element [14.544453ms] ERR:404 body={"strategy":"-android uiautomator","selector":"new UiSelector().descriptionContains(\"English\")"}
09:00:54.062957 POST /session/d5e037c5-07ea-4c54-bed7-8d15d45be864/element [16.095722ms] ERR:404 body={"strategy":"-android uiautomator","selector":"new UiSelector().textMatches(\"(?is).*\\QEnglish\\E.*...
09:00:54.077481 POST /session/d5e037c5-07ea-4c54-bed7-8d15d45be864/element [14.428844ms] ERR:404 body={"strategy":"-android uiautomator","selector":"new UiSelector().descriptionMatches(\"(?is).*\\QEngli...
09:00:54.091940 POST /session/d5e037c5-07ea-4c54-bed7-8d15d45be864/element [14.344418ms] ERR:404 body={"strategy":"-android uiautomator","selector":"new UiSelector().textContains(\"English\")"}
09:00:54.106121 POST /session/d5e037c5-07ea-4c54-bed7-8d15d45be864/element [14.055599ms] ERR:404 body={"strategy":"-android uiautomator","selector":"new UiSelector().descriptionContains(\"English\")"}
09:00:54.122741 POST /session/d5e037c5-07ea-4c54-bed7-8d15d45be864/element [16.506198ms] ERR:404 body={"strategy":"-android uiautomator","selector":"new UiSelector().textMatches(\"(?is).*\\QEnglish\\E.*...
09:00:54.137246 POST /session/d5e037c5-07ea-4c54-bed7-8d15d45be864/element [14.396216ms] ERR:404 body={"strategy":"-android uiautomator","selector":"new UiSelector().descriptionMatches(\"(?is).*\\QEngli...
09:00:54.151261 POST /session/d5e037c5-07ea-4c54-bed7-8d15d45be864/element [13.913911ms] ERR:404 body={"strategy":"-android uiautomator","selector":"new UiSelector().textContains(\"English\")"}
09:00:54.164725 POST /session/d5e037c5-07ea-4c54-bed7-8d15d45be864/element [13.363059ms] ERR:404 body={"strategy":"-android uiautomator","selector":"new UiSelector().descriptionContains(\"English\")"}
09:00:54.178203 POST /session/d5e037c5-07ea-4c54-bed7-8d15d45be864/element [13.381101ms] ERR:404 body={"strategy":"-android uiautomator","selector":"new UiSelector().textMatches(\"(?is).*\\QEnglish\\E.*...
09:00:54.194919 POST /session/d5e037c5-07ea-4c54-bed7-8d15d45be864/element [16.604401ms] ERR:404 body={"strategy":"-android uiautomator","selector":"new UiSelector().descriptionMatches(\"(?is).*\\QEngli...
09:00:54.209990 POST /session/d5e037c5-07ea-4c54-bed7-8d15d45be864/element [14.983467ms] ERR:404 body={"strategy":"-android uiautomator","selector":"new UiSelector().textContains(\"English\")"}
09:00:54.224002 POST /session/d5e037c5-07ea-4c54-bed7-8d15d45be864/element [13.908834ms] ERR:404 body={"strategy":"-android uiautomator","selector":"new UiSelector().descriptionContains(\"English\")"}
09:00:54.238125 POST /session/d5e037c5-07ea-4c54-bed7-8d15d45be864/element [14.0332ms] ERR:404 body={"strategy":"-android uiautomator","selector":"new UiSelector().textMatches(\"(?is).*\\QEnglish\\E.*...
09:00:54.258669 POST /session/d5e037c5-07ea-4c54-bed7-8d15d45be864/element [20.429459ms] ERR:404 body={"strategy":"-android uiautomator","selector":"new UiSelector().descriptionMatches(\"(?is).*\\QEngli...
09:00:54.367943 GET /session/d5e037c5-07ea-4c54-bed7-8d15d45be864/source [109.092547ms] OK body=
09:00:54.395214 POST /session/d5e037c5-07ea-4c54-bed7-8d15d45be864/element [24.747763ms] ERR:404 body={"strategy":"-android uiautomator","selector":"new UiSelector().textContains(\"Tiếng Anh\")"}
09:00:54.418271 POST /session/d5e037c5-07ea-4c54-bed7-8d15d45be864/element [22.971781ms] ERR:404 body={"strategy":"-android uiautomator","selector":"new UiSelector().descriptionContains(\"Tiếng Anh\")...
09:00:54.432228 POST /session/d5e037c5-07ea-4c54-bed7-8d15d45be864/element [13.870311ms] ERR:404 body={"strategy":"-android uiautomator","selector":"new UiSelector().textMatches(\"(?is).*\\QTiếng Anh\...
09:00:54.452884 POST /session/d5e037c5-07ea-4c54-bed7-8d15d45be864/element [20.552233ms] ERR:404 body={"strategy":"-android uiautomator","selector":"new UiSelector().descriptionMatches(\"(?is).*\\QTiế...
09:00:54.467544 POST /session/d5e037c5-07ea-4c54-bed7-8d15d45be864/element [14.528989ms] ERR:404 body={"strategy":"-android uiautomator","selector":"new UiSelector().textContains(\"Tiếng Anh\")"}
09:00:54.484683 POST /session/d5e037c5-07ea-4c54-bed7-8d15d45be864/element [17.003185ms] ERR:404 body={"strategy":"-android uiautomator","selector":"new UiSelector().descriptionContains(\"Tiếng Anh\")...
09:00:54.498847 POST /session/d5e037c5-07ea-4c54-bed7-8d15d45be864/element [13.850595ms] ERR:404 body={"strategy":"-android uiautomator","selector":"new UiSelector().textMatches(\"(?is).*\\QTiếng Anh\...
09:00:54.513918 POST /session/d5e037c5-07ea-4c54-bed7-8d15d45be864/element [14.383952ms] ERR:404 body={"strategy":"-android uiautomator","selector":"new UiSelector().descriptionMatches(\"(?is).*\\QTiế...
09:00:54.528141 POST /session/d5e037c5-07ea-4c54-bed7-8d15d45be864/element [14.094317ms] ERR:404 body={"strategy":"-android uiautomator","selector":"new UiSelector().textContains(\"Tiếng Anh\")"}
09:00:54.542125 POST /session/d5e037c5-07ea-4c54-bed7-8d15d45be864/element [13.855733ms] ERR:404 body={"strategy":"-android uiautomator","selector":"new UiSelector().descriptionContains(\"Tiếng Anh\")...
09:00:54.558440 POST /session/d5e037c5-07ea-4c54-bed7-8d15d45be864/element [16.211977ms] ERR:404 body={"strategy":"-android uiautomator","selector":"new UiSelector().textMatches(\"(?is).*\\QTiếng Anh\...
09:00:54.572172 POST /session/d5e037c5-07ea-4c54-bed7-8d15d45be864/element [13.650395ms] ERR:404 body={"strategy":"-android uiautomator","selector":"new UiSelector().descriptionMatches(\"(?is).*\\QTiế...
09:00:54.588521 POST /session/d5e037c5-07ea-4c54-bed7-8d15d45be864/element [16.26101ms] ERR:404 body={"strategy":"-android uiautomator","selector":"new UiSelector().textContains(\"Tiếng Anh\")"}
09:00:54.602096 POST /session/d5e037c5-07ea-4c54-bed7-8d15d45be864/element [13.495653ms] ERR:404 body={"strategy":"-android uiautomator","selector":"new UiSelector().descriptionContains(\"Tiếng Anh\")...
09:00:54.616239 POST /session/d5e037c5-07ea-4c54-bed7-8d15d45be864/element [14.046746ms] ERR:404 body={"strategy":"-android uiautomator","selector":"new UiSelector().textMatches(\"(?is).*\\QTiếng Anh\...
09:00:54.630444 POST /session/d5e037c5-07ea-4c54-bed7-8d15d45be864/element [14.096385ms] ERR:404 body={"strategy":"-android uiautomator","selector":"new UiSelector().descriptionMatches(\"(?is).*\\QTiế...
09:00:54.643799 POST /session/d5e037c5-07ea-4c54-bed7-8d15d45be864/element [13.279353ms] ERR:404 body={"strategy":"-android uiautomator","selector":"new UiSelector().textContains(\"Tiếng Anh\")"}
09:00:54.660181 POST /session/d5e037c5-07ea-4c54-bed7-8d15d45be864/element [16.295392ms] ERR:404 body={"strategy":"-android uiautomator","selector":"new UiSelector().descriptionContains(\"Tiếng Anh\")...
09:00:54.677729 POST /session/d5e037c5-07ea-4c54-bed7-8d15d45be864/element [17.479195ms] ERR:404 body={"strategy":"-android uiautomator","selector":"new UiSelector().textMatches(\"(?is).*\\QTiếng Anh\...
09:00:54.693905 POST /session/d5e037c5-07ea-4c54-bed7-8d15d45be864/element [16.095928ms] ERR:404 body={"strategy":"-android uiautomator","selector":"new UiSelector().descriptionMatches(\"(?is).*\\QTiế...
09:00:54.709871 POST /session/d5e037c5-07ea-4c54-bed7-8d15d45be864/element [15.878762ms] ERR:404 body={"strategy":"-android uiautomator","selector":"new UiSelector().textContains(\"Tiếng Anh\")"}
09:00:54.723502 POST /session/d5e037c5-07ea-4c54-bed7-8d15d45be864/element [13.537471ms] ERR:404 body={"strategy":"-android uiautomator","selector":"new UiSelector().descriptionContains(\"Tiếng Anh\")...
09:00:54.737104 POST /session/d5e037c5-07ea-4c54-bed7-8d15d45be864/element [13.514757ms] ERR:404 body={"strategy":"-android uiautomator","selector":"new UiSelector().textMatches(\"(?is).*\\QTiếng Anh\...
09:00:54.749945 POST /session/d5e037c5-07ea-4c54-bed7-8d15d45be864/element [12.753279ms] ERR:404 body={"strategy":"-android uiautomator","selector":"new UiSelector().descriptionMatches(\"(?is).*\\QTiế...
09:00:54.762971 POST /session/d5e037c5-07ea-4c54-bed7-8d15d45be864/element [12.938607ms] ERR:404 body={"strategy":"-android uiautomator","selector":"new UiSelector().textContains(\"Tiếng Anh\")"}
09:00:54.778688 POST /session/d5e037c5-07ea-4c54-bed7-8d15d45be864/element [15.619472ms] ERR:404 body={"strategy":"-android uiautomator","selector":"new UiSelector().descriptionContains(\"Tiếng Anh\")...
09:00:54.793353 POST /session/d5e037c5-07ea-4c54-bed7-8d15d45be864/element [14.571419ms] ERR:404 body={"strategy":"-android uiautomator","selector":"new UiSelector().textMatches(\"(?is).*\\QTiếng Anh\...
09:00:54.808345 POST /session/d5e037c5-07ea-4c54-bed7-8d15d45be864/element [14.914224ms] ERR:404 body={"strategy":"-android uiautomator","selector":"new UiSelector().descriptionMatches(\"(?is).*\\QTiế...
09:00:54.821563 POST /session/d5e037c5-07ea-4c54-bed7-8d15d45be864/element [13.128232ms] ERR:404 body={"strategy":"-android uiautomator","selector":"new UiSelector().textContains(\"Tiếng Anh\")"}
09:00:54.834964 POST /session/d5e037c5-07ea-4c54-bed7-8d15d45be864/element [13.320205ms] ERR:404 body={"strategy":"-android uiautomator","selector":"new UiSelector().descriptionContains(\"Tiếng Anh\")...
09:00:54.848367 POST /session/d5e037c5-07ea-4c54-bed7-8d15d45be864/element [13.319229ms] ERR:404 body={"strategy":"-android uiautomator","selector":"new UiSelector().textMatches(\"(?is).*\\QTiếng Anh\...
09:00:54.864079 POST /session/d5e037c5-07ea-4c54-bed7-8d15d45be864/element [15.622622ms] ERR:404 body={"strategy":"-android uiautomator","selector":"new UiSelector().descriptionMatches(\"(?is).*\\QTiế...
09:00:54.877797 POST /session/d5e037c5-07ea-4c54-bed7-8d15d45be864/element [13.641412ms] ERR:404 body={"strategy":"-android uiautomator","selector":"new UiSelector().textContains(\"Tiếng Anh\")"}
09:00:54.891072 POST /session/d5e037c5-07ea-4c54-bed7-8d15d45be864/element [13.190615ms] ERR:404 body={"strategy":"-android uiautomator","selector":"new UiSelector().descriptionContains(\"Tiếng Anh\")...
09:00:54.904594 POST /session/d5e037c5-07ea-4c54-bed7-8d15d45be864/element [13.441322ms] ERR:404 body={"strategy":"-android uiautomator","selector":"new UiSelector().textMatches(\"(?is).*\\QTiếng Anh\...
09:00:54.917875 POST /session/d5e037c5-07ea-4c54-bed7-8d15d45be864/element [13.204912ms] ERR:404 body={"strategy":"-android uiautomator","selector":"new UiSelector().descriptionMatches(\"(?is).*\\QTiế...
09:00:54.934493 POST /session/d5e037c5-07ea-4c54-bed7-8d15d45be864/element [16.525974ms] ERR:404 body={"strategy":"-android uiautomator","selector":"new UiSelector().textContains(\"Tiếng Anh\")"}
09:00:54.948042 POST /session/d5e037c5-07ea-4c54-bed7-8d15d45be864/element [13.451092ms] ERR:404 body={"strategy":"-android uiautomator","selector":"new UiSelector().descriptionContains(\"Tiếng Anh\")...
09:00:54.962608 POST /session/d5e037c5-07ea-4c54-bed7-8d15d45be864/element [14.469666ms] ERR:404 body={"strategy":"-android uiautomator","selector":"new UiSelector().textMatches(\"(?is).*\\QTiếng Anh\...
09:00:54.978735 POST /session/d5e037c5-07ea-4c54-bed7-8d15d45be864/element [16.011411ms] ERR:404 body={"strategy":"-android uiautomator","selector":"new UiSelector().descriptionMatches(\"(?is).*\\QTiế...
09:00:54.992756 POST /session/d5e037c5-07ea-4c54-bed7-8d15d45be864/element [13.941703ms] ERR:404 body={"strategy":"-android uiautomator","selector":"new UiSelector().textContains(\"Tiếng Anh\")"}
09:00:55.008179 POST /session/d5e037c5-07ea-4c54-bed7-8d15d45be864/element [15.339542ms] ERR:404 body={"strategy":"-android uiautomator","selector":"new UiSelector().descriptionContains(\"Tiếng Anh\")...
09:00:55.024018 POST /session/d5e037c5-07ea-4c54-bed7-8d15d45be864/element [15.730233ms] ERR:404 body={"strategy":"-android uiautomator","selector":"new UiSelector().textMatches(\"(?is).*\\QTiếng Anh\...
09:00:55.038401 POST /session/d5e037c5-07ea-4c54-bed7-8d15d45be864/element [14.293526ms] ERR:404 body={"strategy":"-android uiautomator","selector":"new UiSelector().descriptionMatches(\"(?is).*\\QTiế...
09:00:55.053107 POST /session/d5e037c5-07ea-4c54-bed7-8d15d45be864/element [14.599596ms] ERR:404 body={"strategy":"-android uiautomator","selector":"new UiSelector().textContains(\"Tiếng Anh\")"}
09:00:55.069232 POST /session/d5e037c5-07ea-4c54-bed7-8d15d45be864/element [16.025758ms] ERR:404 body={"strategy":"-android uiautomator","selector":"new UiSelector().descriptionContains(\"Tiếng Anh\")...
09:00:55.083120 POST /session/d5e037c5-07ea-4c54-bed7-8d15d45be864/element [13.816094ms] ERR:404 body={"strategy":"-android uiautomator","selector":"new UiSelector().textMatches(\"(?is).*\\QTiếng Anh\...
09:00:55.098747 POST /session/d5e037c5-07ea-4c54-bed7-8d15d45be864/element [15.54135ms] ERR:404 body={"strategy":"-android uiautomator","selector":"new UiSelector().descriptionMatches(\"(?is).*\\QTiế...
09:00:55.114829 POST /session/d5e037c5-07ea-4c54-bed7-8d15d45be864/element [15.993454ms] ERR:404 body={"strategy":"-android uiautomator","selector":"new UiSelector().textContains(\"Tiếng Anh\")"}
09:00:55.130017 POST /session/d5e037c5-07ea-4c54-bed7-8d15d45be864/element [15.108876ms] ERR:404 body={"strategy":"-android uiautomator","selector":"new UiSelector().descriptionContains(\"Tiếng Anh\")...
09:00:55.145676 POST /session/d5e037c5-07ea-4c54-bed7-8d15d45be864/element [15.555496ms] ERR:404 body={"strategy":"-android uiautomator","selector":"new UiSelector().textMatches(\"(?is).*\\QTiếng Anh\...
09:00:55.161467 POST /session/d5e037c5-07ea-4c54-bed7-8d15d45be864/element [15.707134ms] ERR:404 body={"strategy":"-android uiautomator","selector":"new UiSelector().descriptionMatches(\"(?is).*\\QTiế...
09:00:55.175608 POST /session/d5e037c5-07ea-4c54-bed7-8d15d45be864/element [14.062234ms] ERR:404 body={"strategy":"-android uiautomator","selector":"new UiSelector().textContains(\"Tiếng Anh\")"}
09:00:55.191121 POST /session/d5e037c5-07ea-4c54-bed7-8d15d45be864/element [15.406808ms] ERR:404 body={"strategy":"-android uiautomator","selector":"new UiSelector().descriptionContains(\"Tiếng Anh\")...
09:00:55.206864 POST /session/d5e037c5-07ea-4c54-bed7-8d15d45be864/element [15.66382ms] ERR:404 body={"strategy":"-android uiautomator","selector":"new UiSelector().textMatches(\"(?is).*\\QTiếng Anh\...
09:00:55.223773 POST /session/d5e037c5-07ea-4c54-bed7-8d15d45be864/element [16.829685ms] ERR:404 body={"strategy":"-android uiautomator","selector":"new UiSelector().descriptionMatches(\"(?is).*\\QTiế...
09:00:55.240516 POST /session/d5e037c5-07ea-4c54-bed7-8d15d45be864/element [16.649504ms] ERR:404 body={"strategy":"-android uiautomator","selector":"new UiSelector().textContains(\"Tiếng Anh\")"}
09:00:55.257027 POST /session/d5e037c5-07ea-4c54-bed7-8d15d45be864/element [16.426113ms] ERR:404 body={"strategy":"-android uiautomator","selector":"new UiSelector().descriptionContains(\"Tiếng Anh\")...
09:00:55.271580 POST /session/d5e037c5-07ea-4c54-bed7-8d15d45be864/element [14.464053ms] ERR:404 body={"strategy":"-android uiautomator","selector":"new UiSelector().textMatches(\"(?is).*\\QTiếng Anh\...
09:00:55.285514 POST /session/d5e037c5-07ea-4c54-bed7-8d15d45be864/element [13.825734ms] ERR:404 body={"strategy":"-android uiautomator","selector":"new UiSelector().descriptionMatches(\"(?is).*\\QTiế...
09:00:55.298938 POST /session/d5e037c5-07ea-4c54-bed7-8d15d45be864/element [13.34325ms] ERR:404 body={"strategy":"-android uiautomator","selector":"new UiSelector().textContains(\"Tiếng Anh\")"}
09:00:55.314451 POST /session/d5e037c5-07ea-4c54-bed7-8d15d45be864/element [15.434004ms] ERR:404 body={"strategy":"-android uiautomator","selector":"new UiSelector().descriptionContains(\"Tiếng Anh\")...
09:00:55.328020 POST /session/d5e037c5-07ea-4c54-bed7-8d15d45be864/element [13.487055ms] ERR:404 body={"strategy":"-android uiautomator","selector":"new UiSelector().textMatches(\"(?is).*\\QTiếng Anh\...
09:00:55.341188 POST /session/d5e037c5-07ea-4c54-bed7-8d15d45be864/element [13.079494ms] ERR:404 body={"strategy":"-android uiautomator","selector":"new UiSelector().descriptionMatches(\"(?is).*\\QTiế...
09:00:55.355480 POST /session/d5e037c5-07ea-4c54-bed7-8d15d45be864/element [14.207362ms] ERR:404 body={"strategy":"-android uiautomator","selector":"new UiSelector().textContains(\"Tiếng Anh\")"}
09:00:55.368939 POST /session/d5e037c5-07ea-4c54-bed7-8d15d45be864/element [13.369345ms] ERR:404 body={"strategy":"-android uiautomator","selector":"new UiSelector().descriptionContains(\"Tiếng Anh\")...
09:00:55.382770 POST /session/d5e037c5-07ea-4c54-bed7-8d15d45be864/element [13.71352ms] ERR:404 body={"strategy":"-android uiautomator","selector":"new UiSelector().textMatches(\"(?is).*\\QTiếng Anh\...
09:00:55.396747 POST /session/d5e037c5-07ea-4c54-bed7-8d15d45be864/element [13.900842ms] ERR:404 body={"strategy":"-android uiautomator","selector":"new UiSelector().descriptionMatches(\"(?is).*\\QTiế...
09:00:55.410248 POST /session/d5e037c5-07ea-4c54-bed7-8d15d45be864/element [13.422113ms] ERR:404 body={"strategy":"-android uiautomator","selector":"new UiSelector().textContains(\"Tiếng Anh\")"}
09:00:55.423960 POST /session/d5e037c5-07ea-4c54-bed7-8d15d45be864/element [13.630105ms] ERR:404 body={"strategy":"-android uiautomator","selector":"new UiSelector().descriptionContains(\"Tiếng Anh\")...
09:00:55.437806 POST /session/d5e037c5-07ea-4c54-bed7-8d15d45be864/element [13.763416ms] ERR:404 body={"strategy":"-android uiautomator","selector":"new UiSelector().textMatches(\"(?is).*\\QTiếng Anh\...
09:00:55.451640 POST /session/d5e037c5-07ea-4c54-bed7-8d15d45be864/element [13.761383ms] ERR:404 body={"strategy":"-android uiautomator","selector":"new UiSelector().descriptionMatches(\"(?is).*\\QTiế...
09:00:55.465251 POST /session/d5e037c5-07ea-4c54-bed7-8d15d45be864/element [13.523255ms] ERR:404 body={"strategy":"-android uiautomator","selector":"new UiSelector().textContains(\"Tiếng Anh\")"}
09:00:55.479212 POST /session/d5e037c5-07ea-4c54-bed7-8d15d45be864/element [13.881883ms] ERR:404 body={"strategy":"-android uiautomator","selector":"new UiSelector().descriptionContains(\"Tiếng Anh\")...
09:00:55.504559 POST /session/d5e037c5-07ea-4c54-bed7-8d15d45be864/element [25.242497ms] ERR:404 body={"strategy":"-android uiautomator","selector":"new UiSelector().textMatches(\"(?is).*\\QTiếng Anh\...
09:00:55.519103 POST /session/d5e037c5-07ea-4c54-bed7-8d15d45be864/element [14.430397ms] ERR:404 body={"strategy":"-android uiautomator","selector":"new UiSelector().descriptionMatches(\"(?is).*\\QTiế...
09:00:55.535211 POST /session/d5e037c5-07ea-4c54-bed7-8d15d45be864/element [16.02406ms] ERR:404 body={"strategy":"-android uiautomator","selector":"new UiSelector().textContains(\"Tiếng Anh\")"}
09:00:55.551271 POST /session/d5e037c5-07ea-4c54-bed7-8d15d45be864/element [15.965432ms] ERR:404 body={"strategy":"-android uiautomator","selector":"new UiSelector().descriptionContains(\"Tiếng Anh\")...
09:00:55.564828 POST /session/d5e037c5-07ea-4c54-bed7-8d15d45be864/element [13.464316ms] ERR:404 body={"strategy":"-android uiautomator","selector":"new UiSelector().textMatches(\"(?is).*\\QTiếng Anh\...
09:00:55.584707 POST /session/d5e037c5-07ea-4c54-bed7-8d15d45be864/element [19.786609ms] ERR:404 body={"strategy":"-android uiautomator","selector":"new UiSelector().descriptionMatches(\"(?is).*\\QTiế...
09:00:55.602471 POST /session/d5e037c5-07ea-4c54-bed7-8d15d45be864/element [17.68554ms] ERR:404 body={"strategy":"-android uiautomator","selector":"new UiSelector().textContains(\"Tiếng Anh\")"}
09:00:55.618377 POST /session/d5e037c5-07ea-4c54-bed7-8d15d45be864/element [15.812993ms] ERR:404 body={"strategy":"-android uiautomator","selector":"new UiSelector().descriptionContains(\"Tiếng Anh\")...
09:00:55.634556 POST /session/d5e037c5-07ea-4c54-bed7-8d15d45be864/element [16.088136ms] ERR:404 body={"strategy":"-android uiautomator","selector":"new UiSelector().textMatches(\"(?is).*\\QTiếng Anh\...
09:00:55.648698 POST /session/d5e037c5-07ea-4c54-bed7-8d15d45be864/element [14.066311ms] ERR:404 body={"strategy":"-android uiautomator","selector":"new UiSelector().descriptionMatches(\"(?is).*\\QTiế...
09:00:55.664964 POST /session/d5e037c5-07ea-4c54-bed7-8d15d45be864/element [16.165678ms] ERR:404 body={"strategy":"-android uiautomator","selector":"new UiSelector().textContains(\"Tiếng Anh\")"}
09:00:55.679262 POST /session/d5e037c5-07ea-4c54-bed7-8d15d45be864/element [14.19257ms] ERR:404 body={"strategy":"-android uiautomator","selector":"new UiSelector().descriptionContains(\"Tiếng Anh\")...
09:00:55.692861 POST /session/d5e037c5-07ea-4c54-bed7-8d15d45be864/element [13.522273ms] ERR:404 body={"strategy":"-android uiautomator","selector":"new UiSelector().textMatches(\"(?is).*\\QTiếng Anh\...
09:00:55.706738 POST /session/d5e037c5-07ea-4c54-bed7-8d15d45be864/element [13.799891ms] ERR:404 body={"strategy":"-android uiautomator","selector":"new UiSelector().descriptionMatches(\"(?is).*\\QTiế...
09:00:55.723095 POST /session/d5e037c5-07ea-4c54-bed7-8d15d45be864/element [16.265753ms] ERR:404 body={"strategy":"-android uiautomator","selector":"new UiSelector().textContains(\"Tiếng Anh\")"}
09:00:55.738723 POST /session/d5e037c5-07ea-4c54-bed7-8d15d45be864/element [15.529848ms] ERR:404 body={"strategy":"-android uiautomator","selector":"new UiSelector().descriptionContains(\"Tiếng Anh\")...
09:00:55.753321 POST /session/d5e037c5-07ea-4c54-bed7-8d15d45be864/element [14.53224ms] ERR:404 body={"strategy":"-android uiautomator","selector":"new UiSelector().textMatches(\"(?is).*\\QTiếng Anh\...
09:00:55.775158 POST /session/d5e037c5-07ea-4c54-bed7-8d15d45be864/element [21.740183ms] ERR:404 body={"strategy":"-android uiautomator","selector":"new UiSelector().descriptionMatches(\"(?is).*\\QTiế...
09:00:55.789355 POST /session/d5e037c5-07ea-4c54-bed7-8d15d45be864/element [14.107112ms] ERR:404 body={"strategy":"-android uiautomator","selector":"new UiSelector().textContains(\"Tiếng Anh\")"}
09:00:55.804027 POST /session/d5e037c5-07ea-4c54-bed7-8d15d45be864/element [14.586066ms] ERR:404 body={"strategy":"-android uiautomator","selector":"new UiSelector().descriptionContains(\"Tiếng Anh\")...
09:00:55.819230 POST /session/d5e037c5-07ea-4c54-bed7-8d15d45be864/element [15.108636ms] ERR:404 body={"strategy":"-android uiautomator","selector":"new UiSelector().textMatches(\"(?is).*\\QTiếng Anh\...
09:00:55.834228 POST /session/d5e037c5-07ea-4c54-bed7-8d15d45be864/element [14.902787ms] ERR:404 body={"strategy":"-android uiautomator","selector":"new UiSelector().descriptionMatches(\"(?is).*\\QTiế...
09:00:55.847850 POST /session/d5e037c5-07ea-4c54-bed7-8d15d45be864/element [13.527221ms] ERR:404 body={"strategy":"-android uiautomator","selector":"new UiSelector().textContains(\"Tiếng Anh\")"}
09:00:55.861752 POST /session/d5e037c5-07ea-4c54-bed7-8d15d45be864/element [13.806921ms] ERR:404 body={"strategy":"-android uiautomator","selector":"new UiSelector().descriptionContains(\"Tiếng Anh\")...
09:00:55.876400 POST /session/d5e037c5-07ea-4c54-bed7-8d15d45be864/element [14.530862ms] ERR:404 body={"strategy":"-android uiautomator","selector":"new UiSelector().textMatches(\"(?is).*\\QTiếng Anh\...
09:00:55.892509 POST /session/d5e037c5-07ea-4c54-bed7-8d15d45be864/element [16.016814ms] ERR:404 body={"strategy":"-android uiautomator","selector":"new UiSelector().descriptionMatches(\"(?is).*\\QTiế...
09:00:55.908583 POST /session/d5e037c5-07ea-4c54-bed7-8d15d45be864/element [15.988492ms] ERR:404 body={"strategy":"-android uiautomator","selector":"new UiSelector().textContains(\"Tiếng Anh\")"}
09:00:55.922638 POST /session/d5e037c5-07ea-4c54-bed7-8d15d45be864/element [13.991067ms] ERR:404 body={"strategy":"-android uiautomator","selector":"new UiSelector().descriptionContains(\"Tiếng Anh\")...
09:00:55.936188 POST /session/d5e037c5-07ea-4c54-bed7-8d15d45be864/element [13.458563ms] ERR:404 body={"strategy":"-android uiautomator","selector":"new UiSelector().textMatches(\"(?is).*\\QTiếng Anh\...
09:00:55.951713 POST /session/d5e037c5-07ea-4c54-bed7-8d15d45be864/element [15.447654ms] ERR:404 body={"strategy":"-android uiautomator","selector":"new UiSelector().descriptionMatches(\"(?is).*\\QTiế...
09:00:55.967331 POST /session/d5e037c5-07ea-4c54-bed7-8d15d45be864/element [15.526443ms] ERR:404 body={"strategy":"-android uiautomator","selector":"new UiSelector().textContains(\"Tiếng Anh\")"}
09:00:55.981548 POST /session/d5e037c5-07ea-4c54-bed7-8d15d45be864/element [14.121433ms] ERR:404 body={"strategy":"-android uiautomator","selector":"new UiSelector().descriptionContains(\"Tiếng Anh\")...
09:00:55.995499 POST /session/d5e037c5-07ea-4c54-bed7-8d15d45be864/element [13.865128ms] ERR:404 body={"strategy":"-android uiautomator","selector":"new UiSelector().textMatches(\"(?is).*\\QTiếng Anh\...
09:00:56.009249 POST /session/d5e037c5-07ea-4c54-bed7-8d15d45be864/element [13.673034ms] ERR:404 body={"strategy":"-android uiautomator","selector":"new UiSelector().descriptionMatches(\"(?is).*\\QTiế...
09:00:56.023263 POST /session/d5e037c5-07ea-4c54-bed7-8d15d45be864/element [13.931323ms] ERR:404 body={"strategy":"-android uiautomator","selector":"new UiSelector().textContains(\"Tiếng Anh\")"}
09:00:56.044862 POST /session/d5e037c5-07ea-4c54-bed7-8d15d45be864/element [21.511064ms] ERR:404 body={"strategy":"-android uiautomator","selector":"new UiSelector().descriptionContains(\"Tiếng Anh\")...
09:00:56.060328 POST /session/d5e037c5-07ea-4c54-bed7-8d15d45be864/element [15.369773ms] ERR:404 body={"strategy":"-android uiautomator","selector":"new UiSelector().textMatches(\"(?is).*\\QTiếng Anh\...
09:00:56.075168 POST /session/d5e037c5-07ea-4c54-bed7-8d15d45be864/element [14.744509ms] ERR:404 body={"strategy":"-android uiautomator","selector":"new UiSelector().descriptionMatches(\"(?is).*\\QTiế...
09:00:56.090038 POST /session/d5e037c5-07ea-4c54-bed7-8d15d45be864/element [14.751344ms] ERR:404 body={"strategy":"-android uiautomator","selector":"new UiSelector().textContains(\"Tiếng Anh\")"}
09:00:56.103991 POST /session/d5e037c5-07ea-4c54-bed7-8d15d45be864/element [13.843836ms] ERR:404 body={"strategy":"-android uiautomator","selector":"new UiSelector().descriptionContains(\"Tiếng Anh\")...
09:00:56.117712 POST /session/d5e037c5-07ea-4c54-bed7-8d15d45be864/element [13.629454ms] ERR:404 body={"strategy":"-android uiautomator","selector":"new UiSelector().textMatches(\"(?is).*\\QTiếng Anh\...
09:00:56.131262 POST /session/d5e037c5-07ea-4c54-bed7-8d15d45be864/element [13.453194ms] ERR:404 body={"strategy":"-android uiautomator","selector":"new UiSelector().descriptionMatches(\"(?is).*\\QTiế...
09:00:56.144990 POST /session/d5e037c5-07ea-4c54-bed7-8d15d45be864/element [13.661974ms] ERR:404 body={"strategy":"-android uiautomator","selector":"new UiSelector().textContains(\"Tiếng Anh\")"}
09:00:56.158479 POST /session/d5e037c5-07ea-4c54-bed7-8d15d45be864/element [13.401403ms] ERR:404 body={"strategy":"-android uiautomator","selector":"new UiSelector().descriptionContains(\"Tiếng Anh\")...
09:00:56.172248 POST /session/d5e037c5-07ea-4c54-bed7-8d15d45be864/element [13.680261ms] ERR:404 body={"strategy":"-android uiautomator","selector":"new UiSelector().textMatches(\"(?is).*\\QTiếng Anh\...
09:00:56.185683 POST /session/d5e037c5-07ea-4c54-bed7-8d15d45be864/element [13.335738ms] ERR:404 body={"strategy":"-android uiautomator","selector":"new UiSelector().descriptionMatches(\"(?is).*\\QTiế...
09:00:56.199247 POST /session/d5e037c5-07ea-4c54-bed7-8d15d45be864/element [13.475454ms] ERR:404 body={"strategy":"-android uiautomator","selector":"new UiSelector().textContains(\"Tiếng Anh\")"}
09:00:56.214977 POST /session/d5e037c5-07ea-4c54-bed7-8d15d45be864/element [15.642247ms] ERR:404 body={"strategy":"-android uiautomator","selector":"new UiSelector().descriptionContains(\"Tiếng Anh\")...
09:00:56.230529 POST /session/d5e037c5-07ea-4c54-bed7-8d15d45be864/element [15.468385ms] ERR:404 body={"strategy":"-android uiautomator","selector":"new UiSelector().textMatches(\"(?is).*\\QTiếng Anh\...
09:00:56.245465 POST /session/d5e037c5-07ea-4c54-bed7-8d15d45be864/element [14.843182ms] ERR:404 body={"strategy":"-android uiautomator","selector":"new UiSelector().descriptionMatches(\"(?is).*\\QTiế...
09:00:56.258348 POST /session/d5e037c5-07ea-4c54-bed7-8d15d45be864/element [12.806709ms] ERR:404 body={"strategy":"-android uiautomator","selector":"new UiSelector().textContains(\"Tiếng Anh\")"}
09:00:56.271831 POST /session/d5e037c5-07ea-4c54-bed7-8d15d45be864/element [13.383129ms] ERR:404 body={"strategy":"-android uiautomator","selector":"new UiSelector().descriptionContains(\"Tiếng Anh\")...
09:00:56.293250 POST /session/d5e037c5-07ea-4c54-bed7-8d15d45be864/element [21.331714ms] ERR:404 body={"strategy":"-android uiautomator","selector":"new UiSelector().textMatches(\"(?is).*\\QTiếng Anh\...
09:00:56.308151 POST /session/d5e037c5-07ea-4c54-bed7-8d15d45be864/element [14.813833ms] ERR:404 body={"strategy":"-android uiautomator","selector":"new UiSelector().descriptionMatches(\"(?is).*\\QTiế...
09:00:56.322454 POST /session/d5e037c5-07ea-4c54-bed7-8d15d45be864/element [14.222025ms] ERR:404 body={"strategy":"-android uiautomator","selector":"new UiSelector().textContains(\"Tiếng Anh\")"}
09:00:56.337482 POST /session/d5e037c5-07ea-4c54-bed7-8d15d45be864/element [14.929016ms] ERR:404 body={"strategy":"-android uiautomator","selector":"new UiSelector().descriptionContains(\"Tiếng Anh\")...
09:00:56.352410 POST /session/d5e037c5-07ea-4c54-bed7-8d15d45be864/element [14.833667ms] ERR:404 body={"strategy":"-android uiautomator","selector":"new UiSelector().textMatches(\"(?is).*\\QTiếng Anh\...
09:00:56.366710 POST /session/d5e037c5-07ea-4c54-bed7-8d15d45be864/element [14.210272ms] ERR:404 body={"strategy":"-android uiautomator","selector":"new UiSelector().descriptionMatches(\"(?is).*\\QTiế...
09:00:56.382162 POST /session/d5e037c5-07ea-4c54-bed7-8d15d45be864/element [15.357168ms] ERR:404 body={"strategy":"-android uiautomator","selector":"new UiSelector().textContains(\"Tiếng Anh\")"}
09:00:56.395892 POST /session/d5e037c5-07ea-4c54-bed7-8d15d45be864/element [13.639014ms] ERR:404 body={"strategy":"-android uiautomator","selector":"new UiSelector().descriptionContains(\"Tiếng Anh\")...
09:00:56.410330 POST /session/d5e037c5-07ea-4c54-bed7-8d15d45be864/element [14.350512ms] ERR:404 body={"strategy":"-android uiautomator","selector":"new UiSelector().textMatches(\"(?is).*\\QTiếng Anh\...
09:00:56.423862 POST /session/d5e037c5-07ea-4c54-bed7-8d15d45be864/element [13.448058ms] ERR:404 body={"strategy":"-android uiautomator","selector":"new UiSelector().descriptionMatches(\"(?is).*\\QTiế...
09:00:56.440216 POST /session/d5e037c5-07ea-4c54-bed7-8d15d45be864/element [16.275387ms] ERR:404 body={"strategy":"-android uiautomator","selector":"new UiSelector().textContains(\"Tiếng Anh\")"}
09:00:56.453665 POST /session/d5e037c5-07ea-4c54-bed7-8d15d45be864/element [13.345899ms] ERR:404 body={"strategy":"-android uiautomator","selector":"new UiSelector().descriptionContains(\"Tiếng Anh\")...
09:00:56.466995 POST /session/d5e037c5-07ea-4c54-bed7-8d15d45be864/element [13.239153ms] ERR:404 body={"strategy":"-android uiautomator","selector":"new UiSelector().textMatches(\"(?is).*\\QTiếng Anh\...
09:00:56.482835 POST /session/d5e037c5-07ea-4c54-bed7-8d15d45be864/element [15.754445ms] ERR:404 body={"strategy":"-android uiautomator","selector":"new UiSelector().descriptionMatches(\"(?is).*\\QTiế...
09:00:56.496533 POST /session/d5e037c5-07ea-4c54-bed7-8d15d45be864/element [13.605328ms] ERR:404 body={"strategy":"-android uiautomator","selector":"new UiSelector().textContains(\"Tiếng Anh\")"}
09:00:56.509727 POST /session/d5e037c5-07ea-4c54-bed7-8d15d45be864/element [13.111767ms] ERR:404 body={"strategy":"-android uiautomator","selector":"new UiSelector().descriptionContains(\"Tiếng Anh\")...
09:00:56.522890 POST /session/d5e037c5-07ea-4c54-bed7-8d15d45be864/element [13.082117ms] ERR:404 body={"strategy":"-android uiautomator","selector":"new UiSelector().textMatches(\"(?is).*\\QTiếng Anh\...
09:00:56.541388 POST /session/d5e037c5-07ea-4c54-bed7-8d15d45be864/element [18.40518ms] ERR:404 body={"strategy":"-android uiautomator","selector":"new UiSelector().descriptionMatches(\"(?is).*\\QTiế...
09:00:56.556172 POST /session/d5e037c5-07ea-4c54-bed7-8d15d45be864/element [14.685209ms] ERR:404 body={"strategy":"-android uiautomator","selector":"new UiSelector().textContains(\"Tiếng Anh\")"}
09:00:56.570594 POST /session/d5e037c5-07ea-4c54-bed7-8d15d45be864/element [14.33211ms] ERR:404 body={"strategy":"-android uiautomator","selector":"new UiSelector().descriptionContains(\"Tiếng Anh\")...
09:00:56.585191 POST /session/d5e037c5-07ea-4c54-bed7-8d15d45be864/element [14.524959ms] ERR:404 body={"strategy":"-android uiautomator","selector":"new UiSelector().textMatches(\"(?is).*\\QTiếng Anh\...
09:00:56.600352 POST /session/d5e037c5-07ea-4c54-bed7-8d15d45be864/element [15.063438ms] ERR:404 body={"strategy":"-android uiautomator","selector":"new UiSelector().descriptionMatches(\"(?is).*\\QTiế...
09:00:56.613800 POST /session/d5e037c5-07ea-4c54-bed7-8d15d45be864/element [13.343185ms] ERR:404 body={"strategy":"-android uiautomator","selector":"new UiSelector().textContains(\"Tiếng Anh\")"}
09:00:56.627544 POST /session/d5e037c5-07ea-4c54-bed7-8d15d45be864/element [13.657502ms] ERR:404 body={"strategy":"-android uiautomator","selector":"new UiSelector().descriptionContains(\"Tiếng Anh\")...
09:00:56.640882 POST /session/d5e037c5-07ea-4c54-bed7-8d15d45be864/element [13.249565ms] ERR:404 body={"strategy":"-android uiautomator","selector":"new UiSelector().textMatches(\"(?is).*\\QTiếng Anh\...
09:00:56.656671 POST /session/d5e037c5-07ea-4c54-bed7-8d15d45be864/element [15.671155ms] ERR:404 body={"strategy":"-android uiautomator","selector":"new UiSelector().descriptionMatches(\"(?is).*\\QTiế...
09:00:56.672923 POST /session/d5e037c5-07ea-4c54-bed7-8d15d45be864/element [16.159324ms] ERR:404 body={"strategy":"-android uiautomator","selector":"new UiSelector().textContains(\"Tiếng Anh\")"}
09:00:56.688781 POST /session/d5e037c5-07ea-4c54-bed7-8d15d45be864/element [15.772222ms] ERR:404 body={"strategy":"-android uiautomator","selector":"new UiSelector().descriptionContains(\"Tiếng Anh\")...
09:00:56.705847 POST /session/d5e037c5-07ea-4c54-bed7-8d15d45be864/element [16.980076ms] ERR:404 body={"strategy":"-android uiautomator","selector":"new UiSelector().textMatches(\"(?is).*\\QTiếng Anh\...
09:00:56.719305 POST /session/d5e037c5-07ea-4c54-bed7-8d15d45be864/element [13.368142ms] ERR:404 body={"strategy":"-android uiautomator","selector":"new UiSelector().descriptionMatches(\"(?is).*\\QTiế...
09:00:56.734634 POST /session/d5e037c5-07ea-4c54-bed7-8d15d45be864/element [15.234229ms] ERR:404 body={"strategy":"-android uiautomator","selector":"new UiSelector().textContains(\"Tiếng Anh\")"}
09:00:56.749821 POST /session/d5e037c5-07ea-4c54-bed7-8d15d45be864/element [15.086928ms] ERR:404 body={"strategy":"-android uiautomator","selector":"new UiSelector().descriptionContains(\"Tiếng Anh\")...
09:00:56.765212 POST /session/d5e037c5-07ea-4c54-bed7-8d15d45be864/element [15.303568ms] ERR:404 body={"strategy":"-android uiautomator","selector":"new UiSelector().textMatches(\"(?is).*\\QTiếng Anh\...
09:00:56.784077 POST /session/d5e037c5-07ea-4c54-bed7-8d15d45be864/element [18.77089ms] ERR:404 body={"strategy":"-android uiautomator","selector":"new UiSelector().descriptionMatches(\"(?is).*\\QTiế...
09:00:56.798026 POST /session/d5e037c5-07ea-4c54-bed7-8d15d45be864/element [13.862699ms] ERR:404 body={"strategy":"-android uiautomator","selector":"new UiSelector().textContains(\"Tiếng Anh\")"}
09:00:56.818844 POST /session/d5e037c5-07ea-4c54-bed7-8d15d45be864/element [20.722691ms] ERR:404 body={"strategy":"-android uiautomator","selector":"new UiSelector().descriptionContains(\"Tiếng Anh\")...
09:00:56.834363 POST /session/d5e037c5-07ea-4c54-bed7-8d15d45be864/element [15.383443ms] ERR:404 body={"strategy":"-android uiautomator","selector":"new UiSelector().textMatches(\"(?is).*\\QTiếng Anh\...
09:00:56.854769 POST /session/d5e037c5-07ea-4c54-bed7-8d15d45be864/element [20.328378ms] ERR:404 body={"strategy":"-android uiautomator","selector":"new UiSelector().descriptionMatches(\"(?is).*\\QTiế...
09:00:56.870727 POST /session/d5e037c5-07ea-4c54-bed7-8d15d45be864/element [15.861661ms] ERR:404 body={"strategy":"-android uiautomator","selector":"new UiSelector().textContains(\"Tiếng Anh\")"}
09:00:56.884506 POST /session/d5e037c5-07ea-4c54-bed7-8d15d45be864/element [13.672364ms] ERR:404 body={"strategy":"-android uiautomator","selector":"new UiSelector().descriptionContains(\"Tiếng Anh\")...
09:00:56.898993 POST /session/d5e037c5-07ea-4c54-bed7-8d15d45be864/element [14.391844ms] ERR:404 body={"strategy":"-android uiautomator","selector":"new UiSelector().textMatches(\"(?is).*\\QTiếng Anh\...
09:00:56.912596 POST /session/d5e037c5-07ea-4c54-bed7-8d15d45be864/element [13.524031ms] ERR:404 body={"strategy":"-android uiautomator","selector":"new UiSelector().descriptionMatches(\"(?is).*\\QTiế...
09:00:56.925846 POST /session/d5e037c5-07ea-4c54-bed7-8d15d45be864/element [13.158081ms] ERR:404 body={"strategy":"-android uiautomator","selector":"new UiSelector().textContains(\"Tiếng Anh\")"}
09:00:56.938847 POST /session/d5e037c5-07ea-4c54-bed7-8d15d45be864/element [12.941031ms] ERR:404 body={"strategy":"-android uiautomator","selector":"new UiSelector().descriptionContains(\"Tiếng Anh\")...
09:00:56.951905 POST /session/d5e037c5-07ea-4c54-bed7-8d15d45be864/element [12.984105ms] ERR:404 body={"strategy":"-android uiautomator","selector":"new UiSelector().textMatches(\"(?is).*\\QTiếng Anh\...
09:00:56.965298 POST /session/d5e037c5-07ea-4c54-bed7-8d15d45be864/element [13.324466ms] ERR:404 body={"strategy":"-android uiautomator","selector":"new UiSelector().descriptionMatches(\"(?is).*\\QTiế...
09:00:56.978191 POST /session/d5e037c5-07ea-4c54-bed7-8d15d45be864/element [12.825066ms] ERR:404 body={"strategy":"-android uiautomator","selector":"new UiSelector().textContains(\"Tiếng Anh\")"}
09:00:56.991251 POST /session/d5e037c5-07ea-4c54-bed7-8d15d45be864/element [12.98738ms] ERR:404 body={"strategy":"-android uiautomator","selector":"new UiSelector().descriptionContains(\"Tiếng Anh\")...
09:00:57.004753 POST /session/d5e037c5-07ea-4c54-bed7-8d15d45be864/element [13.429234ms] ERR:404 body={"strategy":"-android uiautomator","selector":"new UiSelector().textMatches(\"(?is).*\\QTiếng Anh\...
09:00:57.017756 POST /session/d5e037c5-07ea-4c54-bed7-8d15d45be864/element [12.940109ms] ERR:404 body={"strategy":"-android uiautomator","selector":"new UiSelector().descriptionMatches(\"(?is).*\\QTiế...
09:00:57.030926 POST /session/d5e037c5-07ea-4c54-bed7-8d15d45be864/element [13.088262ms] ERR:404 body={"strategy":"-android uiautomator","selector":"new UiSelector().textContains(\"Tiếng Anh\")"}
09:00:57.044107 POST /session/d5e037c5-07ea-4c54-bed7-8d15d45be864/element [13.108402ms] ERR:404 body={"strategy":"-android uiautomator","selector":"new UiSelector().descriptionContains(\"Tiếng Anh\")...
09:00:57.057261 POST /session/d5e037c5-07ea-4c54-bed7-8d15d45be864/element [13.087911ms] ERR:404 body={"strategy":"-android uiautomator","selector":"new UiSelector().textMatches(\"(?is).*\\QTiếng Anh\...
09:00:57.070426 POST /session/d5e037c5-07ea-4c54-bed7-8d15d45be864/element [13.08095ms] ERR:404 body={"strategy":"-android uiautomator","selector":"new UiSelector().descriptionMatches(\"(?is).*\\QTiế...
09:00:57.085730 POST /session/d5e037c5-07ea-4c54-bed7-8d15d45be864/element [15.210839ms] ERR:404 body={"strategy":"-android uiautomator","selector":"new UiSelector().textContains(\"Tiếng Anh\")"}
09:00:57.100255 POST /session/d5e037c5-07ea-4c54-bed7-8d15d45be864/element [14.440452ms] ERR:404 body={"strategy":"-android uiautomator","selector":"new UiSelector().descriptionContains(\"Tiếng Anh\")...
09:00:57.114274 POST /session/d5e037c5-07ea-4c54-bed7-8d15d45be864/element [13.916936ms] ERR:404 body={"strategy":"-android uiautomator","selector":"new UiSelector().textMatches(\"(?is).*\\QTiếng Anh\...
09:00:57.127811 POST /session/d5e037c5-07ea-4c54-bed7-8d15d45be864/element [13.448163ms] ERR:404 body={"strategy":"-android uiautomator","selector":"new UiSelector().descriptionMatches(\"(?is).*\\QTiế...
09:00:57.141779 POST /session/d5e037c5-07ea-4c54-bed7-8d15d45be864/element [13.87295ms] ERR:404 body={"strategy":"-android uiautomator","selector":"new UiSelector().textContains(\"Tiếng Anh\")"}
09:00:57.157726 POST /session/d5e037c5-07ea-4c54-bed7-8d15d45be864/element [15.834015ms] ERR:404 body={"strategy":"-android uiautomator","selector":"new UiSelector().descriptionContains(\"Tiếng Anh\")...
09:00:57.171474 POST /session/d5e037c5-07ea-4c54-bed7-8d15d45be864/element [13.664828ms] ERR:404 body={"strategy":"-android uiautomator","selector":"new UiSelector().textMatches(\"(?is).*\\QTiếng Anh\...
09:00:57.186887 POST /session/d5e037c5-07ea-4c54-bed7-8d15d45be864/element [15.322632ms] ERR:404 body={"strategy":"-android uiautomator","selector":"new UiSelector().descriptionMatches(\"(?is).*\\QTiế...
09:00:57.201524 POST /session/d5e037c5-07ea-4c54-bed7-8d15d45be864/element [14.552962ms] ERR:404 body={"strategy":"-android uiautomator","selector":"new UiSelector().textContains(\"Tiếng Anh\")"}
09:00:57.215540 POST /session/d5e037c5-07ea-4c54-bed7-8d15d45be864/element [13.937327ms] ERR:404 body={"strategy":"-android uiautomator","selector":"new UiSelector().descriptionContains(\"Tiếng Anh\")...
09:00:57.229621 POST /session/d5e037c5-07ea-4c54-bed7-8d15d45be864/element [13.994557ms] ERR:404 body={"strategy":"-android uiautomator","selector":"new UiSelector().textMatches(\"(?is).*\\QTiếng Anh\...
09:00:57.245377 POST /session/d5e037c5-07ea-4c54-bed7-8d15d45be864/element [15.653273ms] ERR:404 body={"strategy":"-android uiautomator","selector":"new UiSelector().descriptionMatches(\"(?is).*\\QTiế...
09:00:57.261271 POST /session/d5e037c5-07ea-4c54-bed7-8d15d45be864/element [15.805452ms] ERR:404 body={"strategy":"-android uiautomator","selector":"new UiSelector().textContains(\"Tiếng Anh\")"}
09:00:57.275697 POST /session/d5e037c5-07ea-4c54-bed7-8d15d45be864/element [14.337983ms] ERR:404 body={"strategy":"-android uiautomator","selector":"new UiSelector().descriptionContains(\"Tiếng Anh\")...
09:00:57.291838 POST /session/d5e037c5-07ea-4c54-bed7-8d15d45be864/element [16.062758ms] ERR:404 body={"strategy":"-android uiautomator","selector":"new UiSelector().textMatches(\"(?is).*\\QTiếng Anh\...
09:00:57.307492 POST /session/d5e037c5-07ea-4c54-bed7-8d15d45be864/element [15.57823ms] ERR:404 body={"strategy":"-android uiautomator","selector":"new UiSelector().descriptionMatches(\"(?is).*\\QTiế...
09:00:57.322642 POST /session/d5e037c5-07ea-4c54-bed7-8d15d45be864/element [15.068054ms] ERR:404 body={"strategy":"-android uiautomator","selector":"new UiSelector().textContains(\"Tiếng Anh\")"}
09:00:57.338177 POST /session/d5e037c5-07ea-4c54-bed7-8d15d45be864/element [15.44457ms] ERR:404 body={"strategy":"-android uiautomator","selector":"new UiSelector().descriptionContains(\"Tiếng Anh\")...
09:00:57.354738 POST /session/d5e037c5-07ea-4c54-bed7-8d15d45be864/element [16.488367ms] ERR:404 body={"strategy":"-android uiautomator","selector":"new UiSelector().textMatches(\"(?is).*\\QTiếng Anh\...
09:00:57.375986 POST /session/d5e037c5-07ea-4c54-bed7-8d15d45be864/element [21.192355ms] ERR:404 body={"strategy":"-android uiautomator","selector":"new UiSelector().descriptionMatches(\"(?is).*\\QTiế...
09:00:57.390083 POST /session/d5e037c5-07ea-4c54-bed7-8d15d45be864/element [13.996621ms] ERR:404 body={"strategy":"-android uiautomator","selector":"new UiSelector().textContains(\"Tiếng Anh\")"}
09:00:57.403747 POST /session/d5e037c5-07ea-4c54-bed7-8d15d45be864/element [13.583646ms] ERR:404 body={"strategy":"-android uiautomator","selector":"new UiSelector().descriptionContains(\"Tiếng Anh\")...
09:00:57.418573 POST /session/d5e037c5-07ea-4c54-bed7-8d15d45be864/element [14.759591ms] ERR:404 body={"strategy":"-android uiautomator","selector":"new UiSelector().textMatches(\"(?is).*\\QTiếng Anh\...
09:00:57.432242 POST /session/d5e037c5-07ea-4c54-bed7-8d15d45be864/element [13.591457ms] ERR:404 body={"strategy":"-android uiautomator","selector":"new UiSelector().descriptionMatches(\"(?is).*\\QTiế...
09:00:57.448413 POST /session/d5e037c5-07ea-4c54-bed7-8d15d45be864/element [16.09066ms] ERR:404 body={"strategy":"-android uiautomator","selector":"new UiSelector().textContains(\"Tiếng Anh\")"}
09:00:57.461438 POST /session/d5e037c5-07ea-4c54-bed7-8d15d45be864/element [12.929183ms] ERR:404 body={"strategy":"-android uiautomator","selector":"new UiSelector().descriptionContains(\"Tiếng Anh\")...
09:00:57.475908 POST /session/d5e037c5-07ea-4c54-bed7-8d15d45be864/element [14.386311ms] ERR:404 body={"strategy":"-android uiautomator","selector":"new UiSelector().textMatches(\"(?is).*\\QTiếng Anh\...
09:00:57.489101 POST /session/d5e037c5-07ea-4c54-bed7-8d15d45be864/element [13.114672ms] ERR:404 body={"strategy":"-android uiautomator","selector":"new UiSelector().descriptionMatches(\"(?is).*\\QTiế...
09:00:57.503735 POST /session/d5e037c5-07ea-4c54-bed7-8d15d45be864/element [14.54549ms] ERR:404 body={"strategy":"-android uiautomator","selector":"new UiSelector().textContains(\"Tiếng Anh\")"}
09:00:57.517831 POST /session/d5e037c5-07ea-4c54-bed7-8d15d45be864/element [14.002651ms] ERR:404 body={"strategy":"-android uiautomator","selector":"new UiSelector().descriptionContains(\"Tiếng Anh\")...
09:00:57.535131 POST /session/d5e037c5-07ea-4c54-bed7-8d15d45be864/element [16.405968ms] ERR:404 body={"strategy":"-android uiautomator","selector":"new UiSelector().textMatches(\"(?is).*\\QTiếng Anh\...
09:00:57.551510 POST /session/d5e037c5-07ea-4c54-bed7-8d15d45be864/element [16.288342ms] ERR:404 body={"strategy":"-android uiautomator","selector":"new UiSelector().descriptionMatches(\"(?is).*\\QTiế...
09:00:57.566442 POST /session/d5e037c5-07ea-4c54-bed7-8d15d45be864/element [14.833848ms] ERR:404 body={"strategy":"-android uiautomator","selector":"new UiSelector().textContains(\"Tiếng Anh\")"}
09:00:57.580143 POST /session/d5e037c5-07ea-4c54-bed7-8d15d45be864/element [13.625283ms] ERR:404 body={"strategy":"-android uiautomator","selector":"new UiSelector().descriptionContains(\"Tiếng Anh\")...
09:00:57.594020 POST /session/d5e037c5-07ea-4c54-bed7-8d15d45be864/element [13.796676ms] ERR:404 body={"strategy":"-android uiautomator","selector":"new UiSelector().textMatches(\"(?is).*\\QTiếng Anh\...
09:00:57.607494 POST /session/d5e037c5-07ea-4c54-bed7-8d15d45be864/element [13.398448ms] ERR:404 body={"strategy":"-android uiautomator","selector":"new UiSelector().descriptionMatches(\"(?is).*\\QTiế...
09:00:57.625906 POST /session/d5e037c5-07ea-4c54-bed7-8d15d45be864/element [18.311981ms] ERR:404 body={"strategy":"-android uiautomator","selector":"new UiSelector().textContains(\"Tiếng Anh\")"}
09:00:57.639967 POST /session/d5e037c5-07ea-4c54-bed7-8d15d45be864/element [13.975214ms] ERR:404 body={"strategy":"-android uiautomator","selector":"new UiSelector().descriptionContains(\"Tiếng Anh\")...
09:00:57.655628 POST /session/d5e037c5-07ea-4c54-bed7-8d15d45be864/element [15.572752ms] ERR:404 body={"strategy":"-android uiautomator","selector":"new UiSelector().textMatches(\"(?is).*\\QTiếng Anh\...
09:00:57.670730 POST /session/d5e037c5-07ea-4c54-bed7-8d15d45be864/element [14.983773ms] ERR:404 body={"strategy":"-android uiautomator","selector":"new UiSelector().descriptionMatches(\"(?is).*\\QTiế...
09:00:57.686073 POST /session/d5e037c5-07ea-4c54-bed7-8d15d45be864/element [15.237074ms] ERR:404 body={"strategy":"-android uiautomator","selector":"new UiSelector().textContains(\"Tiếng Anh\")"}
09:00:57.705597 POST /session/d5e037c5-07ea-4c54-bed7-8d15d45be864/element [19.434771ms] ERR:404 body={"strategy":"-android uiautomator","selector":"new UiSelector().descriptionContains(\"Tiếng Anh\")...
09:00:57.722717 POST /session/d5e037c5-07ea-4c54-bed7-8d15d45be864/element [17.005599ms] ERR:404 body={"strategy":"-android uiautomator","selector":"new UiSelector().textMatches(\"(?is).*\\QTiếng Anh\...
09:00:57.738698 POST /session/d5e037c5-07ea-4c54-bed7-8d15d45be864/element [15.884351ms] ERR:404 body={"strategy":"-android uiautomator","selector":"new UiSelector().descriptionMatches(\"(?is).*\\QTiế...
09:00:57.755474 POST /session/d5e037c5-07ea-4c54-bed7-8d15d45be864/element [16.662264ms] ERR:404 body={"strategy":"-android uiautomator","selector":"new UiSelector().textContains(\"Tiếng Anh\")"}
09:00:57.772274 POST /session/d5e037c5-07ea-4c54-bed7-8d15d45be864/element [16.668237ms] ERR:404 body={"strategy":"-android uiautomator","selector":"new UiSelector().descriptionContains(\"Tiếng Anh\")...
09:00:57.792716 POST /session/d5e037c5-07ea-4c54-bed7-8d15d45be864/element [20.324182ms] ERR:404 body={"strategy":"-android uiautomator","selector":"new UiSelector().textMatches(\"(?is).*\\QTiếng Anh\...
09:00:57.811985 POST /session/d5e037c5-07ea-4c54-bed7-8d15d45be864/element [19.170919ms] ERR:404 body={"strategy":"-android uiautomator","selector":"new UiSelector().descriptionMatches(\"(?is).*\\QTiế...
09:00:57.828164 POST /session/d5e037c5-07ea-4c54-bed7-8d15d45be864/element [16.091291ms] ERR:404 body={"strategy":"-android uiautomator","selector":"new UiSelector().textContains(\"Tiếng Anh\")"}
09:00:57.844170 POST /session/d5e037c5-07ea-4c54-bed7-8d15d45be864/element [15.923048ms] ERR:404 body={"strategy":"-android uiautomator","selector":"new UiSelector().descriptionContains(\"Tiếng Anh\")...
09:00:57.860306 POST /session/d5e037c5-07ea-4c54-bed7-8d15d45be864/element [16.02382ms] ERR:404 body={"strategy":"-android uiautomator","selector":"new UiSelector().textMatches(\"(?is).*\\QTiếng Anh\...
09:00:57.876542 POST /session/d5e037c5-07ea-4c54-bed7-8d15d45be864/element [16.130209ms] ERR:404 body={"strategy":"-android uiautomator","selector":"new UiSelector().descriptionMatches(\"(?is).*\\QTiế...
09:00:57.892003 POST /session/d5e037c5-07ea-4c54-bed7-8d15d45be864/element [15.388226ms] ERR:404 body={"strategy":"-android uiautomator","selector":"new UiSelector().textContains(\"Tiếng Anh\")"}
09:00:57.907245 POST /session/d5e037c5-07ea-4c54-bed7-8d15d45be864/element [15.149016ms] ERR:404 body={"strategy":"-android uiautomator","selector":"new UiSelector().descriptionContains(\"Tiếng Anh\")...
09:00:57.922017 POST /session/d5e037c5-07ea-4c54-bed7-8d15d45be864/element [14.691349ms] ERR:404 body={"strategy":"-android uiautomator","selector":"new UiSelector().textMatches(\"(?is).*\\QTiếng Anh\...
09:00:57.937073 POST /session/d5e037c5-07ea-4c54-bed7-8d15d45be864/element [14.983358ms] ERR:404 body={"strategy":"-android uiautomator","selector":"new UiSelector().descriptionMatches(\"(?is).*\\QTiế...
09:00:57.952274 POST /session/d5e037c5-07ea-4c54-bed7-8d15d45be864/element [15.115286ms] ERR:404 body={"strategy":"-android uiautomator","selector":"new UiSelector().textContains(\"Tiếng Anh\")"}
09:00:57.974949 POST /session/d5e037c5-07ea-4c54-bed7-8d15d45be864/element [22.574145ms] ERR:404 body={"strategy":"-android uiautomator","selector":"new UiSelector().descriptionContains(\"Tiếng Anh\")...
09:00:57.995406 POST /session/d5e037c5-07ea-4c54-bed7-8d15d45be864/element [20.367933ms] ERR:404 body={"strategy":"-android uiautomator","selector":"new UiSelector().textMatches(\"(?is).*\\QTiếng Anh\...
09:00:58.013863 POST /session/d5e037c5-07ea-4c54-bed7-8d15d45be864/element [18.346147ms] ERR:404 body={"strategy":"-android uiautomator","selector":"new UiSelector().descriptionMatches(\"(?is).*\\QTiế...
09:00:58.029422 POST /session/d5e037c5-07ea-4c54-bed7-8d15d45be864/element [15.433859ms] ERR:404 body={"strategy":"-android uiautomator","selector":"new UiSelector().textContains(\"Tiếng Anh\")"}
09:00:58.046313 POST /session/d5e037c5-07ea-4c54-bed7-8d15d45be864/element [16.778213ms] ERR:404 body={"strategy":"-android uiautomator","selector":"new UiSelector().descriptionContains(\"Tiếng Anh\")...
09:00:58.063257 POST /session/d5e037c5-07ea-4c54-bed7-8d15d45be864/element [16.841427ms] ERR:404 body={"strategy":"-android uiautomator","selector":"new UiSelector().textMatches(\"(?is).*\\QTiếng Anh\...
09:00:58.082931 POST /session/d5e037c5-07ea-4c54-bed7-8d15d45be864/element [19.571877ms] ERR:404 body={"strategy":"-android uiautomator","selector":"new UiSelector().descriptionMatches(\"(?is).*\\QTiế...
09:00:58.097873 POST /session/d5e037c5-07ea-4c54-bed7-8d15d45be864/element [14.828906ms] ERR:404 body={"strategy":"-android uiautomator","selector":"new UiSelector().textContains(\"Tiếng Anh\")"}
09:00:58.111292 POST /session/d5e037c5-07ea-4c54-bed7-8d15d45be864/element [13.305358ms] ERR:404 body={"strategy":"-android uiautomator","selector":"new UiSelector().descriptionContains(\"Tiếng Anh\")...
09:00:58.124877 POST /session/d5e037c5-07ea-4c54-bed7-8d15d45be864/element [13.479599ms] ERR:404 body={"strategy":"-android uiautomator","selector":"new UiSelector().textMatches(\"(?is).*\\QTiếng Anh\...
09:00:58.138628 POST /session/d5e037c5-07ea-4c54-bed7-8d15d45be864/element [13.655334ms] ERR:404 body={"strategy":"-android uiautomator","selector":"new UiSelector().descriptionMatches(\"(?is).*\\QTiế...
09:00:58.154662 POST /session/d5e037c5-07ea-4c54-bed7-8d15d45be864/element [15.888256ms] ERR:404 body={"strategy":"-android uiautomator","selector":"new UiSelector().textContains(\"Tiếng Anh\")"}
09:00:58.170429 POST /session/d5e037c5-07ea-4c54-bed7-8d15d45be864/element [15.675501ms] ERR:404 body={"strategy":"-android uiautomator","selector":"new UiSelector().descriptionContains(\"Tiếng Anh\")...
09:00:58.184172 POST /session/d5e037c5-07ea-4c54-bed7-8d15d45be864/element [13.654737ms] ERR:404 body={"strategy":"-android uiautomator","selector":"new UiSelector().textMatches(\"(?is).*\\QTiếng Anh\...
09:00:58.197974 POST /session/d5e037c5-07ea-4c54-bed7-8d15d45be864/element [13.687682ms] ERR:404 body={"strategy":"-android uiautomator","selector":"new UiSelector().descriptionMatches(\"(?is).*\\QTiế...
09:00:58.212522 POST /session/d5e037c5-07ea-4c54-bed7-8d15d45be864/element [14.433171ms] ERR:404 body={"strategy":"-android uiautomator","selector":"new UiSelector().textContains(\"Tiếng Anh\")"}
09:00:58.226071 POST /session/d5e037c5-07ea-4c54-bed7-8d15d45be864/element [13.450056ms] ERR:404 body={"strategy":"-android uiautomator","selector":"new UiSelector().descriptionContains(\"Tiếng Anh\")...
09:00:58.245729 POST /session/d5e037c5-07ea-4c54-bed7-8d15d45be864/element [19.561817ms] ERR:404 body={"strategy":"-android uiautomator","selector":"new UiSelector().textMatches(\"(?is).*\\QTiếng Anh\...
09:00:58.259320 POST /session/d5e037c5-07ea-4c54-bed7-8d15d45be864/element [13.497481ms] ERR:404 body={"strategy":"-android uiautomator","selector":"new UiSelector().descriptionMatches(\"(?is).*\\QTiế...
09:00:58.272825 POST /session/d5e037c5-07ea-4c54-bed7-8d15d45be864/element [13.40958ms] ERR:404 body={"strategy":"-android uiautomator","selector":"new UiSelector().textContains(\"Tiếng Anh\")"}
09:00:58.287246 POST /session/d5e037c5-07ea-4c54-bed7-8d15d45be864/element [14.336596ms] ERR:404 body={"strategy":"-android uiautomator","selector":"new UiSelector().descriptionContains(\"Tiếng Anh\")...
09:00:58.301425 POST /session/d5e037c5-07ea-4c54-bed7-8d15d45be864/element [14.09964ms] ERR:404 body={"strategy":"-android uiautomator","selector":"new UiSelector().textMatches(\"(?is).*\\QTiếng Anh\...
09:00:58.315391 POST /session/d5e037c5-07ea-4c54-bed7-8d15d45be864/element [13.88311ms] ERR:404 body={"strategy":"-android uiautomator","selector":"new UiSelector().descriptionMatches(\"(?is).*\\QTiế...
09:00:58.331062 POST /session/d5e037c5-07ea-4c54-bed7-8d15d45be864/element [15.578746ms] ERR:404 body={"strategy":"-android uiautomator","selector":"new UiSelector().textContains(\"Tiếng Anh\")"}
09:00:58.344911 POST /session/d5e037c5-07ea-4c54-bed7-8d15d45be864/element [13.768443ms] ERR:404 body={"strategy":"-android uiautomator","selector":"new UiSelector().descriptionContains(\"Tiếng Anh\")...
09:00:58.360302 POST /session/d5e037c5-07ea-4c54-bed7-8d15d45be864/element [15.302156ms] ERR:404 body={"strategy":"-android uiautomator","selector":"new UiSelector().textMatches(\"(?is).*\\QTiếng Anh\...
09:00:58.373771 POST /session/d5e037c5-07ea-4c54-bed7-8d15d45be864/element [13.398157ms] ERR:404 body={"strategy":"-android uiautomator","selector":"new UiSelector().descriptionMatches(\"(?is).*\\QTiế...
09:00:58.389213 POST /session/d5e037c5-07ea-4c54-bed7-8d15d45be864/element [15.35458ms] ERR:404 body={"strategy":"-android uiautomator","selector":"new UiSelector().textContains(\"Tiếng Anh\")"}
09:00:58.404855 POST /session/d5e037c5-07ea-4c54-bed7-8d15d45be864/element [15.574856ms] ERR:404 body={"strategy":"-android uiautomator","selector":"new UiSelector().descriptionContains(\"Tiếng Anh\")...
09:00:58.419465 POST /session/d5e037c5-07ea-4c54-bed7-8d15d45be864/element [14.518178ms] ERR:404 body={"strategy":"-android uiautomator","selector":"new UiSelector().textMatches(\"(?is).*\\QTiếng Anh\...
09:00:58.433079 POST /session/d5e037c5-07ea-4c54-bed7-8d15d45be864/element [13.518468ms] ERR:404 body={"strategy":"-android uiautomator","selector":"new UiSelector().descriptionMatches(\"(?is).*\\QTiế...
09:00:58.446998 POST /session/d5e037c5-07ea-4c54-bed7-8d15d45be864/element [13.836345ms] ERR:404 body={"strategy":"-android uiautomator","selector":"new UiSelector().textContains(\"Tiếng Anh\")"}
09:00:58.462400 POST /session/d5e037c5-07ea-4c54-bed7-8d15d45be864/element [15.294484ms] ERR:404 body={"strategy":"-android uiautomator","selector":"new UiSelector().descriptionContains(\"Tiếng Anh\")...
09:00:58.476315 POST /session/d5e037c5-07ea-4c54-bed7-8d15d45be864/element [13.830828ms] ERR:404 body={"strategy":"-android uiautomator","selector":"new UiSelector().textMatches(\"(?is).*\\QTiếng Anh\...
09:00:58.490211 POST /session/d5e037c5-07ea-4c54-bed7-8d15d45be864/element [13.794186ms] ERR:404 body={"strategy":"-android uiautomator","selector":"new UiSelector().descriptionMatches(\"(?is).*\\QTiế...
09:00:58.504590 POST /session/d5e037c5-07ea-4c54-bed7-8d15d45be864/element [14.271043ms] ERR:404 body={"strategy":"-android uiautomator","selector":"new UiSelector().textContains(\"Tiếng Anh\")"}
09:00:58.525223 POST /session/d5e037c5-07ea-4c54-bed7-8d15d45be864/element [20.531338ms] ERR:404 body={"strategy":"-android uiautomator","selector":"new UiSelector().descriptionContains(\"Tiếng Anh\")...
09:00:58.540088 POST /session/d5e037c5-07ea-4c54-bed7-8d15d45be864/element [14.780673ms] ERR:404 body={"strategy":"-android uiautomator","selector":"new UiSelector().textMatches(\"(?is).*\\QTiếng Anh\...
09:00:58.554589 POST /session/d5e037c5-07ea-4c54-bed7-8d15d45be864/element [14.434523ms] ERR:404 body={"strategy":"-android uiautomator","selector":"new UiSelector().descriptionMatches(\"(?is).*\\QTiế...
09:00:58.568376 POST /session/d5e037c5-07ea-4c54-bed7-8d15d45be864/element [13.675488ms] ERR:404 body={"strategy":"-android uiautomator","selector":"new UiSelector().textContains(\"Tiếng Anh\")"}
09:00:58.584769 POST /session/d5e037c5-07ea-4c54-bed7-8d15d45be864/element [16.306083ms] ERR:404 body={"strategy":"-android uiautomator","selector":"new UiSelector().descriptionContains(\"Tiếng Anh\")...
09:00:58.600997 POST /session/d5e037c5-07ea-4c54-bed7-8d15d45be864/element [16.138903ms] ERR:404 body={"strategy":"-android uiautomator","selector":"new UiSelector().textMatches(\"(?is).*\\QTiếng Anh\...
09:00:58.614860 POST /session/d5e037c5-07ea-4c54-bed7-8d15d45be864/element [13.788333ms] ERR:404 body={"strategy":"-android uiautomator","selector":"new UiSelector().descriptionMatches(\"(?is).*\\QTiế...
09:00:58.627711 POST /session/d5e037c5-07ea-4c54-bed7-8d15d45be864/element [12.776754ms] ERR:404 body={"strategy":"-android uiautomator","selector":"new UiSelector().textContains(\"Tiếng Anh\")"}
09:00:58.640346 POST /session/d5e037c5-07ea-4c54-bed7-8d15d45be864/element [12.543945ms] ERR:404 body={"strategy":"-android uiautomator","selector":"new UiSelector().descriptionContains(\"Tiếng Anh\")...
09:00:58.653875 POST /session/d5e037c5-07ea-4c54-bed7-8d15d45be864/element [13.446475ms] ERR:404 body={"strategy":"-android uiautomator","selector":"new UiSelector().textMatches(\"(?is).*\\QTiếng Anh\...
09:00:58.669124 POST /session/d5e037c5-07ea-4c54-bed7-8d15d45be864/element [15.160614ms] ERR:404 body={"strategy":"-android uiautomator","selector":"new UiSelector().descriptionMatches(\"(?is).*\\QTiế...
09:00:58.685618 POST /session/d5e037c5-07ea-4c54-bed7-8d15d45be864/element [16.317791ms] ERR:404 body={"strategy":"-android uiautomator","selector":"new UiSelector().textContains(\"Tiếng Anh\")"}
09:00:58.699899 POST /session/d5e037c5-07ea-4c54-bed7-8d15d45be864/element [14.177247ms] ERR:404 body={"strategy":"-android uiautomator","selector":"new UiSelector().descriptionContains(\"Tiếng Anh\")...
09:00:58.713990 POST /session/d5e037c5-07ea-4c54-bed7-8d15d45be864/element [13.983817ms] ERR:404 body={"strategy":"-android uiautomator","selector":"new UiSelector().textMatches(\"(?is).*\\QTiếng Anh\...
09:00:58.727338 POST /session/d5e037c5-07ea-4c54-bed7-8d15d45be864/element [13.275273ms] ERR:404 body={"strategy":"-android uiautomator","selector":"new UiSelector().descriptionMatches(\"(?is).*\\QTiế...
09:00:58.741075 POST /session/d5e037c5-07ea-4c54-bed7-8d15d45be864/element [13.655654ms] ERR:404 body={"strategy":"-android uiautomator","selector":"new UiSelector().textContains(\"Tiếng Anh\")"}
09:00:58.754412 POST /session/d5e037c5-07ea-4c54-bed7-8d15d45be864/element [13.270069ms] ERR:404 body={"strategy":"-android uiautomator","selector":"new UiSelector().descriptionContains(\"Tiếng Anh\")...
09:00:58.776637 POST /session/d5e037c5-07ea-4c54-bed7-8d15d45be864/element [22.131285ms] ERR:404 body={"strategy":"-android uiautomator","selector":"new UiSelector().textMatches(\"(?is).*\\QTiếng Anh\...
09:00:58.793191 POST /session/d5e037c5-07ea-4c54-bed7-8d15d45be864/element [16.43653ms] ERR:404 body={"strategy":"-android uiautomator","selector":"new UiSelector().descriptionMatches(\"(?is).*\\QTiế...
09:00:58.807867 POST /session/d5e037c5-07ea-4c54-bed7-8d15d45be864/element [14.580357ms] ERR:404 body={"strategy":"-android uiautomator","selector":"new UiSelector().textContains(\"Tiếng Anh\")"}
09:00:58.824126 POST /session/d5e037c5-07ea-4c54-bed7-8d15d45be864/element [16.158142ms] ERR:404 body={"strategy":"-android uiautomator","selector":"new UiSelector().descriptionContains(\"Tiếng Anh\")...
09:00:58.838262 POST /session/d5e037c5-07ea-4c54-bed7-8d15d45be864/element [14.055935ms] ERR:404 body={"strategy":"-android uiautomator","selector":"new UiSelector().textMatches(\"(?is).*\\QTiếng Anh\...
09:00:58.854271 POST /session/d5e037c5-07ea-4c54-bed7-8d15d45be864/element [15.919279ms] ERR:404 body={"strategy":"-android uiautomator","selector":"new UiSelector().descriptionMatches(\"(?is).*\\QTiế...
09:00:58.868109 POST /session/d5e037c5-07ea-4c54-bed7-8d15d45be864/element [13.75ms] ERR:404 body={"strategy":"-android uiautomator","selector":"new UiSelector().textContains(\"Tiếng Anh\")"}
09:00:58.882668 POST /session/d5e037c5-07ea-4c54-bed7-8d15d45be864/element [14.459872ms] ERR:404 body={"strategy":"-android uiautomator","selector":"new UiSelector().descriptionContains(\"Tiếng Anh\")...
09:00:58.896727 POST /session/d5e037c5-07ea-4c54-bed7-8d15d45be864/element [13.964343ms] ERR:404 body={"strategy":"-android uiautomator","selector":"new UiSelector().textMatches(\"(?is).*\\QTiếng Anh\...
09:00:58.910215 POST /session/d5e037c5-07ea-4c54-bed7-8d15d45be864/element [13.414923ms] ERR:404 body={"strategy":"-android uiautomator","selector":"new UiSelector().descriptionMatches(\"(?is).*\\QTiế...
09:00:58.924282 POST /session/d5e037c5-07ea-4c54-bed7-8d15d45be864/element [13.987893ms] ERR:404 body={"strategy":"-android uiautomator","selector":"new UiSelector().textContains(\"Tiếng Anh\")"}
09:00:58.940521 POST /session/d5e037c5-07ea-4c54-bed7-8d15d45be864/element [16.14359ms] ERR:404 body={"strategy":"-android uiautomator","selector":"new UiSelector().descriptionContains(\"Tiếng Anh\")...
09:00:58.955003 POST /session/d5e037c5-07ea-4c54-bed7-8d15d45be864/element [14.397272ms] ERR:404 body={"strategy":"-android uiautomator","selector":"new UiSelector().textMatches(\"(?is).*\\QTiếng Anh\...
09:00:58.968541 POST /session/d5e037c5-07ea-4c54-bed7-8d15d45be864/element [13.460991ms] ERR:404 body={"strategy":"-android uiautomator","selector":"new UiSelector().descriptionMatches(\"(?is).*\\QTiế...
09:00:58.982029 POST /session/d5e037c5-07ea-4c54-bed7-8d15d45be864/element [13.411853ms] ERR:404 body={"strategy":"-android uiautomator","selector":"new UiSelector().textContains(\"Tiếng Anh\")"}
09:00:58.995644 POST /session/d5e037c5-07ea-4c54-bed7-8d15d45be864/element [13.531303ms] ERR:404 body={"strategy":"-android uiautomator","selector":"new UiSelector().descriptionContains(\"Tiếng Anh\")...
09:00:59.009902 POST /session/d5e037c5-07ea-4c54-bed7-8d15d45be864/element [14.15577ms] ERR:404 body={"strategy":"-android uiautomator","selector":"new UiSelector().textMatches(\"(?is).*\\QTiếng Anh\...
09:00:59.024000 POST /session/d5e037c5-07ea-4c54-bed7-8d15d45be864/element [14.005419ms] ERR:404 body={"strategy":"-android uiautomator","selector":"new UiSelector().descriptionMatches(\"(?is).*\\QTiế...
09:00:59.042573 POST /session/d5e037c5-07ea-4c54-bed7-8d15d45be864/element [18.482827ms] ERR:404 body={"strategy":"-android uiautomator","selector":"new UiSelector().textContains(\"Tiếng Anh\")"}
09:00:59.056412 POST /session/d5e037c5-07ea-4c54-bed7-8d15d45be864/element [13.760196ms] ERR:404 body={"strategy":"-android uiautomator","selector":"new UiSelector().descriptionContains(\"Tiếng Anh\")...
09:00:59.070636 POST /session/d5e037c5-07ea-4c54-bed7-8d15d45be864/element [14.143131ms] ERR:404 body={"strategy":"-android uiautomator","selector":"new UiSelector().textMatches(\"(?is).*\\QTiếng Anh\...
09:00:59.085420 POST /session/d5e037c5-07ea-4c54-bed7-8d15d45be864/element [14.683087ms] ERR:404 body={"strategy":"-android uiautomator","selector":"new UiSelector().descriptionMatches(\"(?is).*\\QTiế...
09:00:59.100217 POST /session/d5e037c5-07ea-4c54-bed7-8d15d45be864/element [14.718079ms] ERR:404 body={"strategy":"-android uiautomator","selector":"new UiSelector().textContains(\"Tiếng Anh\")"}
09:00:59.114176 POST /session/d5e037c5-07ea-4c54-bed7-8d15d45be864/element [13.863621ms] ERR:404 body={"strategy":"-android uiautomator","selector":"new UiSelector().descriptionContains(\"Tiếng Anh\")...
09:00:59.129962 POST /session/d5e037c5-07ea-4c54-bed7-8d15d45be864/element [15.692202ms] ERR:404 body={"strategy":"-android uiautomator","selector":"new UiSelector().textMatches(\"(?is).*\\QTiếng Anh\...
09:00:59.142993 POST /session/d5e037c5-07ea-4c54-bed7-8d15d45be864/element [12.955883ms] ERR:404 body={"strategy":"-android uiautomator","selector":"new UiSelector().descriptionMatches(\"(?is).*\\QTiế...
09:00:59.156718 POST /session/d5e037c5-07ea-4c54-bed7-8d15d45be864/element [13.638668ms] ERR:404 body={"strategy":"-android uiautomator","selector":"new UiSelector().textContains(\"Tiếng Anh\")"}
09:00:59.170594 POST /session/d5e037c5-07ea-4c54-bed7-8d15d45be864/element [13.792359ms] ERR:404 body={"strategy":"-android uiautomator","selector":"new UiSelector().descriptionContains(\"Tiếng Anh\")...
09:00:59.185938 POST /session/d5e037c5-07ea-4c54-bed7-8d15d45be864/element [15.228946ms] ERR:404 body={"strategy":"-android uiautomator","selector":"new UiSelector().textMatches(\"(?is).*\\QTiếng Anh\...
09:00:59.198363 POST /session/d5e037c5-07ea-4c54-bed7-8d15d45be864/element [12.333459ms] ERR:404 body={"strategy":"-android uiautomator","selector":"new UiSelector().descriptionMatches(\"(?is).*\\QTiế...
09:00:59.211611 POST /session/d5e037c5-07ea-4c54-bed7-8d15d45be864/element [13.163125ms] ERR:404 body={"strategy":"-android uiautomator","selector":"new UiSelector().textContains(\"Tiếng Anh\")"}
09:00:59.225233 POST /session/d5e037c5-07ea-4c54-bed7-8d15d45be864/element [13.495022ms] ERR:404 body={"strategy":"-android uiautomator","selector":"new UiSelector().descriptionContains(\"Tiếng Anh\")...
09:00:59.240210 POST /session/d5e037c5-07ea-4c54-bed7-8d15d45be864/element [14.876267ms] ERR:404 body={"strategy":"-android uiautomator","selector":"new UiSelector().textMatches(\"(?is).*\\QTiếng Anh\...
09:00:59.254601 POST /session/d5e037c5-07ea-4c54-bed7-8d15d45be864/element [14.303501ms] ERR:404 body={"strategy":"-android uiautomator","selector":"new UiSelector().descriptionMatches(\"(?is).*\\QTiế...
09:00:59.269578 POST /session/d5e037c5-07ea-4c54-bed7-8d15d45be864/element [14.849386ms] ERR:404 body={"strategy":"-android uiautomator","selector":"new UiSelector().textContains(\"Tiếng Anh\")"}
09:00:59.293797 POST /session/d5e037c5-07ea-4c54-bed7-8d15d45be864/element [24.102269ms] ERR:404 body={"strategy":"-android uiautomator","selector":"new UiSelector().descriptionContains(\"Tiếng Anh\")...
09:00:59.309485 POST /session/d5e037c5-07ea-4c54-bed7-8d15d45be864/element [15.586863ms] ERR:404 body={"strategy":"-android uiautomator","selector":"new UiSelector().textMatches(\"(?is).*\\QTiếng Anh\...
09:00:59.324051 POST /session/d5e037c5-07ea-4c54-bed7-8d15d45be864/element [14.470267ms] ERR:404 body={"strategy":"-android uiautomator","selector":"new UiSelector().descriptionMatches(\"(?is).*\\QTiế...
09:00:59.338166 POST /session/d5e037c5-07ea-4c54-bed7-8d15d45be864/element [13.998429ms] ERR:404 body={"strategy":"-android uiautomator","selector":"new UiSelector().textContains(\"Tiếng Anh\")"}
09:00:59.353976 POST /session/d5e037c5-07ea-4c54-bed7-8d15d45be864/element [15.715391ms] ERR:404 body={"strategy":"-android uiautomator","selector":"new UiSelector().descriptionContains(\"Tiếng Anh\")...
09:00:59.368072 POST /session/d5e037c5-07ea-4c54-bed7-8d15d45be864/element [14.012811ms] ERR:404 body={"strategy":"-android uiautomator","selector":"new UiSelector().textMatches(\"(?is).*\\QTiếng Anh\...
09:00:59.382516 POST /session/d5e037c5-07ea-4c54-bed7-8d15d45be864/element [14.356562ms] ERR:404 body={"strategy":"-android uiautomator","selector":"new UiSelector().descriptionMatches(\"(?is).*\\QTiế...
09:00:59.398064 POST /session/d5e037c5-07ea-4c54-bed7-8d15d45be864/element [15.444685ms] ERR:404 body={"strategy":"-android uiautomator","selector":"new UiSelector().textContains(\"Tiếng Anh\")"}
09:00:59.410731 POST /session/d5e037c5-07ea-4c54-bed7-8d15d45be864/element [12.576703ms] ERR:404 body={"strategy":"-android uiautomator","selector":"new UiSelector().descriptionContains(\"Tiếng Anh\")...
09:00:59.424938 POST /session/d5e037c5-07ea-4c54-bed7-8d15d45be864/element [14.12586ms] ERR:404 body={"strategy":"-android uiautomator","selector":"new UiSelector().textMatches(\"(?is).*\\QTiếng Anh\...
09:00:59.438825 POST /session/d5e037c5-07ea-4c54-bed7-8d15d45be864/element [13.801088ms] ERR:404 body={"strategy":"-android uiautomator","selector":"new UiSelector().descriptionMatches(\"(?is).*\\QTiế...
09:00:59.451744 POST /session/d5e037c5-07ea-4c54-bed7-8d15d45be864/element [12.827671ms] ERR:404 body={"strategy":"-android uiautomator","selector":"new UiSelector().textContains(\"Tiếng Anh\")"}
09:00:59.466309 POST /session/d5e037c5-07ea-4c54-bed7-8d15d45be864/element [14.478885ms] ERR:404 body={"strategy":"-android uiautomator","selector":"new UiSelector().descriptionContains(\"Tiếng Anh\")...
09:00:59.479955 POST /session/d5e037c5-07ea-4c54-bed7-8d15d45be864/element [13.563345ms] ERR:404 body={"strategy":"-android uiautomator","selector":"new UiSelector().textMatches(\"(?is).*\\QTiếng Anh\...
09:00:59.493954 POST /session/d5e037c5-07ea-4c54-bed7-8d15d45be864/element [13.923466ms] ERR:404 body={"strategy":"-android uiautomator","selector":"new UiSelector().descriptionMatches(\"(?is).*\\QTiế...
09:00:59.507380 POST /session/d5e037c5-07ea-4c54-bed7-8d15d45be864/element [13.338724ms] ERR:404 body={"strategy":"-android uiautomator","selector":"new UiSelector().textContains(\"Tiếng Anh\")"}
09:00:59.521151 POST /session/d5e037c5-07ea-4c54-bed7-8d15d45be864/element [13.682799ms] ERR:404 body={"strategy":"-android uiautomator","selector":"new UiSelector().descriptionContains(\"Tiếng Anh\")...
09:00:59.535243 POST /session/d5e037c5-07ea-4c54-bed7-8d15d45be864/element [14.000913ms] ERR:404 body={"strategy":"-android uiautomator","selector":"new UiSelector().textMatches(\"(?is).*\\QTiếng Anh\...
09:00:59.556860 POST /session/d5e037c5-07ea-4c54-bed7-8d15d45be864/element [21.533883ms] ERR:404 body={"strategy":"-android uiautomator","selector":"new UiSelector().descriptionMatches(\"(?is).*\\QTiế...
09:00:59.572948 POST /session/d5e037c5-07ea-4c54-bed7-8d15d45be864/element [16.000665ms] ERR:404 body={"strategy":"-android uiautomator","selector":"new UiSelector().textContains(\"Tiếng Anh\")"}
09:00:59.587255 POST /session/d5e037c5-07ea-4c54-bed7-8d15d45be864/element [14.228744ms] ERR:404 body={"strategy":"-android uiautomator","selector":"new UiSelector().descriptionContains(\"Tiếng Anh\")...
09:00:59.602036 POST /session/d5e037c5-07ea-4c54-bed7-8d15d45be864/element [14.695946ms] ERR:404 body={"strategy":"-android uiautomator","selector":"new UiSelector().textMatches(\"(?is).*\\QTiếng Anh\...
09:00:59.618949 POST /session/d5e037c5-07ea-4c54-bed7-8d15d45be864/element [16.834692ms] ERR:404 body={"strategy":"-android uiautomator","selector":"new UiSelector().descriptionMatches(\"(?is).*\\QTiế...
09:00:59.632781 POST /session/d5e037c5-07ea-4c54-bed7-8d15d45be864/element [13.742138ms] ERR:404 body={"strategy":"-android uiautomator","selector":"new UiSelector().textContains(\"Tiếng Anh\")"}
09:00:59.648519 POST /session/d5e037c5-07ea-4c54-bed7-8d15d45be864/element [15.642172ms] ERR:404 body={"strategy":"-android uiautomator","selector":"new UiSelector().descriptionContains(\"Tiếng Anh\")...
09:00:59.670558 POST /session/d5e037c5-07ea-4c54-bed7-8d15d45be864/element [21.911866ms] ERR:404 body={"strategy":"-android uiautomator","selector":"new UiSelector().textMatches(\"(?is).*\\QTiếng Anh\...
09:00:59.684681 POST /session/d5e037c5-07ea-4c54-bed7-8d15d45be864/element [14.028173ms] ERR:404 body={"strategy":"-android uiautomator","selector":"new UiSelector().descriptionMatches(\"(?is).*\\QTiế...
09:00:59.700643 POST /session/d5e037c5-07ea-4c54-bed7-8d15d45be864/element [15.885722ms] ERR:404 body={"strategy":"-android uiautomator","selector":"new UiSelector().textContains(\"Tiếng Anh\")"}
09:00:59.724871 POST /session/d5e037c5-07ea-4c54-bed7-8d15d45be864/element [24.023437ms] ERR:404 body={"strategy":"-android uiautomator","selector":"new UiSelector().descriptionContains(\"Tiếng Anh\")...
09:00:59.740540 POST /session/d5e037c5-07ea-4c54-bed7-8d15d45be864/element [15.57791ms] ERR:404 body={"strategy":"-android uiautomator","selector":"new UiSelector().textMatches(\"(?is).*\\QTiếng Anh\...
09:00:59.765459 POST /session/d5e037c5-07ea-4c54-bed7-8d15d45be864/element [24.062094ms] ERR:404 body={"strategy":"-android uiautomator","selector":"new UiSelector().descriptionMatches(\"(?is).*\\QTiế...
09:00:59.789147 POST /session/d5e037c5-07ea-4c54-bed7-8d15d45be864/element [23.586685ms] ERR:404 body={"strategy":"-android uiautomator","selector":"new UiSelector().textContains(\"Tiếng Anh\")"}
09:00:59.802797 POST /session/d5e037c5-07ea-4c54-bed7-8d15d45be864/element [13.551477ms] ERR:404 body={"strategy":"-android uiautomator","selector":"new UiSelector().descriptionContains(\"Tiếng Anh\")...
09:00:59.818230 POST /session/d5e037c5-07ea-4c54-bed7-8d15d45be864/element [15.331225ms] ERR:404 body={"strategy":"-android uiautomator","selector":"new UiSelector().textMatches(\"(?is).*\\QTiếng Anh\...
09:00:59.831692 POST /session/d5e037c5-07ea-4c54-bed7-8d15d45be864/element [13.375278ms] ERR:404 body={"strategy":"-android uiautomator","selector":"new UiSelector().descriptionMatches(\"(?is).*\\QTiế...
09:00:59.853775 POST /session/d5e037c5-07ea-4c54-bed7-8d15d45be864/element [22.003479ms] ERR:404 body={"strategy":"-android uiautomator","selector":"new UiSelector().textContains(\"Tiếng Anh\")"}
09:00:59.867519 POST /session/d5e037c5-07ea-4c54-bed7-8d15d45be864/element [13.663005ms] ERR:404 body={"strategy":"-android uiautomator","selector":"new UiSelector().descriptionContains(\"Tiếng Anh\")...
09:00:59.881834 POST /session/d5e037c5-07ea-4c54-bed7-8d15d45be864/element [14.242495ms] ERR:404 body={"strategy":"-android uiautomator","selector":"new UiSelector().textMatches(\"(?is).*\\QTiếng Anh\...
09:00:59.895839 POST /session/d5e037c5-07ea-4c54-bed7-8d15d45be864/element [13.935985ms] ERR:404 body={"strategy":"-android uiautomator","selector":"new UiSelector().descriptionMatches(\"(?is).*\\QTiế...
09:00:59.910485 POST /session/d5e037c5-07ea-4c54-bed7-8d15d45be864/element [14.574954ms] ERR:404 body={"strategy":"-android uiautomator","selector":"new UiSelector().textContains(\"Tiếng Anh\")"}
09:00:59.925835 POST /session/d5e037c5-07ea-4c54-bed7-8d15d45be864/element [15.262656ms] ERR:404 body={"strategy":"-android uiautomator","selector":"new UiSelector().descriptionContains(\"Tiếng Anh\")...
09:00:59.941490 POST /session/d5e037c5-07ea-4c54-bed7-8d15d45be864/element [15.563369ms] ERR:404 body={"strategy":"-android uiautomator","selector":"new UiSelector().textMatches(\"(?is).*\\QTiếng Anh\...
09:00:59.955123 POST /session/d5e037c5-07ea-4c54-bed7-8d15d45be864/element [13.554772ms] ERR:404 body={"strategy":"-android uiautomator","selector":"new UiSelector().descriptionMatches(\"(?is).*\\QTiế...
09:00:59.968635 POST /session/d5e037c5-07ea-4c54-bed7-8d15d45be864/element [13.429535ms] ERR:404 body={"strategy":"-android uiautomator","selector":"new UiSelector().textContains(\"Tiếng Anh\")"}
09:00:59.982725 POST /session/d5e037c5-07ea-4c54-bed7-8d15d45be864/element [13.991894ms] ERR:404 body={"strategy":"-android uiautomator","selector":"new UiSelector().descriptionContains(\"Tiếng Anh\")...
09:00:59.996738 POST /session/d5e037c5-07ea-4c54-bed7-8d15d45be864/element [13.919695ms] ERR:404 body={"strategy":"-android uiautomator","selector":"new UiSelector().textMatches(\"(?is).*\\QTiếng Anh\...
09:01:00.010867 POST /session/d5e037c5-07ea-4c54-bed7-8d15d45be864/element [14.061584ms] ERR:404 body={"strategy":"-android uiautomator","selector":"new UiSelector().descriptionMatches(\"(?is).*\\QTiế...
09:01:00.024248 POST /session/d5e037c5-07ea-4c54-bed7-8d15d45be864/element [13.291748ms] ERR:404 body={"strategy":"-android uiautomator","selector":"new UiSelector().textContains(\"Tiếng Anh\")"}
09:01:00.037889 POST /session/d5e037c5-07ea-4c54-bed7-8d15d45be864/element [13.555473ms] ERR:404 body={"strategy":"-android uiautomator","selector":"new UiSelector().descriptionContains(\"Tiếng Anh\")...
09:01:00.053986 POST /session/d5e037c5-07ea-4c54-bed7-8d15d45be864/element [15.992488ms] ERR:404 body={"strategy":"-android uiautomator","selector":"new UiSelector().textMatches(\"(?is).*\\QTiếng Anh\...
09:01:00.067939 POST /session/d5e037c5-07ea-4c54-bed7-8d15d45be864/element [13.853997ms] ERR:404 body={"strategy":"-android uiautomator","selector":"new UiSelector().descriptionMatches(\"(?is).*\\QTiế...
09:01:00.083536 POST /session/d5e037c5-07ea-4c54-bed7-8d15d45be864/element [15.502382ms] ERR:404 body={"strategy":"-android uiautomator","selector":"new UiSelector().textContains(\"Tiếng Anh\")"}
09:01:00.096565 POST /session/d5e037c5-07ea-4c54-bed7-8d15d45be864/element [12.946539ms] ERR:404 body={"strategy":"-android uiautomator","selector":"new UiSelector().descriptionContains(\"Tiếng Anh\")...
09:01:00.115510 POST /session/d5e037c5-07ea-4c54-bed7-8d15d45be864/element [18.854229ms] ERR:404 body={"strategy":"-android uiautomator","selector":"new UiSelector().textMatches(\"(?is).*\\QTiếng Anh\...
09:01:00.133214 POST /session/d5e037c5-07ea-4c54-bed7-8d15d45be864/element [17.611063ms] ERR:404 body={"strategy":"-android uiautomator","selector":"new UiSelector().descriptionMatches(\"(?is).*\\QTiế...
09:01:00.146353 POST /session/d5e037c5-07ea-4c54-bed7-8d15d45be864/element [13.038777ms] ERR:404 body={"strategy":"-android uiautomator","selector":"new UiSelector().textContains(\"Tiếng Anh\")"}
09:01:00.160456 POST /session/d5e037c5-07ea-4c54-bed7-8d15d45be864/element [14.010968ms] ERR:404 body={"strategy":"-android uiautomator","selector":"new UiSelector().descriptionContains(\"Tiếng Anh\")...
09:01:00.174953 POST /session/d5e037c5-07ea-4c54-bed7-8d15d45be864/element [14.416241ms] ERR:404 body={"strategy":"-android uiautomator","selector":"new UiSelector().textMatches(\"(?is).*\\QTiếng Anh\...
09:01:00.189904 POST /session/d5e037c5-07ea-4c54-bed7-8d15d45be864/element [14.85534ms] ERR:404 body={"strategy":"-android uiautomator","selector":"new UiSelector().descriptionMatches(\"(?is).*\\QTiế...
09:01:00.203669 POST /session/d5e037c5-07ea-4c54-bed7-8d15d45be864/element [13.664272ms] ERR:404 body={"strategy":"-android uiautomator","selector":"new UiSelector().textContains(\"Tiếng Anh\")"}
09:01:00.217039 POST /session/d5e037c5-07ea-4c54-bed7-8d15d45be864/element [13.290035ms] ERR:404 body={"strategy":"-android uiautomator","selector":"new UiSelector().descriptionContains(\"Tiếng Anh\")...
09:01:00.232778 POST /session/d5e037c5-07ea-4c54-bed7-8d15d45be864/element [15.621651ms] ERR:404 body={"strategy":"-android uiautomator","selector":"new UiSelector().textMatches(\"(?is).*\\QTiếng Anh\...
09:01:00.247880 POST /session/d5e037c5-07ea-4c54-bed7-8d15d45be864/element [15.010418ms] ERR:404 body={"strategy":"-android uiautomator","selector":"new UiSelector().descriptionMatches(\"(?is).*\\QTiế...
09:01:00.261184 POST /session/d5e037c5-07ea-4c54-bed7-8d15d45be864/element [13.225724ms] ERR:404 body={"strategy":"-android uiautomator","selector":"new UiSelector().textContains(\"Tiếng Anh\")"}
09:01:00.274676 POST /session/d5e037c5-07ea-4c54-bed7-8d15d45be864/element [13.391792ms] ERR:404 body={"strategy":"-android uiautomator","selector":"new UiSelector().descriptionContains(\"Tiếng Anh\")...
09:01:00.294810 POST /session/d5e037c5-07ea-4c54-bed7-8d15d45be864/element [20.046175ms] ERR:404 body={"strategy":"-android uiautomator","selector":"new UiSelector().textMatches(\"(?is).*\\QTiếng Anh\...
09:01:00.896773 POST /session/d5e037c5-07ea-4c54-bed7-8d15d45be864/element [601.836998ms] ERR:404 body={"strategy":"-android uiautomator","selector":"new UiSelector().descriptionMatches(\"(?is).*\\QTiế...
09:01:00.911573 POST /session/d5e037c5-07ea-4c54-bed7-8d15d45be864/element [14.680542ms] ERR:404 body={"strategy":"-android uiautomator","selector":"new UiSelector().textContains(\"Tiếng Anh\")"}
09:01:00.926281 POST /session/d5e037c5-07ea-4c54-bed7-8d15d45be864/element [14.59869ms] ERR:404 body={"strategy":"-android uiautomator","selector":"new UiSelector().descriptionContains(\"Tiếng Anh\")...
09:01:00.940027 POST /session/d5e037c5-07ea-4c54-bed7-8d15d45be864/element [13.679801ms] ERR:404 body={"strategy":"-android uiautomator","selector":"new UiSelector().textMatches(\"(?is).*\\QTiếng Anh\...
09:01:00.955707 POST /session/d5e037c5-07ea-4c54-bed7-8d15d45be864/element [15.590849ms] ERR:404 body={"strategy":"-android uiautomator","selector":"new UiSelector().descriptionMatches(\"(?is).*\\QTiế...
09:01:00.971563 POST /session/d5e037c5-07ea-4c54-bed7-8d15d45be864/element [15.774145ms] ERR:404 body={"strategy":"-android uiautomator","selector":"new UiSelector().textContains(\"Tiếng Anh\")"}
09:01:00.995357 POST /session/d5e037c5-07ea-4c54-bed7-8d15d45be864/element [23.710371ms] ERR:404 body={"strategy":"-android uiautomator","selector":"new UiSelector().descriptionContains(\"Tiếng Anh\")...
09:01:01.013215 POST /session/d5e037c5-07ea-4c54-bed7-8d15d45be864/element [17.753237ms] ERR:404 body={"strategy":"-android uiautomator","selector":"new UiSelector().textMatches(\"(?is).*\\QTiếng Anh\...
09:01:01.030370 POST /session/d5e037c5-07ea-4c54-bed7-8d15d45be864/element [17.061427ms] ERR:404 body={"strategy":"-android uiautomator","selector":"new UiSelector().descriptionMatches(\"(?is).*\\QTiế...
09:01:01.048363 POST /session/d5e037c5-07ea-4c54-bed7-8d15d45be864/element [17.915551ms] ERR:404 body={"strategy":"-android uiautomator","selector":"new UiSelector().textContains(\"Tiếng Anh\")"}
09:01:01.064720 POST /session/d5e037c5-07ea-4c54-bed7-8d15d45be864/element [16.262047ms] ERR:404 body={"strategy":"-android uiautomator","selector":"new UiSelector().descriptionContains(\"Tiếng Anh\")...
09:01:01.081939 POST /session/d5e037c5-07ea-4c54-bed7-8d15d45be864/element [17.114708ms] ERR:404 body={"strategy":"-android uiautomator","selector":"new UiSelector().textMatches(\"(?is).*\\QTiếng Anh\...
09:01:01.098589 POST /session/d5e037c5-07ea-4c54-bed7-8d15d45be864/element [16.58336ms] ERR:404 body={"strategy":"-android uiautomator","selector":"new UiSelector().descriptionMatches(\"(?is).*\\QTiế...
09:01:01.115160 POST /session/d5e037c5-07ea-4c54-bed7-8d15d45be864/element [16.493595ms] ERR:404 body={"strategy":"-android uiautomator","selector":"new UiSelector().textContains(\"Tiếng Anh\")"}
09:01:01.131873 POST /session/d5e037c5-07ea-4c54-bed7-8d15d45be864/element [16.609023ms] ERR:404 body={"strategy":"-android uiautomator","selector":"new UiSelector().descriptionContains(\"Tiếng Anh\")...
09:01:01.148740 POST /session/d5e037c5-07ea-4c54-bed7-8d15d45be864/element [16.764698ms] ERR:404 body={"strategy":"-android uiautomator","selector":"new UiSelector().textMatches(\"(?is).*\\QTiếng Anh\...
09:01:01.164770 POST /session/d5e037c5-07ea-4c54-bed7-8d15d45be864/element [15.917975ms] ERR:404 body={"strategy":"-android uiautomator","selector":"new UiSelector().descriptionMatches(\"(?is).*\\QTiế...
09:01:01.181093 POST /session/d5e037c5-07ea-4c54-bed7-8d15d45be864/element [16.222579ms] ERR:404 body={"strategy":"-android uiautomator","selector":"new UiSelector().textContains(\"Tiếng Anh\")"}
09:01:01.196927 POST /session/d5e037c5-07ea-4c54-bed7-8d15d45be864/element [15.745431ms] ERR:404 body={"strategy":"-android uiautomator","selector":"new UiSelector().descriptionContains(\"Tiếng Anh\")...
09:01:01.214836 POST /session/d5e037c5-07ea-4c54-bed7-8d15d45be864/element [17.818184ms] ERR:404 body={"strategy":"-android uiautomator","selector":"new UiSelector().textMatches(\"(?is).*\\QTiếng Anh\...
09:01:01.231258 POST /session/d5e037c5-07ea-4c54-bed7-8d15d45be864/element [16.323459ms] ERR:404 body={"strategy":"-android uiautomator","selector":"new UiSelector().descriptionMatches(\"(?is).*\\QTiế...
09:01:01.248206 POST /session/d5e037c5-07ea-4c54-bed7-8d15d45be864/element [16.864362ms] ERR:404 body={"strategy":"-android uiautomator","selector":"new UiSelector().textContains(\"Tiếng Anh\")"}
09:01:01.265030 POST /session/d5e037c5-07ea-4c54-bed7-8d15d45be864/element [16.719985ms] ERR:404 body={"strategy":"-android uiautomator","selector":"new UiSelector().descriptionContains(\"Tiếng Anh\")...
09:01:01.281090 POST /session/d5e037c5-07ea-4c54-bed7-8d15d45be864/element [15.964871ms] ERR:404 body={"strategy":"-android uiautomator","selector":"new UiSelector().textMatches(\"(?is).*\\QTiếng Anh\...
09:01:01.298711 POST /session/d5e037c5-07ea-4c54-bed7-8d15d45be864/element [17.498159ms] ERR:404 body={"strategy":"-android uiautomator","selector":"new UiSelector().descriptionMatches(\"(?is).*\\QTiế...
09:01:01.316204 POST /session/d5e037c5-07ea-4c54-bed7-8d15d45be864/element [17.380887ms] ERR:404 body={"strategy":"-android uiautomator","selector":"new UiSelector().textContains(\"Tiếng Anh\")"}
09:01:01.332094 POST /session/d5e037c5-07ea-4c54-bed7-8d15d45be864/element [15.776628ms] ERR:404 body={"strategy":"-android uiautomator","selector":"new UiSelector().descriptionContains(\"Tiếng Anh\")...
09:01:01.348814 POST /session/d5e037c5-07ea-4c54-bed7-8d15d45be864/element [16.619379ms] ERR:404 body={"strategy":"-android uiautomator","selector":"new UiSelector().textMatches(\"(?is).*\\QTiếng Anh\...
09:01:01.365268 POST /session/d5e037c5-07ea-4c54-bed7-8d15d45be864/element [16.339584ms] ERR:404 body={"strategy":"-android uiautomator","selector":"new UiSelector().descriptionMatches(\"(?is).*\\QTiế...
09:01:01.382434 POST /session/d5e037c5-07ea-4c54-bed7-8d15d45be864/element [17.076215ms] ERR:404 body={"strategy":"-android uiautomator","selector":"new UiSelector().textContains(\"Tiếng Anh\")"}
09:01:01.399386 POST /session/d5e037c5-07ea-4c54-bed7-8d15d45be864/element [16.843265ms] ERR:404 body={"strategy":"-android uiautomator","selector":"new UiSelector().descriptionContains(\"Tiếng Anh\")...
09:01:01.416747 POST /session/d5e037c5-07ea-4c54-bed7-8d15d45be864/element [17.238013ms] ERR:404 body={"strategy":"-android uiautomator","selector":"new UiSelector().textMatches(\"(?is).*\\QTiếng Anh\...
09:01:01.433180 POST /session/d5e037c5-07ea-4c54-bed7-8d15d45be864/element [16.337255ms] ERR:404 body={"strategy":"-android uiautomator","selector":"new UiSelector().descriptionMatches(\"(?is).*\\QTiế...
09:01:01.524895 GET /session/d5e037c5-07ea-4c54-bed7-8d15d45be864/source [91.562851ms] OK body=
09:01:01.536218 POST /session/d5e037c5-07ea-4c54-bed7-8d15d45be864/element [7.916141ms] OK body={"strategy":"-android uiautomator","selector":"new UiSelector().resourceIdMatches(\".*active-speakin...
09:01:01.545483 GET /session/d5e037c5-07ea-4c54-bed7-8d15d45be864/element/00000000-0000-0010-ffff-ffff000001e0/text [9.228066ms] OK body=
09:01:01.555809 GET /session/d5e037c5-07ea-4c54-bed7-8d15d45be864/element/00000000-0000-0010-ffff-ffff000001e0/rect [10.280071ms] OK body=
09:01:01.585599 POST /session/d5e037c5-07ea-4c54-bed7-8d15d45be864/element/00000000-0000-0010-ffff-ffff000001e0/click [29.750931ms] OK body=
09:01:02.097335 POST /session/d5e037c5-07ea-4c54-bed7-8d15d45be864/element [510.823813ms] OK body={"strategy":"-android uiautomator","selector":"new UiSelector().resourceIdMatches(\".*cooking-next-b...
09:01:02.105826 GET /session/d5e037c5-07ea-4c54-bed7-8d15d45be864/element/00000000-0000-0010-ffff-ffff000001e4/text [8.40503ms] OK body=
09:01:02.113495 GET /session/d5e037c5-07ea-4c54-bed7-8d15d45be864/element/00000000-0000-0010-ffff-ffff000001e4/rect [7.632841ms] OK body=
09:01:02.141161 POST /session/d5e037c5-07ea-4c54-bed7-8d15d45be864/element/00000000-0000-0010-ffff-ffff000001e4/click [27.61892ms] OK body=
09:01:02.152354 POST /session/d5e037c5-07ea-4c54-bed7-8d15d45be864/element [10.212353ms] OK body={"strategy":"-android uiautomator","selector":"new UiSelector().resourceIdMatches(\".*cooking-back-b...
09:01:02.160166 GET /session/d5e037c5-07ea-4c54-bed7-8d15d45be864/element/00000000-0000-0010-ffff-ffff000001e3/text [7.742786ms] OK body=
09:01:02.168265 GET /session/d5e037c5-07ea-4c54-bed7-8d15d45be864/element/00000000-0000-0010-ffff-ffff000001e3/rect [8.061815ms] OK body=
09:01:02.195465 POST /session/d5e037c5-07ea-4c54-bed7-8d15d45be864/element/00000000-0000-0010-ffff-ffff000001e3/click [27.156195ms] OK body=
09:01:07.505805 POST /session/d5e037c5-07ea-4c54-bed7-8d15d45be864/appium/device/launch_app [2.559132ms] ERR:404 body={"appId":"com.tastopia.app"}
09:01:10.455563 POST /session/d5e037c5-07ea-4c54-bed7-8d15d45be864/element [1.211324575s] OK body={"strategy":"-android uiautomator","selector":"new UiSelector().resourceIdMatches(\".*MENU.*\")"}
09:01:11.113898 GET /session/d5e037c5-07ea-4c54-bed7-8d15d45be864/element/00000000-0000-0012-ffff-ffff0000006f/text [658.247955ms] OK body=
09:01:13.126682 GET /session/d5e037c5-07ea-4c54-bed7-8d15d45be864/element/00000000-0000-0012-ffff-ffff0000006f/rect [2.012684977s] OK body=
09:01:13.155773 POST /session/d5e037c5-07ea-4c54-bed7-8d15d45be864/element [27.86253ms] ERR:404 body={"strategy":"-android uiautomator","selector":"new UiSelector().resourceIdMatches(\".*MENU.*\").clic...
09:01:13.180597 POST /session/d5e037c5-07ea-4c54-bed7-8d15d45be864/element [24.670853ms] OK body={"strategy":"-android uiautomator","selector":"new UiSelector().resourceIdMatches(\".*MENU.*\")"}
09:01:13.189216 GET /session/d5e037c5-07ea-4c54-bed7-8d15d45be864/element/00000000-0000-0012-ffff-ffff0000006f/text [8.559902ms] OK body=
09:01:13.197886 GET /session/d5e037c5-07ea-4c54-bed7-8d15d45be864/element/00000000-0000-0012-ffff-ffff0000006f/rect [8.621115ms] OK body=
09:01:13.225564 POST /session/d5e037c5-07ea-4c54-bed7-8d15d45be864/element/00000000-0000-0012-ffff-ffff0000006f/click [27.623256ms] OK body=
09:01:13.228206 POST /session/d5e037c5-07ea-4c54-bed7-8d15d45be864/appium/device/hide_keyboard [2.510349ms] ERR:404 body=
09:01:13.368903 POST /session/d5e037c5-07ea-4c54-bed7-8d15d45be864/element [140.349992ms] ERR:404 body={"strategy":"-android uiautomator","selector":"new UiSelector().textContains(\"History\")"}
09:01:13.425234 POST /session/d5e037c5-07ea-4c54-bed7-8d15d45be864/element [56.202447ms] ERR:404 body={"strategy":"-android uiautomator","selector":"new UiSelector().descriptionContains(\"History\")"}
09:01:13.460723 POST /session/d5e037c5-07ea-4c54-bed7-8d15d45be864/element [35.377879ms] ERR:404 body={"strategy":"-android uiautomator","selector":"new UiSelector().textMatches(\"(?is).*\\QHistory\\E.*...
09:01:13.485963 POST /session/d5e037c5-07ea-4c54-bed7-8d15d45be864/element [25.123993ms] ERR:404 body={"strategy":"-android uiautomator","selector":"new UiSelector().descriptionMatches(\"(?is).*\\QHisto...
09:01:13.510782 POST /session/d5e037c5-07ea-4c54-bed7-8d15d45be864/element [24.730402ms] ERR:404 body={"strategy":"-android uiautomator","selector":"new UiSelector().textContains(\"History\")"}
09:01:13.666885 POST /session/d5e037c5-07ea-4c54-bed7-8d15d45be864/element [155.933895ms] ERR:404 body={"strategy":"-android uiautomator","selector":"new UiSelector().descriptionContains(\"History\")"}
09:01:14.806954 POST /session/d5e037c5-07ea-4c54-bed7-8d15d45be864/element [1.139957815s] OK body={"strategy":"-android uiautomator","selector":"new UiSelector().textMatches(\"(?is).*\\QHistory\\E.*...
09:01:14.849811 POST /session/d5e037c5-07ea-4c54-bed7-8d15d45be864/element [42.530929ms] OK body={"strategy":"-android uiautomator","selector":"new UiSelector().resourceIdMatches(\".*menu-logout-bu...
09:01:14.858879 GET /session/d5e037c5-07ea-4c54-bed7-8d15d45be864/element/00000000-0000-0012-ffff-ffff000000e9/text [8.990529ms] OK body=
09:01:14.868419 GET /session/d5e037c5-07ea-4c54-bed7-8d15d45be864/element/00000000-0000-0012-ffff-ffff000000e9/rect [9.469788ms] OK body=
09:01:14.904380 POST /session/d5e037c5-07ea-4c54-bed7-8d15d45be864/element/00000000-0000-0012-ffff-ffff000000e9/click [35.87144ms] OK body=
09:01:14.927187 POST /session/d5e037c5-07ea-4c54-bed7-8d15d45be864/element [22.514776ms] ERR:404 body={"strategy":"-android uiautomator","selector":"new UiSelector().textContains(\"Welcome to\")"}
09:01:14.948138 POST /session/d5e037c5-07ea-4c54-bed7-8d15d45be864/element [20.830727ms] ERR:404 body={"strategy":"-android uiautomator","selector":"new UiSelector().descriptionContains(\"Welcome to\")"...
09:01:14.969596 POST /session/d5e037c5-07ea-4c54-bed7-8d15d45be864/element [21.351484ms] ERR:404 body={"strategy":"-android uiautomator","selector":"new UiSelector().textMatches(\"(?is).*\\QWelcome to\\...
09:01:14.989920 POST /session/d5e037c5-07ea-4c54-bed7-8d15d45be864/element [20.208838ms] ERR:404 body={"strategy":"-android uiautomator","selector":"new UiSelector().descriptionMatches(\"(?is).*\\QWelco...
09:01:15.011115 POST /session/d5e037c5-07ea-4c54-bed7-8d15d45be864/element [21.11269ms] ERR:404 body={"strategy":"-android uiautomator","selector":"new UiSelector().textContains(\"Welcome to\")"}
09:01:15.032700 POST /session/d5e037c5-07ea-4c54-bed7-8d15d45be864/element [21.51184ms] ERR:404 body={"strategy":"-android uiautomator","selector":"new UiSelector().descriptionContains(\"Welcome to\")"...
09:01:15.054109 POST /session/d5e037c5-07ea-4c54-bed7-8d15d45be864/element [21.327478ms] ERR:404 body={"strategy":"-android uiautomator","selector":"new UiSelector().textMatches(\"(?is).*\\QWelcome to\\...
09:01:15.076910 POST /session/d5e037c5-07ea-4c54-bed7-8d15d45be864/element [22.698796ms] ERR:404 body={"strategy":"-android uiautomator","selector":"new UiSelector().descriptionMatches(\"(?is).*\\QWelco...
09:01:15.100029 POST /session/d5e037c5-07ea-4c54-bed7-8d15d45be864/element [23.024386ms] ERR:404 body={"strategy":"-android uiautomator","selector":"new UiSelector().textContains(\"Welcome to\")"}
09:01:15.123590 POST /session/d5e037c5-07ea-4c54-bed7-8d15d45be864/element [23.463474ms] ERR:404 body={"strategy":"-android uiautomator","selector":"new UiSelector().descriptionContains(\"Welcome to\")"...
09:01:15.151221 POST /session/d5e037c5-07ea-4c54-bed7-8d15d45be864/element [27.510131ms] ERR:404 body={"strategy":"-android uiautomator","selector":"new UiSelector().textMatches(\"(?is).*\\QWelcome to\\...
09:01:15.172902 POST /session/d5e037c5-07ea-4c54-bed7-8d15d45be864/element [21.596276ms] ERR:404 body={"strategy":"-android uiautomator","selector":"new UiSelector().descriptionMatches(\"(?is).*\\QWelco...
09:01:15.230677 POST /session/d5e037c5-07ea-4c54-bed7-8d15d45be864/element [57.646559ms] ERR:404 body={"strategy":"-android uiautomator","selector":"new UiSelector().textContains(\"Welcome to\")"}
09:01:15.831167 POST /session/d5e037c5-07ea-4c54-bed7-8d15d45be864/element [600.359339ms] ERR:404 body={"strategy":"-android uiautomator","selector":"new UiSelector().descriptionContains(\"Welcome to\")"...
09:01:16.319111 POST /session/d5e037c5-07ea-4c54-bed7-8d15d45be864/element [487.820379ms] OK body={"strategy":"-android uiautomator","selector":"new UiSelector().textMatches(\"(?is).*\\QWelcome to\\...
09:01:16.327456 POST /session/d5e037c5-07ea-4c54-bed7-8d15d45be864/element [8.000507ms] OK body={"strategy":"-android uiautomator","selector":"new UiSelector().textContains(\"Tastopia\")"}
09:01:16.330446 POST /session/d5e037c5-07ea-4c54-bed7-8d15d45be864/appium/settings [2.027785ms] OK body={"settings":{"waitForIdleTimeout":200}}
09:01:21.596800 POST /session/d5e037c5-07ea-4c54-bed7-8d15d45be864/appium/device/launch_app [2.78094ms] ERR:404 body={"appId":"com.tastopia.app"}
09:01:24.398991 POST /session/d5e037c5-07ea-4c54-bed7-8d15d45be864/element [981.973574ms] OK body={"strategy":"-android uiautomator","selector":"new UiSelector().resourceIdMatches(\".*welcome-sign-i...
09:01:24.485858 GET /session/d5e037c5-07ea-4c54-bed7-8d15d45be864/element/00000000-0000-0014-ffff-ffff00000021/text [86.794766ms] OK body=
09:01:24.516693 GET /session/d5e037c5-07ea-4c54-bed7-8d15d45be864/element/00000000-0000-0014-ffff-ffff00000021/rect [30.751366ms] OK body=
09:01:24.576225 POST /session/d5e037c5-07ea-4c54-bed7-8d15d45be864/element/00000000-0000-0014-ffff-ffff00000021/click [59.422839ms] OK body=
09:01:25.416891 POST /session/d5e037c5-07ea-4c54-bed7-8d15d45be864/element [839.772369ms] OK body={"strategy":"-android uiautomator","selector":"new UiSelector().resourceIdMatches(\".*login-identifi...
09:01:25.435669 POST /session/d5e037c5-07ea-4c54-bed7-8d15d45be864/element [18.417052ms] OK body={"strategy":"-android uiautomator","selector":"new UiSelector().resourceIdMatches(\".*login-identifi...
09:01:25.459540 GET /session/d5e037c5-07ea-4c54-bed7-8d15d45be864/element/00000000-0000-0014-ffff-ffff00000031/text [23.79022ms] OK body=
09:01:25.476861 GET /session/d5e037c5-07ea-4c54-bed7-8d15d45be864/element/00000000-0000-0014-ffff-ffff00000031/rect [17.234136ms] OK body=
09:01:25.718338 POST /session/d5e037c5-07ea-4c54-bed7-8d15d45be864/element/00000000-0000-0014-ffff-ffff00000031/click [241.392734ms] OK body=
09:01:26.682108 POST /session/d5e037c5-07ea-4c54-bed7-8d15d45be864/actions [963.372091ms] OK body={"actions":[{"actions":[{"type":"keyDown","value":"a"},{"type":"keyUp","value":"a"},{"type":"keyDown...
09:01:26.686460 POST /session/d5e037c5-07ea-4c54-bed7-8d15d45be864/appium/device/hide_keyboard [4.258514ms] ERR:404 body=
09:01:27.333101 POST /session/d5e037c5-07ea-4c54-bed7-8d15d45be864/element [646.28712ms] OK body={"strategy":"-android uiautomator","selector":"new UiSelector().resourceIdMatches(\".*login-password...
09:01:27.341661 POST /session/d5e037c5-07ea-4c54-bed7-8d15d45be864/element [8.243857ms] OK body={"strategy":"-android uiautomator","selector":"new UiSelector().resourceIdMatches(\".*login-password...
09:01:27.351245 GET /session/d5e037c5-07ea-4c54-bed7-8d15d45be864/element/00000000-0000-0014-ffff-ffff00000032/text [9.545533ms] OK body=
09:01:27.360669 GET /session/d5e037c5-07ea-4c54-bed7-8d15d45be864/element/00000000-0000-0014-ffff-ffff00000032/rect [9.361616ms] OK body=
09:01:28.007238 POST /session/d5e037c5-07ea-4c54-bed7-8d15d45be864/element/00000000-0000-0014-ffff-ffff00000032/click [646.506175ms] OK body=
09:01:28.751550 POST /session/d5e037c5-07ea-4c54-bed7-8d15d45be864/actions [743.958723ms] OK body={"actions":[{"actions":[{"type":"keyDown","value":"P"},{"type":"keyUp","value":"P"},{"type":"keyDown...
09:01:28.756237 POST /session/d5e037c5-07ea-4c54-bed7-8d15d45be864/appium/device/hide_keyboard [4.587238ms] ERR:404 body=
09:01:29.255461 POST /session/d5e037c5-07ea-4c54-bed7-8d15d45be864/element [498.821203ms] OK body={"strategy":"-android uiautomator","selector":"new UiSelector().resourceIdMatches(\".*login-submit-b...
09:01:29.264018 GET /session/d5e037c5-07ea-4c54-bed7-8d15d45be864/element/00000000-0000-0014-ffff-ffff00000049/text [8.224874ms] OK body=
09:01:29.272447 GET /session/d5e037c5-07ea-4c54-bed7-8d15d45be864/element/00000000-0000-0014-ffff-ffff00000049/rect [8.381646ms] OK body=
09:01:29.302279 POST /session/d5e037c5-07ea-4c54-bed7-8d15d45be864/element/00000000-0000-0014-ffff-ffff00000049/click [29.781045ms] OK body=
09:01:29.313789 POST /session/d5e037c5-07ea-4c54-bed7-8d15d45be864/element [11.454238ms] OK body={"strategy":"-android uiautomator","selector":"new UiSelector().resourceIdMatches(\".*login-submit-b...
09:01:29.322405 GET /session/d5e037c5-07ea-4c54-bed7-8d15d45be864/element/00000000-0000-0014-ffff-ffff00000049/text [8.543037ms] OK body=
09:01:29.342079 GET /session/d5e037c5-07ea-4c54-bed7-8d15d45be864/element/00000000-0000-0014-ffff-ffff00000049/rect [19.610856ms] OK body=
09:01:29.997928 POST /session/d5e037c5-07ea-4c54-bed7-8d15d45be864/element/00000000-0000-0014-ffff-ffff00000049/click [655.765301ms] OK body=
09:01:30.025146 POST /session/d5e037c5-07ea-4c54-bed7-8d15d45be864/element [26.884077ms] ERR:404 body={"strategy":"-android uiautomator","selector":"new UiSelector().resourceIdMatches(\".*COMMUNITY.*\")...
09:01:30.034124 POST /session/d5e037c5-07ea-4c54-bed7-8d15d45be864/element [8.862327ms] ERR:404 body={"strategy":"-android uiautomator","selector":"new UiSelector().resourceIdMatches(\".*COMMUNITY.*\")...
09:01:30.046607 POST /session/d5e037c5-07ea-4c54-bed7-8d15d45be864/element [12.373388ms] ERR:404 body={"strategy":"-android uiautomator","selector":"new UiSelector().resourceIdMatches(\".*COMMUNITY.*\")...
09:01:30.055288 POST /session/d5e037c5-07ea-4c54-bed7-8d15d45be864/element [8.574805ms] ERR:404 body={"strategy":"-android uiautomator","selector":"new UiSelector().resourceIdMatches(\".*COMMUNITY.*\")...
09:01:30.063867 POST /session/d5e037c5-07ea-4c54-bed7-8d15d45be864/element [8.495796ms] ERR:404 body={"strategy":"-android uiautomator","selector":"new UiSelector().resourceIdMatches(\".*COMMUNITY.*\")...
09:01:30.108605 POST /session/d5e037c5-07ea-4c54-bed7-8d15d45be864/element [44.640743ms] ERR:404 body={"strategy":"-android uiautomator","selector":"new UiSelector().resourceIdMatches(\".*COMMUNITY.*\")...
09:01:30.778528 POST /session/d5e037c5-07ea-4c54-bed7-8d15d45be864/element [669.767511ms] ERR:404 body={"strategy":"-android uiautomator","selector":"new UiSelector().resourceIdMatches(\".*COMMUNITY.*\")...
09:01:30.791162 POST /session/d5e037c5-07ea-4c54-bed7-8d15d45be864/element [12.52755ms] ERR:404 body={"strategy":"-android uiautomator","selector":"new UiSelector().resourceIdMatches(\".*COMMUNITY.*\")...
09:01:30.801200 POST /session/d5e037c5-07ea-4c54-bed7-8d15d45be864/element [9.929814ms] ERR:404 body={"strategy":"-android uiautomator","selector":"new UiSelector().resourceIdMatches(\".*COMMUNITY.*\")...
09:01:30.811195 POST /session/d5e037c5-07ea-4c54-bed7-8d15d45be864/element [9.903595ms] ERR:404 body={"strategy":"-android uiautomator","selector":"new UiSelector().resourceIdMatches(\".*COMMUNITY.*\")...
09:01:30.819759 POST /session/d5e037c5-07ea-4c54-bed7-8d15d45be864/element [8.483918ms] ERR:404 body={"strategy":"-android uiautomator","selector":"new UiSelector().resourceIdMatches(\".*COMMUNITY.*\")...
09:01:30.828156 POST /session/d5e037c5-07ea-4c54-bed7-8d15d45be864/element [8.326191ms] ERR:404 body={"strategy":"-android uiautomator","selector":"new UiSelector().resourceIdMatches(\".*COMMUNITY.*\")...
09:01:30.836164 POST /session/d5e037c5-07ea-4c54-bed7-8d15d45be864/element [7.94538ms] ERR:404 body={"strategy":"-android uiautomator","selector":"new UiSelector().resourceIdMatches(\".*COMMUNITY.*\")...
09:01:30.844641 POST /session/d5e037c5-07ea-4c54-bed7-8d15d45be864/element [8.410779ms] ERR:404 body={"strategy":"-android uiautomator","selector":"new UiSelector().resourceIdMatches(\".*COMMUNITY.*\")...
09:01:30.851948 POST /session/d5e037c5-07ea-4c54-bed7-8d15d45be864/element [7.222144ms] ERR:404 body={"strategy":"-android uiautomator","selector":"new UiSelector().resourceIdMatches(\".*COMMUNITY.*\")...
09:01:30.860064 POST /session/d5e037c5-07ea-4c54-bed7-8d15d45be864/element [8.04544ms] ERR:404 body={"strategy":"-android uiautomator","selector":"new UiSelector().resourceIdMatches(\".*COMMUNITY.*\")...
09:01:30.867592 POST /session/d5e037c5-07ea-4c54-bed7-8d15d45be864/element [7.438098ms] ERR:404 body={"strategy":"-android uiautomator","selector":"new UiSelector().resourceIdMatches(\".*COMMUNITY.*\")...
09:01:30.875857 POST /session/d5e037c5-07ea-4c54-bed7-8d15d45be864/element [8.156597ms] ERR:404 body={"strategy":"-android uiautomator","selector":"new UiSelector().resourceIdMatches(\".*COMMUNITY.*\")...
09:01:30.885439 POST /session/d5e037c5-07ea-4c54-bed7-8d15d45be864/element [9.49059ms] ERR:404 body={"strategy":"-android uiautomator","selector":"new UiSelector().resourceIdMatches(\".*COMMUNITY.*\")...
09:01:30.895965 POST /session/d5e037c5-07ea-4c54-bed7-8d15d45be864/element [10.426596ms] ERR:404 body={"strategy":"-android uiautomator","selector":"new UiSelector().resourceIdMatches(\".*COMMUNITY.*\")...
09:01:30.905351 POST /session/d5e037c5-07ea-4c54-bed7-8d15d45be864/element [9.307956ms] ERR:404 body={"strategy":"-android uiautomator","selector":"new UiSelector().resourceIdMatches(\".*COMMUNITY.*\")...
09:01:30.914218 POST /session/d5e037c5-07ea-4c54-bed7-8d15d45be864/element [8.794816ms] ERR:404 body={"strategy":"-android uiautomator","selector":"new UiSelector().resourceIdMatches(\".*COMMUNITY.*\")...
09:01:30.922438 POST /session/d5e037c5-07ea-4c54-bed7-8d15d45be864/element [8.126342ms] ERR:404 body={"strategy":"-android uiautomator","selector":"new UiSelector().resourceIdMatches(\".*COMMUNITY.*\")...
09:01:30.935789 POST /session/d5e037c5-07ea-4c54-bed7-8d15d45be864/element [13.2903ms] ERR:404 body={"strategy":"-android uiautomator","selector":"new UiSelector().resourceIdMatches(\".*COMMUNITY.*\")...
09:01:30.945015 POST /session/d5e037c5-07ea-4c54-bed7-8d15d45be864/element [9.129753ms] ERR:404 body={"strategy":"-android uiautomator","selector":"new UiSelector().resourceIdMatches(\".*COMMUNITY.*\")...
09:01:30.953104 POST /session/d5e037c5-07ea-4c54-bed7-8d15d45be864/element [7.999301ms] ERR:404 body={"strategy":"-android uiautomator","selector":"new UiSelector().resourceIdMatches(\".*COMMUNITY.*\")...
09:01:30.961377 POST /session/d5e037c5-07ea-4c54-bed7-8d15d45be864/element [8.19506ms] ERR:404 body={"strategy":"-android uiautomator","selector":"new UiSelector().resourceIdMatches(\".*COMMUNITY.*\")...
09:01:30.969320 POST /session/d5e037c5-07ea-4c54-bed7-8d15d45be864/element [7.853752ms] ERR:404 body={"strategy":"-android uiautomator","selector":"new UiSelector().resourceIdMatches(\".*COMMUNITY.*\")...
09:01:30.977733 POST /session/d5e037c5-07ea-4c54-bed7-8d15d45be864/element [8.322356ms] ERR:404 body={"strategy":"-android uiautomator","selector":"new UiSelector().resourceIdMatches(\".*COMMUNITY.*\")...
09:01:30.986304 POST /session/d5e037c5-07ea-4c54-bed7-8d15d45be864/element [8.467619ms] ERR:404 body={"strategy":"-android uiautomator","selector":"new UiSelector().resourceIdMatches(\".*COMMUNITY.*\")...
09:01:30.997924 POST /session/d5e037c5-07ea-4c54-bed7-8d15d45be864/element [11.514043ms] ERR:404 body={"strategy":"-android uiautomator","selector":"new UiSelector().resourceIdMatches(\".*COMMUNITY.*\")...
09:01:31.007429 POST /session/d5e037c5-07ea-4c54-bed7-8d15d45be864/element [9.40367ms] ERR:404 body={"strategy":"-android uiautomator","selector":"new UiSelector().resourceIdMatches(\".*COMMUNITY.*\")...
09:01:31.016953 POST /session/d5e037c5-07ea-4c54-bed7-8d15d45be864/element [9.421356ms] ERR:404 body={"strategy":"-android uiautomator","selector":"new UiSelector().resourceIdMatches(\".*COMMUNITY.*\")...
09:01:31.025860 POST /session/d5e037c5-07ea-4c54-bed7-8d15d45be864/element [8.815391ms] ERR:404 body={"strategy":"-android uiautomator","selector":"new UiSelector().resourceIdMatches(\".*COMMUNITY.*\")...
09:01:31.034469 POST /session/d5e037c5-07ea-4c54-bed7-8d15d45be864/element [8.521535ms] ERR:404 body={"strategy":"-android uiautomator","selector":"new UiSelector().resourceIdMatches(\".*COMMUNITY.*\")...
09:01:31.042603 POST /session/d5e037c5-07ea-4c54-bed7-8d15d45be864/element [8.05201ms] ERR:404 body={"strategy":"-android uiautomator","selector":"new UiSelector().resourceIdMatches(\".*COMMUNITY.*\")...
09:01:31.051274 POST /session/d5e037c5-07ea-4c54-bed7-8d15d45be864/element [8.572738ms] ERR:404 body={"strategy":"-android uiautomator","selector":"new UiSelector().resourceIdMatches(\".*COMMUNITY.*\")...
09:01:31.059210 POST /session/d5e037c5-07ea-4c54-bed7-8d15d45be864/element [7.835219ms] ERR:404 body={"strategy":"-android uiautomator","selector":"new UiSelector().resourceIdMatches(\".*COMMUNITY.*\")...
09:01:31.067205 POST /session/d5e037c5-07ea-4c54-bed7-8d15d45be864/element [7.908795ms] ERR:404 body={"strategy":"-android uiautomator","selector":"new UiSelector().resourceIdMatches(\".*COMMUNITY.*\")...
09:01:31.075581 POST /session/d5e037c5-07ea-4c54-bed7-8d15d45be864/element [8.294189ms] ERR:404 body={"strategy":"-android uiautomator","selector":"new UiSelector().resourceIdMatches(\".*COMMUNITY.*\")...
09:01:31.084588 POST /session/d5e037c5-07ea-4c54-bed7-8d15d45be864/element [8.903488ms] ERR:404 body={"strategy":"-android uiautomator","selector":"new UiSelector().resourceIdMatches(\".*COMMUNITY.*\")...
09:01:31.092588 POST /session/d5e037c5-07ea-4c54-bed7-8d15d45be864/element [7.884789ms] ERR:404 body={"strategy":"-android uiautomator","selector":"new UiSelector().resourceIdMatches(\".*COMMUNITY.*\")...
09:01:31.101318 POST /session/d5e037c5-07ea-4c54-bed7-8d15d45be864/element [8.627815ms] ERR:404 body={"strategy":"-android uiautomator","selector":"new UiSelector().resourceIdMatches(\".*COMMUNITY.*\")...
09:01:31.109974 POST /session/d5e037c5-07ea-4c54-bed7-8d15d45be864/element [8.554454ms] ERR:404 body={"strategy":"-android uiautomator","selector":"new UiSelector().resourceIdMatches(\".*COMMUNITY.*\")...
09:01:31.117914 POST /session/d5e037c5-07ea-4c54-bed7-8d15d45be864/element [7.85237ms] ERR:404 body={"strategy":"-android uiautomator","selector":"new UiSelector().resourceIdMatches(\".*COMMUNITY.*\")...
09:01:31.126104 POST /session/d5e037c5-07ea-4c54-bed7-8d15d45be864/element [8.101589ms] ERR:404 body={"strategy":"-android uiautomator","selector":"new UiSelector().resourceIdMatches(\".*COMMUNITY.*\")...
09:01:31.133969 POST /session/d5e037c5-07ea-4c54-bed7-8d15d45be864/element [7.786541ms] ERR:404 body={"strategy":"-android uiautomator","selector":"new UiSelector().resourceIdMatches(\".*COMMUNITY.*\")...
09:01:31.142214 POST /session/d5e037c5-07ea-4c54-bed7-8d15d45be864/element [8.159967ms] ERR:404 body={"strategy":"-android uiautomator","selector":"new UiSelector().resourceIdMatches(\".*COMMUNITY.*\")...
09:01:31.150452 POST /session/d5e037c5-07ea-4c54-bed7-8d15d45be864/element [8.15543ms] ERR:404 body={"strategy":"-android uiautomator","selector":"new UiSelector().resourceIdMatches(\".*COMMUNITY.*\")...
09:01:31.158542 POST /session/d5e037c5-07ea-4c54-bed7-8d15d45be864/element [8.006672ms] ERR:404 body={"strategy":"-android uiautomator","selector":"new UiSelector().resourceIdMatches(\".*COMMUNITY.*\")...
09:01:31.167043 POST /session/d5e037c5-07ea-4c54-bed7-8d15d45be864/element [8.418611ms] ERR:404 body={"strategy":"-android uiautomator","selector":"new UiSelector().resourceIdMatches(\".*COMMUNITY.*\")...
09:01:31.176968 POST /session/d5e037c5-07ea-4c54-bed7-8d15d45be864/element [9.832393ms] ERR:404 body={"strategy":"-android uiautomator","selector":"new UiSelector().resourceIdMatches(\".*COMMUNITY.*\")...
09:01:31.187004 POST /session/d5e037c5-07ea-4c54-bed7-8d15d45be864/element [9.955468ms] ERR:404 body={"strategy":"-android uiautomator","selector":"new UiSelector().resourceIdMatches(\".*COMMUNITY.*\")...
09:01:31.197300 POST /session/d5e037c5-07ea-4c54-bed7-8d15d45be864/element [10.198708ms] ERR:404 body={"strategy":"-android uiautomator","selector":"new UiSelector().resourceIdMatches(\".*COMMUNITY.*\")...
09:01:31.206115 POST /session/d5e037c5-07ea-4c54-bed7-8d15d45be864/element [8.734615ms] ERR:404 body={"strategy":"-android uiautomator","selector":"new UiSelector().resourceIdMatches(\".*COMMUNITY.*\")...
09:01:31.214513 POST /session/d5e037c5-07ea-4c54-bed7-8d15d45be864/element [8.296242ms] ERR:404 body={"strategy":"-android uiautomator","selector":"new UiSelector().resourceIdMatches(\".*COMMUNITY.*\")...
09:01:31.226084 POST /session/d5e037c5-07ea-4c54-bed7-8d15d45be864/element [10.856972ms] ERR:404 body={"strategy":"-android uiautomator","selector":"new UiSelector().resourceIdMatches(\".*COMMUNITY.*\")...
09:01:31.236110 POST /session/d5e037c5-07ea-4c54-bed7-8d15d45be864/element [9.921647ms] ERR:404 body={"strategy":"-android uiautomator","selector":"new UiSelector().resourceIdMatches(\".*COMMUNITY.*\")...
09:01:31.244457 POST /session/d5e037c5-07ea-4c54-bed7-8d15d45be864/element [8.244198ms] ERR:404 body={"strategy":"-android uiautomator","selector":"new UiSelector().resourceIdMatches(\".*COMMUNITY.*\")...
09:01:31.252855 POST /session/d5e037c5-07ea-4c54-bed7-8d15d45be864/element [8.309562ms] ERR:404 body={"strategy":"-android uiautomator","selector":"new UiSelector().resourceIdMatches(\".*COMMUNITY.*\")...
09:01:31.261565 POST /session/d5e037c5-07ea-4c54-bed7-8d15d45be864/element [8.627984ms] ERR:404 body={"strategy":"-android uiautomator","selector":"new UiSelector().resourceIdMatches(\".*COMMUNITY.*\")...
09:01:31.269368 POST /session/d5e037c5-07ea-4c54-bed7-8d15d45be864/element [7.726211ms] ERR:404 body={"strategy":"-android uiautomator","selector":"new UiSelector().resourceIdMatches(\".*COMMUNITY.*\")...
09:01:31.279410 POST /session/d5e037c5-07ea-4c54-bed7-8d15d45be864/element [9.960646ms] ERR:404 body={"strategy":"-android uiautomator","selector":"new UiSelector().resourceIdMatches(\".*COMMUNITY.*\")...
09:01:31.288987 POST /session/d5e037c5-07ea-4c54-bed7-8d15d45be864/element [9.496969ms] ERR:404 body={"strategy":"-android uiautomator","selector":"new UiSelector().resourceIdMatches(\".*COMMUNITY.*\")...
09:01:31.297457 POST /session/d5e037c5-07ea-4c54-bed7-8d15d45be864/element [8.399296ms] ERR:404 body={"strategy":"-android uiautomator","selector":"new UiSelector().resourceIdMatches(\".*COMMUNITY.*\")...
09:01:31.305667 POST /session/d5e037c5-07ea-4c54-bed7-8d15d45be864/element [8.118139ms] ERR:404 body={"strategy":"-android uiautomator","selector":"new UiSelector().resourceIdMatches(\".*COMMUNITY.*\")...
09:01:31.313898 POST /session/d5e037c5-07ea-4c54-bed7-8d15d45be864/element [8.162556ms] ERR:404 body={"strategy":"-android uiautomator","selector":"new UiSelector().resourceIdMatches(\".*COMMUNITY.*\")...
09:01:31.322718 POST /session/d5e037c5-07ea-4c54-bed7-8d15d45be864/element [8.725506ms] ERR:404 body={"strategy":"-android uiautomator","selector":"new UiSelector().resourceIdMatches(\".*COMMUNITY.*\")...
09:01:31.330903 POST /session/d5e037c5-07ea-4c54-bed7-8d15d45be864/element [8.088981ms] ERR:404 body={"strategy":"-android uiautomator","selector":"new UiSelector().resourceIdMatches(\".*COMMUNITY.*\")...
09:01:31.339250 POST /session/d5e037c5-07ea-4c54-bed7-8d15d45be864/element [8.263337ms] ERR:404 body={"strategy":"-android uiautomator","selector":"new UiSelector().resourceIdMatches(\".*COMMUNITY.*\")...
09:01:31.349175 POST /session/d5e037c5-07ea-4c54-bed7-8d15d45be864/element [9.844501ms] ERR:404 body={"strategy":"-android uiautomator","selector":"new UiSelector().resourceIdMatches(\".*COMMUNITY.*\")...
09:01:31.358529 POST /session/d5e037c5-07ea-4c54-bed7-8d15d45be864/element [9.275256ms] ERR:404 body={"strategy":"-android uiautomator","selector":"new UiSelector().resourceIdMatches(\".*COMMUNITY.*\")...
09:01:31.368154 POST /session/d5e037c5-07ea-4c54-bed7-8d15d45be864/element [9.540274ms] ERR:404 body={"strategy":"-android uiautomator","selector":"new UiSelector().resourceIdMatches(\".*COMMUNITY.*\")...
09:01:31.377364 POST /session/d5e037c5-07ea-4c54-bed7-8d15d45be864/element [9.121556ms] ERR:404 body={"strategy":"-android uiautomator","selector":"new UiSelector().resourceIdMatches(\".*COMMUNITY.*\")...
09:01:31.385877 POST /session/d5e037c5-07ea-4c54-bed7-8d15d45be864/element [8.415281ms] ERR:404 body={"strategy":"-android uiautomator","selector":"new UiSelector().resourceIdMatches(\".*COMMUNITY.*\")...
09:01:31.394351 POST /session/d5e037c5-07ea-4c54-bed7-8d15d45be864/element [8.392526ms] ERR:404 body={"strategy":"-android uiautomator","selector":"new UiSelector().resourceIdMatches(\".*COMMUNITY.*\")...
09:01:31.402228 POST /session/d5e037c5-07ea-4c54-bed7-8d15d45be864/element [7.78928ms] ERR:404 body={"strategy":"-android uiautomator","selector":"new UiSelector().resourceIdMatches(\".*COMMUNITY.*\")...
09:01:31.412701 POST /session/d5e037c5-07ea-4c54-bed7-8d15d45be864/element [10.382704ms] ERR:404 body={"strategy":"-android uiautomator","selector":"new UiSelector().resourceIdMatches(\".*COMMUNITY.*\")...
09:01:31.421924 POST /session/d5e037c5-07ea-4c54-bed7-8d15d45be864/element [9.13709ms] ERR:404 body={"strategy":"-android uiautomator","selector":"new UiSelector().resourceIdMatches(\".*COMMUNITY.*\")...
09:01:31.432054 POST /session/d5e037c5-07ea-4c54-bed7-8d15d45be864/element [10.053756ms] ERR:404 body={"strategy":"-android uiautomator","selector":"new UiSelector().resourceIdMatches(\".*COMMUNITY.*\")...
09:01:31.440636 POST /session/d5e037c5-07ea-4c54-bed7-8d15d45be864/element [8.499442ms] ERR:404 body={"strategy":"-android uiautomator","selector":"new UiSelector().resourceIdMatches(\".*COMMUNITY.*\")...
09:01:31.449020 POST /session/d5e037c5-07ea-4c54-bed7-8d15d45be864/element [8.288945ms] ERR:404 body={"strategy":"-android uiautomator","selector":"new UiSelector().resourceIdMatches(\".*COMMUNITY.*\")...
09:01:31.457406 POST /session/d5e037c5-07ea-4c54-bed7-8d15d45be864/element [8.300553ms] ERR:404 body={"strategy":"-android uiautomator","selector":"new UiSelector().resourceIdMatches(\".*COMMUNITY.*\")...
09:01:31.465711 POST /session/d5e037c5-07ea-4c54-bed7-8d15d45be864/element [8.230668ms] ERR:404 body={"strategy":"-android uiautomator","selector":"new UiSelector().resourceIdMatches(\".*COMMUNITY.*\")...
09:01:31.474851 POST /session/d5e037c5-07ea-4c54-bed7-8d15d45be864/element [9.065717ms] ERR:404 body={"strategy":"-android uiautomator","selector":"new UiSelector().resourceIdMatches(\".*COMMUNITY.*\")...
09:01:31.483398 POST /session/d5e037c5-07ea-4c54-bed7-8d15d45be864/element [8.44886ms] ERR:404 body={"strategy":"-android uiautomator","selector":"new UiSelector().resourceIdMatches(\".*COMMUNITY.*\")...
09:01:31.490888 POST /session/d5e037c5-07ea-4c54-bed7-8d15d45be864/element [7.403896ms] ERR:404 body={"strategy":"-android uiautomator","selector":"new UiSelector().resourceIdMatches(\".*COMMUNITY.*\")...
09:01:31.499012 POST /session/d5e037c5-07ea-4c54-bed7-8d15d45be864/element [8.036828ms] ERR:404 body={"strategy":"-android uiautomator","selector":"new UiSelector().resourceIdMatches(\".*COMMUNITY.*\")...
09:01:31.506607 POST /session/d5e037c5-07ea-4c54-bed7-8d15d45be864/element [7.529776ms] ERR:404 body={"strategy":"-android uiautomator","selector":"new UiSelector().resourceIdMatches(\".*COMMUNITY.*\")...
09:01:31.518521 POST /session/d5e037c5-07ea-4c54-bed7-8d15d45be864/element [11.812327ms] ERR:404 body={"strategy":"-android uiautomator","selector":"new UiSelector().resourceIdMatches(\".*COMMUNITY.*\")...
09:01:31.526549 POST /session/d5e037c5-07ea-4c54-bed7-8d15d45be864/element [7.953057ms] ERR:404 body={"strategy":"-android uiautomator","selector":"new UiSelector().resourceIdMatches(\".*COMMUNITY.*\")...
09:01:31.534895 POST /session/d5e037c5-07ea-4c54-bed7-8d15d45be864/element [8.259656ms] ERR:404 body={"strategy":"-android uiautomator","selector":"new UiSelector().resourceIdMatches(\".*COMMUNITY.*\")...
09:01:31.542996 POST /session/d5e037c5-07ea-4c54-bed7-8d15d45be864/element [8.019221ms] ERR:404 body={"strategy":"-android uiautomator","selector":"new UiSelector().resourceIdMatches(\".*COMMUNITY.*\")...
09:01:31.550884 POST /session/d5e037c5-07ea-4c54-bed7-8d15d45be864/element [7.809066ms] ERR:404 body={"strategy":"-android uiautomator","selector":"new UiSelector().resourceIdMatches(\".*COMMUNITY.*\")...
09:01:31.558958 POST /session/d5e037c5-07ea-4c54-bed7-8d15d45be864/element [7.990567ms] ERR:404 body={"strategy":"-android uiautomator","selector":"new UiSelector().resourceIdMatches(\".*COMMUNITY.*\")...
09:01:31.566820 POST /session/d5e037c5-07ea-4c54-bed7-8d15d45be864/element [7.783848ms] ERR:404 body={"strategy":"-android uiautomator","selector":"new UiSelector().resourceIdMatches(\".*COMMUNITY.*\")...
09:01:31.575010 POST /session/d5e037c5-07ea-4c54-bed7-8d15d45be864/element [8.100623ms] ERR:404 body={"strategy":"-android uiautomator","selector":"new UiSelector().resourceIdMatches(\".*COMMUNITY.*\")...
09:01:31.583162 POST /session/d5e037c5-07ea-4c54-bed7-8d15d45be864/element [8.066952ms] ERR:404 body={"strategy":"-android uiautomator","selector":"new UiSelector().resourceIdMatches(\".*COMMUNITY.*\")...
09:01:31.591340 POST /session/d5e037c5-07ea-4c54-bed7-8d15d45be864/element [8.069386ms] ERR:404 body={"strategy":"-android uiautomator","selector":"new UiSelector().resourceIdMatches(\".*COMMUNITY.*\")...
09:01:31.599676 POST /session/d5e037c5-07ea-4c54-bed7-8d15d45be864/element [8.202826ms] ERR:404 body={"strategy":"-android uiautomator","selector":"new UiSelector().resourceIdMatches(\".*COMMUNITY.*\")...
09:01:31.608540 POST /session/d5e037c5-07ea-4c54-bed7-8d15d45be864/element [8.771971ms] ERR:404 body={"strategy":"-android uiautomator","selector":"new UiSelector().resourceIdMatches(\".*COMMUNITY.*\")...
09:01:31.616256 POST /session/d5e037c5-07ea-4c54-bed7-8d15d45be864/element [7.645519ms] ERR:404 body={"strategy":"-android uiautomator","selector":"new UiSelector().resourceIdMatches(\".*COMMUNITY.*\")...
09:01:31.624446 POST /session/d5e037c5-07ea-4c54-bed7-8d15d45be864/element [8.122386ms] ERR:404 body={"strategy":"-android uiautomator","selector":"new UiSelector().resourceIdMatches(\".*COMMUNITY.*\")...
09:01:31.632064 POST /session/d5e037c5-07ea-4c54-bed7-8d15d45be864/element [7.557218ms] ERR:404 body={"strategy":"-android uiautomator","selector":"new UiSelector().resourceIdMatches(\".*COMMUNITY.*\")...
09:01:31.646124 POST /session/d5e037c5-07ea-4c54-bed7-8d15d45be864/element [13.996746ms] ERR:404 body={"strategy":"-android uiautomator","selector":"new UiSelector().resourceIdMatches(\".*COMMUNITY.*\")...
09:01:31.654767 POST /session/d5e037c5-07ea-4c54-bed7-8d15d45be864/element [8.572571ms] ERR:404 body={"strategy":"-android uiautomator","selector":"new UiSelector().resourceIdMatches(\".*COMMUNITY.*\")...
09:01:31.662612 POST /session/d5e037c5-07ea-4c54-bed7-8d15d45be864/element [7.770117ms] ERR:404 body={"strategy":"-android uiautomator","selector":"new UiSelector().resourceIdMatches(\".*COMMUNITY.*\")...
09:01:31.670892 POST /session/d5e037c5-07ea-4c54-bed7-8d15d45be864/element [8.170338ms] ERR:404 body={"strategy":"-android uiautomator","selector":"new UiSelector().resourceIdMatches(\".*COMMUNITY.*\")...
09:01:31.678983 POST /session/d5e037c5-07ea-4c54-bed7-8d15d45be864/element [8.009532ms] ERR:404 body={"strategy":"-android uiautomator","selector":"new UiSelector().resourceIdMatches(\".*COMMUNITY.*\")...
09:01:31.686854 POST /session/d5e037c5-07ea-4c54-bed7-8d15d45be864/element [7.780617ms] ERR:404 body={"strategy":"-android uiautomator","selector":"new UiSelector().resourceIdMatches(\".*COMMUNITY.*\")...
09:01:31.694750 POST /session/d5e037c5-07ea-4c54-bed7-8d15d45be864/element [7.81225ms] ERR:404 body={"strategy":"-android uiautomator","selector":"new UiSelector().resourceIdMatches(\".*COMMUNITY.*\")...
09:01:31.702471 POST /session/d5e037c5-07ea-4c54-bed7-8d15d45be864/element [7.654723ms] ERR:404 body={"strategy":"-android uiautomator","selector":"new UiSelector().resourceIdMatches(\".*COMMUNITY.*\")...
09:01:31.710622 POST /session/d5e037c5-07ea-4c54-bed7-8d15d45be864/element [8.074314ms] ERR:404 body={"strategy":"-android uiautomator","selector":"new UiSelector().resourceIdMatches(\".*COMMUNITY.*\")...
09:01:31.718909 POST /session/d5e037c5-07ea-4c54-bed7-8d15d45be864/element [8.192961ms] ERR:404 body={"strategy":"-android uiautomator","selector":"new UiSelector().resourceIdMatches(\".*COMMUNITY.*\")...
09:01:31.726788 POST /session/d5e037c5-07ea-4c54-bed7-8d15d45be864/element [7.816025ms] ERR:404 body={"strategy":"-android uiautomator","selector":"new UiSelector().resourceIdMatches(\".*COMMUNITY.*\")...
09:01:31.734347 POST /session/d5e037c5-07ea-4c54-bed7-8d15d45be864/element [7.494012ms] ERR:404 body={"strategy":"-android uiautomator","selector":"new UiSelector().resourceIdMatches(\".*COMMUNITY.*\")...
09:01:31.742489 POST /session/d5e037c5-07ea-4c54-bed7-8d15d45be864/element [8.05196ms] ERR:404 body={"strategy":"-android uiautomator","selector":"new UiSelector().resourceIdMatches(\".*COMMUNITY.*\")...
09:01:31.750308 POST /session/d5e037c5-07ea-4c54-bed7-8d15d45be864/element [7.741314ms] ERR:404 body={"strategy":"-android uiautomator","selector":"new UiSelector().resourceIdMatches(\".*COMMUNITY.*\")...
09:01:31.758467 POST /session/d5e037c5-07ea-4c54-bed7-8d15d45be864/element [8.06543ms] ERR:404 body={"strategy":"-android uiautomator","selector":"new UiSelector().resourceIdMatches(\".*COMMUNITY.*\")...
09:01:31.770726 POST /session/d5e037c5-07ea-4c54-bed7-8d15d45be864/element [12.171371ms] ERR:404 body={"strategy":"-android uiautomator","selector":"new UiSelector().resourceIdMatches(\".*COMMUNITY.*\")...
09:01:31.778440 POST /session/d5e037c5-07ea-4c54-bed7-8d15d45be864/element [7.47618ms] ERR:404 body={"strategy":"-android uiautomator","selector":"new UiSelector().resourceIdMatches(\".*COMMUNITY.*\")...
09:01:31.786630 POST /session/d5e037c5-07ea-4c54-bed7-8d15d45be864/element [8.101054ms] ERR:404 body={"strategy":"-android uiautomator","selector":"new UiSelector().resourceIdMatches(\".*COMMUNITY.*\")...
09:01:31.794628 POST /session/d5e037c5-07ea-4c54-bed7-8d15d45be864/element [7.897923ms] ERR:404 body={"strategy":"-android uiautomator","selector":"new UiSelector().resourceIdMatches(\".*COMMUNITY.*\")...
09:01:31.802973 POST /session/d5e037c5-07ea-4c54-bed7-8d15d45be864/element [8.168545ms] ERR:404 body={"strategy":"-android uiautomator","selector":"new UiSelector().resourceIdMatches(\".*COMMUNITY.*\")...
09:01:31.812270 POST /session/d5e037c5-07ea-4c54-bed7-8d15d45be864/element [9.191932ms] ERR:404 body={"strategy":"-android uiautomator","selector":"new UiSelector().resourceIdMatches(\".*COMMUNITY.*\")...
09:01:31.820717 POST /session/d5e037c5-07ea-4c54-bed7-8d15d45be864/element [8.357994ms] ERR:404 body={"strategy":"-android uiautomator","selector":"new UiSelector().resourceIdMatches(\".*COMMUNITY.*\")...
09:01:31.829304 POST /session/d5e037c5-07ea-4c54-bed7-8d15d45be864/element [8.501275ms] ERR:404 body={"strategy":"-android uiautomator","selector":"new UiSelector().resourceIdMatches(\".*COMMUNITY.*\")...
09:01:31.840917 POST /session/d5e037c5-07ea-4c54-bed7-8d15d45be864/element [11.514514ms] ERR:404 body={"strategy":"-android uiautomator","selector":"new UiSelector().resourceIdMatches(\".*COMMUNITY.*\")...
09:01:31.849588 POST /session/d5e037c5-07ea-4c54-bed7-8d15d45be864/element [8.579226ms] ERR:404 body={"strategy":"-android uiautomator","selector":"new UiSelector().resourceIdMatches(\".*COMMUNITY.*\")...
09:01:31.858520 POST /session/d5e037c5-07ea-4c54-bed7-8d15d45be864/element [8.833524ms] ERR:404 body={"strategy":"-android uiautomator","selector":"new UiSelector().resourceIdMatches(\".*COMMUNITY.*\")...
09:01:31.871055 POST /session/d5e037c5-07ea-4c54-bed7-8d15d45be864/element [12.448521ms] ERR:404 body={"strategy":"-android uiautomator","selector":"new UiSelector().resourceIdMatches(\".*COMMUNITY.*\")...
09:01:31.879252 POST /session/d5e037c5-07ea-4c54-bed7-8d15d45be864/element [8.120273ms] ERR:404 body={"strategy":"-android uiautomator","selector":"new UiSelector().resourceIdMatches(\".*COMMUNITY.*\")...
09:01:31.887255 POST /session/d5e037c5-07ea-4c54-bed7-8d15d45be864/element [7.915454ms] ERR:404 body={"strategy":"-android uiautomator","selector":"new UiSelector().resourceIdMatches(\".*COMMUNITY.*\")...
09:01:31.895846 POST /session/d5e037c5-07ea-4c54-bed7-8d15d45be864/element [8.478846ms] ERR:404 body={"strategy":"-android uiautomator","selector":"new UiSelector().resourceIdMatches(\".*COMMUNITY.*\")...
09:01:31.903919 POST /session/d5e037c5-07ea-4c54-bed7-8d15d45be864/element [7.981734ms] ERR:404 body={"strategy":"-android uiautomator","selector":"new UiSelector().resourceIdMatches(\".*COMMUNITY.*\")...
09:01:31.912099 POST /session/d5e037c5-07ea-4c54-bed7-8d15d45be864/element [8.123057ms] ERR:404 body={"strategy":"-android uiautomator","selector":"new UiSelector().resourceIdMatches(\".*COMMUNITY.*\")...
09:01:31.920525 POST /session/d5e037c5-07ea-4c54-bed7-8d15d45be864/element [8.343958ms] ERR:404 body={"strategy":"-android uiautomator","selector":"new UiSelector().resourceIdMatches(\".*COMMUNITY.*\")...
09:01:31.928758 POST /session/d5e037c5-07ea-4c54-bed7-8d15d45be864/element [8.149517ms] ERR:404 body={"strategy":"-android uiautomator","selector":"new UiSelector().resourceIdMatches(\".*COMMUNITY.*\")...
09:01:31.937269 POST /session/d5e037c5-07ea-4c54-bed7-8d15d45be864/element [8.421149ms] ERR:404 body={"strategy":"-android uiautomator","selector":"new UiSelector().resourceIdMatches(\".*COMMUNITY.*\")...
09:01:31.945611 POST /session/d5e037c5-07ea-4c54-bed7-8d15d45be864/element [8.259221ms] ERR:404 body={"strategy":"-android uiautomator","selector":"new UiSelector().resourceIdMatches(\".*COMMUNITY.*\")...
09:01:31.953879 POST /session/d5e037c5-07ea-4c54-bed7-8d15d45be864/element [8.159957ms] ERR:404 body={"strategy":"-android uiautomator","selector":"new UiSelector().resourceIdMatches(\".*COMMUNITY.*\")...
09:01:31.962089 POST /session/d5e037c5-07ea-4c54-bed7-8d15d45be864/element [8.120423ms] ERR:404 body={"strategy":"-android uiautomator","selector":"new UiSelector().resourceIdMatches(\".*COMMUNITY.*\")...
09:01:31.970505 POST /session/d5e037c5-07ea-4c54-bed7-8d15d45be864/element [8.339271ms] ERR:404 body={"strategy":"-android uiautomator","selector":"new UiSelector().resourceIdMatches(\".*COMMUNITY.*\")...
09:01:31.978898 POST /session/d5e037c5-07ea-4c54-bed7-8d15d45be864/element [8.329427ms] ERR:404 body={"strategy":"-android uiautomator","selector":"new UiSelector().resourceIdMatches(\".*COMMUNITY.*\")...
09:01:31.986988 POST /session/d5e037c5-07ea-4c54-bed7-8d15d45be864/element [7.994584ms] ERR:404 body={"strategy":"-android uiautomator","selector":"new UiSelector().resourceIdMatches(\".*COMMUNITY.*\")...
09:01:31.995364 POST /session/d5e037c5-07ea-4c54-bed7-8d15d45be864/element [8.310829ms] ERR:404 body={"strategy":"-android uiautomator","selector":"new UiSelector().resourceIdMatches(\".*COMMUNITY.*\")...
09:01:32.003891 POST /session/d5e037c5-07ea-4c54-bed7-8d15d45be864/element [8.441305ms] ERR:404 body={"strategy":"-android uiautomator","selector":"new UiSelector().resourceIdMatches(\".*COMMUNITY.*\")...
09:01:32.012116 POST /session/d5e037c5-07ea-4c54-bed7-8d15d45be864/element [8.161915ms] ERR:404 body={"strategy":"-android uiautomator","selector":"new UiSelector().resourceIdMatches(\".*COMMUNITY.*\")...
09:01:32.020480 POST /session/d5e037c5-07ea-4c54-bed7-8d15d45be864/element [8.2749ms] ERR:404 body={"strategy":"-android uiautomator","selector":"new UiSelector().resourceIdMatches(\".*COMMUNITY.*\")...
09:01:32.029535 POST /session/d5e037c5-07ea-4c54-bed7-8d15d45be864/element [8.962843ms] ERR:404 body={"strategy":"-android uiautomator","selector":"new UiSelector().resourceIdMatches(\".*COMMUNITY.*\")...
09:01:32.037612 POST /session/d5e037c5-07ea-4c54-bed7-8d15d45be864/element [7.986192ms] ERR:404 body={"strategy":"-android uiautomator","selector":"new UiSelector().resourceIdMatches(\".*COMMUNITY.*\")...
09:01:32.045912 POST /session/d5e037c5-07ea-4c54-bed7-8d15d45be864/element [8.199236ms] ERR:404 body={"strategy":"-android uiautomator","selector":"new UiSelector().resourceIdMatches(\".*COMMUNITY.*\")...
09:01:32.054262 POST /session/d5e037c5-07ea-4c54-bed7-8d15d45be864/element [8.279046ms] ERR:404 body={"strategy":"-android uiautomator","selector":"new UiSelector().resourceIdMatches(\".*COMMUNITY.*\")...
09:01:32.068307 POST /session/d5e037c5-07ea-4c54-bed7-8d15d45be864/element [13.959916ms] ERR:404 body={"strategy":"-android uiautomator","selector":"new UiSelector().resourceIdMatches(\".*COMMUNITY.*\")...
09:01:32.076382 POST /session/d5e037c5-07ea-4c54-bed7-8d15d45be864/element [7.989606ms] ERR:404 body={"strategy":"-android uiautomator","selector":"new UiSelector().resourceIdMatches(\".*COMMUNITY.*\")...
09:01:32.084708 POST /session/d5e037c5-07ea-4c54-bed7-8d15d45be864/element [8.239521ms] ERR:404 body={"strategy":"-android uiautomator","selector":"new UiSelector().resourceIdMatches(\".*COMMUNITY.*\")...
09:01:32.093104 POST /session/d5e037c5-07ea-4c54-bed7-8d15d45be864/element [8.311039ms] ERR:404 body={"strategy":"-android uiautomator","selector":"new UiSelector().resourceIdMatches(\".*COMMUNITY.*\")...
09:01:32.101666 POST /session/d5e037c5-07ea-4c54-bed7-8d15d45be864/element [8.463743ms] ERR:404 body={"strategy":"-android uiautomator","selector":"new UiSelector().resourceIdMatches(\".*COMMUNITY.*\")...
09:01:32.109801 POST /session/d5e037c5-07ea-4c54-bed7-8d15d45be864/element [8.027899ms] ERR:404 body={"strategy":"-android uiautomator","selector":"new UiSelector().resourceIdMatches(\".*COMMUNITY.*\")...
09:01:32.117745 POST /session/d5e037c5-07ea-4c54-bed7-8d15d45be864/element [7.861213ms] ERR:404 body={"strategy":"-android uiautomator","selector":"new UiSelector().resourceIdMatches(\".*COMMUNITY.*\")...
09:01:32.126151 POST /session/d5e037c5-07ea-4c54-bed7-8d15d45be864/element [8.321114ms] ERR:404 body={"strategy":"-android uiautomator","selector":"new UiSelector().resourceIdMatches(\".*COMMUNITY.*\")...
09:01:32.135102 POST /session/d5e037c5-07ea-4c54-bed7-8d15d45be864/element [8.892412ms] ERR:404 body={"strategy":"-android uiautomator","selector":"new UiSelector().resourceIdMatches(\".*COMMUNITY.*\")...
09:01:32.143284 POST /session/d5e037c5-07ea-4c54-bed7-8d15d45be864/element [8.116887ms] ERR:404 body={"strategy":"-android uiautomator","selector":"new UiSelector().resourceIdMatches(\".*COMMUNITY.*\")...
09:01:32.151556 POST /session/d5e037c5-07ea-4c54-bed7-8d15d45be864/element [8.199481ms] ERR:404 body={"strategy":"-android uiautomator","selector":"new UiSelector().resourceIdMatches(\".*COMMUNITY.*\")...
09:01:32.160517 POST /session/d5e037c5-07ea-4c54-bed7-8d15d45be864/element [8.873443ms] ERR:404 body={"strategy":"-android uiautomator","selector":"new UiSelector().resourceIdMatches(\".*COMMUNITY.*\")...
09:01:32.168346 POST /session/d5e037c5-07ea-4c54-bed7-8d15d45be864/element [7.75931ms] ERR:404 body={"strategy":"-android uiautomator","selector":"new UiSelector().resourceIdMatches(\".*COMMUNITY.*\")...
09:01:32.176337 POST /session/d5e037c5-07ea-4c54-bed7-8d15d45be864/element [7.928445ms] ERR:404 body={"strategy":"-android uiautomator","selector":"new UiSelector().resourceIdMatches(\".*COMMUNITY.*\")...
09:01:32.184557 POST /session/d5e037c5-07ea-4c54-bed7-8d15d45be864/element [8.153863ms] ERR:404 body={"strategy":"-android uiautomator","selector":"new UiSelector().resourceIdMatches(\".*COMMUNITY.*\")...
09:01:32.192774 POST /session/d5e037c5-07ea-4c54-bed7-8d15d45be864/element [8.156256ms] ERR:404 body={"strategy":"-android uiautomator","selector":"new UiSelector().resourceIdMatches(\".*COMMUNITY.*\")...
09:01:32.201493 POST /session/d5e037c5-07ea-4c54-bed7-8d15d45be864/element [8.630549ms] ERR:404 body={"strategy":"-android uiautomator","selector":"new UiSelector().resourceIdMatches(\".*COMMUNITY.*\")...
09:01:32.210126 POST /session/d5e037c5-07ea-4c54-bed7-8d15d45be864/element [8.563929ms] ERR:404 body={"strategy":"-android uiautomator","selector":"new UiSelector().resourceIdMatches(\".*COMMUNITY.*\")...
09:01:32.218357 POST /session/d5e037c5-07ea-4c54-bed7-8d15d45be864/element [8.173142ms] ERR:404 body={"strategy":"-android uiautomator","selector":"new UiSelector().resourceIdMatches(\".*COMMUNITY.*\")...
09:01:32.226436 POST /session/d5e037c5-07ea-4c54-bed7-8d15d45be864/element [7.993062ms] ERR:404 body={"strategy":"-android uiautomator","selector":"new UiSelector().resourceIdMatches(\".*COMMUNITY.*\")...
09:01:32.234680 POST /session/d5e037c5-07ea-4c54-bed7-8d15d45be864/element [8.160312ms] ERR:404 body={"strategy":"-android uiautomator","selector":"new UiSelector().resourceIdMatches(\".*COMMUNITY.*\")...
09:01:32.243163 POST /session/d5e037c5-07ea-4c54-bed7-8d15d45be864/element [8.413803ms] ERR:404 body={"strategy":"-android uiautomator","selector":"new UiSelector().resourceIdMatches(\".*COMMUNITY.*\")...
09:01:32.255589 POST /session/d5e037c5-07ea-4c54-bed7-8d15d45be864/element [12.368721ms] ERR:404 body={"strategy":"-android uiautomator","selector":"new UiSelector().resourceIdMatches(\".*COMMUNITY.*\")...
09:01:32.264518 POST /session/d5e037c5-07ea-4c54-bed7-8d15d45be864/element [8.821535ms] ERR:404 body={"strategy":"-android uiautomator","selector":"new UiSelector().resourceIdMatches(\".*COMMUNITY.*\")...
09:01:32.273067 POST /session/d5e037c5-07ea-4c54-bed7-8d15d45be864/element [8.470854ms] ERR:404 body={"strategy":"-android uiautomator","selector":"new UiSelector().resourceIdMatches(\".*COMMUNITY.*\")...
09:01:32.281607 POST /session/d5e037c5-07ea-4c54-bed7-8d15d45be864/element [8.428821ms] ERR:404 body={"strategy":"-android uiautomator","selector":"new UiSelector().resourceIdMatches(\".*COMMUNITY.*\")...
09:01:32.289867 POST /session/d5e037c5-07ea-4c54-bed7-8d15d45be864/element [8.161124ms] ERR:404 body={"strategy":"-android uiautomator","selector":"new UiSelector().resourceIdMatches(\".*COMMUNITY.*\")...
09:01:32.297912 POST /session/d5e037c5-07ea-4c54-bed7-8d15d45be864/element [7.966927ms] ERR:404 body={"strategy":"-android uiautomator","selector":"new UiSelector().resourceIdMatches(\".*COMMUNITY.*\")...
09:01:32.305788 POST /session/d5e037c5-07ea-4c54-bed7-8d15d45be864/element [7.790182ms] ERR:404 body={"strategy":"-android uiautomator","selector":"new UiSelector().resourceIdMatches(\".*COMMUNITY.*\")...
09:01:32.314057 POST /session/d5e037c5-07ea-4c54-bed7-8d15d45be864/element [8.190788ms] ERR:404 body={"strategy":"-android uiautomator","selector":"new UiSelector().resourceIdMatches(\".*COMMUNITY.*\")...
09:01:32.322035 POST /session/d5e037c5-07ea-4c54-bed7-8d15d45be864/element [7.895054ms] ERR:404 body={"strategy":"-android uiautomator","selector":"new UiSelector().resourceIdMatches(\".*COMMUNITY.*\")...
09:01:32.330748 POST /session/d5e037c5-07ea-4c54-bed7-8d15d45be864/element [8.634945ms] ERR:404 body={"strategy":"-android uiautomator","selector":"new UiSelector().resourceIdMatches(\".*COMMUNITY.*\")...
09:01:32.339272 POST /session/d5e037c5-07ea-4c54-bed7-8d15d45be864/element [8.457048ms] ERR:404 body={"strategy":"-android uiautomator","selector":"new UiSelector().resourceIdMatches(\".*COMMUNITY.*\")...
09:01:32.347688 POST /session/d5e037c5-07ea-4c54-bed7-8d15d45be864/element [8.344985ms] ERR:404 body={"strategy":"-android uiautomator","selector":"new UiSelector().resourceIdMatches(\".*COMMUNITY.*\")...
09:01:32.356054 POST /session/d5e037c5-07ea-4c54-bed7-8d15d45be864/element [8.176863ms] ERR:404 body={"strategy":"-android uiautomator","selector":"new UiSelector().resourceIdMatches(\".*COMMUNITY.*\")...
09:01:32.364990 POST /session/d5e037c5-07ea-4c54-bed7-8d15d45be864/element [8.775882ms] ERR:404 body={"strategy":"-android uiautomator","selector":"new UiSelector().resourceIdMatches(\".*COMMUNITY.*\")...
09:01:32.373352 POST /session/d5e037c5-07ea-4c54-bed7-8d15d45be864/element [8.281315ms] ERR:404 body={"strategy":"-android uiautomator","selector":"new UiSelector().resourceIdMatches(\".*COMMUNITY.*\")...
09:01:32.381390 POST /session/d5e037c5-07ea-4c54-bed7-8d15d45be864/element [7.960988ms] ERR:404 body={"strategy":"-android uiautomator","selector":"new UiSelector().resourceIdMatches(\".*COMMUNITY.*\")...
09:01:32.389530 POST /session/d5e037c5-07ea-4c54-bed7-8d15d45be864/element [8.057839ms] ERR:404 body={"strategy":"-android uiautomator","selector":"new UiSelector().resourceIdMatches(\".*COMMUNITY.*\")...
09:01:32.398632 POST /session/d5e037c5-07ea-4c54-bed7-8d15d45be864/element [9.005141ms] ERR:404 body={"strategy":"-android uiautomator","selector":"new UiSelector().resourceIdMatches(\".*COMMUNITY.*\")...
09:01:32.407057 POST /session/d5e037c5-07ea-4c54-bed7-8d15d45be864/element [8.301975ms] ERR:404 body={"strategy":"-android uiautomator","selector":"new UiSelector().resourceIdMatches(\".*COMMUNITY.*\")...
09:01:32.415319 POST /session/d5e037c5-07ea-4c54-bed7-8d15d45be864/element [8.172571ms] ERR:404 body={"strategy":"-android uiautomator","selector":"new UiSelector().resourceIdMatches(\".*COMMUNITY.*\")...
09:01:32.423412 POST /session/d5e037c5-07ea-4c54-bed7-8d15d45be864/element [7.987854ms] ERR:404 body={"strategy":"-android uiautomator","selector":"new UiSelector().resourceIdMatches(\".*COMMUNITY.*\")...
09:01:32.432263 POST /session/d5e037c5-07ea-4c54-bed7-8d15d45be864/element [8.752826ms] ERR:404 body={"strategy":"-android uiautomator","selector":"new UiSelector().resourceIdMatches(\".*COMMUNITY.*\")...
09:01:32.474230 POST /session/d5e037c5-07ea-4c54-bed7-8d15d45be864/element [41.85912ms] ERR:404 body={"strategy":"-android uiautomator","selector":"new UiSelector().resourceIdMatches(\".*COMMUNITY.*\")...
09:01:32.484035 POST /session/d5e037c5-07ea-4c54-bed7-8d15d45be864/element [9.694035ms] ERR:404 body={"strategy":"-android uiautomator","selector":"new UiSelector().resourceIdMatches(\".*COMMUNITY.*\")...
09:01:32.531349 POST /session/d5e037c5-07ea-4c54-bed7-8d15d45be864/element [47.224652ms] ERR:404 body={"strategy":"-android uiautomator","selector":"new UiSelector().resourceIdMatches(\".*COMMUNITY.*\")...
09:01:33.106877 POST /session/d5e037c5-07ea-4c54-bed7-8d15d45be864/element [575.406515ms] ERR:404 body={"strategy":"-android uiautomator","selector":"new UiSelector().resourceIdMatches(\".*COMMUNITY.*\")...
09:01:33.116628 POST /session/d5e037c5-07ea-4c54-bed7-8d15d45be864/element [9.634311ms] ERR:404 body={"strategy":"-android uiautomator","selector":"new UiSelector().resourceIdMatches(\".*COMMUNITY.*\")...
09:01:33.127059 POST /session/d5e037c5-07ea-4c54-bed7-8d15d45be864/element [10.302634ms] ERR:404 body={"strategy":"-android uiautomator","selector":"new UiSelector().resourceIdMatches(\".*COMMUNITY.*\")...
09:01:33.136985 POST /session/d5e037c5-07ea-4c54-bed7-8d15d45be864/element [9.834857ms] ERR:404 body={"strategy":"-android uiautomator","selector":"new UiSelector().resourceIdMatches(\".*COMMUNITY.*\")...
09:01:33.146769 POST /session/d5e037c5-07ea-4c54-bed7-8d15d45be864/element [9.704612ms] ERR:404 body={"strategy":"-android uiautomator","selector":"new UiSelector().resourceIdMatches(\".*COMMUNITY.*\")...
09:01:33.156859 POST /session/d5e037c5-07ea-4c54-bed7-8d15d45be864/element [10.010019ms] ERR:404 body={"strategy":"-android uiautomator","selector":"new UiSelector().resourceIdMatches(\".*COMMUNITY.*\")...
09:01:33.166969 POST /session/d5e037c5-07ea-4c54-bed7-8d15d45be864/element [10.038543ms] ERR:404 body={"strategy":"-android uiautomator","selector":"new UiSelector().resourceIdMatches(\".*COMMUNITY.*\")...
09:01:33.176796 POST /session/d5e037c5-07ea-4c54-bed7-8d15d45be864/element [9.749088ms] ERR:404 body={"strategy":"-android uiautomator","selector":"new UiSelector().resourceIdMatches(\".*COMMUNITY.*\")...
09:01:33.186450 POST /session/d5e037c5-07ea-4c54-bed7-8d15d45be864/element [9.569683ms] ERR:404 body={"strategy":"-android uiautomator","selector":"new UiSelector().resourceIdMatches(\".*COMMUNITY.*\")...
09:01:33.196718 POST /session/d5e037c5-07ea-4c54-bed7-8d15d45be864/element [10.181337ms] ERR:404 body={"strategy":"-android uiautomator","selector":"new UiSelector().resourceIdMatches(\".*COMMUNITY.*\")...
09:01:33.206960 POST /session/d5e037c5-07ea-4c54-bed7-8d15d45be864/element [10.133935ms] ERR:404 body={"strategy":"-android uiautomator","selector":"new UiSelector().resourceIdMatches(\".*COMMUNITY.*\")...
09:01:33.217297 POST /session/d5e037c5-07ea-4c54-bed7-8d15d45be864/element [10.265233ms] ERR:404 body={"strategy":"-android uiautomator","selector":"new UiSelector().resourceIdMatches(\".*COMMUNITY.*\")...
09:01:33.227045 POST /session/d5e037c5-07ea-4c54-bed7-8d15d45be864/element [9.667786ms] ERR:404 body={"strategy":"-android uiautomator","selector":"new UiSelector().resourceIdMatches(\".*COMMUNITY.*\")...
09:01:33.239458 POST /session/d5e037c5-07ea-4c54-bed7-8d15d45be864/element [12.316784ms] ERR:404 body={"strategy":"-android uiautomator","selector":"new UiSelector().resourceIdMatches(\".*COMMUNITY.*\")...
09:01:33.248717 POST /session/d5e037c5-07ea-4c54-bed7-8d15d45be864/element [9.187245ms] ERR:404 body={"strategy":"-android uiautomator","selector":"new UiSelector().resourceIdMatches(\".*COMMUNITY.*\")...
09:01:33.259208 POST /session/d5e037c5-07ea-4c54-bed7-8d15d45be864/element [10.412004ms] ERR:404 body={"strategy":"-android uiautomator","selector":"new UiSelector().resourceIdMatches(\".*COMMUNITY.*\")...
09:01:33.266866 POST /session/d5e037c5-07ea-4c54-bed7-8d15d45be864/element [7.595354ms] ERR:404 body={"strategy":"-android uiautomator","selector":"new UiSelector().resourceIdMatches(\".*COMMUNITY.*\")...
09:01:33.274527 POST /session/d5e037c5-07ea-4c54-bed7-8d15d45be864/element [7.587001ms] ERR:404 body={"strategy":"-android uiautomator","selector":"new UiSelector().resourceIdMatches(\".*COMMUNITY.*\")...
09:01:33.282336 POST /session/d5e037c5-07ea-4c54-bed7-8d15d45be864/element [7.733552ms] ERR:404 body={"strategy":"-android uiautomator","selector":"new UiSelector().resourceIdMatches(\".*COMMUNITY.*\")...
09:01:33.290241 POST /session/d5e037c5-07ea-4c54-bed7-8d15d45be864/element [7.847703ms] ERR:404 body={"strategy":"-android uiautomator","selector":"new UiSelector().resourceIdMatches(\".*COMMUNITY.*\")...
09:01:33.298936 POST /session/d5e037c5-07ea-4c54-bed7-8d15d45be864/element [8.616247ms] ERR:404 body={"strategy":"-android uiautomator","selector":"new UiSelector().resourceIdMatches(\".*COMMUNITY.*\")...
09:01:33.308084 POST /session/d5e037c5-07ea-4c54-bed7-8d15d45be864/element [9.086674ms] ERR:404 body={"strategy":"-android uiautomator","selector":"new UiSelector().resourceIdMatches(\".*COMMUNITY.*\")...
09:01:33.316873 POST /session/d5e037c5-07ea-4c54-bed7-8d15d45be864/element [8.730018ms] ERR:404 body={"strategy":"-android uiautomator","selector":"new UiSelector().resourceIdMatches(\".*COMMUNITY.*\")...
09:01:33.327464 POST /session/d5e037c5-07ea-4c54-bed7-8d15d45be864/element [10.513295ms] ERR:404 body={"strategy":"-android uiautomator","selector":"new UiSelector().resourceIdMatches(\".*COMMUNITY.*\")...
09:01:33.336535 POST /session/d5e037c5-07ea-4c54-bed7-8d15d45be864/element [8.981996ms] ERR:404 body={"strategy":"-android uiautomator","selector":"new UiSelector().resourceIdMatches(\".*COMMUNITY.*\")...
09:01:33.345349 POST /session/d5e037c5-07ea-4c54-bed7-8d15d45be864/element [8.681595ms] ERR:404 body={"strategy":"-android uiautomator","selector":"new UiSelector().resourceIdMatches(\".*COMMUNITY.*\")...
09:01:33.354042 POST /session/d5e037c5-07ea-4c54-bed7-8d15d45be864/element [8.599192ms] ERR:404 body={"strategy":"-android uiautomator","selector":"new UiSelector().resourceIdMatches(\".*COMMUNITY.*\")...
09:01:33.362921 POST /session/d5e037c5-07ea-4c54-bed7-8d15d45be864/element [8.795346ms] ERR:404 body={"strategy":"-android uiautomator","selector":"new UiSelector().resourceIdMatches(\".*COMMUNITY.*\")...
09:01:33.372006 POST /session/d5e037c5-07ea-4c54-bed7-8d15d45be864/element [9.002397ms] ERR:404 body={"strategy":"-android uiautomator","selector":"new UiSelector().resourceIdMatches(\".*COMMUNITY.*\")...
09:01:33.380991 POST /session/d5e037c5-07ea-4c54-bed7-8d15d45be864/element [8.901285ms] ERR:404 body={"strategy":"-android uiautomator","selector":"new UiSelector().resourceIdMatches(\".*COMMUNITY.*\")...
09:01:33.391601 POST /session/d5e037c5-07ea-4c54-bed7-8d15d45be864/element [10.519004ms] ERR:404 body={"strategy":"-android uiautomator","selector":"new UiSelector().resourceIdMatches(\".*COMMUNITY.*\")...
09:01:33.401905 POST /session/d5e037c5-07ea-4c54-bed7-8d15d45be864/element [10.197701ms] ERR:404 body={"strategy":"-android uiautomator","selector":"new UiSelector().resourceIdMatches(\".*COMMUNITY.*\")...
09:01:33.412473 POST /session/d5e037c5-07ea-4c54-bed7-8d15d45be864/element [10.471048ms] ERR:404 body={"strategy":"-android uiautomator","selector":"new UiSelector().resourceIdMatches(\".*COMMUNITY.*\")...
09:01:33.422757 POST /session/d5e037c5-07ea-4c54-bed7-8d15d45be864/element [10.189369ms] ERR:404 body={"strategy":"-android uiautomator","selector":"new UiSelector().resourceIdMatches(\".*COMMUNITY.*\")...
09:01:33.439137 POST /session/d5e037c5-07ea-4c54-bed7-8d15d45be864/element [16.304942ms] ERR:404 body={"strategy":"-android uiautomator","selector":"new UiSelector().resourceIdMatches(\".*COMMUNITY.*\")...
09:01:33.454595 POST /session/d5e037c5-07ea-4c54-bed7-8d15d45be864/element [15.359006ms] ERR:404 body={"strategy":"-android uiautomator","selector":"new UiSelector().resourceIdMatches(\".*COMMUNITY.*\")...
09:01:33.463443 POST /session/d5e037c5-07ea-4c54-bed7-8d15d45be864/element [8.734384ms] ERR:404 body={"strategy":"-android uiautomator","selector":"new UiSelector().resourceIdMatches(\".*COMMUNITY.*\")...
09:01:33.471803 POST /session/d5e037c5-07ea-4c54-bed7-8d15d45be864/element [8.252481ms] ERR:404 body={"strategy":"-android uiautomator","selector":"new UiSelector().resourceIdMatches(\".*COMMUNITY.*\")...
09:01:33.487326 POST /session/d5e037c5-07ea-4c54-bed7-8d15d45be864/element [15.43798ms] ERR:404 body={"strategy":"-android uiautomator","selector":"new UiSelector().resourceIdMatches(\".*COMMUNITY.*\")...
09:01:33.495387 POST /session/d5e037c5-07ea-4c54-bed7-8d15d45be864/element [7.970277ms] ERR:404 body={"strategy":"-android uiautomator","selector":"new UiSelector().resourceIdMatches(\".*COMMUNITY.*\")...
09:01:33.503186 POST /session/d5e037c5-07ea-4c54-bed7-8d15d45be864/element [7.68565ms] ERR:404 body={"strategy":"-android uiautomator","selector":"new UiSelector().resourceIdMatches(\".*COMMUNITY.*\")...
09:01:33.514477 POST /session/d5e037c5-07ea-4c54-bed7-8d15d45be864/element [11.199917ms] ERR:404 body={"strategy":"-android uiautomator","selector":"new UiSelector().resourceIdMatches(\".*COMMUNITY.*\")...
09:01:33.528181 POST /session/d5e037c5-07ea-4c54-bed7-8d15d45be864/element [13.632859ms] ERR:404 body={"strategy":"-android uiautomator","selector":"new UiSelector().resourceIdMatches(\".*COMMUNITY.*\")...
09:01:33.536124 POST /session/d5e037c5-07ea-4c54-bed7-8d15d45be864/element [7.853622ms] ERR:404 body={"strategy":"-android uiautomator","selector":"new UiSelector().resourceIdMatches(\".*COMMUNITY.*\")...
09:01:33.546275 POST /session/d5e037c5-07ea-4c54-bed7-8d15d45be864/element [10.052328ms] ERR:404 body={"strategy":"-android uiautomator","selector":"new UiSelector().resourceIdMatches(\".*COMMUNITY.*\")...
09:01:33.557464 POST /session/d5e037c5-07ea-4c54-bed7-8d15d45be864/element [11.099075ms] ERR:404 body={"strategy":"-android uiautomator","selector":"new UiSelector().resourceIdMatches(\".*COMMUNITY.*\")...
09:01:33.573701 POST /session/d5e037c5-07ea-4c54-bed7-8d15d45be864/element [16.129117ms] ERR:404 body={"strategy":"-android uiautomator","selector":"new UiSelector().resourceIdMatches(\".*COMMUNITY.*\")...
09:01:33.588306 POST /session/d5e037c5-07ea-4c54-bed7-8d15d45be864/element [14.495535ms] ERR:404 body={"strategy":"-android uiautomator","selector":"new UiSelector().resourceIdMatches(\".*COMMUNITY.*\")...
09:01:33.599338 POST /session/d5e037c5-07ea-4c54-bed7-8d15d45be864/element [10.874337ms] ERR:404 body={"strategy":"-android uiautomator","selector":"new UiSelector().resourceIdMatches(\".*COMMUNITY.*\")...
09:01:33.607742 POST /session/d5e037c5-07ea-4c54-bed7-8d15d45be864/element [8.313693ms] ERR:404 body={"strategy":"-android uiautomator","selector":"new UiSelector().resourceIdMatches(\".*COMMUNITY.*\")...
09:01:33.618643 POST /session/d5e037c5-07ea-4c54-bed7-8d15d45be864/element [10.784833ms] ERR:404 body={"strategy":"-android uiautomator","selector":"new UiSelector().resourceIdMatches(\".*COMMUNITY.*\")...
09:01:33.626213 POST /session/d5e037c5-07ea-4c54-bed7-8d15d45be864/element [7.468093ms] ERR:404 body={"strategy":"-android uiautomator","selector":"new UiSelector().resourceIdMatches(\".*COMMUNITY.*\")...
09:01:33.634532 POST /session/d5e037c5-07ea-4c54-bed7-8d15d45be864/element [8.206041ms] ERR:404 body={"strategy":"-android uiautomator","selector":"new UiSelector().resourceIdMatches(\".*COMMUNITY.*\")...
09:01:33.642323 POST /session/d5e037c5-07ea-4c54-bed7-8d15d45be864/element [7.688675ms] ERR:404 body={"strategy":"-android uiautomator","selector":"new UiSelector().resourceIdMatches(\".*COMMUNITY.*\")...
09:01:33.650869 POST /session/d5e037c5-07ea-4c54-bed7-8d15d45be864/element [8.433012ms] ERR:404 body={"strategy":"-android uiautomator","selector":"new UiSelector().resourceIdMatches(\".*COMMUNITY.*\")...
09:01:33.658454 POST /session/d5e037c5-07ea-4c54-bed7-8d15d45be864/element [7.463867ms] ERR:404 body={"strategy":"-android uiautomator","selector":"new UiSelector().resourceIdMatches(\".*COMMUNITY.*\")...
09:01:33.666450 POST /session/d5e037c5-07ea-4c54-bed7-8d15d45be864/element [7.859897ms] ERR:404 body={"strategy":"-android uiautomator","selector":"new UiSelector().resourceIdMatches(\".*COMMUNITY.*\")...
09:01:33.673891 POST /session/d5e037c5-07ea-4c54-bed7-8d15d45be864/element [7.331819ms] ERR:404 body={"strategy":"-android uiautomator","selector":"new UiSelector().resourceIdMatches(\".*COMMUNITY.*\")...
09:01:33.681809 POST /session/d5e037c5-07ea-4c54-bed7-8d15d45be864/element [7.830066ms] ERR:404 body={"strategy":"-android uiautomator","selector":"new UiSelector().resourceIdMatches(\".*COMMUNITY.*\")...
09:01:33.689624 POST /session/d5e037c5-07ea-4c54-bed7-8d15d45be864/element [7.734273ms] ERR:404 body={"strategy":"-android uiautomator","selector":"new UiSelector().resourceIdMatches(\".*COMMUNITY.*\")...
09:01:33.708283 POST /session/d5e037c5-07ea-4c54-bed7-8d15d45be864/element [18.496752ms] ERR:404 body={"strategy":"-android uiautomator","selector":"new UiSelector().resourceIdMatches(\".*COMMUNITY.*\")...
09:01:33.822169 POST /session/d5e037c5-07ea-4c54-bed7-8d15d45be864/element [113.746068ms] ERR:404 body={"strategy":"-android uiautomator","selector":"new UiSelector().resourceIdMatches(\".*COMMUNITY.*\")...
09:01:33.830361 POST /session/d5e037c5-07ea-4c54-bed7-8d15d45be864/element [8.058495ms] ERR:404 body={"strategy":"-android uiautomator","selector":"new UiSelector().resourceIdMatches(\".*COMMUNITY.*\")...
09:01:33.846337 POST /session/d5e037c5-07ea-4c54-bed7-8d15d45be864/element [15.868141ms] ERR:404 body={"strategy":"-android uiautomator","selector":"new UiSelector().resourceIdMatches(\".*COMMUNITY.*\")...
09:01:33.858613 POST /session/d5e037c5-07ea-4c54-bed7-8d15d45be864/element [12.166718ms] ERR:404 body={"strategy":"-android uiautomator","selector":"new UiSelector().resourceIdMatches(\".*COMMUNITY.*\")...
09:01:33.866713 POST /session/d5e037c5-07ea-4c54-bed7-8d15d45be864/element [7.97878ms] ERR:404 body={"strategy":"-android uiautomator","selector":"new UiSelector().resourceIdMatches(\".*COMMUNITY.*\")...
09:01:33.875928 POST /session/d5e037c5-07ea-4c54-bed7-8d15d45be864/element [9.098502ms] ERR:404 body={"strategy":"-android uiautomator","selector":"new UiSelector().resourceIdMatches(\".*COMMUNITY.*\")...
09:01:33.883574 POST /session/d5e037c5-07ea-4c54-bed7-8d15d45be864/element [7.552911ms] ERR:404 body={"strategy":"-android uiautomator","selector":"new UiSelector().resourceIdMatches(\".*COMMUNITY.*\")...
09:01:34.780863 POST /session/d5e037c5-07ea-4c54-bed7-8d15d45be864/element [897.132153ms] ERR:404 body={"strategy":"-android uiautomator","selector":"new UiSelector().resourceIdMatches(\".*COMMUNITY.*\")...
09:01:35.385317 POST /session/d5e037c5-07ea-4c54-bed7-8d15d45be864/element [604.339357ms] OK body={"strategy":"-android uiautomator","selector":"new UiSelector().resourceIdMatches(\".*COMMUNITY.*\")...
09:01:36.606202 GET /session/d5e037c5-07ea-4c54-bed7-8d15d45be864/element/00000000-0000-0014-ffff-ffff00000095/text [1.220772042s] OK body=
09:01:36.618949 GET /session/d5e037c5-07ea-4c54-bed7-8d15d45be864/element/00000000-0000-0014-ffff-ffff00000095/rect [12.67071ms] OK body=
09:01:36.684947 POST /session/d5e037c5-07ea-4c54-bed7-8d15d45be864/element [65.115161ms] ERR:404 body={"strategy":"-android uiautomator","selector":"new UiSelector().resourceIdMatches(\".*SEARCH.*\").cl...
09:01:36.708290 POST /session/d5e037c5-07ea-4c54-bed7-8d15d45be864/element [23.234206ms] OK body={"strategy":"-android uiautomator","selector":"new UiSelector().resourceIdMatches(\".*SEARCH.*\")"}
09:01:36.717631 GET /session/d5e037c5-07ea-4c54-bed7-8d15d45be864/element/00000000-0000-0014-ffff-ffff000000a1/text [9.292403ms] OK body=
09:01:36.730202 GET /session/d5e037c5-07ea-4c54-bed7-8d15d45be864/element/00000000-0000-0014-ffff-ffff000000a1/rect [12.510315ms] OK body=
09:01:36.762101 POST /session/d5e037c5-07ea-4c54-bed7-8d15d45be864/element/00000000-0000-0014-ffff-ffff000000a1/click [31.850484ms] OK body=
09:01:36.795885 POST /session/d5e037c5-07ea-4c54-bed7-8d15d45be864/element [32.817626ms] ERR:404 body={"strategy":"-android uiautomator","selector":"new UiSelector().resourceIdMatches(\".*search-recipe-...
09:01:37.036706 POST /session/d5e037c5-07ea-4c54-bed7-8d15d45be864/element [240.676808ms] ERR:404 body={"strategy":"-android uiautomator","selector":"new UiSelector().resourceIdMatches(\".*search-recipe-...
09:01:37.560265 POST /session/d5e037c5-07ea-4c54-bed7-8d15d45be864/element [523.39583ms] OK body={"strategy":"-android uiautomator","selector":"new UiSelector().resourceIdMatches(\".*search-recipe-...
09:01:37.569537 GET /session/d5e037c5-07ea-4c54-bed7-8d15d45be864/element/00000000-0000-0014-ffff-ffff00000103/text [9.20764ms] OK body=
09:01:37.579780 GET /session/d5e037c5-07ea-4c54-bed7-8d15d45be864/element/00000000-0000-0014-ffff-ffff00000103/rect [10.185684ms] OK body=
09:01:37.834860 POST /session/d5e037c5-07ea-4c54-bed7-8d15d45be864/element/00000000-0000-0014-ffff-ffff00000103/click [254.993976ms] OK body=
09:01:37.887800 POST /session/d5e037c5-07ea-4c54-bed7-8d15d45be864/actions [51.279977ms] OK body={"actions":[{"actions":[{"type":"keyDown","value":"a"},{"type":"keyUp","value":"a"}],"id":"keyboard"...
09:01:37.905807 POST /session/d5e037c5-07ea-4c54-bed7-8d15d45be864/appium/device/hide_keyboard [17.298234ms] ERR:404 body=
09:01:38.586895 POST /session/d5e037c5-07ea-4c54-bed7-8d15d45be864/element [680.344505ms] ERR:404 body={"strategy":"-android uiautomator","selector":"new UiSelector().resourceIdMatches(\".*search-recipe-...
09:01:38.596371 POST /session/d5e037c5-07ea-4c54-bed7-8d15d45be864/element [9.329508ms] ERR:404 body={"strategy":"-android uiautomator","selector":"new UiSelector().resourceIdMatches(\".*search-recipe-...
09:01:38.606277 POST /session/d5e037c5-07ea-4c54-bed7-8d15d45be864/element [9.823025ms] ERR:404 body={"strategy":"-android uiautomator","selector":"new UiSelector().resourceIdMatches(\".*search-recipe-...
09:01:38.615188 POST /session/d5e037c5-07ea-4c54-bed7-8d15d45be864/element [8.830039ms] ERR:404 body={"strategy":"-android uiautomator","selector":"new UiSelector().resourceIdMatches(\".*search-recipe-...
09:01:38.623886 POST /session/d5e037c5-07ea-4c54-bed7-8d15d45be864/element [8.60503ms] ERR:404 body={"strategy":"-android uiautomator","selector":"new UiSelector().resourceIdMatches(\".*search-recipe-...
09:01:38.632674 POST /session/d5e037c5-07ea-4c54-bed7-8d15d45be864/element [8.677695ms] ERR:404 body={"strategy":"-android uiautomator","selector":"new UiSelector().resourceIdMatches(\".*search-recipe-...
09:01:38.642729 POST /session/d5e037c5-07ea-4c54-bed7-8d15d45be864/element [9.955418ms] ERR:404 body={"strategy":"-android uiautomator","selector":"new UiSelector().resourceIdMatches(\".*search-recipe-...
09:01:38.651452 POST /session/d5e037c5-07ea-4c54-bed7-8d15d45be864/element [8.624565ms] ERR:404 body={"strategy":"-android uiautomator","selector":"new UiSelector().resourceIdMatches(\".*search-recipe-...
09:01:38.659955 POST /session/d5e037c5-07ea-4c54-bed7-8d15d45be864/element [8.418069ms] ERR:404 body={"strategy":"-android uiautomator","selector":"new UiSelector().resourceIdMatches(\".*search-recipe-...
09:01:38.668715 POST /session/d5e037c5-07ea-4c54-bed7-8d15d45be864/element [8.64783ms] ERR:404 body={"strategy":"-android uiautomator","selector":"new UiSelector().resourceIdMatches(\".*search-recipe-...
09:01:38.678443 POST /session/d5e037c5-07ea-4c54-bed7-8d15d45be864/element [9.636945ms] ERR:404 body={"strategy":"-android uiautomator","selector":"new UiSelector().resourceIdMatches(\".*search-recipe-...
09:01:38.687824 POST /session/d5e037c5-07ea-4c54-bed7-8d15d45be864/element [9.163444ms] ERR:404 body={"strategy":"-android uiautomator","selector":"new UiSelector().resourceIdMatches(\".*search-recipe-...
09:01:38.697057 POST /session/d5e037c5-07ea-4c54-bed7-8d15d45be864/element [9.119618ms] ERR:404 body={"strategy":"-android uiautomator","selector":"new UiSelector().resourceIdMatches(\".*search-recipe-...
09:01:38.705246 POST /session/d5e037c5-07ea-4c54-bed7-8d15d45be864/element [8.100813ms] ERR:404 body={"strategy":"-android uiautomator","selector":"new UiSelector().resourceIdMatches(\".*search-recipe-...
09:01:38.714510 POST /session/d5e037c5-07ea-4c54-bed7-8d15d45be864/element [9.178952ms] ERR:404 body={"strategy":"-android uiautomator","selector":"new UiSelector().resourceIdMatches(\".*search-recipe-...
09:01:38.723172 POST /session/d5e037c5-07ea-4c54-bed7-8d15d45be864/element [8.573122ms] ERR:404 body={"strategy":"-android uiautomator","selector":"new UiSelector().resourceIdMatches(\".*search-recipe-...
09:01:38.731969 POST /session/d5e037c5-07ea-4c54-bed7-8d15d45be864/element [8.71769ms] ERR:404 body={"strategy":"-android uiautomator","selector":"new UiSelector().resourceIdMatches(\".*search-recipe-...
09:01:38.740518 POST /session/d5e037c5-07ea-4c54-bed7-8d15d45be864/element [8.477799ms] ERR:404 body={"strategy":"-android uiautomator","selector":"new UiSelector().resourceIdMatches(\".*search-recipe-...
09:01:38.749686 POST /session/d5e037c5-07ea-4c54-bed7-8d15d45be864/element [9.099323ms] ERR:404 body={"strategy":"-android uiautomator","selector":"new UiSelector().resourceIdMatches(\".*search-recipe-...
09:01:38.758484 POST /session/d5e037c5-07ea-4c54-bed7-8d15d45be864/element [8.737279ms] ERR:404 body={"strategy":"-android uiautomator","selector":"new UiSelector().resourceIdMatches(\".*search-recipe-...
09:01:38.774776 POST /session/d5e037c5-07ea-4c54-bed7-8d15d45be864/element [16.192463ms] ERR:404 body={"strategy":"-android uiautomator","selector":"new UiSelector().resourceIdMatches(\".*search-recipe-...
09:01:38.785339 POST /session/d5e037c5-07ea-4c54-bed7-8d15d45be864/element [10.46311ms] ERR:404 body={"strategy":"-android uiautomator","selector":"new UiSelector().resourceIdMatches(\".*search-recipe-...
09:01:38.820497 POST /session/d5e037c5-07ea-4c54-bed7-8d15d45be864/element [35.036682ms] ERR:404 body={"strategy":"-android uiautomator","selector":"new UiSelector().resourceIdMatches(\".*search-recipe-...
09:01:39.405944 POST /session/d5e037c5-07ea-4c54-bed7-8d15d45be864/element [585.301467ms] ERR:404 body={"strategy":"-android uiautomator","selector":"new UiSelector().resourceIdMatches(\".*search-recipe-...
09:01:39.415764 POST /session/d5e037c5-07ea-4c54-bed7-8d15d45be864/element [9.700115ms] ERR:404 body={"strategy":"-android uiautomator","selector":"new UiSelector().resourceIdMatches(\".*search-recipe-...
09:01:39.424539 POST /session/d5e037c5-07ea-4c54-bed7-8d15d45be864/element [8.713083ms] ERR:404 body={"strategy":"-android uiautomator","selector":"new UiSelector().resourceIdMatches(\".*search-recipe-...
09:01:39.433958 POST /session/d5e037c5-07ea-4c54-bed7-8d15d45be864/element [9.32402ms] ERR:404 body={"strategy":"-android uiautomator","selector":"new UiSelector().resourceIdMatches(\".*search-recipe-...
09:01:39.442162 POST /session/d5e037c5-07ea-4c54-bed7-8d15d45be864/element [8.12566ms] ERR:404 body={"strategy":"-android uiautomator","selector":"new UiSelector().resourceIdMatches(\".*search-recipe-...
09:01:39.452632 POST /session/d5e037c5-07ea-4c54-bed7-8d15d45be864/element [10.380697ms] ERR:404 body={"strategy":"-android uiautomator","selector":"new UiSelector().resourceIdMatches(\".*search-recipe-...
09:01:39.462111 POST /session/d5e037c5-07ea-4c54-bed7-8d15d45be864/element [9.376068ms] ERR:404 body={"strategy":"-android uiautomator","selector":"new UiSelector().resourceIdMatches(\".*search-recipe-...
09:01:39.470865 POST /session/d5e037c5-07ea-4c54-bed7-8d15d45be864/element [8.646753ms] ERR:404 body={"strategy":"-android uiautomator","selector":"new UiSelector().resourceIdMatches(\".*search-recipe-...
09:01:39.483955 POST /session/d5e037c5-07ea-4c54-bed7-8d15d45be864/element [12.997676ms] ERR:404 body={"strategy":"-android uiautomator","selector":"new UiSelector().resourceIdMatches(\".*search-recipe-...
09:01:39.508879 POST /session/d5e037c5-07ea-4c54-bed7-8d15d45be864/element [24.82124ms] ERR:404 body={"strategy":"-android uiautomator","selector":"new UiSelector().resourceIdMatches(\".*search-recipe-...
09:01:39.526064 POST /session/d5e037c5-07ea-4c54-bed7-8d15d45be864/element [17.034147ms] ERR:404 body={"strategy":"-android uiautomator","selector":"new UiSelector().resourceIdMatches(\".*search-recipe-...
09:01:39.536855 POST /session/d5e037c5-07ea-4c54-bed7-8d15d45be864/element [10.661909ms] ERR:404 body={"strategy":"-android uiautomator","selector":"new UiSelector().resourceIdMatches(\".*search-recipe-...
09:01:39.552160 POST /session/d5e037c5-07ea-4c54-bed7-8d15d45be864/element [15.170924ms] ERR:404 body={"strategy":"-android uiautomator","selector":"new UiSelector().resourceIdMatches(\".*search-recipe-...
09:01:39.560869 POST /session/d5e037c5-07ea-4c54-bed7-8d15d45be864/element [8.536348ms] ERR:404 body={"strategy":"-android uiautomator","selector":"new UiSelector().resourceIdMatches(\".*search-recipe-...
09:01:39.595895 POST /session/d5e037c5-07ea-4c54-bed7-8d15d45be864/element [34.921064ms] ERR:404 body={"strategy":"-android uiautomator","selector":"new UiSelector().resourceIdMatches(\".*search-recipe-...
09:01:40.500442 POST /session/d5e037c5-07ea-4c54-bed7-8d15d45be864/element [904.411708ms] OK body={"strategy":"-android uiautomator","selector":"new UiSelector().resourceIdMatches(\".*search-recipe-...
09:01:40.807779 GET /session/d5e037c5-07ea-4c54-bed7-8d15d45be864/element/00000000-0000-0014-ffff-ffff00000125/text [307.261617ms] OK body=
09:01:40.818231 GET /session/d5e037c5-07ea-4c54-bed7-8d15d45be864/element/00000000-0000-0014-ffff-ffff00000125/rect [10.370957ms] OK body=
09:01:46.238747 POST /session/d5e037c5-07ea-4c54-bed7-8d15d45be864/appium/device/launch_app [2.565848ms] ERR:404 body={"appId":"com.tastopia.app"}
09:01:49.096738 POST /session/d5e037c5-07ea-4c54-bed7-8d15d45be864/element [1.05814109s] OK body={"strategy":"-android uiautomator","selector":"new UiSelector().resourceIdMatches(\".*MENU.*\")"}
09:01:49.856174 GET /session/d5e037c5-07ea-4c54-bed7-8d15d45be864/element/00000000-0000-0016-ffff-ffff0000003d/text [759.298352ms] OK body=
09:01:51.237563 GET /session/d5e037c5-07ea-4c54-bed7-8d15d45be864/element/00000000-0000-0016-ffff-ffff0000003d/rect [1.381283056s] OK body=
09:01:51.848929 POST /session/d5e037c5-07ea-4c54-bed7-8d15d45be864/element [610.946394ms] ERR:404 body={"strategy":"-android uiautomator","selector":"new UiSelector().resourceIdMatches(\".*MENU.*\").clic...
09:01:51.870210 POST /session/d5e037c5-07ea-4c54-bed7-8d15d45be864/element [21.17842ms] OK body={"strategy":"-android uiautomator","selector":"new UiSelector().resourceIdMatches(\".*MENU.*\")"}
09:01:51.879258 GET /session/d5e037c5-07ea-4c54-bed7-8d15d45be864/element/00000000-0000-0016-ffff-ffff0000003d/text [8.968987ms] OK body=
09:01:51.888509 GET /session/d5e037c5-07ea-4c54-bed7-8d15d45be864/element/00000000-0000-0016-ffff-ffff0000003d/rect [9.186273ms] OK body=
09:01:51.917424 POST /session/d5e037c5-07ea-4c54-bed7-8d15d45be864/element/00000000-0000-0016-ffff-ffff0000003d/click [28.835037ms] OK body=
09:01:51.919637 POST /session/d5e037c5-07ea-4c54-bed7-8d15d45be864/appium/device/hide_keyboard [2.102147ms] ERR:404 body=
09:01:52.045821 POST /session/d5e037c5-07ea-4c54-bed7-8d15d45be864/element [125.070857ms] ERR:404 body={"strategy":"-android uiautomator","selector":"new UiSelector().textContains(\"History\")"}
09:01:52.124220 POST /session/d5e037c5-07ea-4c54-bed7-8d15d45be864/element [78.222403ms] ERR:404 body={"strategy":"-android uiautomator","selector":"new UiSelector().descriptionContains(\"History\")"}
09:01:52.146690 POST /session/d5e037c5-07ea-4c54-bed7-8d15d45be864/element [22.295422ms] ERR:404 body={"strategy":"-android uiautomator","selector":"new UiSelector().textMatches(\"(?is).*\\QHistory\\E.*...
09:01:52.169629 POST /session/d5e037c5-07ea-4c54-bed7-8d15d45be864/element [22.848819ms] ERR:404 body={"strategy":"-android uiautomator","selector":"new UiSelector().descriptionMatches(\"(?is).*\\QHisto...
09:01:52.190566 POST /session/d5e037c5-07ea-4c54-bed7-8d15d45be864/element [20.815825ms] ERR:404 body={"strategy":"-android uiautomator","selector":"new UiSelector().textContains(\"History\")"}
09:01:52.225824 POST /session/d5e037c5-07ea-4c54-bed7-8d15d45be864/element [35.152833ms] ERR:404 body={"strategy":"-android uiautomator","selector":"new UiSelector().descriptionContains(\"History\")"}
09:01:52.363835 POST /session/d5e037c5-07ea-4c54-bed7-8d15d45be864/element [137.897723ms] ERR:404 body={"strategy":"-android uiautomator","selector":"new UiSelector().textMatches(\"(?is).*\\QHistory\\E.*...
09:01:53.532339 POST /session/d5e037c5-07ea-4c54-bed7-8d15d45be864/element [1.168360549s] ERR:404 body={"strategy":"-android uiautomator","selector":"new UiSelector().descriptionMatches(\"(?is).*\\QHisto...
09:01:53.622765 POST /session/d5e037c5-07ea-4c54-bed7-8d15d45be864/element [90.300739ms] OK body={"strategy":"-android uiautomator","selector":"new UiSelector().textContains(\"History\")"}
09:01:53.641538 POST /session/d5e037c5-07ea-4c54-bed7-8d15d45be864/element [18.449823ms] OK body={"strategy":"-android uiautomator","selector":"new UiSelector().resourceIdMatches(\".*menu-logout-bu...
09:01:53.651641 GET /session/d5e037c5-07ea-4c54-bed7-8d15d45be864/element/00000000-0000-0016-ffff-ffff000000ec/text [10.024282ms] OK body=
09:01:53.662366 GET /session/d5e037c5-07ea-4c54-bed7-8d15d45be864/element/00000000-0000-0016-ffff-ffff000000ec/rect [10.667548ms] OK body=
09:01:53.692688 POST /session/d5e037c5-07ea-4c54-bed7-8d15d45be864/element/00000000-0000-0016-ffff-ffff000000ec/click [30.238249ms] OK body=
09:01:53.718154 POST /session/d5e037c5-07ea-4c54-bed7-8d15d45be864/element [25.093008ms] ERR:404 body={"strategy":"-android uiautomator","selector":"new UiSelector().textContains(\"Welcome to\")"}
09:01:53.740273 POST /session/d5e037c5-07ea-4c54-bed7-8d15d45be864/element [21.992373ms] ERR:404 body={"strategy":"-android uiautomator","selector":"new UiSelector().descriptionContains(\"Welcome to\")"...
09:01:53.761926 POST /session/d5e037c5-07ea-4c54-bed7-8d15d45be864/element [21.550308ms] ERR:404 body={"strategy":"-android uiautomator","selector":"new UiSelector().textMatches(\"(?is).*\\QWelcome to\\...
09:01:53.783909 POST /session/d5e037c5-07ea-4c54-bed7-8d15d45be864/element [21.882572ms] ERR:404 body={"strategy":"-android uiautomator","selector":"new UiSelector().descriptionMatches(\"(?is).*\\QWelco...
09:01:53.805492 POST /session/d5e037c5-07ea-4c54-bed7-8d15d45be864/element [21.442446ms] ERR:404 body={"strategy":"-android uiautomator","selector":"new UiSelector().textContains(\"Welcome to\")"}
09:01:53.834621 POST /session/d5e037c5-07ea-4c54-bed7-8d15d45be864/element [29.007921ms] ERR:404 body={"strategy":"-android uiautomator","selector":"new UiSelector().descriptionContains(\"Welcome to\")"...
09:01:53.859843 POST /session/d5e037c5-07ea-4c54-bed7-8d15d45be864/element [25.09446ms] ERR:404 body={"strategy":"-android uiautomator","selector":"new UiSelector().textMatches(\"(?is).*\\QWelcome to\\...
09:01:53.881809 POST /session/d5e037c5-07ea-4c54-bed7-8d15d45be864/element [21.853063ms] ERR:404 body={"strategy":"-android uiautomator","selector":"new UiSelector().descriptionMatches(\"(?is).*\\QWelco...
09:01:53.902240 POST /session/d5e037c5-07ea-4c54-bed7-8d15d45be864/element [20.33266ms] ERR:404 body={"strategy":"-android uiautomator","selector":"new UiSelector().textContains(\"Welcome to\")"}
09:01:53.922726 POST /session/d5e037c5-07ea-4c54-bed7-8d15d45be864/element [20.38584ms] ERR:404 body={"strategy":"-android uiautomator","selector":"new UiSelector().descriptionContains(\"Welcome to\")"...
09:01:53.946148 POST /session/d5e037c5-07ea-4c54-bed7-8d15d45be864/element [23.31259ms] ERR:404 body={"strategy":"-android uiautomator","selector":"new UiSelector().textMatches(\"(?is).*\\QWelcome to\\...
09:01:53.979638 POST /session/d5e037c5-07ea-4c54-bed7-8d15d45be864/element [33.387787ms] ERR:404 body={"strategy":"-android uiautomator","selector":"new UiSelector().descriptionMatches(\"(?is).*\\QWelco...
09:01:54.031959 POST /session/d5e037c5-07ea-4c54-bed7-8d15d45be864/element [52.19375ms] ERR:404 body={"strategy":"-android uiautomator","selector":"new UiSelector().textContains(\"Welcome to\")"}
09:01:55.079342 POST /session/d5e037c5-07ea-4c54-bed7-8d15d45be864/element [1.047259963s] ERR:404 body={"strategy":"-android uiautomator","selector":"new UiSelector().descriptionContains(\"Welcome to\")"...
09:01:55.288239 POST /session/d5e037c5-07ea-4c54-bed7-8d15d45be864/element [208.782674ms] OK body={"strategy":"-android uiautomator","selector":"new UiSelector().textMatches(\"(?is).*\\QWelcome to\\...
09:01:55.314353 POST /session/d5e037c5-07ea-4c54-bed7-8d15d45be864/element [25.812328ms] OK body={"strategy":"-android uiautomator","selector":"new UiSelector().textContains(\"Tastopia\")"}
09:01:55.328760 POST /session/d5e037c5-07ea-4c54-bed7-8d15d45be864/appium/settings [10.041628ms] OK body={"settings":{"waitForIdleTimeout":200}}
09:02:00.708905 POST /session/d5e037c5-07ea-4c54-bed7-8d15d45be864/appium/device/launch_app [2.872894ms] ERR:404 body={"appId":"com.tastopia.app"}
09:02:03.408340 POST /session/d5e037c5-07ea-4c54-bed7-8d15d45be864/element [931.125257ms] OK body={"strategy":"-android uiautomator","selector":"new UiSelector().resourceIdMatches(\".*welcome-sign-i...
09:02:03.531507 GET /session/d5e037c5-07ea-4c54-bed7-8d15d45be864/element/00000000-0000-0018-ffff-ffff00000021/text [123.074318ms] OK body=
09:02:03.576573 GET /session/d5e037c5-07ea-4c54-bed7-8d15d45be864/element/00000000-0000-0018-ffff-ffff00000021/rect [44.982798ms] OK body=
09:02:03.620035 POST /session/d5e037c5-07ea-4c54-bed7-8d15d45be864/element/00000000-0000-0018-ffff-ffff00000021/click [43.343517ms] OK body=
09:02:03.635477 POST /session/d5e037c5-07ea-4c54-bed7-8d15d45be864/element [15.178591ms] ERR:404 body={"strategy":"-android uiautomator","selector":"new UiSelector().resourceIdMatches(\".*login-identifi...
09:02:03.643953 POST /session/d5e037c5-07ea-4c54-bed7-8d15d45be864/element [8.383573ms] ERR:404 body={"strategy":"-android uiautomator","selector":"new UiSelector().resourceIdMatches(\".*login-identifi...
09:02:03.654600 POST /session/d5e037c5-07ea-4c54-bed7-8d15d45be864/element [10.529981ms] ERR:404 body={"strategy":"-android uiautomator","selector":"new UiSelector().resourceIdMatches(\".*login-identifi...
09:02:03.662313 POST /session/d5e037c5-07ea-4c54-bed7-8d15d45be864/element [7.617668ms] ERR:404 body={"strategy":"-android uiautomator","selector":"new UiSelector().resourceIdMatches(\".*login-identifi...
09:02:03.672932 POST /session/d5e037c5-07ea-4c54-bed7-8d15d45be864/element [10.534913ms] ERR:404 body={"strategy":"-android uiautomator","selector":"new UiSelector().resourceIdMatches(\".*login-identifi...
09:02:03.679596 POST /session/d5e037c5-07ea-4c54-bed7-8d15d45be864/element [6.549554ms] ERR:404 body={"strategy":"-android uiautomator","selector":"new UiSelector().resourceIdMatches(\".*login-identifi...
09:02:03.685596 POST /session/d5e037c5-07ea-4c54-bed7-8d15d45be864/element [5.895572ms] ERR:404 body={"strategy":"-android uiautomator","selector":"new UiSelector().resourceIdMatches(\".*login-identifi...
09:02:03.691671 POST /session/d5e037c5-07ea-4c54-bed7-8d15d45be864/element [5.949063ms] ERR:404 body={"strategy":"-android uiautomator","selector":"new UiSelector().resourceIdMatches(\".*login-identifi...
09:02:03.698368 POST /session/d5e037c5-07ea-4c54-bed7-8d15d45be864/element [6.615263ms] ERR:404 body={"strategy":"-android uiautomator","selector":"new UiSelector().resourceIdMatches(\".*login-identifi...
09:02:03.704063 POST /session/d5e037c5-07ea-4c54-bed7-8d15d45be864/element [5.588792ms] ERR:404 body={"strategy":"-android uiautomator","selector":"new UiSelector().resourceIdMatches(\".*login-identifi...
09:02:03.711700 POST /session/d5e037c5-07ea-4c54-bed7-8d15d45be864/element [7.570187ms] ERR:404 body={"strategy":"-android uiautomator","selector":"new UiSelector().resourceIdMatches(\".*login-identifi...
09:02:03.721506 POST /session/d5e037c5-07ea-4c54-bed7-8d15d45be864/element [9.699895ms] ERR:404 body={"strategy":"-android uiautomator","selector":"new UiSelector().resourceIdMatches(\".*login-identifi...
09:02:03.731752 POST /session/d5e037c5-07ea-4c54-bed7-8d15d45be864/element [10.152595ms] ERR:404 body={"strategy":"-android uiautomator","selector":"new UiSelector().resourceIdMatches(\".*login-identifi...
09:02:03.758269 POST /session/d5e037c5-07ea-4c54-bed7-8d15d45be864/element [26.427552ms] ERR:404 body={"strategy":"-android uiautomator","selector":"new UiSelector().resourceIdMatches(\".*login-identifi...
09:02:03.767981 POST /session/d5e037c5-07ea-4c54-bed7-8d15d45be864/element [9.591081ms] ERR:404 body={"strategy":"-android uiautomator","selector":"new UiSelector().resourceIdMatches(\".*login-identifi...
09:02:03.787861 POST /session/d5e037c5-07ea-4c54-bed7-8d15d45be864/element [19.759223ms] ERR:404 body={"strategy":"-android uiautomator","selector":"new UiSelector().resourceIdMatches(\".*login-identifi...
09:02:04.617637 POST /session/d5e037c5-07ea-4c54-bed7-8d15d45be864/element [829.693601ms] OK body={"strategy":"-android uiautomator","selector":"new UiSelector().resourceIdMatches(\".*login-identifi...
09:02:04.631821 POST /session/d5e037c5-07ea-4c54-bed7-8d15d45be864/element [13.856235ms] OK body={"strategy":"-android uiautomator","selector":"new UiSelector().resourceIdMatches(\".*login-identifi...
09:02:04.639919 GET /session/d5e037c5-07ea-4c54-bed7-8d15d45be864/element/00000000-0000-0018-ffff-ffff0000002f/text [8.057468ms] OK body=
09:02:04.648298 GET /session/d5e037c5-07ea-4c54-bed7-8d15d45be864/element/00000000-0000-0018-ffff-ffff0000002f/rect [8.347364ms] OK body=
09:02:04.906441 POST /session/d5e037c5-07ea-4c54-bed7-8d15d45be864/element/00000000-0000-0018-ffff-ffff0000002f/click [258.087629ms] OK body=
09:02:06.207862 POST /session/d5e037c5-07ea-4c54-bed7-8d15d45be864/actions [1.300871005s] OK body={"actions":[{"actions":[{"type":"keyDown","value":"a"},{"type":"keyUp","value":"a"},{"type":"keyDown...
09:02:06.214052 POST /session/d5e037c5-07ea-4c54-bed7-8d15d45be864/appium/device/hide_keyboard [6.084956ms] ERR:404 body=
09:02:06.731090 POST /session/d5e037c5-07ea-4c54-bed7-8d15d45be864/element [516.695626ms] OK body={"strategy":"-android uiautomator","selector":"new UiSelector().resourceIdMatches(\".*login-password...
09:02:06.747480 POST /session/d5e037c5-07ea-4c54-bed7-8d15d45be864/element [16.047836ms] OK body={"strategy":"-android uiautomator","selector":"new UiSelector().resourceIdMatches(\".*login-password...
09:02:06.765811 GET /session/d5e037c5-07ea-4c54-bed7-8d15d45be864/element/00000000-0000-0018-ffff-ffff00000030/text [18.24494ms] OK body=
09:02:06.785467 GET /session/d5e037c5-07ea-4c54-bed7-8d15d45be864/element/00000000-0000-0018-ffff-ffff00000030/rect [19.569905ms] OK body=
09:02:07.446019 POST /session/d5e037c5-07ea-4c54-bed7-8d15d45be864/element/00000000-0000-0018-ffff-ffff00000030/click [660.463486ms] OK body=
09:02:08.025545 POST /session/d5e037c5-07ea-4c54-bed7-8d15d45be864/actions [579.181969ms] OK body={"actions":[{"actions":[{"type":"keyDown","value":"P"},{"type":"keyUp","value":"P"},{"type":"keyDown...
09:02:08.038829 POST /session/d5e037c5-07ea-4c54-bed7-8d15d45be864/appium/device/hide_keyboard [13.183966ms] ERR:404 body=
09:02:08.578759 POST /session/d5e037c5-07ea-4c54-bed7-8d15d45be864/element [539.227615ms] OK body={"strategy":"-android uiautomator","selector":"new UiSelector().resourceIdMatches(\".*login-submit-b...
09:02:08.587274 GET /session/d5e037c5-07ea-4c54-bed7-8d15d45be864/element/00000000-0000-0018-ffff-ffff00000049/text [8.425922ms] OK body=
09:02:08.595398 GET /session/d5e037c5-07ea-4c54-bed7-8d15d45be864/element/00000000-0000-0018-ffff-ffff00000049/rect [8.075091ms] OK body=
09:02:08.622441 POST /session/d5e037c5-07ea-4c54-bed7-8d15d45be864/element/00000000-0000-0018-ffff-ffff00000049/click [26.995069ms] OK body=
09:02:08.631083 POST /session/d5e037c5-07ea-4c54-bed7-8d15d45be864/element [8.599011ms] OK body={"strategy":"-android uiautomator","selector":"new UiSelector().resourceIdMatches(\".*login-submit-b...
09:02:08.638132 GET /session/d5e037c5-07ea-4c54-bed7-8d15d45be864/element/00000000-0000-0018-ffff-ffff00000049/text [7.012009ms] OK body=
09:02:08.646307 GET /session/d5e037c5-07ea-4c54-bed7-8d15d45be864/element/00000000-0000-0018-ffff-ffff00000049/rect [8.128611ms] OK body=
09:02:09.324271 POST /session/d5e037c5-07ea-4c54-bed7-8d15d45be864/element/00000000-0000-0018-ffff-ffff00000049/click [677.912686ms] OK body=
09:02:09.341768 POST /session/d5e037c5-07ea-4c54-bed7-8d15d45be864/element [17.182691ms] ERR:404 body={"strategy":"-android uiautomator","selector":"new UiSelector().resourceIdMatches(\".*COMMUNITY.*\")...
09:02:09.351458 POST /session/d5e037c5-07ea-4c54-bed7-8d15d45be864/element [9.576314ms] ERR:404 body={"strategy":"-android uiautomator","selector":"new UiSelector().resourceIdMatches(\".*COMMUNITY.*\")...
09:02:09.359011 POST /session/d5e037c5-07ea-4c54-bed7-8d15d45be864/element [7.444173ms] ERR:404 body={"strategy":"-android uiautomator","selector":"new UiSelector().resourceIdMatches(\".*COMMUNITY.*\")...
09:02:09.366284 POST /session/d5e037c5-07ea-4c54-bed7-8d15d45be864/element [7.176796ms] ERR:404 body={"strategy":"-android uiautomator","selector":"new UiSelector().resourceIdMatches(\".*COMMUNITY.*\")...
09:02:09.373288 POST /session/d5e037c5-07ea-4c54-bed7-8d15d45be864/element [6.918052ms] ERR:404 body={"strategy":"-android uiautomator","selector":"new UiSelector().resourceIdMatches(\".*COMMUNITY.*\")...
09:02:09.381148 POST /session/d5e037c5-07ea-4c54-bed7-8d15d45be864/element [7.789427ms] ERR:404 body={"strategy":"-android uiautomator","selector":"new UiSelector().resourceIdMatches(\".*COMMUNITY.*\")...
09:02:09.392046 POST /session/d5e037c5-07ea-4c54-bed7-8d15d45be864/element [10.798294ms] ERR:404 body={"strategy":"-android uiautomator","selector":"new UiSelector().resourceIdMatches(\".*COMMUNITY.*\")...
09:02:09.399472 POST /session/d5e037c5-07ea-4c54-bed7-8d15d45be864/element [7.348009ms] ERR:404 body={"strategy":"-android uiautomator","selector":"new UiSelector().resourceIdMatches(\".*COMMUNITY.*\")...
09:02:09.408178 POST /session/d5e037c5-07ea-4c54-bed7-8d15d45be864/element [8.615807ms] ERR:404 body={"strategy":"-android uiautomator","selector":"new UiSelector().resourceIdMatches(\".*COMMUNITY.*\")...
09:02:09.415425 POST /session/d5e037c5-07ea-4c54-bed7-8d15d45be864/element [7.164738ms] ERR:404 body={"strategy":"-android uiautomator","selector":"new UiSelector().resourceIdMatches(\".*COMMUNITY.*\")...
09:02:10.125884 POST /session/d5e037c5-07ea-4c54-bed7-8d15d45be864/element [710.369473ms] ERR:404 body={"strategy":"-android uiautomator","selector":"new UiSelector().resourceIdMatches(\".*COMMUNITY.*\")...
09:02:10.134164 POST /session/d5e037c5-07ea-4c54-bed7-8d15d45be864/element [8.180819ms] ERR:404 body={"strategy":"-android uiautomator","selector":"new UiSelector().resourceIdMatches(\".*COMMUNITY.*\")...
09:02:10.142552 POST /session/d5e037c5-07ea-4c54-bed7-8d15d45be864/element [8.300974ms] ERR:404 body={"strategy":"-android uiautomator","selector":"new UiSelector().resourceIdMatches(\".*COMMUNITY.*\")...
09:02:10.150366 POST /session/d5e037c5-07ea-4c54-bed7-8d15d45be864/element [7.729106ms] ERR:404 body={"strategy":"-android uiautomator","selector":"new UiSelector().resourceIdMatches(\".*COMMUNITY.*\")...
09:02:10.158487 POST /session/d5e037c5-07ea-4c54-bed7-8d15d45be864/element [8.037138ms] ERR:404 body={"strategy":"-android uiautomator","selector":"new UiSelector().resourceIdMatches(\".*COMMUNITY.*\")...
09:02:10.166258 POST /session/d5e037c5-07ea-4c54-bed7-8d15d45be864/element [7.691529ms] ERR:404 body={"strategy":"-android uiautomator","selector":"new UiSelector().resourceIdMatches(\".*COMMUNITY.*\")...
09:02:10.174453 POST /session/d5e037c5-07ea-4c54-bed7-8d15d45be864/element [8.10224ms] ERR:404 body={"strategy":"-android uiautomator","selector":"new UiSelector().resourceIdMatches(\".*COMMUNITY.*\")...
09:02:10.182444 POST /session/d5e037c5-07ea-4c54-bed7-8d15d45be864/element [7.903607ms] ERR:404 body={"strategy":"-android uiautomator","selector":"new UiSelector().resourceIdMatches(\".*COMMUNITY.*\")...
09:02:10.190680 POST /session/d5e037c5-07ea-4c54-bed7-8d15d45be864/element [8.160293ms] ERR:404 body={"strategy":"-android uiautomator","selector":"new UiSelector().resourceIdMatches(\".*COMMUNITY.*\")...
09:02:10.199927 POST /session/d5e037c5-07ea-4c54-bed7-8d15d45be864/element [9.168667ms] ERR:404 body={"strategy":"-android uiautomator","selector":"new UiSelector().resourceIdMatches(\".*COMMUNITY.*\")...
09:02:10.208369 POST /session/d5e037c5-07ea-4c54-bed7-8d15d45be864/element [8.364419ms] ERR:404 body={"strategy":"-android uiautomator","selector":"new UiSelector().resourceIdMatches(\".*COMMUNITY.*\")...
09:02:10.224592 POST /session/d5e037c5-07ea-4c54-bed7-8d15d45be864/element [16.141537ms] ERR:404 body={"strategy":"-android uiautomator","selector":"new UiSelector().resourceIdMatches(\".*COMMUNITY.*\")...
09:02:10.234230 POST /session/d5e037c5-07ea-4c54-bed7-8d15d45be864/element [9.524121ms] ERR:404 body={"strategy":"-android uiautomator","selector":"new UiSelector().resourceIdMatches(\".*COMMUNITY.*\")...
09:02:10.241905 POST /session/d5e037c5-07ea-4c54-bed7-8d15d45be864/element [7.588985ms] ERR:404 body={"strategy":"-android uiautomator","selector":"new UiSelector().resourceIdMatches(\".*COMMUNITY.*\")...
09:02:10.249691 POST /session/d5e037c5-07ea-4c54-bed7-8d15d45be864/element [7.699551ms] ERR:404 body={"strategy":"-android uiautomator","selector":"new UiSelector().resourceIdMatches(\".*COMMUNITY.*\")...
09:02:10.258593 POST /session/d5e037c5-07ea-4c54-bed7-8d15d45be864/element [8.798892ms] ERR:404 body={"strategy":"-android uiautomator","selector":"new UiSelector().resourceIdMatches(\".*COMMUNITY.*\")...
09:02:10.268918 POST /session/d5e037c5-07ea-4c54-bed7-8d15d45be864/element [10.21314ms] ERR:404 body={"strategy":"-android uiautomator","selector":"new UiSelector().resourceIdMatches(\".*COMMUNITY.*\")...
09:02:10.277214 POST /session/d5e037c5-07ea-4c54-bed7-8d15d45be864/element [8.211585ms] ERR:404 body={"strategy":"-android uiautomator","selector":"new UiSelector().resourceIdMatches(\".*COMMUNITY.*\")...
09:02:10.285412 POST /session/d5e037c5-07ea-4c54-bed7-8d15d45be864/element [8.096157ms] ERR:404 body={"strategy":"-android uiautomator","selector":"new UiSelector().resourceIdMatches(\".*COMMUNITY.*\")...
09:02:10.295386 POST /session/d5e037c5-07ea-4c54-bed7-8d15d45be864/element [9.895028ms] ERR:404 body={"strategy":"-android uiautomator","selector":"new UiSelector().resourceIdMatches(\".*COMMUNITY.*\")...
09:02:10.305070 POST /session/d5e037c5-07ea-4c54-bed7-8d15d45be864/element [9.592263ms] ERR:404 body={"strategy":"-android uiautomator","selector":"new UiSelector().resourceIdMatches(\".*COMMUNITY.*\")...
09:02:10.313172 POST /session/d5e037c5-07ea-4c54-bed7-8d15d45be864/element [8.006733ms] ERR:404 body={"strategy":"-android uiautomator","selector":"new UiSelector().resourceIdMatches(\".*COMMUNITY.*\")...
09:02:10.320636 POST /session/d5e037c5-07ea-4c54-bed7-8d15d45be864/element [7.394774ms] ERR:404 body={"strategy":"-android uiautomator","selector":"new UiSelector().resourceIdMatches(\".*COMMUNITY.*\")...
09:02:10.329837 POST /session/d5e037c5-07ea-4c54-bed7-8d15d45be864/element [9.103705ms] ERR:404 body={"strategy":"-android uiautomator","selector":"new UiSelector().resourceIdMatches(\".*COMMUNITY.*\")...
09:02:10.338710 POST /session/d5e037c5-07ea-4c54-bed7-8d15d45be864/element [8.793874ms] ERR:404 body={"strategy":"-android uiautomator","selector":"new UiSelector().resourceIdMatches(\".*COMMUNITY.*\")...
09:02:10.347107 POST /session/d5e037c5-07ea-4c54-bed7-8d15d45be864/element [8.332993ms] ERR:404 body={"strategy":"-android uiautomator","selector":"new UiSelector().resourceIdMatches(\".*COMMUNITY.*\")...
09:02:10.356663 POST /session/d5e037c5-07ea-4c54-bed7-8d15d45be864/element [9.451923ms] ERR:404 body={"strategy":"-android uiautomator","selector":"new UiSelector().resourceIdMatches(\".*COMMUNITY.*\")...
09:02:10.365681 POST /session/d5e037c5-07ea-4c54-bed7-8d15d45be864/element [8.918567ms] ERR:404 body={"strategy":"-android uiautomator","selector":"new UiSelector().resourceIdMatches(\".*COMMUNITY.*\")...
09:02:10.373515 POST /session/d5e037c5-07ea-4c54-bed7-8d15d45be864/element [7.754444ms] ERR:404 body={"strategy":"-android uiautomator","selector":"new UiSelector().resourceIdMatches(\".*COMMUNITY.*\")...
09:02:10.381603 POST /session/d5e037c5-07ea-4c54-bed7-8d15d45be864/element [7.993613ms] ERR:404 body={"strategy":"-android uiautomator","selector":"new UiSelector().resourceIdMatches(\".*COMMUNITY.*\")...
09:02:10.389566 POST /session/d5e037c5-07ea-4c54-bed7-8d15d45be864/element [7.865586ms] ERR:404 body={"strategy":"-android uiautomator","selector":"new UiSelector().resourceIdMatches(\".*COMMUNITY.*\")...
09:02:10.397345 POST /session/d5e037c5-07ea-4c54-bed7-8d15d45be864/element [7.682736ms] ERR:404 body={"strategy":"-android uiautomator","selector":"new UiSelector().resourceIdMatches(\".*COMMUNITY.*\")...
09:02:10.405068 POST /session/d5e037c5-07ea-4c54-bed7-8d15d45be864/element [7.617463ms] ERR:404 body={"strategy":"-android uiautomator","selector":"new UiSelector().resourceIdMatches(\".*COMMUNITY.*\")...
09:02:10.416923 POST /session/d5e037c5-07ea-4c54-bed7-8d15d45be864/element [11.742498ms] ERR:404 body={"strategy":"-android uiautomator","selector":"new UiSelector().resourceIdMatches(\".*COMMUNITY.*\")...
09:02:10.427066 POST /session/d5e037c5-07ea-4c54-bed7-8d15d45be864/element [10.048579ms] ERR:404 body={"strategy":"-android uiautomator","selector":"new UiSelector().resourceIdMatches(\".*COMMUNITY.*\")...
09:02:10.437364 POST /session/d5e037c5-07ea-4c54-bed7-8d15d45be864/element [10.18936ms] ERR:404 body={"strategy":"-android uiautomator","selector":"new UiSelector().resourceIdMatches(\".*COMMUNITY.*\")...
09:02:10.446632 POST /session/d5e037c5-07ea-4c54-bed7-8d15d45be864/element [9.180019ms] ERR:404 body={"strategy":"-android uiautomator","selector":"new UiSelector().resourceIdMatches(\".*COMMUNITY.*\")...
09:02:10.456109 POST /session/d5e037c5-07ea-4c54-bed7-8d15d45be864/element [9.365809ms] ERR:404 body={"strategy":"-android uiautomator","selector":"new UiSelector().resourceIdMatches(\".*COMMUNITY.*\")...
09:02:10.464872 POST /session/d5e037c5-07ea-4c54-bed7-8d15d45be864/element [8.674755ms] ERR:404 body={"strategy":"-android uiautomator","selector":"new UiSelector().resourceIdMatches(\".*COMMUNITY.*\")...
09:02:10.473111 POST /session/d5e037c5-07ea-4c54-bed7-8d15d45be864/element [8.171079ms] ERR:404 body={"strategy":"-android uiautomator","selector":"new UiSelector().resourceIdMatches(\".*COMMUNITY.*\")...
09:02:10.482299 POST /session/d5e037c5-07ea-4c54-bed7-8d15d45be864/element [8.95459ms] ERR:404 body={"strategy":"-android uiautomator","selector":"new UiSelector().resourceIdMatches(\".*COMMUNITY.*\")...
09:02:10.492195 POST /session/d5e037c5-07ea-4c54-bed7-8d15d45be864/element [9.808638ms] ERR:404 body={"strategy":"-android uiautomator","selector":"new UiSelector().resourceIdMatches(\".*COMMUNITY.*\")...
09:02:10.501017 POST /session/d5e037c5-07ea-4c54-bed7-8d15d45be864/element [8.725942ms] ERR:404 body={"strategy":"-android uiautomator","selector":"new UiSelector().resourceIdMatches(\".*COMMUNITY.*\")...
09:02:10.509670 POST /session/d5e037c5-07ea-4c54-bed7-8d15d45be864/element [8.541045ms] ERR:404 body={"strategy":"-android uiautomator","selector":"new UiSelector().resourceIdMatches(\".*COMMUNITY.*\")...
09:02:10.518397 POST /session/d5e037c5-07ea-4c54-bed7-8d15d45be864/element [8.640203ms] ERR:404 body={"strategy":"-android uiautomator","selector":"new UiSelector().resourceIdMatches(\".*COMMUNITY.*\")...
09:02:10.526466 POST /session/d5e037c5-07ea-4c54-bed7-8d15d45be864/element [7.967474ms] ERR:404 body={"strategy":"-android uiautomator","selector":"new UiSelector().resourceIdMatches(\".*COMMUNITY.*\")...
09:02:10.534674 POST /session/d5e037c5-07ea-4c54-bed7-8d15d45be864/element [8.11547ms] ERR:404 body={"strategy":"-android uiautomator","selector":"new UiSelector().resourceIdMatches(\".*COMMUNITY.*\")...
09:02:10.542680 POST /session/d5e037c5-07ea-4c54-bed7-8d15d45be864/element [7.89163ms] ERR:404 body={"strategy":"-android uiautomator","selector":"new UiSelector().resourceIdMatches(\".*COMMUNITY.*\")...
09:02:10.551181 POST /session/d5e037c5-07ea-4c54-bed7-8d15d45be864/element [8.389197ms] ERR:404 body={"strategy":"-android uiautomator","selector":"new UiSelector().resourceIdMatches(\".*COMMUNITY.*\")...
09:02:10.559942 POST /session/d5e037c5-07ea-4c54-bed7-8d15d45be864/element [8.665722ms] ERR:404 body={"strategy":"-android uiautomator","selector":"new UiSelector().resourceIdMatches(\".*COMMUNITY.*\")...
09:02:10.568296 POST /session/d5e037c5-07ea-4c54-bed7-8d15d45be864/element [8.259001ms] ERR:404 body={"strategy":"-android uiautomator","selector":"new UiSelector().resourceIdMatches(\".*COMMUNITY.*\")...
09:02:10.576821 POST /session/d5e037c5-07ea-4c54-bed7-8d15d45be864/element [8.439077ms] ERR:404 body={"strategy":"-android uiautomator","selector":"new UiSelector().resourceIdMatches(\".*COMMUNITY.*\")...
09:02:10.585349 POST /session/d5e037c5-07ea-4c54-bed7-8d15d45be864/element [8.407735ms] ERR:404 body={"strategy":"-android uiautomator","selector":"new UiSelector().resourceIdMatches(\".*COMMUNITY.*\")...
09:02:10.595124 POST /session/d5e037c5-07ea-4c54-bed7-8d15d45be864/element [9.691512ms] ERR:404 body={"strategy":"-android uiautomator","selector":"new UiSelector().resourceIdMatches(\".*COMMUNITY.*\")...
09:02:10.604789 POST /session/d5e037c5-07ea-4c54-bed7-8d15d45be864/element [9.582714ms] ERR:404 body={"strategy":"-android uiautomator","selector":"new UiSelector().resourceIdMatches(\".*COMMUNITY.*\")...
09:02:10.614714 POST /session/d5e037c5-07ea-4c54-bed7-8d15d45be864/element [9.831117ms] ERR:404 body={"strategy":"-android uiautomator","selector":"new UiSelector().resourceIdMatches(\".*COMMUNITY.*\")...
09:02:10.623017 POST /session/d5e037c5-07ea-4c54-bed7-8d15d45be864/element [8.220113ms] ERR:404 body={"strategy":"-android uiautomator","selector":"new UiSelector().resourceIdMatches(\".*COMMUNITY.*\")...
09:02:10.631058 POST /session/d5e037c5-07ea-4c54-bed7-8d15d45be864/element [7.957378ms] ERR:404 body={"strategy":"-android uiautomator","selector":"new UiSelector().resourceIdMatches(\".*COMMUNITY.*\")...
09:02:10.640780 POST /session/d5e037c5-07ea-4c54-bed7-8d15d45be864/element [9.643149ms] ERR:404 body={"strategy":"-android uiautomator","selector":"new UiSelector().resourceIdMatches(\".*COMMUNITY.*\")...
09:02:10.651500 POST /session/d5e037c5-07ea-4c54-bed7-8d15d45be864/element [10.627057ms] ERR:404 body={"strategy":"-android uiautomator","selector":"new UiSelector().resourceIdMatches(\".*COMMUNITY.*\")...
09:02:10.660430 POST /session/d5e037c5-07ea-4c54-bed7-8d15d45be864/element [8.839883ms] ERR:404 body={"strategy":"-android uiautomator","selector":"new UiSelector().resourceIdMatches(\".*COMMUNITY.*\")...
09:02:10.668896 POST /session/d5e037c5-07ea-4c54-bed7-8d15d45be864/element [8.380954ms] ERR:404 body={"strategy":"-android uiautomator","selector":"new UiSelector().resourceIdMatches(\".*COMMUNITY.*\")...
09:02:10.679436 POST /session/d5e037c5-07ea-4c54-bed7-8d15d45be864/element [10.445539ms] ERR:404 body={"strategy":"-android uiautomator","selector":"new UiSelector().resourceIdMatches(\".*COMMUNITY.*\")...
09:02:10.688264 POST /session/d5e037c5-07ea-4c54-bed7-8d15d45be864/element [8.741105ms] ERR:404 body={"strategy":"-android uiautomator","selector":"new UiSelector().resourceIdMatches(\".*COMMUNITY.*\")...
09:02:10.696754 POST /session/d5e037c5-07ea-4c54-bed7-8d15d45be864/element [8.419668ms] ERR:404 body={"strategy":"-android uiautomator","selector":"new UiSelector().resourceIdMatches(\".*COMMUNITY.*\")...
09:02:10.706467 POST /session/d5e037c5-07ea-4c54-bed7-8d15d45be864/element [9.648157ms] ERR:404 body={"strategy":"-android uiautomator","selector":"new UiSelector().resourceIdMatches(\".*COMMUNITY.*\")...
09:02:10.717189 POST /session/d5e037c5-07ea-4c54-bed7-8d15d45be864/element [10.634668ms] ERR:404 body={"strategy":"-android uiautomator","selector":"new UiSelector().resourceIdMatches(\".*COMMUNITY.*\")...
09:02:10.726241 POST /session/d5e037c5-07ea-4c54-bed7-8d15d45be864/element [8.955972ms] ERR:404 body={"strategy":"-android uiautomator","selector":"new UiSelector().resourceIdMatches(\".*COMMUNITY.*\")...
09:02:10.735703 POST /session/d5e037c5-07ea-4c54-bed7-8d15d45be864/element [9.36699ms] ERR:404 body={"strategy":"-android uiautomator","selector":"new UiSelector().resourceIdMatches(\".*COMMUNITY.*\")...
09:02:10.745718 POST /session/d5e037c5-07ea-4c54-bed7-8d15d45be864/element [9.935022ms] ERR:404 body={"strategy":"-android uiautomator","selector":"new UiSelector().resourceIdMatches(\".*COMMUNITY.*\")...
09:02:10.755075 POST /session/d5e037c5-07ea-4c54-bed7-8d15d45be864/element [9.287135ms] ERR:404 body={"strategy":"-android uiautomator","selector":"new UiSelector().resourceIdMatches(\".*COMMUNITY.*\")...
09:02:10.765274 POST /session/d5e037c5-07ea-4c54-bed7-8d15d45be864/element [10.117291ms] ERR:404 body={"strategy":"-android uiautomator","selector":"new UiSelector().resourceIdMatches(\".*COMMUNITY.*\")...
09:02:10.775290 POST /session/d5e037c5-07ea-4c54-bed7-8d15d45be864/element [9.90314ms] ERR:404 body={"strategy":"-android uiautomator","selector":"new UiSelector().resourceIdMatches(\".*COMMUNITY.*\")...
09:02:10.784899 POST /session/d5e037c5-07ea-4c54-bed7-8d15d45be864/element [9.530059ms] ERR:404 body={"strategy":"-android uiautomator","selector":"new UiSelector().resourceIdMatches(\".*COMMUNITY.*\")...
09:02:10.793791 POST /session/d5e037c5-07ea-4c54-bed7-8d15d45be864/element [8.815466ms] ERR:404 body={"strategy":"-android uiautomator","selector":"new UiSelector().resourceIdMatches(\".*COMMUNITY.*\")...
09:02:10.802735 POST /session/d5e037c5-07ea-4c54-bed7-8d15d45be864/element [8.832833ms] ERR:404 body={"strategy":"-android uiautomator","selector":"new UiSelector().resourceIdMatches(\".*COMMUNITY.*\")...
09:02:10.811240 POST /session/d5e037c5-07ea-4c54-bed7-8d15d45be864/element [8.382847ms] ERR:404 body={"strategy":"-android uiautomator","selector":"new UiSelector().resourceIdMatches(\".*COMMUNITY.*\")...
09:02:10.819183 POST /session/d5e037c5-07ea-4c54-bed7-8d15d45be864/element [7.854224ms] ERR:404 body={"strategy":"-android uiautomator","selector":"new UiSelector().resourceIdMatches(\".*COMMUNITY.*\")...
09:02:10.827225 POST /session/d5e037c5-07ea-4c54-bed7-8d15d45be864/element [7.94226ms] ERR:404 body={"strategy":"-android uiautomator","selector":"new UiSelector().resourceIdMatches(\".*COMMUNITY.*\")...
09:02:10.837671 POST /session/d5e037c5-07ea-4c54-bed7-8d15d45be864/element [10.328734ms] ERR:404 body={"strategy":"-android uiautomator","selector":"new UiSelector().resourceIdMatches(\".*COMMUNITY.*\")...
09:02:10.846562 POST /session/d5e037c5-07ea-4c54-bed7-8d15d45be864/element [8.802157ms] ERR:404 body={"strategy":"-android uiautomator","selector":"new UiSelector().resourceIdMatches(\".*COMMUNITY.*\")...
09:02:10.854841 POST /session/d5e037c5-07ea-4c54-bed7-8d15d45be864/element [8.165751ms] ERR:404 body={"strategy":"-android uiautomator","selector":"new UiSelector().resourceIdMatches(\".*COMMUNITY.*\")...
09:02:10.863803 POST /session/d5e037c5-07ea-4c54-bed7-8d15d45be864/element [8.86763ms] ERR:404 body={"strategy":"-android uiautomator","selector":"new UiSelector().resourceIdMatches(\".*COMMUNITY.*\")...
09:02:10.879779 POST /session/d5e037c5-07ea-4c54-bed7-8d15d45be864/element [15.862718ms] ERR:404 body={"strategy":"-android uiautomator","selector":"new UiSelector().resourceIdMatches(\".*COMMUNITY.*\")...
09:02:10.887419 POST /session/d5e037c5-07ea-4c54-bed7-8d15d45be864/element [7.52897ms] ERR:404 body={"strategy":"-android uiautomator","selector":"new UiSelector().resourceIdMatches(\".*COMMUNITY.*\")...
09:02:10.895450 POST /session/d5e037c5-07ea-4c54-bed7-8d15d45be864/element [7.941099ms] ERR:404 body={"strategy":"-android uiautomator","selector":"new UiSelector().resourceIdMatches(\".*COMMUNITY.*\")...
09:02:10.902959 POST /session/d5e037c5-07ea-4c54-bed7-8d15d45be864/element [7.409736ms] ERR:404 body={"strategy":"-android uiautomator","selector":"new UiSelector().resourceIdMatches(\".*COMMUNITY.*\")...
09:02:10.910769 POST /session/d5e037c5-07ea-4c54-bed7-8d15d45be864/element [7.683577ms] ERR:404 body={"strategy":"-android uiautomator","selector":"new UiSelector().resourceIdMatches(\".*COMMUNITY.*\")...
09:02:10.920253 POST /session/d5e037c5-07ea-4c54-bed7-8d15d45be864/element [9.403099ms] ERR:404 body={"strategy":"-android uiautomator","selector":"new UiSelector().resourceIdMatches(\".*COMMUNITY.*\")...
09:02:10.928796 POST /session/d5e037c5-07ea-4c54-bed7-8d15d45be864/element [8.304419ms] ERR:404 body={"strategy":"-android uiautomator","selector":"new UiSelector().resourceIdMatches(\".*COMMUNITY.*\")...
09:02:10.937874 POST /session/d5e037c5-07ea-4c54-bed7-8d15d45be864/element [8.968862ms] ERR:404 body={"strategy":"-android uiautomator","selector":"new UiSelector().resourceIdMatches(\".*COMMUNITY.*\")...
09:02:10.946058 POST /session/d5e037c5-07ea-4c54-bed7-8d15d45be864/element [8.087374ms] ERR:404 body={"strategy":"-android uiautomator","selector":"new UiSelector().resourceIdMatches(\".*COMMUNITY.*\")...
09:02:10.954471 POST /session/d5e037c5-07ea-4c54-bed7-8d15d45be864/element [8.297765ms] ERR:404 body={"strategy":"-android uiautomator","selector":"new UiSelector().resourceIdMatches(\".*COMMUNITY.*\")...
09:02:10.963087 POST /session/d5e037c5-07ea-4c54-bed7-8d15d45be864/element [8.550138ms] ERR:404 body={"strategy":"-android uiautomator","selector":"new UiSelector().resourceIdMatches(\".*COMMUNITY.*\")...
09:02:10.971986 POST /session/d5e037c5-07ea-4c54-bed7-8d15d45be864/element [8.798932ms] ERR:404 body={"strategy":"-android uiautomator","selector":"new UiSelector().resourceIdMatches(\".*COMMUNITY.*\")...
09:02:10.981264 POST /session/d5e037c5-07ea-4c54-bed7-8d15d45be864/element [9.18089ms] ERR:404 body={"strategy":"-android uiautomator","selector":"new UiSelector().resourceIdMatches(\".*COMMUNITY.*\")...
09:02:10.990795 POST /session/d5e037c5-07ea-4c54-bed7-8d15d45be864/element [9.405038ms] ERR:404 body={"strategy":"-android uiautomator","selector":"new UiSelector().resourceIdMatches(\".*COMMUNITY.*\")...
09:02:11.000594 POST /session/d5e037c5-07ea-4c54-bed7-8d15d45be864/element [9.700015ms] ERR:404 body={"strategy":"-android uiautomator","selector":"new UiSelector().resourceIdMatches(\".*COMMUNITY.*\")...
09:02:11.010415 POST /session/d5e037c5-07ea-4c54-bed7-8d15d45be864/element [9.70334ms] ERR:404 body={"strategy":"-android uiautomator","selector":"new UiSelector().resourceIdMatches(\".*COMMUNITY.*\")...
09:02:11.019791 POST /session/d5e037c5-07ea-4c54-bed7-8d15d45be864/element [9.28044ms] ERR:404 body={"strategy":"-android uiautomator","selector":"new UiSelector().resourceIdMatches(\".*COMMUNITY.*\")...
09:02:11.028891 POST /session/d5e037c5-07ea-4c54-bed7-8d15d45be864/element [9.009057ms] ERR:404 body={"strategy":"-android uiautomator","selector":"new UiSelector().resourceIdMatches(\".*COMMUNITY.*\")...
09:02:11.038334 POST /session/d5e037c5-07ea-4c54-bed7-8d15d45be864/element [9.358352ms] ERR:404 body={"strategy":"-android uiautomator","selector":"new UiSelector().resourceIdMatches(\".*COMMUNITY.*\")...
09:02:11.047263 POST /session/d5e037c5-07ea-4c54-bed7-8d15d45be864/element [8.838111ms] ERR:404 body={"strategy":"-android uiautomator","selector":"new UiSelector().resourceIdMatches(\".*COMMUNITY.*\")...
09:02:11.057072 POST /session/d5e037c5-07ea-4c54-bed7-8d15d45be864/element [9.724862ms] ERR:404 body={"strategy":"-android uiautomator","selector":"new UiSelector().resourceIdMatches(\".*COMMUNITY.*\")...
09:02:11.069984 POST /session/d5e037c5-07ea-4c54-bed7-8d15d45be864/element [12.823635ms] ERR:404 body={"strategy":"-android uiautomator","selector":"new UiSelector().resourceIdMatches(\".*COMMUNITY.*\")...
09:02:11.081076 POST /session/d5e037c5-07ea-4c54-bed7-8d15d45be864/element [11.009697ms] ERR:404 body={"strategy":"-android uiautomator","selector":"new UiSelector().resourceIdMatches(\".*COMMUNITY.*\")...
09:02:11.090111 POST /session/d5e037c5-07ea-4c54-bed7-8d15d45be864/element [8.933594ms] ERR:404 body={"strategy":"-android uiautomator","selector":"new UiSelector().resourceIdMatches(\".*COMMUNITY.*\")...
09:02:11.098230 POST /session/d5e037c5-07ea-4c54-bed7-8d15d45be864/element [8.035967ms] ERR:404 body={"strategy":"-android uiautomator","selector":"new UiSelector().resourceIdMatches(\".*COMMUNITY.*\")...
09:02:11.106676 POST /session/d5e037c5-07ea-4c54-bed7-8d15d45be864/element [8.36515ms] ERR:404 body={"strategy":"-android uiautomator","selector":"new UiSelector().resourceIdMatches(\".*COMMUNITY.*\")...
09:02:11.114814 POST /session/d5e037c5-07ea-4c54-bed7-8d15d45be864/element [8.06188ms] ERR:404 body={"strategy":"-android uiautomator","selector":"new UiSelector().resourceIdMatches(\".*COMMUNITY.*\")...
09:02:11.122990 POST /session/d5e037c5-07ea-4c54-bed7-8d15d45be864/element [8.077934ms] ERR:404 body={"strategy":"-android uiautomator","selector":"new UiSelector().resourceIdMatches(\".*COMMUNITY.*\")...
09:02:11.130588 POST /session/d5e037c5-07ea-4c54-bed7-8d15d45be864/element [7.51178ms] ERR:404 body={"strategy":"-android uiautomator","selector":"new UiSelector().resourceIdMatches(\".*COMMUNITY.*\")...
09:02:11.139219 POST /session/d5e037c5-07ea-4c54-bed7-8d15d45be864/element [8.519072ms] ERR:404 body={"strategy":"-android uiautomator","selector":"new UiSelector().resourceIdMatches(\".*COMMUNITY.*\")...
09:02:11.147701 POST /session/d5e037c5-07ea-4c54-bed7-8d15d45be864/element [8.400373ms] ERR:404 body={"strategy":"-android uiautomator","selector":"new UiSelector().resourceIdMatches(\".*COMMUNITY.*\")...
09:02:11.155800 POST /session/d5e037c5-07ea-4c54-bed7-8d15d45be864/element [8.028405ms] ERR:404 body={"strategy":"-android uiautomator","selector":"new UiSelector().resourceIdMatches(\".*COMMUNITY.*\")...
09:02:11.164043 POST /session/d5e037c5-07ea-4c54-bed7-8d15d45be864/element [8.168981ms] ERR:404 body={"strategy":"-android uiautomator","selector":"new UiSelector().resourceIdMatches(\".*COMMUNITY.*\")...
09:02:11.172206 POST /session/d5e037c5-07ea-4c54-bed7-8d15d45be864/element [8.071685ms] ERR:404 body={"strategy":"-android uiautomator","selector":"new UiSelector().resourceIdMatches(\".*COMMUNITY.*\")...
09:02:11.180673 POST /session/d5e037c5-07ea-4c54-bed7-8d15d45be864/element [8.358901ms] ERR:404 body={"strategy":"-android uiautomator","selector":"new UiSelector().resourceIdMatches(\".*COMMUNITY.*\")...
09:02:11.188452 POST /session/d5e037c5-07ea-4c54-bed7-8d15d45be864/element [7.700448ms] ERR:404 body={"strategy":"-android uiautomator","selector":"new UiSelector().resourceIdMatches(\".*COMMUNITY.*\")...
09:02:11.197083 POST /session/d5e037c5-07ea-4c54-bed7-8d15d45be864/element [8.527675ms] ERR:404 body={"strategy":"-android uiautomator","selector":"new UiSelector().resourceIdMatches(\".*COMMUNITY.*\")...
09:02:11.206237 POST /session/d5e037c5-07ea-4c54-bed7-8d15d45be864/element [9.061296ms] ERR:404 body={"strategy":"-android uiautomator","selector":"new UiSelector().resourceIdMatches(\".*COMMUNITY.*\")...
09:02:11.215498 POST /session/d5e037c5-07ea-4c54-bed7-8d15d45be864/element [9.161612ms] ERR:404 body={"strategy":"-android uiautomator","selector":"new UiSelector().resourceIdMatches(\".*COMMUNITY.*\")...
09:02:11.225176 POST /session/d5e037c5-07ea-4c54-bed7-8d15d45be864/element [9.560941ms] ERR:404 body={"strategy":"-android uiautomator","selector":"new UiSelector().resourceIdMatches(\".*COMMUNITY.*\")...
09:02:11.234916 POST /session/d5e037c5-07ea-4c54-bed7-8d15d45be864/element [9.65042ms] ERR:404 body={"strategy":"-android uiautomator","selector":"new UiSelector().resourceIdMatches(\".*COMMUNITY.*\")...
09:02:11.244757 POST /session/d5e037c5-07ea-4c54-bed7-8d15d45be864/element [9.752053ms] ERR:404 body={"strategy":"-android uiautomator","selector":"new UiSelector().resourceIdMatches(\".*COMMUNITY.*\")...
09:02:11.254506 POST /session/d5e037c5-07ea-4c54-bed7-8d15d45be864/element [9.659224ms] ERR:404 body={"strategy":"-android uiautomator","selector":"new UiSelector().resourceIdMatches(\".*COMMUNITY.*\")...
09:02:11.265292 POST /session/d5e037c5-07ea-4c54-bed7-8d15d45be864/element [10.711784ms] ERR:404 body={"strategy":"-android uiautomator","selector":"new UiSelector().resourceIdMatches(\".*COMMUNITY.*\")...
09:02:11.275133 POST /session/d5e037c5-07ea-4c54-bed7-8d15d45be864/element [9.756229ms] ERR:404 body={"strategy":"-android uiautomator","selector":"new UiSelector().resourceIdMatches(\".*COMMUNITY.*\")...
09:02:11.286494 POST /session/d5e037c5-07ea-4c54-bed7-8d15d45be864/element [11.280458ms] ERR:404 body={"strategy":"-android uiautomator","selector":"new UiSelector().resourceIdMatches(\".*COMMUNITY.*\")...
09:02:11.296782 POST /session/d5e037c5-07ea-4c54-bed7-8d15d45be864/element [10.200506ms] ERR:404 body={"strategy":"-android uiautomator","selector":"new UiSelector().resourceIdMatches(\".*COMMUNITY.*\")...
09:02:11.307208 POST /session/d5e037c5-07ea-4c54-bed7-8d15d45be864/element [10.333606ms] ERR:404 body={"strategy":"-android uiautomator","selector":"new UiSelector().resourceIdMatches(\".*COMMUNITY.*\")...
09:02:11.315049 POST /session/d5e037c5-07ea-4c54-bed7-8d15d45be864/element [7.735375ms] ERR:404 body={"strategy":"-android uiautomator","selector":"new UiSelector().resourceIdMatches(\".*COMMUNITY.*\")...
09:02:11.322730 POST /session/d5e037c5-07ea-4c54-bed7-8d15d45be864/element [7.574208ms] ERR:404 body={"strategy":"-android uiautomator","selector":"new UiSelector().resourceIdMatches(\".*COMMUNITY.*\")...
09:02:11.330880 POST /session/d5e037c5-07ea-4c54-bed7-8d15d45be864/element [8.048265ms] ERR:404 body={"strategy":"-android uiautomator","selector":"new UiSelector().resourceIdMatches(\".*COMMUNITY.*\")...
09:02:11.339721 POST /session/d5e037c5-07ea-4c54-bed7-8d15d45be864/element [8.773063ms] ERR:404 body={"strategy":"-android uiautomator","selector":"new UiSelector().resourceIdMatches(\".*COMMUNITY.*\")...
09:02:11.347961 POST /session/d5e037c5-07ea-4c54-bed7-8d15d45be864/element [8.17193ms] ERR:404 body={"strategy":"-android uiautomator","selector":"new UiSelector().resourceIdMatches(\".*COMMUNITY.*\")...
09:02:11.356390 POST /session/d5e037c5-07ea-4c54-bed7-8d15d45be864/element [8.352612ms] ERR:404 body={"strategy":"-android uiautomator","selector":"new UiSelector().resourceIdMatches(\".*COMMUNITY.*\")...
09:02:11.365898 POST /session/d5e037c5-07ea-4c54-bed7-8d15d45be864/element [9.411772ms] ERR:404 body={"strategy":"-android uiautomator","selector":"new UiSelector().resourceIdMatches(\".*COMMUNITY.*\")...
09:02:11.375000 POST /session/d5e037c5-07ea-4c54-bed7-8d15d45be864/element [9.001706ms] ERR:404 body={"strategy":"-android uiautomator","selector":"new UiSelector().resourceIdMatches(\".*COMMUNITY.*\")...
09:02:11.384704 POST /session/d5e037c5-07ea-4c54-bed7-8d15d45be864/element [9.601447ms] ERR:404 body={"strategy":"-android uiautomator","selector":"new UiSelector().resourceIdMatches(\".*COMMUNITY.*\")...
09:02:11.394093 POST /session/d5e037c5-07ea-4c54-bed7-8d15d45be864/element [9.285027ms] ERR:404 body={"strategy":"-android uiautomator","selector":"new UiSelector().resourceIdMatches(\".*COMMUNITY.*\")...
09:02:11.402135 POST /session/d5e037c5-07ea-4c54-bed7-8d15d45be864/element [7.927248ms] ERR:404 body={"strategy":"-android uiautomator","selector":"new UiSelector().resourceIdMatches(\".*COMMUNITY.*\")...
09:02:11.410679 POST /session/d5e037c5-07ea-4c54-bed7-8d15d45be864/element [8.339633ms] ERR:404 body={"strategy":"-android uiautomator","selector":"new UiSelector().resourceIdMatches(\".*COMMUNITY.*\")...
09:02:11.418635 POST /session/d5e037c5-07ea-4c54-bed7-8d15d45be864/element [7.861615ms] ERR:404 body={"strategy":"-android uiautomator","selector":"new UiSelector().resourceIdMatches(\".*COMMUNITY.*\")...
09:02:11.426235 POST /session/d5e037c5-07ea-4c54-bed7-8d15d45be864/element [7.500913ms] ERR:404 body={"strategy":"-android uiautomator","selector":"new UiSelector().resourceIdMatches(\".*COMMUNITY.*\")...
09:02:11.434257 POST /session/d5e037c5-07ea-4c54-bed7-8d15d45be864/element [7.932431ms] ERR:404 body={"strategy":"-android uiautomator","selector":"new UiSelector().resourceIdMatches(\".*COMMUNITY.*\")...
09:02:11.441699 POST /session/d5e037c5-07ea-4c54-bed7-8d15d45be864/element [7.354508ms] ERR:404 body={"strategy":"-android uiautomator","selector":"new UiSelector().resourceIdMatches(\".*COMMUNITY.*\")...
09:02:11.449821 POST /session/d5e037c5-07ea-4c54-bed7-8d15d45be864/element [8.04213ms] ERR:404 body={"strategy":"-android uiautomator","selector":"new UiSelector().resourceIdMatches(\".*COMMUNITY.*\")...
09:02:11.457600 POST /session/d5e037c5-07ea-4c54-bed7-8d15d45be864/element [7.697038ms] ERR:404 body={"strategy":"-android uiautomator","selector":"new UiSelector().resourceIdMatches(\".*COMMUNITY.*\")...
09:02:11.465626 POST /session/d5e037c5-07ea-4c54-bed7-8d15d45be864/element [7.918069ms] ERR:404 body={"strategy":"-android uiautomator","selector":"new UiSelector().resourceIdMatches(\".*COMMUNITY.*\")...
09:02:11.473888 POST /session/d5e037c5-07ea-4c54-bed7-8d15d45be864/element [8.160588ms] ERR:404 body={"strategy":"-android uiautomator","selector":"new UiSelector().resourceIdMatches(\".*COMMUNITY.*\")...
09:02:11.481878 POST /session/d5e037c5-07ea-4c54-bed7-8d15d45be864/element [7.895024ms] ERR:404 body={"strategy":"-android uiautomator","selector":"new UiSelector().resourceIdMatches(\".*COMMUNITY.*\")...
09:02:11.489816 POST /session/d5e037c5-07ea-4c54-bed7-8d15d45be864/element [7.836001ms] ERR:404 body={"strategy":"-android uiautomator","selector":"new UiSelector().resourceIdMatches(\".*COMMUNITY.*\")...
09:02:11.497956 POST /session/d5e037c5-07ea-4c54-bed7-8d15d45be864/element [8.046312ms] ERR:404 body={"strategy":"-android uiautomator","selector":"new UiSelector().resourceIdMatches(\".*COMMUNITY.*\")...
09:02:11.507592 POST /session/d5e037c5-07ea-4c54-bed7-8d15d45be864/element [9.513434ms] ERR:404 body={"strategy":"-android uiautomator","selector":"new UiSelector().resourceIdMatches(\".*COMMUNITY.*\")...
09:02:11.516884 POST /session/d5e037c5-07ea-4c54-bed7-8d15d45be864/element [9.220695ms] ERR:404 body={"strategy":"-android uiautomator","selector":"new UiSelector().resourceIdMatches(\".*COMMUNITY.*\")...
09:02:11.525019 POST /session/d5e037c5-07ea-4c54-bed7-8d15d45be864/element [8.062972ms] ERR:404 body={"strategy":"-android uiautomator","selector":"new UiSelector().resourceIdMatches(\".*COMMUNITY.*\")...
09:02:11.533054 POST /session/d5e037c5-07ea-4c54-bed7-8d15d45be864/element [7.950187ms] ERR:404 body={"strategy":"-android uiautomator","selector":"new UiSelector().resourceIdMatches(\".*COMMUNITY.*\")...
09:02:11.541355 POST /session/d5e037c5-07ea-4c54-bed7-8d15d45be864/element [8.218936ms] ERR:404 body={"strategy":"-android uiautomator","selector":"new UiSelector().resourceIdMatches(\".*COMMUNITY.*\")...
09:02:11.549644 POST /session/d5e037c5-07ea-4c54-bed7-8d15d45be864/element [8.172005ms] ERR:404 body={"strategy":"-android uiautomator","selector":"new UiSelector().resourceIdMatches(\".*COMMUNITY.*\")...
09:02:11.557531 POST /session/d5e037c5-07ea-4c54-bed7-8d15d45be864/element [7.780703ms] ERR:404 body={"strategy":"-android uiautomator","selector":"new UiSelector().resourceIdMatches(\".*COMMUNITY.*\")...
09:02:11.565593 POST /session/d5e037c5-07ea-4c54-bed7-8d15d45be864/element [7.979156ms] ERR:404 body={"strategy":"-android uiautomator","selector":"new UiSelector().resourceIdMatches(\".*COMMUNITY.*\")...
09:02:11.574931 POST /session/d5e037c5-07ea-4c54-bed7-8d15d45be864/element [9.219809ms] ERR:404 body={"strategy":"-android uiautomator","selector":"new UiSelector().resourceIdMatches(\".*COMMUNITY.*\")...
09:02:11.582910 POST /session/d5e037c5-07ea-4c54-bed7-8d15d45be864/element [7.891138ms] ERR:404 body={"strategy":"-android uiautomator","selector":"new UiSelector().resourceIdMatches(\".*COMMUNITY.*\")...
09:02:11.592618 POST /session/d5e037c5-07ea-4c54-bed7-8d15d45be864/element [9.620812ms] ERR:404 body={"strategy":"-android uiautomator","selector":"new UiSelector().resourceIdMatches(\".*COMMUNITY.*\")...
09:02:11.602549 POST /session/d5e037c5-07ea-4c54-bed7-8d15d45be864/element [9.819259ms] ERR:404 body={"strategy":"-android uiautomator","selector":"new UiSelector().resourceIdMatches(\".*COMMUNITY.*\")...
09:02:11.611613 POST /session/d5e037c5-07ea-4c54-bed7-8d15d45be864/element [8.964771ms] ERR:404 body={"strategy":"-android uiautomator","selector":"new UiSelector().resourceIdMatches(\".*COMMUNITY.*\")...
09:02:11.620188 POST /session/d5e037c5-07ea-4c54-bed7-8d15d45be864/element [8.460518ms] ERR:404 body={"strategy":"-android uiautomator","selector":"new UiSelector().resourceIdMatches(\".*COMMUNITY.*\")...
09:02:11.628457 POST /session/d5e037c5-07ea-4c54-bed7-8d15d45be864/element [8.163543ms] ERR:404 body={"strategy":"-android uiautomator","selector":"new UiSelector().resourceIdMatches(\".*COMMUNITY.*\")...
09:02:11.636206 POST /session/d5e037c5-07ea-4c54-bed7-8d15d45be864/element [7.656131ms] ERR:404 body={"strategy":"-android uiautomator","selector":"new UiSelector().resourceIdMatches(\".*COMMUNITY.*\")...
09:02:11.644218 POST /session/d5e037c5-07ea-4c54-bed7-8d15d45be864/element [7.887383ms] ERR:404 body={"strategy":"-android uiautomator","selector":"new UiSelector().resourceIdMatches(\".*COMMUNITY.*\")...
09:02:11.652074 POST /session/d5e037c5-07ea-4c54-bed7-8d15d45be864/element [7.756647ms] ERR:404 body={"strategy":"-android uiautomator","selector":"new UiSelector().resourceIdMatches(\".*COMMUNITY.*\")...
09:02:11.660034 POST /session/d5e037c5-07ea-4c54-bed7-8d15d45be864/element [7.860583ms] ERR:404 body={"strategy":"-android uiautomator","selector":"new UiSelector().resourceIdMatches(\".*COMMUNITY.*\")...
09:02:11.667991 POST /session/d5e037c5-07ea-4c54-bed7-8d15d45be864/element [7.857459ms] ERR:404 body={"strategy":"-android uiautomator","selector":"new UiSelector().resourceIdMatches(\".*COMMUNITY.*\")...
09:02:11.676211 POST /session/d5e037c5-07ea-4c54-bed7-8d15d45be864/element [8.13125ms] ERR:404 body={"strategy":"-android uiautomator","selector":"new UiSelector().resourceIdMatches(\".*COMMUNITY.*\")...
09:02:11.684494 POST /session/d5e037c5-07ea-4c54-bed7-8d15d45be864/element [8.181114ms] ERR:404 body={"strategy":"-android uiautomator","selector":"new UiSelector().resourceIdMatches(\".*COMMUNITY.*\")...
09:02:11.692709 POST /session/d5e037c5-07ea-4c54-bed7-8d15d45be864/element [8.107298ms] ERR:404 body={"strategy":"-android uiautomator","selector":"new UiSelector().resourceIdMatches(\".*COMMUNITY.*\")...
09:02:11.700694 POST /session/d5e037c5-07ea-4c54-bed7-8d15d45be864/element [7.89505ms] ERR:404 body={"strategy":"-android uiautomator","selector":"new UiSelector().resourceIdMatches(\".*COMMUNITY.*\")...
09:02:11.710190 POST /session/d5e037c5-07ea-4c54-bed7-8d15d45be864/element [9.420896ms] ERR:404 body={"strategy":"-android uiautomator","selector":"new UiSelector().resourceIdMatches(\".*COMMUNITY.*\")...
09:02:11.721367 POST /session/d5e037c5-07ea-4c54-bed7-8d15d45be864/element [11.089812ms] ERR:404 body={"strategy":"-android uiautomator","selector":"new UiSelector().resourceIdMatches(\".*COMMUNITY.*\")...
09:02:11.730281 POST /session/d5e037c5-07ea-4c54-bed7-8d15d45be864/element [8.832222ms] ERR:404 body={"strategy":"-android uiautomator","selector":"new UiSelector().resourceIdMatches(\".*COMMUNITY.*\")...
09:02:11.740089 POST /session/d5e037c5-07ea-4c54-bed7-8d15d45be864/element [9.720355ms] ERR:404 body={"strategy":"-android uiautomator","selector":"new UiSelector().resourceIdMatches(\".*COMMUNITY.*\")...
09:02:11.749503 POST /session/d5e037c5-07ea-4c54-bed7-8d15d45be864/element [9.341957ms] ERR:404 body={"strategy":"-android uiautomator","selector":"new UiSelector().resourceIdMatches(\".*COMMUNITY.*\")...
09:02:11.758315 POST /session/d5e037c5-07ea-4c54-bed7-8d15d45be864/element [8.750259ms] ERR:404 body={"strategy":"-android uiautomator","selector":"new UiSelector().resourceIdMatches(\".*COMMUNITY.*\")...
09:02:11.767080 POST /session/d5e037c5-07ea-4c54-bed7-8d15d45be864/element [8.709357ms] ERR:404 body={"strategy":"-android uiautomator","selector":"new UiSelector().resourceIdMatches(\".*COMMUNITY.*\")...
09:02:11.776807 POST /session/d5e037c5-07ea-4c54-bed7-8d15d45be864/element [9.660185ms] ERR:404 body={"strategy":"-android uiautomator","selector":"new UiSelector().resourceIdMatches(\".*COMMUNITY.*\")...
09:02:11.786680 POST /session/d5e037c5-07ea-4c54-bed7-8d15d45be864/element [9.747016ms] ERR:404 body={"strategy":"-android uiautomator","selector":"new UiSelector().resourceIdMatches(\".*COMMUNITY.*\")...
09:02:11.796912 POST /session/d5e037c5-07ea-4c54-bed7-8d15d45be864/element [10.127191ms] ERR:404 body={"strategy":"-android uiautomator","selector":"new UiSelector().resourceIdMatches(\".*COMMUNITY.*\")...
09:02:11.806129 POST /session/d5e037c5-07ea-4c54-bed7-8d15d45be864/element [9.099874ms] ERR:404 body={"strategy":"-android uiautomator","selector":"new UiSelector().resourceIdMatches(\".*COMMUNITY.*\")...
09:02:11.816243 POST /session/d5e037c5-07ea-4c54-bed7-8d15d45be864/element [10.02314ms] ERR:404 body={"strategy":"-android uiautomator","selector":"new UiSelector().resourceIdMatches(\".*COMMUNITY.*\")...
09:02:11.826262 POST /session/d5e037c5-07ea-4c54-bed7-8d15d45be864/element [9.922629ms] ERR:404 body={"strategy":"-android uiautomator","selector":"new UiSelector().resourceIdMatches(\".*COMMUNITY.*\")...
09:02:11.835435 POST /session/d5e037c5-07ea-4c54-bed7-8d15d45be864/element [9.078522ms] ERR:404 body={"strategy":"-android uiautomator","selector":"new UiSelector().resourceIdMatches(\".*COMMUNITY.*\")...
09:02:11.843357 POST /session/d5e037c5-07ea-4c54-bed7-8d15d45be864/element [7.808995ms] ERR:404 body={"strategy":"-android uiautomator","selector":"new UiSelector().resourceIdMatches(\".*COMMUNITY.*\")...
09:02:11.851236 POST /session/d5e037c5-07ea-4c54-bed7-8d15d45be864/element [7.786241ms] ERR:404 body={"strategy":"-android uiautomator","selector":"new UiSelector().resourceIdMatches(\".*COMMUNITY.*\")...
09:02:11.859570 POST /session/d5e037c5-07ea-4c54-bed7-8d15d45be864/element [8.232501ms] ERR:404 body={"strategy":"-android uiautomator","selector":"new UiSelector().resourceIdMatches(\".*COMMUNITY.*\")...
09:02:11.877786 POST /session/d5e037c5-07ea-4c54-bed7-8d15d45be864/element [18.120213ms] ERR:404 body={"strategy":"-android uiautomator","selector":"new UiSelector().resourceIdMatches(\".*COMMUNITY.*\")...
09:02:11.886976 POST /session/d5e037c5-07ea-4c54-bed7-8d15d45be864/element [9.113244ms] ERR:404 body={"strategy":"-android uiautomator","selector":"new UiSelector().resourceIdMatches(\".*COMMUNITY.*\")...
09:02:11.895043 POST /session/d5e037c5-07ea-4c54-bed7-8d15d45be864/element [7.989617ms] ERR:404 body={"strategy":"-android uiautomator","selector":"new UiSelector().resourceIdMatches(\".*COMMUNITY.*\")...
09:02:11.904547 POST /session/d5e037c5-07ea-4c54-bed7-8d15d45be864/element [9.432843ms] ERR:404 body={"strategy":"-android uiautomator","selector":"new UiSelector().resourceIdMatches(\".*COMMUNITY.*\")...
09:02:11.913900 POST /session/d5e037c5-07ea-4c54-bed7-8d15d45be864/element [9.276209ms] ERR:404 body={"strategy":"-android uiautomator","selector":"new UiSelector().resourceIdMatches(\".*COMMUNITY.*\")...
09:02:11.923351 POST /session/d5e037c5-07ea-4c54-bed7-8d15d45be864/element [9.369784ms] ERR:404 body={"strategy":"-android uiautomator","selector":"new UiSelector().resourceIdMatches(\".*COMMUNITY.*\")...
09:02:11.941803 POST /session/d5e037c5-07ea-4c54-bed7-8d15d45be864/element [18.342577ms] ERR:404 body={"strategy":"-android uiautomator","selector":"new UiSelector().resourceIdMatches(\".*COMMUNITY.*\")...
09:02:11.958933 POST /session/d5e037c5-07ea-4c54-bed7-8d15d45be864/element [17.029215ms] ERR:404 body={"strategy":"-android uiautomator","selector":"new UiSelector().resourceIdMatches(\".*COMMUNITY.*\")...
09:02:11.992891 POST /session/d5e037c5-07ea-4c54-bed7-8d15d45be864/element [33.832061ms] ERR:404 body={"strategy":"-android uiautomator","selector":"new UiSelector().resourceIdMatches(\".*COMMUNITY.*\")...
09:02:12.572389 POST /session/d5e037c5-07ea-4c54-bed7-8d15d45be864/element [579.361524ms] ERR:404 body={"strategy":"-android uiautomator","selector":"new UiSelector().resourceIdMatches(\".*COMMUNITY.*\")...
09:02:12.581238 POST /session/d5e037c5-07ea-4c54-bed7-8d15d45be864/element [8.733479ms] ERR:404 body={"strategy":"-android uiautomator","selector":"new UiSelector().resourceIdMatches(\".*COMMUNITY.*\")...
09:02:12.589897 POST /session/d5e037c5-07ea-4c54-bed7-8d15d45be864/element [8.309938ms] ERR:404 body={"strategy":"-android uiautomator","selector":"new UiSelector().resourceIdMatches(\".*COMMUNITY.*\")...
09:02:12.600167 POST /session/d5e037c5-07ea-4c54-bed7-8d15d45be864/element [10.181618ms] ERR:404 body={"strategy":"-android uiautomator","selector":"new UiSelector().resourceIdMatches(\".*COMMUNITY.*\")...
09:02:12.609556 POST /session/d5e037c5-07ea-4c54-bed7-8d15d45be864/element [9.291772ms] ERR:404 body={"strategy":"-android uiautomator","selector":"new UiSelector().resourceIdMatches(\".*COMMUNITY.*\")...
09:02:12.619339 POST /session/d5e037c5-07ea-4c54-bed7-8d15d45be864/element [9.717721ms] ERR:404 body={"strategy":"-android uiautomator","selector":"new UiSelector().resourceIdMatches(\".*COMMUNITY.*\")...
09:02:12.627436 POST /session/d5e037c5-07ea-4c54-bed7-8d15d45be864/element [8.022606ms] ERR:404 body={"strategy":"-android uiautomator","selector":"new UiSelector().resourceIdMatches(\".*COMMUNITY.*\")...
09:02:12.636217 POST /session/d5e037c5-07ea-4c54-bed7-8d15d45be864/element [8.692533ms] ERR:404 body={"strategy":"-android uiautomator","selector":"new UiSelector().resourceIdMatches(\".*COMMUNITY.*\")...
09:02:12.644739 POST /session/d5e037c5-07ea-4c54-bed7-8d15d45be864/element [8.436328ms] ERR:404 body={"strategy":"-android uiautomator","selector":"new UiSelector().resourceIdMatches(\".*COMMUNITY.*\")...
09:02:12.653574 POST /session/d5e037c5-07ea-4c54-bed7-8d15d45be864/element [8.744811ms] ERR:404 body={"strategy":"-android uiautomator","selector":"new UiSelector().resourceIdMatches(\".*COMMUNITY.*\")...
09:02:12.662098 POST /session/d5e037c5-07ea-4c54-bed7-8d15d45be864/element [8.39811ms] ERR:404 body={"strategy":"-android uiautomator","selector":"new UiSelector().resourceIdMatches(\".*COMMUNITY.*\")...
09:02:12.670930 POST /session/d5e037c5-07ea-4c54-bed7-8d15d45be864/element [8.745031ms] ERR:404 body={"strategy":"-android uiautomator","selector":"new UiSelector().resourceIdMatches(\".*COMMUNITY.*\")...
09:02:12.679505 POST /session/d5e037c5-07ea-4c54-bed7-8d15d45be864/element [8.497249ms] ERR:404 body={"strategy":"-android uiautomator","selector":"new UiSelector().resourceIdMatches(\".*COMMUNITY.*\")...
09:02:12.690308 POST /session/d5e037c5-07ea-4c54-bed7-8d15d45be864/element [10.724304ms] ERR:404 body={"strategy":"-android uiautomator","selector":"new UiSelector().resourceIdMatches(\".*COMMUNITY.*\")...
09:02:12.701550 POST /session/d5e037c5-07ea-4c54-bed7-8d15d45be864/element [11.134183ms] ERR:404 body={"strategy":"-android uiautomator","selector":"new UiSelector().resourceIdMatches(\".*COMMUNITY.*\")...
09:02:12.713868 POST /session/d5e037c5-07ea-4c54-bed7-8d15d45be864/element [12.233489ms] ERR:404 body={"strategy":"-android uiautomator","selector":"new UiSelector().resourceIdMatches(\".*COMMUNITY.*\")...
09:02:12.724690 POST /session/d5e037c5-07ea-4c54-bed7-8d15d45be864/element [10.731584ms] ERR:404 body={"strategy":"-android uiautomator","selector":"new UiSelector().resourceIdMatches(\".*COMMUNITY.*\")...
09:02:12.734061 POST /session/d5e037c5-07ea-4c54-bed7-8d15d45be864/element [9.284566ms] ERR:404 body={"strategy":"-android uiautomator","selector":"new UiSelector().resourceIdMatches(\".*COMMUNITY.*\")...
09:02:12.742148 POST /session/d5e037c5-07ea-4c54-bed7-8d15d45be864/element [7.965937ms] ERR:404 body={"strategy":"-android uiautomator","selector":"new UiSelector().resourceIdMatches(\".*COMMUNITY.*\")...
09:02:12.750416 POST /session/d5e037c5-07ea-4c54-bed7-8d15d45be864/element [8.177829ms] ERR:404 body={"strategy":"-android uiautomator","selector":"new UiSelector().resourceIdMatches(\".*COMMUNITY.*\")...
09:02:12.759209 POST /session/d5e037c5-07ea-4c54-bed7-8d15d45be864/element [8.724129ms] ERR:404 body={"strategy":"-android uiautomator","selector":"new UiSelector().resourceIdMatches(\".*COMMUNITY.*\")...
09:02:12.767467 POST /session/d5e037c5-07ea-4c54-bed7-8d15d45be864/element [8.192521ms] ERR:404 body={"strategy":"-android uiautomator","selector":"new UiSelector().resourceIdMatches(\".*COMMUNITY.*\")...
09:02:12.776216 POST /session/d5e037c5-07ea-4c54-bed7-8d15d45be864/element [8.639833ms] ERR:404 body={"strategy":"-android uiautomator","selector":"new UiSelector().resourceIdMatches(\".*COMMUNITY.*\")...
09:02:12.785912 POST /session/d5e037c5-07ea-4c54-bed7-8d15d45be864/element [9.573885ms] ERR:404 body={"strategy":"-android uiautomator","selector":"new UiSelector().resourceIdMatches(\".*COMMUNITY.*\")...
09:02:12.795500 POST /session/d5e037c5-07ea-4c54-bed7-8d15d45be864/element [9.492163ms] ERR:404 body={"strategy":"-android uiautomator","selector":"new UiSelector().resourceIdMatches(\".*COMMUNITY.*\")...
09:02:12.804825 POST /session/d5e037c5-07ea-4c54-bed7-8d15d45be864/element [9.228262ms] ERR:404 body={"strategy":"-android uiautomator","selector":"new UiSelector().resourceIdMatches(\".*COMMUNITY.*\")...
09:02:12.813343 POST /session/d5e037c5-07ea-4c54-bed7-8d15d45be864/element [8.437234ms] ERR:404 body={"strategy":"-android uiautomator","selector":"new UiSelector().resourceIdMatches(\".*COMMUNITY.*\")...
09:02:12.821794 POST /session/d5e037c5-07ea-4c54-bed7-8d15d45be864/element [8.348656ms] ERR:404 body={"strategy":"-android uiautomator","selector":"new UiSelector().resourceIdMatches(\".*COMMUNITY.*\")...
09:02:12.830253 POST /session/d5e037c5-07ea-4c54-bed7-8d15d45be864/element [8.354214ms] ERR:404 body={"strategy":"-android uiautomator","selector":"new UiSelector().resourceIdMatches(\".*COMMUNITY.*\")...
09:02:12.838857 POST /session/d5e037c5-07ea-4c54-bed7-8d15d45be864/element [8.49141ms] ERR:404 body={"strategy":"-android uiautomator","selector":"new UiSelector().resourceIdMatches(\".*COMMUNITY.*\")...
09:02:12.848392 POST /session/d5e037c5-07ea-4c54-bed7-8d15d45be864/element [9.435878ms] ERR:404 body={"strategy":"-android uiautomator","selector":"new UiSelector().resourceIdMatches(\".*COMMUNITY.*\")...
09:02:12.857479 POST /session/d5e037c5-07ea-4c54-bed7-8d15d45be864/element [9.014195ms] ERR:404 body={"strategy":"-android uiautomator","selector":"new UiSelector().resourceIdMatches(\".*COMMUNITY.*\")...
09:02:12.866675 POST /session/d5e037c5-07ea-4c54-bed7-8d15d45be864/element [9.088207ms] ERR:404 body={"strategy":"-android uiautomator","selector":"new UiSelector().resourceIdMatches(\".*COMMUNITY.*\")...
09:02:12.876610 POST /session/d5e037c5-07ea-4c54-bed7-8d15d45be864/element [9.847866ms] ERR:404 body={"strategy":"-android uiautomator","selector":"new UiSelector().resourceIdMatches(\".*COMMUNITY.*\")...
09:02:12.885060 POST /session/d5e037c5-07ea-4c54-bed7-8d15d45be864/element [8.333152ms] ERR:404 body={"strategy":"-android uiautomator","selector":"new UiSelector().resourceIdMatches(\".*COMMUNITY.*\")...
09:02:12.902084 POST /session/d5e037c5-07ea-4c54-bed7-8d15d45be864/element [16.893667ms] ERR:404 body={"strategy":"-android uiautomator","selector":"new UiSelector().resourceIdMatches(\".*COMMUNITY.*\")...
09:02:12.910232 POST /session/d5e037c5-07ea-4c54-bed7-8d15d45be864/element [8.061254ms] ERR:404 body={"strategy":"-android uiautomator","selector":"new UiSelector().resourceIdMatches(\".*COMMUNITY.*\")...
09:02:12.918336 POST /session/d5e037c5-07ea-4c54-bed7-8d15d45be864/element [8.02543ms] ERR:404 body={"strategy":"-android uiautomator","selector":"new UiSelector().resourceIdMatches(\".*COMMUNITY.*\")...
09:02:12.926890 POST /session/d5e037c5-07ea-4c54-bed7-8d15d45be864/element [8.434474ms] ERR:404 body={"strategy":"-android uiautomator","selector":"new UiSelector().resourceIdMatches(\".*COMMUNITY.*\")...
09:02:12.934301 POST /session/d5e037c5-07ea-4c54-bed7-8d15d45be864/element [7.325309ms] ERR:404 body={"strategy":"-android uiautomator","selector":"new UiSelector().resourceIdMatches(\".*COMMUNITY.*\")...
09:02:12.945396 POST /session/d5e037c5-07ea-4c54-bed7-8d15d45be864/element [10.977614ms] ERR:404 body={"strategy":"-android uiautomator","selector":"new UiSelector().resourceIdMatches(\".*COMMUNITY.*\")...
09:02:12.953024 POST /session/d5e037c5-07ea-4c54-bed7-8d15d45be864/element [7.53256ms] ERR:404 body={"strategy":"-android uiautomator","selector":"new UiSelector().resourceIdMatches(\".*COMMUNITY.*\")...
09:02:12.970136 POST /session/d5e037c5-07ea-4c54-bed7-8d15d45be864/element [16.944002ms] ERR:404 body={"strategy":"-android uiautomator","selector":"new UiSelector().resourceIdMatches(\".*COMMUNITY.*\")...
09:02:12.984683 POST /session/d5e037c5-07ea-4c54-bed7-8d15d45be864/element [14.366863ms] ERR:404 body={"strategy":"-android uiautomator","selector":"new UiSelector().resourceIdMatches(\".*COMMUNITY.*\")...
09:02:12.992953 POST /session/d5e037c5-07ea-4c54-bed7-8d15d45be864/element [8.141185ms] ERR:404 body={"strategy":"-android uiautomator","selector":"new UiSelector().resourceIdMatches(\".*COMMUNITY.*\")...
09:02:13.005806 POST /session/d5e037c5-07ea-4c54-bed7-8d15d45be864/element [12.734652ms] ERR:404 body={"strategy":"-android uiautomator","selector":"new UiSelector().resourceIdMatches(\".*COMMUNITY.*\")...
09:02:13.015103 POST /session/d5e037c5-07ea-4c54-bed7-8d15d45be864/element [9.146073ms] ERR:404 body={"strategy":"-android uiautomator","selector":"new UiSelector().resourceIdMatches(\".*COMMUNITY.*\")...
09:02:13.022501 POST /session/d5e037c5-07ea-4c54-bed7-8d15d45be864/element [7.307943ms] ERR:404 body={"strategy":"-android uiautomator","selector":"new UiSelector().resourceIdMatches(\".*COMMUNITY.*\")...
09:02:13.032841 POST /session/d5e037c5-07ea-4c54-bed7-8d15d45be864/element [10.218914ms] ERR:404 body={"strategy":"-android uiautomator","selector":"new UiSelector().resourceIdMatches(\".*COMMUNITY.*\")...
09:02:13.041194 POST /session/d5e037c5-07ea-4c54-bed7-8d15d45be864/element [8.252251ms] ERR:404 body={"strategy":"-android uiautomator","selector":"new UiSelector().resourceIdMatches(\".*COMMUNITY.*\")...
09:02:13.049379 POST /session/d5e037c5-07ea-4c54-bed7-8d15d45be864/element [8.089667ms] ERR:404 body={"strategy":"-android uiautomator","selector":"new UiSelector().resourceIdMatches(\".*COMMUNITY.*\")...
09:02:13.057616 POST /session/d5e037c5-07ea-4c54-bed7-8d15d45be864/element [8.132982ms] ERR:404 body={"strategy":"-android uiautomator","selector":"new UiSelector().resourceIdMatches(\".*COMMUNITY.*\")...
09:02:13.066279 POST /session/d5e037c5-07ea-4c54-bed7-8d15d45be864/element [8.461916ms] ERR:404 body={"strategy":"-android uiautomator","selector":"new UiSelector().resourceIdMatches(\".*COMMUNITY.*\")...
09:02:13.074558 POST /session/d5e037c5-07ea-4c54-bed7-8d15d45be864/element [8.170959ms] ERR:404 body={"strategy":"-android uiautomator","selector":"new UiSelector().resourceIdMatches(\".*COMMUNITY.*\")...
09:02:13.083068 POST /session/d5e037c5-07ea-4c54-bed7-8d15d45be864/element [8.346152ms] ERR:404 body={"strategy":"-android uiautomator","selector":"new UiSelector().resourceIdMatches(\".*COMMUNITY.*\")...
09:02:13.096848 POST /session/d5e037c5-07ea-4c54-bed7-8d15d45be864/element [13.647452ms] ERR:404 body={"strategy":"-android uiautomator","selector":"new UiSelector().resourceIdMatches(\".*COMMUNITY.*\")...
09:02:13.104805 POST /session/d5e037c5-07ea-4c54-bed7-8d15d45be864/element [7.830909ms] ERR:404 body={"strategy":"-android uiautomator","selector":"new UiSelector().resourceIdMatches(\".*COMMUNITY.*\")...
09:02:13.112158 POST /session/d5e037c5-07ea-4c54-bed7-8d15d45be864/element [7.25927ms] ERR:404 body={"strategy":"-android uiautomator","selector":"new UiSelector().resourceIdMatches(\".*COMMUNITY.*\")...
09:02:13.120450 POST /session/d5e037c5-07ea-4c54-bed7-8d15d45be864/element [8.201705ms] ERR:404 body={"strategy":"-android uiautomator","selector":"new UiSelector().resourceIdMatches(\".*COMMUNITY.*\")...
09:02:13.127943 POST /session/d5e037c5-07ea-4c54-bed7-8d15d45be864/element [7.399761ms] ERR:404 body={"strategy":"-android uiautomator","selector":"new UiSelector().resourceIdMatches(\".*COMMUNITY.*\")...
09:02:13.135777 POST /session/d5e037c5-07ea-4c54-bed7-8d15d45be864/element [7.737708ms] ERR:404 body={"strategy":"-android uiautomator","selector":"new UiSelector().resourceIdMatches(\".*COMMUNITY.*\")...
09:02:13.143178 POST /session/d5e037c5-07ea-4c54-bed7-8d15d45be864/element [7.273131ms] ERR:404 body={"strategy":"-android uiautomator","selector":"new UiSelector().resourceIdMatches(\".*COMMUNITY.*\")...
09:02:13.150885 POST /session/d5e037c5-07ea-4c54-bed7-8d15d45be864/element [7.538249ms] ERR:404 body={"strategy":"-android uiautomator","selector":"new UiSelector().resourceIdMatches(\".*COMMUNITY.*\")...
09:02:13.158094 POST /session/d5e037c5-07ea-4c54-bed7-8d15d45be864/element [7.11938ms] ERR:404 body={"strategy":"-android uiautomator","selector":"new UiSelector().resourceIdMatches(\".*COMMUNITY.*\")...
09:02:13.165631 POST /session/d5e037c5-07ea-4c54-bed7-8d15d45be864/element [7.408564ms] ERR:404 body={"strategy":"-android uiautomator","selector":"new UiSelector().resourceIdMatches(\".*COMMUNITY.*\")...
09:02:13.177985 POST /session/d5e037c5-07ea-4c54-bed7-8d15d45be864/element [12.24057ms] ERR:404 body={"strategy":"-android uiautomator","selector":"new UiSelector().resourceIdMatches(\".*COMMUNITY.*\")...
09:02:13.186374 POST /session/d5e037c5-07ea-4c54-bed7-8d15d45be864/element [8.236678ms] ERR:404 body={"strategy":"-android uiautomator","selector":"new UiSelector().resourceIdMatches(\".*COMMUNITY.*\")...
09:02:13.193794 POST /session/d5e037c5-07ea-4c54-bed7-8d15d45be864/element [7.324949ms] ERR:404 body={"strategy":"-android uiautomator","selector":"new UiSelector().resourceIdMatches(\".*COMMUNITY.*\")...
09:02:13.202714 POST /session/d5e037c5-07ea-4c54-bed7-8d15d45be864/element [8.787084ms] ERR:404 body={"strategy":"-android uiautomator","selector":"new UiSelector().resourceIdMatches(\".*COMMUNITY.*\")...
09:02:13.211111 POST /session/d5e037c5-07ea-4c54-bed7-8d15d45be864/element [8.322476ms] ERR:404 body={"strategy":"-android uiautomator","selector":"new UiSelector().resourceIdMatches(\".*COMMUNITY.*\")...
09:02:13.218917 POST /session/d5e037c5-07ea-4c54-bed7-8d15d45be864/element [7.679772ms] ERR:404 body={"strategy":"-android uiautomator","selector":"new UiSelector().resourceIdMatches(\".*COMMUNITY.*\")...
09:02:13.226490 POST /session/d5e037c5-07ea-4c54-bed7-8d15d45be864/element [7.443868ms] ERR:404 body={"strategy":"-android uiautomator","selector":"new UiSelector().resourceIdMatches(\".*COMMUNITY.*\")...
09:02:13.234469 POST /session/d5e037c5-07ea-4c54-bed7-8d15d45be864/element [7.852631ms] ERR:404 body={"strategy":"-android uiautomator","selector":"new UiSelector().resourceIdMatches(\".*COMMUNITY.*\")...
09:02:13.242174 POST /session/d5e037c5-07ea-4c54-bed7-8d15d45be864/element [7.608704ms] ERR:404 body={"strategy":"-android uiautomator","selector":"new UiSelector().resourceIdMatches(\".*COMMUNITY.*\")...
09:02:13.249904 POST /session/d5e037c5-07ea-4c54-bed7-8d15d45be864/element [7.607172ms] ERR:404 body={"strategy":"-android uiautomator","selector":"new UiSelector().resourceIdMatches(\".*COMMUNITY.*\")...
09:02:13.384921 POST /session/d5e037c5-07ea-4c54-bed7-8d15d45be864/element [134.855822ms] ERR:404 body={"strategy":"-android uiautomator","selector":"new UiSelector().resourceIdMatches(\".*COMMUNITY.*\")...
09:02:13.400797 POST /session/d5e037c5-07ea-4c54-bed7-8d15d45be864/element [15.743024ms] ERR:404 body={"strategy":"-android uiautomator","selector":"new UiSelector().resourceIdMatches(\".*COMMUNITY.*\")...
09:02:13.413328 POST /session/d5e037c5-07ea-4c54-bed7-8d15d45be864/element [12.41393ms] ERR:404 body={"strategy":"-android uiautomator","selector":"new UiSelector().resourceIdMatches(\".*COMMUNITY.*\")...
09:02:13.420601 POST /session/d5e037c5-07ea-4c54-bed7-8d15d45be864/element [7.122695ms] ERR:404 body={"strategy":"-android uiautomator","selector":"new UiSelector().resourceIdMatches(\".*COMMUNITY.*\")...
09:02:13.562364 POST /session/d5e037c5-07ea-4c54-bed7-8d15d45be864/element [141.616742ms] ERR:404 body={"strategy":"-android uiautomator","selector":"new UiSelector().resourceIdMatches(\".*COMMUNITY.*\")...
09:02:14.507815 POST /session/d5e037c5-07ea-4c54-bed7-8d15d45be864/element [945.338557ms] OK body={"strategy":"-android uiautomator","selector":"new UiSelector().resourceIdMatches(\".*COMMUNITY.*\")...
09:02:15.201553 GET /session/d5e037c5-07ea-4c54-bed7-8d15d45be864/element/00000000-0000-0018-ffff-ffff00000095/text [693.661936ms] OK body=
09:02:16.255727 GET /session/d5e037c5-07ea-4c54-bed7-8d15d45be864/element/00000000-0000-0018-ffff-ffff00000095/rect [1.054087659s] OK body=
09:02:16.282783 POST /session/d5e037c5-07ea-4c54-bed7-8d15d45be864/element [25.954451ms] ERR:404 body={"strategy":"-android uiautomator","selector":"new UiSelector().resourceIdMatches(\".*SEARCH.*\").cl...
09:02:16.300088 POST /session/d5e037c5-07ea-4c54-bed7-8d15d45be864/element [17.173716ms] OK body={"strategy":"-android uiautomator","selector":"new UiSelector().resourceIdMatches(\".*SEARCH.*\")"}
09:02:16.314642 GET /session/d5e037c5-07ea-4c54-bed7-8d15d45be864/element/00000000-0000-0018-ffff-ffff000000a1/text [14.503032ms] OK body=
09:02:16.323593 GET /session/d5e037c5-07ea-4c54-bed7-8d15d45be864/element/00000000-0000-0018-ffff-ffff000000a1/rect [8.885713ms] OK body=
09:02:16.352419 POST /session/d5e037c5-07ea-4c54-bed7-8d15d45be864/element/00000000-0000-0018-ffff-ffff000000a1/click [28.751996ms] OK body=
09:02:16.479837 POST /session/d5e037c5-07ea-4c54-bed7-8d15d45be864/element [126.445067ms] ERR:404 body={"strategy":"-android uiautomator","selector":"new UiSelector().resourceIdMatches(\".*search-mode-to...
09:02:16.537909 POST /session/d5e037c5-07ea-4c54-bed7-8d15d45be864/element [57.919788ms] ERR:404 body={"strategy":"-android uiautomator","selector":"new UiSelector().resourceIdMatches(\".*search-mode-to...
09:02:16.569324 POST /session/d5e037c5-07ea-4c54-bed7-8d15d45be864/element [31.280749ms] ERR:404 body={"strategy":"-android uiautomator","selector":"new UiSelector().resourceIdMatches(\".*search-mode-to...
09:02:16.651471 POST /session/d5e037c5-07ea-4c54-bed7-8d15d45be864/element [82.015869ms] ERR:404 body={"strategy":"-android uiautomator","selector":"new UiSelector().resourceIdMatches(\".*search-mode-to...
09:02:17.207131 POST /session/d5e037c5-07ea-4c54-bed7-8d15d45be864/element [555.545107ms] OK body={"strategy":"-android uiautomator","selector":"new UiSelector().resourceIdMatches(\".*search-mode-to...
09:02:17.216900 GET /session/d5e037c5-07ea-4c54-bed7-8d15d45be864/element/00000000-0000-0018-ffff-ffff00000113/text [9.668853ms] OK body=
09:02:17.226900 GET /session/d5e037c5-07ea-4c54-bed7-8d15d45be864/element/00000000-0000-0018-ffff-ffff00000113/rect [9.939119ms] OK body=
09:02:17.256741 POST /session/d5e037c5-07ea-4c54-bed7-8d15d45be864/element/00000000-0000-0018-ffff-ffff00000113/click [29.767542ms] OK body=
09:02:17.270212 POST /session/d5e037c5-07ea-4c54-bed7-8d15d45be864/element [12.379728ms] ERR:404 body={"strategy":"-android uiautomator","selector":"new UiSelector().resourceIdMatches(\".*search-user-in...
09:02:17.326903 POST /session/d5e037c5-07ea-4c54-bed7-8d15d45be864/element [56.560867ms] ERR:404 body={"strategy":"-android uiautomator","selector":"new UiSelector().resourceIdMatches(\".*search-user-in...
09:02:17.901770 POST /session/d5e037c5-07ea-4c54-bed7-8d15d45be864/element [574.743816ms] OK body={"strategy":"-android uiautomator","selector":"new UiSelector().resourceIdMatches(\".*search-user-in...
09:02:17.911995 GET /session/d5e037c5-07ea-4c54-bed7-8d15d45be864/element/00000000-0000-0018-ffff-ffff0000011e/text [10.135944ms] OK body=
09:02:17.921426 GET /session/d5e037c5-07ea-4c54-bed7-8d15d45be864/element/00000000-0000-0018-ffff-ffff0000011e/rect [9.369238ms] OK body=
09:02:18.170792 POST /session/d5e037c5-07ea-4c54-bed7-8d15d45be864/element/00000000-0000-0018-ffff-ffff0000011e/click [249.306156ms] OK body=
09:02:18.200097 POST /session/d5e037c5-07ea-4c54-bed7-8d15d45be864/actions [28.274134ms] OK body={"actions":[{"actions":[{"type":"keyDown","value":"a"},{"type":"keyUp","value":"a"}],"id":"keyboard"...
09:02:18.237582 POST /session/d5e037c5-07ea-4c54-bed7-8d15d45be864/appium/device/hide_keyboard [36.340136ms] ERR:404 body=
09:02:18.906603 POST /session/d5e037c5-07ea-4c54-bed7-8d15d45be864/element [667.924658ms] ERR:404 body={"strategy":"-android uiautomator","selector":"new UiSelector().resourceIdMatches(\".*search-user-fo...
09:02:18.914422 POST /session/d5e037c5-07ea-4c54-bed7-8d15d45be864/element [7.641844ms] ERR:404 body={"strategy":"-android uiautomator","selector":"new UiSelector().resourceIdMatches(\".*search-user-fo...
09:02:18.921483 POST /session/d5e037c5-07ea-4c54-bed7-8d15d45be864/element [6.975208ms] ERR:404 body={"strategy":"-android uiautomator","selector":"new UiSelector().resourceIdMatches(\".*search-user-fo...
09:02:18.928885 POST /session/d5e037c5-07ea-4c54-bed7-8d15d45be864/element [7.300477ms] ERR:404 body={"strategy":"-android uiautomator","selector":"new UiSelector().resourceIdMatches(\".*search-user-fo...
09:02:18.935869 POST /session/d5e037c5-07ea-4c54-bed7-8d15d45be864/element [6.903947ms] ERR:404 body={"strategy":"-android uiautomator","selector":"new UiSelector().resourceIdMatches(\".*search-user-fo...
09:02:18.943092 POST /session/d5e037c5-07ea-4c54-bed7-8d15d45be864/element [7.139771ms] ERR:404 body={"strategy":"-android uiautomator","selector":"new UiSelector().resourceIdMatches(\".*search-user-fo...
09:02:18.950513 POST /session/d5e037c5-07ea-4c54-bed7-8d15d45be864/element [7.341784ms] ERR:404 body={"strategy":"-android uiautomator","selector":"new UiSelector().resourceIdMatches(\".*search-user-fo...
09:02:18.956737 POST /session/d5e037c5-07ea-4c54-bed7-8d15d45be864/element [6.132168ms] ERR:404 body={"strategy":"-android uiautomator","selector":"new UiSelector().resourceIdMatches(\".*search-user-fo...
09:02:18.965932 POST /session/d5e037c5-07ea-4c54-bed7-8d15d45be864/element [9.136659ms] ERR:404 body={"strategy":"-android uiautomator","selector":"new UiSelector().resourceIdMatches(\".*search-user-fo...
09:02:18.973828 POST /session/d5e037c5-07ea-4c54-bed7-8d15d45be864/element [7.794534ms] ERR:404 body={"strategy":"-android uiautomator","selector":"new UiSelector().resourceIdMatches(\".*search-user-fo...
09:02:18.981434 POST /session/d5e037c5-07ea-4c54-bed7-8d15d45be864/element [7.496506ms] ERR:404 body={"strategy":"-android uiautomator","selector":"new UiSelector().resourceIdMatches(\".*search-user-fo...
09:02:18.989564 POST /session/d5e037c5-07ea-4c54-bed7-8d15d45be864/element [8.036036ms] ERR:404 body={"strategy":"-android uiautomator","selector":"new UiSelector().resourceIdMatches(\".*search-user-fo...
09:02:19.000342 POST /session/d5e037c5-07ea-4c54-bed7-8d15d45be864/element [10.704694ms] ERR:404 body={"strategy":"-android uiautomator","selector":"new UiSelector().resourceIdMatches(\".*search-user-fo...
09:02:19.008991 POST /session/d5e037c5-07ea-4c54-bed7-8d15d45be864/element [8.569077ms] ERR:404 body={"strategy":"-android uiautomator","selector":"new UiSelector().resourceIdMatches(\".*search-user-fo...
09:02:19.016501 POST /session/d5e037c5-07ea-4c54-bed7-8d15d45be864/element [7.428754ms] ERR:404 body={"strategy":"-android uiautomator","selector":"new UiSelector().resourceIdMatches(\".*search-user-fo...
09:02:19.023730 POST /session/d5e037c5-07ea-4c54-bed7-8d15d45be864/element [7.162585ms] ERR:404 body={"strategy":"-android uiautomator","selector":"new UiSelector().resourceIdMatches(\".*search-user-fo...
09:02:19.030549 POST /session/d5e037c5-07ea-4c54-bed7-8d15d45be864/element [6.735609ms] ERR:404 body={"strategy":"-android uiautomator","selector":"new UiSelector().resourceIdMatches(\".*search-user-fo...
09:02:19.037760 POST /session/d5e037c5-07ea-4c54-bed7-8d15d45be864/element [7.124342ms] ERR:404 body={"strategy":"-android uiautomator","selector":"new UiSelector().resourceIdMatches(\".*search-user-fo...
09:02:19.045121 POST /session/d5e037c5-07ea-4c54-bed7-8d15d45be864/element [7.252024ms] ERR:404 body={"strategy":"-android uiautomator","selector":"new UiSelector().resourceIdMatches(\".*search-user-fo...
09:02:19.052153 POST /session/d5e037c5-07ea-4c54-bed7-8d15d45be864/element [6.947111ms] ERR:404 body={"strategy":"-android uiautomator","selector":"new UiSelector().resourceIdMatches(\".*search-user-fo...
09:02:19.058989 POST /session/d5e037c5-07ea-4c54-bed7-8d15d45be864/element [6.756255ms] ERR:404 body={"strategy":"-android uiautomator","selector":"new UiSelector().resourceIdMatches(\".*search-user-fo...
09:02:19.066920 POST /session/d5e037c5-07ea-4c54-bed7-8d15d45be864/element [7.836322ms] ERR:404 body={"strategy":"-android uiautomator","selector":"new UiSelector().resourceIdMatches(\".*search-user-fo...
09:02:19.075249 POST /session/d5e037c5-07ea-4c54-bed7-8d15d45be864/element [8.220693ms] ERR:404 body={"strategy":"-android uiautomator","selector":"new UiSelector().resourceIdMatches(\".*search-user-fo...
09:02:19.082835 POST /session/d5e037c5-07ea-4c54-bed7-8d15d45be864/element [7.474298ms] ERR:404 body={"strategy":"-android uiautomator","selector":"new UiSelector().resourceIdMatches(\".*search-user-fo...
09:02:19.089876 POST /session/d5e037c5-07ea-4c54-bed7-8d15d45be864/element [6.937537ms] ERR:404 body={"strategy":"-android uiautomator","selector":"new UiSelector().resourceIdMatches(\".*search-user-fo...
09:02:19.096923 POST /session/d5e037c5-07ea-4c54-bed7-8d15d45be864/element [6.928003ms] ERR:404 body={"strategy":"-android uiautomator","selector":"new UiSelector().resourceIdMatches(\".*search-user-fo...
09:02:19.108563 POST /session/d5e037c5-07ea-4c54-bed7-8d15d45be864/element [11.549842ms] ERR:404 body={"strategy":"-android uiautomator","selector":"new UiSelector().resourceIdMatches(\".*search-user-fo...
09:02:19.117608 POST /session/d5e037c5-07ea-4c54-bed7-8d15d45be864/element [8.865913ms] ERR:404 body={"strategy":"-android uiautomator","selector":"new UiSelector().resourceIdMatches(\".*search-user-fo...
09:02:19.124462 POST /session/d5e037c5-07ea-4c54-bed7-8d15d45be864/element [6.729645ms] ERR:404 body={"strategy":"-android uiautomator","selector":"new UiSelector().resourceIdMatches(\".*search-user-fo...
09:02:19.131419 POST /session/d5e037c5-07ea-4c54-bed7-8d15d45be864/element [6.858158ms] ERR:404 body={"strategy":"-android uiautomator","selector":"new UiSelector().resourceIdMatches(\".*search-user-fo...
09:02:19.138334 POST /session/d5e037c5-07ea-4c54-bed7-8d15d45be864/element [6.808563ms] ERR:404 body={"strategy":"-android uiautomator","selector":"new UiSelector().resourceIdMatches(\".*search-user-fo...
09:02:19.147677 POST /session/d5e037c5-07ea-4c54-bed7-8d15d45be864/element [9.199278ms] ERR:404 body={"strategy":"-android uiautomator","selector":"new UiSelector().resourceIdMatches(\".*search-user-fo...
09:02:19.754334 POST /session/d5e037c5-07ea-4c54-bed7-8d15d45be864/element [606.509892ms] ERR:404 body={"strategy":"-android uiautomator","selector":"new UiSelector().resourceIdMatches(\".*search-user-fo...
09:02:19.761204 POST /session/d5e037c5-07ea-4c54-bed7-8d15d45be864/element [6.730085ms] ERR:404 body={"strategy":"-android uiautomator","selector":"new UiSelector().resourceIdMatches(\".*search-user-fo...
09:02:19.768001 POST /session/d5e037c5-07ea-4c54-bed7-8d15d45be864/element [6.704562ms] ERR:404 body={"strategy":"-android uiautomator","selector":"new UiSelector().resourceIdMatches(\".*search-user-fo...
09:02:19.774735 POST /session/d5e037c5-07ea-4c54-bed7-8d15d45be864/element [6.658814ms] ERR:404 body={"strategy":"-android uiautomator","selector":"new UiSelector().resourceIdMatches(\".*search-user-fo...
09:02:19.781763 POST /session/d5e037c5-07ea-4c54-bed7-8d15d45be864/element [6.942134ms] ERR:404 body={"strategy":"-android uiautomator","selector":"new UiSelector().resourceIdMatches(\".*search-user-fo...
09:02:19.789165 POST /session/d5e037c5-07ea-4c54-bed7-8d15d45be864/element [7.339681ms] ERR:404 body={"strategy":"-android uiautomator","selector":"new UiSelector().resourceIdMatches(\".*search-user-fo...
09:02:19.796044 POST /session/d5e037c5-07ea-4c54-bed7-8d15d45be864/element [6.790737ms] ERR:404 body={"strategy":"-android uiautomator","selector":"new UiSelector().resourceIdMatches(\".*search-user-fo...
09:02:19.805622 POST /session/d5e037c5-07ea-4c54-bed7-8d15d45be864/element [9.475038ms] ERR:404 body={"strategy":"-android uiautomator","selector":"new UiSelector().resourceIdMatches(\".*search-user-fo...
09:02:19.820155 POST /session/d5e037c5-07ea-4c54-bed7-8d15d45be864/element [14.400563ms] ERR:404 body={"strategy":"-android uiautomator","selector":"new UiSelector().resourceIdMatches(\".*search-user-fo...
09:02:19.841723 POST /session/d5e037c5-07ea-4c54-bed7-8d15d45be864/element [21.423187ms] ERR:404 body={"strategy":"-android uiautomator","selector":"new UiSelector().resourceIdMatches(\".*search-user-fo...
09:02:19.863146 POST /session/d5e037c5-07ea-4c54-bed7-8d15d45be864/element [21.279182ms] ERR:404 body={"strategy":"-android uiautomator","selector":"new UiSelector().resourceIdMatches(\".*search-user-fo...
09:02:19.871970 POST /session/d5e037c5-07ea-4c54-bed7-8d15d45be864/element [8.710018ms] ERR:404 body={"strategy":"-android uiautomator","selector":"new UiSelector().resourceIdMatches(\".*search-user-fo...
09:02:19.878723 POST /session/d5e037c5-07ea-4c54-bed7-8d15d45be864/element [6.661913ms] ERR:404 body={"strategy":"-android uiautomator","selector":"new UiSelector().resourceIdMatches(\".*search-user-fo...
09:02:19.885385 POST /session/d5e037c5-07ea-4c54-bed7-8d15d45be864/element [6.563936ms] ERR:404 body={"strategy":"-android uiautomator","selector":"new UiSelector().resourceIdMatches(\".*search-user-fo...
09:02:19.896743 POST /session/d5e037c5-07ea-4c54-bed7-8d15d45be864/element [11.266963ms] ERR:404 body={"strategy":"-android uiautomator","selector":"new UiSelector().resourceIdMatches(\".*search-user-fo...
09:02:19.902899 POST /session/d5e037c5-07ea-4c54-bed7-8d15d45be864/element [6.046855ms] ERR:404 body={"strategy":"-android uiautomator","selector":"new UiSelector().resourceIdMatches(\".*search-user-fo...
09:02:19.931747 POST /session/d5e037c5-07ea-4c54-bed7-8d15d45be864/element [27.469492ms] ERR:404 body={"strategy":"-android uiautomator","selector":"new UiSelector().resourceIdMatches(\".*search-user-fo...
09:02:20.474323 POST /session/d5e037c5-07ea-4c54-bed7-8d15d45be864/element [542.440085ms] OK body={"strategy":"-android uiautomator","selector":"new UiSelector().resourceIdMatches(\".*search-user-fo...
09:02:20.958633 POST /session/d5e037c5-07ea-4c54-bed7-8d15d45be864/element [482.587564ms] OK body={"strategy":"-android uiautomator","selector":"new UiSelector().resourceIdMatches(\".*search-user-fo...
09:02:20.968987 GET /session/d5e037c5-07ea-4c54-bed7-8d15d45be864/element/00000000-0000-0018-ffff-ffff00000140/text [10.245049ms] OK body=
09:02:20.980771 GET /session/d5e037c5-07ea-4c54-bed7-8d15d45be864/element/00000000-0000-0018-ffff-ffff00000140/rect [11.717033ms] OK body=
09:02:21.011687 POST /session/d5e037c5-07ea-4c54-bed7-8d15d45be864/element/00000000-0000-0018-ffff-ffff00000140/click [30.816327ms] OK body=
09:02:21.178076 POST /session/d5e037c5-07ea-4c54-bed7-8d15d45be864/element [165.348926ms] ERR:404 body={"strategy":"-android uiautomator","selector":"new UiSelector().textContains(\"Unfollow\")"}
09:02:21.746530 POST /session/d5e037c5-07ea-4c54-bed7-8d15d45be864/element [568.332773ms] OK body={"strategy":"-android uiautomator","selector":"new UiSelector().descriptionContains(\"Unfollow\")"}
09:02:21.758700 POST /session/d5e037c5-07ea-4c54-bed7-8d15d45be864/element [11.098785ms] OK body={"strategy":"-android uiautomator","selector":"new UiSelector().resourceIdMatches(\".*search-user-fo...
09:02:21.768548 GET /session/d5e037c5-07ea-4c54-bed7-8d15d45be864/element/00000000-0000-0018-ffff-ffff00000140/text [9.770556ms] OK body=
09:02:21.779644 GET /session/d5e037c5-07ea-4c54-bed7-8d15d45be864/element/00000000-0000-0018-ffff-ffff00000140/rect [11.030037ms] OK body=
09:02:21.810171 POST /session/d5e037c5-07ea-4c54-bed7-8d15d45be864/element/00000000-0000-0018-ffff-ffff00000140/click [30.435956ms] OK body=
09:02:21.838281 POST /session/d5e037c5-07ea-4c54-bed7-8d15d45be864/element [26.864679ms] OK body={"strategy":"-android uiautomator","selector":"new UiSelector().textContains(\"Follow\")"}
09:02:27.260402 POST /session/d5e037c5-07ea-4c54-bed7-8d15d45be864/appium/device/launch_app [2.562071ms] ERR:404 body={"appId":"com.tastopia.app"}
09:02:30.276185 POST /session/d5e037c5-07ea-4c54-bed7-8d15d45be864/element [1.135980597s] OK body={"strategy":"-android uiautomator","selector":"new UiSelector().resourceIdMatches(\".*MENU.*\")"}
09:02:31.145828 GET /session/d5e037c5-07ea-4c54-bed7-8d15d45be864/element/00000000-0000-001a-ffff-ffff0000003d/text [869.536599ms] OK body=
09:02:32.456622 GET /session/d5e037c5-07ea-4c54-bed7-8d15d45be864/element/00000000-0000-001a-ffff-ffff0000003d/rect [1.310705161s] OK body=
09:02:32.804052 POST /session/d5e037c5-07ea-4c54-bed7-8d15d45be864/element [347.080213ms] ERR:404 body={"strategy":"-android uiautomator","selector":"new UiSelector().resourceIdMatches(\".*MENU.*\").clic...
09:02:32.823009 POST /session/d5e037c5-07ea-4c54-bed7-8d15d45be864/element [18.820589ms] OK body={"strategy":"-android uiautomator","selector":"new UiSelector().resourceIdMatches(\".*MENU.*\")"}
09:02:32.832599 GET /session/d5e037c5-07ea-4c54-bed7-8d15d45be864/element/00000000-0000-001a-ffff-ffff0000003d/text [9.507331ms] OK body=
09:02:32.843960 GET /session/d5e037c5-07ea-4c54-bed7-8d15d45be864/element/00000000-0000-001a-ffff-ffff0000003d/rect [11.267779ms] OK body=
09:02:32.885271 POST /session/d5e037c5-07ea-4c54-bed7-8d15d45be864/element/00000000-0000-001a-ffff-ffff0000003d/click [41.214474ms] OK body=
09:02:32.888878 POST /session/d5e037c5-07ea-4c54-bed7-8d15d45be864/appium/device/hide_keyboard [3.073299ms] ERR:404 body=
09:02:33.020094 POST /session/d5e037c5-07ea-4c54-bed7-8d15d45be864/element [130.215591ms] ERR:404 body={"strategy":"-android uiautomator","selector":"new UiSelector().textContains(\"History\")"}
09:02:33.085812 POST /session/d5e037c5-07ea-4c54-bed7-8d15d45be864/element [65.555302ms] ERR:404 body={"strategy":"-android uiautomator","selector":"new UiSelector().descriptionContains(\"History\")"}
09:02:33.120543 POST /session/d5e037c5-07ea-4c54-bed7-8d15d45be864/element [34.597119ms] ERR:404 body={"strategy":"-android uiautomator","selector":"new UiSelector().textMatches(\"(?is).*\\QHistory\\E.*...
09:02:33.305849 POST /session/d5e037c5-07ea-4c54-bed7-8d15d45be864/element [185.172455ms] ERR:404 body={"strategy":"-android uiautomator","selector":"new UiSelector().descriptionMatches(\"(?is).*\\QHisto...
09:02:34.209174 POST /session/d5e037c5-07ea-4c54-bed7-8d15d45be864/element [903.213168ms] OK body={"strategy":"-android uiautomator","selector":"new UiSelector().textContains(\"History\")"}
09:02:34.528165 POST /session/d5e037c5-07ea-4c54-bed7-8d15d45be864/element [318.665197ms] OK body={"strategy":"-android uiautomator","selector":"new UiSelector().resourceIdMatches(\".*menu-logout-bu...
09:02:34.537848 GET /session/d5e037c5-07ea-4c54-bed7-8d15d45be864/element/00000000-0000-001a-ffff-ffff000000eb/text [9.611557ms] OK body=
09:02:34.547429 GET /session/d5e037c5-07ea-4c54-bed7-8d15d45be864/element/00000000-0000-001a-ffff-ffff000000eb/rect [9.4736ms] OK body=
09:02:34.575499 POST /session/d5e037c5-07ea-4c54-bed7-8d15d45be864/element/00000000-0000-001a-ffff-ffff000000eb/click [27.992621ms] OK body=
09:02:34.602297 POST /session/d5e037c5-07ea-4c54-bed7-8d15d45be864/element [26.430511ms] ERR:404 body={"strategy":"-android uiautomator","selector":"new UiSelector().textContains(\"Welcome to\")"}
09:02:34.624384 POST /session/d5e037c5-07ea-4c54-bed7-8d15d45be864/element [21.964776ms] ERR:404 body={"strategy":"-android uiautomator","selector":"new UiSelector().descriptionContains(\"Welcome to\")"...
09:02:34.644744 POST /session/d5e037c5-07ea-4c54-bed7-8d15d45be864/element [20.222959ms] ERR:404 body={"strategy":"-android uiautomator","selector":"new UiSelector().textMatches(\"(?is).*\\QWelcome to\\...
09:02:34.665846 POST /session/d5e037c5-07ea-4c54-bed7-8d15d45be864/element [20.978219ms] ERR:404 body={"strategy":"-android uiautomator","selector":"new UiSelector().descriptionMatches(\"(?is).*\\QWelco...
09:02:34.686965 POST /session/d5e037c5-07ea-4c54-bed7-8d15d45be864/element [20.994374ms] ERR:404 body={"strategy":"-android uiautomator","selector":"new UiSelector().textContains(\"Welcome to\")"}
09:02:34.708258 POST /session/d5e037c5-07ea-4c54-bed7-8d15d45be864/element [21.154795ms] ERR:404 body={"strategy":"-android uiautomator","selector":"new UiSelector().descriptionContains(\"Welcome to\")"...
09:02:34.729963 POST /session/d5e037c5-07ea-4c54-bed7-8d15d45be864/element [21.540669ms] ERR:404 body={"strategy":"-android uiautomator","selector":"new UiSelector().textMatches(\"(?is).*\\QWelcome to\\...
09:02:34.750528 POST /session/d5e037c5-07ea-4c54-bed7-8d15d45be864/element [20.441123ms] ERR:404 body={"strategy":"-android uiautomator","selector":"new UiSelector().descriptionMatches(\"(?is).*\\QWelco...
09:02:34.771108 POST /session/d5e037c5-07ea-4c54-bed7-8d15d45be864/element [20.453992ms] ERR:404 body={"strategy":"-android uiautomator","selector":"new UiSelector().textContains(\"Welcome to\")"}
09:02:34.791034 POST /session/d5e037c5-07ea-4c54-bed7-8d15d45be864/element [19.816024ms] ERR:404 body={"strategy":"-android uiautomator","selector":"new UiSelector().descriptionContains(\"Welcome to\")"...
09:02:34.812268 POST /session/d5e037c5-07ea-4c54-bed7-8d15d45be864/element [21.124014ms] ERR:404 body={"strategy":"-android uiautomator","selector":"new UiSelector().textMatches(\"(?is).*\\QWelcome to\\...
09:02:34.832261 POST /session/d5e037c5-07ea-4c54-bed7-8d15d45be864/element [19.854782ms] ERR:404 body={"strategy":"-android uiautomator","selector":"new UiSelector().descriptionMatches(\"(?is).*\\QWelco...
09:02:34.851858 POST /session/d5e037c5-07ea-4c54-bed7-8d15d45be864/element [19.468828ms] ERR:404 body={"strategy":"-android uiautomator","selector":"new UiSelector().textContains(\"Welcome to\")"}
09:02:34.903444 POST /session/d5e037c5-07ea-4c54-bed7-8d15d45be864/element [51.467891ms] ERR:404 body={"strategy":"-android uiautomator","selector":"new UiSelector().descriptionContains(\"Welcome to\")"...
09:02:35.581277 POST /session/d5e037c5-07ea-4c54-bed7-8d15d45be864/element [677.705248ms] OK body={"strategy":"-android uiautomator","selector":"new UiSelector().textMatches(\"(?is).*\\QWelcome to\\...
09:02:36.452165 POST /session/d5e037c5-07ea-4c54-bed7-8d15d45be864/element [870.258963ms] OK body={"strategy":"-android uiautomator","selector":"new UiSelector().textContains(\"Tastopia\")"}
09:02:36.469670 DELETE /session/d5e037c5-07ea-4c54-bed7-8d15d45be864 [2.185271ms] OK body=
